timestamp,latitude,longitude,altitude,northing,easting,down,utm_zone,velocity_north,velocity_east,velocity_down,roll,pitch,yaw
1433862475069312,51.760580881,-1.2612797378,114.090149,5735840.108989315,619995.532282498,-114.090149,30U,0.102,0.047,0.106,0.006141299999586488,-0.006118400000473981,0.10719089999984543
1433862475160765,51.7605809758,-1.2612796723,114.079575,5735840.119639449,619995.5365512177,-114.079575,30U,0.103,0.048,0.105,0.006172382311671855,-0.006112182312137641,0.10719572154171725
1433862475252217,51.7605810689,-1.2612796025,114.069038,5735840.130107605,619995.5411211825,-114.069038,30U,0.104,0.048,0.106,0.006118537151937261,-0.006105250988340758,0.10717639209355523
1433862475350485,51.7605811614,-1.2612795335,114.058472,5735840.1405077195,619995.5456375311,-114.058472,30U,0.101,0.048,0.105,0.0060737195646416095,-0.006099839230221136,0.10716483725294347
1433862475448974,51.7605812516,-1.2612794647,114.047981,5735840.150651732,619995.5501461765,-114.047981,30U,0.1,0.047,0.105,0.006135013936231372,-0.0061021725294822,0.10714616857596429
1433862475555156,51.7605813413,-1.2612793964,114.037491,5735840.1607393185,619995.5546216427,-114.037491,30U,0.1,0.047,0.105,0.006188186264558006,-0.006108617688325282,0.1071297764820268
1433862475661338,51.7605814319,-1.2612793274,114.026985,5735840.170928142,619995.5591430288,-114.026985,30U,0.101,0.047,0.105,0.006151895947580553,-0.006104113635807049,0.10713073329944801
1433862475759827,51.7605815227,-1.2612792589,114.016556,5735840.181138385,619995.5636293804,-114.016556,30U,0.1,0.047,0.103,0.00608925681725542,-0.006095709882440014,0.10711713329947206
1433862475858315,51.7605816116,-1.261279191,114.006226,5735840.19113635,619995.5680793645,-114.006226,30U,0.098,0.047,0.104,0.006107123618417734,-0.006116390217188396,0.10709601758885111
1433862475956803,51.7605816995,-1.2612791233,113.995872,5735840.201022778,619995.5725181982,-113.995872,30U,0.098,0.047,0.103,0.006159429446621289,-0.006115515711240037,0.10708526077036924
1433862476055290,51.7605817882,-1.2612790552,113.985588,5735840.210998828,619995.5769825141,-113.985588,30U,0.099,0.047,0.103,0.006140499999998568,-0.006111100000307223,0.10707209999995286
1433862476153778,51.7605818794,-1.261278987,113.975281,5735840.221253059,619995.5814471025,-113.975281,30U,0.097,0.047,0.103,0.006118323518400829,-0.006100162746196615,0.10706423725327537
1433862476252266,51.7605819664,-1.2612789181,113.965034,5735840.231041376,619995.585971133,-113.965034,30U,0.096,0.047,0.102,0.006150313836284217,-0.006099976482913512,0.1070579450585786
1433862476350754,51.7605820526,-1.2612788495,113.954857,5735840.240740233,619995.5904765818,-113.954857,30U,0.096,0.048,0.102,0.006185662747097753,-0.0060986137350695436,0.10705432944671744
1433862476449243,51.7605821389,-1.26127878,113.944679,5735840.250451693,619995.5950438734,-113.944679,30U,0.096,0.048,0.102,0.006164497922911651,-0.006110229447529621,0.10705341758897777
1433862476555425,51.7605822254,-1.2612787098,113.93454,5735840.260186546,619995.5996589416,-113.93454,30U,0.096,0.049,0.101,0.006131194070233214,-0.0061191784592082715,0.10702555681784304
1433862476661607,51.7605823108,-1.2612786378,113.924423,5735840.269802033,619995.6044011404,-113.924423,30U,0.094,0.05,0.101,0.006126472629975328,-0.0061134980233582695,0.10701740978146504
1433862476760095,51.7605823951,-1.2612785649,113.914337,5735840.279296673,619995.6092083645,-113.914337,30U,0.094,0.05,0.101,0.006171292194729023,-0.006099080436111526,0.10701339802349694
1433862476858363,51.7605824796,-1.2612784917,113.90432,5735840.288814048,619995.6140357614,-113.90432,30U,0.094,0.051,0.1,0.006176400000268751,-0.0060993019759894695,0.10699971571204814
1433862476949816,51.7605825642,-1.2612784181,113.894341,5735840.298343203,619995.6188904966,-113.894341,30U,0.094,0.051,0.1,0.006144468576775642,-0.006105801976568307,0.10699920978298587
1433862477041270,51.7605826487,-1.2612783439,113.884399,5735840.307862225,619995.6237869016,-113.884399,30U,0.093,0.051,0.099,0.0061303999995287635,-0.006109400000746562,0.10697840000065753
1433862477145583,51.7605827361,-1.2612782693,113.874451,5735840.317704401,619995.6287032212,-113.874451,30U,0.092,0.052,0.099,0.006147070653250856,-0.00611000197702288,0.10697359999963937
1433862477252279,51.7605828195,-1.2612781933,113.864532,5735840.327104058,619995.6337267589,-113.864532,30U,0.093,0.052,0.099,0.006169707805778013,-0.006106064723669891,0.10697340197632776
1433862477358974,51.7605829035,-1.2612781171,113.854614,5735840.336570766,619995.6387625072,-113.854614,30U,0.093,0.053,0.099,0.006150949012213566,-0.006105613735827163,0.10696138626407373
1433862477464899,51.760582987,-1.2612780406,113.844696,5735840.345982364,619995.6438202843,-113.844696,30U,0.092,0.053,0.099,0.00613840197635666,-0.006107927469947313,0.10696243527676735
1433862477563388,51.7605830697,-1.2612779641,113.834793,5735840.355304998,619995.6488801818,-113.834793,30U,0.092,0.053,0.099,0.006160231423667251,-0.0061127529649898735,0.10694716857636752
1433862477661436,51.7605831526,-1.261277887,113.824913,5735840.364650861,619995.6539809555,-113.824913,30U,0.092,0.053,0.099,0.006168711758591206,-0.006108149011570585,0.10693858428788798
1433862477752889,51.7605832354,-1.2612778095,113.815041,5735840.37398626,619995.6591095969,-113.815041,30U,0.092,0.053,0.099,0.006157890116835578,-0.0061012607712262875,0.10693135879408167
1433862477844342,51.7605833179,-1.2612777315,113.805145,5735840.383289122,619995.6642735379,-113.805145,30U,0.091,0.054,0.099,0.0061337215408642206,-0.006098727471195579,0.10692048626550638
1433862477949133,51.7605833992,-1.2612776538,113.795242,5735840.39245804,619995.6694199581,-113.795242,30U,0.09,0.054,0.099,0.006144031424157896,-0.006104754941332732,0.10691842746988475
1433862478055828,51.7605834801,-1.2612775752,113.7854,5735840.401583959,619995.6746295472,-113.7854,30U,0.09,0.054,0.098,0.006149300000701673,-0.006106200000649554,0.10690660000011717
1433862478162523,51.7605835657,-1.2612774961,113.775627,5735840.411233368,619995.6798611786,-113.775627,30U,0.089,0.054,0.097,0.0061352078056593545,-0.00610254901096449,0.10690096472291623
1433862478267313,51.7605836463,-1.2612774162,113.765884,5735840.420328063,619995.6851612738,-113.765884,30U,0.089,0.055,0.097,0.006123686264184398,-0.00610711373461818,0.10689099802371338
1433862478358766,51.760583726,-1.2612773356,113.756233,5735840.429323823,619995.6905120619,-113.756233,30U,0.088,0.056,0.096,0.006126315712658269,-0.00610630197674709,0.10688043725283038
1433862478450219,51.7605838048,-1.2612772547,113.746597,5735840.438219993,619995.6958859386,-113.746597,30U,0.087,0.056,0.096,0.006138503952454197,-0.006105362747008751,0.10687101175928462
1433862478548268,51.7605838836,-1.2612771739,113.736984,5735840.447115997,619995.7012529146,-113.736984,30U,0.088,0.056,0.096,0.006137721540549149,-0.006107449012367489,0.10686064901171323
1433862478646756,51.7605839631,-1.2612770918,113.727386,5735840.456091983,619995.7067077463,-113.727386,30U,0.087,0.056,0.096,0.006125409782056729,-0.006102974506528162,0.10684772549437405
1433862478752682,51.7605840417,-1.2612770096,113.717827,5735840.464968051,619995.7121718647,-113.717827,30U,0.087,0.056,0.096,0.006124247034982404,-0.00610013725217223,0.10684585879492588
1433862478859376,51.7605841196,-1.2612769275,113.70826,5735840.473766107,619995.717630938,-113.70826,30U,0.086,0.056,0.095,0.006141219665571678,-0.006103721540609272,0.10683177252876701
1433862478966072,51.760584197,-1.2612768452,113.698753,5735840.48250889,619995.7231051389,-113.698753,30U,0.086,0.057,0.095,0.006141570553545815,-0.006107188240978619,0.10682280000052202
1433862479070386,51.7605842746,-1.2612767623,113.689247,5735840.491274901,619995.7286202147,-113.689247,30U,0.086,0.057,0.095,0.006127100000792263,-0.006103299999961684,0.10681240000064308
1433862479161839,51.760584359,-1.2612766777,113.679764,5735840.500799914,619995.7342345759,-113.679764,30U,0.086,0.058,0.094,0.006123388240487973,-0.006103741205233954,0.10679535484115142
1433862479253292,51.7605844367,-1.2612765927,113.670357,5735840.509580502,619995.7398943057,-113.670357,30U,0.086,0.058,0.094,0.0061345569182760795,-0.006113276481734996,0.10678641768898503
1433862479351561,51.7605845141,-1.2612765078,113.660942,5735840.518327562,619995.7455479293,-113.660942,30U,0.085,0.058,0.094,0.0061367254933623406,-0.006110229447529621,0.10677290780559434
1433862479450049,51.7605845912,-1.261276423,113.65155,5735840.527041096,619995.751195447,-113.65155,30U,0.085,0.058,0.094,0.006130507805026001,-0.006113711758123798,0.10676050780500028
1433862479556231,51.7605846677,-1.2612763382,113.642204,5735840.5356879085,619995.7568445565,-113.642204,30U,0.085,0.059,0.093,0.006123629446735927,-0.006108250987668122,0.10674320780649385
1433862479662413,51.7605847446,-1.2612762516,113.632919,5735840.544382162,619995.7626168205,-113.632919,30U,0.084,0.059,0.093,0.006130539229679182,-0.006111111758590394,0.10673809999920882
1433862479760901,51.760584821,-1.2612761644,113.623634,5735840.553021802,619995.7684318156,-113.623634,30U,0.084,0.06,0.093,0.006137103952302672,-0.00610542549334069,0.10672172154152876
1433862479859389,51.7605848967,-1.2612760766,113.61438,5735840.561584583,619995.7742900721,-113.61438,30U,0.083,0.06,0.092,0.0061333980231434125,-0.006110572528646015,0.10671292944716716
1433862479957877,51.7605849717,-1.261275989,113.605125,5735840.570069192,619995.7801363833,-113.605125,30U,0.083,0.06,0.092,0.006130962747784812,-0.006106862747545096,0.10670464901178375
1433862480056365,51.7605850459,-1.2612759015,113.595894,5735840.57846467,619995.7859779138,-113.595894,30U,0.082,0.06,0.092,0.006127900000380182,-0.006111299999331539,0.10669580000048992
1433862480154853,51.7605851281,-1.2612758128,113.586655,5735840.587751773,619995.7918810437,-113.586655,30U,0.081,0.06,0.092,0.006135290218361305,-0.006110562747820887,0.1066893528641888
1433862480253342,51.760585202,-1.2612757236,113.577484,5735840.596116688,619995.7978406857,-113.577484,30U,0.081,0.061,0.092,0.006135858794271727,-0.006108662747490581,0.10667497252924962
1433862480351829,51.7605852754,-1.2612756341,113.568329,5735840.604426492,619995.8038223551,-113.568329,30U,0.081,0.061,0.091,0.006131739229061063,-0.006107262747339057,0.10666270978309325
1433862480450317,51.7605853478,-1.2612755449,113.559235,5735840.612624596,619995.8097859729,-113.559235,30U,0.08,0.062,0.091,0.006133586263884558,-0.006114952964729317,0.10666212154081282
1433862480556499,51.7605854192,-1.2612754552,113.550117,5735840.620712316,619995.8157867473,-113.550117,30U,0.079,0.062,0.091,0.006134749010958883,-0.006119380435690629,0.10665145296443258
1433862480662682,51.7605854906,-1.2612753635,113.541046,5735840.628803329,619995.8219255387,-113.541046,30U,0.078,0.062,0.09,0.006129321541385334,-0.006122550988592499,0.10664861758805093
1433862480761170,51.7605855609,-1.2612752714,113.532043,5735840.63677267,619995.8280948505,-113.532043,30U,0.077,0.063,0.09,0.006125409782056729,-0.006123490218330837,0.10663833922889422
1433862480859438,51.7605856301,-1.2612751791,113.523056,5735840.644620014,619995.8342808803,-113.523056,30U,0.076,0.063,0.09,0.0061265921937557356,-0.006118935277247605,0.10663032549378314
1433862480950891,51.760585698,-1.2612750864,113.514114,5735840.652323448,619995.8404979605,-113.514114,30U,0.075,0.064,0.089,0.006128456818007434,-0.0061165725290460715,0.1066202470359123
1433862481042344,51.760585765,-1.2612749935,113.505219,5735840.659927128,619995.8467312285,-113.505219,30U,0.074,0.064,0.089,0.006122199999389265,-0.00611300000063753,0.10661000000017966
1433862481146657,51.7605858455,-1.2612749032,113.4963,5735840.669027812,619995.8527492797,-113.4963,30U,0.073,0.064,0.088,0.006114303953574987,-0.006115482310874142,0.10660112549486145
1433862481253353,51.760585912,-1.2612748081,113.487488,5735840.676579508,619995.8591356932,-113.487488,30U,0.072,0.065,0.088,0.006118468576205622,-0.006114188241736239,0.10658533330025848
1433862481360048,51.7605859777,-1.2612747131,113.478729,5735840.684042072,619995.8655173266,-113.478729,30U,0.072,0.065,0.088,0.006116688240884819,-0.006118447035351993,0.10657572351739698
1433862481465974,51.7605860425,-1.2612746187,113.46994,5735840.691403562,619995.8718599414,-113.46994,30U,0.071,0.065,0.088,0.006114560770047772,-0.0061177490118616085,0.10656386077103457
1433862481564463,51.7605861067,-1.2612745245,113.461174,5735840.698698002,619995.8781903456,-113.461174,30U,0.071,0.065,0.087,0.006109415712200488,-0.006121150988440975,0.1065470195654833
1433862481662511,51.7605861715,-1.261274429,113.452431,5735840.706061305,619995.8846088691,-113.452431,30U,0.07,0.065,0.087,0.006102470553178625,-0.006125188240433457,0.10654796077093437
1433862481753964,51.7605862355,-1.2612743338,113.443703,5735840.713335145,619995.8910088115,-113.443703,30U,0.07,0.065,0.087,0.006102241206442936,-0.006135288240903262,0.10652987055366517
1433862481845417,51.7605862985,-1.2612742387,113.435013,5735840.720497618,619995.8974045048,-113.435013,30U,0.069,0.065,0.087,0.00610223142387248,-0.006134011759448231,0.10652132351749319
1433862481950207,51.7605863605,-1.2612741433,113.426353,5735840.727549378,619995.9038235522,-113.426353,30U,0.068,0.065,0.086,0.006107272521182868,-0.0061313372518090594,0.10651487252052376
1433862482056902,51.7605864218,-1.261274048,113.417747,5735840.734523128,619995.9102375545,-113.417747,30U,0.068,0.066,0.086,0.00610070000042828,-0.006130799999322723,0.10649789999989022
1433862482163598,51.7605864964,-1.2612739498,113.409058,5735840.742980694,619995.9168164184,-113.409058,30U,0.067,0.066,0.086,0.006095770553575472,-0.0061307980236100105,0.10649511768849915
1433862482268388,51.760586558,-1.2612738524,113.400452,5735840.749991261,619995.9233745432,-113.400452,30U,0.067,0.066,0.086,0.006100152965371487,-0.006126882311110649,0.1064848823115659
1433862482359841,51.7605866189,-1.2612737552,113.391891,5735840.756923656,619995.9299207224,-113.391891,30U,0.067,0.066,0.086,0.006108817689094927,-0.006121180435636115,0.10645886067065849
1433862482451294,51.7605866789,-1.2612736584,113.383354,5735840.763755307,619995.9364416845,-113.383354,30U,0.065,0.067,0.085,0.00615515099187151,-0.006133825641027456,0.10642670977201193
1433862482549342,51.7605867378,-1.2612735606,113.374802,5735840.770466274,619995.9430345725,-113.374802,30U,0.066,0.067,0.086,0.006187409882765524,-0.00612559604708516,0.10643004703527328
1433862482647830,51.7605867989,-1.2612734607,113.366219,5735840.7774253525,619995.9497665454,-113.366219,30U,0.066,0.067,0.085,0.006151019565403248,-0.006120649112033247,0.10639514110647721
1433862482753756,51.7605868593,-1.261273362,113.357803,5735840.78430461,619995.9564175634,-113.357803,30U,0.064,0.068,0.085,0.006168721640645429,-0.006149799999135125,0.10637781373597215
1433862482860451,51.7605869174,-1.2612732613,113.349251,5735840.790931385,619995.9632126974,-113.349251,30U,0.064,0.069,0.086,0.006238502176558849,-0.006110841105147299,0.10640648626497796
1433862482967147,51.7605869751,-1.261273162,113.340706,5735840.797511375,619995.9699122795,-113.340706,30U,0.063,0.067,0.085,0.006349957087448785,-0.00609402167432378,0.10640225297585858
1433862483071461,51.7605870321,-1.261273065,113.332275,5735840.804009736,619995.9764549977,-113.332275,30U,0.063,0.066,0.085,0.0064264999992874935,-0.006133199999831812,0.1064478000008258
1433862483162913,51.7605871091,-1.261272967,113.323502,5735840.812733867,619995.9830136964,-113.323502,30U,0.064,0.065,0.086,0.006577000400421423,-0.006017574305298982,0.10651705108761998
1433862483254366,51.7605871669,-1.2612728679,113.314934,5735840.819324648,619995.9896992117,-113.314934,30U,0.06,0.069,0.086,0.00669187262933485,-0.005981115712401698,0.10665702984815276
1433862483352635,51.7605872222,-1.2612727643,113.306328,5735840.825644815,619995.996701895,-113.306328,30U,0.061,0.071,0.086,0.00674501976557906,-0.005912179935044865,0.10684954535965707
1433862483451123,51.7605872788,-1.2612726623,113.297813,5735840.832106921,619996.0035907174,-113.297813,30U,0.062,0.068,0.084,0.006867678761751636,-0.005800113448567726,0.10699572225560257
1433862483557305,51.7605873334,-1.2612725665,113.289383,5735840.838336411,619996.0100569885,-113.289383,30U,0.06,0.065,0.085,0.006849070452220625,-0.00576446274763724,0.10737117530612068
1433862483663488,51.7605873903,-1.2612724692,113.280708,5735840.844824144,619996.0166206745,-113.280708,30U,0.062,0.066,0.087,0.006815929447488044,-0.005687580135384898,0.10763415118895268
1433862483761976,51.7605874463,-1.2612723693,113.272079,5735840.8512160685,619996.0233661694,-113.272079,30U,0.058,0.069,0.085,0.006965122141481294,-0.005560725294386697,0.10773744743608112
1433862483860464,51.7605874989,-1.2612722645,113.263634,5735840.857237956,619996.0304588213,-113.263634,30U,0.058,0.071,0.085,0.007208606129631149,-0.0054869958463208855,0.10807134003100834
1433862483958952,51.7605875531,-1.2612721662,113.255096,5735840.8634270765,619996.0370986756,-113.255096,30U,0.061,0.061,0.084,0.007206985809586829,-0.005313062083927016,0.10858894789413598
1433862484057439,51.7605876086,-1.2612720917,113.246681,5735840.869721607,619996.0420926729,-113.246681,30U,0.063,0.038,0.085,0.00706609999969647,-0.005130200000732777,0.1092851999992477
1433862484155927,51.7605876915,-1.2612720471,113.238045,5735840.879013997,619996.0449506602,-113.238045,30U,0.066,0.011,0.084,0.006985339028481418,-0.0049102213407492415,0.11007721929081939
1433862484254415,51.7605877524,-1.2612720473,113.229919,5735840.885786135,619996.0447753861,-113.229919,30U,0.065,-0.016,0.08,0.007082043683642535,-0.004855256718105772,0.11109514568602069
1433862484352904,51.7605878112,-1.2612720846,113.222122,5735840.8922636965,619996.0420454554,-113.222122,30U,0.065,-0.04,0.077,0.0072809767830237454,-0.004858435477545783,0.11271124283465722
1433862484451392,51.7605878739,-1.2612721566,113.214424,5735840.899117873,619996.0369105799,-113.214424,30U,0.073,-0.062,0.078,0.007352323512830724,-0.004887019544538467,0.11466971757317403
1433862484557574,51.7605879409,-1.2612722612,113.206779,5735840.906396597,619996.0295146178,-113.206779,30U,0.073,-0.083,0.075,0.007305241106012538,-0.004905366901166366,0.11689486557680472
1433862484663756,51.7605880067,-1.2612723911,113.199188,5735840.913500247,619996.0203759158,-113.199188,30U,0.068,-0.102,0.077,0.007343843183142755,-0.004924999999966307,0.11970334533687602
1433862484762244,51.7605880705,-1.2612725455,113.191429,5735840.92034117,619996.0095518021,-113.191429,30U,0.072,-0.117,0.077,0.0074611336006414055,-0.004946141405324505,0.12295742014455761
1433862484860512,51.7605881415,-1.2612727246,113.183693,5735840.927942143,619995.9970040816,-113.183693,30U,0.081,-0.137,0.079,0.00752765899452543,-0.00488477993455165,0.12625640098060406
1433862484951966,51.7605882157,-1.2612729445,113.175652,5735840.935831845,619995.9816323197,-113.175652,30U,0.081,-0.174,0.082,0.007765781327722499,-0.004519500675278786,0.13036640389881604
1433862485043419,51.7605882886,-1.2612732327,113.167358,5735840.943464602,619995.9615507063,-113.167358,30U,0.083,-0.229,0.084,0.007923900000284262,-0.004080700000714974,0.13592409999975297
1433862485147732,51.7605884031,-1.2612735879,113.158813,5735840.955613308,619995.9367352065,-113.158813,30U,0.1,-0.298,0.083,0.0079861396299796,-0.003559057692084271,0.14236846430612732
1433862485254428,51.7605885004,-1.2612740681,113.150558,5735840.965643595,619995.9033392176,-113.150558,30U,0.109,-0.377,0.082,0.008265822443202188,-0.0029445575927888085,0.149871620474931
1433862485361123,51.7605886029,-1.2612746718,113.142502,5735840.9760489585,619995.8614068588,-113.142502,30U,0.118,-0.468,0.08,0.008954346661482393,-0.0023018026514481237,0.15951350136379927
1433862485467048,51.7605887205,-1.2612754154,113.134514,5735840.9879033575,619995.8097801383,-113.134514,30U,0.144,-0.568,0.079,0.009660693810328833,-0.0015523173636147506,0.1710328996355219
1433862485565537,51.7605888619,-1.2612763056,113.126801,5735841.002163258,619995.747973631,-113.126801,30U,0.169,-0.668,0.074,0.010246489442838494,-0.0008153733049278616,0.18417967269631966
1433862485663585,51.7605890256,-1.2612773325,113.119843,5735841.018678148,619995.6766744999,-113.119843,30U,0.19,-0.767,0.068,0.010844106930391513,-0.000351432398182181,0.19940750071986169
1433862485755038,51.7605892144,-1.261278505,113.113037,5735841.037744757,619995.5952611439,-113.113037,30U,0.23,-0.868,0.069,0.011435499425405272,0.00011660485391379548,0.21669928050747736
1433862485846492,51.7605894431,-1.2612798234,113.106148,5735841.061008447,619995.5036736196,-113.106148,30U,0.274,-0.967,0.07,0.012027126295448292,0.0005201419066686289,0.23545061888755275
1433862485951282,51.7605897036,-1.2612812859,113.099213,5735841.0875714095,619995.4020576183,-113.099213,30U,0.307,-1.066,0.071,0.012161545185730455,0.0007823477519799704,0.25611778914273053
1433862486057977,51.7605900032,-1.2612828923,113.091965,5735841.118245781,619995.2904075887,-113.091965,30U,0.367,-1.163,0.075,0.012532999999346187,0.0011167000003096384,0.2782652000006326
1433862486164672,51.7605903969,-1.261284597,113.083923,5735841.159222936,619995.1717245016,-113.083923,30U,0.436,-1.255,0.08,0.012772199499143037,0.001506640231333089,0.3005154792364516
1433862486269462,51.7605908141,-1.2612864569,113.07576,5735841.20255809,619995.0422689497,-113.07576,30U,0.489,-1.335,0.084,0.012085094846155274,0.002587548663442983,0.32347399982869957
1433862486360915,51.7605912735,-1.2612884291,113.06749,5735841.250401386,619994.9049518281,-113.06749,30U,0.538,-1.408,0.075,0.011623958868522447,0.004405712885752135,0.3486403494927401
1433862486452368,51.7605917903,-1.2612905045,113.060951,5735841.304458134,619994.7603608146,-113.060951,30U,0.622,-1.474,0.061,0.009916158441832065,0.005069508106328827,0.37521323813547797
1433862486550417,51.7605923867,-1.261292671,113.054588,5735841.367217024,619994.6092720558,-113.054588,30U,0.708,-1.536,0.062,0.007000836098379861,0.0055573050546820395,0.4014615261766
1433862486648905,51.7605930522,-1.2612949267,113.048286,5735841.437513515,619994.451844509,-113.048286,30U,0.772,-1.608,0.065,0.005745491493397618,0.005653677957658936,0.4284177877743211
1433862486754831,51.7605937749,-1.2612972909,113.041695,5735841.5139925005,619994.2867778575,-113.041695,30U,0.843,-1.679,0.064,0.00653493217619123,0.0052011278445379585,0.4568610139953362
1433862486861525,51.7605945674,-1.261299748,113.0354,5735841.598080843,619994.1151152309,-113.0354,30U,0.931,-1.736,0.066,0.010014736156421154,0.004194929620341767,0.48629981134366224
1433862486968221,51.7605954453,-1.2613022807,113.028206,5735841.69154183,619993.938009121,-113.028206,30U,1.032,-1.778,0.074,0.012134702503545657,0.003537439804858961,0.516508413546287
1433862487072535,51.7605964149,-1.261304864,113.02137,5735841.795117195,619993.7571680428,-113.02137,30U,1.136,-1.81,0.066,0.013195400000228176,0.0027680000001359282,0.5479320999992988
1433862487163988,51.7605975012,-1.2613074513,113.014374,5735841.911663766,619993.5757415217,-113.014374,30U,1.24,-1.851,0.064,0.012828831424348961,0.0022441513632019145,0.5798720803739816
1433862487255441,51.760598656,-1.2613101355,113.008888,5735842.035668548,619993.3874464424,-113.008888,30U,1.338,-1.888,0.043,0.013622798850686414,0.0009874887902883206,0.6117832489493655
1433862487353709,51.7605998927,-1.261312875,113.007484,5735842.168690154,619993.1951180423,-113.007484,30U,1.427,-1.922,-0.017,0.016154981514627187,-0.0019826634520970633,0.6438507394681128
1433862487452198,51.760601219,-1.2613156598,113.010559,5735842.311601329,619992.9994259934,-113.010559,30U,1.548,-1.941,-0.029,0.019121997574879663,-0.006827250818896419,0.6752054320103411
1433862487558380,51.7606026674,-1.2613184453,113.012352,5735842.468089651,619992.803361919,-113.012352,30U,1.689,-1.927,0.002,0.02122822684910475,-0.010895839307980042,0.7045618818709447
1433862487664562,51.7606042288,-1.2613212232,113.00943,5735842.637156806,619992.607522719,-113.00943,30U,1.791,-1.946,0.055,0.0224050298208595,-0.012902377209672257,0.7336217388141569
1433862487763050,51.7606058762,-1.2613240373,113.002823,5735842.815728156,619992.4089574004,-113.002823,30U,1.897,-1.963,0.072,0.021615862920884323,-0.014160296875178223,0.7639903970344837
1433862487861538,51.7606076375,-1.2613268546,112.995598,5735843.006960653,619992.2098692785,-112.995598,30U,2.038,-1.95,0.064,0.020607478933599398,-0.015587444610926012,0.7932745826456925
1433862487960026,51.7606095145,-1.2613296719,112.988838,5735843.211059733,619992.0104744114,-112.988838,30U,2.15,-1.966,0.083,0.0207004838136322,-0.017049479659788088,0.8209449169211518
1433862488058514,51.7606114837,-1.2613325275,112.979538,5735843.425349034,619991.8081920717,-112.979538,30U,2.253,-1.99,0.096,0.022734300000274585,-0.01699930000040596,0.8488071999997073
1433862488157002,51.7606135737,-1.2613353375,112.970398,5735843.653147094,619991.6087362649,-112.970398,30U,2.383,-1.981,0.086,0.02583377488497271,-0.01724455366515087,0.8758592999811046
1433862488255490,51.7606157701,-1.2613381733,112.961685,5735843.892735073,619991.4072179496,-112.961685,30U,2.518,-1.965,0.093,0.028816489869432936,-0.017836828671938268,0.9006163763112404
1433862488353978,51.7606180821,-1.2613409978,112.950798,5735844.1451971065,619991.206172958,-112.950798,30U,2.639,-1.959,0.113,0.02928496559885156,-0.017755385763932548,0.9238237172899313
1433862488452466,51.7606204977,-1.261343821,112.940079,5735844.4091822645,619991.0049430209,-112.940079,30U,2.752,-1.956,0.097,0.029245682310987644,-0.01778348539035673,0.9464019891189169
1433862488558648,51.7606230133,-1.2613466404,112.931404,5735844.68429432,619990.8037102043,-112.931404,30U,2.866,-1.95,0.089,0.029181072054674528,-0.018980796673718124,0.9689143720302182
1433862488664831,51.7606256328,-1.2613494338,112.921341,5735844.971003499,619990.6039961639,-112.921341,30U,2.979,-1.935,0.107,0.03079945984847054,-0.019598892694070093,0.9918837281744959
1433862488763319,51.7606283531,-1.2613522065,112.910217,5735845.2689563455,619990.405443373,-112.910217,30U,3.094,-1.914,0.115,0.032191141806158084,-0.019663885964632886,1.0155552471646567
1433862488861587,51.7606311755,-1.2613549412,112.899506,5735845.578325888,619990.209242237,-112.899506,30U,3.204,-1.886,0.099,0.03414691891665911,-0.019793184688953556,1.040090354796433
1433862488953040,51.7606340961,-1.261357641,112.890038,5735845.898673323,619990.0151891696,-112.890038,30U,3.318,-1.852,0.088,0.035626258772409686,-0.019955724318907866,1.065116629001719
1433862489044493,51.7606371221,-1.2613602825,112.881516,5735846.230837833,619989.8248798853,-112.881516,30U,3.437,-1.803,0.092,0.03705479999997621,-0.020462900000030503,1.089220499999489
1433862489148806,51.7606402615,-1.2613628369,112.871674,5735846.575756454,619989.6402806235,-112.871674,30U,3.556,-1.748,0.104,0.036789659868729174,-0.019937507678714293,1.1117036285221729
1433862489255502,51.760643503,-1.2613653242,112.860245,5735846.932139644,619989.4600411712,-112.860245,30U,3.671,-1.706,0.123,0.03507802926812607,-0.01848409867184345,1.1321323967464145
1433862489362197,51.7606468447,-1.2613677529,112.84742,5735847.2997621335,619989.2835799918,-112.84742,30U,3.776,-1.671,0.134,0.03428790515453995,-0.016818992040765736,1.1501788511342792
1433862489468123,51.7606502746,-1.2613701549,112.835007,5735847.677236956,619989.1087275246,-112.835007,30U,3.874,-1.654,0.116,0.03348534603429095,-0.015588085663378952,1.1665004347944943
1433862489566612,51.7606537936,-1.2613725207,112.823303,5735848.064679828,619988.9361369666,-112.823303,30U,3.972,-1.621,0.117,0.03381723460202844,-0.01533434968625204,1.1814170609380454
1433862489664660,51.7606574015,-1.2613748321,112.811958,5735848.462098454,619988.7670648055,-112.811958,30U,4.061,-1.591,0.104,0.034470446261212775,-0.014762100774052257,1.1945097983381663
1433862489756113,51.7606610865,-1.2613771046,112.802399,5735848.868155096,619988.6004726922,-112.802399,30U,4.144,-1.564,0.083,0.03456642244212405,-0.01417283142320433,1.205905435164277
1433862489847565,51.760664839,-1.2613793479,112.7948,5735849.281766213,619988.435716696,-112.7948,30U,4.213,-1.548,0.077,0.035736213361622686,-0.01395363655219062,1.2165378714166
1433862489952356,51.7606686491,-1.2613815738,112.787361,5735849.701811448,619988.2720087614,-112.787361,30U,4.272,-1.532,0.07,0.03563313830181568,-0.014162603477883047,1.2267274940321138
1433862490059051,51.7606725085,-1.2613837642,112.780296,5735850.127397569,619988.1106199517,-112.780296,30U,4.324,-1.494,0.083,0.03521040000056838,-0.014574200000356669,1.235993100000155
1433862490165747,51.7606764128,-1.261385894,112.770729,5735850.5580765605,619987.9532940477,-112.770729,30U,4.363,-1.473,0.099,0.03757237205418361,-0.013399042956117027,1.243784773112798
1433862490270537,51.7606803423,-1.2613880035,112.761719,5735850.991591355,619987.7973022321,-112.761719,30U,4.38,-1.45,0.079,0.03798698601705981,-0.01391058886838283,1.2509160767667908
1433862490361990,51.7606842778,-1.2613900764,112.754745,5735851.425833607,619987.6438202488,-112.754745,30U,4.379,-1.424,0.072,0.0401253714800244,-0.015414421467088052,1.2581083320079627
1433862490453442,51.7606882082,-1.2613921082,112.748444,5735851.859576332,619987.4931880644,-112.748444,30U,4.376,-1.384,0.069,0.041699133726847686,-0.01638389902498247,1.2653163644059808
1433862490551491,51.7606921377,-1.261394069,112.741432,5735852.293335785,619987.3474579011,-112.741432,30U,4.373,-1.33,0.069,0.04238075524124008,-0.01690667590758271,1.2715671309797774
1433862490649979,51.7606960556,-1.2613959646,112.734795,5735852.725912517,619987.2062578755,-112.734795,30U,4.347,-1.309,0.06,0.04309246259990669,-0.017960312585764495,1.277611330206021
1433862490755905,51.7606999548,-1.2613978447,112.729332,5735853.156435194,619987.0661770828,-112.729332,30U,4.335,-1.295,0.075,0.045205244309637335,-0.01982102769787249,1.284057988698828
1433862490862600,51.7607038508,-1.2613996812,112.719757,5735853.586673746,619986.9291135713,-112.719757,30U,4.336,-1.252,0.109,0.04764761481561933,-0.020549428272132433,1.2897380729609802
1433862490969296,51.7607077456,-1.2614014705,112.709366,5735854.016856508,619986.7953104662,-112.709366,30U,4.336,-1.225,0.103,0.05057663087450168,-0.021897492046748922,1.2943697117632658
1433862491073610,51.7607116412,-1.2614032242,112.699692,5735854.44718681,619986.6639619663,-112.699692,30U,4.334,-1.201,0.094,0.05106480000035524,-0.0229013999992861,1.2976734000001415
1433862491165062,51.7607155336,-1.2614049411,112.689819,5735854.877221797,619986.5351614864,-112.689819,30U,4.322,-1.186,0.098,0.0499903874882444,-0.02116560890184075,1.300548238907995
1433862491256515,51.7607194079,-1.261406636,112.67939,5735855.305280146,619986.4079272007,-112.67939,30U,4.301,-1.164,0.109,0.04460260857113384,-0.015175679725266095,1.3032046051062287
1433862491354784,51.7607232706,-1.2614082881,112.668427,5735855.73211892,619986.2836772548,-112.668427,30U,4.294,-1.134,0.103,0.038735885811506325,-0.0070301519068787476,1.3054821962989658
1433862491453271,51.7607271216,-1.2614099439,112.657249,5735856.157650497,619986.1592030168,-112.657249,30U,4.275,-1.164,0.124,0.037793323117378576,-0.0016962915877217198,1.3076874187424643
1433862491559454,51.7607309577,-1.2614116438,112.643402,5735856.581452547,619986.0317250234,-112.643402,30U,4.268,-1.178,0.145,0.0401824533755461,0.0016022455856288492,1.310839716090278
1433862491665636,51.7607347899,-1.2614133349,112.630447,5735857.004835372,619985.9048646648,-112.630447,30U,4.256,-1.17,0.116,0.04878461529372829,0.0014119743790470306,1.3128659800609688
1433862491764125,51.7607386096,-1.2614149918,112.622093,5735857.426884388,619985.7803975565,-112.622093,30U,4.24,-1.125,0.042,0.051826659068701326,0.0004168993737932475,1.3128213283462746
1433862491862613,51.7607424112,-1.2614165728,112.626015,5735857.847045441,619985.6612162016,-112.626015,30U,4.218,-1.072,-0.121,0.048618204497313126,-0.003308261828547428,1.3121681846624287
1433862491961101,51.7607461921,-1.2614181152,112.640465,5735858.264968032,619985.544753473,-112.640465,30U,4.192,-1.077,-0.141,0.04140628813084408,-0.010723199482079053,1.3113693383287375
1433862492059588,51.7607499476,-1.261419691,112.649895,5735858.680011033,619985.4260532191,-112.649895,30U,4.167,-1.097,-0.041,0.0357732000003945,-0.015071200000042475,1.3110484000003604
1433862492158076,51.7607536869,-1.2614212691,112.648186,5735859.09324871,619985.3072372115,-112.648186,30U,4.153,-1.102,0.091,0.03466500538048359,-0.01495414775715487,1.3101777786330637
1433862492256564,51.7607574072,-1.2614228927,112.633652,5735859.504298613,619985.185331708,-112.633652,30U,4.122,-1.148,0.166,0.038287030953110895,-0.010913058214998748,1.3100559497119926
1433862492355053,51.7607611019,-1.2614245432,112.619461,5735859.912457379,619985.0616377648,-112.619461,30U,4.099,-1.126,0.109,0.04297966205063545,-0.00908135819290485,1.3098539192378746
1433862492453541,51.7607647788,-1.2614261452,112.612259,5735860.318716468,619984.9413379434,-112.612259,30U,4.08,-1.095,0.056,0.045029113261491005,-0.010108608131734307,1.3082145651720387
1433862492559723,51.7607684339,-1.2614277312,112.60685,5735860.722577581,619984.8222000707,-112.60685,30U,4.051,-1.104,0.046,0.04475401658711203,-0.010683396073880736,1.3068302312965938
1433862492665904,51.7607720646,-1.2614293261,112.603233,5735861.123710622,619984.7025127294,-112.603233,30U,4.022,-1.109,0.028,0.04432609336993332,-0.012978308685550104,1.3056878677498152
1433862492764393,51.7607756705,-1.2614309177,112.600616,5735861.522091176,619984.5831188828,-112.600616,30U,3.997,-1.101,0.024,0.045671361223081235,-0.016699475111976305,1.3036606381757159
1433862492862661,51.760779252,-1.2614325101,112.598145,5735861.917756983,619984.4637345361,-112.598145,30U,3.969,-1.11,0.037,0.047276471380959466,-0.020809718067065667,1.3009734028992528
1433862492954114,51.7607828084,-1.2614341234,112.59211,5735862.310597129,619984.3429744736,-112.59211,30U,3.943,-1.123,0.082,0.04933000165491507,-0.022939168903355307,1.2988901337489875
1433862493045567,51.7607863414,-1.2614357521,112.583542,5735862.700809711,619984.2212137356,-112.583542,30U,3.919,-1.121,0.084,0.050346400000393615,-0.023605799999477817,1.2968339000001632
1433862493149881,51.7607898578,-1.2614373497,112.575417,5735863.089227434,619984.1016431878,-112.575417,30U,3.895,-1.101,0.079,0.04980913765294668,-0.0236982829859217,1.293763326490297
1433862493256577,51.7607933486,-1.2614389464,112.566307,5735863.47479976,619983.9822026341,-112.566307,30U,3.864,-1.118,0.104,0.04919823029646316,-0.021825611206048263,1.290088698519629
1433862493363272,51.7607968095,-1.2614405743,112.55455,5735863.856995689,619983.8606883049,-112.55455,30U,3.832,-1.133,0.123,0.04645580309963756,-0.019342709128286707,1.2861366372487233
1433862493469197,51.7608002393,-1.26144222,112.542366,5735864.235703819,619983.7380280928,-112.542366,30U,3.788,-1.144,0.128,0.04651072909814469,-0.018321798898997585,1.2819346480054317
1433862493567686,51.7608036112,-1.2614438886,112.529045,5735864.607935428,619983.613941108,-112.529045,30U,3.708,-1.159,0.134,0.05048647380981211,-0.01755656569905501,1.2769160726732929
1433862493665734,51.7608069073,-1.2614455536,112.517609,5735864.97174352,619983.4903035299,-112.517609,30U,3.616,-1.144,0.103,0.05261180803224285,-0.018489692747056734,1.269840325184642
1433862493757187,51.7608101171,-1.261447187,112.507515,5735865.326006493,619983.3690754296,-112.507515,30U,3.512,-1.124,0.092,0.053387650987479204,-0.02051450963384873,1.261189843147185
1433862493848641,51.7608132259,-1.2614488145,112.499924,5735865.669047332,619983.2485222633,-112.499924,30U,3.391,-1.13,0.054,0.05244620667764686,-0.022898729326135292,1.2523896632127298
1433862493953431,51.7608162276,-1.261450447,112.496132,5735866.0001697475,619983.1279080099,-112.496132,30U,3.284,-1.12,0.036,0.05087848000801509,-0.026071207984157505,1.2431737349142165
1433862494060126,51.7608191398,-1.2614520673,112.490372,5735866.321359266,619983.0083729543,-112.490372,30U,3.188,-1.119,0.071,0.04828420000060092,-0.02823570000004296,1.2319825000004199
1433862494166821,51.7608219807,-1.2614536779,112.481422,5735866.634635732,619982.8896963209,-112.481422,30U,3.115,-1.122,0.11,0.04626916842443328,-0.029447770937731196,1.2190165739180219
1433862494271611,51.7608247495,-1.2614553223,112.47113,5735866.939838615,619982.7688783663,-112.47113,30U,3.028,-1.166,0.089,0.047004629246471294,-0.030851739055167016,1.2043776257018013
1433862494363064,51.7608274576,-1.2614570406,112.459999,5735867.238169698,619982.6431216311,-112.459999,30U,2.986,-1.205,0.138,0.04607868138345485,-0.030587717535108177,1.1887959856440697
1433862494454517,51.7608301391,-1.2614588008,112.444702,5735867.533473761,619982.5145439785,-112.444702,30U,2.962,-1.231,0.156,0.04508926392231259,-0.02778061288155727,1.1716536906470056
1433862494552566,51.7608327939,-1.261460624,112.429787,5735867.825704973,619982.3816895974,-112.429787,30U,2.926,-1.288,0.145,0.045764102851612296,-0.026626843957182903,1.1535856953740968
1433862494651054,51.760835418,-1.2614625259,112.416115,5735868.114392679,619982.2434856611,-112.416115,30U,2.892,-1.338,0.131,0.044191560542812265,-0.026423484259505,1.1350527989177785
1433862494756979,51.7608380143,-1.2614644909,112.403511,5735868.3998850435,619982.1010010138,-112.403511,30U,2.858,-1.383,0.122,0.043952000974609405,-0.027008835703974703,1.1149896017264822
1433862494863674,51.7608405754,-1.2614665297,112.3909,5735868.681341536,619981.9535168824,-112.3909,30U,2.815,-1.434,0.131,0.04353530653039561,-0.028725583739099017,1.0922542071761285
1433862494970370,51.7608430949,-1.2614686543,112.377258,5735868.958030692,619981.8002221368,-112.377258,30U,2.767,-1.497,0.142,0.04315233997881933,-0.03014506800113667,1.0665957536583728
1433862495074684,51.7608455743,-1.261470871,112.362473,5735869.230108962,619981.6406780478,-112.362473,30U,2.727,-1.554,0.154,0.0412652000006415,-0.02981550000048335,1.039412800000427
1433862495166137,51.7608480122,-1.2614731718,112.346329,5735869.497433816,619981.4754403938,-112.346329,30U,2.656,-1.623,0.149,0.0368256634089119,-0.02778662628783131,1.0112077964236625
1433862495257590,51.7608503801,-1.2614755527,112.335457,5735869.756842451,619981.3048607665,-112.335457,30U,2.589,-1.654,0.08,0.03009004850708685,-0.025778362293906114,0.9812216730913548
1433862495355859,51.7608526878,-1.2614779962,112.327423,5735870.009453486,619981.1301208311,-112.327423,30U,2.505,-1.723,0.086,0.02554231625500177,-0.024071675455346348,0.9479111286547575
1433862495454347,51.7608549114,-1.2614805645,112.317024,5735870.252506756,619980.9469916283,-112.317024,30U,2.416,-1.808,0.113,0.020912622236449623,-0.023031947035447677,0.9126594113159817
1433862495560529,51.7608570592,-1.261483241,112.304596,5735870.486952587,619980.7565966961,-112.304596,30U,2.332,-1.874,0.139,0.018082793792227488,-0.02319170265056955,0.8755728885466245
1433862495666711,51.7608591351,-1.2614860119,112.288811,5735870.713247388,619980.5598780073,-112.288811,30U,2.244,-1.943,0.168,0.01581718280651151,-0.02144024595597852,0.8368204795111033
1433862495765199,51.7608611207,-1.2614888942,112.27005,5735870.929316993,619980.355711202,-112.27005,30U,2.134,-2.015,0.196,0.013605968750665174,-0.0181244076007883,0.7964707832132787
1433862495863687,51.7608630076,-1.2614918688,112.252106,5735871.134258692,619980.1454366082,-112.252106,30U,2.027,-2.071,0.169,0.012923818663308813,-0.015098724639961897,0.7531927885638853
1433862495962175,51.7608647961,-1.2614949342,112.23465,5735871.328108318,619979.9291569436,-112.23465,30U,1.914,-2.143,0.178,0.012121156317306533,-0.011756911855020532,0.7079788214616749
1433862496060663,51.7608664792,-1.2614981156,112.217827,5735871.510045965,619979.7051517533,-112.217827,30U,1.795,-2.22,0.144,0.012949799999327813,-0.008580600000175333,0.6631821999999848
1433862496159151,51.7608680592,-1.2615013796,112.20816,5735871.680382361,619979.4757198192,-112.20816,30U,1.698,-2.255,0.045,0.01224067178176472,-0.009723591821851256,0.618076654969222
1433862496257638,51.7608695701,-1.2615046769,112.207047,5735871.842979624,619979.2441731134,-112.207047,30U,1.626,-2.274,-0.022,0.008706734945216963,-0.014584134431912312,0.5713166232868139
1433862496356127,51.7608709958,-1.2615080261,112.210129,5735871.996016734,619979.0092707624,-112.210129,30U,1.504,-2.328,-0.019,0.0021375150271240543,-0.020514119795361677,0.5250851428041164
1433862496454615,51.7608722903,-1.2615114619,112.208214,5735872.134321113,619978.7687401265,-112.208214,30U,1.355,-2.376,0.055,-0.006020401585098239,-0.02405398256402669,0.4806487242400114
1433862496560797,51.760873469,-1.2615149354,112.200195,5735872.259685787,619978.5259148839,-112.200195,30U,1.242,-2.387,0.094,-0.012500068306714811,-0.02559079252015784,0.43476070737483063
1433862496666980,51.760874532,-1.2615184384,112.188316,5735872.372135363,619978.281360637,-112.188316,30U,1.086,-2.419,0.137,-0.015139998226255629,-0.025754307286509192,0.3874630976637831
1433862496765468,51.7608754459,-1.2615219877,112.173943,5735872.467927916,619978.0340065884,-112.173943,30U,0.931,-2.442,0.14,-0.013618799847584488,-0.023884259041934117,0.3409359045222478
1433862496863736,51.7608762526,-1.261525548,112.162529,5735872.551781059,619977.7861776521,-112.162529,30U,0.851,-2.437,0.088,-0.011876585638295167,-0.02358458719269992,0.29300203084010495
1433862496955189,51.7608769841,-1.2615291147,112.155579,5735872.627260968,619977.5381064307,-112.155579,30U,0.744,-2.452,0.061,-0.011242306129248569,-0.025932863600550856,0.2438936287883003
1433862497046642,51.7608775963,-1.261532712,112.148666,5735872.689423631,619977.2882398313,-112.148666,30U,0.605,-2.469,0.084,-0.01299979999975273,-0.02773209999939349,0.19687440000051706
1433862497150955,51.7608780973,-1.2615363118,112.138062,5735872.739216045,619977.038495514,-112.138062,30U,0.495,-2.457,0.123,-0.015125700691481484,-0.02734482872935285,0.15072688810400323
1433862497257651,51.7608784973,-1.2615398813,112.126617,5735872.777826474,619976.7911099084,-112.126617,30U,0.38,-2.435,0.098,-0.01623651573825937,-0.026368139530330393,0.104120963517703
1433862497364346,51.7608787887,-1.2615434193,112.117477,5735872.804411722,619976.546185971,-112.117477,30U,0.258,-2.408,0.089,-0.01663926847670027,-0.02650462113973435,0.05836564350497129
1433862497470272,51.7608789719,-1.2615469049,112.108307,5735872.819050656,619976.3051649126,-112.108307,30U,0.148,-2.363,0.097,-0.017231435302744645,-0.025795750361726582,0.014531083960728726
1433862497568761,51.7608790713,-1.2615503191,112.097496,5735872.824487966,619976.069293206,-112.097496,30U,0.067,-2.31,0.117,-0.018460759621194967,-0.023815908929006414,-0.028268308806762718
1433862497666809,51.760879091,-1.2615536471,112.085518,5735872.821203943,619975.8395813021,-112.085518,30U,-0.033,-2.255,0.119,-0.019115425443333497,-0.02109591045225271,-0.06976417369777337
1433862497758262,51.7608790147,-1.2615568959,112.073486,5735872.807374409,619975.6155893549,-112.073486,30U,-0.134,-2.202,0.125,-0.018853474204908106,-0.017901126390396902,-0.10806306201465127
1433862497849714,51.7608788627,-1.2615600742,112.060646,5735872.785242539,619975.3966631732,-112.060646,30U,-0.203,-2.156,0.132,-0.017813790765634913,-0.014363248432846532,-0.14331992183167774
1433862497954505,51.7608786515,-1.2615631855,112.047195,5735872.756637481,619975.1825174872,-112.047195,30U,-0.265,-2.109,0.133,-0.01694324515959056,-0.011019103573865235,-0.17641199470882704
1433862498061200,51.7608783876,-1.2615662307,112.034538,5735872.7222805945,619974.9730729559,-112.034538,30U,-0.319,-2.062,0.121,-0.016750400000769092,-0.008311700000368502,-0.20761410718016193
1433862498167896,51.7608780771,-1.2615691902,112.023399,5735872.682882481,619974.7696659708,-112.023399,30U,-0.37,-2.006,0.095,-0.01671291562027455,-0.006014246266102719,-0.23654848352495833
1433862498272686,51.7608777225,-1.2615720662,112.0149,5735872.638717537,619974.572138087,-112.0149,30U,-0.416,-1.946,0.077,-0.015872115184197046,-0.005122832999121366,-0.262920092649414
1433862498364139,51.7608773319,-1.2615748548,112.007072,5735872.590692949,619974.3807369621,-112.007072,30U,-0.447,-1.886,0.084,-0.014995230121685098,-0.0049869088810417465,-0.28714953993327585
1433862498455591,51.7608769176,-1.2615775592,111.997955,5735872.540171289,619974.1952091618,-111.997955,30U,-0.471,-1.829,0.096,-0.014843098925040678,-0.004151298097719246,-0.30948497317941576
1433862498553640,51.7608764824,-1.261580179,111.988472,5735872.487464594,619974.0155748678,-111.988472,30U,-0.493,-1.766,0.089,-0.015278288340594519,-0.003409418663296079,-0.3294375973205878
1433862498652128,51.7608760306,-1.2615826905,111.980049,5735872.433090037,619973.843458178,-111.980049,30U,-0.512,-1.695,0.081,-0.015152782152161249,-0.0028377232159460535,-0.3468190821378528
1433862498758054,51.7608755658,-1.2615850989,111.972023,5735872.377439407,619973.6784907037,-111.972023,30U,-0.52,-1.623,0.081,-0.013764256564830078,-0.002074976857114833,-0.3622696130272679
1433862498864749,51.7608750944,-1.2615874044,111.96402,5735872.321224093,619973.5206416805,-111.96402,30U,-0.525,-1.55,0.078,-0.011357818110344644,-0.0011544078789415485,-0.37597398590382014
1433862498971445,51.7608746254,-1.2615895994,111.956985,5735872.265457456,619973.3704117105,-111.956985,30U,-0.515,-1.471,0.065,-0.008437337875639165,-0.0004871800355491551,-0.38784931204794987
1433862499075759,51.7608741709,-1.2615916815,111.950928,5735872.211489041,619973.2279343385,-111.950928,30U,-0.491,-1.391,0.062,-0.0067530000008404634,-0.000866000000727291,-0.3985773071799413
1433862499167212,51.7608737442,-1.2615936307,111.944054,5735872.160830791,619973.0945544732,-111.944054,30U,-0.462,-1.301,0.074,-0.006358168472370996,-0.0012448744847552715,-0.4083648944204981
1433862499258664,51.7608733394,-1.2615954469,111.93679,5735872.1128267525,619972.9702946577,-111.93679,30U,-0.439,-1.208,0.068,-0.006025569651621051,-0.0012912751066264335,-0.4165149751902933
1433862499356933,51.7608729546,-1.2615971303,111.930321,5735872.067265305,619972.8551461262,-111.930321,30U,-0.416,-1.116,0.064,-0.005431406504015616,-0.0019289466613289536,-0.42297507396276024
1433862499455421,51.7608725945,-1.2615986855,111.92363,5735872.0246615475,619972.7487789821,-111.92363,30U,-0.383,-1.03,0.07,-0.004931272128612676,-0.0026515993253100065,-0.4280799817410586
1433862499561603,51.7608722686,-1.2616001221,111.91684,5735871.986056152,619972.6505055608,-111.91684,30U,-0.341,-0.95,0.065,-0.005053139930383409,-0.0033512034783671715,-0.4324647120638678
1433862499667786,51.7608719804,-1.2616014326,111.910294,5735871.951850674,619972.5608341491,-111.910294,30U,-0.306,-0.866,0.067,-0.00569212192017623,-0.003985557019044652,-0.4361589230633302
1433862499766274,51.7608717188,-1.2616026207,111.903015,5735871.920804638,619972.4795388402,-111.903015,30U,-0.279,-0.78,0.078,-0.006178815811715533,-0.004092374405107137,-0.43879146112428036
1433862499864762,51.7608714826,-1.2616036874,111.895134,5735871.892782952,619972.4065538076,-111.895134,30U,-0.245,-0.697,0.077,-0.005980687539502953,-0.0040157686771233195,-0.44075064876347403
1433862499963250,51.7608712808,-1.261604638,111.887604,5735871.868777751,619972.3414894494,-111.887604,30U,-0.205,-0.617,0.075,-0.005588987639602373,-0.004078150987485009,-0.44259147988744746
1433862500061737,51.7608711123,-1.2616054767,111.880051,5735871.848659801,619972.2840588457,-111.880051,30U,-0.17,-0.54,0.076,-0.005714700000289522,-0.004095399999687981,-0.44400850717968393
1433862500160225,51.7608709763,-1.2616061999,111.872177,5735871.8323460575,619972.234512549,-111.872177,30U,-0.136,-0.467,0.08,-0.006075443267518842,-0.0041217411842015,-0.44491911413264607
1433862500258713,51.7608708706,-1.261606822,111.864105,5735871.81956818,619972.1918626705,-111.864105,30U,-0.103,-0.399,0.081,-0.0063595337998115994,-0.004123317588271181,-0.4458582235444958
1433862500357201,51.7608707916,-1.2616073495,111.855995,5735871.809915131,619972.1556702006,-111.855995,30U,-0.075,-0.335,0.081,-0.006373533000220713,-0.004084433300127562,-0.4467452582202069
1433862500455690,51.7608707356,-1.2616077889,111.847847,5735871.8029647535,619972.125496392,-111.847847,30U,-0.05,-0.276,0.082,-0.006311115912428348,-0.004068690117860637,-0.44717672797086017
1433862500561871,51.7608707041,-1.261608149,111.839577,5735871.7988693835,619972.1007299966,-111.839577,30U,-0.021,-0.223,0.083,-0.006507902276028228,-0.004046417587303503,-0.4474837321245602
1433862500668054,51.7608706979,-1.2616084291,111.831123,5735871.797719135,619972.081417199,-111.831123,30U,0.002,-0.172,0.084,-0.006663878509809278,-0.0039713470526750675,-0.44783044130224875
1433862500766542,51.7608707095,-1.2616086376,111.822617,5735871.798666143,619972.0669982117,-111.822617,30U,0.021,-0.124,0.085,-0.006742041205876228,-0.003910166499241815,-0.4479561726294289
1433862500864810,51.7608707393,-1.2616087843,111.814079,5735871.80173877,619972.056795692,-111.814079,30U,0.042,-0.084,0.085,-0.006737262846940776,-0.0037920252930740126,-0.4480162237174713
1433862500956263,51.7608707857,-1.2616088779,111.805527,5735871.806744771,619972.0502135085,-111.805527,30U,0.058,-0.051,0.087,-0.0068119333992285435,-0.003689431022606712,-0.4480875098826079
1433862501047717,51.7608708383,-1.2616089474,111.796707,5735871.812479898,619972.0452779917,-111.796707,30U,0.056,-0.051,0.088,-0.006877899999772603,-0.0033246000005376754,-0.448035607180083
1433862501152031,51.7608708936,-1.2616090249,111.788162,5735871.818502121,619972.0397832487,-111.788162,30U,0.052,-0.064,0.082,-0.007054845160239181,-0.0029394038100405942,-0.44802523533760086
1433862501258726,51.7608709415,-1.2616091156,111.780144,5735871.823679704,619972.0333972144,-111.780144,30U,0.051,-0.064,0.079,-0.007140709882594108,-0.0029350396299539457,-0.44809581768824464
1433862501365421,51.760870989,-1.261609199,111.771927,5735871.828824811,619972.0275160004,-111.771927,30U,0.052,-0.057,0.086,-0.007139541105407219,-0.003040356617545016,-0.4480635666007177
1433862501471346,51.7608710375,-1.2616092792,111.763412,5735871.834086391,619972.0218529624,-111.763412,30U,0.054,-0.058,0.083,-0.007130658793231262,-0.002812462446090055,-0.448079300099898
1433862501569835,51.7608710853,-1.2616093641,111.755447,5735871.839262393,619972.0158674405,-111.755447,30U,0.051,-0.06,0.079,-0.0071139882407382634,-0.0028499807365866387,-0.448111303853326
1433862501667883,51.7608711339,-1.2616094455,111.747383,5735871.8445331175,619972.0101213277,-111.747383,30U,0.052,-0.059,0.082,-0.007131480401740649,-0.002933615668177121,-0.448092260780533
1433862501759336,51.7608711838,-1.2616095238,111.739227,5735871.849953512,619972.0045856945,-111.739227,30U,0.054,-0.056,0.08,-0.007141725494921832,-0.0028588391290251974,-0.4481293294462889
1433862501850789,51.7608712327,-1.2616096017,111.731247,5735871.855263357,619971.9990803148,-111.731247,30U,0.052,-0.057,0.08,-0.007133519564153534,-0.002846492193421703,-0.448139878359405
1433862501955579,51.7608712802,-1.261609683,111.723251,5735871.860411921,619971.9933440188,-111.723251,30U,0.053,-0.058,0.08,-0.007123352965410131,-0.0028923315243867408,-0.44812764120675674
1433862502062274,51.7608713286,-1.2616097639,111.715271,5735871.865661226,619971.98763294,-111.715271,30U,0.054,-0.055,0.08,-0.00714750000052786,-0.0029120999996501136,-0.4481609071788091
1433862502168970,51.7608713839,-1.2616098375,111.707176,5735871.871689867,619971.9824073309,-111.707176,30U,0.053,-0.054,0.08,-0.0071498882375177885,-0.0028575470530532994,-0.4481534980362229
1433862502273760,51.7608714337,-1.2616099128,111.699219,5735871.877104074,619971.9770789868,-111.699219,30U,0.053,-0.055,0.079,-0.007136988241980923,-0.002888790317656956,-0.44815724318293043
1433862502365213,51.7608714831,-1.2616099894,111.691292,5735871.88247166,619971.9716619934,-111.691292,30U,0.054,-0.054,0.079,-0.0071404999997702395,-0.002913213736133713,-0.4481828902168392
1433862502456666,51.7608715324,-1.2616100645,111.683365,5735871.887830594,619971.9663487779,-111.683365,30U,0.054,-0.053,0.079,-0.007138731422732609,-0.0028937411063958583,-0.44817561175927134
1433862502554715,51.7608715816,-1.2616101402,111.675446,5735871.893177419,619971.9609944215,-111.675446,30U,0.054,-0.053,0.078,-0.00715219802370317,-0.0028855902180761808,-0.44819218241260866
1433862502653203,51.7608716324,-1.2616102107,111.667694,5735871.898710729,619971.9559946668,-111.667694,30U,0.054,-0.052,0.077,-0.00714145098255576,-0.002919805893587715,-0.44820129803516306
1433862502759128,51.7608716832,-1.2616102801,111.659943,5735871.90424585,619971.9510708222,-111.659943,30U,0.055,-0.05,0.078,-0.007142850987943272,-0.002917998023952634,-0.44820348043500235
1433862502865823,51.7608717339,-1.2616103501,111.652168,5735871.909768861,619971.9461058367,-111.652168,30U,0.055,-0.051,0.077,-0.007153690217381772,-0.0029068647239884646,-0.4482233059301724
1433862502972519,51.7608717836,-1.2616104214,111.644485,5735871.915178528,619971.941053792,-111.644485,30U,0.054,-0.05,0.077,-0.007147050988397846,-0.0029274921944591327,-0.4482231352771141
1433862503076833,51.7608718333,-1.2616104923,111.636787,5735871.920588854,619971.9360293503,-111.636787,30U,0.056,-0.048,0.077,-0.0071585999996099,-0.0029325999999988616,-0.448234107179501
1433862503168286,51.7608718857,-1.2616105565,111.629059,5735871.926310457,619971.9314601073,-111.629059,30U,0.055,-0.048,0.076,-0.0071545921651419596,-0.002916662745845761,-0.44824219607023497
1433862503259739,51.760871937,-1.2616106215,111.621483,5735871.9319084175,619971.9268385738,-111.621483,30U,0.055,-0.048,0.075,-0.007160047034639435,-0.00293522164161499,-0.44824416076992074
1433862503358008,51.7608719877,-1.2616106871,111.613892,5735871.937438668,619971.9221772247,-111.613892,30U,0.055,-0.047,0.076,-0.00715907648322234,-0.002947652963887817,-0.4482571706531326
1433862503456496,51.7608720381,-1.2616107526,111.606346,5735871.94293572,619971.9175235727,-111.606346,30U,0.055,-0.046,0.075,-0.007156786263923202,-0.0029391352771725413,-0.44826267648275353
1433862503562678,51.760872088,-1.2616108192,111.598877,5735871.94837536,619971.9127953367,-111.598877,30U,0.055,-0.046,0.075,-0.007161711759350585,-0.002941439228722233,-0.44827367845890875
1433862503668860,51.76087214,-1.2616108805,111.591408,5735871.954057251,619971.9084272784,-111.591408,30U,0.055,-0.046,0.075,-0.007164549017197175,-0.0029555470531880033,-0.4482834725450487
1433862503767348,51.7608721913,-1.2616109419,111.583961,5735871.9596611345,619971.9040541744,-111.583961,30U,0.055,-0.045,0.074,-0.007158180335191257,-0.0029467647239435754,-0.44828636077
1433862503865836,51.7608722422,-1.261611004,111.576645,5735871.965219384,619971.8996338248,-111.576645,30U,0.055,-0.045,0.073,-0.007160617687491667,-0.002951099999632482,-0.4483002784582971
1433862503964324,51.7608722929,-1.2616110666,111.569366,5735871.970754568,619971.895179502,-111.569366,30U,0.056,-0.044,0.072,-0.007163180434717516,-0.0029614000008719313,-0.4483081274709787
1433862504062812,51.7608723434,-1.2616111287,111.562164,5735871.976268336,619971.8907602126,-111.562164,30U,0.056,-0.043,0.072,-0.007173300000328237,-0.0029627999992781267,-0.44831200717908093
1433862504161300,51.76087241,-1.2616111944,111.554802,5735871.983566603,619971.8860498145,-111.554802,30U,0.056,-0.042,0.072,-0.007172750982577413,-0.0029673529471953538,-0.44831716665160254
1433862504259787,51.760872462,-1.2616112511,111.547661,5735871.989256062,619971.8819991944,-111.547661,30U,0.056,-0.042,0.071,-0.007184945058754357,-0.002978419664593888,-0.4483097725293198
1433862504358275,51.7608725137,-1.2616113081,111.540581,5735871.994911665,619971.8779286665,-111.540581,30U,0.056,-0.041,0.071,-0.007190643181771001,-0.002982100000244995,-0.4483155039532186
1433862504456764,51.7608725652,-1.2616113653,111.533516,5735872.000544699,619971.8738448671,-111.533516,30U,0.057,-0.041,0.071,-0.007181527370721066,-0.0029660039525458903,-0.44832273725213734
1433862504562946,51.7608726165,-1.2616114238,111.52652,5735872.0061533535,619971.8696718874,-111.52652,30U,0.057,-0.041,0.069,-0.007217160871431774,-0.002976341206092895,-0.4483286941708301
1433862504669129,51.7608726701,-1.261611477,111.5196,5735872.012026498,619971.8658585552,-111.5196,30U,0.057,-0.04,0.069,-0.00722252352645822,-0.002983372544237234,-0.44833661372797484
1433862504767617,51.7608727228,-1.2616115299,111.512711,5735872.0178000545,619971.862068311,-111.512711,30U,0.057,-0.039,0.068,-0.007195246934477425,-0.002969890217850111,-0.4483427392297653
1433862504865885,51.7608727753,-1.2616115835,111.505905,5735872.023550215,619971.858230291,-111.505905,30U,0.057,-0.039,0.068,-0.0071492980230153,-0.003006341206347844,-0.44835379219396937
1433862504957338,51.7608728281,-1.2616116382,111.499092,5735872.029331927,619971.8543155666,-111.499092,30U,0.059,-0.039,0.069,-0.007143550988891699,-0.003011621541174791,-0.4483712294469135
1433862505048791,51.760872881,-1.2616116921,111.492172,5735872.035126079,619971.850455784,-111.492172,30U,0.058,-0.037,0.07,-0.007219600000477363,-0.0030152000002121302,-0.4483797071795515
1433862505153104,51.7608729479,-1.2616117537,111.485069,5735872.042464452,619971.8460275243,-111.485069,30U,0.058,-0.037,0.068,-0.007242368614694438,-0.002974399975849669,-0.4483855921662445
1433862505259800,51.7608730019,-1.2616118033,111.478477,5735872.048388004,619971.8424615613,-111.478477,30U,0.058,-0.036,0.065,-0.007197211758081479,-0.0029945510883716024,-0.44841040000047033
1433862505366495,51.7608730553,-1.2616118529,111.471817,5735872.054244833,619971.8388971889,-111.471817,30U,0.059,-0.036,0.068,-0.007167899899262689,-0.00302335879487332,-0.44842553142389047
1433862505472421,51.7608731095,-1.2616119036,111.465164,5735872.060188815,619971.8352547864,-111.465164,30U,0.06,-0.036,0.064,-0.0071853237184075535,-0.0030020627463620783,-0.4484653999991925
1433862505570909,51.7608731632,-1.2616119533,111.458839,5735872.06607884,619971.8316827182,-111.458839,30U,0.058,-0.034,0.063,-0.0072347156112144905,-0.0030020039532008954,-0.44845588033466155
1433862505668958,51.7608732178,-1.2616119966,111.452393,5735872.072079478,619971.828549917,-111.452393,30U,0.058,-0.033,0.065,-0.007205364686691052,-0.0030006823427673954,-0.44844813921823434
1433862505760411,51.7608732718,-1.2616120415,111.445961,5735872.078010761,619971.8253082936,-111.445961,30U,0.058,-0.034,0.063,-0.0071064351765566134,-0.003006143183036242,-0.44848487845833
1433862505851864,51.7608733261,-1.2616120876,111.43969,5735872.083973432,619971.8219830644,-111.43969,30U,0.06,-0.034,0.063,-0.007142674606714396,-0.003024086265558843,-0.44848669802341645
1433862505956654,51.7608733811,-1.2616121341,111.433296,5735872.09001329,619971.8186283763,-111.433296,30U,0.06,-0.033,0.064,-0.0071646903173080865,-0.0030144587937853936,-0.44851381966506615
1433862506063349,51.7608734347,-1.2616121803,111.427002,5735872.095897952,619971.815298102,-111.427002,30U,0.059,-0.032,0.063,-0.007203800000761968,-0.003019800000460662,-0.448529307179287
1433862506170045,51.7608735059,-1.2616122363,111.420517,5735872.103723724,619971.8112448895,-111.420517,30U,0.059,-0.031,0.063,-0.007159637254020348,-0.0030153078336346353,-0.44853419216562246
1433862506274835,51.7608735617,-1.2616122774,111.414253,5735872.109861432,619971.8082607262,-111.414253,30U,0.06,-0.031,0.062,-0.007146699999194609,-0.0030174745063120123,-0.4485402019765182
1433862506366288,51.7608736173,-1.2616123198,111.408096,5735872.115974755,619971.8051873819,-111.408096,30U,0.061,-0.031,0.062,-0.007172143182137381,-0.0030236823108487983,-0.448549068676724
1433862506457740,51.7608736729,-1.2616123619,111.401924,5735872.122088574,619971.8021347399,-111.401924,30U,0.061,-0.03,0.061,-0.007170549012361243,-0.0030224470348720776,-0.4485590627479255
1433862506555789,51.7608737275,-1.2616124036,111.395866,5735872.128091847,619971.7991123528,-111.395866,30U,0.06,-0.029,0.06,-0.007166650887544756,-0.0030210764819156933,-0.44857144120592063
1433862506654277,51.7608737844,-1.2616124411,111.389915,5735872.134357799,619971.7963737032,-111.389915,30U,0.061,-0.029,0.06,-0.007154698059503666,-0.003039762744832415,-0.4485772215863049
1433862506760203,51.7608738413,-1.2616124789,111.383949,5735872.14062326,619971.7936143506,-111.383949,30U,0.061,-0.029,0.059,-0.0071584705520299375,-0.003039923517581792,-0.44859170790636294
1433862506866898,51.7608738967,-1.2616125171,111.378075,5735872.146721255,619971.7908313712,-111.378075,30U,0.059,-0.028,0.058,-0.007183131424296756,-0.0030386999998882423,-0.44860092549454295
1433862506973594,51.7608739507,-1.2616125562,111.372208,5735872.152662079,619971.7879899958,-111.372208,30U,0.059,-0.028,0.059,-0.007166531323764347,-0.0030526509890674274,-0.448609415711521
1433862507077907,51.7608740041,-1.2616125958,111.366386,5735872.158535356,619971.7851157067,-111.366386,30U,0.059,-0.028,0.057,-0.007166600000725083,-0.003054899999397596,-0.4486183071796943
1433862507169360,51.7608740736,-1.261612643,111.360504,5735872.166186554,619971.7816742746,-111.360504,30U,0.06,-0.028,0.057,-0.007157192166420692,-0.0030572666745899467,-0.4486235411830109
1433862507260813,51.7608741294,-1.26161268,111.354843,5735872.172331004,619971.7789730447,-111.354843,30U,0.06,-0.028,0.056,-0.007181062746620892,-0.0030595019771041706,-0.4486288274711559
1433862507359082,51.7608741844,-1.2616127175,111.349236,5735872.1783856675,619971.776239432,-111.349236,30U,0.059,-0.028,0.056,-0.0071698882411784124,-0.0030660902180393306,-0.4486376862650202
1433862507457570,51.7608742387,-1.2616127552,111.343719,5735872.184362156,619971.7734938731,-111.343719,30U,0.06,-0.027,0.055,-0.007160119565287161,-0.003072568676019211,-0.4486464314239876
1433862507563752,51.7608742929,-1.2616127932,111.338203,5735872.190327031,619971.7707278768,-111.338203,30U,0.06,-0.027,0.055,-0.0071604627476326505,-0.0030700607705291187,-0.44865930592899067
1433862507669935,51.7608743499,-1.2616128268,111.332787,5735872.1966105215,619971.7682580947,-111.332787,30U,0.06,-0.026,0.054,-0.007169590201774025,-0.0030781039284007165,-0.4486633764731387
1433862507768422,51.7608744065,-1.2616128601,111.327423,5735872.202850023,619971.765810075,-111.327423,30U,0.061,-0.025,0.054,-0.007172458793516677,-0.0030896078053983143,-0.44867473922979423
1433862507866910,51.7608744625,-1.2616128932,111.322067,5735872.209023129,619971.7633774482,-111.322067,30U,0.06,-0.024,0.053,-0.007143596046311668,-0.00307972351715208,-0.4486943666999074
1433862507965398,51.7608745177,-1.261612927,111.316803,5735872.21510612,619971.7608986354,-111.316803,30U,0.061,-0.024,0.052,-0.007136799999494449,-0.003092664723403244,-0.4487003960462735
1433862508063886,51.7608745727,-1.2616129618,111.311531,5735872.221165222,619971.7583513453,-111.311531,30U,0.061,-0.024,0.053,-0.007161500000297769,-0.003107099999561956,-0.4487109071799925
1433862508162374,51.7608746492,-1.2616130023,111.306023,5735872.229605889,619971.7553537124,-111.306023,30U,0.06,-0.023,0.052,-0.007181288236178932,-0.003098580379021868,-0.4487239000008657
1433862508260862,51.7608747058,-1.2616130325,111.30085,5735872.23585049,619971.7531196182,-111.30085,30U,0.06,-0.024,0.051,-0.007186898022846144,-0.003094231423442284,-0.44873557065279995
1433862508359350,51.7608747615,-1.2616130639,111.295731,5735872.2419930305,619971.7508051011,-111.295731,30U,0.06,-0.023,0.051,-0.007188433399461101,-0.0031192607713661146,-0.44875599021790474
1433862508457839,51.7608748169,-1.2616130954,111.290558,5735872.248102046,619971.7484844773,-111.290558,30U,0.061,-0.022,0.052,-0.007196498023137168,-0.0031180173883350185,-0.4487419332994573
1433862508564021,51.7608748723,-1.2616131273,111.285454,5735872.254210403,619971.7461362507,-111.285454,30U,0.061,-0.023,0.051,-0.007213870653520401,-0.00311141768756799,-0.4487572588942474
1433862508670202,51.76087493,-1.2616131556,111.280357,5735872.260580457,619971.7440303578,-111.280357,30U,0.06,-0.022,0.052,-0.007190976448901011,-0.0031260666740576203,-0.44879588040212814
1433862508768691,51.7608749864,-1.261613183,111.275192,5735872.266807421,619971.7419900169,-111.275192,30U,0.06,-0.021,0.051,-0.007164450887805312,-0.0031190744051085868,-0.4488009882408292
1433862508866959,51.760875043,-1.2616132117,111.270279,5735872.273054491,619971.7398594362,-111.270279,30U,0.061,-0.022,0.048,-0.007143204052342989,-0.003099754941975229,-0.44882147262920774
1433862508958413,51.7608750989,-1.2616132408,111.265396,5735872.279223057,619971.7377031067,-111.265396,30U,0.061,-0.021,0.05,-0.007226229446890833,-0.003133419664165797,-0.4488332254948764
1433862509049866,51.7608751533,-1.2616132695,111.260468,5735872.2852254715,619971.7355783574,-111.260468,30U,0.059,-0.019,0.049,-0.007191299999783075,-0.0031305000005985746,-0.44884460717962776
1433862509154180,51.7608752296,-1.2616133056,111.255363,5735872.293651134,619971.7328848924,-111.255363,30U,0.06,-0.019,0.048,-0.00714317446203085,-0.003113449016943191,-0.44884956274533283
1433862509260875,51.7608752858,-1.2616133308,111.25058,5735872.299859478,619971.7309969009,-111.25058,30U,0.06,-0.02,0.048,-0.00712918251171945,-0.003133068676707892,-0.4488584706527623
1433862509367570,51.7608753416,-1.2616133572,111.245827,5735872.3060213635,619971.7290271592,-111.245827,30U,0.06,-0.019,0.047,-0.007176980435463112,-0.00314810978282991,-0.44887398043563903
1433862509473495,51.7608753963,-1.2616133821,111.241112,5735872.312063392,619971.7271638473,-111.241112,30U,0.059,-0.017,0.047,-0.007194856816737689,-0.0031337999993350752,-0.4488862921941314
1433862509571984,51.7608754499,-1.2616134068,111.236382,5735872.317983421,619971.7253172514,-111.236382,30U,0.059,-0.018,0.047,-0.007150956817097651,-0.0031378196653900144,-0.4488915392298216
1433862509670032,51.7608755066,-1.2616134278,111.231705,5735872.324254276,619971.7237177694,-111.231705,30U,0.06,-0.017,0.046,-0.007141576473474308,-0.00316090392938363,-0.44889641372847355
1433862509761485,51.7608755636,-1.2616134489,111.227066,5735872.330558331,619971.7221105916,-111.227066,30U,0.061,-0.016,0.047,-0.007158470653259034,-0.0031543235179954943,-0.44890890197640526
1433862509852938,51.7608756198,-1.2616134701,111.222412,5735872.336773254,619971.7204986331,-111.222412,30U,0.06,-0.016,0.046,-0.007173700000122196,-0.0031471392296674857,-0.4489208882414641
1433862509957728,51.7608756741,-1.2616134936,111.217735,5735872.342773101,619971.7187329923,-111.217735,30U,0.058,-0.019,0.048,-0.0071558685767838205,-0.003114303753547112,-0.4489350098819562
1433862510064423,51.7608757263,-1.2616135254,111.212868,5735872.3485257635,619971.7164001496,-111.212868,30U,0.057,-0.025,0.049,-0.007096899999539339,-0.002991300000742059,-0.44899940718017534
1433862510171119,51.7608757922,-1.261613571,111.207726,5735872.355779251,619971.7130786744,-111.207726,30U,0.054,-0.028,0.049,-0.007075317657689575,-0.0028676705316922025,-0.44905079020044353
1433862510275909,51.7608758422,-1.2616136115,111.202934,5735872.361272947,619971.7101512911,-111.202934,30U,0.052,-0.032,0.046,-0.007088560770994749,-0.0027526841879162932,-0.44904963537716397
1433862510367362,51.7608758906,-1.2616136592,111.198463,5735872.366576867,619971.70673129,-111.198463,30U,0.051,-0.038,0.045,-0.0071175000997566774,-0.0027140508885910857,-0.44910868646484886
1433862510458815,51.7608759359,-1.2616137159,111.194107,5735872.371521245,619971.7026984309,-111.194107,30U,0.048,-0.042,0.043,-0.007116529347626717,-0.002713906029753829,-0.4491822608700812
1433862510556864,51.7608759775,-1.2616137815,111.189789,5735872.376039516,619971.6980612063,-111.189789,30U,0.043,-0.051,0.045,-0.007125647136134695,-0.0026979213410423175,-0.44921248834084293
1433862510655352,51.7608760186,-1.2616138581,111.185448,5735872.380484089,619971.692666216,-111.185448,30U,0.039,-0.062,0.043,-0.007136101963786761,-0.0026183450644169342,-0.4492812863192193
1433862510761278,51.7608760537,-1.2616139553,111.181267,5735872.3842275385,619971.6858655598,-111.181267,30U,0.031,-0.077,0.042,-0.007169143182810018,-0.0025954371519815987,-0.44938750405378414
1433862510867972,51.7608760801,-1.261614077,111.177155,5735872.386963189,619971.6773972627,-111.177155,30U,0.023,-0.094,0.04,-0.007187876482350081,-0.002533023617679591,-0.44946649427153584
1433862510974668,51.7608760985,-1.2616142256,111.173164,5735872.388764938,619971.6670938494,-111.173164,30U,0.015,-0.112,0.039,-0.007225717787912647,-0.002507921440656734,-0.4495684375533908
1433862511078982,51.7608761083,-1.2616144005,111.169258,5735872.389567048,619971.6549983149,-111.169258,30U,0.006,-0.129,0.038,-0.007302799999508906,-0.002507300000468598,-0.4496908071792094
1433862511170435,51.7608761643,-1.2616146159,111.164345,5735872.39544027,619971.6399854709,-111.164345,30U,-0.003,-0.146,0.038,-0.007364072568445654,-0.002519264710711234,-0.4497913039531243
1433862511261888,51.7608761619,-1.2616148375,111.160645,5735872.394808841,619971.6246995894,-111.160645,30U,-0.01,-0.164,0.037,-0.00738898241193027,-0.0024868489112268074,-0.44988850613009657
1433862511360157,51.7608761516,-1.2616150844,111.156975,5735872.393257262,619971.6076887387,-111.156975,30U,-0.018,-0.181,0.038,-0.007446368677165553,-0.0024437449580039334,-0.45003634733536485
1433862511458644,51.7608761326,-1.2616153572,111.153305,5735872.390695584,619971.5889136359,-111.153305,30U,-0.028,-0.198,0.036,-0.0074554647241070375,-0.0023523646234575725,-0.4501253569176298
1433862511564827,51.7608761038,-1.2616156554,111.149689,5735872.387002298,619971.5684117009,-111.149689,30U,-0.037,-0.216,0.037,-0.007505808006361212,-0.00226170572948417,-0.4500873449590089
1433862511671008,51.7608760707,-1.2616159767,111.146072,5735872.382792826,619971.5463270728,-111.146072,30U,-0.046,-0.234,0.036,-0.00751090783400093,-0.00216762738469493,-0.4500106764253519
1433862511769497,51.7608760279,-1.2616163259,111.14257,5735872.377458757,619971.5223428262,-111.14257,30U,-0.057,-0.252,0.035,-0.007489550887461427,-0.002045074206089572,-0.4498598878406879
1433862511867985,51.7608759749,-1.2616167026,111.139168,5735872.370945144,619971.4964878896,-111.139168,30U,-0.066,-0.272,0.034,-0.007439011758321229,-0.0019196958473160475,-0.4495643150106484
1433862511966473,51.7608759127,-1.261617111,111.135712,5735872.3633562885,619971.4684697777,-111.135712,30U,-0.075,-0.295,0.035,-0.007485539330206193,-0.0017355408050133097,-0.4492212169872502
1433862512064961,51.7608758407,-1.261617553,111.132339,5735872.354622337,619971.4381589656,-111.132339,30U,-0.087,-0.317,0.033,-0.0075344000006393585,-0.0015589000002976827,-0.4488355071795156
1433862512163449,51.7608758125,-1.2616180233,111.127861,5735872.35071267,619971.4057791071,-111.127861,30U,-0.1,-0.337,0.032,-0.007548109799278552,-0.0013804842358753502,-0.44822768200991386
1433862512261936,51.7608757224,-1.2616185223,111.124786,5735872.339872119,619971.3715828015,-111.124786,30U,-0.109,-0.358,0.03,-0.007555721640913422,-0.0012335822114761853,-0.4474423532390622
1433862512360424,51.7608756235,-1.2616190506,111.121811,5735872.328004752,619971.3353878799,-111.121811,30U,-0.117,-0.376,0.029,-0.007687088641484231,-0.0011586156112047068,-0.44653909029125316
1433862512458913,51.7608755166,-1.2616196052,111.118927,5735872.315204472,619971.2973992468,-111.118927,30U,-0.125,-0.393,0.028,-0.00793869447043902,-0.001067184087896714,-0.44550297032562036
1433862512565095,51.7608754017,-1.2616201841,111.116249,5735872.3014745675,619971.2577549185,-111.116249,30U,-0.134,-0.409,0.027,-0.008075996447423274,-0.0010934414058490162,-0.44433495451418137
1433862512671278,51.7608752832,-1.2616207829,111.113518,5735872.287311585,619971.2167468679,-111.113518,30U,-0.142,-0.426,0.027,-0.008221141183574409,-0.0011332647108008064,-0.4431360190483621
1433862512769766,51.7608751575,-1.2616214054,111.111015,5735872.272308929,619971.1741224059,-111.111015,30U,-0.148,-0.441,0.024,-0.008139717488153096,-0.0012049119583797084,-0.44192612309111845
1433862512868034,51.7608750255,-1.2616220486,111.108658,5735872.256571623,619971.1300861725,-111.108658,30U,-0.153,-0.453,0.025,-0.00820918656482551,-0.0013059371534148568,-0.4406562856368014
1433862512959487,51.7608748885,-1.2616227109,111.106049,5735872.240246866,619971.0847451346,-111.106049,30U,-0.157,-0.466,0.026,-0.008312823617160998,-0.001226341105699707,-0.4392663365257711
1433862513050940,51.7608747457,-1.2616233905,111.103729,5735872.223248653,619971.038225627,-111.103729,30U,-0.163,-0.475,0.021,-0.008393199999839385,-0.0012869999994181603,-0.4378599071799307
1433862513155253,51.7608746509,-1.2616240704,111.100327,5735872.211587855,619970.9915581734,-111.100327,30U,-0.167,-0.484,0.021,-0.008370286224843091,-0.0012796353138586655,-0.43641150716678395
1433862513261949,51.760874504,-1.2616247743,111.098412,5735872.194093722,619970.9433726327,-111.098412,30U,-0.171,-0.497,0.018,-0.008121750487638423,-0.0013943356767099895,-0.4349814089554263
1433862513368644,51.7608743508,-1.2616254999,111.096581,5735872.175863296,619970.8937063102,-111.096581,30U,-0.178,-0.513,0.018,-0.007906291593372377,-0.0015171962479391967,-0.43353002644336863
1433862513474570,51.7608741888,-1.2616262525,111.094955,5735872.156609837,619970.8422000909,-111.094955,30U,-0.187,-0.533,0.017,-0.007626070251827768,-0.0017458024770770565,-0.43193046151941
1433862513573059,51.7608740181,-1.2616270426,111.093208,5735872.136327198,619970.7881291227,-111.093208,30U,-0.196,-0.563,0.018,-0.007535864523868,-0.0019749062297714903,-0.4303355066784668
1433862513671107,51.7608738422,-1.2616278773,111.091499,5735872.115392918,619970.7309941675,-111.091499,30U,-0.214,-0.599,0.017,-0.007458976497604317,-0.0021199137760621023,-0.42865405208933777
1433862513762560,51.7608736475,-1.2616287681,111.089897,5735872.092275674,619970.6700376805,-111.089897,30U,-0.232,-0.64,0.015,-0.007638978759335396,-0.0021974648232380195,-0.42669860972949664
1433862513854012,51.7608734354,-1.2616297202,111.088463,5735872.067122605,619970.6048971091,-111.088463,30U,-0.251,-0.683,0.014,-0.007642019564460671,-0.0021733313231486412,-0.4245832917404582
1433862513958803,51.760873203,-1.2616307384,111.087067,5735872.039603311,619970.5352488996,-111.087067,30U,-0.272,-0.731,0.014,-0.007571021040056771,-0.0021499019761459792,-0.42231291901134127
1433862514065498,51.7608729502,-1.261631829,111.085609,5735872.00969631,619970.460658565,-111.085609,30U,-0.293,-0.781,0.015,-0.007177800000191946,-0.002155599999678855,-0.4199739071794244
1433862514172194,51.7608727241,-1.2616329687,111.082726,5735871.982677752,619970.3826091414,-111.082726,30U,-0.314,-0.832,0.017,-0.006743021395001452,-0.001991068519697026,-0.4175739145487525
1433862514276984,51.7608724409,-1.2616342021,111.081352,5735871.949155177,619970.298245003,-111.081352,30U,-0.332,-0.881,0.012,-0.006284265597918729,-0.0018587823118050573,-0.4150746125806677
1433862514368437,51.7608721398,-1.2616355051,111.080566,5735871.913527517,619970.2091253351,-111.080566,30U,-0.349,-0.927,0.005,-0.005941183888113007,-0.0019860730295853213,-0.4124360437037841
1433862514459889,51.760871822,-1.261636875,111.080093,5735871.875932663,619970.1154332783,-111.080093,30U,-0.366,-0.974,0.008,-0.006023216411973283,-0.0020923527652264014,-0.4096317354987912
1433862514557938,51.7608714873,-1.2616383143,111.078773,5735871.836344261,619970.0169968415,-111.078773,30U,-0.384,-1.022,0.018,-0.006615762473629502,-0.0018178306218212556,-0.4066482744279637
1433862514656426,51.7608711437,-1.2616398236,111.0765,5735871.795650974,619969.9137534131,-111.0765,30U,-0.401,-1.075,0.024,-0.007559175008712613,-0.0014225900335536794,-0.40361363388240135
1433862514762352,51.7608707807,-1.2616414082,111.073875,5735871.75267642,619969.8053650832,-111.073875,30U,-0.421,-1.124,0.025,-0.008845544010519653,-0.0010518187641768582,-0.4005173133556949
1433862514869047,51.7608704011,-1.261643062,111.071426,5735871.707742008,619969.69224538,-111.071426,30U,-0.434,-1.169,0.018,-0.009931384313744686,-0.00029678268529564894,-0.3974169275923869
1433862514975743,51.7608700086,-1.2616447797,111.070435,5735871.661267924,619969.5747502381,-111.070435,30U,-0.448,-1.21,0.0,-0.011082870979266636,7.354891120798539e-05,-0.39460049834451955
1433862515080057,51.7608695984,-1.2616465527,111.070786,5735871.612734521,619969.4534858537,-111.070786,30U,-0.467,-1.246,-0.008,-0.012175400000286538,-0.0002696000007552564,-0.3915210071795601
1433862515171509,51.7608692182,-1.2616483461,111.07048,5735871.567503756,619969.3307341716,-111.07048,30U,-0.479,-1.288,-0.002,-0.012268013441365362,-0.0007250197877230217,-0.3883925751619964
1433862515262962,51.7608687912,-1.261650233,111.070297,5735871.516914729,619969.2016542685,-111.070297,30U,-0.487,-1.33,0.004,-0.012277739155977076,-0.00100854318225666,-0.3862137751550693
1433862515361230,51.7608683562,-1.2616521782,111.069527,5735871.465340154,619969.0685723843,-111.069527,30U,-0.494,-1.364,0.006,-0.013380986291057365,-0.0008043403055451468,-0.3844550801821351
1433862515459719,51.7608679076,-1.2616541679,111.069435,5735871.412179975,619968.9324556779,-111.069435,30U,-0.509,-1.392,-0.008,-0.014663683739710094,-0.0004984938706258206,-0.3819051142572167
1433862515565901,51.7608674503,-1.2616562009,111.070396,5735871.357981076,619968.7933739702,-111.070396,30U,-0.512,-1.424,-0.009,-0.01608068706508526,-0.0003227462346642431,-0.37958941190658013
1433862515672084,51.760866992,-1.2616582727,111.070564,5735871.303607151,619968.6516173864,-111.070564,30U,-0.527,-1.448,0.003,-0.015339434788548859,0.0004970338259120402,-0.3778209835203869
1433862515770571,51.7608665186,-1.2616603755,111.070374,5735871.247503017,619968.5077615695,-111.070374,30U,-0.536,-1.464,-0.002,-0.01524056029642843,0.0017302610967595644,-0.3760904963947626
1433862515869059,51.7608660446,-1.261662493,111.071289,5735871.191307986,619968.3628929178,-111.071289,30U,-0.528,-1.468,-0.013,-0.015592699498852464,0.002296521740662524,-0.374024454488954
1433862515967547,51.7608655761,-1.261664608,111.07193,5735871.135728705,619968.218182205,-111.07193,30U,-0.518,-1.457,-0.0,-0.015612569477229145,0.0025411855905853485,-0.3720824775310422
1433862516066035,51.7608651176,-1.2616667027,111.071701,5735871.081294885,619968.0748458488,-111.071701,30U,-0.504,-1.438,0.003,-0.016002099999192006,0.0035700999993078866,-0.3710818071799754
1433862516164523,51.7608646963,-1.2616687339,111.071556,5735871.0311024,619967.9357929081,-111.071556,30U,-0.503,-1.411,-0.0,-0.0159074038340275,0.0050641555550134205,-0.37014836607917345
1433862516263012,51.7608642516,-1.2616707488,111.071983,5735870.978334502,619967.7979268307,-111.071983,30U,-0.496,-1.384,-0.006,-0.015774731222456442,0.006184858820519017,-0.3687166325728465
1433862516361500,51.7608638188,-1.2616727332,111.072456,5735870.926940136,619967.6621339594,-111.072456,30U,-0.476,-1.366,-0.004,-0.015574179333684667,0.007081299325151169,-0.3676541494856568
1433862516459988,51.7608633978,-1.2616746959,111.072914,5735870.876893705,619967.5278072872,-111.072914,30U,-0.472,-1.348,-0.004,-0.01425807622904356,0.007264740805297191,-0.366992006404222
1433862516566170,51.7608629782,-1.2616766254,111.072601,5735870.827057579,619967.3957679782,-111.072601,30U,-0.464,-1.323,0.012,-0.013381137052598153,0.008036427021555137,-0.36639543615087206
1433862516672352,51.7608625737,-1.2616785236,111.071571,5735870.778952159,619967.2658485998,-111.071571,30U,-0.453,-1.31,0.004,-0.012101214548301728,0.009601025801113262,-0.3655338367779422
1433862516770840,51.760862173,-1.2616804005,111.072319,5735870.731304363,619967.1373890247,-111.072319,30U,-0.451,-1.293,-0.012,-0.010330840978694576,0.009329066973911301,-0.36461626727549756
1433862516869108,51.7608617764,-1.2616822622,111.073433,5735870.684137519,619967.0099675049,-111.073433,30U,-0.441,-1.285,-0.004,-0.00919560520299231,0.008464128445783158,-0.3641226207392192
1433862516960561,51.7608613853,-1.2616841113,111.073402,5735870.637603042,619966.8834009091,-111.073402,30U,-0.437,-1.274,0.006,-0.007877743056047276,0.008445679160181614,-0.36342629029151335
1433862517052015,51.7608609922,-1.2616859485,111.072937,5735870.590865729,619966.7576608113,-111.072937,30U,-0.438,-1.266,0.005,-0.006640400000372248,0.00854469999990515,-0.36231140717895505
1433862517156329,51.7608606346,-1.2616877226,111.073936,5735870.548180042,619966.6361810347,-111.073936,30U,-0.408,-1.246,-0.003,-0.007181583392299397,0.008803196451578668,-0.36197640400135417
1433862517263024,51.7608602834,-1.2616895082,111.074936,5735870.5061871605,619966.5138906946,-111.074936,30U,-0.394,-1.23,-0.021,-0.009291162298934254,0.009505629746701402,-0.36185149672090844
1433862517369719,51.7608599294,-1.2616912691,111.077042,5735870.463923533,619966.3933122817,-111.077042,30U,-0.402,-1.211,-0.023,-0.011653411236817998,0.00903380985648021,-0.36076411726068525
1433862517475644,51.7608595706,-1.2616930069,111.078972,5735870.42116412,619966.2743406831,-111.078972,30U,-0.401,-1.195,-0.017,-0.012913071027004126,0.00803833930376739,-0.35979664770933123
1433862517574133,51.7608592071,-1.2616947176,111.080666,5735870.377926615,619966.1572516677,-111.080666,30U,-0.411,-1.169,-0.019,-0.010626521561871419,0.007267231898030599,-0.35912173782716145
1433862517672181,51.7608588504,-1.2616963788,111.08374,5735870.33552674,619966.043560538,-111.08374,30U,-0.395,-1.139,-0.037,-0.00794933817064142,0.006210632682268517,-0.3585730645188103
1433862517763634,51.7608585152,-1.2616979993,111.087982,5735870.295584755,619965.9326210545,-111.087982,30U,-0.367,-1.111,-0.038,-0.005885098271906908,0.004461584435580148,-0.3581471969224994
1433862517855088,51.7608581949,-1.2616995811,111.090889,5735870.257363404,619965.8243126954,-111.090889,30U,-0.357,-1.083,-0.015,-0.004994876782061328,0.0026641777317148877,-0.3574822005750581
1433862517959877,51.7608578809,-1.2617011221,111.091904,5735870.219909769,619965.7188031754,-111.091904,30U,-0.346,-1.05,-0.01,-0.005222621240918382,0.0017863026503833676,-0.35679321243430007
1433862518066572,51.7608575761,-1.2617026137,111.094009,5735870.183560494,619965.6166782796,-111.094009,30U,-0.335,-1.012,-0.03,-0.004700100000184337,0.0009163999992008374,-0.3561965071797325
1433862518173268,51.7608572903,-1.2617039949,111.09938,5735870.149505744,619965.5221215388,-111.09938,30U,-0.322,-0.974,-0.036,-0.0038959859137448595,-0.00038683198113989076,-0.3556444840452401
1433862518278058,51.7608570148,-1.2617053693,111.102478,5735870.1166076055,619965.4280067515,-111.102478,30U,-0.304,-0.937,-0.025,-0.0034319074052409507,-0.001381568001565035,-0.35504712429220303
1433862518369511,51.7608567553,-1.2617066903,111.104691,5735870.085576608,619965.3375345959,-111.104691,30U,-0.283,-0.897,-0.022,-0.0034478748064662216,-0.0016813651235516194,-0.3545128207403505
1433862518460964,51.7608565104,-1.2617079578,111.107048,5735870.056257229,619965.2507156852,-111.107048,30U,-0.27,-0.86,-0.022,-0.0033764840873807774,-0.001997626194680996,-0.3541711306216999
1433862518559013,51.7608562699,-1.2617091786,111.108437,5735870.02750398,619965.1671077998,-111.108437,30U,-0.269,-0.832,-0.005,-0.0032230314234198577,-0.002019375681477235,-0.3536818909929137
1433862518657501,51.760856041,-1.2617103618,111.108299,5735870.000102571,619965.0860638785,-111.108299,30U,-0.262,-0.82,0.005,-0.00351744515935914,-0.0015111977729569074,-0.3530279506727293
1433862518763427,51.7608558154,-1.2617115362,111.108086,5735869.973082623,619965.0056184831,-111.108086,30U,-0.256,-0.811,-0.012,-0.0036087266960525334,-0.001223998924458079,-0.3523917009749365
1433862518870121,51.7608555958,-1.2617126936,111.110298,5735869.946757877,619964.9263303231,-111.110298,30U,-0.249,-0.797,-0.029,-0.003912611859112833,-0.0021703904433590304,-0.35210492686976447
1433862518976817,51.7608553701,-1.2617138382,111.112946,5735869.919775829,619964.84794164,-111.112946,30U,-0.261,-0.79,-0.017,-0.0037394598698335044,-0.0030598950723756094,-0.3514803217155257
1433862519081131,51.7608551363,-1.2617149781,111.113876,5735869.891900741,619964.769898766,-111.113876,30U,-0.259,-0.789,-0.002,-0.003087699999955594,-0.0031585000001383952,-0.3505687071787504
1433862519172584,51.7608549008,-1.2617160635,111.116425,5735869.8639262505,619964.6956213524,-111.116425,30U,-0.254,-0.79,0.004,-0.0021740505768240463,-0.002909431241125498,-0.3501590371349971
1433862519264037,51.7608546805,-1.2617171992,111.116081,5735869.83755936,619964.6178325264,-111.116081,30U,-0.258,-0.791,0.004,-0.0015104244926145063,-0.002659799698949966,-0.34976710275185685
1433862519362306,51.7608544536,-1.2617183409,111.115829,5735869.810448638,619964.5396471455,-111.115829,30U,-0.261,-0.795,0.001,-0.0008269789328755218,-0.0025584609712226603,-0.3490065553158969
1433862519460794,51.7608542247,-1.2617194925,111.11618,5735869.78309922,619964.4607838821,-111.11618,30U,-0.258,-0.802,-0.005,-7.101776142291463e-05,-0.0028819146367019557,-0.34842882676972287
1433862519566976,51.7608539926,-1.2617206574,111.116669,5735869.755372068,619964.3810112886,-111.116669,30U,-0.265,-0.81,-0.0,0.0010667631738223277,-0.0033324498125800665,-0.3481506640230871
1433862519673158,51.7608537591,-1.2617218241,111.116257,5735869.727486266,619964.3011181906,-111.116257,30U,-0.278,-0.819,0.011,0.0026301106814611373,-0.003469347005822879,-0.3475170054637911
1433862519771646,51.7608535206,-1.2617230001,111.116203,5735869.699029135,619964.2205965681,-111.116203,30U,-0.262,-0.815,-0.014,0.004030734802155342,-0.003811339356158665,-0.3468580802354262
1433862519870134,51.7608533042,-1.2617241548,111.119659,5735869.673064704,619964.1414862406,-111.119659,30U,-0.237,-0.785,-0.048,0.00437021018350623,-0.005573370906439755,-0.3471819241181291
1433862519968622,51.7608530957,-1.261725252,111.124359,5735869.648073384,619964.0663229523,-111.124359,30U,-0.236,-0.736,-0.038,0.00429833239887709,-0.0074995617975995655,-0.34680524513263633
1433862520067110,51.7608528908,-1.2617262853,111.12674,5735869.623587521,619963.9955597547,-111.12674,30U,-0.218,-0.7,-0.008,0.0036568999999757267,-0.008549900000717287,-0.34588960717909356
1433862520165598,51.7608526769,-1.2617272427,111.128891,5735869.598225647,619963.9300581473,-111.128891,30U,-0.21,-0.702,0.016,0.0033866489704655256,-0.008582495928652494,-0.3458675922608793
1433862520264085,51.7608524926,-1.2617282515,111.127556,5735869.576070935,619963.8609310471,-111.127556,30U,-0.226,-0.705,0.01,0.003282131423957014,-0.008503821741158966,-0.3457787852624714
1433862520362573,51.7608522922,-1.2617292725,111.127159,5735869.552105735,619963.7910047227,-111.127159,30U,-0.235,-0.716,-0.0,0.0036662247199558086,-0.008781579159510632,-0.34501477478086157
1433862520461061,51.760852086,-1.2617303153,111.127686,5735869.527459679,619963.7195893892,-111.127686,30U,-0.233,-0.732,-0.008,0.004205009006727776,-0.009320358320250587,-0.3444116798340146
1433862520567244,51.7608518777,-1.2617313848,111.128609,5735869.50253617,619963.6463370984,-111.128609,30U,-0.239,-0.747,-0.008,0.005054137078872976,-0.01013125664286424,-0.344271231023153
1433862520673427,51.7608516706,-1.261732464,111.129463,5735869.477730158,619963.5724122437,-111.129463,30U,-0.253,-0.761,-0.005,0.005891733778103541,-0.010917833683668958,-0.34384934676735923
1433862520771915,51.7608514529,-1.26173357,111.130005,5735869.451701274,619963.4966660634,-111.130005,30U,-0.256,-0.78,-0.003,0.006921311785442297,-0.011612436578301239,-0.3432317283458851
1433862520870183,51.7608512293,-1.2617347074,111.130119,5735869.424964625,619963.418768659,-111.130119,30U,-0.26,-0.801,0.003,0.0075526551410508985,-0.012232822643419421,-0.3428288386287685
1433862520961636,51.7608509996,-1.2617358799,111.129768,5735869.397491883,619963.3384652291,-111.129768,30U,-0.264,-0.824,0.004,0.0075619754069507295,-0.01287366850173637,-0.34263189949998984
1433862521053089,51.7608507558,-1.2617370824,111.129562,5735869.368401783,619963.256128924,-111.129562,30U,-0.279,-0.838,0.0,0.0077957000008702934,-0.013718300000099184,-0.34202160718008146
1433862521157403,51.7608504672,-1.2617382544,111.132904,5735869.33437981,619963.1760161254,-111.132904,30U,-0.277,-0.849,-0.008,0.00830790994110331,-0.01413160409511709,-0.34149419992850366
1433862521264098,51.7608502309,-1.2617394845,111.134186,5735869.306078363,619963.0917553062,-111.134186,30U,-0.277,-0.864,-0.016,0.008412679935525488,-0.014950773456261454,-0.34168234378293083
1433862521370793,51.7608499847,-1.2617407429,111.135826,5735869.276629424,619963.0055677923,-111.135826,30U,-0.29,-0.883,-0.016,0.007530497095366049,-0.01690171013519218,-0.3416673088814543
1433862521476719,51.7608497291,-1.2617420248,111.137787,5735869.246096492,619962.917783497,-111.137787,30U,-0.287,-0.892,-0.023,0.00594702121510013,-0.019152660922423417,-0.3409481319987907
1433862521575207,51.7608494759,-1.2617433139,111.140633,5735869.215818614,619962.8294959794,-111.140633,30U,-0.285,-0.888,-0.033,0.005137171528188981,-0.02109538789369334,-0.340714027870808
1433862521673255,51.76084923,-1.2617445728,111.144516,5735869.1864022175,619962.7432731624,-111.144516,30U,-0.293,-0.868,-0.04,0.00528653765904066,-0.023152438351887898,-0.3410505020834609
1433862521764708,51.7608489778,-1.2617458064,111.148415,5735869.156326842,619962.6588129562,-111.148415,30U,-0.289,-0.852,-0.033,0.005984855441607252,-0.025526325946330065,-0.34119273932971633
1433862521856162,51.760848734,-1.2617470288,111.151176,5735869.1272040205,619962.5751033775,-111.151176,30U,-0.271,-0.848,-0.02,0.005736636050565496,-0.02748104618666518,-0.3412846022774715
1433862521960952,51.7608484966,-1.2617482506,111.152748,5735869.098793909,619962.491418237,-111.152748,30U,-0.271,-0.844,-0.012,0.004945067174368525,-0.028642891819375356,-0.3414286844885899
1433862522067647,51.760848249,-1.2617494694,111.153847,5735869.069254429,619962.4079671578,-111.153847,30U,-0.284,-0.842,-0.01,0.004652200000859373,-0.029442600000141764,-0.34161740717971817
1433862522174343,51.7608479483,-1.2617506515,111.156876,5735869.033870259,619962.3271894382,-111.156876,30U,-0.285,-0.847,-0.012,0.0049626080492556615,-0.030397629921455706,-0.34232550045368676
1433862522279133,51.7608477055,-1.2617518744,111.158325,5735869.004857828,619962.2434426993,-111.158325,30U,-0.285,-0.856,-0.014,0.005347484388968693,-0.0315518943971646,-0.3432432582195619
1433862522370586,51.7608474563,-1.2617531155,111.160004,5735868.975103741,619962.1584569733,-111.160004,30U,-0.29,-0.868,-0.017,0.005159632899880523,-0.03277900467993763,-0.3436215631468044
1433862522462038,51.7608471973,-1.2617543793,111.16169,5735868.944222497,619962.0719307316,-111.16169,30U,-0.299,-0.882,-0.013,0.00514717855846019,-0.034169088767751016,-0.3438789223419373
1433862522560087,51.7608469277,-1.2617556655,111.162666,5735868.912125617,619961.9838868005,-111.162666,30U,-0.308,-0.897,-0.006,0.005397216914195082,-0.03529231989135072,-0.34449569161884247
1433862522658575,51.7608466608,-1.2617569598,111.163216,5735868.8803156745,619961.8952767418,-111.163216,30U,-0.321,-0.908,-0.003,0.0059568334683721465,-0.03641257702102891,-0.3449469863445577
1433862522764501,51.7608463846,-1.2617582747,111.163551,5735868.847437631,619961.8052697623,-111.163551,30U,-0.32,-0.924,-0.001,0.006259410482723469,-0.03754974923779093,-0.3450830947711517
1433862522871197,51.7608461064,-1.2617596181,111.163818,5735868.814290296,619961.7133013445,-111.163818,30U,-0.323,-0.938,-0.003,0.006700658119370552,-0.03860098046130971,-0.3456216325249309
1433862522977892,51.7608458151,-1.2617609773,111.16449,5735868.77966017,619961.6202773177,-111.16449,30U,-0.337,-0.945,-0.006,0.007486721567372275,-0.03966438836705412,-0.34602636127104563
1433862523082206,51.7608455136,-1.2617623522,111.165123,5735868.7438699175,619961.5261968948,-111.165123,30U,-0.335,-0.956,-0.006,0.008013999999688604,-0.04060670000080495,-0.346380007179561
1433862523173658,51.7608451729,-1.2617637035,111.166512,5735868.703759195,619961.4338489752,-111.166512,30U,-0.325,-0.964,-0.008,0.007445246767305066,-0.04197662821832886,-0.3471405219429573
1433862523265111,51.7608448906,-1.2617650815,111.166962,5735868.670099008,619961.3395037306,-111.166962,30U,-0.33,-0.952,0.0,0.006720024493463545,-0.043367847262338895,-0.3476956829124095
1433862523363380,51.7608446001,-1.2617664335,111.166969,5735868.635569697,619961.2469744378,-111.166969,30U,-0.33,-0.924,-0.003,0.006425064422344497,-0.04438478273813072,-0.3479364203649273
1433862523461868,51.7608443173,-1.2617677368,111.167679,5735868.601976784,619961.157785442,-111.167679,30U,-0.311,-0.881,-0.008,0.006703279560273816,-0.0459296370057961,-0.34854064843712057
1433862523568050,51.7608440482,-1.261768976,111.16832,5735868.570012833,619961.0729835667,-111.16832,30U,-0.294,-0.832,-0.003,0.006974398123142014,-0.04759312256808324,-0.3491173009005442
1433862523674233,51.7608438084,-1.2617701332,111.16806,5735868.54144211,619960.9937627119,-111.16806,30U,-0.274,-0.787,0.008,0.006692325205427197,-0.04876483370755157,-0.3495050021307008
1433862523772720,51.7608435815,-1.2617712348,111.166954,5735868.514397403,619960.9183445288,-111.166954,30U,-0.26,-0.754,0.014,0.005888572803568608,-0.049287463448423906,-0.3499356696774154
1433862523871208,51.7608433581,-1.2617723129,111.165382,5735868.487780577,619960.8445387634,-111.165382,30U,-0.26,-0.75,0.014,0.005014914109588007,-0.0497341720544942,-0.3505435405310102
1433862523969696,51.7608431214,-1.2617734002,111.163704,5735868.459669574,619960.7701333746,-111.163704,30U,-0.282,-0.76,0.016,0.0051789788850371945,-0.050386931149803485,-0.3509496765832248
1433862524068184,51.7608428652,-1.2617745045,111.163017,5735868.429362085,619960.6946065306,-111.163017,30U,-0.281,-0.767,-0.003,0.005697500000422605,-0.05172309999942216,-0.3511450071799129
1433862524166672,51.7608425959,-1.2617755893,111.16362,5735868.397629865,619960.6204600732,-111.16362,30U,-0.258,-0.768,-0.007,0.0057822080250143956,-0.053705453638123686,-0.3527309301828324
1433862524265160,51.760842366,-1.2617766696,111.163223,5735868.370286583,619960.5465197158,-111.163223,30U,-0.276,-0.741,0.017,0.004953726141996092,-0.054531031322937275,-0.3533263035522131
1433862524363649,51.7608421381,-1.26177772,111.160736,5735868.343214895,619960.4746374066,-111.160736,30U,-0.248,-0.721,0.024,0.0036613123336964384,-0.05397419316886844,-0.353479754366125
1433862524462137,51.7608419268,-1.2617787315,111.158859,5735868.318053218,619960.4053955214,-111.158859,30U,-0.24,-0.68,0.009,0.0028890948461955026,-0.05363413142321139,-0.3543374189902494
1433862524568319,51.7608417109,-1.2617796828,111.158821,5735868.292479012,619960.3403201333,-111.158821,30U,-0.245,-0.639,-0.003,0.003177515938297527,-0.05406459121989447,-0.35466600030042605
1433862524674501,51.7608415109,-1.2617805711,111.158958,5735868.268776616,619960.279550126,-111.158958,30U,-0.232,-0.612,0.002,0.0044335079330232235,-0.054520790818226694,-0.3550309895435731
1433862524772989,51.7608413227,-1.2617814357,111.1586,5735868.246425439,619960.2203843398,-111.1586,30U,-0.217,-0.601,0.006,0.004948731524549013,-0.05480161808921837,-0.3558841016020073
1433862524871257,51.7608411394,-1.2617822946,111.1577,5735868.224628547,619960.161598912,-111.1577,30U,-0.214,-0.597,0.01,0.004779058192889736,-0.054833405929709915,-0.3564397103828029
1433862524962710,51.760840951,-1.2617831489,111.156914,5735868.202272071,619960.1031444401,-111.156914,30U,-0.217,-0.59,0.005,0.0042699537396840735,-0.05495200060034265,-0.3565912239178971
1433862525054164,51.7608407603,-1.2617839938,111.156769,5735868.179675282,619960.0453447435,-111.156769,30U,-0.212,-0.577,-0.002,0.0041130999997336815,-0.055323399999754636,-0.35705110718022337
1433862525158478,51.760840554,-1.2617847845,111.156715,5735868.155432825,619959.9913266504,-111.156715,30U,-0.212,-0.552,-0.005,0.004744405254804713,-0.05567156917677831,-0.3576711302482731
1433862525265173,51.7608403787,-1.2617855529,111.157578,5735868.134674448,619959.9387652739,-111.157578,30U,-0.205,-0.526,-0.011,0.005543146861759386,-0.0560163026766601,-0.357913317989114
1433862525371868,51.7608402113,-1.2617862928,111.158371,5735868.114841478,619959.8881496947,-111.158371,30U,-0.19,-0.509,-0.004,0.006260502777837207,-0.056116180034968724,-0.3582905539667669
1433862525477793,51.7608400471,-1.261787021,111.158646,5735868.095383614,619959.8383330317,-111.158646,30U,-0.191,-0.507,-0.0,0.0064494846887566265,-0.05586144070470674,-0.35880809882525394
1433862525576282,51.7608398724,-1.261787768,111.158447,5735868.074727162,619959.787246843,-111.158447,30U,-0.206,-0.531,0.003,0.006768833800602154,-0.0555692758813592,-0.3591003005012286
1433862525674330,51.7608397023,-1.261788551,111.158287,5735868.054523044,619959.733664159,-111.158287,30U,-0.219,-0.569,0.001,0.007015577082919693,-0.05536227242838599,-0.3594435028778628
1433862525765783,51.7608395165,-1.2617893973,111.158554,5735868.0324688675,619959.675754859,-111.158554,30U,-0.233,-0.613,-0.004,0.007396363348250431,-0.055481980936731415,-0.3600392561425899
1433862525857236,51.7608393094,-1.2617903071,111.158859,5735868.007941551,619959.6135199848,-111.158859,30U,-0.255,-0.654,-0.001,0.007506364923472231,-0.05581881048271209,-0.3605149613713455
1433862525962026,51.7608390791,-1.2617912815,111.158997,5735867.980727988,619959.5468886654,-111.158997,30U,-0.274,-0.698,-0.0,0.007696861071578704,-0.05613717115351569,-0.3607757613713976
1433862526068721,51.76083883,-1.2617923258,111.158981,5735867.951308773,619959.4754834902,-111.158981,30U,-0.287,-0.747,0.003,0.00777710000085185,-0.056583000000196566,-0.36131130717879856
1433862526175417,51.7608385692,-1.2617934269,111.158676,5735867.9204950165,619959.4001896512,-111.158676,30U,-0.304,-0.796,0.005,0.007348857292426921,-0.05706106384770467,-0.3621435544665611
1433862526280207,51.7608383028,-1.2617946052,111.158295,5735867.888931525,619959.3195832078,-111.158295,30U,-0.326,-0.845,0.004,0.006450108954632819,-0.05788962739642401,-0.362713873229613
1433862526371660,51.7608380134,-1.2617958586,111.157463,5735867.854686759,619959.2338551995,-111.157463,30U,-0.341,-0.892,0.01,0.004132860291148191,-0.05839808458904058,-0.36306272244276383
1433862526463113,51.7608377102,-1.2617971787,111.156487,5735867.818797638,619959.1435609085,-111.156487,30U,-0.356,-0.929,0.011,0.001343038903632159,-0.058552308580320477,-0.3635435159119182
1433862526561162,51.7608373763,-1.2617985248,111.155746,5735867.779451719,619959.0515537743,-111.155746,30U,-0.394,-0.943,0.003,0.0020856041582035805,-0.05802556432347501,-0.3630638383277477
1433862526659650,51.7608370204,-1.2617999207,111.155701,5735867.737577344,619958.9561683346,-111.155701,30U,-0.435,-1.007,0.002,0.00890793078019758,-0.05908451053584213,-0.3636451016281693
1433862526765576,51.760836666,-1.2618014153,111.155037,5735867.6957074385,619958.8539677904,-111.155037,30U,-0.386,-1.07,0.017,0.008890569145388636,-0.06200500075383093,-0.3675374131648171
1433862526872270,51.7608363225,-1.2618029334,111.152267,5735867.655011029,619958.750116655,-111.152267,30U,-0.411,-1.026,0.033,0.003435889960360005,-0.06230809114107375,-0.36830939804530727
1433862526978966,51.7608359609,-1.2618043908,111.147667,5735867.612401631,619958.6505023034,-111.147667,30U,-0.39,-1.007,0.044,-0.003588493553055757,-0.05634318940652339,-0.3653354148104498
1433862527083280,51.7608356354,-1.2618058557,111.143494,5735867.573794446,619958.5502746992,-111.143494,30U,-0.357,-1.014,0.03,-0.007715200000011646,-0.04740290000033703,-0.36893060717977544
1433862527174733,51.760835278,-1.2618072902,111.143166,5735867.531689783,619958.452229504,-111.143166,30U,-0.43,-0.985,0.014,-0.00524827517585899,-0.040564599667752506,-0.3749600006051868
1433862527266186,51.7608348783,-1.2618086902,111.141685,5735867.484937838,619958.3566772187,-111.141685,30U,-0.467,-0.968,0.02,-0.000734852559085725,-0.03642406294207916,-0.3775344980752199
1433862527364454,51.7608344977,-1.2618101041,111.138168,5735867.440287076,619958.2601150873,-111.138168,30U,-0.4,-0.994,0.049,0.0023314834397095297,-0.032263965393435526,-0.38102101416763795
1433862527462942,51.7608341557,-1.2618115554,111.130974,5735867.399867364,619958.1608697269,-111.130974,30U,-0.393,-1.009,0.088,0.0018362304692264085,-0.026594436093710587,-0.3869355370099814
1433862527569124,51.7608337898,-1.2618130072,111.122726,5735867.356788999,619958.0616532102,-111.122726,30U,-0.434,-0.992,0.06,-0.0006816409573602633,-0.020503481680212883,-0.39169481886839014
1433862527675307,51.7608334099,-1.261814425,111.118591,5735867.31220967,619957.9648200856,-111.118591,30U,-0.441,-0.983,0.019,-0.0017971440841727125,-0.016135014431366914,-0.39531284418825974
1433862527773795,51.7608330414,-1.2618158362,111.118225,5735867.268908953,619957.8684121986,-111.118225,30U,-0.419,-0.976,-0.01,-0.001749060943958677,-0.01279893094451329,-0.40143859475457955
1433862527872283,51.7608326696,-1.2618172463,111.118439,5735867.2252430655,619957.7720889654,-111.118439,30U,-0.443,-0.974,0.009,-0.0007354046276720818,-0.009223286159835524,-0.4089188337833922
1433862527970771,51.7608322697,-1.261818652,111.115868,5735867.178459519,619957.6761438493,-111.115868,30U,-0.46,-0.967,0.034,-0.0007262474366109112,-0.004523807474175617,-0.4158612586771695
1433862528069259,51.7608318661,-1.2618200576,111.112213,5735867.131264672,619957.5802154404,-111.112213,30U,-0.447,-0.972,0.03,-0.00030869999937711796,0.000670800000045804,-0.42363530717926373
1433862528167747,51.7608314242,-1.261821442,111.111664,5735867.079845497,619957.4858515254,-111.111664,30U,-0.458,-0.977,0.01,0.0003264558429775652,0.0047043176668615985,-0.43389005700539796
1433862528266234,51.7608310143,-1.2618228604,111.110802,5735867.031929002,619957.3890565039,-111.110802,30U,-0.496,-0.984,0.011,0.0014866801869856882,0.007199245211522381,-0.44514461432497787
1433862528364723,51.7608305695,-1.2618242951,111.109344,5735866.980104595,619957.2912291494,-111.109344,30U,-0.519,-0.997,0.016,0.003514491271630614,0.009386616465828888,-0.456751108221237
1433862528463211,51.7608301132,-1.2618257581,111.107254,5735866.92695477,619957.1914793375,-111.107254,30U,-0.522,-1.019,0.028,0.005967660422910017,0.012383944362568436,-0.47002484760244834
1433862528569393,51.7608296421,-1.2618272561,111.103584,5735866.872101525,619957.0893534587,-111.103584,30U,-0.548,-1.041,0.041,0.0066360092808089915,0.01653208687009349,-0.484795015705437
1433862528675575,51.760829158,-1.2618287798,111.099243,5735866.815760328,619956.985488519,-111.099243,30U,-0.582,-1.06,0.046,0.006313814409618088,0.020752812264793516,-0.49981422608730314
1433862528774064,51.7608286449,-1.2618303376,111.093712,5735866.756138059,619956.879347259,-111.093712,30U,-0.602,-1.084,0.058,0.005323015084040572,0.025359071960409308,-0.5161840423524933
1433862528872332,51.7608281119,-1.2618319327,111.087234,5735866.694241433,619956.7706847296,-111.087234,30U,-0.626,-1.1,0.051,0.0033845456078614353,0.030122135580787975,-0.5353394903423299
1433862528963785,51.7608275322,-1.2618335199,111.08506,5735866.627164468,619956.6626911461,-111.08506,30U,-0.695,-1.081,-0.008,0.003603195372407174,0.03262730377851233,-0.5548708314220772
1433862529055238,51.7608269059,-1.2618351165,111.084747,5735866.554889828,619956.5541723975,-111.084747,30U,-0.701,-1.13,0.041,0.0029237999992957576,0.03436419999924142,-0.5750982071790537
1433862529159552,51.7608261677,-1.2618367446,111.080452,5735866.470119385,619956.4437764812,-111.080452,30U,-0.731,-1.12,0.02,0.003454790348996008,0.03819478394041787,-0.5982858516650957
1433862529266247,51.7608254599,-1.2618383027,111.0793,5735866.388844754,619956.338130572,-111.0793,30U,-0.87,-1.029,-0.006,0.011980213496236156,0.04044725874566129,-0.6185910833102007
1433862529372943,51.7608247204,-1.2618397739,111.086456,5735866.304187816,619956.2385655128,-111.086456,30U,-0.786,-1.03,-0.131,0.020462672738963274,0.03973655971606344,-0.6418761108905547
1433862529478868,51.76082405,-1.2618413173,111.102699,5735866.227096488,619956.1338348896,-111.102699,30U,-0.766,-1.078,-0.169,0.027784836208337296,0.037045480182626,-0.6707868900505062
1433862529577356,51.760823318,-1.2618428502,111.119125,5735866.143172117,619956.0299921252,-111.119125,30U,-0.88,-1.03,-0.151,0.02907413057046624,0.03598719712207081,-0.6950367441341347
1433862529675404,51.7608225351,-1.2618443511,111.132767,5735866.053639979,619955.9284925412,-111.132767,30U,-0.882,-1.049,-0.117,0.024913969647172133,0.03558504831118433,-0.717565022697921
1433862529766857,51.7608217738,-1.2618459094,111.14312,5735865.966415489,619955.8229746183,-111.14312,30U,-0.868,-1.076,-0.089,0.021369087587340404,0.03500028161135525,-0.7472641402692506
1433862529858310,51.7608209629,-1.2618474462,111.151604,5735865.873710528,619955.7190718402,-111.151604,30U,-0.974,-1.023,-0.085,0.02030134435703787,0.03489204358313218,-0.7795168611835034
1433862529963101,51.7608200545,-1.2618489261,111.160805,5735865.770256539,619955.6193540677,-111.160805,30U,-1.048,-1.018,-0.101,0.01940436805028799,0.035205672830394566,-0.8106104413449045
1433862530069796,51.7608191056,-1.2618504332,111.174301,5735865.6622539535,619955.5178666089,-111.174301,30U,-1.078,-1.043,-0.16,0.018826700000716512,0.03388200000065877,-0.8445173071788254
1433862530176492,51.7608179417,-1.2618519244,111.189659,5735865.530368152,619955.418046249,-111.189659,30U,-1.16,-1.05,-0.138,0.017026423239032026,0.031430505876769085,-0.8817908675972221
1433862530281282,51.7608168669,-1.2618534403,111.201134,5735865.408350215,619955.3162852122,-111.201134,30U,-1.262,-1.039,-0.091,0.013887212982560487,0.030218690591419028,-0.9211385277191204
1433862530372735,51.7608156973,-1.2618549332,111.21032,5735865.275827747,619955.2163626355,-111.21032,30U,-1.365,-1.016,-0.091,0.013425857718269782,0.028901739778614897,-0.9620430540405553
1433862530464187,51.7608144311,-1.2618563899,111.21965,5735865.132622285,619955.1191942021,-111.21965,30U,-1.466,-0.999,-0.091,0.014172614410710466,0.027356608453893396,-1.004446361998784
1433862530562236,51.7608130757,-1.2618578371,111.229446,5735864.979512842,619955.022917771,-111.229446,30U,-1.553,-0.999,-0.098,0.013089907505818182,0.025795350461416393,-1.0490888912974032
1433862530660724,51.760811637,-1.2618592802,111.238342,5735864.817146656,619954.9271450593,-111.238342,30U,-1.654,-0.963,-0.065,0.013617011958478684,0.025969689168121996,-1.095172491723803
1433862530766650,51.7608101047,-1.2618606461,111.242409,5735864.644498531,619954.8369478814,-111.242409,30U,-1.752,-0.899,-0.028,0.012594689190592688,0.028662979412384493,-1.1430125589782183
1433862530873345,51.760808489,-1.2618619034,111.248489,5735864.462754418,619954.7544660685,-111.248489,30U,-1.839,-0.817,-0.091,0.013347428951994355,0.028951780883289032,-1.192553533109688
1433862530980041,51.7608067855,-1.2618630415,111.259544,5735864.271442446,619954.6804427706,-111.259544,30U,-1.94,-0.737,-0.112,0.018181150719175542,0.0262489569385578,-1.242135865608565
1433862531084355,51.7608049891,-1.2618640782,111.269913,5735864.069966183,619954.6136631571,-111.269913,30U,-2.037,-0.679,-0.087,0.021673500000405094,0.02428680000037825,-1.291551107178907
1433862531175807,51.7608027345,-1.2618651046,111.281036,5735863.817552101,619954.5488087996,-111.281036,30U,-2.127,-0.613,-0.088,0.02278708806644112,0.02320630845412283,-1.341613704062593
1433862531267260,51.7608007642,-1.2618658905,111.291557,5735863.597149562,619954.4997974182,-111.291557,30U,-2.215,-0.515,-0.111,0.024755966852255396,0.0205640940923227,-1.391171082596062
1433862531365528,51.7607987148,-1.2618665206,111.301247,5735863.368206854,619954.4617472048,-111.301247,30U,-2.307,-0.409,-0.079,0.025943656442628495,0.01835106171930038,-1.4396482197221183
1433862531464016,51.7607965905,-1.2618669993,111.309425,5735863.131183806,619954.4343433897,-111.309425,30U,-2.385,-0.304,-0.095,0.028425968681133354,0.01688929569374388,-1.4870249640542244
1433862531570199,51.7607943961,-1.2618672971,111.32029,5735862.886662732,619954.4196090018,-111.32029,30U,-2.469,-0.171,-0.108,0.03312508184248801,0.01428424320351779,-1.5321749882930833
1433862531676382,51.7607921103,-1.2618674613,111.328735,5735862.632197138,619954.4143364009,-111.328735,30U,-2.57,-0.084,-0.054,0.03714326282643698,0.012588969652386124,-1.575500307731895
1433862531774869,51.7607897383,-1.261867495,111.33252,5735862.368360195,619954.4182978771,-111.33252,30U,-2.666,0.012,-0.032,0.03840960603036238,0.012809120166214459,-1.617776498897894
1433862531873357,51.7607872825,-1.2618673758,111.33651,5735862.095455645,619954.4330328604,-111.33651,30U,-2.762,0.123,-0.047,0.038297164423759765,0.012399788414394153,-1.6578390617673961
1433862531971845,51.7607847497,-1.2618670675,111.342346,5735861.814299232,619954.4610214366,-111.342346,30U,-2.845,0.259,-0.066,0.03912594485581859,0.011481824280788274,-1.6942723680290446
1433862532070333,51.7607821475,-1.2618665764,111.349228,5735861.5257257605,619954.5018087093,-111.349228,30U,-2.922,0.363,-0.077,0.04029839999947645,0.01042710000068311,-1.728676907179261
1433862532168821,51.7607794455,-1.26186603,111.359039,5735861.22614485,619954.5466766774,-111.359039,30U,-3.003,0.431,-0.116,0.03858732504189402,0.00793433241965406,-1.764366983346792
1433862532267309,51.7607766887,-1.2618652989,111.36969,5735860.920773619,619954.6044357644,-111.36969,30U,-3.076,0.57,-0.095,0.03641152001298198,0.004570041527058957,-1.8001204399086714
1433862532365798,51.760773882,-1.2618643275,111.377831,5735860.6102484325,619954.6789098571,-111.377831,30U,-3.13,0.736,-0.07,0.03487625431370102,0.0025563374273764295,-1.8327410991244737
1433862532464286,51.7607710241,-1.261863148,111.382927,5735860.294371756,619954.7678803301,-111.382927,30U,-3.2,0.852,-0.038,0.03474978026863902,0.002330201163761382,-1.8638846076719502
1433862532570468,51.7607681076,-1.2618618107,111.386955,5735859.972237934,619954.867895675,-111.386955,30U,-3.262,0.96,-0.051,0.03681462021855169,0.002057713910203112,-1.8942806875193732
1433862532676650,51.7607651327,-1.2618603077,111.391884,5735859.643882202,619954.9795005304,-111.391884,30U,-3.305,1.095,-0.041,0.037062060644713665,0.0010885692511742333,-1.9223418699600956
1433862532775138,51.7607621264,-1.26185863,111.396225,5735859.312321936,619955.1032444104,-111.396225,30U,-3.342,1.195,-0.055,0.03636535216392783,1.9273377714459045e-05,-1.9482303384058615
1433862532873406,51.7607590943,-1.2618568128,111.402939,5735858.978121995,619955.2366833758,-111.402939,30U,-3.369,1.297,-0.076,0.0366138075322111,-0.0024327246715994907,-1.9731115286630685
1433862532964859,51.7607560485,-1.2618548248,111.409676,5735858.642679458,619955.3819453232,-111.409676,30U,-3.383,1.422,-0.058,0.03791703881092947,-0.00469931670165203,-1.9940790047356423
1433862533056312,51.7607529925,-1.261852671,111.414497,5735858.3063753275,619955.538675935,-111.414497,30U,-3.404,1.519,-0.039,0.040701699999866954,-0.006119200000061901,-2.0096327071649203
1433862533160626,51.7607498913,-1.2618504606,111.418892,5735857.9651377695,619955.6994322548,-111.418892,30U,-3.438,1.566,-0.041,0.04246596414914726,-0.007081489943030755,-2.022413096754223
1433862533267321,51.7607467835,-1.261848162,111.424126,5735857.623311322,619955.8662926393,-111.424126,30U,-3.457,1.612,-0.068,0.043958338607207936,-0.008848619643690152,-2.0338990788211873
1433862533374016,51.7607436735,-1.2618457683,111.431068,5735857.281396646,619956.0397215878,-111.431068,30U,-3.452,1.687,-0.058,0.04700802344411818,-0.011741923068633501,-2.0417810857131067
1433862533479942,51.7607405625,-1.2618433,111.434845,5735856.939493473,619956.2183012454,-111.434845,30U,-3.47,1.708,-0.024,0.04689951194199994,-0.011747071159863023,-2.045640207552081
1433862533578431,51.7607374247,-1.2618408304,111.437393,5735856.594612113,619956.3970416728,-111.437393,30U,-3.505,1.7,-0.029,0.04484457850710154,-0.011096955341271272,-2.0481174868073113
1433862533676479,51.7607342622,-1.2618383651,111.439445,5735856.246976889,619956.5755508551,-111.439445,30U,-3.518,1.727,-0.008,0.04187760612545892,-0.010505481985153267,-2.05012236376293
1433862533767932,51.7607310891,-1.2618358532,111.439926,5735855.898239531,619956.7573039558,-111.439926,30U,-3.534,1.755,-0.01,0.04105487395738995,-0.008882742455468174,-2.051508529666858
1433862533859385,51.7607279008,-1.2618332919,111.442322,5735855.547893096,619956.9425063914,-111.442322,30U,-3.558,1.788,-0.028,0.04278727908641583,-0.008184455916040523,-2.0521166902032206
1433862533964175,51.7607246832,-1.2618306889,111.444252,5735855.194356911,619957.1306641705,-111.444252,30U,-3.602,1.811,-0.006,0.0442572146334271,-0.007178498226140523,-2.0515549800341035
1433862534070870,51.7607214228,-1.2618280606,111.445473,5735854.836102712,619957.320681336,-111.445473,30U,-3.649,1.821,-0.029,0.04776589999923312,-0.006417300000535761,-2.0509997071803197
1433862534177566,51.7607181082,-1.2618254412,111.450249,5735854.471806497,619957.5102280128,-111.450249,30U,-3.695,1.836,-0.048,0.047323975202761534,-0.0068379494114491225,-2.0513841199623286
1433862534282356,51.7607147749,-1.2618227868,111.454323,5735854.1054882975,619957.7022395823,-111.454323,30U,-3.716,1.84,-0.06,0.045974329873608735,-0.0065513959734903775,-2.050688173466114
1433862534373809,51.760711435,-1.2618201233,111.4618,5735853.73845111,619957.8948966506,-111.4618,30U,-3.712,1.84,-0.086,0.04676054083160285,-0.009454987044487401,-2.049127346302927
1433862534465262,51.7607081043,-1.2618174652,111.469551,5735853.372428148,619958.0871567135,-111.469551,30U,-3.701,1.831,-0.068,0.04633130773609388,-0.011944898121924199,-2.047784941248774
1433862534563311,51.7607047817,-1.2618148384,111.47464,5735853.007254482,619958.2772353641,-111.47464,30U,-3.691,1.797,-0.047,0.04523779737054078,-0.012104731997609737,-2.046613637121833
1433862534661799,51.7607014735,-1.2618122473,111.478485,5735852.643623472,619958.4648122654,-111.478485,30U,-3.67,1.785,-0.029,0.044292375458833806,-0.010947618062457457,-2.045334912499834
1433862534767725,51.760698198,-1.2618096525,111.481316,5735852.283635006,619958.652557849,-111.481316,30U,-3.623,1.799,-0.035,0.04679017500735592,-0.01050235256442588,-2.043494437286892
1433862534874419,51.7606949501,-1.2618070735,111.486069,5735851.926689853,619958.8391399655,-111.486069,30U,-3.614,1.755,-0.06,0.047962776460219646,-0.01086795023982215,-2.0419297057872616
1433862534981115,51.7606917068,-1.2618045516,111.49025,5735851.570162335,619959.0217695232,-111.49025,30U,-3.6,1.736,-0.012,0.05033663164389761,-0.011646355052166428,-2.0409053806362865
1433862535085429,51.7606884843,-1.2618020449,111.490967,5735851.215922914,619959.2032950401,-111.490967,30U,-3.576,1.723,-0.022,0.05007399999933531,-0.010706400000368883,-2.0394236071667304
1433862535176882,51.7606852691,-1.2617995844,111.494377,5735850.862419317,619959.3816130343,-111.494377,30U,-3.556,1.702,-0.041,0.05083816957817842,-0.011351724544588717,-2.038335935342914
1433862535268335,51.7606820875,-1.2617971389,111.499939,5735850.512627586,619959.5588068614,-111.499939,30U,-3.532,1.673,-0.077,0.04954715458844238,-0.012973105981222956,-2.037434325565736
1433862535366603,51.760678925,-1.2617947232,111.506905,5735850.164910886,619959.7338936285,-111.506905,30U,-3.505,1.667,-0.066,0.050090893447827065,-0.015937565355778074,-2.0361689713002713
1433862535465091,51.7606757992,-1.2617923195,111.513451,5735849.821255728,619959.9080550361,-111.513451,30U,-3.454,1.643,-0.059,0.05009686897696568,-0.020708104083462023,-2.0350072700446877
1433862535571273,51.7606727257,-1.2617899877,111.516022,5735849.483298404,619960.0771161161,-111.516022,30U,-3.394,1.58,0.004,0.04809663765322862,-0.019396185332398747,-2.034115519527735
1433862535677456,51.7606697165,-1.26178771,111.516083,5735849.152402669,619960.2422734138,-111.516083,30U,-3.313,1.548,-0.021,0.04834857032650177,-0.013358292965108234,-2.0328821405668314
1433862535775944,51.760666784,-1.2617854893,111.520409,5735848.8299427135,619960.4032939342,-111.520409,30U,-3.227,1.503,-0.049,0.04699716935145577,-0.011292651662977478,-2.031644254310588
1433862535874432,51.7606639261,-1.2617833372,111.524284,5735848.515665918,619960.5593827426,-111.524284,30U,-3.144,1.461,-0.027,0.048113111137105105,-0.011428549438802695,-2.0302541228789734
1433862535972920,51.7606611367,-1.2617812511,111.526367,5735848.208898205,619960.7107354278,-111.526367,30U,-3.072,1.416,-0.021,0.0498046434004522,-0.01243308307267809,-2.0293910083106708
1433862536071408,51.7606584012,-1.2617792226,111.526741,5735847.908029775,619960.8579703606,-111.526741,30U,-3.024,1.387,0.039,0.05087260000074645,-0.012009599999296398,-2.0287517071734618
1433862536169896,51.7606556883,-1.2617772602,111.518471,5735847.609565888,619961.0005839337,-111.518471,30U,-2.976,1.369,0.081,0.052017656217060254,-0.006829941275354295,-2.0274455811789123
1433862536268383,51.7606530348,-1.2617753182,111.514954,5735847.317674107,619961.1416322958,-111.514954,30U,-2.933,1.309,-0.059,0.05053382719121397,-0.00447955962168901,-2.0266933117558183
1433862536366872,51.7606504132,-1.2617734414,111.528214,5735847.0292225685,619961.278096752,-111.528214,30U,-2.901,1.292,-0.181,0.048735080835446726,-0.008388704785668484,-2.0265237867387484
1433862536465360,51.760647828,-1.2617715594,111.545204,5735846.744827501,619961.4148235838,-111.545204,30U,-2.859,1.3,-0.146,0.04661474120079248,-0.013108311836974185,-2.025355454104672
1433862536571542,51.7606452691,-1.261769709,111.555832,5735846.463305185,619961.5493000434,-111.555832,30U,-2.836,1.256,-0.071,0.04465296037059476,-0.014715044784537628,-2.024323171124972
1433862536677725,51.7606427453,-1.2617678964,111.559891,5735846.185624039,619961.6810749499,-111.559891,30U,-2.787,1.243,-0.01,0.04521099144499003,-0.015065767001265856,-2.0234979921606255
1433862536776213,51.7606402721,-1.2617660948,111.558922,5735845.913551846,619961.81195665,-111.558922,30U,-2.728,1.236,0.023,0.047267340383799705,-0.01470089444559661,-2.022342466368628
1433862536874481,51.7606378451,-1.2617643285,111.557076,5735845.646559326,619961.9402798954,-111.557076,30U,-2.678,1.2,0.007,0.05007828574258003,-0.013681962920515081,-2.0215400084670034
1433862536965934,51.7606354631,-1.2617626136,111.558876,5735845.3844865495,619962.0649368261,-111.558876,30U,-2.629,1.164,-0.038,0.052297232425572125,-0.013096352664661266,-2.0207356258686398
1433862537057387,51.7606331158,-1.2617609603,111.562714,5735845.126171312,619962.1852508544,-111.562714,30U,-2.598,1.121,-0.032,0.05157579999981096,-0.012820000000738007,-2.020056507173848
1433862537161701,51.7606307677,-1.2617594017,111.566803,5735844.867611345,619962.2990318914,-111.566803,30U,-2.566,1.115,-0.044,0.04994596011817225,-0.01278441383510194,-2.018999671792349
1433862537268396,51.760628471,-1.2617577963,111.570129,5735844.614844365,619962.4159063008,-111.570129,30U,-2.548,1.105,-0.016,0.04807430267828151,-0.012726694746050277,-2.017661391457364
1433862537375091,51.7606261938,-1.2617562094,111.572197,5735844.364215483,619962.531452372,-111.572197,30U,-2.521,1.089,-0.029,0.048983324519726354,-0.012355895947595166,-2.016731830319482
1433862537481017,51.7606239369,-1.261754645,111.575508,5735844.1158070825,619962.6453919484,-111.575508,30U,-2.503,1.074,-0.034,0.04940441118448655,-0.012128289216160047,-2.0162180456175345
1433862537579505,51.7606216965,-1.2617530965,111.578568,5735843.869207438,619962.758190561,-111.578568,30U,-2.485,1.067,-0.02,0.050344222068597226,-0.012139670553590859,-2.0151287404622433
1433862537677553,51.760619476,-1.2617515542,111.580116,5735843.6248106025,619962.8705085807,-111.580116,30U,-2.465,1.062,-0.008,0.05224805727124236,-0.012478451990285827,-2.0137465468055202
1433862537769006,51.7606172738,-1.2617500279,111.580902,5735843.382422528,619962.981673963,-111.580902,30U,-2.443,1.045,-0.011,0.05369173272522783,-0.011801732772404396,-2.012782264995071
1433862537860459,51.7606150899,-1.2617485314,111.583961,5735843.142020514,619963.0907343873,-111.583961,30U,-2.42,1.022,-0.049,0.0544363982496799,-0.01140572076606073,-2.011714724758777
1433862537965250,51.760612937,-1.2617470716,111.589622,5735842.905005532,619963.1971800299,-111.589622,30U,-2.373,0.993,-0.058,0.05396733629907212,-0.012583445685303563,-2.0102321285061056
1433862538071945,51.7606108225,-1.2617456628,111.594238,5735842.672176989,619963.300004449,-111.594238,30U,-2.337,0.957,-0.031,0.05222439999994735,-0.013133800000542439,-2.009106207163413
1433862538178641,51.7606086958,-1.2617443666,111.597107,5735842.437806516,619963.395090833,-111.597107,30U,-2.309,0.952,-0.019,0.05276726840254755,-0.013047731924640371,-2.008514218463927
1433862538283431,51.7606066343,-1.2617429898,111.598572,5735842.210819275,619963.4955665024,-111.598572,30U,-2.283,0.95,-0.007,0.05295906937800143,-0.012693661044160112,-2.007659779997149
1433862538374884,51.7606045921,-1.2617416277,111.599609,5735841.985954143,619963.5949765936,-111.599609,30U,-2.262,0.936,-0.02,0.054342696272926545,-0.011781336652307395,-2.0062749032108598
1433862538466336,51.7606025681,-1.2617402889,111.603455,5735841.76307464,619963.6927305458,-111.603455,30U,-2.247,0.912,-0.048,0.054576039355324915,-0.01235136672568379,-2.005340501070685
1433862538564385,51.7606005566,-1.2617389806,111.607613,5735841.54153505,619963.788346605,-111.607613,30U,-2.227,0.905,-0.031,0.05590023855541917,-0.012839672629500174,-2.004896867068041
1433862538662873,51.7605985555,-1.2617377009,111.609558,5735841.321104964,619963.8819614542,-111.609558,30U,-2.224,0.905,0.001,0.05561297645618825,-0.012377641954204877,-2.0036026949033516
1433862538768799,51.7605965373,-1.2617364162,111.608536,5735841.098781475,619963.9759666828,-111.608536,30U,-2.259,0.902,0.002,0.05407640114910305,-0.010079684636599355,-2.002249219627179
1433862538875494,51.7605944828,-1.2617351222,111.610115,5735840.872436495,619964.0707099222,-111.610115,30U,-2.306,0.916,-0.025,0.05284641250772487,-0.009120376756209143,-2.001514343544546
1433862538982189,51.760592382,-1.2617337826,111.611794,5735840.641017669,619964.1687226978,-111.611794,30U,-2.368,0.949,-0.01,0.05115838426163186,-0.007721553312648169,-2.00040164451956
1433862539086503,51.7605902172,-1.261732388,111.613327,5735840.402572106,619964.2707006097,-111.613327,30U,-2.452,0.985,-0.021,0.05093669999958076,-0.006325799999234565,-1.9993818071685967
1433862539177956,51.7605879179,-1.2617310644,111.616104,5735840.149052501,619964.3681354311,-111.616104,30U,-2.537,1.042,-0.013,0.052160708132395976,-0.006217164423405132,-1.9985714957042173
1433862539269409,51.7605855852,-1.2617295622,111.616707,5735839.892112386,619964.4779837634,-111.616707,30U,-2.633,1.085,-0.006,0.053359529874306595,-0.005602449386812285,-1.9971067246562761
1433862539367678,51.7605831613,-1.2617280117,111.618729,5735839.625109701,619964.5914069758,-111.618729,30U,-2.742,1.102,-0.027,0.05448857828502295,-0.005213732598433228,-1.9961658341673407
1433862539466166,51.7605806487,-1.2617264038,111.621796,5735839.348337432,619964.7090264239,-111.621796,30U,-2.837,1.148,-0.03,0.053286849334214646,-0.004664125767570409,-1.9956091393938151
1433862539572348,51.760578054,-1.261724716,111.624908,5735839.062566552,619964.8323773119,-111.624908,30U,-2.934,1.196,-0.029,0.05301162622120334,-0.0038235026517089224,-1.9942697421528288
1433862539678530,51.7605753564,-1.2617230151,111.627907,5735838.765374087,619964.956904989,-111.627907,30U,-3.034,1.229,-0.04,0.05246385861481562,-0.0035089530644066853,-1.9934732782529074
1433862539777018,51.7605725679,-1.2617212577,111.631783,5735838.4581659045,619965.0855726289,-111.631783,30U,-3.139,1.262,-0.042,0.05160609727501608,-0.003617350013584799,-1.99334142843667
1433862539875506,51.7605697002,-1.2617194225,111.637207,5735838.142278156,619965.2198191067,-111.637207,30U,-3.226,1.313,-0.06,0.05096890557590211,-0.004723527395908896,-1.9925272509458243
1433862539973994,51.7605667492,-1.2617175107,111.642151,5735837.817252921,619965.359572481,-111.642151,30U,-3.328,1.358,-0.028,0.052333311938191865,-0.0052709861645401515,-1.9917312400984704
1433862540072482,51.7605637172,-1.2617155108,111.643814,5735837.483364891,619965.5056202597,-111.643814,30U,-3.424,1.404,-0.009,0.05220339999941983,-0.0041070000006941335,-1.9912727071799332
1433862540170970,51.7605604351,-1.2617138368,111.641846,5735837.121128072,619965.6298410421,-111.641846,30U,-3.53,1.434,-0.031,0.05355538316568974,-0.003046825895093031,-1.9913444942650373
1433862540269459,51.7605572064,-1.2617117803,111.645996,5735836.765458861,619965.7803161583,-111.645996,30U,-3.619,1.485,-0.049,0.05301083495000701,-0.0038254485367452636,-1.9913945019623642
1433862540367946,51.7605538936,-1.2617096508,111.65126,5735836.400557277,619965.9360518678,-111.65126,30U,-3.72,1.52,-0.053,0.05352014598561893,-0.004509558218699241,-1.9914623865610739
1433862540466435,51.7605505047,-1.2617074378,111.656265,5735836.027330245,619966.0977515576,-111.656265,30U,-3.81,1.568,-0.036,0.052853155890977235,-0.004048756564120624,-1.9915575294327883
1433862540572617,51.7605470307,-1.2617051595,111.659531,5735835.644746971,619966.2641831278,-111.659531,30U,-3.909,1.599,-0.043,0.051382677029951127,-0.002038985937407926,-1.9916716865496928
1433862540678799,51.7605434531,-1.2617028811,111.663132,5735835.250642887,619966.4308962415,-111.663132,30U,-3.995,1.656,-0.035,0.05213192286908311,-0.0009405464339253028,-1.991465358385551
1433862540777287,51.7605398046,-1.2617005053,111.668488,5735834.848814493,619966.6045187807,-111.668488,30U,-4.084,1.706,-0.05,0.0535024424338282,-0.002150024143957631,-1.991424362643457
1433862540875555,51.7605360781,-1.2616980484,111.671959,5735834.438445413,619966.7839447237,-111.671959,30U,-4.181,1.741,-0.033,0.054748672555956064,-0.002500025794522856,-1.991066424691058
1433862540967008,51.7605322641,-1.2616955341,111.676163,5735834.018440202,619966.967563746,-111.676163,30U,-4.283,1.775,-0.035,0.05666676177184511,-0.0038442042794741777,-1.9910512413912167
1433862541058462,51.7605283768,-1.2616929464,111.681107,5735833.59040431,619967.1564423493,-111.681107,30U,-4.367,1.805,-0.083,0.054272300000560984,-0.0046346999998379875,-1.9910579071701493
1433862541162775,51.760524346,-1.2616904756,111.689087,5735833.146218016,619967.3376342352,-111.689087,30U,-4.456,1.822,-0.082,0.05021984988690149,-0.004760842856457117,-1.9910495664860002
1433862541269470,51.7605202878,-1.2616878565,111.697273,5735832.69922862,619967.5291327975,-111.697273,30U,-4.528,1.89,-0.064,0.05156974768840256,-0.003939646333783805,-1.9908313121205603
1433862541376165,51.7605161731,-1.2616851196,111.702026,5735832.246149847,619967.7289104075,-111.702026,30U,-4.607,1.937,-0.036,0.05227177230246364,-0.0035975226160058797,-1.989949653533675
1433862541482091,51.7605119754,-1.2616823399,111.703583,5735831.783911359,619967.931861647,-111.703583,30U,-4.711,1.946,0.013,0.05250143440169375,-0.0028322873129415596,-1.9899207589795898
1433862541580580,51.7605077057,-1.26167951,111.701637,5735831.313748594,619968.1384680263,-111.701637,30U,-4.786,1.975,-0.001,0.04986457560190198,-0.00014338668693955316,-1.9897759388188287
1433862541678628,51.760503347,-1.2616767081,111.705315,5735830.833642413,619968.3433781147,-111.705315,30U,-4.857,1.998,-0.082,0.04727469479286056,0.0014734540662061121,-1.9897955567035934
1433862541770081,51.7604989399,-1.2616738317,111.717003,5735830.348276403,619968.5535577023,-111.717003,30U,-4.919,2.051,-0.111,0.04395396541947701,0.0009749457599620481,-1.9891981806963053
1433862541861534,51.7604944735,-1.2616708873,111.726402,5735829.85642772,619968.7685871259,-111.726402,30U,-4.996,2.069,-0.076,0.04271963252443626,0.001899855768174783,-1.9886876433714171
1433862541966324,51.760489942,-1.261667883,111.731308,5735829.3574380465,619968.9879227928,-111.731308,30U,-5.067,2.114,-0.027,0.04356435551644911,0.0028300593949154014,-1.9887657234156717
1433862542073019,51.7604853516,-1.2616648202,111.736717,5735828.851994556,619969.211451655,-111.736717,30U,-5.144,2.132,-0.087,0.043360799999810455,0.0012406999992690345,-1.9888299071658755
1433862542179715,51.7604806389,-1.2616618447,111.745148,5735828.332806933,619969.4292802775,-111.745148,30U,-5.213,2.169,-0.098,0.043349463194455505,-0.0022113429868088363,-1.9887971411049903
1433862542284505,51.7604758972,-1.2616587506,111.756912,5735827.810589427,619969.6553702748,-111.756912,30U,-5.298,2.184,-0.132,0.04203605064052006,-0.0074069464174599435,-1.9892278329152722
1433862542375958,51.7604710981,-1.2616555899,111.769539,5735827.282098242,619969.8862084702,-111.769539,30U,-5.354,2.241,-0.103,0.04360450988243474,-0.012816795324903933,-1.9894092929650065
1433862542467411,51.7604662455,-1.261652345,111.775284,5735826.747796033,619970.122999085,-111.775284,30U,-5.433,2.265,-0.019,0.04285530928223698,-0.012511640926995657,-1.9887652876244108
1433862542565460,51.7604613233,-1.2616490644,111.776215,5735826.2058125995,619970.3624378653,-111.776215,30U,-5.507,2.29,0.016,0.04506620508078486,-0.008846964692822814,-1.9887478296369554
1433862542663948,51.7604563233,-1.2616457858,111.773865,5735825.65517403,619970.6019449134,-111.773865,30U,-5.575,2.329,0.03,0.04597598066186581,-0.0040389631429512355,-1.9884696752748814
1433862542769874,51.7604512657,-1.2616424399,111.770538,5735825.098240694,619970.8462490045,-111.770538,30U,-5.64,2.365,0.027,0.04874531451417461,-0.0011445169357548763,-1.9873671858326076
1433862542876569,51.7604461537,-1.2616390483,111.772011,5735824.535332919,619971.0938510624,-111.772011,30U,-5.709,2.37,-0.052,0.049434971903179636,-0.0007312942708185508,-1.9870332749902635
1433862542983264,51.7604409879,-1.2616356266,111.780899,5735823.966491769,619971.3436729598,-111.780899,30U,-5.767,2.389,-0.107,0.04878625121527079,-0.002424204305803812,-1.9870521875351175
1433862543087578,51.7604357856,-1.2616321482,111.794296,5735823.393684871,619971.597504477,-111.794296,30U,-5.809,2.426,-0.13,0.048434099999745524,-0.004242000000096077,-1.9864055071632842
1433862543179031,51.7604304887,-1.2616287532,111.803543,5735822.810220668,619971.845831471,-111.803543,30U,-5.876,2.428,-0.061,0.04670790355315704,-0.00431533565126809,-1.98575666174542
1433862543270484,51.7604251774,-1.2616252615,111.807579,5735822.225314179,619972.1008698633,-111.807579,30U,-5.918,2.456,-0.046,0.04614969682184452,-0.0037687843142215306,-1.9849597023465249
1433862543368752,51.7604198312,-1.2616217307,111.812202,5735821.6365909185,619972.3586990793,-111.812202,30U,-5.963,2.467,-0.045,0.044723958741409685,-0.00542343352583324,-1.9842136690372083
1433862543467240,51.7604144528,-1.2616181711,111.818634,5735821.044334203,619972.6186011705,-111.818634,30U,-6.0,2.472,-0.103,0.04365414435855441,-0.008401235907613271,-1.983122274967149
1433862543573422,51.7604090406,-1.2616146025,111.827652,5735820.448333533,619972.8792140016,-111.827652,30U,-6.04,2.471,-0.08,0.04272706062304346,-0.012427800077969363,-1.9823305727966667
1433862543679605,51.7604035854,-1.261611065,111.834869,5735819.847499839,619973.1377946982,-111.834869,30U,-6.074,2.491,-0.041,0.04314827150114121,-0.014999666926667252,-1.9812850074773867
1433862543778093,51.7603981007,-1.2616075004,111.836472,5735819.2434301535,619973.3983237983,-111.836472,30U,-6.115,2.485,-0.019,0.04112679039233537,-0.01447351658616762,-1.9801340043221725
1433862543876581,51.7603925783,-1.2616039358,111.834946,5735818.635167998,619973.6589528978,-111.834946,30U,-6.158,2.485,0.044,0.03962174173198317,-0.011524430518468357,-1.9794094119289316
1433862543975069,51.7603870325,-1.2616003401,111.833199,5735818.0243547885,619973.9217902701,-111.833199,30U,-6.179,2.512,0.01,0.039353755715727044,-0.008481514859031496,-1.978218165565237
1433862544073557,51.7603814676,-1.2615967048,111.832016,5735817.411482696,619974.1874110929,-111.832016,30U,-6.207,2.514,0.007,0.03778899999965324,-0.005202600000091419,-1.9766668071797613
1433862544172045,51.7603758357,-1.2615931839,111.832031,5735816.790971599,619974.4453149502,-111.832031,30U,-6.249,2.5,-0.028,0.034435694081961156,-0.0016104443256406283,-1.9753585914850451
1433862544270532,51.7603702051,-1.261589604,111.839256,5735816.170702138,619974.7072869565,-111.839256,30U,-6.273,2.512,-0.096,0.03234947813174954,-0.0024759444361448805,-1.974022326534107
1433862544369020,51.7603645541,-1.261585989,111.848114,5735815.548221822,619974.9717353223,-111.848114,30U,-6.299,2.527,-0.079,0.032564204654445525,-0.005502448488863218,-1.9725090149824211
1433862544467509,51.7603588788,-1.2615823563,111.856972,5735814.923068322,619975.2374696286,-111.856972,30U,-6.331,2.509,-0.121,0.031555629569315465,-0.008867211163153758,-1.971496154236077
1433862544573691,51.7603531662,-1.2615787416,111.86702,5735814.293737229,619975.5020607128,-111.86702,30U,-6.375,2.5,-0.084,0.027213700695772565,-0.01180750795868883,-1.9711067830783826
1433862544679874,51.7603474153,-1.261575153,111.872643,5735813.660104008,619975.7649522523,-111.872643,30U,-6.394,2.521,-0.009,0.023684092289732388,-0.01201150082167678,-1.9703308647929905
1433862544778362,51.7603416503,-1.2615715301,111.873154,5735813.024959218,619976.0302482453,-111.873154,30U,-6.414,2.535,0.005,0.024432295251003062,-0.00955942138940514,-1.9694260828798975
1433862544876630,51.760335876,-1.2615678635,111.873184,5735812.388852109,619976.2985846552,-111.873184,30U,-6.428,2.552,-0.003,0.02590908468853363,-0.008547098899111481,-1.9686821579806775
1433862544968083,51.7603300804,-1.2615641978,111.875046,5735811.750374841,619976.5669154846,-111.875046,30U,-6.459,2.536,-0.025,0.02840472612521835,-0.009280376335199193,-1.9686590690723629
1433862545059536,51.7603242749,-1.2615605258,111.879494,5735811.110807008,619976.8357073809,-111.879494,30U,-6.46,2.54,-0.072,0.02722710000033783,-0.011812799999439072,-1.9685039071725587
1433862545163850,51.7603184313,-1.2615569399,111.88488,5735810.466860583,619977.0986586537,-111.88488,30U,-6.478,2.529,-0.051,0.022953797870918415,-0.011674071802221943,-1.967922869646184
1433862545270545,51.7603126126,-1.2615532933,111.889511,5735809.825783067,619977.3657328354,-111.889511,30U,-6.461,2.542,-0.053,0.023431422595332044,-0.010667698997976661,-1.9674806399005496
1433862545377240,51.7603068182,-1.2615496115,111.892517,5735809.187465788,619977.6351717863,-111.892517,30U,-6.429,2.564,0.006,0.02844599187149309,-0.010029218936951448,-1.9663636657613741
1433862545483166,51.7603010387,-1.2615459522,111.893921,5735808.550768481,619977.9030185931,-111.893921,30U,-6.438,2.493,-0.054,0.02742309467211703,-0.009576210709808406,-1.9661339841144565
1433862545581654,51.7602952632,-1.2615423661,111.901451,5735807.914395593,619978.165803386,-111.901451,30U,-6.407,2.489,-0.075,0.027912862594614583,-0.011816613159882243,-1.9668107248854088
1433862545679702,51.7602895055,-1.2615388067,111.906578,5735807.279958269,619978.4266985058,-111.906578,30U,-6.39,2.498,-0.044,0.02638326702675972,-0.011370909755250682,-1.9658550444240321
1433862545771155,51.7602837447,-1.2615352277,111.90802,5735806.645208461,619978.688954486,-111.90802,30U,-6.411,2.501,0.008,0.028038551262457138,-0.007925039398343853,-1.9651434191639081
1433862545862608,51.760277958,-1.2615316427,111.90889,5735806.007588294,619978.9516932443,-111.90889,30U,-6.453,2.491,-0.013,0.028404340335895163,-0.0048000229901262546,-1.965051119363732
1433862545967399,51.7602721476,-1.261528027,111.910934,5735805.367383053,619979.2166134783,-111.910934,30U,-6.476,2.515,-0.029,0.028286417583863185,-0.003065662020705976,-1.9645920586925354
1433862546074094,51.7602663073,-1.2615243966,111.915909,5735804.723876937,619979.4826274768,-111.915909,30U,-6.513,2.516,-0.067,0.024390999999937327,-0.003057800000085466,-1.964655507170432
1433862546180790,51.7602604193,-1.2615208238,111.925087,5735804.074971536,619979.7447930604,-111.925087,30U,-6.53,2.538,-0.11,0.024618074906860087,-0.004766284740704958,-1.9638653278346283
1433862546285580,51.760254529,-1.2615171769,111.934593,5735803.425932274,619980.0120783902,-111.934593,30U,-6.56,2.543,-0.085,0.023770590744629373,-0.0065749073579492,-1.9632908310168917
1433862546377033,51.7602486165,-1.2615135137,111.942139,5735802.774451063,619980.2805474894,-111.942139,30U,-6.583,2.555,-0.067,0.025247842633325194,-0.008037030774576633,-1.9629994149101226
1433862546468485,51.7602426832,-1.2615098427,111.948402,5735802.1206696015,619980.5496100674,-111.948402,30U,-6.61,2.541,-0.062,0.027110010583682485,-0.009802123470050102,-1.963066983202812
1433862546566534,51.7602367377,-1.2615061579,111.952347,5735801.465554141,619980.8196573813,-111.952347,30U,-6.61,2.555,-0.038,0.026566371623453523,-0.01007063882896039,-1.9631380093767221
1433862546665022,51.7602307917,-1.2615024875,111.957344,5735800.8103594035,619981.0887123522,-111.957344,30U,-6.613,2.54,-0.059,0.02529768811975143,-0.012423587945731162,-1.9628751524590224
1433862546770948,51.7602248604,-1.2614988145,111.962105,5735800.156803689,619981.3579078424,-111.962105,30U,-6.585,2.555,-0.021,0.02691041201120144,-0.015771627122965846,-1.9623185732961066
1433862546877643,51.7602189548,-1.2614951277,111.963387,5735799.506128696,619981.6279875936,-111.963387,30U,-6.557,2.545,-0.009,0.027917564249820066,-0.01523871841032623,-1.9616195671679006
1433862546984338,51.7602130728,-1.2614914786,111.966377,5735798.858016161,619981.8954031913,-111.966377,30U,-6.538,2.509,-0.045,0.03051493490721762,-0.013486764349258253,-1.9611882153962683
1433862547088652,51.7602072136,-1.2614878569,111.966515,5735798.212394072,619982.1608675539,-111.966515,30U,-6.501,2.498,0.022,0.031372600000835554,-0.01173140000035301,-1.9610584071789232
1433862547180105,51.7601909321,-1.261500851,127.628105,5735796.380410776,619981.307316655,-127.628105,30U,-6.402,2.549,0.02,0.028033931297387286,-0.008810692916478003,-1.9605817746724443
1433862547271558,51.7601613525,-1.2615349314,163.325302,5735793.0349052325,619979.0338658504,-163.325302,30U,-6.193,2.712,-0.072,0.02817488954367759,-0.009080510636585472,-1.9596516785213334
1433862547369827,51.7601361744,-1.2615620658,192.443024,5735790.190302182,619977.2280833563,-192.443024,30U,-6.029,2.872,-0.014,0.027729694792567244,-0.011988661123689931,-1.9585450171487357
1433862547468315,51.7601232041,-1.261569873,203.221573,5735788.7350790305,619976.7236965394,-203.221573,30U,-6.0,2.894,-0.003,0.02187544850688031,-0.013781725921360457,-1.9571229508518386
1433862547574497,51.7601167291,-1.261567415,204.205734,5735788.019061442,619976.9104868139,-204.205734,30U,-6.009,2.894,-0.002,0.023690768128742705,-0.015064508679961694,-1.9565543574881241
1433862547680680,51.7601559722,-1.2615055798,197.078171,5735792.4848682415,619981.0736659918,-197.078171,30U,-6.096,2.842,0.02,0.022377644906764003,-0.013513148385095566,-1.9556026666574309
1433862547779167,51.7601866055,-1.261471924,190.721878,5735795.946854321,619983.3150208913,-190.721878,30U,-6.192,2.774,0.059,0.022032702403704293,-0.011833631971883526,-1.9545396571911562
1433862547877655,51.7601606802,-1.2614597439,112.24839,5735793.083834414,619984.2242933137,-112.24839,30U,-6.569,2.445,0.02,0.024019536077448226,-0.010105695245280572,-1.9542452581770695
1433862547976143,51.7601546555,-1.2614562046,112.008766,5735792.41967223,619984.4845106229,-112.008766,30U,-6.584,2.478,-0.053,0.02450601341376993,-0.010837692948364858,-1.9531001420523286
1433862548074631,51.7601487118,-1.2614526339,111.994911,5735791.764569432,619984.7466801503,-111.994911,30U,-6.624,2.461,-0.033,0.021973899999257893,-0.012105299999306837,-1.9518563071729425
1433862548173119,51.7601427253,-1.2614491409,111.992592,5735791.104579183,619985.0036011749,-111.992592,30U,-6.668,2.456,-0.036,0.02004671809444084,-0.01144240072779369,-1.9507162894865597
1433862548271607,51.7601367236,-1.2614455915,111.993553,5735790.442991402,619985.2644546933,-111.993553,30U,-6.673,2.51,0.002,0.02350348701325409,-0.013004951990047801,-1.9489387287854834
1433862548370095,51.7601307016,-1.2614420131,111.992615,5735789.779193855,619985.5273633688,-111.992615,30U,-6.718,2.473,-0.022,0.022941232498632388,-0.013579949565436015,-1.9468453029167834
1433862548468584,51.7601246422,-1.2614384676,111.995331,5735789.111183073,619985.7881008491,-111.995331,30U,-6.76,2.453,-0.052,0.022562918488696442,-0.015397151868726552,-1.9454821368221122
1433862548574766,51.7601185597,-1.2614349157,111.997734,5735788.44061397,619986.0493412964,-111.997734,30U,-6.771,2.473,0.022,0.023015120666940378,-0.01674243372116039,-1.9436422261010105
1433862548680948,51.7601124708,-1.2614313896,111.995041,5735787.769290714,619986.3088183311,-111.995041,30U,-6.797,2.46,0.026,0.02274167795731771,-0.013244576077837114,-1.9410599528121688
1433862548779436,51.7601063588,-1.2614278865,111.993721,5735787.095360764,619986.5667694546,-111.993721,30U,-6.826,2.437,-0.011,0.023588953723745077,-0.012367841558699797,-1.9395451252674945
1433862548877704,51.7601002595,-1.2614243693,111.993347,5735786.4228663435,619986.8256600052,-111.993347,30U,-6.824,2.453,0.016,0.027067772006590655,-0.01453076129821925,-1.9379778753450199
1433862548969157,51.760094224,-1.2614208507,111.994827,5735785.757469205,619987.0844780871,-111.994827,30U,-6.825,2.436,-0.054,0.02833521635619443,-0.017591063025329257,-1.936737660732288
1433862549060611,51.7600883404,-1.2614173498,112.000656,5735785.108935206,619987.3416720475,-112.000656,30U,-6.857,2.413,-0.056,0.02281740000066664,-0.02095399999970108,-1.9354955071634765
1433862549164924,51.7600824631,-1.2614139827,111.999695,5735784.46088169,619987.5896158912,-111.999695,30U,-6.86,2.419,0.031,0.023700223296376412,-0.021536774479492836,-1.9342020545980378
1433862549271619,51.7600763695,-1.2614105037,111.993614,5735783.78895835,619987.845855418,-111.993614,30U,-6.858,2.428,0.079,0.022993533553360437,-0.0208462375754445,-1.9327557954197143
1433862549378315,51.7600702633,-1.2614070317,111.987976,5735783.115622306,619988.1016453455,-111.987976,30U,-6.875,2.395,0.021,0.021790767595978443,-0.017512022163358506,-1.931734693455535
1433862549484240,51.760064167,-1.261403601,111.982727,5735782.443319272,619988.3545589946,-111.982727,30U,-6.887,2.377,0.062,0.018068671148171043,-0.013639604395670406,-1.9313151046271029
1433862549582729,51.7600581285,-1.2614001515,111.977798,5735781.777474906,619988.6086168451,-111.977798,30U,-6.887,2.394,0.048,0.015303665998641181,-0.010437220213810983,-1.9299650875986698
1433862549680777,51.760052155,-1.2613967377,111.977013,5735781.11880023,619988.860038787,-111.977013,30U,-6.885,2.379,-0.043,0.010175120713156294,-0.012285361750585467,-1.9285826778178252
1433862549772230,51.7600462484,-1.2613933497,111.982109,5735780.467522827,619989.109502975,-111.982109,30U,-6.898,2.368,-0.048,0.010234994618863725,-0.01503389885119412,-1.928124309274397
1433862549863683,51.7600394628,-1.2613899426,111.98703,5735779.718526476,619989.3626157389,-111.98703,30U,-6.902,2.371,-0.042,0.009357204426856364,-0.016326050987515012,-1.9276078341648606
1433862549968473,51.7600326988,-1.2613865233,111.987312,5735778.971952266,619989.6165132223,-111.987312,30U,-6.919,2.371,0.069,0.010708068577021692,-0.014991086559942548,-1.9268810444544509
1433862550075168,51.7600262925,-1.2613831008,111.983711,5735778.265161844,619989.8696832566,-111.983711,30U,-6.923,2.382,0.013,0.011937999999525677,-0.013759200000411857,-1.9264342071792175
1433862550181864,51.7600199819,-1.2613796996,111.983635,5735777.5689788405,619990.1211297254,-111.983635,30U,-6.936,2.376,-0.019,0.010025018405916781,-0.017972058850597952,-1.925280592156231
1433862550286654,51.7600136869,-1.2613763329,111.984985,5735776.874473905,619990.3701540668,-111.984985,30U,-6.969,2.343,-0.031,0.005768982007209244,-0.024519307214927243,-1.9244637101555369
1433862550378107,51.7600074188,-1.2613729627,111.986305,5735776.182966192,619990.6193486865,-111.986305,30U,-6.964,2.352,0.012,0.0018132077053996452,-0.03041542970022941,-1.9232493839592397
1433862550469560,51.7600011653,-1.2613695514,111.980873,5735775.493149722,619990.8713409575,-111.980873,30U,-6.969,2.384,0.105,0.005711017619112533,-0.029608145855012872,-1.9219736054879246
1433862550567609,51.7599949042,-1.2613661162,111.967567,5735774.80252742,619991.1250027722,-111.967567,30U,-6.996,2.361,0.15,0.0055149592113997075,-0.0256244280412447,-1.9210931716160287
1433862550666097,51.7599886071,-1.2613627932,111.949783,5735774.107717104,619991.3710172116,-111.949783,30U,-7.04,2.309,0.176,-0.0006278789171859663,-0.020055803320340963,-1.921139914325924
1433862550772023,51.7599823085,-1.2613594664,111.940117,5735773.41274624,619991.6172979268,-111.940117,30U,-7.022,2.353,0.044,-0.003140770626201384,-0.018423770078195276,-1.9205422110170407
1433862550878717,51.7599759931,-1.2613560537,111.937569,5735772.716048452,619991.8695511783,-111.937569,30U,-7.01,2.389,0.03,-0.00011794094883475768,-0.018493726942977694,-1.918767161914571
1433862550985413,51.7599696425,-1.26135264,111.937111,5735772.015437855,619992.12196683,-111.937111,30U,-7.037,2.343,0.004,0.00408781716542528,-0.020065768729745494,-1.918413483403305
1433862551089727,51.7599632819,-1.2613492689,111.934692,5735771.313645122,619992.371469245,-111.934692,30U,-7.055,2.327,0.032,0.0028460000001006656,-0.021369299999146357,-1.9187562071635347
1433862551181180,51.7599569148,-1.2613459412,111.932442,5735770.611058151,619992.6179939351,-111.932442,30U,-7.058,2.344,0.019,0.001021858466671733,-0.024532160275069867,-1.9188063562150777
1433862551272633,51.7599505594,-1.2613425678,111.928909,5735769.909847497,619992.8676414125,-111.928909,30U,-7.057,2.363,0.062,0.0010680601227534968,-0.02696484971196242,-1.918051237419807
1433862551370901,51.7599442083,-1.2613391705,111.92202,5735769.209154364,619993.118926886,-111.92202,30U,-7.071,2.359,0.066,0.0041225581239551405,-0.026805903878998914,-1.9173436236069827
1433862551469388,51.7599378446,-1.2613357673,111.915009,5735768.507069753,619993.370652989,-111.915009,30U,-7.086,2.368,0.114,0.00794557603489893,-0.028918815263202325,-1.917513272420257
1433862551575571,51.7599314743,-1.2613323595,111.902519,5735767.804258758,619993.6227140983,-111.902519,30U,-7.101,2.345,0.125,0.0068959388031327,-0.027714680557534392,-1.9171883489065493
1433862551681754,51.7599250857,-1.2613290138,111.891914,5735767.099310526,619993.8705382858,-111.891914,30U,-7.112,2.342,0.083,0.005996442682511242,-0.023641266220851703,-1.9171596042413404
1433862551780242,51.7599186953,-1.2613256294,111.883018,5735766.394225809,619994.1210379878,-111.883018,30U,-7.109,2.379,0.109,0.007949119395365013,-0.020182359390641814,-1.9165862369134292
1433862551878730,51.7599123047,-1.2613222112,111.872543,5735765.689174473,619994.3738708148,-111.872543,30U,-7.114,2.366,0.068,0.009374894419184132,-0.017338243082514925,-1.915796989513633
1433862551977218,51.7599058934,-1.2613188278,111.868317,5735764.981763923,619994.6243570487,-111.868317,30U,-7.13,2.339,0.001,0.007681693664705367,-0.01717789221063435,-1.9159231041081353
1433862552075706,51.7598994788,-1.2613154379,111.869713,5735764.273997097,619994.87530066,-111.869713,30U,-7.13,2.355,-0.003,0.007594799999197888,-0.01871360000006951,-1.915817407178074
1433862552174194,51.7598930594,-1.2613120684,111.868431,5735763.565662929,619995.1248492626,-111.868431,30U,-7.129,2.361,0.021,0.01003807153315156,-0.0194637895422187,-1.9153167980190098
1433862552272681,51.7598866394,-1.2613086834,111.865654,5735762.857287552,619995.3754691735,-111.865654,30U,-7.145,2.349,0.028,0.009992853137974505,-0.02127078899453194,-1.9149372406906198
1433862552371170,51.7598802072,-1.2613053175,111.861488,5735762.147524041,619995.6248034063,-111.861488,30U,-7.151,2.345,0.04,0.009488203473623606,-0.02222336042237224,-1.9146641165768892
1433862552469658,51.7598737746,-1.2613019394,111.858208,5735761.437736138,619995.8749806846,-111.858208,30U,-7.168,2.345,0.052,0.006924688255779974,-0.022845702804359706,-1.9140875983886263
1433862552575840,51.7598673379,-1.2612985369,111.851303,5735760.727532443,619996.1268527394,-111.851303,30U,-7.166,2.362,0.076,0.008783135001856398,-0.02298696237301872,-1.9129041622162548
1433862552682023,51.7598608947,-1.2612951846,111.844025,5735760.016523326,619996.3752777968,-111.844025,30U,-7.182,2.343,0.074,0.007792600221069593,-0.023074967975575338,-1.9118928555110766
1433862552780510,51.7598544341,-1.2612918552,111.836906,5735759.30354155,619996.6221687272,-111.836906,30U,-7.199,2.318,0.029,0.005487274959374865,-0.02339693367979946,-1.9112281477032125
1433862552878778,51.7598479636,-1.2612885162,111.833092,5735758.58947464,619996.8697484656,-111.833092,30U,-7.2,2.348,0.064,0.010004453069167486,-0.025067930523085966,-1.9103654351365966
1433862552970231,51.7598414879,-1.2612851265,111.825768,5735757.874912886,619997.1208408559,-111.825768,30U,-7.219,2.353,0.079,0.0112252418828362,-0.025740174992527304,-1.9093793677599042
1433862553061685,51.7598349824,-1.2612817642,111.816231,5735757.156992114,619997.3701214521,-111.816231,30U,-7.26,2.303,0.088,0.007461300000332291,-0.025247099999219126,-1.9085928071723184
1433862553165998,51.7598284417,-1.2612784827,111.807114,5735756.435023948,619997.6139194414,-111.807114,30U,-7.272,2.327,0.088,0.006070576207460146,-0.024289419865249202,-1.9076326436233182
1433862553272694,51.7598219035,-1.2612751188,111.797516,5735755.713469383,619997.8633972834,-111.797516,30U,-7.277,2.37,0.098,0.007286282264554555,-0.023770488541639035,-1.9052813441009997
1433862553379389,51.7598153457,-1.2612717494,111.787773,5735754.989744237,619998.1133067142,-111.787773,30U,-7.319,2.322,0.091,0.007025532172192364,-0.022994897770771638,-1.903399501635179
1433862553485315,51.7598087509,-1.261268434,111.779861,5735754.261815619,619998.3595877747,-111.779861,30U,-7.354,2.297,0.059,0.004477383299086199,-0.020372168976835105,-1.9028288139636285
1433862553583803,51.759802136,-1.2612651075,111.771835,5735753.531670028,619998.6066882045,-111.771835,30U,-7.37,2.316,0.076,0.0033521897639274736,-0.017843205550010354,-1.9018852719006802
1433862553681851,51.7597955073,-1.2612618008,111.764023,5735752.799957224,619998.8524588916,-111.764023,30U,-7.385,2.321,0.065,0.0014460189110627722,-0.016041135877907807,-1.9004441522283115
1433862553773304,51.7597888603,-1.2612584987,111.761391,5735752.066201786,619999.0979607187,-111.761391,30U,-7.408,2.305,-0.002,9.15222420318529e-05,-0.016707998750264328,-1.8994657611412822
1433862553864757,51.7597821964,-1.26125519,111.762039,5735751.330577833,619999.3439628866,-111.762039,30U,-7.42,2.317,0.01,0.002231334602417076,-0.018401575706972702,-1.8986248099506453
1433862553969548,51.7597755212,-1.2612518503,111.760139,5735750.593748266,619999.5921343917,-111.760139,30U,-7.439,2.318,0.023,0.0025435725063610343,-0.01837797294929155,-1.897759206420656
1433862554076243,51.759768825,-1.2612485099,111.756615,5735749.854584529,619999.8404099498,-111.756615,30U,-7.46,2.308,0.032,0.0031065999993831737,-0.019493400000692565,-1.8971192071691994
1433862554182939,51.7597621047,-1.2612452139,111.752792,5735749.112667677,620000.0856854294,-111.752792,30U,-7.481,2.313,0.048,0.0035041502394457798,-0.02086031376232692,-1.8964632594655573
1433862554287729,51.7597553727,-1.2612418882,111.749451,5735748.36949859,620000.3330415951,-111.749451,30U,-7.496,2.326,0.023,0.004785702502527117,-0.023980176213263378,-1.895721392763311
1433862554379182,51.7597486235,-1.2612385527,111.745476,5735747.624432889,620000.5811197296,-111.745476,30U,-7.517,2.322,0.069,0.006779554319726249,-0.02751684856368898,-1.8952169520480326
1433862554470634,51.759741866,-1.2612352036,111.738647,5735746.878466565,620000.8301584754,-111.738647,30U,-7.52,2.326,0.08,0.009639232594329158,-0.028339474943861333,-1.8947216897923982
1433862554568683,51.7597351136,-1.2612318455,111.730034,5735746.133082217,620001.0798048566,-111.730034,30U,-7.511,2.322,0.117,0.012852058667460229,-0.027238102297633675,-1.8941479419652565
1433862554667171,51.7597283674,-1.2612285202,111.717957,5735745.388333389,620001.3271713364,-111.717957,30U,-7.508,2.299,0.12,0.013394776334699578,-0.024582496795918517,-1.893476907199228
1433862554773097,51.7597216381,-1.261225212,111.707352,5735744.645435823,620001.5733129993,-111.707352,30U,-7.475,2.298,0.097,0.013993432198909753,-0.02333644670799365,-1.892999052927366
1433862554879792,51.7597149345,-1.2612219082,111.700264,5735743.905389035,620001.8190829419,-111.700264,30U,-7.445,2.294,0.065,0.015330679054631573,-0.022573190840429882,-1.8921743271377602
1433862554986487,51.7597082488,-1.2612186266,111.697296,5735743.167296323,620002.0632734649,-111.697296,30U,-7.441,2.254,0.041,0.012408571618048534,-0.022361587804341828,-1.8918333053178973
1433862555090801,51.7597015786,-1.2612153658,111.691673,5735742.430893095,620002.3059875444,-111.691673,30U,-7.404,2.262,0.053,0.014086799999216557,-0.02123459999915355,-1.8912792071754199
1433862555182254,51.7596949389,-1.2612121257,111.686401,5735741.697847612,620002.5471923077,-111.686401,30U,-7.375,2.24,0.052,0.015355776081187808,-0.02075489336921366,-1.890708248908022
1433862555273707,51.75968832,-1.2612089098,111.684258,5735740.967075414,620002.7866719395,-111.684258,30U,-7.358,2.22,0.02,0.014701157344541839,-0.023023314561918154,-1.8905442267570038
1433862555371975,51.7596817217,-1.26120571,111.680885,5735740.238567587,620003.0249859503,-111.680885,30U,-7.326,2.219,0.044,0.016001261319617207,-0.02436582194123458,-1.8902087090772832
1433862555470464,51.7596751506,-1.2612025134,111.676727,5735739.51307932,620003.2630070704,-111.676727,30U,-7.301,2.207,0.052,0.01578957694071403,-0.02316690066494205,-1.8897812769311793
1433862555576646,51.7596686038,-1.2611993257,111.670425,5735738.790278732,620003.5003496311,-111.670425,30U,-7.276,2.197,0.078,0.01843827073089711,-0.020187246082163938,-1.8893425545293963
1433862555682829,51.7596620822,-1.2611961634,111.664627,5735738.070238761,620003.7358725767,-111.664627,30U,-7.245,2.197,0.073,0.022732918895057543,-0.017513827919399864,-1.8893647298451137
1433862555781316,51.7596555906,-1.2611930005,111.662071,5735737.353535979,620003.971357445,-111.662071,30U,-7.215,2.181,0.019,0.02438634955967341,-0.01725481818908262,-1.8898399676938942
1433862555879804,51.7596491179,-1.2611898737,111.664398,5735736.6388756065,620004.2043009911,-111.664398,30U,-7.195,2.162,-0.023,0.026021886517131217,-0.018908584967460507,-1.8903895065302203
1433862555978292,51.7596426718,-1.2611867382,111.666664,5735735.927187649,620004.4377744565,-111.666664,30U,-7.157,2.169,-0.005,0.02527769135193124,-0.021496816407197528,-1.8906195345900878
1433862556076780,51.7596362507,-1.2611836026,111.665527,5735735.218280026,620004.6711885947,-111.665527,30U,-7.127,2.168,0.035,0.026808000000231934,-0.021891399999429448,-1.8908611071651995
1433862556175268,51.7596298554,-1.2611804843,111.66394,5735734.51221307,620004.9033405065,-111.66394,30U,-7.104,2.156,0.019,0.027188395146003953,-0.023313122368725434,-1.8914724960719862
1433862556273756,51.7596234786,-1.2611773795,111.658264,5735733.808181228,620005.1345117851,-111.658264,30U,-7.076,2.152,0.077,0.027987312333081372,-0.023372466973666604,-1.892642357143249
1433862556372245,51.7596171296,-1.2611742762,111.651558,5735733.107238466,620005.365505895,-111.651558,30U,-7.051,2.138,0.047,0.026860463326947193,-0.022401620138651483,-1.8937002121810038
1433862556470733,51.7596108089,-1.2611711671,111.647743,5735732.409452397,620005.5968252836,-111.647743,30U,-7.015,2.157,0.055,0.029368154323056138,-0.021892205765585215,-1.8945076481107204
1433862556576915,51.7596045184,-1.2611680535,111.642708,5735731.715032175,620005.8283751996,-111.642708,30U,-6.99,2.141,0.066,0.02925672889950392,-0.019861941627657927,-1.8953809411250615
1433862556683097,51.7595982559,-1.2611649698,111.640427,5735731.023676541,620006.0577875236,-111.640427,30U,-6.958,2.141,0.031,0.030444453539579048,-0.01775638556357725,-1.8964009725391846
1433862556781585,51.7595920253,-1.2611618767,111.643578,5735730.335883868,620006.2877640165,-111.643578,30U,-6.925,2.148,0.003,0.03175674053591588,-0.019611761449958676,-1.897181587453234
1433862556879853,51.7595858318,-1.2611587673,111.648102,5735729.652243779,620006.518767061,-111.648102,30U,-6.889,2.149,0.024,0.035741153891316255,-0.021689727797773447,-1.897811421051916
1433862556971306,51.7595796664,-1.261155669,111.654411,5735728.9717103345,620006.7489296388,-111.654411,30U,-6.86,2.138,0.0,0.0377980155205937,-0.022222835919516088,-1.8983952662894583
1433862557062759,51.7595735166,-1.2611525817,111.657257,5735728.29289362,620006.9782917968,-111.657257,30U,-6.841,2.128,0.043,0.04015469999975624,-0.02150729999962099,-1.898935707178179
1433862557167073,51.7595673882,-1.2611495206,111.6493,5735727.616413619,620007.2057891964,-111.6493,30U,-6.808,2.132,0.074,0.04254678273891691,-0.019142412680668262,-1.8987772062889832
1433862557273768,51.7595612829,-1.2611464586,111.641533,5735726.942503977,620007.4332875091,-111.641533,30U,-6.784,2.111,0.03,0.04189338038331318,-0.018749770479249864,-1.898121946419599
1433862557380463,51.7595551962,-1.2611434351,111.636765,5735726.270599431,620007.6580796606,-111.636765,30U,-6.753,2.095,0.007,0.042500292098198916,-0.01877599999934317,-1.8980270168794788
1433862557486389,51.759549149,-1.2611403955,111.633438,5735725.603114039,620007.8838781953,-111.633438,30U,-6.716,2.108,0.006,0.046710522838578676,-0.018096191796522464,-1.8973758305911155
1433862557584878,51.759543131,-1.2611373723,111.632248,5735724.938848896,620008.1084675879,-111.632248,30U,-6.708,2.063,0.02,0.04252822673864891,-0.019687716438912206,-1.8970546349610642
1433862557682926,51.7595371437,-1.2611344335,111.628708,5735724.277858916,620008.3271511556,-111.628708,30U,-6.687,2.037,0.018,0.04096008341354614,-0.020998519716889277,-1.8968942113473508
1433862557774379,51.7595312174,-1.2611314779,111.626381,5735723.623680178,620008.5468324021,-111.626381,30U,-6.638,2.068,0.001,0.04136373797931951,-0.023221708159083622,-1.8960783599286732
1433862557865832,51.7595253784,-1.2611284912,111.623177,5735722.979260938,620008.7684284379,-111.623177,30U,-6.615,2.06,0.053,0.04485590383168067,-0.02337008681231512,-1.894613902551305
1433862557970622,51.7595196067,-1.261125562,111.616135,5735722.342231277,620008.9858779742,-111.616135,30U,-6.618,1.99,0.037,0.04260391241631753,-0.024208863193549743,-1.8947637035326852
1433862558077317,51.7595138522,-1.2611226883,111.607483,5735721.707023052,620009.1994518763,-111.607483,30U,-6.581,1.998,0.088,0.03992900000038634,-0.02476739999978506,-1.8948135071661159
1433862558184013,51.7595079896,-1.2611198102,111.596436,5735721.059800668,620009.4136161138,-111.596436,30U,-6.55,2.0,0.056,0.03799838689170627,-0.02286966154463108,-1.8938320098468033
1433862558288803,51.7595020833,-1.2611169206,111.592354,5735720.4077375,620009.6286898972,-111.592354,30U,-6.519,2.012,0.019,0.04171659790149552,-0.023616370052021773,-1.892651585938188
1433862558380256,51.7594961934,-1.2611140488,111.581841,5735719.757468834,620009.8424918593,-111.581841,30U,-6.51,1.973,0.089,0.043343686165103375,-0.02134785183646416,-1.8922766197507555
1433862558471709,51.7594903428,-1.2611112131,111.573326,5735719.111511186,620010.0536983857,-111.573326,30U,-6.484,1.958,0.034,0.043232129267643936,-0.021129851884178878,-1.8923852312584943
1433862558569757,51.7594845432,-1.2611083886,111.568031,5735718.471206637,620010.26399681,-111.568031,30U,-6.46,1.95,0.025,0.04270935116156789,-0.02205698766715345,-1.8921194247867188
1433862558668245,51.7594787903,-1.261105585,111.563103,5735717.836061043,620010.4727291333,-111.563103,30U,-6.43,1.948,0.014,0.04136362944776531,-0.022645232251421725,-1.8915173239811591
1433862558774171,51.7594730675,-1.2611027873,111.556427,5735717.204253058,620010.6809745282,-111.556427,30U,-6.407,1.941,0.037,0.04192261999073692,-0.022764924718446006,-1.8909757717191307
1433862558880866,51.75946692,-1.2610999988,111.550186,5735716.525200616,620010.8897112316,-111.550186,30U,-6.381,1.933,0.055,0.04473056292592756,-0.023002821541141083,-1.8906259737031106
1433862558987562,51.7594610138,-1.2610972094,111.54689,5735715.872983747,620011.0978702505,-111.54689,30U,-6.354,1.924,0.052,0.04524834212802789,-0.022435947007344335,-1.8902051456734563
1433862559091876,51.7594552665,-1.2610944567,111.542709,5735715.2383771865,620011.3030752842,-111.542709,30U,-6.343,1.884,0.053,0.04243329999978225,-0.020895200000318383,-1.890035607164991
1433862559183329,51.7594495672,-1.2610917508,111.539734,5735714.609031525,620011.504923394,-111.539734,30U,-6.314,1.882,0.039,0.04017044172816389,-0.0193834543877079,-1.889805240301809
1433862559274782,51.7594439049,-1.2610890306,111.535645,5735713.98382404,620011.7076602876,-111.535645,30U,-6.279,1.893,0.045,0.040632409185888355,-0.01695766764946717,-1.8893584835735204
1433862559373050,51.7594382798,-1.2610862892,111.532059,5735713.362788321,620011.911761608,-111.532059,30U,-6.242,1.895,0.026,0.042819935877472716,-0.01599038063511831,-1.8891185762694083
1433862559471538,51.7594326723,-1.2610835836,111.531189,5735712.743650933,620012.1133457279,-111.531189,30U,-6.23,1.86,0.002,0.0451702019955775,-0.016777512859922104,-1.889786939459951
1433862559577720,51.7594270866,-1.2610808992,111.531044,5735712.126902966,620012.313409063,-111.531044,30U,-6.198,1.849,-0.021,0.042294372297468984,-0.01780868796744481,-1.8907764213638851
1433862559683902,51.7594215253,-1.261078238,111.53196,5735711.512830263,620012.5118066971,-111.53196,30U,-6.168,1.85,-0.005,0.040667402878565885,-0.018460743382651607,-1.8917678505142126
1433862559782391,51.7594159992,-1.261075552,111.531342,5735710.902712842,620012.7118224979,-111.531342,30U,-6.128,1.867,0.002,0.04120302696921976,-0.018154112432705483,-1.8926493648496354
1433862559880879,51.7594105025,-1.261072855,111.529175,5735710.295882997,620012.9125194985,-111.529175,30U,-6.097,1.863,0.043,0.04066684170634215,-0.015840191215005177,-1.8937992081288415
1433862559979367,51.759405032,-1.2610701656,111.527206,5735709.691954258,620013.1126225874,-111.527206,30U,-6.067,1.853,0.004,0.04228607560957958,-0.013964807760706141,-1.8950122155194493
1433862560077855,51.7593995874,-1.2610674849,111.528114,5735709.090891455,620013.3120566506,-111.528114,30U,-6.04,1.845,-0.004,0.03966809999994937,-0.016117200000554135,-1.8962767071733844
1433862560176343,51.7593941692,-1.2610648589,111.528015,5735708.492674495,620013.5076458729,-111.528015,30U,-6.009,1.833,-0.007,0.03695769507274977,-0.018092344710369287,-1.8975606283910582
1433862560274830,51.7593887938,-1.261062193,111.529808,5735707.899282833,620013.7058751669,-111.529808,30U,-5.955,1.861,-0.023,0.03986836377500421,-0.018415789216360667,-1.8990231805495617
1433862560373318,51.7593834572,-1.2610595048,111.533081,5735707.310242678,620013.9055405535,-111.533081,30U,-5.92,1.854,-0.025,0.04224854786288911,-0.018674625394627758,-1.900049864443208
1433862560471807,51.7593781437,-1.2610568403,111.531456,5735706.723732397,620014.1035091764,-111.531456,30U,-5.903,1.814,0.059,0.041658285808905224,-0.01644717184072577,-1.9013167935541633
1433862560577989,51.7593728482,-1.2610542277,111.526924,5735706.139138435,620014.2978484598,-111.526924,30U,-5.869,1.805,0.045,0.03956319827156591,-0.0147952658992351,-1.9036811921390375
1433862560684172,51.759367621,-1.2610515494,111.525604,5735705.562247987,620014.4965406698,-111.525604,30U,-5.784,1.867,-0.025,0.04099045887252044,-0.015751592198757547,-1.9042844577773401
1433862560782659,51.7593624524,-1.2610488383,111.530365,5735704.9919282105,620014.6973410776,-111.530365,30U,-5.728,1.847,-0.037,0.048265015920912306,-0.021588761429060736,-1.9047744790710306
1433862560880927,51.7593573377,-1.2610461799,111.534988,5735704.427515743,620014.8943617395,-111.534988,30U,-5.658,1.804,-0.038,0.05304428649070142,-0.026282942185229505,-1.9069964321726707
1433862560972380,51.7593522853,-1.2610435874,111.537209,5735703.869922993,620015.0866694362,-111.537209,30U,-5.582,1.762,-0.003,0.053313319069208887,-0.028756626163429652,-1.9087581820407735
1433862561063834,51.7593473062,-1.2610410431,111.536827,5735703.32040236,620015.275456487,-111.536827,30U,-5.496,1.744,0.02,0.0510026000001059,-0.0290818999996246,-1.9096069071722446
1433862561168147,51.7593424153,-1.2610385351,111.530449,5735702.780630398,620015.4615046049,-111.530449,30U,-5.406,1.733,0.099,0.050325127101929566,-0.027770990439822722,-1.9102360752070695
1433862561274843,51.7593376101,-1.2610360102,111.520638,5735702.250416633,620015.6484917849,-111.520638,30U,-5.305,1.73,0.1,0.05529671909562886,-0.025329353413694865,-1.9103952277673018
1433862561381538,51.7593328761,-1.2610335231,111.514336,5735701.728058566,620015.8326815923,-111.514336,30U,-5.247,1.685,0.053,0.058199195798333096,-0.02487411788811755,-1.9110288141554876
1433862561487464,51.7593281844,-1.2610311002,111.51062,5735701.2102988865,620016.0123287805,-111.51062,30U,-5.199,1.66,0.027,0.058191025276804656,-0.02562385898013274,-1.9122104789233882
1433862561585952,51.7593235185,-1.2610287053,111.506126,5735700.69536226,620016.189975288,-111.506126,30U,-5.18,1.646,0.047,0.05532800700400945,-0.02407100212477422,-1.9135876699952363
1433862561684000,51.7593188793,-1.261026313,111.501579,5735700.183390569,620016.3673715994,-111.501579,30U,-5.134,1.671,0.048,0.0560164489108168,-0.021940932345862606,-1.914683765720501
1433862561775453,51.7593142775,-1.2610238933,111.49823,5735699.675623092,620016.5465596605,-111.49823,30U,-5.107,1.668,0.029,0.05556502221552079,-0.019896664270702618,-1.9151991387418812
1433862561866907,51.7593096915,-1.2610214893,111.494034,5735699.169586844,620016.7246223888,-111.494034,30U,-5.087,1.66,0.069,0.0574291357035939,-0.018052030669446387,-1.9162556358960248
1433862561971697,51.7593051266,-1.2610190956,111.488449,5735698.665880107,620016.9019183872,-111.488449,30U,-5.068,1.641,0.032,0.055595606651493074,-0.016578646341361195,-1.917575902216561
1433862562078392,51.7593005859,-1.2610167096,111.486366,5735698.164851899,620017.0786188629,-111.486366,30U,-5.029,1.663,0.024,0.05577109999996395,-0.016341600000157323,-1.9184440071698876
1433862562185088,51.7592960867,-1.2610143194,111.486069,5735697.66844567,620017.2554991662,-111.486069,30U,-4.995,1.665,-0.015,0.055974953913799495,-0.016374929373040085,-1.9187607248086775
1433862562289878,51.7592916088,-1.2610119323,111.488029,5735697.174403042,620017.432109086,-111.488029,30U,-4.976,1.639,-0.029,0.054428548184564766,-0.017450036503503946,-1.9196058609847013
1433862562381331,51.7592871476,-1.2610095692,111.489433,5735696.682178069,620017.6070184949,-111.489433,30U,-4.946,1.641,0.0,0.056123685516238975,-0.018515889844168524,-1.9205995015020974
1433862562472783,51.7592827141,-1.2610071958,111.488625,5735696.193050469,620017.7825652907,-111.488625,30U,-4.923,1.634,0.025,0.054847294013732194,-0.018970342350466213,-1.921382316630562
1433862562570832,51.7592783021,-1.2610048372,111.486847,5735695.706289455,620017.9570337465,-111.486847,30U,-4.893,1.631,0.003,0.05562753245153532,-0.018455830247645987,-1.9218940689664092
1433862562669320,51.7592739321,-1.2610024597,111.486145,5735695.224230218,620018.1326951607,-111.486145,30U,-4.861,1.637,0.011,0.05653357115353339,-0.01877874053104261,-1.9218990239037954
1433862562775246,51.7592695818,-1.2610001078,111.485794,5735694.74431962,620018.3065376895,-111.485794,30U,-4.834,1.609,0.007,0.058422436230851846,-0.019461527771786367,-1.9225767778732852
1433862562881942,51.7592652662,-1.2609977738,111.485954,5735694.268238435,620018.4790529384,-111.485954,30U,-4.779,1.613,0.005,0.06186136780616991,-0.020114915663846586,-1.922882441102738
1433862562988636,51.7592610031,-1.2609954385,111.48661,5735693.797997724,620018.6515187115,-111.48661,30U,-4.712,1.6,-0.003,0.06714855920097118,-0.02412004212778803,-1.9230929758245363
1433862563092950,51.7592568001,-1.2609931576,111.485947,5735693.3343509985,620018.8200709538,-111.485947,30U,-4.641,1.544,0.024,0.06682080000021343,-0.026853599999432636,-1.923979207174062
1433862563184403,51.7592526709,-1.2609909581,111.482941,5735692.878777351,620018.9828100424,-111.482941,30U,-4.563,1.488,0.025,0.06367512133536785,-0.0241000311931303,-1.9247164992112593
1433862563275856,51.7592486208,-1.2609887878,111.480797,5735692.431952081,620019.1433242848,-111.480797,30U,-4.472,1.483,0.001,0.058035345602388794,-0.01882824120149518,-1.9244529592589572
1433862563374125,51.7592446363,-1.2609866458,111.481659,5735691.992375378,620019.301711587,-111.481659,30U,-4.413,1.46,-0.006,0.0551660473364936,-0.016902559969166234,-1.924073139625034
1433862563472613,51.7592407007,-1.2609845162,111.477722,5735691.558216264,620019.4591135078,-111.477722,30U,-4.35,1.477,0.104,0.05816064767107538,-0.015975414190691036,-1.9243292248223154
1433862563578795,51.7592368252,-1.2609823706,111.465111,5735691.130766985,620019.6174602504,-111.465111,30U,-4.288,1.465,0.112,0.06232021756654357,-0.012022450408283886,-1.9238293349657953
1433862563684978,51.7592330012,-1.2609802908,111.460213,5735690.708936553,620019.771129537,-111.460213,30U,-4.247,1.4,-0.019,0.06366559119362546,-0.011264847761651094,-1.924959336696293
1433862563783465,51.7592292262,-1.2609782618,111.466743,5735690.292471641,620019.9211631586,-111.466743,30U,-4.178,1.389,-0.123,0.06083053096614551,-0.013732487244027234,-1.9259885792600762
1433862563881953,51.7592254964,-1.2609762766,111.478546,5735689.880961178,620020.0680542649,-111.478546,30U,-4.135,1.348,-0.117,0.05646869053873781,-0.017696437057261597,-1.926811886690412
1433862563980441,51.7592218132,-1.2609743221,111.485435,5735689.474582415,620020.2127031852,-111.485435,30U,-4.07,1.35,-0.023,0.05252554722835813,-0.02010466740638347,-1.927587325935284
1433862564078929,51.7592181833,-1.260972367,111.48307,5735689.07413194,620020.3572521898,-111.48307,30U,-4.012,1.345,0.036,0.05041260000032788,-0.019201099999849116,-1.9272594071747808
1433862564177417,51.7592146156,-1.2609704362,111.479988,5735688.680558513,620020.499959307,-111.479988,30U,-3.96,1.326,0.03,0.05108284013016557,-0.0190367355775473,-1.9274731719425193
1433862564275905,51.759211091,-1.2609685125,111.477119,5735688.2917663995,620020.6420621736,-111.477119,30U,-3.9,1.326,0.031,0.05344658406647202,-0.018687881009726365,-1.9280031766698844
1433862564374393,51.759207618,-1.2609665959,111.476326,5735687.908700854,620020.7835382479,-111.476326,30U,-3.848,1.306,-0.011,0.05485016137152706,-0.01890792759617906,-1.9279946471236566
1433862564472881,51.7592041787,-1.2609647344,111.478081,5735687.529292289,620020.9211224763,-111.478081,30U,-3.807,1.271,-0.005,0.05560546762737649,-0.02002722062168641,-1.9282692082018669
1433862564579063,51.7592007848,-1.2609628982,111.47879,5735687.1548908595,620021.0568403547,-111.47879,30U,-3.752,1.257,-0.015,0.05513673830161755,-0.020467270679723284,-1.9282427393238293
1433862564685246,51.7591974439,-1.2609610937,111.48027,5735686.786331203,620021.1902300576,-111.48027,30U,-3.707,1.227,-0.003,0.054632403651743336,-0.02213521959170518,-1.928746016899334
1433862564783734,51.75919415,-1.260959317,111.47834,5735686.422952498,620021.3215766388,-111.47834,30U,-3.646,1.218,0.033,0.05268442038755691,-0.021473131770885175,-1.929158309780254
1433862564882002,51.7591909034,-1.2609575621,111.474945,5735686.064797981,620021.4512933673,-111.474945,30U,-3.596,1.199,0.023,0.0501799628948853,-0.01971415066169216,-1.9287887557017522
1433862564973456,51.759187698,-1.2609558365,111.473328,5735685.71117695,620021.5788788368,-111.473328,30U,-3.544,1.183,0.009,0.05044589290455592,-0.01956565343602727,-1.9285275436696063
1433862565064908,51.7591845413,-1.2609541292,111.472633,5735685.362941555,620021.7050722773,-111.472633,30U,-3.484,1.17,0.009,0.05186909999926664,-0.019268499999165266,-1.9289406071657507
1433862565169222,51.7591814554,-1.260952441,111.472069,5735685.022548139,620021.8297598743,-111.472069,30U,-3.418,1.165,0.011,0.0555102857161372,-0.01781031981189818,-1.9293371080981592
1433862565275917,51.7591784191,-1.2609507692,111.47142,5735684.687643572,620021.953184174,-111.47142,30U,-3.369,1.132,0.014,0.058206765329696236,-0.016334440978960894,-1.9295841578131694
1433862565382612,51.759175425,-1.2609491348,111.46965,5735684.357370366,620022.0739155725,-111.46965,30U,-3.314,1.117,0.026,0.06127393807947747,-0.01583157925956634,-1.930082347823718
1433862565488538,51.7591724771,-1.2609475382,111.469276,5735684.03217269,620022.1919158564,-111.469276,30U,-3.259,1.08,-0.019,0.06051953303834995,-0.017234415077196634,-1.930584300205628
1433862565587027,51.7591695706,-1.2609460122,111.471458,5735683.711462775,620022.304934195,-111.471458,30U,-3.212,1.028,-0.027,0.05649174560162772,-0.01860777225583548,-1.931272689635621
1433862565685075,51.7591667274,-1.260944503,111.472435,5735683.397764575,620022.4166252989,-111.472435,30U,-3.137,1.02,-0.004,0.050323792389309376,-0.018652672803866465,-1.9315192524561298
1433862565776528,51.759163955,-1.2609429998,111.472153,5735683.091929912,620022.5277145975,-111.472153,30U,-3.048,1.027,0.004,0.04950918498896249,-0.017778994946170676,-1.931471198323288
1433862565867982,51.759161266,-1.2609414943,111.473274,5735682.795373645,620022.638741467,-111.473274,30U,-2.956,1.02,-0.018,0.05075617348283029,-0.017516752464653007,-1.931543119659118
1433862565972771,51.7591586439,-1.2609400374,111.47625,5735682.506177104,620022.7462370053,-111.47625,30U,-2.888,0.978,-0.033,0.054760581818833705,-0.017632699777988415,-1.9317706999994293
1433862566079466,51.7591560804,-1.2609386349,111.480118,5735682.22340773,620022.8498229599,-111.480118,30U,-2.817,0.956,-0.024,0.058941199999363175,-0.01935460000063001,-1.9324585071701303
1433862566186162,51.7591535828,-1.260937282,111.478828,5735681.947885233,620022.9498112212,-111.478828,30U,-2.759,0.912,0.019,0.05709709361669541,-0.020809492294764285,-1.9338618111950217
1433862566290952,51.7591511391,-1.2609359758,111.474716,5735681.678279904,620023.0464337459,-111.474716,30U,-2.696,0.88,0.043,0.05570611220624434,-0.019415983935535668,-1.935519912573646
1433862566382405,51.7591487556,-1.2609346985,111.471069,5735681.415321638,620023.1409022189,-111.471069,30U,-2.625,0.866,0.015,0.05291206789686467,-0.017509362721401443,-1.9369296188152996
1433862566473858,51.7591464252,-1.2609334543,111.470505,5735681.158213958,620023.2329456224,-111.470505,30U,-2.568,0.837,-0.008,0.04960330132956954,-0.017909752992638816,-1.9388837920013793
1433862566571906,51.7591441499,-1.2609322464,111.471275,5735680.907174011,620023.3223378175,-111.471275,30U,-2.49,0.827,-0.019,0.04781029839858501,-0.019289411684287314,-1.9407544791778324
1433862566670394,51.7591419586,-1.2609310296,111.472717,5735680.6654900415,620023.4121214588,-111.472717,30U,-2.411,0.831,-0.007,0.04699386044455877,-0.01932970017358997,-1.9416145953577464
1433862566776320,51.7591398242,-1.2609298441,111.473869,5735680.430082207,620023.4995941713,-111.473869,30U,-2.357,0.787,-0.027,0.04633189417021321,-0.018824956043293307,-1.9427088873899492
1433862566883016,51.7591377359,-1.2609287178,111.477554,5735680.199703557,620023.5828591896,-111.477554,30U,-2.298,0.764,-0.038,0.04650853962972194,-0.02001564213360862,-1.944284988854445
1433862566989711,51.7591356986,-1.260927602,111.479919,5735679.974979156,620023.6652643535,-111.479919,30U,-2.241,0.768,-0.007,0.04600544390181727,-0.02125968381356735,-1.945175468736796
1433862567094025,51.7591337048,-1.2609264935,111.477959,5735679.7550802175,620023.7470503845,-111.477959,30U,-2.2,0.753,0.042,0.04560010000044496,-0.020611099999614437,-1.9456190071652097
1433862567185478,51.7591317366,-1.2609254588,111.472504,5735679.53790671,620023.8236755241,-111.472504,30U,-2.161,0.732,0.047,0.04683088206326512,-0.018550991066581264,-1.946903569704117
1433862567276931,51.7591298243,-1.2609244052,111.470146,5735679.32698074,620023.9014567357,-111.470146,30U,-2.109,0.724,0.007,0.04765503752639515,-0.017731424892614155,-1.9482237528771678
1433862567375199,51.7591279515,-1.2609233743,111.470978,5735679.120410064,620023.9775666529,-111.470978,30U,-2.069,0.699,-0.023,0.0474879980501661,-0.017793927196107246,-1.9489538406315452
1433862567473687,51.7591261119,-1.2609223714,111.473938,5735678.917485362,620024.0516562259,-111.473938,30U,-2.028,0.684,-0.025,0.047394113969249245,-0.019286382927169866,-1.9499535665186314
1433862567579869,51.7591243051,-1.2609213918,111.474083,5735678.718169882,620024.1240508639,-111.474083,30U,-1.989,0.665,0.019,0.04598727357917138,-0.019534515184394047,-1.9514835421249495
1433862567686052,51.7591225492,-1.2609204304,111.471519,5735678.524484854,620024.1950545261,-111.471519,30U,-1.937,0.656,0.016,0.04497106955167045,-0.017908846808964537,-1.9525912267840875
1433862567784540,51.759120843,-1.2609194786,111.471825,5735678.336310984,620024.265263887,-111.471825,30U,-1.88,0.647,-0.021,0.04416134593338183,-0.018157410209637848,-1.9530857483219877
1433862567883028,51.759119179,-1.2609185542,111.474365,5735678.15278493,620024.3334704402,-111.474365,30U,-1.832,0.622,-0.026,0.0442034509875499,-0.019552635302643995,-1.9542650090210165
1433862567981516,51.7591175579,-1.2609176666,111.475746,5735677.973969066,620024.3990236262,-111.475746,30U,-1.778,0.596,-0.006,0.04282937206290548,-0.019610432151349822,-1.9560142308110282
1433862568080004,51.7591159836,-1.2609168145,111.475929,5735677.800299238,620024.4620028168,-111.475929,30U,-1.721,0.577,-0.008,0.041111099999297004,-0.019160400000306086,-1.9573544071669933
1433862568178492,51.7591144429,-1.2609160445,111.476807,5735677.630230831,620024.5192271026,-111.476807,30U,-1.665,0.569,0.01,0.040732669952891064,-0.019602160971447437,-1.95821233133554
1433862568276979,51.7591129716,-1.2609152421,111.475029,5735677.467933464,620024.5785033052,-111.475029,30U,-1.615,0.539,0.02,0.03998020985606743,-0.01886209562003149,-1.9598514316636637
1433862568375468,51.7591115432,-1.2609144736,111.47422,5735677.310351061,620024.635326271,-111.47422,30U,-1.564,0.528,-0.001,0.040127041632709526,-0.018133798123171844,-1.9617292338144388
1433862568473956,51.75911016,-1.2609136972,111.474594,5735677.157808186,620024.6925745594,-111.474594,30U,-1.522,0.542,0.005,0.04141466829259562,-0.018640974057367223,-1.9622414416812206
1433862568580138,51.7591087973,-1.2609129217,111.47348,5735677.007543559,620024.7497063774,-111.47348,30U,-1.513,0.521,0.014,0.041792359094324896,-0.018380822215003395,-1.9629048891693786
1433862568686321,51.7591074366,-1.2609122156,111.473114,5735676.857387134,620024.80204353,-111.473114,30U,-1.505,0.497,-0.006,0.041397169150276227,-0.017597808480287448,-1.9648469843279686
1433862568784808,51.7591060922,-1.2609115104,111.474632,5735676.709041893,620024.8542753484,-111.474632,30U,-1.479,0.51,-0.018,0.0405108417797165,-0.01745321996486096,-1.9660917028675549
1433862568883076,51.7591047693,-1.2609107764,111.47567,5735676.563134984,620024.9084376714,-111.47567,30U,-1.465,0.519,0.001,0.04009809021754253,-0.017590572428984486,-1.9664041071170848
1433862568974529,51.7591034498,-1.2609100379,111.475044,5735676.417613583,620024.9629015303,-111.475044,30U,-1.464,0.511,0.009,0.04098161685127026,-0.017340283813978806,-1.9677701334747875
1433862569065983,51.7591021354,-1.2609092884,111.47493,5735676.2726774365,620025.0181109875,-111.47493,30U,-1.453,0.523,-0.002,0.042529799999380606,-0.01750709999976467,-1.9693004071658888
1433862569170296,51.7591007992,-1.2609086416,111.477501,5735676.12514798,620025.066290828,-111.477501,30U,-1.45,0.518,-0.012,0.04307816087110636,-0.01795487570712095,-1.9700737034780522
1433862569276992,51.7590994933,-1.2609079296,111.478951,5735675.981095374,620025.1188898375,-111.478951,30U,-1.451,0.504,-0.011,0.04302634773538801,-0.018465608707853028,-1.971205110704743
1433862569383687,51.7590981923,-1.2609072107,111.479668,5735675.837599037,620025.1719520303,-111.479668,30U,-1.436,0.516,0.002,0.04371195664295214,-0.01885683755386047,-1.9726065259168646
1433862569489613,51.759096908,-1.2609064639,111.47937,5735675.696005761,620025.2268953464,-111.47937,30U,-1.419,0.522,0.004,0.04442346917924099,-0.0185859654105387,-1.9736325966588917
1433862569588101,51.7590956351,-1.260905726,111.480286,5735675.55566559,620025.2811942354,-111.480286,30U,-1.408,0.496,-0.022,0.04400775531510617,-0.018896454967556386,-1.9749448775046883
1433862569686149,51.7590943784,-1.2609050397,111.483162,5735675.417042044,620025.3318891965,-111.483162,30U,-1.382,0.484,-0.025,0.04324556687345963,-0.020131978786266918,-1.9763373353903828
1433862569777602,51.7590931503,-1.260904351,111.485222,5735675.281602948,620025.3826739406,-111.485222,30U,-1.349,0.489,-0.009,0.042768705830077525,-0.021038232525046125,-1.9770688736180881
1433862569869056,51.7590919492,-1.2609036555,111.485664,5735675.1491776155,620025.4338563604,-111.485664,30U,-1.322,0.483,0.006,0.04363443127655084,-0.021575953866161058,-1.9778407020908975
1433862569973846,51.7590907708,-1.2609029631,111.486168,5735675.019271566,620025.484764649,-111.486168,30U,-1.296,0.481,-0.006,0.04654978891405118,-0.022639979822664188,-1.9790143869167518
1433862570080541,51.7590896169,-1.2609022613,111.488075,5735674.892105542,620025.5362566719,-111.488075,30U,-1.268,0.483,-0.012,0.05084739999976434,-0.024811699999219058,-1.9797373071798499
1433862570187236,51.7590884593,-1.2609017208,111.488335,5735674.764262601,620025.5766270285,-111.488335,30U,-1.237,0.438,0.003,0.05161258266020777,-0.025411374680181467,-1.9807644595198672
1433862570292026,51.7590873657,-1.2609011286,111.487061,5735674.643621949,620025.6203955328,-111.487061,30U,-1.203,0.407,0.007,0.04851883972475252,-0.023223010604056606,-1.9818088086937249
1433862570383479,51.7590863068,-1.2609005551,111.486328,5735674.526809382,620025.6627815106,-111.486328,30U,-1.16,0.401,-0.008,0.04447182281232783,-0.021439476656732136,-1.9818104506820318
1433862570474932,51.7590852831,-1.260899987,111.487061,5735674.413902392,620025.7047014816,-111.487061,30U,-1.122,0.39,-0.019,0.040959491574142116,-0.02140989445688419,-1.9820687618547879
1433862570572981,51.7590842905,-1.2608994266,111.48851,5735674.304441245,620025.746007594,-111.48851,30U,-1.083,0.39,-0.013,0.040843882137351274,-0.02200554605967297,-1.9829769919101643
1433862570671469,51.7590833364,-1.260898888,111.489922,5735674.199225667,620025.7857071669,-111.489922,30U,-1.046,0.39,-0.008,0.041862800226888215,-0.022097578559183616,-1.9835153299389354
1433862570777395,51.7590824063,-1.2608983596,111.491074,5735674.096662256,620025.8246391817,-111.491074,30U,-1.027,0.369,-0.006,0.04302256474994227,-0.02226763232549594,-1.9838162733268525
1433862570884090,51.7590814929,-1.2608978528,111.491928,5735673.995920443,620025.8620362725,-111.491928,30U,-1.005,0.354,-0.005,0.043660996748090534,-0.022940154466349297,-1.984363156138576
1433862570990785,51.7590806025,-1.2608973518,111.492363,5735673.89772683,620025.8989721057,-111.492363,30U,-0.974,0.35,-0.001,0.044091267626844725,-0.023396418402753746,-1.9849395019930285
1433862571095099,51.7590797395,-1.2608968508,111.492592,5735673.802580271,620025.9358352758,-111.492592,30U,-0.946,0.342,-0.001,0.044633299999279924,-0.023355399999304607,-1.9852885071757826
1433862571186552,51.7590788966,-1.2608964053,111.494209,5735673.709577622,620025.9688150304,-111.494209,30U,-0.925,0.327,-0.001,0.04430766184654758,-0.023631320566828967,-1.985695277276444
1433862571278005,51.7590780851,-1.2608959493,111.494659,5735673.620084131,620026.0024361309,-111.494659,30U,-0.889,0.318,-0.002,0.04417129527179462,-0.024283842407315723,-1.9859398823960375
1433862571376273,51.7590773149,-1.2608954999,111.49575,5735673.535172601,620026.035492233,-111.49575,30U,-0.833,0.311,-0.01,0.04569304135921965,-0.024986872055263922,-1.9859555238099011
1433862571474761,51.7590765956,-1.2608950712,111.497528,5735673.455887408,620026.066984823,-111.497528,30U,-0.771,0.282,-0.011,0.04852196807035709,-0.02544956784935722,-1.9864962898011016
1433862571580944,51.7590759355,-1.2608946895,111.499405,5735673.38310828,620026.0950768989,-111.499405,30U,-0.694,0.245,-0.014,0.05211585116698174,-0.02542063132359407,-1.987174100790498
1433862571687127,51.7590753602,-1.2608943936,111.501587,5735673.319618247,620026.1170229411,-111.501587,30U,-0.604,0.191,-0.018,0.054358485315464895,-0.025563924017572084,-1.987302890206799
1433862571785614,51.7590748602,-1.2608941753,111.503464,5735673.264374342,620026.133414032,-111.503464,30U,-0.527,0.138,-0.009,0.055309859595791315,-0.025449237928023387,-1.9874894281698188
1433862571884102,51.7590744073,-1.2608939972,111.503784,5735673.214302098,620026.1469059723,-111.503784,30U,-0.495,0.13,0.004,0.05546345681839286,-0.024158183259972137,-1.9879070771695069
1433862571982590,51.7590739669,-1.2608938082,111.503571,5735673.165637872,620026.1611169846,-111.503571,30U,-0.492,0.14,0.001,0.05531056829197008,-0.022809662306830066,-1.9880978651837884
1433862572081078,51.7590735222,-1.2608936002,111.503967,5735673.116526727,620026.1766506098,-111.503967,30U,-0.499,0.15,-0.006,0.05555929999997915,-0.02207909999917453,-1.988242007179415
1433862572179566,51.759072887,-1.2608938826,111.506851,5735673.045423716,620026.1588464056,-111.506851,30U,-0.513,0.16,-0.009,0.05611614636058613,-0.021656504928372303,-1.9885329338958617
1433862572278054,51.7590724057,-1.2608937164,111.508224,5735672.992173629,620026.1715924302,-111.508224,30U,-0.527,0.17,-0.012,0.05666974783646373,-0.02121155819378465,-1.988788821940751
1433862572376542,51.7590719126,-1.2608935197,111.509758,5735672.937661501,620026.1864745854,-111.509758,30U,-0.548,0.173,-0.014,0.056986800499930025,-0.021039033200076464,-1.9890635987242031
1433862572475030,51.7590714038,-1.2608932929,111.511047,5735672.881452969,620026.2034756101,-111.511047,30U,-0.57,0.184,-0.01,0.056916347893572194,-0.020886261862040973,-1.9894263170636097
1433862572581212,51.7590708774,-1.2608930314,111.511765,5735672.823344314,620026.2229179939,-111.511765,30U,-0.594,0.2,-0.008,0.056465006703701554,-0.020629021040373917,-1.9896553082059154
1433862572687395,51.759070313,-1.2608928348,111.512146,5735672.760903009,620026.2379823338,-111.512146,30U,-0.622,0.213,-0.005,0.05584983782739799,-0.02041891916372083,-1.9898883789506283
1433862572785883,51.7590697279,-1.2608925946,111.511978,5735672.696231488,620026.2561104526,-111.511978,30U,-0.651,0.228,-0.003,0.05485239364414971,-0.020039932198458548,-1.9900171411048861
1433862572884151,51.7590691232,-1.2608923128,111.511497,5735672.629448787,620026.2771614093,-111.511497,30U,-0.679,0.239,-0.002,0.05340412031398141,-0.019466683086933664,-1.9899038468264043
1433862572975604,51.7590685014,-1.260891996,111.510918,5735672.560822055,620026.3006731035,-111.510918,30U,-0.701,0.245,0.0,0.05145836363613493,-0.01871583547711666,-1.9899480226107553
1433862573067058,51.7590678701,-1.2608916458,111.509995,5735672.491193829,620026.3265149617,-111.509995,30U,-0.717,0.256,0.008,0.049468199999841894,-0.017533100000334687,-1.9901746071709154
1433862573171371,51.7590672086,-1.2608913709,111.508881,5735672.418083252,620026.3472403756,-111.508881,30U,-0.725,0.277,0.014,0.048374921139996765,-0.01565798195825501,-1.989889145918115
1433862573278066,51.7590665544,-1.2608910293,111.507835,5735672.34589425,620026.3725494698,-111.507835,30U,-0.726,0.279,-0.005,0.048682973130038554,-0.013319398271311613,-1.9894397393262362
1433862573384762,51.7590659034,-1.2608906868,111.510246,5735672.27406259,620026.3979121884,-111.510246,30U,-0.727,0.258,-0.055,0.04933879389588432,-0.012286554740725071,-1.9904258264076955
1433862573490687,51.759065278,-1.2608903325,111.516243,5735672.205097229,620026.4240213484,-111.516243,30U,-0.712,0.27,-0.081,0.04992271285962511,-0.01328299889219986,-1.9912245718369215
1433862573589176,51.7590647105,-1.2608899481,111.521469,5735672.142620252,620026.4520541934,-111.521469,30U,-0.715,0.276,-0.061,0.049884338729476514,-0.01468515871937625,-1.9904543553153025
1433862573687224,51.7590642669,-1.260889655,111.522964,5735672.0937714875,620026.4734577505,-111.522964,30U,-0.735,0.261,-0.035,0.04938903980447419,-0.015009129246660232,-1.9904485171016881
1433862573778677,51.759064364,-1.2608893439,111.521149,5735672.105081604,620026.4946695913,-111.521149,30U,-0.741,0.273,-0.03,0.048653777356558965,-0.014754223117026979,-1.9911096512780957
1433862573870130,51.7590666969,-1.2608889839,111.516731,5735672.365107306,620026.5133268214,-111.516731,30U,-0.746,0.292,-0.022,0.048256051862750185,-0.014680390218060415,-1.9906106865333455
1433862573974920,51.7590783522,-1.2608885911,111.509117,5735673.661896863,620026.509524963,-111.509117,30U,-0.77,0.288,-0.017,0.04770894567680777,-0.014552667405626574,-1.990150203977314
1433862574081615,51.7591206691,-1.2608881774,111.497795,5735678.368484781,620026.4258519734,-111.497795,30U,-0.782,0.296,-0.018,0.047540099999478405,-0.014183200000175419,-1.9903967071773758
1433862574188311,51.7591830069,-1.2608878712,111.485191,5735685.301346626,620026.2816654347,-111.485191,30U,-0.786,0.311,-0.023,0.04803346997786479,-0.013847426669862193,-1.990052304427859
1433862574294203,51.7592271309,-1.2608875074,111.470901,5735690.208813461,620026.1897561557,-111.470901,30U,-0.819,0.317,-0.011,0.04896229825024824,-0.013182531296699468,-1.9894230640142303
1433862574394476,51.7592700718,-1.2608871031,111.454361,5735694.984778769,620026.1037792395,-111.454361,30U,-0.874,0.335,0.003,0.04993405821883873,-0.011838585237244634,-1.9893499175794385
1433862574494749,51.759321222,-1.2608866301,111.434097,5735700.673783314,620026.0007723889,-111.434097,30U,-0.935,0.373,0.008,0.05045272849704333,-0.01044615896644429,-1.9889582663585161
1433862574593322,51.7593845345,-1.2608860829,111.410385,5735707.715434804,620025.8706318191,-111.410385,30U,-1.004,0.409,0.002,0.05035642636891294,-0.009236566574317474,-1.9878857174461486
1433862574691782,51.7594564851,-1.2608856147,111.385208,5735715.71756779,620025.7121310974,-111.385208,30U,-1.085,0.429,-0.01,0.04952684908584015,-0.008321419838456627,-1.9870976089784091
1433862574797705,51.7595364221,-1.2608850739,111.357307,5735724.607958626,620025.5374604289,-111.357307,30U,-1.161,0.462,-0.002,0.04850959632140762,-0.007220120714223708,-1.9867096870374061
1433862574904398,51.7594786325,-1.2608844298,111.326286,5735718.182448984,620025.7351670976,-111.326286,30U,-1.22,0.523,0.004,0.04878647908545793,-0.005416669224809785,-1.985428384319756
1433862575011034,51.7593348085,-1.2608837122,111.301498,5735702.189490199,620026.1661075689,-111.301498,30U,-1.285,0.565,-0.016,0.051060330109166455,-0.004442577744175394,-1.9835068331699914
1433862575115300,51.7592502732,-1.2608832222,111.280762,5735692.78943598,620026.4241085468,-111.280762,30U,-1.36,0.58,-0.032,0.0545708999994683,-0.00455339999939142,-1.9827722071755867
1433862575206768,51.7591929503,-1.2608855497,111.276855,5735686.41093619,620026.4155046317,-111.276855,30U,-1.414,0.608,-0.054,0.05832917743682881,-0.004994126896112221,-1.9821150645846317
1433862575298237,51.7591574896,-1.2608883221,111.279205,5735682.462919292,620026.3182194236,-111.279205,30U,-1.47,0.63,-0.057,0.059859467026134074,-0.005658698824857965,-1.98066454975254
1433862575396427,51.7591498772,-1.2608903622,111.281822,5735681.613014797,620026.1976180053,-111.281822,30U,-1.537,0.638,-0.039,0.06034144495949467,-0.005708723116775409,-1.9794268003650164
1433862575494834,51.7591547048,-1.26089232,111.274605,5735682.146652486,620026.0497057723,-111.274605,30U,-1.605,0.659,-0.009,0.05970086380653873,-0.005224279820325235,-1.9787853709209575
1433862575600936,51.7591625348,-1.260894005,111.255081,5735683.014625018,620025.912657516,-111.255081,30U,-1.671,0.67,-0.012,0.05805627137580856,-0.004403801074778781,-1.978397229033562
1433862575707043,51.7591729907,-1.260895016,111.230316,5735684.175723464,620025.8151588857,-111.230316,30U,-1.718,0.683,-0.065,0.05418393922524691,-0.004910706957669658,-1.9781250122292433
1433862575805533,51.7591874367,-1.2608951102,111.204338,5735685.782055082,620025.7703479065,-111.204338,30U,-1.744,0.736,-0.115,0.05211300935557114,-0.007695455720247694,-1.9763639406484481
1433862575904023,51.7591934553,-1.2608798871,111.173042,5735686.47641447,620026.8049464102,-111.173042,30U,-1.82,0.765,-0.063,0.05015952801975226,-0.010299885415910147,-1.9747696242821065
1433862576002477,51.7591843464,-1.2608758297,111.144272,5735685.470124517,620027.1091078348,-111.144272,30U,-1.913,0.779,-0.007,0.05020095022432246,-0.010576631923851094,-1.9749071674321776
1433862576100931,51.7591749594,-1.2608741349,111.107643,5735684.429019885,620027.2509617101,-111.107643,30U,-1.97,0.844,-0.007,0.051729099999822205,-0.008302799999280576,-1.9743134071711406
1433862576199386,51.7591619918,-1.2608729102,111.104248,5735682.988956218,620027.3698693063,-111.104248,30U,-2.054,0.895,-0.04,0.05470144018346723,-0.006896524893422166,-1.9727989448191592
1433862576297840,51.7591493554,-1.2608716671,111.110298,5735681.585754372,620027.4891684067,-111.110298,30U,-2.182,0.904,-0.032,0.056797539582421716,-0.007256668102492016,-1.9727531231369635
1433862576396343,51.7591465959,-1.2608704203,111.115952,5735681.280932412,620027.5825294314,-111.115952,30U,-2.288,0.95,-0.032,0.05825501266001432,-0.00790480475436392,-1.9733132662971185
1433862576494847,51.7591528943,-1.2608690729,111.105537,5735681.983571824,620027.65881147,-111.105537,30U,-2.388,1.019,-0.018,0.05831125198911298,-0.00730903039558753,-1.9722723423493713
1433862576601019,51.7591668905,-1.2608676298,111.068771,5735683.542412816,620027.7212832856,-111.068771,30U,-2.511,1.065,-0.041,0.05981249727508313,-0.00657228341249846,-1.9712670697361094
1433862576707184,51.7591890122,-1.2608662895,111.008057,5735686.004691662,620027.7551118874,-111.008057,30U,-2.639,1.104,-0.053,0.06020997615561393,-0.0072190250942577435,-1.9712837536525885
1433862576805571,51.759220464,-1.2608648497,110.926865,5735689.504700453,620027.7710635061,-110.926865,30U,-2.77,1.157,-0.036,0.05705498723433177,-0.005668491139488608,-1.9712388870320126
1433862576903740,51.7592599255,-1.2608632143,110.8339,5735693.895760517,620027.7792716803,-110.8339,30U,-2.911,1.213,-0.041,0.054133078533154674,-0.0038054222152648478,-1.9703905477055725
1433862576995170,51.7592959188,-1.26086139,110.762177,5735697.9014456915,620027.8097134301,-110.762177,30U,-3.056,1.277,0.003,0.05214486414340212,-0.0033881824865594984,-1.9708557991468922
1433862577086601,51.7593207768,-1.2608594443,110.692879,5735700.669014812,620027.8780638169,-110.692879,30U,-3.177,1.356,-0.039,0.05316700000048786,-0.0035650999992653943,-1.9725749071656167
1433862577190876,51.7593289373,-1.2608575821,110.702805,5735701.579578794,620027.9849337249,-110.702805,30U,-3.27,1.465,-0.037,0.05800000805890467,-0.004902240405610807,-1.9736358719437663
1433862577297529,51.7593303394,-1.2608555313,110.723846,5735701.738876292,620028.1227424191,-110.723846,30U,-3.406,1.482,-0.01,0.06253854501590035,-0.0015051289158272022,-1.9748471828568874
1433862577404239,51.759331899,-1.2608534323,110.747223,5735701.915768116,620028.2634597252,-110.747223,30U,-3.528,1.519,-0.059,0.06275019396636504,0.0020232459857454465,-1.9778956121213873
1433862577510173,51.7593460359,-1.2608512545,110.75042,5735703.491465032,620028.3762597039,-110.75042,30U,-3.621,1.558,-0.084,0.05728008798362964,0.0018095049754289054,-1.9807880463008047
1433862577608578,51.7593834432,-1.2608489933,110.706421,5735707.655115057,620028.433101197,-110.706421,30U,-3.687,1.596,-0.121,0.05177459564229627,-0.002481809512121782,-1.9836497696492508
1433862577706549,51.7594455967,-1.2608467763,110.580963,5735714.57062654,620028.4212642347,-110.580963,30U,-3.749,1.652,-0.04,0.04927214248224698,-0.0044725433562080915,-1.9873057906822165
1433862577798016,51.7595249974,-1.2608444242,110.377441,5735723.4043583395,620028.3730096561,-110.377441,30U,-3.807,1.735,0.03,0.05124242877661922,-0.0017999293416795688,-1.989876288583661
1433862577889484,51.7596024763,-1.2608419211,110.122955,5735732.024622418,620028.3402715392,-110.122955,30U,-3.876,1.787,-0.024,0.0553560622728907,0.001831355193902923,-1.9925906837855707
1433862577994200,51.7596496103,-1.2608393238,109.922188,5735737.270496436,620028.3945098185,-109.922188,30U,-3.965,1.815,-0.154,0.058358426573750274,0.0017216699002668523,-1.9967217307494391
1433862578100809,51.7596597965,-1.2608366396,109.780022,5735738.407683984,620028.5527325223,-109.780022,30U,-4.072,1.855,-0.126,0.05609039999998965,-0.00027929999968577274,-2.0018581071719437
1433862578207515,51.7596440416,-1.26083401,109.884933,5735736.659966959,620028.7759847059,-109.884933,30U,-4.164,1.93,-0.053,0.05170474310456989,-0.0015258973495602362,-2.005717348478705
1433862578312311,51.7596175979,-1.2608312265,110.017464,5735733.723840938,620029.0382051202,-110.017464,30U,-4.232,2.018,-0.044,0.05028247492718357,-0.0007406170866444187,-2.0078617061791175
1433862578403730,51.7595878115,-1.2608283338,110.138519,5735730.416165235,620029.3168267383,-110.138519,30U,-4.331,2.064,-0.055,0.05070256963057274,-0.0007547777579346094,-2.0104440701203607
1433862578495149,51.7595603744,-1.2608253303,110.203758,5735727.369928954,620029.5968644074,-110.203758,30U,-4.409,2.13,-0.08,0.05150561736098183,-0.0006038242187123151,-2.012690986107787
1433862578593132,51.7595356276,-1.2608222335,110.16436,5735724.623024653,620029.8762060767,-110.16436,30U,-4.498,2.183,-0.115,0.05289217861165581,-0.0025644455114962016,-2.0143673968629296
1433862578691552,51.7595085805,-1.2608191707,109.94355,5735721.6202564845,620030.1593021925,-109.94355,30U,-4.598,2.222,-0.063,0.05158743679933906,-0.003297135377255245,-2.0159318509250217
1433862578797487,51.7594802233,-1.2608160294,109.577171,5735718.471926115,620030.451290353,-109.577171,30U,-4.689,2.267,-0.068,0.049329200822805105,-0.0034980407318524654,-2.018121168429139
1433862578904196,51.7593929616,-1.2608127703,109.164337,5735708.7732361965,620030.907628238,-109.164337,30U,-4.77,2.327,-0.059,0.04630075033527171,-0.004988825046611584,-2.01991273649702
1433862579010821,51.7592500399,-1.2608093861,108.946304,5735692.885007959,620031.5202152818,-108.946304,30U,-4.849,2.384,-0.051,0.04335263534956963,-0.005943186164737479,-2.021390996758418
1433862579115076,51.7591415141,-1.2608058917,108.639557,5735680.822003197,620032.0491870488,-108.639557,30U,-4.92,2.446,-0.065,0.047714400000017185,-0.006578099999738082,-2.0227490071679317
1433862579206537,51.7590698478,-1.2608024037,109.342438,5735672.857997721,620032.4799630701,-109.342438,30U,-4.995,2.495,-0.074,0.04795528068298004,-0.0069160850898192525,-2.024321642617973
1433862579297997,51.7590233303,-1.2607988472,110.251358,5735667.690810738,620032.848769892,-110.251358,30U,-5.074,2.524,-0.066,0.048991359046944793,-0.008017683740477082,-2.0259121420190533
1433862579396197,51.7590031679,-1.2607952144,111.150909,5735665.454603206,620033.1529463049,-111.150909,30U,-5.126,2.567,-0.023,0.05080432041308315,-0.008314837526404936,-2.0275122561597305
1433862579494614,51.7589922135,-1.2607915205,112.326965,5735664.242484102,620033.4369189143,-112.326965,30U,-5.186,2.579,-0.041,0.04578645738820966,-0.007103223465300325,-2.0294737892596393
1433862579600752,51.7589820902,-1.260787778,113.419632,5735663.122868576,620033.7220414161,-113.419632,30U,-5.215,2.628,-0.056,0.04625961913817433,-0.004968900774532534,-2.0307510751194697
1433862579706895,51.7589723832,-1.2607840359,114.819077,5735662.049547601,620034.0060323492,-114.819077,30U,-5.25,2.658,-0.063,0.04336549227212588,-0.00499509869893039,-2.032025228392545
1433862579805382,51.7589618767,-1.2607802364,115.98629,5735660.887411655,620034.2961050061,-115.98629,30U,-5.273,2.706,-0.041,0.04968406853335536,-0.0031614007478271856,-2.0338358539897814
1433862579903868,51.7589421689,-1.2607763251,117.582336,5735658.702216976,620034.6182962668,-117.582336,30U,-5.3,2.751,-0.076,0.05079825648650858,-0.002410860596956541,-2.034758426986418
1433862580002297,51.7589196176,-1.2607723938,120.008064,5735656.200840059,620034.9494093145,-120.008064,30U,-5.388,2.711,-0.14,0.04046343053366861,-0.007531926104635069,-2.0361480054802716
1433862580100725,51.7589023449,-1.260768465,121.823326,5735654.28647275,620035.2663505077,-121.823326,30U,-5.438,2.732,-0.063,0.03344139999984656,-0.012618399999862502,-2.0387483071650756
1433862580199228,51.7588910853,-1.2607645016,122.959091,5735653.040857149,620035.5697320818,-122.959091,30U,-5.424,2.861,-0.065,0.034993525799613276,-0.012325298645055636,-2.041482104668681
1433862580297730,51.7588820867,-1.2607603504,123.878426,5735652.046988156,620035.8800776089,-123.878426,30U,-5.475,2.923,-0.065,0.03902320801115003,-0.009891552311817233,-2.0427028196077988
1433862580396207,51.7588738699,-1.2607561716,124.955391,5735651.140105708,620036.190254504,-124.955391,30U,-5.602,2.892,0.02,0.041226996047076296,-0.007282236874091772,-2.04635575348493
1433862580494682,51.7588652334,-1.2607519913,126.505096,5735650.186552454,620036.5016481315,-126.505096,30U,-5.649,2.942,-0.02,0.038041801171451464,-0.004733038881826904,-2.0520766557361187
1433862580600767,51.7588560159,-1.2607476458,128.509476,5735649.168660241,620036.8259834588,-128.509476,30U,-5.637,3.054,-0.075,0.03330526724859882,-0.007202112564081264,-2.0544499712779545
1433862580706852,51.7588462336,-1.2607432861,130.109131,5735648.08798209,620037.1527968158,-130.109131,30U,-5.682,3.079,-0.115,0.035431572306935326,-0.01221120891182306,-2.0566495474085356
1433862580805349,51.7588357485,-1.2607388706,131.680206,5735646.929239994,620037.4853250894,-131.680206,30U,-5.725,3.112,-0.095,0.03773535636959672,-0.014217074805902723,-2.060446760568893
1433862580903626,51.7588272686,-1.2607343676,130.80014,5735645.993632852,620037.8185738339,-130.80014,30U,-5.756,3.165,-0.026,0.03873019121929075,-0.012671739251478797,-2.063809256980273
1433862580995068,51.7588222417,-1.2607297751,127.24054,5735645.442168466,620038.1488411897,-127.24054,30U,-5.795,3.199,0.01,0.03936946970387157,-0.009345261393603036,-2.06701932844737
1433862581086510,51.7588177195,-1.2607251079,124.099266,5735644.946952877,620038.4829252039,-124.099266,30U,-5.824,3.245,-0.0,0.04131920000075134,-0.006664299999842317,-2.070522807180113
1433862581190773,51.7588138121,-1.2607204458,121.701691,5735644.520098562,620038.8150267458,-121.701691,30U,-5.855,3.286,-0.065,0.03977242721830295,-0.006353616812506756,-2.0739999343733033
1433862581297409,51.7588096248,-1.2607157097,120.023735,5735644.062239415,620039.1529775459,-120.023735,30U,-5.889,3.327,-0.1,0.03994730558081327,-0.007545958145159389,-2.0774268241838376
1433862581404021,51.7588031701,-1.2607108754,119.859573,5735643.352392704,620039.5037189821,-119.859573,30U,-5.908,3.393,-0.084,0.040966637753205914,-0.00923247248218724,-2.0804360680490097
1433862581509872,51.7587952034,-1.2607059485,120.457672,5735642.47455447,620039.8648611481,-120.457672,30U,-5.944,3.432,-0.063,0.04112023132283334,-0.011636750840395919,-2.083279282582164
1433862581608374,51.7587867246,-1.2607009682,121.200706,5735641.539855395,620040.2310468552,-121.200706,30U,-5.982,3.46,-0.032,0.041151638955564625,-0.012679636552184808,-2.0866200536411617
1433862581706436,51.7587779581,-1.2606960039,121.981529,5735640.573135955,620040.5968915552,-121.981529,30U,-6.004,3.504,-0.04,0.03977041825881277,-0.011700742328619985,-2.0898372214075573
1433862581797902,51.7587688148,-1.260690959,122.863297,5735639.5646466585,620040.9692980831,-122.863297,30U,-6.042,3.543,-0.035,0.03572127477963159,-0.009656315760110619,-2.0926782763575615
1433862581889369,51.7587619816,-1.2606858279,122.509758,5735638.813196987,620041.3415265583,-122.509758,30U,-6.061,3.604,-0.019,0.03901343708378404,-0.009701511610869728,-2.0955017859314746
1433862581994090,51.758758248,-1.2606805896,121.104973,5735638.406618894,620041.712932209,-121.104973,30U,-6.082,3.644,-0.054,0.04123003060043219,-0.01256927368333587,-2.0985996498842545
1433862582100704,51.7587549153,-1.2606752913,119.895157,5735638.044722197,620042.0874153142,-119.895157,30U,-6.116,3.668,-0.106,0.043510700000700384,-0.013905099999871526,-2.1025842071752128
1433862582207364,51.7587514356,-1.2606700127,118.805145,5735637.666445773,620042.4609288316,-118.805145,30U,-6.147,3.702,-0.087,0.042529569752055026,-0.016002645011412197,-2.1065509241817963
1433862582312119,51.7587475999,-1.2606646398,117.93647,5735637.248735138,620042.8418944095,-117.93647,30U,-6.154,3.773,0.035,0.043331467200531305,-0.015149011052407723,-2.109200192946267
1433862582403538,51.7587415026,-1.2606591685,117.779427,5735636.579682282,620043.2356492282,-117.779427,30U,-6.161,3.818,-0.02,0.04191359331714255,-0.012323078785214634,-2.111341014452535
1433862582494956,51.7587340007,-1.2606536496,117.948235,5735635.754507406,620043.6364145293,-117.948235,30U,-6.205,3.836,-0.031,0.04173457113283562,-0.013048112434342575,-2.112912667526553
1433862582592992,51.7587261684,-1.2606480958,118.073578,5735634.892647436,620044.0404647837,-118.073578,30U,-6.219,3.877,-0.038,0.046377253718893514,-0.014687974558542259,-2.1145320199777893
1433862582691469,51.7587182479,-1.2606425608,118.170784,5735634.020948159,620044.4434516864,-118.170784,30U,-6.232,3.909,-0.063,0.05027452917788285,-0.015623614763729794,-2.1152403891342075
1433862582797407,51.7587101401,-1.2606370025,118.294655,5735633.128458317,620044.848543471,-118.294655,30U,-6.281,3.896,-0.017,0.05164802406125435,-0.016266408554354298,-2.1161428279951395
1433862582904113,51.7587036359,-1.2606314459,118.348419,5735632.414296164,620045.2492647787,-118.348419,30U,-6.32,3.907,-0.008,0.04773554413157968,-0.015634025869138767,-2.117261530533873
1433862583010711,51.7586993238,-1.2606258056,118.204376,5735631.944047177,620045.6499482554,-118.204376,30U,-6.315,3.96,0.006,0.04556564330369038,-0.013238173325258867,-2.1169140940355975
1433862583114945,51.7586954273,-1.260620086,118.078293,5735631.520146095,620046.0550021088,-118.078293,30U,-6.336,3.986,0.02,0.04721089999975254,-0.010572600000348818,-2.116103407168349
1433862583206410,51.7586915875,-1.2606143729,117.855301,5735631.102539744,620046.4594570643,-117.855301,30U,-6.37,3.985,-0.051,0.048143813936071284,-0.009661845759051076,-2.1159998457533478
1433862583297876,51.7586875233,-1.2606086368,117.653442,5735630.660016584,620046.8660945474,-117.653442,30U,-6.4,3.994,-0.062,0.051642493100637475,-0.01067728939546614,-2.116109134972435
1433862583396132,51.7586817537,-1.2606028593,117.70752,5735630.027910348,620047.2801125566,-117.70752,30U,-6.422,4.008,-0.074,0.051294966321715596,-0.013658397174286047,-2.1157397909792155
1433862583494608,51.7586750208,-1.260597068,117.910637,5735629.288701813,620047.6976380768,-117.910637,30U,-6.453,4.018,-0.054,0.050007467100535496,-0.014225799699852123,-2.114386921978065
1433862583600699,51.7586681802,-1.260591279,118.150635,5735628.537512604,620048.1152906499,-118.150635,30U,-6.482,4.02,-0.033,0.05075730888583122,-0.013776205001622768,-2.112552184831745
1433862583706792,51.7586614377,-1.2605855552,118.311211,5735627.797125451,620048.5281835783,-118.311211,30U,-6.491,4.051,0.018,0.052692589617541696,-0.009958957787976576,-2.110523554678045
1433862583805292,51.758654589,-1.2605798912,118.488434,5735627.04482979,620048.9372314098,-118.488434,30U,-6.52,4.025,-0.052,0.053306016264298026,-0.00878557463181148,-2.1088445382859553
1433862583903792,51.758648154,-1.2605743539,118.615913,5735626.338331656,620049.3364382655,-118.615913,30U,-6.507,4.017,-0.064,0.05526991711452221,-0.010505832450757726,-2.107232674641114
1433862584002247,51.7586424016,-1.2605688801,118.674652,5735625.707638467,620049.7294524326,-118.674652,30U,-6.487,4.0,-0.107,0.05614870653021562,-0.011756631075177116,-2.10504988737366
1433862584100702,51.7586368825,-1.2605642704,118.771172,5735625.101467402,620050.0622148437,-118.771172,30U,-6.48,3.952,-0.101,0.055667900000762445,-0.013360000000091108,-2.102917307172494
1433862584199173,51.7586316486,-1.2605521776,118.696312,5735624.539329897,620050.9106425825,-118.696312,30U,-6.455,3.927,-0.048,0.05579985893498504,-0.014500364900529918,-2.1010131460994237
1433862584297643,51.7586264129,-1.2605360141,118.617294,5735623.983692975,620052.0400013942,-118.617294,30U,-6.406,3.902,-0.046,0.05659765496792955,-0.013864785838520905,-2.098608973241132
1433862584396097,51.7586204784,-1.2605199893,118.621864,5735623.35011702,620053.1616421032,-118.621864,30U,-6.378,3.868,-0.069,0.05750146112328827,-0.013596320392536566,-2.0959530949845977
1433862584494551,51.7586140352,-1.2605033726,118.784851,5735622.660944981,620054.3254805051,-118.784851,30U,-6.346,3.842,-0.05,0.06060598148956387,-0.01407707323042597,-2.0934157007081695
1433862584600684,51.7586074691,-1.26048601,119.288101,5735621.959333781,620055.541121109,-119.288101,30U,-6.321,3.807,-0.049,0.0615288232180358,-0.014252315412054855,-2.090372272038869
1433862584706815,51.7586014096,-1.2604681998,120.086441,5735621.314796797,620056.7863079326,-120.086441,30U,-6.304,3.761,-0.078,0.06091344456362812,-0.01608858161864303,-2.087162602486193
1433862584805249,51.758595403,-1.2604514723,121.011421,5735620.674360653,620057.956635691,-121.011421,30U,-6.268,3.739,-0.049,0.061361911384716285,-0.017295528571589367,-2.0838873041379586
1433862584903464,51.7585894727,-1.2604990507,121.880417,5735619.936554133,620054.6888954212,-121.880417,30U,-6.295,3.71,-0.04,0.0626678167399775,-0.017365656216839092,-2.079690379616754
1433862584994930,51.7585837221,-1.2605079329,122.469032,5735619.2824301785,620054.0911724113,-122.469032,30U,-6.304,3.657,-0.032,0.06349909754992135,-0.017410348437134574,-2.075402540685373
1433862585086395,51.758578126,-1.2605052744,122.665787,5735618.664484654,620054.2894841213,-122.665787,30U,-6.295,3.616,-0.016,0.06431429999933275,-0.01772699999950415,-2.0710702071678
1433862585190664,51.7585731253,-1.2605010078,122.30217,5735618.115398457,620054.5971944734,-122.30217,30U,-6.286,3.569,-0.036,0.06320155213654396,-0.018133149136452125,-2.0666430019677713
1433862585297304,51.7585680718,-1.2604963132,121.867973,5735617.5611451175,620054.9345820078,-121.867973,30U,-6.279,3.528,-0.043,0.06214716539788014,-0.018517324218579666,-2.062538996035776
1433862585403970,51.7585627212,-1.2604912818,121.482178,5735616.974406811,620055.2960008746,-121.482178,30U,-6.257,3.498,-0.03,0.06239820162816158,-0.01892415741812934,-2.0580940342573637
1433862585509869,51.7585566802,-1.2604861275,121.298569,5735616.311093999,620055.6677327034,-121.298569,30U,-6.245,3.463,-0.016,0.06349882549497887,-0.018555246434115696,-2.0536551918825614
1433862585608334,51.7585498552,-1.2604809634,121.69957,5735615.560611596,620056.0422205527,-121.69957,30U,-6.239,3.416,-0.036,0.06254020740536097,-0.019298736931356832,-2.0498008436761705
1433862585706360,51.7585432688,-1.2604758218,122.541832,5735614.836626006,620056.4145228363,-122.541832,30U,-6.227,3.381,-0.024,0.061853899093751,-0.021034731813445645,-2.0463889925649497
1433862585797809,51.7585368109,-1.260470643,123.578529,5735614.126991694,620056.7890516076,-123.578529,30U,-6.209,3.357,-0.028,0.06199841148489684,-0.02265162059281634,-2.0433159312418234
1433862585889259,51.7585309021,-1.2604660336,124.164314,5735613.477483485,620057.1228285731,-124.164314,30U,-6.189,3.338,-0.02,0.06280833560311927,-0.02436056447545682,-2.040237623336793
1433862585994036,51.7585260574,-1.2604618207,123.852776,5735612.945657247,620057.426419778,-123.852776,30U,-6.182,3.297,0.018,0.06369255221611486,-0.026312543307937208,-2.037205631530829
1433862586100716,51.7585222223,-1.2604574288,122.791313,5735612.526399576,620057.7396861117,-122.791313,30U,-6.166,3.264,0.025,0.06374379999954592,-0.026482699999806177,-2.0344816071729026
1433862586207425,51.7585198331,-1.2604529625,120.41864,5735612.268057606,620058.0542515796,-120.41864,30U,-6.132,3.236,0.016,0.06418878996244848,-0.025761366530722935,-2.03211594788435
1433862586312228,51.7585175376,-1.2604484459,117.912918,5735612.020218487,620058.3720398288,-117.912918,30U,-6.089,3.2,0.027,0.06420159702269333,-0.024784214985254977,-2.029486030353241
1433862586403693,51.7585150089,-1.2604438679,115.368584,5735611.746547148,620058.6946840315,-115.368584,30U,-6.031,3.153,0.023,0.06445881711333955,-0.023630399799183452,-2.0272255944171103
1433862586495159,51.7585118527,-1.2604392966,112.831139,5735611.403082842,620059.0185304123,-112.831139,30U,-5.961,3.109,0.003,0.06528435359092949,-0.024262192221027278,-2.0256665205069697
1433862586593103,51.7585079062,-1.2604347589,110.219528,5735610.971676894,620059.342154412,-110.219528,30U,-5.895,3.072,0.001,0.0666399583939371,-0.024442334175421025,-2.0239323515359846
1433862586691478,51.7585052973,-1.2604302934,107.710594,5735610.688901678,620059.6572476336,-107.710594,30U,-5.862,3.023,-0.026,0.06513919360583668,-0.02474702975419422,-2.022496875944258
1433862586797406,51.758504191,-1.260425845,104.949432,5735610.5731969355,620059.9671749191,-104.949432,30U,-5.834,3.014,0.014,0.0663138220683857,-0.02509972191532253,-2.0211476950158027
1433862586904115,51.7585056547,-1.2604215271,102.960892,5735610.743077609,620060.2612788432,-102.960892,30U,-5.813,3.004,0.026,0.06793805689669014,-0.024630237954573586,-2.019429149848309
1433862587010824,51.7585103085,-1.2604173517,103.546501,5735611.267482975,620060.5370862994,-103.546501,30U,-5.794,2.991,-0.003,0.06968006712760445,-0.025277407631208032,-2.0178428542123585
1433862587115135,51.7585172613,-1.2604131735,105.141327,5735612.047556276,620060.806988449,-105.141327,30U,-5.782,2.964,0.009,0.0711228999994589,-0.02589550000033121,-2.0167589071655114
1433862587206500,51.7585269657,-1.2604090375,106.425209,5735613.133555414,620061.0666791094,-106.425209,30U,-5.763,2.947,0.013,0.07138683850293186,-0.0254177720204937,-2.015557201235596
1433862587297865,51.7585370238,-1.2604048871,107.338524,5735614.258911949,620061.326425163,-107.338524,30U,-5.748,2.926,0.018,0.06974843207757613,-0.0245355897911995,-2.013811137601412
1433862587396142,51.7585483526,-1.2604006792,107.074203,5735615.525673014,620061.5867684984,-107.074203,30U,-5.725,2.925,0.027,0.07058256014435786,-0.023418614711291783,-2.012318352622713
1433862587494643,51.7585635346,-1.2603964434,106.194389,5735617.220980192,620061.8388157561,-106.194389,30U,-5.708,2.911,0.018,0.07201098871964781,-0.023690086190206707,-2.0112607586513076
1433862587600838,51.7585894421,-1.2603921976,105.13208,5735620.109047157,620062.0631013829,-105.13208,30U,-5.692,2.898,-0.002,0.07247678193734733,-0.02555846457531197,-2.0103700674619445
1433862587707034,51.7586428337,-1.2603879987,103.878853,5735626.053442384,620062.2112426804,-103.878853,30U,-5.688,2.873,-0.024,0.06860830850730364,-0.028267841126591024,-2.01030578421052
1433862587805534,51.7587418285,-1.2603838209,102.585243,5735637.069166762,620062.236954585,-102.585243,30U,-5.672,2.845,-0.015,0.06165173279985574,-0.03474254586492687,-2.0100273272607136
1433862587904034,51.758892817,-1.2603797114,103.206535,5735653.866806791,620062.1200261208,-103.206535,30U,-5.613,2.863,0.056,0.06459544103689072,-0.033618275048691755,-2.010298438049885
1433862588002534,51.7590626291,-1.260375637,105.541412,5735672.757692729,620061.9507384503,-105.541412,30U,-5.563,2.87,0.074,0.06763188674333713,-0.02506815182734446,-2.0103447607637492
1433862588101034,51.7591922052,-1.2603715736,107.139084,5735687.174063428,620061.887424757,-107.139084,30U,-5.544,2.836,0.047,0.0721622000003674,-0.01717909999942068,-2.0104675071695013
1433862588199446,51.759286394,-1.2603675896,108.24836,5735697.655012124,620061.9125035789,-108.24836,30U,-5.545,2.779,0.13,0.0694013414791236,-0.011742130535921685,-2.0123567382772705
1433862588297858,51.7593657802,-1.2603635965,108.927948,5735706.4898331985,620061.9774768717,-108.927948,30U,-5.452,2.825,-0.031,0.067440944431478,-0.009316148563405497,-2.0130289122197023
1433862588396355,51.7594434463,-1.2603595103,108.93866,5735715.133521644,620062.0534368923,-108.93866,30U,-5.402,2.817,-0.136,0.06795743067446981,-0.01372691624381199,-2.0120996407017566
1433862588494856,51.7595208927,-1.2603554437,108.608864,5735723.752745909,620062.1286259373,-108.608864,30U,-5.379,2.774,-0.153,0.07028845073973491,-0.018593626875374865,-2.0128046342168684
1433862588601039,51.7595976895,-1.2603514013,108.168221,5735732.299690812,620062.2038670109,-108.168221,30U,-5.333,2.772,-0.084,0.07235815289070964,-0.021432727122939487,-2.014148225204795
1433862588707211,51.7596803361,-1.2603473687,107.618408,5735741.4971544845,620062.2629122139,-107.618408,30U,-5.29,2.761,-0.004,0.07230774748171541,-0.020844644016533603,-2.014464603900644
1433862588805533,51.7597617692,-1.2603433554,106.996414,5735750.5596376285,620062.3238434505,-106.996414,30U,-5.258,2.735,0.014,0.07351429419750301,-0.0181459846106572,-2.0145810714495056
1433862588903638,51.7597331365,-1.2603394182,107.263481,5735747.381981618,620062.6715071887,-107.263481,30U,-5.231,2.715,-0.015,0.07274531756127556,-0.01744439429734588,-2.0153499273822524
1433862588994983,51.7594292321,-1.2603355464,108.291061,5735713.592262728,620063.744905229,-108.291061,30U,-5.184,2.712,-0.017,0.07182119644712072,-0.017596340178420974,-2.015993241694637
1433862589086328,51.759128247,-1.2603316638,109.067101,5735680.127207875,620064.8113044112,-109.067101,30U,-5.141,2.714,-0.026,0.0732294000004309,-0.0168004999998335,-2.015884407168726
1433862589190635,51.7589209105,-1.2603278246,109.640327,5735657.076399081,620065.6262767988,-109.640327,30U,-5.111,2.682,-0.064,0.07281743313479798,-0.017242858840491444,-2.015913184489045
1433862589297342,51.7587948121,-1.2603240031,110.022095,5735643.059751652,620066.2245191836,-110.022095,30U,-5.077,2.668,-0.066,0.0714704052759244,-0.018015461197527054,-2.016203173125926
1433862589404051,51.7587787253,-1.2603201676,110.039055,5735641.277112134,620066.531888095,-110.039055,30U,-5.043,2.649,-0.014,0.0687932505360194,-0.01831514770927229,-2.0165176708455332
1433862589509989,51.7588116221,-1.260316322,109.867561,5735644.94177493,620066.7100093254,-109.867561,30U,-4.997,2.648,-0.039,0.06839281551104935,-0.01844748706593064,-2.0161546949304356
1433862589608489,51.7588578189,-1.2603124763,109.641739,5735650.085481925,620066.8528543613,-109.641739,30U,-4.966,2.63,-0.022,0.069222956469148,-0.018209955915893795,-2.015742347228724
1433862589706537,51.7589180117,-1.2603086726,109.373863,5735656.785563442,620066.9556711466,-109.373863,30U,-4.932,2.609,-0.048,0.0698358058220743,-0.018282758840218225,-2.0162585571703873
1433862589797809,51.7589857049,-1.2603048878,109.088562,5735664.319705785,620067.0372853619,-109.088562,30U,-4.896,2.596,-0.036,0.071086844509551,-0.018121988441800015,-2.0166168489010254
1433862589889081,51.7589056241,-1.2603011461,109.201141,5735655.420374763,620067.5079471471,-109.201141,30U,-4.862,2.577,-0.035,0.06942944410576876,-0.018522099725647122,-2.0163428075993197
1433862589993832,51.7587310448,-1.2602974816,109.684547,5735636.012086833,620068.2239725111,-109.684547,30U,-4.839,2.553,-0.045,0.0692987094344953,-0.020803232503850397,-2.0167584528912137
1433862590100509,51.7586198256,-1.2602938128,110.088135,5735623.649849558,620068.7722105425,-110.088135,30U,-4.793,2.569,-0.018,0.07084799999925201,-0.023810600000450332,-2.017222307179014
1433862590207217,51.7585490412,-1.2602901558,110.401192,5735615.784198018,620069.2123673798,-110.401192,30U,-4.749,2.567,-0.03,0.07385490092920032,-0.02745871496766662,-2.016325734788577
1433862590312019,51.7585051169,-1.2602865214,110.620667,5735610.905521978,620069.5797091037,-110.620667,30U,-4.735,2.525,-0.027,0.07498039081777537,-0.029065061071728005,-2.015711391789858
1433862590403482,51.7584969897,-1.2602829059,110.627541,5735610.007678258,620069.8507820884,-110.627541,30U,-4.709,2.498,-0.027,0.07345710902910416,-0.028379656690572262,-2.0157802588867635
1433862590494946,51.758505411,-1.2602792863,110.521324,5735610.950138918,620070.0782370911,-110.521324,30U,-4.675,2.505,0.04,0.07127260797922452,-0.027502333073943175,-2.015365681684012
1433862590593005,51.7585185536,-1.2602756447,110.37986,5735612.417674161,620070.2946852362,-110.37986,30U,-4.645,2.507,0.061,0.07098833189748832,-0.026545017235566702,-2.0137454122018803
1433862590691505,51.7585361614,-1.2602720627,110.210526,5735614.381669715,620070.4951744706,-110.210526,30U,-4.639,2.472,0.076,0.07182897510558016,-0.022899706499331568,-2.012747168413488
1433862590797443,51.758556027,-1.2602684942,110.044449,5735616.596724668,620070.6887421496,-110.044449,30U,-4.616,2.464,-0.009,0.07167433257212835,-0.02184694756293858,-2.0123287067885003
1433862590904150,51.7585366694,-1.2602649554,110.10675,5735614.449863381,620070.9843149352,-110.10675,30U,-4.592,2.457,-0.039,0.07117671621290785,-0.024214083839861598,-2.011507001640231
1433862591010857,51.7584849898,-1.2602614547,110.385193,5735608.708529049,620071.3630055087,-110.385193,30U,-4.577,2.446,-0.024,0.07123231233407193,-0.025714558119653366,-2.0103763251654447
1433862591115179,51.7584455531,-1.2602579698,110.627762,5735604.328656482,620071.708126952,-110.627762,30U,-4.568,2.421,0.013,0.07070230000056199,-0.02468249999944753,-2.009580407169607
1433862591206617,51.7584163986,-1.2602545403,110.823334,5735601.092138249,620072.0221477926,-110.823334,30U,-4.548,2.416,-0.017,0.07064640471600149,-0.02411959058318527,-2.009074587993285
1433862591298055,51.7583959575,-1.2602510925,110.963371,5735598.824635216,620072.314315972,-110.963371,30U,-4.523,2.423,0.002,0.07294471971789325,-0.024696980736197263,-2.0083589688438743
1433862591396272,51.7583904983,-1.2602476158,110.960861,5735598.2232615575,620072.5687331076,-110.960861,30U,-4.511,2.407,0.036,0.07430358381332322,-0.023840192942799824,-2.0075125222048347
1433862591494708,51.7583924787,-1.2602441467,110.884514,5735598.449205844,620072.802889149,-110.884514,30U,-4.5,2.39,0.011,0.0744682047274666,-0.022544194044957003,-2.006819574864954
1433862591600877,51.7583965278,-1.2602406831,110.791634,5735598.905193574,620073.0311774969,-110.791634,30U,-4.478,2.382,-0.015,0.07377466855014786,-0.02178007330391702,-2.0059812746723713
1433862591707044,51.7584022549,-1.2602372583,110.688629,5735599.547721622,620073.2523365142,-110.688629,30U,-4.455,2.374,-0.021,0.07302158833260498,-0.021128305607982744,-2.0049828758987416
1433862591805452,51.7584086701,-1.2602338296,110.584038,5735600.266777164,620073.4719391328,-110.584038,30U,-4.431,2.371,-0.004,0.07427867986032483,-0.02066708791403434,-2.003561179402207
1433862591903862,51.7583997868,-1.2602304291,110.620934,5735599.28449659,620073.7301815621,-110.620934,30U,-4.416,2.355,0.005,0.074843979660332,-0.01914730540230295,-2.00225854877855
1433862592002356,51.7583765849,-1.2602270742,110.802765,5735596.709822329,620074.023263592,-110.802765,30U,-4.403,2.335,-0.009,0.0743713505883457,-0.01807748030836206,-2.001226561038746
1433862592100850,51.7583567147,-1.2602237389,110.969391,5735594.505621871,620074.3061543697,-110.969391,30U,-4.383,2.324,-0.017,0.07446360000086644,-0.017748799999619595,-2.000495507174815
1433862592199312,51.7583405,-1.2602204451,111.109138,5735592.707867763,620074.5764834562,-111.109138,30U,-4.359,2.313,-0.037,0.07350633325336584,-0.017510331384372288,-1.99944813083209
1433862592297774,51.7583280609,-1.2602171581,111.212852,5735591.329973004,620074.8363269044,-111.212852,30U,-4.341,2.298,-0.035,0.07283395914261298,-0.01750279702139357,-1.9986557007720427
1433862592396239,51.7583235379,-1.2602138587,111.216888,5735590.832418911,620075.0760251002,-111.216888,30U,-4.318,2.291,-0.044,0.07233536019618489,-0.017250403678936328,-1.9980370595684283
1433862592494703,51.7583231389,-1.2602105447,111.167854,5735590.793503672,620075.3057900786,-111.167854,30U,-4.296,2.284,-0.028,0.07262133380085951,-0.017803728945987828,-1.9974817365364286
1433862592600839,51.7583238351,-1.2602072368,111.105621,5735590.876371547,620075.5322285498,-111.105621,30U,-4.274,2.272,-0.026,0.07382465509408423,-0.017655292768449512,-1.9972138153015582
1433862592706977,51.7583253254,-1.2602039664,111.036926,5735591.047486619,620075.7539723263,-111.036926,30U,-4.252,2.262,-0.04,0.07395243083711829,-0.01707810409624637,-1.9969507273546254
1433862592805476,51.758327034,-1.2602007076,110.971512,5735591.242858939,620075.9743363995,-110.971512,30U,-4.235,2.248,-0.033,0.07301871015725941,-0.01782063222417394,-1.9967904878382419
1433862592903753,51.7583210517,-1.2601974713,111.000961,5735590.58291765,620076.2135515485,-111.000961,30U,-4.21,2.244,-0.038,0.07184511293471622,-0.01821091366183017,-1.9965109425709269
1433862592995154,51.7583074243,-1.2601942603,111.126686,5735589.072751393,620076.4713031425,-111.126686,30U,-4.188,2.24,-0.019,0.07214736967765915,-0.01841222696968675,-1.996067153932111
1433862593086557,51.7582949582,-1.2601910533,111.243103,5735587.691722447,620076.725697888,-111.243103,30U,-4.167,2.23,-0.029,0.07335749999946005,-0.01793410000060092,-1.9957592071662247
1433862593190871,51.7582841008,-1.2601878927,111.343521,5735586.489514704,620076.9726226968,-111.343521,30U,-4.147,2.233,-0.046,0.07421474537455414,-0.017586986391727535,-1.9954693115728468
1433862593297576,51.7582752044,-1.2601847198,111.419647,5735585.5054027885,620077.2151939131,-111.419647,30U,-4.154,2.228,-0.028,0.07478289989966304,-0.01827073527572788,-1.9952098291445364
1433862593404222,51.7582710629,-1.2601815238,111.42157,5735585.0501037715,620077.446744595,-111.42157,30U,-4.158,2.223,-0.021,0.07414829709629778,-0.018435953364746786,-1.995119295739736
1433862593510102,51.7582694431,-1.2601783156,111.384865,5735584.875253792,620077.6724471583,-111.384865,30U,-4.144,2.216,-0.018,0.07403646575104945,-0.018024080582832513,-1.9946947365452066
1433862593608601,51.7582684142,-1.2601750992,111.34063,5735584.766129127,620077.8971479682,-111.34063,30U,-4.129,2.216,-0.042,0.07311820747885006,-0.01742583805447711,-1.994636941206211
1433862593706655,51.7582677209,-1.2601719086,111.293396,5735584.694282828,620078.1191779152,-111.293396,30U,-4.109,2.218,-0.044,0.07384223590908598,-0.017831617752346332,-1.9946078980198865
1433862593798041,51.7582670161,-1.2601687082,111.248802,5735584.621173802,620078.3419146996,-111.248802,30U,-4.085,2.21,-0.041,0.07321092794526395,-0.01867928076195615,-1.994760030237548
1433862593889427,51.7582618688,-1.2601655426,111.270828,5735584.053973485,620078.5740359707,-111.270828,30U,-4.07,2.196,-0.024,0.07370469249372498,-0.01965232184236017,-1.9954169779799453
1433862593994175,51.7582523495,-1.2601623984,111.359917,5735583.000543985,620078.8162795138,-111.359917,30U,-4.052,2.193,-0.017,0.07372392994732743,-0.01922796026971679,-1.9962418666262238
1433862594100831,51.7582434036,-1.2601592457,111.446022,5735582.010894184,620079.0575884951,-111.446022,30U,-4.018,2.199,-0.059,0.07347570000053437,-0.019576800000493753,-1.9971555071673746
1433862594207492,51.7582353752,-1.2601560966,111.522369,5735581.123270252,620079.2962149429,-111.522369,30U,-4.0,2.195,-0.03,0.0725796052019938,-0.020238676425289426,-1.998203994831048
1433862594312247,51.7582285505,-1.2601529562,111.578934,5735580.369491034,620079.5310475787,-111.578934,30U,-3.981,2.182,-0.032,0.07195857568110431,-0.02019587055335884,-2.0004111561800113
1433862594403671,51.7582248513,-1.2601497938,111.581512,5735579.96332335,620079.7591064192,-111.581512,30U,-3.952,2.186,-0.025,0.07139881973795185,-0.020640794570740948,-2.003772890214121
1433862594495095,51.7582228227,-1.2601466048,111.553871,5735579.7429807205,620079.9845688173,-111.553871,30U,-3.92,2.196,-0.011,0.07094952469355643,-0.021135098823875917,-2.008343082228704
1433862594593112,51.7582211825,-1.2601433881,111.520012,5735579.565876236,620080.2109124265,-111.520012,30U,-3.883,2.21,-0.015,0.07064002284279708,-0.02083922271669896,-2.0135164597186175
1433862594691569,51.7582197354,-1.2601401512,111.484543,5735579.410278955,620080.4381377936,-111.484543,30U,-3.85,2.223,-0.019,0.07079254010452672,-0.02061759634721915,-2.019485816360705
1433862594797502,51.7582182631,-1.2601368918,111.452469,5735579.251916333,620080.6669828097,-111.452469,30U,-3.819,2.235,-0.026,0.07117001831468112,-0.021503642707552003,-2.0262472122312603
1433862594904205,51.7582140204,-1.2601336199,111.468307,5735578.785488359,620080.9040405926,-111.468307,30U,-3.783,2.25,-0.028,0.07164016710101274,-0.021383368276196607,-2.0340831404412514
1433862595010823,51.7582069723,-1.2601303335,111.534843,5735578.007106108,620081.1495420658,-111.534843,30U,-3.747,2.275,-0.021,0.0719409158114141,-0.021776151388517496,-2.0432386338206583
1433862595115061,51.7582002087,-1.2601269948,111.596977,5735577.260448169,620081.3978981517,-111.596977,30U,-3.706,2.31,0.002,0.07274180000026648,-0.022237700000382738,-2.0523466071728818
1433862595206445,51.7581939777,-1.2601235794,111.650085,5735576.573145005,620081.6501345157,-111.650085,30U,-3.66,2.342,-0.002,0.07427535081407359,-0.022191593869661592,-2.061218570279413
1433862595297829,51.7581885319,-1.2601201367,111.692184,5735575.973205987,620081.9021717678,-111.692184,30U,-3.619,2.344,-0.019,0.07416773052244997,-0.02242534743604674,-2.070170149232674
1433862595396105,51.7581853215,-1.2601166943,111.694885,5735575.621857057,620082.1482576177,-111.694885,30U,-3.547,2.336,-0.033,0.07312735451384031,-0.02295042234305853,-2.079275333234593
1433862595494603,51.7581833827,-1.2601132473,111.676704,5735575.411925647,620082.3912872619,-111.676704,30U,-3.434,2.342,-0.038,0.07221586557270329,-0.02294507933345815,-2.087828157424516
1433862595600796,51.7581817967,-1.2601098062,111.65538,5735575.241218118,620082.632973732,-111.65538,30U,-3.331,2.32,-0.036,0.07232164668697569,-0.022407144158093924,-2.096295555077937
1433862595706989,51.7581804358,-1.2601063461,111.633507,5735575.095574421,620082.8753742379,-111.633507,30U,-3.224,2.302,-0.028,0.07320906609957642,-0.022796941231976137,-2.1059786666563967
1433862595805487,51.7581791229,-1.2601029241,111.612297,5735574.955205907,620083.115018034,-111.612297,30U,-3.116,2.281,-0.002,0.07420646942990289,-0.023163174779688125,-2.1157635658542864
1433862595903982,51.7581759488,-1.2600995559,111.622002,5735574.607771654,620083.3558869858,-111.622002,30U,-3.011,2.259,0.002,0.07508328198445641,-0.02136258808941639,-2.1257012327791243
1433862596002364,51.7581707719,-1.2600962632,111.667274,5735574.037489122,620083.5968592335,-111.667274,30U,-2.918,2.217,-0.023,0.07378666389615485,-0.02015793447467256,-2.1376896923277577
1433862596100747,51.7581657375,-1.2600930233,111.712715,5735573.4829665655,620083.8338096017,-111.712715,30U,-2.803,2.201,-0.025,0.07197030000016774,-0.020156400000392833,-2.1510481071796796
1433862596199202,51.7581608153,-1.2600897429,111.760567,5735572.940988051,620084.073257341,-111.760567,30U,-2.681,2.192,-0.035,0.06996051505826453,-0.020114860769750952,-2.1647228847402347
1433862596297658,51.7581560303,-1.2600864943,111.811218,5735572.414214691,620084.3101465192,-111.811218,30U,-2.573,2.169,-0.055,0.0691038123601401,-0.021031716839193297,-2.1798012328025513
1433862596396112,51.7581525148,-1.2600832688,111.843262,5735572.028579708,620084.5420733746,-111.843262,30U,-2.46,2.157,-0.037,0.06888589799705601,-0.022181563547971517,-2.195590929158693
1433862596494567,51.7581494728,-1.260080077,111.867569,5735571.695545431,620084.7704182719,-111.867569,30U,-2.365,2.132,-0.001,0.06744960815338244,-0.021538226644045047,-2.211659222160794
1433862596600705,51.7581462199,-1.2600769331,111.898071,5735571.338978888,620084.9960170535,-111.898071,30U,-2.258,2.107,-0.02,0.06596196925180264,-0.020207216486785782,-2.2278932709669124
1433862596706844,51.7581427405,-1.2600737712,111.939613,5735570.957253766,620085.2234590338,-111.939613,30U,-2.142,2.093,-0.044,0.06425389962029245,-0.020825192721700525,-2.244098502990817
1433862596805325,51.7581390162,-1.2600706608,111.986183,5735570.548209436,620085.447996667,-111.986183,30U,-2.052,2.049,-0.019,0.06142869216739376,-0.02119589196832043,-2.26108854006288
1433862596903584,51.7581345325,-1.2600676226,112.041679,5735570.054596174,620085.669566457,-112.041679,30U,-1.942,2.024,-0.021,0.06121567032697683,-0.019534206578766367,-2.278717442637971
1433862596994978,51.7581298193,-1.2600646252,112.100754,5735569.535393894,620085.8889294842,-112.100754,30U,-1.831,2.006,-0.038,0.05950304848407834,-0.01878235058752073,-2.2964899546040134
1433862597086373,51.7581257682,-1.2600616596,112.151054,5735569.089768957,620086.1043412787,-112.151054,30U,-1.751,1.986,-0.031,0.05898849999986986,-0.019020400000861654,-2.314679607172787
1433862597190675,51.7581223601,-1.2600586886,112.191002,5735568.715658572,620086.3184197755,-112.191002,30U,-1.685,1.974,-0.032,0.05821319334417007,-0.019468131924888315,-2.3339459110677874
1433862597297367,51.7581195478,-1.2600557237,112.221268,5735568.407794866,620086.5304965513,-112.221268,30U,-1.61,1.973,-0.025,0.058149986191203894,-0.019163047209250425,-2.3534291064180684
1433862597404061,51.7581173052,-1.2600527524,112.241646,5735568.163295933,620086.7415035026,-112.241646,30U,-1.534,1.975,-0.025,0.059329744885028214,-0.01835256569918742,-2.3726395637389026
1433862597509985,51.7581153915,-1.2600497909,112.256119,5735567.955356627,620086.9509615123,-112.256119,30U,-1.486,1.958,-0.03,0.05977059842458487,-0.018490436578458665,-2.3931450833597983
1433862597608455,51.7581136969,-1.2600468433,112.266357,5735567.771759743,620087.1588789466,-112.266357,30U,-1.421,1.958,-0.026,0.06003203993087556,-0.01927223034897142,-2.4146045195076082
1433862597706486,51.7581122067,-1.2600438754,112.272568,5735567.61092686,620087.3676550336,-112.272568,30U,-1.346,1.962,-0.018,0.06028272529412681,-0.01872672516751449,-2.4345069178812895
1433862597797948,51.758110883,-1.2600409222,112.276581,5735567.468585628,620087.5749748877,-112.276581,30U,-1.295,1.942,-0.035,0.05987648941606032,-0.018010827371052286,-2.4536381224362387
1433862597889409,51.7581095998,-1.2600380029,112.285667,5735567.330692445,620087.7798477736,-112.285667,30U,-1.242,1.922,-0.04,0.059123391966881766,-0.01854879192030783,-2.4733680212631124
1433862597993953,51.7581083292,-1.2600351106,112.292633,5735567.19415601,620087.9828239023,-112.292633,30U,-1.179,1.908,-0.023,0.05822322596794944,-0.019055990117923142,-2.4929403989064594
1433862598100365,51.7581071929,-1.2600322291,112.295662,5735567.0725368075,620088.1846983777,-112.295662,30U,-1.124,1.911,-0.018,0.05687160000076423,-0.018922700000136086,-2.5124453071649264
1433862598207070,51.7581061422,-1.2600293356,112.29821,5735566.960456632,620088.387173896,-112.29821,30U,-1.085,1.919,-0.047,0.05536179977402592,-0.019338514161361696,-2.5326584223514566
1433862598311870,51.7581051268,-1.2600264237,112.303505,5735566.852332343,620088.590825595,-112.303505,30U,-1.048,1.935,-0.06,0.054871150488181385,-0.020885891145381204,-2.5528369157208686
1433862598403331,51.7581041196,-1.2600234871,112.308868,5735566.7451606225,620088.7961601558,-112.308868,30U,-1.02,1.952,-0.042,0.0541075814841152,-0.021863605355329413,-2.5730041953847422
1433862598494793,51.7581031296,-1.2600205249,112.312134,5735566.63994381,620089.0032158103,-112.312134,30U,-0.993,1.966,-0.023,0.05209137019976356,-0.02240729517270745,-2.59431519997141
1433862598592850,51.7581022003,-1.2600175358,112.314301,5735566.541521523,620089.2119668582,-112.314301,30U,-0.952,1.984,-0.03,0.05097856422274666,-0.023074305755769225,-2.616666185260084
1433862598691347,51.7581013208,-1.2600145001,112.317421,5735566.448714047,620089.423801767,-112.317421,30U,-0.898,2.012,-0.039,0.05072495413970936,-0.024193047262468934,-2.6386050399660053
1433862598797263,51.7581004837,-1.2600114352,112.320313,5735566.360669807,620089.6375393518,-112.320313,30U,-0.879,2.031,-0.027,0.05048809246830298,-0.02458630790559982,-2.6598014673350177
1433862598903942,51.7580996652,-1.2600083424,112.321342,5735566.274739952,620089.8531530441,-112.321342,30U,-0.867,2.052,-0.011,0.04895976842342274,-0.024414507705242085,-2.681475834950811
1433862599010453,51.7580988784,-1.2600052177,112.32119,5735566.1923878705,620090.0708841344,-112.32119,30U,-0.823,2.079,-0.01,0.04652135231167232,-0.024074228344952583,-2.7026579634655805
1433862599114612,51.7580981497,-1.2600020623,112.322365,5735566.1165474355,620090.2905797617,-112.322365,30U,-0.766,2.1,-0.035,0.04513269999947482,-0.02373530000040382,-2.7222166071654033
1433862599206073,51.7580974397,-1.2599988813,112.326073,5735566.04282872,620090.5119925016,-112.326073,30U,-0.742,2.107,-0.04,0.04501062807097609,-0.024398705555281053,-2.742304443229091
1433862599297534,51.758096759,-1.2599956847,112.329559,5735565.9723940445,620090.7344041017,-112.329559,30U,-0.71,2.118,-0.035,0.04548438281226209,-0.025261187666877363,-2.763915213403137
1433862599395811,51.7580961222,-1.2599924683,112.332947,5735565.90687394,620090.9580656784,-112.332947,30U,-0.665,2.136,-0.042,0.044844345132145934,-0.026159060496904116,-2.785319048946032
1433862599494307,51.7580955258,-1.2599892361,112.336487,5735565.845872592,620091.1827104661,-112.336487,30U,-0.635,2.14,-0.039,0.04403345661653735,-0.026882427770239435,-2.8059341146461207
1433862599600499,51.75809496,-1.2599860131,112.33931,5735565.78825902,620091.4066391517,-112.33931,30U,-0.604,2.128,-0.028,0.043129289563741235,-0.02597569096621118,-2.8266773944147228
1433862599706690,51.7580944105,-1.2599827787,112.341064,5735565.732476892,620091.6313113383,-112.341064,30U,-0.564,2.13,-0.027,0.040953760043778265,-0.024581949286132165,-2.8479916750542094
1433862599805187,51.7580939086,-1.2599795416,112.342621,5735565.68199264,620091.8560435665,-112.342621,30U,-0.514,2.137,-0.018,0.03975995599082211,-0.024163991293353095,-2.8687691378641564
1433862599903684,51.758093449,-1.2599763041,112.343086,5735565.636213082,620092.080691168,-112.343086,30U,-0.487,2.134,-0.012,0.03828748899033847,-0.023391605702719923,-2.88923616101954
1433862600002175,51.7580930174,-1.2599730754,112.343452,5735565.59353282,620092.3046571717,-112.343452,30U,-0.46,2.128,-0.013,0.0367940262426947,-0.022048522589897812,-2.911421741507362
1433862600100666,51.7580926257,-1.2599698407,112.343521,5735565.55529958,620092.5289313869,-112.343521,30U,-0.414,2.145,-0.003,0.03451740000061317,-0.020992999999683445,-2.934970907178316
1433862600199149,51.7580922598,-1.2599665321,112.341248,5735565.520057156,620092.7582371772,-112.341248,30U,-0.375,2.167,0.013,0.03134985151026475,-0.019673758466670684,-2.958143850775267
1433862600297633,51.7580919363,-1.2599632215,112.341995,5735565.489533182,620092.9875684951,-112.341995,30U,-0.333,2.162,-0.039,0.02939317860603448,-0.019483204553401953,-2.98119391254637
1433862600396049,51.7580916609,-1.2599599333,112.346619,5735565.464321359,620093.2152263093,-112.346619,30U,-0.285,2.144,-0.061,0.02827972401754366,-0.019607448912419265,-3.0053961884868405
1433862600494462,51.7580914382,-1.259956673,112.353249,5735565.444924177,620093.4408188442,-112.353249,30U,-0.226,2.129,-0.067,0.03030049840239278,-0.019683518089539106,-3.0311751062108367
1433862600600649,51.7580912747,-1.2599534308,112.359581,5735565.432080614,620093.6650051759,-112.359581,30U,-0.168,2.127,-0.051,0.03384313042738608,-0.019913402177196775,-3.0570287773291747
1433862600706835,51.7580911254,-1.2599501624,112.363991,5735565.420859331,620093.8909619594,-112.363991,30U,-0.144,2.133,-0.038,0.03650597345695274,-0.01980298774084976,-3.0820560173316003
1433862600805241,51.7580909971,-1.2599468924,112.36692,5735565.4119760245,620094.1169734452,-112.36692,30U,-0.134,2.139,-0.033,0.03630602021262374,-0.01949499564701725,-3.106953080485689
1433862600903429,51.7580908968,-1.2599436144,112.368736,5735565.40621968,620094.343462737,-112.368736,30U,-0.097,2.156,-0.021,0.03367905663905663,-0.019231167575762046,-3.1320461768222483
1433862600994890,51.7580908499,-1.2599403098,112.368965,5735565.406445562,620094.5716460743,-112.368965,30U,-0.04,2.183,-0.013,0.030559363069669252,-0.01865247380491581,3.125948209227267
1433862601086351,51.7580908621,-1.2599369678,112.370255,5735565.413305328,620094.8022536667,-112.370255,30U,0.014,2.216,-0.032,0.028530299999265343,-0.018890500000141693,3.1005357999996805
1433862601190647,51.7580908817,-1.2599335075,112.373154,5735565.421182833,620095.0410058096,-112.373154,30U,0.062,2.255,-0.034,0.028404076983164335,-0.019241629346333874,3.0746196581124585
1433862601297320,51.7580909592,-1.2599299984,112.37619,5735565.435579545,620095.2829721348,-112.37619,30U,0.106,2.301,-0.039,0.027774646106990188,-0.01894073645253768,3.047519304020139
1433862601403983,51.7580910891,-1.2599264255,112.379555,5735565.455908538,620095.5292024212,-112.379555,30U,0.153,2.358,-0.046,0.02582043800210814,-0.01866169021848916,3.0188722172286027
1433862601509877,51.7580912865,-1.259922781,112.383469,5735565.483861868,620095.7801948999,-112.383469,30U,0.231,2.413,-0.046,0.025450259594898286,-0.018812130447651794,2.989480041921598
1433862601608336,51.7580915745,-1.2599190768,112.388153,5735565.521988804,620096.0350670291,-112.388153,30U,0.314,2.455,-0.051,0.025765474632611075,-0.02002080427997461,2.959284993258285
1433862601706354,51.7580918957,-1.2599151942,112.391228,5735565.564101569,620096.3021629002,-112.391228,30U,0.358,2.53,-0.004,0.028042035730278265,-0.02083252429312812,2.92602232537775
1433862601797779,51.7580922876,-1.2599112367,112.390022,5735565.614199966,620096.5742402116,-112.390022,30U,0.453,2.575,0.004,0.028324669151755716,-0.018936869499301633,2.8908549493960702
1433862601889203,51.7580927875,-1.2599072499,112.390999,5735565.676356905,620096.8480530167,-112.390999,30U,0.555,2.605,-0.035,0.02774536459770176,-0.01767099346940244,2.8565746265783742
1433862601993951,51.7580933692,-1.2599032348,112.393837,5735565.747657136,620097.1236018202,-112.393837,30U,0.615,2.646,-0.04,0.02505597143803951,-0.017292888773313028,2.8214432473510365
1433862602100602,51.7580940255,-1.259899179,112.396393,5735565.827320391,620097.4017614798,-112.396393,30U,0.703,2.681,-0.028,0.02280769999999079,-0.01687119999963148,2.7858846000001476
1433862602207306,51.7580947678,-1.2598950017,112.398499,5735565.916747475,620097.6880779618,-112.398499,30U,0.811,2.696,-0.034,0.021570336825905475,-0.017056653966578104,2.7516545984334146
1433862602312099,51.7580956098,-1.2598908361,112.40136,5735566.017242576,620097.9733224374,-112.40136,30U,0.913,2.713,-0.033,0.019842519411755518,-0.017293485663699905,2.718119371564544
1433862602403513,51.7580965423,-1.2598866726,112.403633,5735566.1277984055,620098.2581818387,-112.403633,30U,1.0,2.729,-0.038,0.017887264997694864,-0.016706624092293544,2.6846842382636242
1433862602494928,51.758097564,-1.2598825205,112.406494,5735566.2482550815,620098.5420177967,-112.406494,30U,1.105,2.732,-0.016,0.01945234612342639,-0.015502693508117622,2.6513992358985803
1433862602592911,51.7580986957,-1.259878394,112.409607,5735566.380902311,620098.8237951383,-112.409607,30U,1.218,2.73,-0.054,0.021240099725358133,-0.015537565076616727,2.6169767774407164
1433862602691333,51.7580999111,-1.2598740858,112.412209,5735566.523156727,620099.1178899483,-112.412209,30U,1.31,2.788,-0.003,0.02197641081072119,-0.017059747936177722,2.580482503784442
1433862602797245,51.7581012387,-1.2598697699,112.412163,5735566.677901187,620099.4122184191,-112.412163,30U,1.447,2.796,-0.004,0.022015381585165233,-0.016880062519773722,2.5436097159429285
1433862602903931,51.7581026991,-1.259865469,112.41256,5735566.84738916,620099.7051593008,-112.41256,30U,1.58,2.818,-0.014,0.021795522942747707,-0.01646274248148817,2.505904786442725
1433862603010584,51.7581042946,-1.2598611682,112.413292,5735567.031900958,620099.9977347759,-112.413292,30U,1.729,2.842,-0.016,0.0219224739217171,-0.016198757379469506,2.4661089233271984
1433862603114863,51.758106039,-1.2598568716,112.41552,5735567.232964472,620100.2896252694,-112.41552,30U,1.894,2.856,-0.038,0.021615299999840683,-0.01765389999919708,2.4252897999995193
1433862603206323,51.7581079701,-1.2598524163,112.419418,5735567.455051555,620100.5919726194,-112.419418,30U,2.087,2.842,-0.05,0.02153520868004369,-0.01923714223398136,2.3856798173657756
1433862603297784,51.7581100592,-1.2598480084,112.423645,5735567.6946311975,620100.890629494,-112.423645,30U,2.239,2.876,-0.041,0.017939045555097396,-0.020858249512551368,2.345472020465587
1433862603396041,51.758112287,-1.2598435967,112.427254,5735567.949641429,620101.1891805441,-112.427254,30U,2.402,2.879,-0.059,0.017019450913960357,-0.02245088476728535,2.302616025942651
1433862603494517,51.7581146922,-1.2598393126,112.433533,5735568.224169552,620101.478454831,-112.433533,30U,2.624,2.785,-0.057,0.018526602233548965,-0.026749716475190834,2.2596713023677117
1433862603600707,51.7581172867,-1.2598351651,112.435005,5735568.519524102,620101.7577996628,-112.435005,30U,2.807,2.753,0.023,0.019000135302312,-0.02974258441515571,2.2163663522110695
1433862603706892,51.7581200927,-1.2598309098,112.429237,5735568.838576315,620102.0440227862,-112.429237,30U,2.993,2.715,0.068,0.02016953340055589,-0.028099641828459483,2.1712537365739992
1433862603805295,51.7581230611,-1.2598267905,112.425041,5735569.175464494,620102.3204292351,-112.425041,30U,3.188,2.642,0.016,0.020570182586151817,-0.0259871951189708,2.1264988549894928
1433862603903701,51.7581261958,-1.2598228507,112.423172,5735569.530550706,620102.5840066181,-112.423172,30U,3.387,2.552,0.011,0.017493681358696618,-0.024538447684073834,2.084556921192235
1433862604002197,51.7581294807,-1.2598190901,112.425224,5735569.90204502,620102.8348183575,-112.425224,30U,3.56,2.463,-0.044,0.018285615521834057,-0.024469737694726348,2.0459049458980623
1433862604100693,51.7581329044,-1.2598155041,112.428009,5735570.28868726,620103.0732121635,-112.428009,30U,3.728,2.381,0.002,0.018784000000458354,-0.025622299999684985,2.0088214999993137
1433862604199189,51.7581365289,-1.2598119146,112.421066,5735570.697665499,620103.3113146387,-112.421066,30U,3.905,2.311,0.119,0.015435690962160055,-0.023884738448973052,1.9739278965578333
1433862604297684,51.7581402816,-1.2598084698,112.40406,5735571.120662111,620103.5390907793,-112.40406,30U,4.049,2.236,0.158,0.011633131992694359,-0.018392353408149115,1.940606720374794
1433862604396085,51.75814415,-1.2598051977,112.391319,5735571.556240908,620103.754641406,-112.391319,30U,4.193,2.129,0.059,0.005643939772669715,-0.015173648985812182,1.906544740714418
1433862604494482,51.7581481302,-1.2598021479,112.389023,5735572.003886504,620103.9545538503,-112.389023,30U,4.33,1.985,-0.053,0.0010367184215800279,-0.01573920765479933,1.8730867859768914
1433862604600667,51.7581522124,-1.2597993474,112.399734,5735572.462464613,620104.1369907847,-112.399734,30U,4.456,1.834,-0.151,0.003207802155096511,-0.019420422246736964,1.8415215782465901
1433862604706857,51.7581564536,-1.2597966167,112.412842,5735572.938609586,620104.3141886934,-112.412842,30U,4.591,1.741,-0.089,0.005046354893103112,-0.023318762925547357,1.810320526556704
1433862604805353,51.7581608011,-1.2597940457,112.415329,5735573.426312805,620104.4800832003,-112.415329,30U,4.723,1.638,0.029,0.006049189616503298,-0.024535062846627723,1.779613327411289
1433862604903627,51.7581652426,-1.2597916976,112.411865,5735573.9241023585,620104.6303453605,-112.411865,30U,4.854,1.504,0.049,0.0063424428812776015,-0.024624342782139066,1.7528929866111358
1433862604995067,51.7581697785,-1.2597895423,112.406326,5735574.432072292,620104.7670513896,-112.406326,30U,4.98,1.426,0.05,0.0055880519057585265,-0.023402611017690048,1.7293110682764443
1433862605086506,51.75817441,-1.2597875322,112.404388,5735574.950434442,620104.8934830991,-112.404388,30U,5.108,1.337,-0.004,0.0052449000005556174,-0.02253340000034751,1.7077801999998667
1433862605190824,51.7581791734,-1.2597855392,112.404144,5735575.483436545,620105.0183846559,-112.404144,30U,5.236,1.244,-0.011,0.0012503448807017728,-0.02182058308700619,1.689684951744046
1433862605297528,51.7581840341,-1.25978369,112.40258,5735576.027022218,620105.1331040008,-112.40258,30U,5.36,1.166,0.033,-0.0009818679801215531,-0.02063054410543633,1.6744226627808538
1433862605403975,51.7581889887,-1.2597819839,112.398087,5735576.5808145115,620105.2376984679,-112.398087,30U,5.48,1.1,0.044,-0.0027891603702417784,-0.018487095794868205,1.6610233738642122
1433862605509670,51.7581940343,-1.2597804206,112.392952,5735577.14449142,620105.332196458,-112.392952,30U,5.592,1.02,0.032,-0.0035647784712199335,-0.0160662776389981,1.6478349017145755
1433862605608165,51.7581991684,-1.25977898,112.392044,5735577.71780803,620105.4179917576,-112.392044,30U,5.7,0.954,-0.002,-0.001381271950090665,-0.014981469825434655,1.6347858870252947
1433862605706220,51.7582044186,-1.25977753,112.395676,5735578.304051174,620105.5041276632,-112.395676,30U,5.806,0.883,-0.026,0.0026285292037193197,-0.01427892309089186,1.6229089589062766
1433862605797680,51.7582097504,-1.25977621,112.399132,5735578.899154667,620105.5810754015,-112.399132,30U,5.908,0.826,-0.036,0.005290301349871513,-0.013290582112180326,1.612410271566441
1433862605889140,51.7582151645,-1.2597749742,112.401794,5735579.503271785,620105.6519938812,-112.401794,30U,6.01,0.796,-0.033,0.004299156042440387,-0.013641072582345147,1.6026321964121957
1433862605993937,51.7582206497,-1.2597738353,112.404427,5735580.115136097,620105.7160363701,-112.404427,30U,6.099,0.73,-0.016,0.002676644250297411,-0.01595603566387046,1.5955460552661922
1433862606100640,51.7582261956,-1.2597728046,112.40741,5735580.733572451,620105.7724506262,-112.40741,30U,6.181,0.688,-0.047,0.001718600000502947,-0.01777699999992906,1.5913662999991338
1433862606207344,51.7582318061,-1.2597717174,112.414764,5735581.359285777,620105.8325926361,-112.414764,30U,6.254,0.645,-0.063,0.00842313803741523,-0.02034347961238332,1.5886262111054288
1433862606312142,51.7582374778,-1.259770709,112.420975,5735581.991675162,620105.8871340519,-112.420975,30U,6.33,0.639,-0.03,0.013025644988905237,-0.02240115821981165,1.5868894876146995
1433862606403601,51.7582432185,-1.259769705,112.421577,5735582.631730537,620105.9411886944,-112.421577,30U,6.416,0.66,0.025,0.015512837927216892,-0.021681149085620872,1.586186108780473
1433862606495061,51.7582490293,-1.2597686924,112.418091,5735583.27959564,620105.9956508036,-112.418091,30U,6.493,0.686,0.034,0.01301236979993907,-0.02057696389540883,1.5852764290197134
1433862606593103,51.7582549038,-1.2597676929,112.41497,5735583.93452301,620106.0490397956,-112.41497,30U,6.562,0.659,0.045,0.0112388204658769,-0.018744543378710433,1.584362984088084
1433862606691584,51.7582608496,-1.2597666435,112.413109,5735584.597461564,620106.1056832765,-112.413109,30U,6.637,0.629,0.006,0.011857001080592382,-0.016054689890203297,1.5846814242184921
1433862606797479,51.7582668628,-1.2597656348,112.415054,5735585.267828402,620106.1593390823,-112.415054,30U,6.718,0.636,-0.005,0.015167829927186339,-0.016300719290968872,1.5842114466088177
1433862606904140,51.7582729481,-1.2597646482,112.415558,5735585.94617682,620106.2112783687,-112.415558,30U,6.796,0.631,-0.002,0.01787019642635661,-0.016791964048247603,1.5828657783317606
1433862607010813,51.7582790968,-1.2597637042,112.417953,5735586.631505568,620106.2601094721,-112.417953,30U,6.866,0.618,-0.042,0.0195232423820081,-0.01747674746219944,1.5819859377269483
1433862607115103,51.7582853125,-1.2597627778,112.422966,5735587.324256153,620106.307548145,-112.422966,30U,6.952,0.639,-0.033,0.01842539999929581,-0.01898739999953401,1.580336100000621
1433862607206518,51.7582916237,-1.2597618002,112.424339,5735588.027711257,620106.3582668027,-112.424339,30U,7.025,0.609,0.016,0.017612509308291852,-0.01921070797978548,1.5777656126811077
1433862607297932,51.7582979888,-1.2597608979,112.423035,5735588.737036378,620106.4036457862,-112.423035,30U,7.077,0.567,0.01,0.018628412833728826,-0.01819136847700998,1.5749867511095736
1433862607396172,51.7583043837,-1.2597600505,112.423111,5735589.44958504,620106.4451569003,-112.423111,30U,7.098,0.556,-0.014,0.019893173757060956,-0.01826551108465231,1.5718108639439499
1433862607494631,51.7583107826,-1.2597592371,112.425407,5735590.162522537,620106.4843109667,-112.425407,30U,7.098,0.543,-0.016,0.020907317240120342,-0.01954650893342478,1.5685872742263545
1433862607600769,51.7583171715,-1.2597584631,112.428474,5735590.874283087,620106.5207724712,-112.428474,30U,7.087,0.522,-0.026,0.021590995499372507,-0.02125452927334624,1.5656564900389838
1433862607706906,51.7583235672,-1.2597576691,112.429558,5735591.586832778,620106.5585961589,-112.429558,30U,7.071,0.502,-0.003,0.02100654212803206,-0.021006298171145205,1.5625706884633266
1433862607805359,51.7583299495,-1.2597569043,112.43119,5735592.297844218,620106.5944402317,-112.43119,30U,7.075,0.486,-0.017,0.022338448037132665,-0.020291893395647662,1.5594876938919782
1433862607903813,51.758336342,-1.259756193,112.431297,5735593.009901861,620106.626565069,-112.431297,30U,7.099,0.463,0.015,0.021915822642980014,-0.02018272459206115,1.556460560490985
1433862608002308,51.7583427528,-1.259755527,112.430458,5735593.723919978,620106.6555150781,-112.430458,30U,7.126,0.432,0.001,0.023403627249609652,-0.020529507658263495,1.5532450136572442
1433862608100803,51.75834918,-1.2597549267,112.432838,5735594.439653687,620106.6798874532,-112.432838,30U,7.151,0.4,-0.052,0.024724699999526898,-0.022554800000669003,1.5505082999999285
1433862608199254,51.7583556496,-1.2597542863,112.435486,5735595.160168579,620106.7069146878,-112.435486,30U,7.186,0.388,-0.008,0.02506308696563098,-0.023199934174846,1.54797417512836
1433862608297705,51.7583621444,-1.2597536762,112.434883,5735595.883435974,620106.7317839672,-112.434883,30U,7.216,0.376,0.016,0.02437102877152008,-0.02266471913700891,1.5454179973706852
1433862608396150,51.7583686607,-1.2597531178,112.432175,5735596.609009163,620106.753028252,-112.432175,30U,7.245,0.344,0.047,0.025398777783758486,-0.021493316460051256,1.5435237651720424
1433862608494594,51.7583751988,-1.2597526093,112.42865,5735597.336924479,620106.7707709693,-112.42865,30U,7.275,0.336,0.019,0.02532812016579073,-0.02102284370919454,1.5417715670476224
1433862608600781,51.7583817584,-1.2597521206,112.428581,5735598.06719812,620106.7870901809,-112.428581,30U,7.302,0.321,-0.005,0.02640928448760358,-0.02168528558925193,1.5403712394042632
1433862608706965,51.758388351,-1.2597515836,112.428986,5735598.801221114,620106.8066550944,-112.428986,30U,7.334,0.32,-0.006,0.025206851762445012,-0.022086451689012413,1.539682318161975
1433862608805380,51.7583949705,-1.2597510655,112.429192,5735599.538204431,620106.8248442833,-112.429192,30U,7.367,0.308,0.004,0.026004610710633567,-0.021891810081990495,1.5390386754815997
1433862608903578,51.7584016134,-1.2597505884,112.428352,5735600.277722458,620106.8401418688,-112.428352,30U,7.396,0.291,0.012,0.027725298023692804,-0.021956829546454705,1.5387940330992267
1433862608995038,51.7584082803,-1.2597501353,112.426758,5735601.019869915,620106.8537194658,-112.426758,30U,7.427,0.302,0.025,0.029040929999391615,-0.02078999196839653,1.538313382385788
1433862609086497,51.7584149714,-1.2597496947,112.426491,5735601.764687979,620106.8663701819,-112.426491,30U,7.454,0.293,-0.009,0.031516599999964916,-0.019750799999878065,1.5374278000002926
1433862609190803,51.7584216969,-1.259749211,112.427132,5735602.513402519,620106.88190402,-112.427132,30U,7.483,0.272,0.009,0.035023623196221806,-0.01956829397083255,1.5370277602697089
1433862609297489,51.7584284444,-1.2597487567,112.426376,5735603.264515183,620106.8953505115,-112.426376,30U,7.509,0.282,-0.001,0.03592225614331774,-0.01859510127542174,1.536410021715477
1433862609404191,51.758435213,-1.2597483101,112.428085,5735604.017961618,620106.9082096072,-112.428085,30U,7.534,0.274,-0.024,0.036495087065227194,-0.01814651135800677,1.53588710978279
1433862609510119,51.7584420007,-1.2597478948,112.430061,5735604.773480551,620106.9188579301,-112.430061,30U,7.562,0.274,-0.014,0.03484651756145715,-0.01818191028297535,1.536038382312349
1433862609608559,51.7584488108,-1.2597474905,112.430992,5735605.5314723905,620106.9286876686,-112.430992,30U,7.586,0.264,-0.017,0.034767607131432066,-0.0181515415330467,1.5361032968476185
1433862609706558,51.7584556457,-1.2597470391,112.433754,5735606.292299713,620106.9417020506,-112.433754,30U,7.61,0.26,-0.022,0.03673029194618921,-0.018751060870979035,1.53655431246028
1433862609797947,51.7584625025,-1.2597465933,112.435219,5735607.0555532295,620106.9542718397,-112.435219,30U,7.636,0.282,-0.02,0.03549004380393687,-0.017661940477988275,1.5366190721289943
1433862609889336,51.7584693821,-1.2597461307,112.436256,5735607.82136992,620106.9679405136,-112.436256,30U,7.659,0.289,-0.017,0.03491167983399675,-0.015604779982020372,1.536384029246003
1433862609994088,51.7584762786,-1.2597456991,112.436737,5735608.589014945,620106.9794249584,-112.436737,30U,7.68,0.275,-0.009,0.03420548673838206,-0.0135298363263039,1.536507837553705
1433862610100750,51.7584831885,-1.2597453008,112.439331,5735609.358095296,620106.9885757349,-112.439331,30U,7.699,0.272,-0.057,0.03268159999939347,-0.012929999999927489,1.536865599999285
1433862610207406,51.7584901243,-1.2597448288,112.445702,5735610.130177263,620107.0027439508,-112.445702,30U,7.719,0.275,-0.076,0.03334835644331754,-0.014698543935643791,1.5369694357765544
1433862610312158,51.7584970716,-1.2597443903,112.452072,5735610.903482934,620107.014569738,-112.452072,30U,7.735,0.269,-0.054,0.03199886767543463,-0.015581231196901009,1.5372872963476956
1433862610403581,51.7585040336,-1.2597439558,112.456482,5735611.678416752,620107.0260804575,-112.456482,30U,7.752,0.282,-0.059,0.029719266795405114,-0.014769809381976843,1.5373258862651167
1433862610495003,51.7585110113,-1.2597435178,112.460373,5735612.455102276,620107.0377910438,-112.460373,30U,7.771,0.286,-0.028,0.02805070289920799,-0.014003177358234666,1.5373518491111176
1433862610593023,51.7585180018,-1.2597430992,112.461815,5735613.23317929,620107.0481288224,-112.461815,30U,7.782,0.285,-0.047,0.024787180482913687,-0.012998645659929411,1.537510211559052
1433862610691482,51.7585250125,-1.2597426218,112.467484,5735614.013599506,620107.0624708836,-112.467484,30U,7.797,0.275,-0.072,0.02443601758800262,-0.013050438354351561,1.5376089041529575
1433862610797412,51.758532038,-1.2597421681,112.474258,5735614.795626546,620107.0751380774,-112.474258,30U,7.823,0.283,-0.068,0.02293213235191249,-0.014117213888595652,1.5377242015754928
1433862610904111,51.7585390819,-1.2597417198,112.479507,5735615.579690889,620107.0873837671,-112.479507,30U,7.841,0.283,-0.044,0.022366446834140637,-0.01452535649174604,1.5375635059295265
1433862611010729,51.7585461386,-1.2597412921,112.484161,5735616.365144754,620107.098173834,-112.484161,30U,7.86,0.274,-0.052,0.022038498851589674,-0.012757860617518916,1.53782085346586
1433862611114975,51.7585532138,-1.2597408906,112.488579,5735617.152612787,620107.1071066856,-112.488579,30U,7.889,0.278,-0.049,0.02141960000072574,-0.010144000000336726,1.537991299999322
1433862611206415,51.7585603225,-1.2597404117,112.492256,5735617.943933696,620107.121292145,-112.492256,30U,7.914,0.276,-0.05,0.020488371902366114,-0.009159738828235496,1.5381250182882622
1433862611297856,51.7585674524,-1.2597399465,112.498093,5735618.737589616,620107.1344758715,-112.498093,30U,7.941,0.285,-0.103,0.018111419813444735,-0.009761827924381282,1.5383023664993585
1433862611396095,51.7585746044,-1.2597394962,112.508682,5735619.533678662,620107.146572663,-112.508682,30U,7.968,0.277,-0.127,0.015702513608259305,-0.012784422320892766,1.5385031126607294
1433862611494553,51.7585817782,-1.2597390759,112.51754,5735620.332142602,620107.1565412384,-112.51754,30U,7.996,0.273,-0.071,0.014416468824050104,-0.013731154540281012,1.539066561371513
1433862611600740,51.7585889785,-1.2597386558,112.523193,5735621.133553178,620107.1664256772,-112.523193,30U,8.024,0.288,-0.058,0.014553317741485808,-0.0132904375535397,1.5390439190632832
1433862611706923,51.7585962091,-1.2597381806,112.527542,5735621.938424047,620107.1800322472,-112.527542,30U,8.046,0.277,-0.04,0.013887127044293448,-0.013403455368377556,1.53899228448871
1433862611805338,51.7586034563,-1.2597377187,112.53141,5735622.745119038,620107.1926768961,-112.53141,30U,8.065,0.286,-0.06,0.011602375755237154,-0.013617915237925089,1.5389675525640896
1433862611903756,51.7586107197,-1.2597372666,112.538155,5735623.553599435,620107.2046022287,-112.538155,30U,8.086,0.279,-0.068,0.011937690997708257,-0.014966305080188428,1.5387505743048588
1433862612002250,51.7586179954,-1.2597368648,112.544456,5735624.363364835,620107.2130236174,-112.544456,30U,8.1,0.249,-0.049,0.013775112854862015,-0.01657480122743008,1.5388813199647255
1433862612100744,51.7586252866,-1.2597364739,112.547356,5735625.174835984,620107.2206516345,-112.547356,30U,8.121,0.278,-0.04,0.011200300000342504,-0.016092600000135637,1.5385322000003931
1433862612199216,51.7586326062,-1.2597360174,112.551079,5735625.989573424,620107.2327314451,-112.551079,30U,8.142,0.274,-0.029,0.008593633668734278,-0.015380008628712237,1.5378583483113488
1433862612297688,51.7586399352,-1.2597356008,112.552483,5735626.805290495,620107.2420327313,-112.552483,30U,8.149,0.257,-0.013,0.007105138328854541,-0.012808290639146253,1.5377546032528033
1433862612396144,51.7586472619,-1.2597352071,112.558151,5735627.6207140805,620107.2497597418,-112.558151,30U,8.139,0.255,-0.072,0.009220044114756836,-0.012982329974761246,1.5371833919685145
1433862612494599,51.7586545718,-1.2597348348,112.566063,5735628.43423416,620107.2560544736,-112.566063,30U,8.118,0.251,-0.079,0.010387918388720097,-0.01434176697451819,1.5364068979967405
1433862612600785,51.7586618644,-1.2597344501,112.574379,5735629.245850791,620107.2632508487,-112.574379,30U,8.093,0.267,-0.085,0.009580797597398268,-0.01524474518582234,1.5350184367265374
1433862612706974,51.7586691364,-1.2597340597,112.582245,5735630.0551859625,620107.270895246,-112.582245,30U,8.051,0.238,-0.056,0.010513969104172027,-0.015295369752320083,1.5340345300220808
1433862612805468,51.7586763702,-1.2597337161,112.587471,5735630.860195981,620107.27541126,-112.587471,30U,8.016,0.222,-0.054,0.0125124465605064,-0.014383126268695503,1.5332274605434388
1433862612903738,51.7586835727,-1.2597333815,112.593422,5735631.661710422,620107.2793892191,-112.593422,30U,7.988,0.23,-0.058,0.013662521193576962,-0.013856412106562334,1.5321480289199303
1433862612995081,51.7586907495,-1.2597330455,112.600616,5735632.460369166,620107.2835319864,-112.600616,30U,7.963,0.219,-0.062,0.013447681610197363,-0.012746058441062871,1.5307475017505308
1433862613086424,51.7586979004,-1.2597327411,112.607933,5735633.256095629,620107.2855627083,-112.607933,30U,7.941,0.197,-0.076,0.015056999999502921,-0.011225099999785318,1.5296900999992171
1433862613190697,51.758705047,-1.2597324154,112.615273,5735634.051378984,620107.2890747802,-112.615273,30U,7.938,0.189,-0.062,0.01588810285218559,-0.01121155116239106,1.5287670685499648
1433862613297365,51.7587121951,-1.2597320983,112.623306,5735634.846814987,620107.2919893614,-112.623306,30U,7.938,0.191,-0.078,0.01702546177205369,-0.011515516987588069,1.5275515149840326
1433862613404013,51.758719338,-1.2597318028,112.632927,5735635.641637145,620107.2934270839,-112.632927,30U,7.937,0.175,-0.097,0.01710647513358654,-0.011187426268520224,1.526579067675112
1433862613509888,51.7587264791,-1.2597315463,112.641052,5735636.436194908,620107.2921781233,-112.641052,30U,7.938,0.163,-0.066,0.01867710082652179,-0.009882885537331923,1.5260768631210502
1433862613608298,51.7587336254,-1.2597312985,112.647987,5735637.231316617,620107.2903149538,-112.647987,30U,7.947,0.165,-0.054,0.020558584239717795,-0.008877001248998947,1.5249680861388732
1433862613706272,51.7587407819,-1.2597310152,112.654984,5735638.027631092,620107.2908746203,-112.654984,30U,7.949,0.162,-0.095,0.019012878279302706,-0.007766094645739159,1.5241899687508405
1433862613797702,51.7587479414,-1.2597307379,112.664619,5735638.824269308,620107.2910122485,-112.664619,30U,7.954,0.16,-0.116,0.015738331244696757,-0.00796726357472403,1.5231521413802152
1433862613889132,51.7587550994,-1.2597304944,112.675209,5735639.620685052,620107.2888212587,-112.675209,30U,7.956,0.138,-0.099,0.013621425294018387,-0.009454599125862523,1.5227784270703313
1433862613993925,51.7587622539,-1.2597302803,112.685593,5735640.41666316,620107.284610611,-112.685593,30U,7.957,0.144,-0.121,0.013304031849779657,-0.00951672106626107,1.5222716346495497
1433862614100626,51.758769413,-1.2597300769,112.697655,5735641.213135194,620107.2796493263,-112.697655,30U,7.962,0.129,-0.122,0.014621500000863359,-0.012120500000203954,1.5210066999996343
1433862614207327,51.7587765875,-1.2597298406,112.70681,5735642.0113739865,620107.2769176465,-112.70681,30U,7.967,0.13,-0.063,0.01309762813208,-0.01591470627416455,1.5200560721390328
1433862614312113,51.7587837634,-1.2597296076,112.712608,5735642.809763036,620107.273954507,-112.712608,30U,7.973,0.133,-0.071,0.00986793294732825,-0.016425301100670406,1.5190283765565589
1433862614403500,51.7587909383,-1.2597294058,112.718544,5735643.607989498,620107.2688408557,-112.718544,30U,7.977,0.102,-0.035,0.008968683886789057,-0.014570477778548842,1.5185691745067118
1433862614494886,51.7587981166,-1.25972925,112.71833,5735644.406518309,620107.2605436466,-112.71833,30U,7.983,0.097,0.014,0.009206773456665408,-0.010351054636835583,1.5183369712272896
1433862614592908,51.7588052969,-1.2597290957,112.721855,5735645.205267063,620107.2521376084,-112.721855,30U,7.984,0.099,-0.07,0.010258221942260138,-0.009358277209189065,1.5173167158856784
1433862614691372,51.758812483,-1.2597289091,112.731277,5735646.004714009,620107.2459452441,-112.731277,30U,7.981,0.099,-0.116,0.009291663021679346,-0.011120382164527836,1.5165775845629195
1433862614797260,51.7588196651,-1.2597287331,112.741966,5735646.803698671,620107.2390319661,-112.741966,30U,7.976,0.094,-0.106,0.00934241871650912,-0.011799758019622226,1.5156199018493528
1433862614903913,51.7588268389,-1.2597285925,112.751968,5735647.601702025,620107.2296977041,-112.751968,30U,7.969,0.063,-0.077,0.011968270752707486,-0.011690583461685167,1.5149543130341891
1433862615010488,51.7588340072,-1.2597284795,112.757889,5735648.399048294,620107.2184733168,-112.757889,30U,7.971,0.079,-0.061,0.010829246935340642,-0.01035726965132751,1.514257127544447
1433862615114701,51.75884117,-1.2597283597,112.763969,5735649.195794126,620107.2077327986,-112.763969,30U,7.961,0.077,-0.075,0.009661199999445143,-0.008473100000134428,1.5134638999998313
1433862615206158,51.7588483345,-1.2597282244,112.772606,5735649.992754539,620107.1980574413,-112.772606,30U,7.951,0.05,-0.089,0.010201088816088907,-0.007222884261579998,1.5132334623460948
1433862615297616,51.7588554884,-1.2597281187,112.781944,5735650.788487416,620107.186367472,-112.781944,30U,7.945,0.058,-0.093,0.0103636191434383,-0.0060788725026504654,1.5127103611446675
1433862615395889,51.7588626348,-1.2597280154,112.793396,5735651.583382295,620107.174531773,-112.793396,30U,7.936,0.05,-0.131,0.012808323791675395,-0.0062381802610502945,1.511755723391855
1433862615494382,51.7588697735,-1.2597279278,112.806053,5735652.377395032,620107.1616330261,-112.806053,30U,7.932,0.053,-0.115,0.01183499689615307,-0.007349672055754983,1.5106777820857964
1433862615600542,51.7588769022,-1.259727857,112.818161,5735653.170268039,620107.1476014219,-112.818161,30U,7.923,0.042,-0.126,0.009927488941312429,-0.008525530448337234,1.5100554641227102
1433862615706691,51.7588840315,-1.2597277768,112.830193,5735653.963223252,620107.1342169279,-112.830193,30U,7.91,0.017,-0.1,0.01269420255524982,-0.008639232999473875,1.509788842480945
1433862615805014,51.7588911452,-1.259727732,112.841179,5735654.75438535,620107.1184308277,-112.841179,30U,7.895,0.019,-0.092,0.015328125325521968,-0.007540827817890993,1.5091347312965173
1433862615903342,51.7588982435,-1.2597276891,112.851311,5735655.543831742,620107.1025544701,-112.851311,30U,7.878,0.017,-0.093,0.018358026368414004,-0.00554901606020398,1.507965768048802
1433862616001815,51.7589053236,-1.2597276488,112.861671,5735656.331249899,620107.0865469787,-112.861671,30U,7.858,0.021,-0.105,0.01778359061800266,-0.004573044357310366,1.5066487330727307
1433862616100289,51.7589123782,-1.2597276314,112.874016,5735657.115794582,620107.0690267953,-112.874016,30U,7.83,-0.001,-0.139,0.018453999999399236,-0.005781800000196536,1.5058998000000912
1433862616198782,51.758919408,-1.259727612,112.888168,5735657.897584645,620107.051710445,-112.888168,30U,7.804,-0.014,-0.139,0.01923323350105368,-0.007692401802463749,1.5058108883412693
1433862616297275,51.7589264147,-1.2597276007,112.901733,5735658.676792503,620107.0338964021,-112.901733,30U,7.782,0.001,-0.128,0.019227320966083757,-0.00831753024830018,1.505634856117156
1433862616395768,51.7589334015,-1.2597275821,112.914124,5735659.45379938,620107.0166389483,-112.914124,30U,7.76,-0.004,-0.101,0.020541428771926742,-0.008275885062210074,1.5056782326244855
1433862616494260,51.7589403669,-1.2597275735,112.923195,5735660.228409972,620106.9987481699,-112.923195,30U,7.741,0.005,-0.085,0.020750117087220014,-0.007189728545467152,1.5063493382543727
1433862616600443,51.758947315,-1.2597275446,112.933372,5735661.001130127,620106.9823042278,-112.933372,30U,7.72,0.023,-0.112,0.020926087065910988,-0.007725445185695279,1.506695965024595
1433862616706624,51.7589542543,-1.2597274864,112.944405,5735661.772919919,620106.9679056644,-112.944405,30U,7.698,0.017,-0.108,0.02022923284664195,-0.0075796741049808086,1.5069055882412101
1433862616805101,51.7589611737,-1.2597274313,112.955688,5735662.542491603,620106.9533459734,-112.955688,30U,7.676,0.026,-0.119,0.01889795098874204,-0.007212938028107953,1.5062353407792444
1433862616903358,51.7589680708,-1.2597273944,112.966972,5735663.309553413,620106.937589453,-112.966972,30U,7.65,0.001,-0.099,0.01974891386095268,-0.006669215585290208,1.5049629467090428
1433862616994762,51.758974942,-1.259727398,112.977394,5735664.073668283,620106.9191067071,-112.977394,30U,7.626,-0.009,-0.111,0.01989296374857338,-0.006236675581286223,1.5037314286199335
1433862617086167,51.7589817901,-1.2597274094,112.989334,5735664.835201445,620106.9001469745,-112.989334,30U,7.602,-0.01,-0.123,0.020967999999470986,-0.005616899999179134,1.5023868000006053
1433862617190464,51.7589886267,-1.2597274068,113.00293,5735665.595478791,620106.8821839141,-113.00293,30U,7.578,-0.022,-0.132,0.021180475581502652,-0.006317735576271361,1.5013341547148176
1433862617297148,51.7589954416,-1.2597274189,113.014076,5735666.35331875,620106.863263974,-113.014076,30U,7.559,-0.021,-0.101,0.020004488641930333,-0.005845032498834114,1.5000306636961998
1433862617403848,51.7590022322,-1.2597274421,113.026779,5735667.108438118,620106.8436424942,-113.026779,30U,7.529,-0.036,-0.139,0.021156654292891187,-0.005929128171167183,1.4985839251666877
1433862617509776,51.759008996,-1.2597275006,113.040337,5735667.860519025,620106.821656039,-113.040337,30U,7.505,-0.049,-0.113,0.022763321366492673,-0.006381618463128049,1.4973928519379096
1433862617608240,51.7590157375,-1.2597275716,113.051941,5735668.610099449,620106.798866122,-113.051941,30U,7.481,-0.048,-0.12,0.023296467927366764,-0.0055990260683468265,1.4958345497600047
1433862617706266,51.7590224684,-1.2597276251,113.064514,5735669.358529902,620106.7773120304,-113.064514,30U,7.457,-0.068,-0.118,0.02420349299521027,-0.005397869751111132,1.4944423273436611
1433862617797724,51.7590291749,-1.2597277095,113.077385,5735670.104196037,620106.7536902442,-113.077385,30U,7.437,-0.077,-0.117,0.026031410461209426,-0.005788046460285594,1.493376919037521
1433862617889181,51.7590358583,-1.2597278185,113.089951,5735670.847252796,620106.7284320869,-113.089951,30U,7.409,-0.09,-0.123,0.028485427348577123,-0.00599347380414977,1.49197223039581
1433862617993837,51.7590425148,-1.2597279436,113.102768,5735671.587291592,620106.7021342361,-113.102768,30U,7.382,-0.092,-0.124,0.030422995098652886,-0.0038773028988858746,1.4902869251408577
1433862618100378,51.759049155,-1.259728085,113.115555,5735672.325490883,620106.6747547614,-113.115555,30U,7.371,-0.098,-0.132,0.03005320000065335,-0.003059800000800595,1.487967999999615
1433862618207070,51.7590558026,-1.2597282058,113.127838,5735673.064547026,620106.6487772792,-113.127838,30U,7.352,-0.126,-0.101,0.03130596492348001,-0.003704695920081408,1.4852688069523383
1433862618311857,51.7590624263,-1.2597283794,113.140488,5735673.800858385,620106.6192194364,-113.140488,30U,7.326,-0.142,-0.197,0.029723573899734564,-0.005176939761021552,1.4825230700736893
1433862618403315,51.759069036,-1.2597285772,113.158836,5735674.535573005,620106.5880286805,-113.158836,30U,7.327,-0.154,-0.167,0.028874147788184975,-0.009382077609700041,1.4796941754277408
1433862618494772,51.7590756348,-1.259728821,113.171494,5735675.268999722,620106.5536923445,-113.171494,30U,7.321,-0.193,-0.084,0.03081933029983145,-0.00887596357047349,1.4774033899647379
1433862618592794,51.7590822294,-1.2597291105,113.180237,5735676.001884115,620106.5162133526,-113.180237,30U,7.326,-0.207,-0.071,0.032534014287638406,-0.0061082186118104976,1.4749536257152096
1433862618691254,51.7590888521,-1.259729361,113.188179,5735676.737957633,620106.4813512252,-113.188179,30U,7.333,-0.216,-0.064,0.035962293299972116,-0.0034775499346248635,1.471900156739191
1433862618797140,51.7590954729,-1.2597296527,113.198418,5735677.473752009,620106.4436508896,-113.198418,30U,7.335,-0.248,-0.112,0.039324585890057454,-0.002867481636452589,1.4689513436043349
1433862618903794,51.7591020915,-1.259729997,113.213051,5735678.209215109,620106.4023264167,-113.213051,30U,7.346,-0.259,-0.151,0.03930868381301542,-0.004341190044254606,1.4663333693996947
1433862619010460,51.7591087186,-1.2597303783,113.227783,5735678.945562533,620106.3584259851,-113.227783,30U,7.364,-0.29,-0.142,0.03987674178476478,-0.004271399498877926,1.4640604689241847
1433862619114743,51.7591153547,-1.2597308305,113.241943,5735679.682794057,620106.3096087973,-113.241943,30U,7.384,-0.335,-0.111,0.043228299999557095,-0.0034534000005152473,1.4623459000006995
1433862619206167,51.7591220311,-1.2597312495,113.253433,5735680.4245618675,620106.2629758368,-113.253433,30U,7.414,-0.344,-0.099,0.04606329657313389,-0.003535804654751987,1.4604396234646577
1433862619297590,51.7591287309,-1.2597316931,113.26461,5735681.168891397,620106.2145831157,-113.26461,30U,7.447,-0.351,-0.113,0.04699349321681218,-0.0035956850897361486,1.458561949860873
1433862619395861,51.7591354531,-1.2597321627,113.276962,5735681.915669131,620106.1643366728,-113.276962,30U,7.483,-0.352,-0.139,0.04363429612174422,-0.0035673896164259405,1.45726157022675
1433862619494353,51.7591422028,-1.2597326663,113.290649,5735682.665449048,620106.1116708885,-113.290649,30U,7.512,-0.384,-0.123,0.04575096199889332,-0.004559917013439807,1.4560351564909189
1433862619600540,51.7591489713,-1.2597332306,113.299896,5735683.417219684,620106.0547662586,-113.299896,30U,7.534,-0.402,-0.099,0.0424879014979482,-0.003481413782920172,1.4548201887150791
1433862619706727,51.7591557878,-1.2597337315,113.311783,5735684.174432631,620106.002109553,-113.311783,30U,7.57,-0.388,-0.13,0.042105302250912996,-0.0026525194646369876,1.453174709430196
1433862619805219,51.7591626263,-1.259734263,113.326622,5735684.934041726,620105.9472827401,-113.326622,30U,7.595,-0.424,-0.129,0.0429976251241593,-0.004563020619002226,1.4509661377016083
1433862619903709,51.7591694678,-1.2597348845,113.339043,5735685.693836229,620105.8862369932,-113.339043,30U,7.594,-0.458,-0.126,0.04571019006909583,-0.00708550205530069,1.4495585591419766
1433862620002123,51.7591763145,-1.2597355161,113.355301,5735686.454192373,620105.8244804483,-113.355301,30U,7.607,-0.443,-0.148,0.05035266052783644,-0.009993154065898804,1.4470410259165658
1433862620100537,51.7591831626,-1.2597361873,113.368454,5735687.214638993,620105.759987368,-113.368454,30U,7.612,-0.479,-0.098,0.051820999999172036,-0.009412500000577924,1.4447397000000572
1433862620199029,51.7591900345,-1.2597368329,113.375015,5735687.977774482,620105.6971978212,-113.375015,30U,7.616,-0.489,-0.037,0.05186097958614103,-0.004968273100028309,1.4427415902653982
1433862620297521,51.7591969023,-1.2597375194,113.381638,5735688.740386673,620105.6315966205,-113.381638,30U,7.615,-0.526,-0.08,0.05581207420993109,-0.0016068863393154148,1.4410679582664108
1433862620395884,51.759203763,-1.2597382702,113.392792,5735689.502103411,620105.5615768759,-113.392792,30U,7.621,-0.538,-0.128,0.058742090871309584,-0.0010366801342922268,1.4396938726763542
1433862620494243,51.7592106318,-1.2597390342,113.40889,5735690.264699183,620105.4906247079,-113.40889,30U,7.637,-0.537,-0.183,0.05909132879371941,-0.0034242680066025218,1.4377937513371353
1433862620600398,51.7592175126,-1.2597398138,113.42804,5735691.028603743,620105.4185641396,-113.42804,30U,7.656,-0.56,-0.161,0.06138578992187254,-0.00879253795796553,1.4363657428556147
1433862620706562,51.7592244194,-1.2597405747,113.441315,5735691.795430463,620105.3477250925,-113.441315,30U,7.67,-0.577,-0.119,0.06162175691830572,-0.011343810935526178,1.435305429621092
1433862620805053,51.7592313413,-1.2597413576,113.452324,5735692.563900171,620105.2753277498,-113.452324,30U,7.694,-0.577,-0.092,0.061617955615629494,-0.012828228172236961,1.4344664104575773
1433862620903325,51.759238285,-1.2597421507,113.456795,5735693.334777382,620105.2021686607,-113.456795,30U,7.725,-0.573,-0.034,0.057808092811508664,-0.011376184161194161,1.4335197330729434
1433862620994772,51.7592452412,-1.2597429693,113.458183,5735694.107002678,620105.12721664,-113.458183,30U,7.736,-0.582,-0.048,0.054341907780294386,-0.008479604275024604,1.4327544903923726
1433862621086220,51.7592522084,-1.2597438254,113.464523,5735694.880389491,620105.0496475403,-113.464523,30U,7.751,-0.618,-0.062,0.05711669999974049,-0.006750100000152595,1.4317426000002231
1433862621190536,51.75925921,-1.2597446785,113.47242,5735695.657606743,620104.9721942004,-113.47242,30U,7.77,-0.624,-0.099,0.055932031445148224,-0.005949934000324771,1.430371046781682
1433862621297236,51.7592662332,-1.2597455224,113.48053,5735696.437241202,620104.8953184568,-113.48053,30U,7.793,-0.604,-0.114,0.05279856872370978,-0.005862419664319358,1.4276018056499895
1433862621403855,51.7592732609,-1.2597464073,113.493324,5735697.217308574,620104.8156013469,-113.493324,30U,7.797,-0.664,-0.122,0.05125760299900329,-0.007663606657096658,1.4248483739532627
1433862621509708,51.7592802838,-1.2597473793,113.504211,5735697.996698722,620104.7298861556,-113.504211,30U,7.802,-0.685,-0.119,0.04849453269879292,-0.008629918515849856,1.4223416060513228
1433862621608177,51.7592873141,-1.2597483819,113.513847,5735698.776861405,620104.6420396186,-113.513847,30U,7.809,-0.712,-0.079,0.049874534401744636,-0.009083298597607339,1.4193651316451923
1433862621706207,51.7592943728,-1.2597493827,113.521133,5735699.560185315,620104.5542419543,-113.521133,30U,7.818,-0.73,-0.072,0.049265342281546144,-0.008288377284256491,1.4164057427034416
1433862621797664,51.7593014323,-1.259750417,113.528938,5735700.343543025,620104.4641303282,-113.528938,30U,7.819,-0.751,-0.079,0.04959892529346129,-0.007727195719519102,1.413206205651011
1433862621889120,51.7593084877,-1.2597515069,113.536964,5735701.126353228,620104.3701926086,-113.536964,30U,7.824,-0.785,-0.073,0.04824852146166888,-0.007135474079843026,1.4103131438040708
1433862621993838,51.7593155449,-1.2597526395,113.546059,5735701.909293287,620104.2733033767,-113.546059,30U,7.837,-0.796,-0.107,0.04826919378186533,-0.00799439716838855,1.407447872840046
1433862622100449,51.7593226053,-1.2597538334,113.557137,5735702.692488259,620104.1721753224,-113.557137,30U,7.845,-0.846,-0.093,0.050622200000573235,-0.011313099999835038,1.4044888000001121
1433862622207148,51.7593297051,-1.2597550189,113.565292,5735703.480078598,620104.0715224249,-113.565292,30U,7.865,-0.862,-0.079,0.04958257878054254,-0.011671738902641277,1.401136911954743
1433862622311942,51.7593368218,-1.2597562278,113.572975,5735704.269509789,620103.9692098538,-113.572975,30U,7.895,-0.875,-0.067,0.04730321886416021,-0.010337746983000001,1.397197816408474
1433862622403399,51.7593439483,-1.2597575144,113.574722,5735705.05990285,620103.861509175,-113.574722,30U,7.905,-0.933,-0.012,0.045185019486625094,-0.005477215981123797,1.3942601907398753
1433862622494856,51.7593510834,-1.2597588732,113.579903,5735705.8511333885,620103.7488031315,-113.579903,30U,7.924,-0.967,-0.092,0.04595435313344171,-0.003953043360694394,1.391061815315763
1433862622592795,51.7593582264,-1.2597602943,113.589211,5735706.643139866,620103.631776791,-113.589211,30U,7.94,-0.996,-0.106,0.04510411178034384,-0.004494898824811281,1.387438343777993
1433862622691166,51.7593654196,-1.2597616839,113.601448,5735707.440780778,620103.5167910982,-113.601448,30U,7.969,-1.009,-0.15,0.04219024940830159,-0.0054723549930655695,1.3836674997954852
1433862622797035,51.7593726331,-1.2597631226,113.61412,5735708.240598324,620103.3983631434,-113.61412,30U,7.992,-1.065,-0.09,0.04055672764465005,-0.0064854460076794185,1.3798618398524134
1433862622903680,51.7593798521,-1.2597646723,113.623169,5735709.040844716,620103.2722604483,-113.623169,30U,8.012,-1.107,-0.118,0.038993142229435576,-0.00665218068833454,1.3773407731520815
1433862623010364,51.7593870957,-1.2597662583,113.632713,5735709.843767007,620103.14358742,-113.632713,30U,8.054,-1.115,-0.096,0.038279745343183826,-0.006799891007871559,1.374270820300496
1433862623114669,51.759394358,-1.2597679119,113.641953,5735710.648657538,620103.0101996867,-113.641953,30U,8.074,-1.163,-0.093,0.03951099999927751,-0.007494099999144959,1.3714303999993316
1433862623206126,51.7594016668,-1.2597695341,113.649002,5735711.458770876,620102.8788555234,-113.649002,30U,8.109,-1.186,-0.063,0.03803062098845293,-0.006368160117564849,1.3690198351239822
1433862623297582,51.7594090011,-1.2597711936,113.658134,5735712.271658555,620102.7448696326,-113.658134,30U,8.15,-1.201,-0.1,0.038056582412010494,-0.007103303804551124,1.3668644430296693
1433862623395853,51.7594163585,-1.2597729187,113.666183,5735713.087007075,620102.6062953856,-113.666183,30U,8.178,-1.239,-0.079,0.03763278426132026,-0.008304993021193672,1.3655689455335045
1433862623494345,51.7594237418,-1.2597746977,113.676285,5735713.905147079,620102.4639327779,-113.676285,30U,8.225,-1.251,-0.118,0.03789650338563289,-0.011447892816437464,1.364799358583563
1433862623600531,51.7594311659,-1.2597765057,113.684975,5735714.727776552,620102.319460634,-113.684975,30U,8.281,-1.269,-0.078,0.036127932023812724,-0.014459339709495327,1.3640508111571297
1433862623706717,51.7594386516,-1.2597782435,113.690323,5735715.55737194,620102.1796696001,-113.690323,30U,8.332,-1.276,-0.041,0.03578818401330604,-0.015438912258764594,1.363661128845627
1433862623805209,51.7594461775,-1.2597800304,113.692352,5735716.391356971,620102.036383511,-113.692352,30U,8.382,-1.308,0.002,0.036817802651909766,-0.013019464470845975,1.3638523389555708
1433862623903699,51.7594537456,-1.2597818645,113.69355,5735717.229957187,620101.8897281814,-113.69355,30U,8.446,-1.304,0.003,0.03800442777644405,-0.011217137800756404,1.364611387565601
1433862624002178,51.7594613606,-1.2597837142,113.695419,5735718.073747293,620101.741871873,-113.695419,30U,8.498,-1.308,-0.028,0.040864657871796564,-0.010505099112275257,1.3655926465636945
1433862624100656,51.7594690136,-1.2597855995,113.701698,5735718.921704619,620101.5914579941,-113.701698,30U,8.551,-1.306,-0.098,0.03863640000036209,-0.01258329999918024,1.367379600000232
1433862624199123,51.7594767345,-1.2597873671,113.709778,5735719.777406682,620101.4489865018,-113.709778,30U,8.604,-1.301,-0.062,0.04024616965676306,-0.015178900327229594,1.3691488055815413
1433862624297590,51.7594844981,-1.2597891759,113.714333,5735720.637789414,620101.3035585094,-113.714333,30U,8.661,-1.309,-0.031,0.04138385319041873,-0.015484493469495897,1.371050825146091
1433862624396080,51.7594923139,-1.2597909937,113.716248,5735721.5039623,620101.1573709423,-113.716248,30U,8.726,-1.285,-0.012,0.040947481010609375,-0.01602865892051103,1.3725746302752289
1433862624494571,51.7595001806,-1.2597928165,113.716339,5735722.375787358,620101.0107032935,-113.716339,30U,8.78,-1.29,-0.017,0.04011085388890218,-0.016866783997228685,1.3744141749519172
1433862624600728,51.7595080918,-1.2597946631,113.718513,5735723.252521908,620100.8622751521,-113.718513,30U,8.838,-1.291,-0.024,0.039719151414640955,-0.020084059548177605,1.3770726097615043
1433862624706869,51.7595160617,-1.2597964041,113.719284,5735724.135958171,620100.7209787806,-113.719284,30U,8.901,-1.282,0.01,0.04139323292492216,-0.021510527897060764,1.3799750470145313
1433862624805096,51.7595240868,-1.2597981483,113.717308,5735725.025527758,620100.5793151347,-113.717308,30U,8.968,-1.255,0.037,0.04089887172867501,-0.02234437065312435,1.3827625289243208
1433862624903112,51.7595321691,-1.2597998814,113.711967,5735725.92147663,620100.4382657551,-113.711967,30U,9.028,-1.242,0.049,0.041591637552568506,-0.02127844908579398,1.3855625075835407
1433862624994568,51.7595402996,-1.2598016318,113.70742,5735726.822757163,620100.2958946318,-113.70742,30U,9.083,-1.233,0.06,0.041172033087731603,-0.02134824837352488,1.3887104561869594
1433862625086024,51.7595484793,-1.2598033773,113.702126,5735727.72951712,620100.153731141,-113.702126,30U,9.139,-1.208,0.035,0.04017139999944437,-0.020582999999689794,1.391843399999322
1433862625190341,51.7595567107,-1.2598050122,113.698082,5735728.642208575,620100.0190630407,-113.698082,30U,9.19,-1.189,0.035,0.039185441131617094,-0.019341254314324697,1.3950383120374454
1433862625297040,51.7595649842,-1.2598066397,113.695221,5735729.559594009,620099.8847939365,-113.695221,30U,9.233,-1.175,0.031,0.04077773547642428,-0.018859498023816465,1.3980962847675307
1433862625403738,51.7595732936,-1.2598082617,113.692192,5735730.480980813,620099.7508091626,-113.692192,30U,9.277,-1.138,0.013,0.03846848085724609,-0.018530031824727754,1.4010733831655209
1433862625509668,51.7595816439,-1.2598098505,113.691925,5735731.406970628,620099.6190070349,-113.691925,30U,9.317,-1.119,0.018,0.03818756439992963,-0.019433904112357167,1.4031439942071757
1433862625608159,51.7595900231,-1.2598114508,113.690643,5735732.336155373,620099.4863346382,-113.690643,30U,9.348,-1.111,0.007,0.036577928519525175,-0.01955162093997202,1.4049521910443676
1433862625706210,51.7595984461,-1.2598129582,113.689896,5735733.27036394,620099.3599571027,-113.689896,30U,9.385,-1.103,0.022,0.03747533375315604,-0.019360348485122216,1.406210735703552
1433862625797666,51.7596068954,-1.2598144975,113.68856,5735734.207444706,620099.2313083875,-113.68856,30U,9.418,-1.115,0.021,0.03880080508010882,-0.0194997120851615,1.4079016782114182
1433862625889122,51.7596153744,-1.2598160444,113.686981,5735735.14781579,620099.1020564183,-113.686981,30U,9.454,-1.091,0.013,0.03968284869011785,-0.020274009781728667,1.4095414791862622
1433862625993916,51.7596238824,-1.2598175946,113.686157,5735736.091406426,620098.9724997982,-113.686157,30U,9.484,-1.097,0.012,0.042536117572910044,-0.020545232662926256,1.4113018882557815
1433862626100614,51.7596324198,-1.2598191429,113.682915,5735737.038269661,620098.8429963188,-113.682915,30U,9.524,-1.058,0.052,0.041103999999899894,-0.020055999999749035,1.4132039999998955
1433862626207312,51.7596409879,-1.259820582,113.678078,5735737.988726755,620098.7209473235,-113.678078,30U,9.551,-1.041,0.033,0.036795131997787625,-0.017502593191371547,1.4153091792124841
1433862626312101,51.7596495795,-1.2598220253,113.675743,5735738.941790286,620098.5985461611,-113.675743,30U,9.58,-1.046,0.02,0.0374575943715011,-0.015183124366103954,1.417917015089224
1433862626403521,51.7596581935,-1.2598234748,113.677803,5735739.897334633,620098.4756577297,-113.677803,30U,9.604,-1.03,-0.041,0.04036002189431767,-0.017265738159197644,1.4206770740838641
1433862626494940,51.7596668297,-1.2598249055,113.682938,5735740.855378723,620098.3540078145,-113.682938,30U,9.633,-0.988,-0.062,0.04041985296440927,-0.021411817893495694,1.4233249970005137
1433862626592990,51.7596754891,-1.2598263033,113.686348,5735741.816056979,620098.2345668045,-113.686348,30U,9.654,-0.968,0.018,0.04106370453277089,-0.023960183487625738,1.4259671485898022
1433862626691480,51.759684148,-1.2598276461,113.684029,5735742.776770204,620098.1189227111,-113.684029,30U,9.651,-0.96,0.041,0.04559918631709089,-0.024293966926170862,1.4288167744852438
1433862626797384,51.7596928027,-1.2598289706,113.680252,5735743.7370465025,620098.0045526819,-113.680252,30U,9.646,-0.927,0.042,0.04863559832821077,-0.02644016948323569,1.4318569624254431
1433862626904054,51.759701447,-1.2598302549,113.67601,5735744.696232455,620097.8929844882,-113.67601,30U,9.622,-0.894,0.041,0.04726492686571556,-0.029632924444501753,1.4346835066085626
1433862627010731,51.7597100738,-1.259831486,113.668175,5735745.653559906,620097.7851340994,-113.668175,30U,9.605,-0.84,0.099,0.04240430802839942,-0.02877608605924529,1.4378919252715472
1433862627115025,51.7597186882,-1.2598326729,113.656464,5735746.609581187,620097.6803668903,-113.656464,30U,9.583,-0.826,0.143,0.04134870000082751,-0.02365759999984822,1.440846700000833
1433862627206448,51.7597272787,-1.2598337912,113.647606,5735747.563057602,620097.580397221,-113.647606,30U,9.569,-0.779,0.056,0.04057204255453447,-0.019487796368056295,1.4433379993515538
1433862627297871,51.7597358572,-1.2598348597,113.645561,5735748.5152815515,620097.4838961209,-113.645561,30U,9.55,-0.748,-0.026,0.03761708213792399,-0.01895938153615603,1.4451588528173172
1433862627396097,51.7597444176,-1.2598359134,113.646919,5735749.4655170385,620097.3884644256,-113.646919,30U,9.524,-0.743,-0.019,0.03592024768299173,-0.0191915625469225,1.4474336715074136
1433862627494543,51.759752959,-1.2598369658,113.64827,5735750.413641751,620097.2931728854,-113.64827,30U,9.508,-0.73,-0.022,0.03424305168502021,-0.018596879186480213,1.4500615383063222
1433862627600690,51.7597614901,-1.2598379798,113.649399,5735751.360684274,620097.2005586867,-113.649399,30U,9.495,-0.698,0.003,0.034464480987628845,-0.0190281626214906,1.4525072125128837
1433862627706833,51.7597700138,-1.2598389253,113.650475,5735752.307016671,620097.1126913322,-113.650475,30U,9.478,-0.673,-0.029,0.036918848515133926,-0.01809908258536254,1.4544871756334499
1433862627805228,51.7597785303,-1.2598398533,113.652008,5735753.252577203,620097.0260507814,-113.652008,30U,9.475,-0.651,0.018,0.03752993162452779,-0.01786842544250994,1.4560160121855386
1433862627903624,51.759787041,-1.2598407546,113.651154,5735754.197536709,620096.9412682079,-113.651154,30U,9.469,-0.631,-0.022,0.03344111492300253,-0.01842999434991355,1.4571313990245534
1433862628002064,51.7597955408,-1.2598416361,113.653671,5735755.141316668,620096.8578809771,-113.653671,30U,9.453,-0.617,-0.023,0.03095339777505004,-0.020532148536898637,1.4577644478356222
1433862628100504,51.7598040255,-1.2598425521,113.654099,5735756.083360607,620096.7721529913,-113.654099,30U,9.442,-0.645,0.023,0.03303409999977114,-0.01894320000048483,1.4586545000006048
1433862628198987,51.7598125223,-1.2598434213,113.651611,5735757.02682721,620096.6896225834,-113.651611,30U,9.439,-0.625,0.042,0.03348444983389999,-0.01509674080099564,1.4583119472093384
1433862628297469,51.75982101,-1.2598442912,113.650925,5735757.969280683,620096.607068037,-113.650925,30U,9.428,-0.614,-0.043,0.03108156557313931,-0.01295989199397234,1.457551935050152
1433862628395874,51.7598294838,-1.2598451599,113.657005,5735758.910190365,620096.5246332068,-113.657005,30U,9.406,-0.626,-0.079,0.031507340632093345,-0.013039396574217378,1.4562646347493828
1433862628494277,51.7598379328,-1.2598460846,113.665169,5735759.84824992,620096.4383996506,-113.665169,30U,9.386,-0.659,-0.075,0.03116668698769108,-0.015073479412262886,1.4552612373265958
1433862628600456,51.7598463669,-1.2598470202,113.67157,5735760.784634554,620096.3514534462,-113.67157,30U,9.371,-0.64,-0.066,0.03133713348275569,-0.018673548816203936,1.454010688488463
1433862628706641,51.7598547933,-1.2598479424,113.678177,5735761.720184966,620096.2654524294,-113.678177,30U,9.342,-0.683,-0.026,0.036771100252138963,-0.02121996312175827,1.452417617362183
1433862628805131,51.7598631966,-1.2598489056,113.677834,5735762.653099,620096.1766833259,-113.677834,30U,9.329,-0.675,0.041,0.036819175454595565,-0.01831191230168075,1.451528047609696
1433862628903402,51.7598715844,-1.2598498656,113.673119,5735763.58429461,620096.088176207,-113.673119,30U,9.31,-0.689,0.046,0.03668848268518677,-0.012423742451003195,1.4512808618724502
1433862628994858,51.7598799414,-1.2598508577,113.673302,5735764.512012205,620095.9975356248,-113.673302,30U,9.286,-0.694,-0.052,0.03725909619944283,-0.00984327202793754,1.4522106763082212
1433862629086313,51.7598882833,-1.2598518478,113.683243,5735765.438053882,620095.9070731533,-113.683243,30U,9.276,-0.685,-0.122,0.039325300000247546,-0.01370909999960212,1.452566799999589
1433862629190598,51.7598966187,-1.2598527782,113.693687,5735766.3634710265,620095.8207478379,-113.693687,30U,9.263,-0.654,-0.076,0.03550572793996987,-0.018806444711236856,1.4524662037523788
1433862629297259,51.7599049457,-1.2598536769,113.699509,5735767.288006242,620095.7366324442,-113.699509,30U,9.257,-0.643,-0.038,0.03122627162776427,-0.02007704438399945,1.452405074305677
1433862629403933,51.7599132598,-1.259854609,113.700264,5735768.211051896,620095.6502463752,-113.700264,30U,9.239,-0.675,0.031,0.03522388239502335,-0.020877748315246688,1.4526180808360654
1433862629509841,51.7599215534,-1.259855581,113.701584,5735769.131752122,620095.5611612361,-113.701584,30U,9.215,-0.679,0.016,0.04465597353494068,-0.025811796325457475,1.452431150386894
1433862629608331,51.7599298317,-1.2598565505,113.700462,5735770.050755008,620095.4722892429,-113.700462,30U,9.215,-0.664,0.007,0.04382756484928586,-0.027296563073077616,1.4529935883670362
1433862629706376,51.7599381113,-1.259857466,113.693268,5735770.969991389,620095.3871403474,-113.693268,30U,9.208,-0.682,0.167,0.04641794604422383,-0.023549695263189768,1.4545062676540021
1433862629797757,51.759946368,-1.2598584196,113.678146,5735771.886618407,620095.2994229696,-113.678146,30U,9.179,-0.665,0.075,0.046827768418568845,-0.015024828937067526,1.4566944693028054
1433862629889137,51.7599546282,-1.2598592802,113.673592,5735772.803787789,620095.2181142281,-113.673592,30U,9.189,-0.592,0.02,0.04049925043030745,-0.009953299393889697,1.4565626177883622
1433862629993908,51.7599628699,-1.2598601336,113.678551,5735773.718911714,620095.1373514676,-113.678551,30U,9.164,-0.627,-0.061,0.038077860996757244,-0.010083761097413484,1.4574239313758441
1433862630100593,51.7599710805,-1.259861036,113.688309,5735774.630496436,620095.0532897757,-113.688309,30U,9.141,-0.622,-0.148,0.033819199999845825,-0.014562999999144477,1.4594387999993463
1433862630207291,51.7599792859,-1.2598618552,113.7015,5735775.541639892,620094.9749835083,-113.7015,30U,9.139,-0.579,-0.106,0.03170170087458655,-0.02217230356225339,1.4609152271972814
1433862630312073,51.7599874875,-1.2598626496,113.706947,5735776.452401602,620094.8983987825,-113.706947,30U,9.123,-0.582,-0.0,0.03365968406729947,-0.02656069542526294,1.4622112266222136
1433862630403439,51.7599956804,-1.2598634553,113.704834,5735777.362177214,620094.8210573504,-113.704834,30U,9.104,-0.568,0.063,0.03938614543824712,-0.02883887645551136,1.462630485763186
1433862630494806,51.7600038597,-1.2598642627,113.692902,5735778.270437621,620094.7436347079,-113.692902,30U,9.094,-0.557,0.14,0.037859471844775415,-0.024780240996211896,1.4632095738318356
1433862630592835,51.7600120333,-1.2598650395,113.679855,5735779.178114541,620094.6683389031,-113.679855,30U,9.098,-0.537,0.115,0.03454811143721381,-0.0164405772747174,1.4636842453596708
1433862630691308,51.7600202004,-1.2598658265,113.671326,5735780.085051827,620094.5923564653,-113.671326,30U,9.058,-0.599,0.039,0.041357872559512746,-0.009334031866655889,1.4645916492390114
1433862630797189,51.760028349,-1.2598666256,113.673912,5735780.989911872,620094.5155881193,-113.673912,30U,9.056,-0.534,-0.122,0.03982251858496888,-0.008234059726725236,1.4644776520378997
1433862630903834,51.7600364921,-1.2598673619,113.68972,5735781.894263698,620094.4431681863,-113.68972,30U,9.042,-0.543,-0.146,0.03727985188878167,-0.015006704458985104,1.4634446022774634
1433862631010450,51.7600446093,-1.2598681589,113.701927,5735782.795635327,620094.3666281168,-113.701927,30U,9.022,-0.559,-0.1,0.0357427727033961,-0.02034311101455326,1.464355681436236
1433862631114698,51.7600527144,-1.2598689556,113.707413,5735783.695661853,620094.290140874,-113.707413,30U,9.016,-0.545,-0.006,0.03776989999945602,-0.0209705000003649,1.4647243000008057
1433862631206153,51.7600608234,-1.2598697017,113.703087,5735784.596205411,620094.2171351835,-113.703087,30U,9.008,-0.541,0.083,0.03749955821457004,-0.016229705845745197,1.4646889040533688
1433862631297608,51.760068925,-1.2598704332,113.6968,5735785.495950082,620094.1451566846,-113.6968,30U,8.996,-0.524,0.037,0.03721765034042528,-0.010999801523881825,1.4645232112574824
1433862631395878,51.7600770088,-1.2598711943,113.699707,5735786.393666544,620094.0711827526,-113.699707,30U,8.979,-0.568,-0.05,0.040054008654791064,-0.01274663635623012,1.4648559485369474
1433862631494367,51.7600850749,-1.2598719907,113.708199,5735787.289356526,620093.9948197688,-113.708199,30U,8.976,-0.542,-0.12,0.03941905939484263,-0.017525459352040515,1.4656184050541854
1433862631600506,51.7600931416,-1.2598727595,113.718475,5735788.185158683,620093.9203598725,-113.718475,30U,8.976,-0.55,-0.044,0.04398770845982711,-0.021314349237907808,1.4663676184162309
1433862631706644,51.7601012071,-1.259873467,113.71656,5735789.080928334,620093.8501334589,-113.71656,30U,8.984,-0.522,0.037,0.043585462573727626,-0.019034753333811983,1.4682630817631466
1433862631805134,51.7601092886,-1.2598741412,113.711777,5735789.978532122,620093.7821626188,-113.711777,30U,9.013,-0.509,0.04,0.0451528600166666,-0.014538354988429897,1.470364777235716
1433862631903622,51.7601173931,-1.2598748183,113.707985,5735790.878688884,620093.713930633,-113.707985,30U,9.043,-0.485,-0.004,0.04068069243682778,-0.01636011939563492,1.473003396399026
1433862632002055,51.7601255255,-1.2598754593,113.707497,5735791.782007747,620093.6481158697,-113.707497,30U,9.057,-0.455,-0.047,0.030903792959055678,-0.022595546766309333,1.4745243708048306
1433862632100487,51.7601336777,-1.259876098,113.708992,5735792.687532286,620093.5824073018,-113.708992,30U,9.1,-0.451,0.031,0.029710800000745493,-0.024044700000729367,1.4762049999998308
1433862632198971,51.7601418874,-1.2598766721,113.699898,5735793.599557564,620093.5210041768,-113.699898,30U,9.139,-0.463,0.12,0.033223695947192,-0.016801112676723465,1.476602243782766
1433862632297454,51.7601501231,-1.2598772833,113.686623,5735794.514413117,620093.4569718229,-113.686623,30U,9.153,-0.446,0.036,0.029052281933260524,-0.010062160991602592,1.4765983036531107
1433862632395912,51.760158375,-1.2598778782,113.691093,5735795.431097056,620093.3940213473,-113.691093,30U,9.178,-0.453,-0.1,0.028817417641084735,-0.012972170709891363,1.4760468724295808
1433862632494369,51.7601666342,-1.2598785426,113.70211,5735796.348478358,620093.3262553606,-113.70211,30U,9.196,-0.487,-0.07,0.030085151636804527,-0.018135645538477116,1.4763295808356387
1433862632600450,51.7601749187,-1.2598792128,113.705925,5735797.268663633,620093.2580219995,-113.705925,30U,9.231,-0.46,-0.01,0.027963051636886765,-0.01984216029629928,1.475888368950316
1433862632706532,51.7601832455,-1.2598798069,113.703735,5735798.193678249,620093.1949280199,-113.703735,30U,9.252,-0.472,0.052,0.028158473884304546,-0.018612896842715963,1.4752122502880127
1433862632805004,51.7601915832,-1.2598804616,113.699242,5735799.119805225,620093.1276231632,-113.699242,30U,9.268,-0.504,0.045,0.030982404405453252,-0.015337389063697988,1.4752668278716774
1433862632903255,51.7601999391,-1.259881144,113.696045,5735800.047910548,620093.0583584674,-113.696045,30U,9.301,-0.496,0.041,0.033260627897817044,-0.011915090238786662,1.4751713912924658
1433862632994628,51.7602083161,-1.2598818403,113.697075,5735800.978339438,620092.9880785667,-113.697075,30U,9.324,-0.503,-0.04,0.03532381891650296,-0.011572384741682524,1.4746175775583708
1433862633086002,51.760216712,-1.2598825704,113.70256,5735801.9108144725,620092.9154160146,-113.70256,30U,9.351,-0.515,-0.064,0.03648779999969553,-0.014058500000267597,1.4743094999992554
1433862633190305,51.7602251467,-1.2598832399,113.708443,5735802.847704103,620092.8468324859,-113.708443,30U,9.383,-0.514,-0.044,0.035168099425890866,-0.016836431777313376,1.4739188772572283
1433862633297002,51.760233603,-1.2598839358,113.710617,5735803.786952318,620092.7763698089,-113.710617,30U,9.409,-0.526,0.002,0.03577969955242373,-0.017746365024457627,1.4737542133346813
1433862633403617,51.7602420801,-1.2598846598,113.708687,5735804.7284673555,620092.7039127933,-113.708687,30U,9.436,-0.53,0.019,0.03607693414884128,-0.01712985516805652,1.4735347975224375
1433862633509465,51.7602505822,-1.2598853919,113.706299,5735805.672749218,620092.6308304808,-113.706299,30U,9.471,-0.52,0.026,0.03507686332186323,-0.01742618338706824,1.4729486846623738
1433862633607927,51.7602591088,-1.2598861442,113.70401,5735806.619722372,620092.5562891865,-113.70401,30U,9.497,-0.535,0.006,0.0346741105101185,-0.017539974806879736,1.4724785385289427
1433862633705951,51.7602676702,-1.259886852,113.703224,5735807.570638787,620092.4847264763,-113.703224,30U,9.523,-0.547,0.021,0.03492520622994748,-0.018648912933561343,1.472304730822954
1433862633797405,51.7602762528,-1.2598875933,113.701347,5735808.523857614,620092.4107957187,-113.701347,30U,9.551,-0.558,0.01,0.03457007423116991,-0.01896137936044558,1.4722267272694987
1433862633888859,51.7602848578,-1.2598883586,113.69944,5735809.479527947,620092.3351493175,-113.69944,30U,9.58,-0.565,0.031,0.0357174819103863,-0.019779841706163256,1.4722200102826062
1433862633993521,51.7602934861,-1.2598891486,113.697159,5735810.437748715,620092.2577365787,-113.697159,30U,9.614,-0.566,-0.002,0.03571870282579394,-0.023276872264133944,1.4723875321242073
1433862634100070,51.7603021349,-1.259889947,113.695023,5735811.398235386,620092.1796897836,-113.695023,30U,9.638,-0.552,0.046,0.034727599999676804,-0.029756000000152237,1.4730018000004645
1433862634206653,51.7603108028,-1.2598906714,113.688515,5735812.36096795,620092.1066990033,-113.688515,30U,9.658,-0.561,0.109,0.03655383344460461,-0.029854306094385823,1.4740788125260713
1433862634311345,51.7603194955,-1.2598914036,113.670143,5735813.32644559,620092.0331041605,-113.670143,30U,9.694,-0.528,0.249,0.03397461430567557,-0.02063370914135243,1.4760575862169698
1433862634402800,51.7603282058,-1.2598921175,113.653473,5735814.2939105965,620091.960725499,-113.653473,30U,9.706,-0.533,0.089,0.03159148536388636,-0.011599055885927119,1.4783922746850697
1433862634494254,51.7603369267,-1.2598928456,113.65226,5735815.262531009,620091.8873387973,-113.65226,30U,9.721,-0.508,-0.054,0.03245964673498076,-0.011478217666099442,1.4809294099354386
1433862634592304,51.7603456683,-1.2598935402,113.660461,5735816.233508559,620091.8162089885,-113.660461,30U,9.744,-0.475,-0.088,0.031303546333469066,-0.015795417318536686,1.4824407962737678
1433862634690793,51.7603544377,-1.2598941428,113.667542,5735817.2077291375,620091.7513542662,-113.667542,30U,9.765,-0.463,-0.036,0.029830788746136944,-0.018868971485991388,1.4834317299687538
1433862634796720,51.7603632222,-1.2598947519,113.666435,5735818.18361823,620091.6860109292,-113.666435,30U,9.777,-0.46,0.041,0.028116193517049103,-0.017755152985879548,1.4844921627740382
1433862634903416,51.760372015,-1.2598953737,113.66153,5735819.160409427,620091.6197691663,-113.66153,30U,9.79,-0.458,0.051,0.026494721440230816,-0.014535209704404941,1.485471809508527
1433862635010113,51.760380818,-1.2598960159,113.659317,5735820.138301336,620091.5520925664,-113.659317,30U,9.804,-0.463,0.005,0.026176710130238263,-0.014001742708061503,1.4862792334268882
1433862635114428,51.7603896336,-1.2598966614,113.660912,5735821.117589015,620091.4841548163,-113.660912,30U,9.818,-0.449,-0.027,0.027001200000198296,-0.016578199999584937,1.4868516000004595
1433862635205882,51.7603984711,-1.2598972395,113.665161,5735822.0994230965,620091.4208101772,-113.665161,30U,9.834,-0.457,-0.019,0.026886004581685965,-0.019349436505124506,1.4874495573769217
1433862635297336,51.7604073246,-1.2598978247,113.665283,5735823.083024791,620091.3569331311,-113.665283,30U,9.858,-0.433,0.029,0.026419374431486235,-0.020110356390856152,1.4882123149372761
1433862635395595,51.7604161934,-1.2598984161,113.661491,5735824.068317735,620091.2925876433,-113.661491,30U,9.873,-0.436,0.039,0.026536350914867,-0.02025439094401404,1.4888550325250802
1433862635494073,51.7604250758,-1.2598990155,113.657944,5735825.055109914,620091.2276540083,-113.657944,30U,9.893,-0.428,0.038,0.026756809282086104,-0.02157742154145433,1.4893889461599057
1433862635600256,51.7604339753,-1.2598996222,113.652557,5735826.043791703,620091.1621712458,-113.652557,30U,9.913,-0.43,0.063,0.02568993730094755,-0.021675350761506545,1.4898442106841288
1433862635706439,51.7604429067,-1.259900171,113.646317,5735827.036116315,620091.1005994695,-113.646317,30U,9.935,-0.426,0.062,0.02496182496606825,-0.021145387759727907,1.4902668903440583
1433862635804929,51.7604518544,-1.2599007355,113.638962,5735828.030227742,620091.0379010123,-113.638962,30U,9.952,-0.427,0.065,0.02366106875097944,-0.019738263121837407,1.4903557485102839
1433862635903417,51.7604608155,-1.2599013145,113.634506,5735829.0258054575,620090.9741663792,-113.634506,30U,9.97,-0.428,0.047,0.023872388141393447,-0.019475154414213353,1.4899940618454701
1433862636001871,51.760469789,-1.2599019173,113.630005,5735830.022722944,620090.9087564443,-113.630005,30U,9.984,-0.438,0.03,0.02397932609480066,-0.018430168175980408,1.4893814713283626
1433862636100325,51.7604787723,-1.2599025523,113.627113,5735831.020677233,620090.8410984311,-113.627113,30U,9.999,-0.451,0.038,0.025614899999133404,-0.01842949999936556,1.4889534999994376
1433862636198764,51.7604877792,-1.259903149,113.624428,5735832.021319061,620090.77602085,-113.624428,30U,10.013,-0.462,0.027,0.025992047588076946,-0.018280439433778002,1.4886863450164687
1433862636297203,51.760496799,-1.2599037585,113.621994,5735833.023374375,620090.7100257387,-113.621994,30U,10.035,-0.455,0.025,0.02546016880295558,-0.01796022967389838,1.488412781610347
1433862636395667,51.7605058296,-1.2599043948,113.619675,5735834.0265865885,620090.6421525447,-113.619675,30U,10.044,-0.474,0.021,0.026788630048213982,-0.01796746877603688,1.4880303465342175
1433862636494131,51.7605148682,-1.2599050542,113.617538,5735835.030650417,620090.5726640332,-113.617538,30U,10.061,-0.46,0.007,0.02613632264236978,-0.017339003552140617,1.487686116186579
1433862636600286,51.760523921,-1.2599057155,113.615387,5735836.036290251,620090.50300674,-113.615387,30U,10.073,-0.473,0.029,0.0266178022283784,-0.016203850033806,1.4869394693503974
1433862636706443,51.7605329957,-1.2599063501,113.614029,5735837.044409471,620090.435133885,-113.614029,30U,10.085,-0.488,0.003,0.027434995665624667,-0.016777499061349035,1.4864098918796331
1433862636804932,51.7605420784,-1.2599070107,113.614914,5735838.053375531,620090.365445588,-113.614914,30U,10.096,-0.495,-0.01,0.027026135877014034,-0.019624473482261748,1.4858094128340142
1433862636903199,51.7605511683,-1.2599077018,113.614723,5735839.063092055,620090.2936334322,-113.614723,30U,10.11,-0.511,0.019,0.02853770007312075,-0.020840577957881815,1.4856530862655288
1433862636994581,51.7605602701,-1.2599084194,113.609726,5735840.0740883015,620090.2199609834,-113.609726,30U,10.129,-0.506,0.078,0.027654225694550824,-0.020124536726771024,1.4854048324984819
1433862637085964,51.7605693843,-1.2599091424,113.603806,5735841.086454617,620090.145883,-113.603806,30U,10.144,-0.509,0.039,0.027749200000620918,-0.019544799999523677,1.4849014000005714
1433862637190267,51.7605785213,-1.2599098313,113.599739,5735842.101412589,620090.0740977325,-113.599739,30U,10.158,-0.514,0.04,0.0260082720204505,-0.02159108691622807,1.4845429821524416
1433862637296964,51.7605876683,-1.2599105348,113.595535,5735843.117458586,620090.0012784182,-113.595535,30U,10.174,-0.52,0.04,0.02433021766257154,-0.02277318856796553,1.4842070543395456
1433862637403651,51.7605968244,-1.2599112597,113.588348,5735844.134481325,620089.9269581869,-113.588348,30U,10.184,-0.523,0.085,0.022720547310169027,-0.021087800521574586,1.4837866500863055
1433862637509569,51.7606059853,-1.2599120067,113.580315,5735845.152001466,620089.8511001429,-113.580315,30U,10.187,-0.538,0.062,0.022392000173539147,-0.018707958968518026,1.4833988835878165
1433862637608059,51.7606151396,-1.2599127759,113.575546,5735846.168751092,620089.7737276362,-113.575546,30U,10.176,-0.533,0.01,0.02167743492897952,-0.018702017014278236,1.4829604085812191
1433862637706106,51.7606242927,-1.2599135298,113.575272,5735847.185392467,620089.6974141658,-113.575272,30U,10.163,-0.543,0.003,0.02220034189795023,-0.020712093239416314,1.4823720760916979
1433862637797522,51.7606334249,-1.2599143018,113.574066,5735848.199679827,620089.6199071141,-113.574066,30U,10.131,-0.547,0.015,0.022379658793318664,-0.021780546661644768,1.4816052337749792
1433862637888938,51.7606425279,-1.259915082,113.57093,5735849.210706462,620089.5419116927,-113.57093,30U,10.105,-0.554,0.045,0.022097363522402467,-0.022596176809225356,1.4808101414804482
1433862637993668,51.7606515996,-1.259915882,113.566399,5735850.2182197375,620089.4626329723,-113.566399,30U,10.072,-0.559,0.04,0.020973548610602587,-0.024293286792305312,1.4800045847624448
1433862638100300,51.7606606432,-1.259916698,113.561974,5735851.222581771,620089.382324697,-113.561974,30U,10.037,-0.566,0.051,0.020708499999185538,-0.02726409999960507,1.4791497999996541
1433862638206996,51.7606696705,-1.2599174869,113.554718,5735852.225175765,620089.3039298273,-113.554718,30U,10.016,-0.573,0.092,0.020794813417765887,-0.026546561291704025,1.4781941917844368
1433862638311787,51.760678678,-1.2599182928,113.544434,5735853.225539887,620089.2244143683,-113.544434,30U,10.002,-0.576,0.126,0.020687186987819295,-0.022928967596994396,1.4772767254676025
1433862638403241,51.7606876656,-1.2599191137,113.534081,5735854.223666303,620089.1439166043,-113.534081,30U,9.982,-0.582,0.037,0.020311648838537512,-0.019731774732934082,1.4763107960209605
1433862638494694,51.7606966328,-1.2599199625,113.531853,5735855.219478172,620089.0615476525,-113.531853,30U,9.96,-0.6,0.005,0.01991304576001957,-0.021179753418363385,1.4755770418813487
1433862638592744,51.7607055834,-1.2599208318,113.531677,5735856.213410262,620088.9778080935,-113.531677,30U,9.945,-0.606,0.006,0.020727985289541787,-0.023599125371726003,1.4749319733036266
1433862638691233,51.7607145283,-1.2599216764,113.52874,5735857.2067491505,620088.8957881904,-113.52874,30U,9.934,-0.615,0.059,0.021196431528132043,-0.0251100566608314,1.4745646410397344
1433862638797100,51.7607234605,-1.2599225284,113.522423,5735858.198663535,620088.8132913448,-113.522423,30U,9.923,-0.612,0.071,0.022655291172076927,-0.024506129020888927,1.474105516986906
1433862638903733,51.7607323788,-1.2599233975,113.513214,5735859.189003997,620088.7296513561,-113.513214,30U,9.911,-0.613,0.09,0.021865559942577408,-0.022679009128470026,1.474041046934637
1433862639010429,51.7607412847,-1.2599242709,113.505295,5735860.177958421,620088.6457475558,-113.505295,30U,9.897,-0.621,0.062,0.02206768000793677,-0.021438830122200016,1.4738875789589028
1433862639114743,51.7607501731,-1.2599251662,113.49971,5735861.164930676,620088.5603789255,-113.49971,30U,9.883,-0.62,0.046,0.02114250000077941,-0.02106340000007229,1.4741888000007783
1433862639206197,51.7607591008,-1.2599260176,113.49585,5735862.156345629,620088.4779355072,-113.49585,30U,9.875,-0.614,0.038,0.021206500714813906,-0.021310652494416403,1.474122898035012
1433862639297651,51.7607679798,-1.2599268798,113.491722,5735863.142327053,620088.3948760432,-113.491722,30U,9.864,-0.617,0.038,0.02047754047804003,-0.020996631296818558,1.4740622582927918
1433862639395821,51.7607768482,-1.2599277426,113.487419,5735864.1271287035,620088.3118033212,-113.487419,30U,9.854,-0.609,0.045,0.019364657718753356,-0.020491080409019116,1.4737747367521128
1433862639494208,51.760785702,-1.2599286193,113.482803,5735865.110283854,620088.2278101423,-113.482803,30U,9.839,-0.62,0.041,0.018323011358284996,-0.019382742455688707,1.4737484257949565
1433862639600385,51.7607945421,-1.2599295085,113.479141,5735866.0918948995,620088.142990733,-113.479141,30U,9.827,-0.619,0.03,0.017389115585250216,-0.019234235075698228,1.4738469043539002
1433862639706568,51.76080338,-1.2599303556,113.47702,5735867.073330614,620088.0610824357,-113.47702,30U,9.818,-0.616,0.022,0.017043205750905878,-0.019899708191240605,1.4738987392434022
1433862639805056,51.7608122051,-1.2599312098,113.474892,5735868.053331201,620087.9787181645,-113.474892,30U,9.808,-0.61,0.015,0.014993696568939213,-0.02034981611226316,1.4740710925944507
1433862639903545,51.7608210196,-1.2599320651,113.472,5735869.032151189,620087.89630613,-113.472,30U,9.798,-0.607,0.029,0.012443844706523375,-0.020954380361050295,1.4743549495126775
1433862640002034,51.7608298218,-1.2599329274,113.468933,5735870.009591816,620087.8134436953,-113.468933,30U,9.785,-0.604,0.021,0.012475222141567951,-0.022543269256072893,1.4745986960472164
1433862640100522,51.760838609,-1.2599337987,113.466911,5735870.98534953,620087.7300000077,-113.466911,30U,9.773,-0.604,0.037,0.012660800000711524,-0.026384299999877514,1.4746428999994363
1433862640199011,51.7608474652,-1.2599346415,113.462151,5735871.968827413,620087.6483399889,-113.462151,30U,9.731,-0.598,0.072,0.01414935514953407,-0.02713761660830493,1.4745377098222328
1433862640297500,51.7608562143,-1.2599355,113.452972,5735872.9403692465,620087.5658807463,-113.452972,30U,9.708,-0.607,0.145,0.015328696622400696,-0.021574051226892918,1.474461989916912
1433862640395988,51.7608649348,-1.2599363651,113.441429,5735873.908719714,620087.4830419587,-113.441429,30U,9.676,-0.605,0.085,0.016648163601338268,-0.014351039952467268,1.4741687527650174
1433862640494476,51.7608736166,-1.2599372416,113.441513,5735874.872747727,620087.3995191861,-113.441513,30U,9.638,-0.622,-0.035,0.01952265964275079,-0.01563296140155462,1.4739169800354621
1433862640600573,51.7608822621,-1.2599381216,113.447456,5735875.832733187,620087.3158512258,-113.447456,30U,9.606,-0.599,-0.091,0.014421157862270429,-0.020268852194162683,1.4737290289456695
1433862640706669,51.7608909011,-1.2599389612,113.452873,5735876.792062333,620087.2349884686,-113.452873,30U,9.576,-0.596,-0.003,0.010716177603619259,-0.023587507858086137,1.4731048977966759
1433862640805140,51.7608995063,-1.2599398277,113.449623,5735877.747588411,620087.1523590962,-113.449623,30U,9.54,-0.616,0.025,0.012508029573737903,-0.022337390543884218,1.4724900617459338
1433862640903390,51.7609080784,-1.259940706,113.445038,5735878.699414131,620087.0690032756,-113.445038,30U,9.507,-0.608,0.063,0.012556025393384133,-0.021407885511356643,1.4716374058031196
1433862640994815,51.7609166158,-1.2599415908,113.440468,5735879.647370293,620086.9852909974,-113.440468,30U,9.47,-0.617,0.018,0.013795740735485057,-0.020373819691788347,1.4708240751809338
1433862641086240,51.7609251127,-1.2599425073,113.437767,5735880.590770402,620086.8994986452,-113.437767,30U,9.432,-0.638,0.041,0.014797000000784018,-0.019530000000165845,1.470507400000769
1433862641190550,51.7609335911,-1.2599434097,113.435684,5735881.5321364105,620086.8147284179,-113.435684,30U,9.4,-0.63,-0.003,0.014461224694758077,-0.018158625681363547,1.4701775430050075
1433862641297246,51.760942037,-1.2599443154,113.435524,5735882.469882784,620086.7298167227,-113.435524,30U,9.363,-0.644,0.011,0.017978170805142878,-0.01783450287759299,1.4699020874403195
1433862641403933,51.7609504473,-1.2599452336,113.437096,5735883.403649632,620086.6441369093,-113.437096,30U,9.333,-0.628,-0.03,0.018004920466514533,-0.019711488318997876,1.4693711984977396
1433862641509850,51.7609588284,-1.2599461352,113.439384,5735884.334196587,620086.5596801339,-113.439384,30U,9.301,-0.63,-0.001,0.018507801801664555,-0.021946510936514767,1.4686847381278088
1433862641608339,51.7609671752,-1.2599470647,113.438766,5735885.260883229,620086.4733890645,-113.438766,30U,9.268,-0.648,0.027,0.01908949862441901,-0.023407721193386903,1.4684917014749526
1433862641706369,51.7609755106,-1.2599479807,113.435074,5735886.186324348,620086.3880598765,-113.435074,30U,9.24,-0.646,0.043,0.02059207395076295,-0.02379969815383426,1.468272866508284
1433862641797523,51.760983817,-1.2599489025,113.429985,5735887.108530938,620086.3024074126,-113.429985,30U,9.211,-0.645,0.05,0.020743879032636633,-0.024253875032500483,1.4676255472098088
1433862641888677,51.7609920939,-1.2599498206,113.423729,5735888.027463032,620086.2170885765,-113.423729,30U,9.177,-0.637,0.067,0.016584205820658046,-0.025200243656172308,1.4663630460078925
1433862641993400,51.7610003382,-1.2599507382,113.414436,5735888.942770626,620086.1318907675,-113.414436,30U,9.148,-0.633,0.089,0.009215365524077417,-0.02199207562421404,1.4649409581666513
1433862642100062,51.7610085476,-1.2599516844,113.409477,5735889.854150029,620086.0448119538,-113.409477,30U,9.115,-0.681,0.064,0.014648600000430438,-0.018597200000686008,1.464073000000751
1433862642206758,51.76101494,-1.2599529933,113.47364,5735890.562870284,620085.9375252632,-113.47364,30U,9.071,-0.703,0.003,0.02072229197490723,-0.019139611420237495,1.4630737130133573
1433862642311548,51.7610235472,-1.2599539789,113.458534,5735891.5184226995,620085.8466720299,-113.458534,30U,9.047,-0.649,-0.072,0.019839882337938142,-0.02269421799389442,1.4609547419280213
1433862642403001,51.761031845,-1.2599549649,113.458824,5735892.439567217,620085.7566121955,-113.458824,30U,9.007,-0.703,0.041,0.02186864501099784,-0.025387639930230303,1.4594306283450993
1433862642494454,51.7610399341,-1.2599560127,113.453415,5735893.337401211,620085.6628414628,-113.453415,30U,8.97,-0.731,0.085,0.024586699878624548,-0.023320855938348987,1.4590138126336636
1433862642592503,51.7610479928,-1.259957066,113.446716,5735894.23184548,620085.5687718741,-113.446716,30U,8.942,-0.724,0.07,0.027179017266785507,-0.020656217736417543,1.4581297408795055
1433862642690991,51.7610560156,-1.2599581055,113.44236,5735895.122320165,620085.4757498791,-113.44236,30U,8.913,-0.721,0.042,0.0308598780228879,-0.019601020098584627,1.4568007601369952
1433862642796917,51.7610639985,-1.2599591703,113.441063,5735896.008316061,620085.381087877,-113.441063,30U,8.876,-0.74,0.011,0.03212238696533947,-0.020582285416515467,1.4558784241927232
1433862642903608,51.7610728869,-1.25995997,113.409019,5735896.995445817,620085.3023172197,-113.409019,30U,8.847,-0.746,-0.018,0.034208437784714565,-0.022448448743180506,1.4553375266700193
1433862643010155,51.7610810693,-1.2599609658,113.403641,5735897.903740998,620085.2118874508,-113.403641,30U,8.804,-0.741,0.009,0.04314121104566895,-0.027126992024693826,1.4546295573667878
1433862643114343,51.7610890149,-1.2599620529,113.398674,5735898.785552187,620085.1157856123,-113.398674,30U,8.783,-0.756,0.057,0.0428571000005215,-0.028265599999913085,1.4540496000002523
1433862643205796,51.7610969237,-1.2599630993,113.391563,5735899.663337999,620085.0225900691,-113.391563,30U,8.759,-0.74,0.109,0.04239116837646698,-0.02686709792557261,1.4535526665796417
1433862643297249,51.7611047908,-1.2599641763,113.378548,5735900.536436124,620084.9273935542,-113.378548,30U,8.698,-0.772,0.154,0.04254841668649203,-0.02108198105279637,1.4537364461597342
1433862643395517,51.7611126082,-1.2599652766,113.371574,5735901.403968929,620084.8307210532,-113.371574,30U,8.676,-0.758,0.043,0.043403084414484434,-0.019113961319785256,1.4538204881405035
1433862643494006,51.7611203973,-1.2599663579,113.369537,5735902.268385884,620084.7354348198,-113.369537,30U,8.646,-0.738,-0.012,0.0432352475357174,-0.019787601829226047,1.4532785663730736
1433862643600188,51.7611281592,-1.2599674236,113.371574,5735903.129803713,620084.641297307,-113.371574,30U,8.617,-0.736,-0.018,0.042653124618751335,-0.02238701764075181,1.4521535528389566
1433862643706371,51.7611359003,-1.2599684892,113.37162,5735903.988908618,620084.54722191,-113.37162,30U,8.581,-0.754,0.016,0.04268530163101415,-0.023854592451926178,1.4516728743416214
1433862643804858,51.7611436079,-1.2599695731,113.368011,5735904.84425798,620084.4519725816,-113.368011,30U,8.55,-0.755,0.054,0.041713367827630174,-0.02349246992603816,1.4515285273710368
1433862643903346,51.7611512845,-1.2599706574,113.363342,5735905.696159288,620084.3567779292,-113.363342,30U,8.514,-0.76,0.059,0.04409286735374921,-0.022635547009250034,1.4515803886411904
1433862644001834,51.7611589277,-1.2599717555,113.358482,5735906.544323587,620084.2607196168,-113.358482,30U,8.484,-0.757,0.042,0.04421011143275621,-0.02315064155811225,1.4518871866645249
1433862644100322,51.7611665372,-1.2599728307,113.354401,5735907.388777938,620084.1663310286,-113.354401,30U,8.445,-0.736,0.047,0.04441209999977375,-0.023814200000341297,1.4520790000004002
1433862644198810,51.761174121,-1.2599738854,113.350037,5735908.230408044,620084.0734253175,-113.350037,30U,8.409,-0.738,0.051,0.04444324080133301,-0.02075510576007566,1.45238195495882
1433862644297298,51.7611816699,-1.2599749398,113.345436,5735909.068157542,620083.9806329357,-113.345436,30U,8.374,-0.725,0.067,0.04404808201141148,-0.017777655163369006,1.4524765840876328
1433862644395779,51.7611891786,-1.2599759867,113.341003,5735909.901448898,620083.8884648024,-113.341003,30U,8.321,-0.736,-0.024,0.044054729994966936,-0.016799685568118,1.4526013852887123
1433862644494260,51.7611966424,-1.25997704,113.345245,5735910.7297365535,620083.7959741806,-113.345245,30U,8.282,-0.727,-0.057,0.04200815764013536,-0.02163940991355055,1.4528675106827567
1433862644600416,51.7612040652,-1.2599780821,113.348381,5735911.55348319,620083.7043652586,-113.348381,30U,8.234,-0.713,-0.021,0.040052714683391596,-0.02488939807642182,1.4533036026778796
1433862644706572,51.7612114435,-1.2599791306,113.346954,5735912.37227061,620083.6124327851,-113.346954,30U,8.17,-0.703,0.049,0.03920571768793369,-0.024289232947467633,1.4536414805349318
1433862644805060,51.7612187572,-1.2599801591,113.341377,5735913.183907032,620083.5220519011,-113.341377,30U,8.092,-0.691,0.07,0.04115035046624434,-0.02199374550637313,1.4535353227157748
1433862644903328,51.7612259963,-1.2599811742,113.336723,5735913.987269525,620083.4327936884,-113.336723,30U,8.009,-0.69,0.039,0.04051361493161966,-0.02251950270447743,1.4531731266696375
1433862644994781,51.7612331623,-1.259982161,113.333992,5735914.782549436,620083.34568238,-113.333992,30U,7.93,-0.663,0.005,0.0376603221901766,-0.023180363248164672,1.452610982786201
1433862645086234,51.7612402526,-1.2599831307,113.334351,5735915.569439182,620083.2599519888,-113.334351,30U,7.843,-0.678,0.009,0.036398499999879104,-0.02279050000012387,1.4520381000000877
1433862645190458,51.761247274,-1.2599841592,113.330261,5735916.348569997,620083.1703467814,-113.330261,30U,7.757,-0.689,0.046,0.03823729402267347,-0.01972765278534899,1.451685716486475
1433862645297047,51.7612542187,-1.2599851793,113.324089,5735917.119185115,620083.0815247764,-113.324089,30U,7.677,-0.679,0.037,0.03933253082254407,-0.01669487214990403,1.4510330964206033
1433862645403709,51.7612610874,-1.2599861676,113.323097,5735917.881400913,620082.9950988975,-113.323097,30U,7.589,-0.662,-0.016,0.038569017888925444,-0.015361810583256516,1.449979297596098
1433862645509605,51.7612678744,-1.2599871424,113.327057,5735918.634553382,620082.9098214251,-113.327057,30U,7.494,-0.67,-0.042,0.04015956717849733,-0.01674319157104687,1.4489123197380511
