timestamp,latitude,longitude,altitude,northing,easting,down,utm_zone,velocity_north,velocity_east,velocity_down,roll,pitch,yaw
1437748635869356,51.7608341445,-1.2618587238,110.958679,5735867.321039223,619954.905884176,-110.958679,30U,-0.012,0.0,0.023,0.08803990000080605,-0.013354799999278973,-2.005604507165524
1437748635976021,51.7608350277,-1.2618555873,110.954849,5735867.424415542,619955.1199880178,-110.954849,30U,-0.015,-0.004,0.022,0.08803585447944358,-0.01335851048723824,-2.0070071598160855
1437748636080782,51.7608372058,-1.2618478525,110.945396,5735867.679356226,619955.6479808936,-110.945396,30U,-0.021,-0.011,0.022,0.0880162000003603,-0.01335190791365926,-2.0104568810290564
1437748636172209,51.7608390419,-1.261841332,110.937424,5735867.89426711,619956.0930833393,-110.937424,30U,-0.026,-0.017,0.021,0.08800577090584273,-0.013359993503975631,-2.013360864872439
1437748636263636,51.7608397495,-1.2618388191,110.934349,5735867.977089948,619956.2646189497,-110.934349,30U,-0.028,-0.019,0.021,0.08800558813670878,-0.013352397626867431,-2.0144900196819173
1437748636369348,51.7608398199,-1.2618385689,110.934052,5735867.985330405,619956.2816982456,-110.934052,30U,-0.028,-0.019,0.021,0.08801078830681786,-0.013358081384079,-2.0145947138330564
1437748636475060,51.7608397553,-1.2618388235,110.934395,5735867.977727708,619956.2642999394,-110.934395,30U,-0.027,-0.02,0.02,0.08800408753228853,-0.013356533420149481,-2.0145961062218274
1437748636566488,51.7608396881,-1.2618390904,110.934761,5735867.969815643,619956.2460597222,-110.934761,30U,-0.027,-0.019,0.02,0.08798480078884265,-0.013352615220555938,-2.014598882412349
1437748636657915,51.7608398772,-1.2618389396,110.93486,5735867.991092803,619956.2559649614,-110.93486,30U,-0.027,-0.019,0.02,0.08799263365024734,-0.01335758411184984,-2.0146593262012185
1437748636762675,51.7608403961,-1.2618382455,110.934601,5735868.049939443,619956.3024882919,-110.934601,30U,-0.028,-0.02,0.02,0.08801038015459096,-0.013341155058820112,-2.014819397275876
1437748636869340,51.7608408999,-1.2618375297,110.934303,5735868.107142561,619956.350549127,-110.934303,30U,-0.029,-0.02,0.019,0.08799500000080845,-0.013350200000775771,-2.0149207071637827
1437748636976005,51.7608412897,-1.2618368987,110.933998,5735868.151528671,619956.3930602176,-110.933998,30U,-0.03,-0.021,0.02,0.08798864995193763,-0.013366026320056283,-2.0149991343889324
1437748637080765,51.7608415813,-1.2618363016,110.933685,5735868.184938559,619956.4334922096,-110.933685,30U,-0.029,-0.02,0.019,0.0879960940691767,-0.013349200000418206,-2.015048801973948
1437748637172193,51.7608412157,-1.2618364739,110.93367,5735868.143998112,619956.4225711192,-110.93367,30U,-0.028,-0.019,0.019,0.08800590000086618,-0.01334130208710163,-2.0149228078071633
1437748637263620,51.7608406611,-1.2618370229,110.933792,5735868.081420062,619956.3861555319,-110.933792,30U,-0.026,-0.019,0.018,0.08799664954988176,-0.013357787837152107,-2.0147970207935084
1437748637369332,51.7608402841,-1.2618374555,110.933899,5735868.038783721,619956.3573017756,-110.933899,30U,-0.024,-0.018,0.018,0.08799050952520647,-0.0133516428470151,-2.014677290281797
1437748637475044,51.7608400424,-1.2618377852,110.93399,5735868.01136285,619956.3351903583,-110.93399,30U,-0.024,-0.018,0.018,0.08799293109274912,-0.013350586133928822,-2.0145989520858927
1437748637566472,51.7608399096,-1.2618380247,110.934074,5735867.996200715,619956.3190148488,-110.934074,30U,-0.024,-0.017,0.017,0.08799413835270069,-0.013360069352494267,-2.0145749611041537
1437748637657899,51.7608400946,-1.2618377914,110.933998,5735868.017157625,619956.334624146,-110.933998,30U,-0.024,-0.018,0.017,0.08798808640781143,-0.013358193203833517,-2.014627056285079
1437748637762659,51.7608406079,-1.2618369918,110.933655,5735868.075555037,619956.388442703,-110.933655,30U,-0.025,-0.018,0.017,0.08798497634453079,-0.013347941014143598,-2.0147773009117023
1437748637869324,51.7608411113,-1.2618361605,110.933273,5735868.132903647,619956.4444750646,-110.933273,30U,-0.026,-0.018,0.017,0.08798530000013262,-0.013351900000336434,-2.014898507169109
1437748637975989,51.7608414946,-1.2618354512,110.932938,5735868.176695705,619956.4924067382,-110.932938,30U,-0.026,-0.019,0.016,0.0879869461842111,-0.013379488062030211,-2.014951120730276
1437748638080750,51.7608417854,-1.2618347895,110.93261,5735868.210122883,619956.5372987918,-110.93261,30U,-0.026,-0.019,0.016,0.08798752172223992,-0.013351314089815878,-2.015011917407267
1437748638172177,51.7608414695,-1.2618349164,110.932602,5735868.174784065,619956.5293789483,-110.932602,30U,-0.026,-0.018,0.015,0.08797608532316185,-0.013361061448255647,-2.0148991557683655
1437748638263604,51.760840959,-1.2618354469,110.932709,5735868.117140646,619956.4941231272,-110.932709,30U,-0.024,-0.018,0.015,0.08797413426147896,-0.013385958735841627,-2.0147586301124027
1437748638369317,51.7608406051,-1.261835872,110.932793,5735868.077085506,619956.4657257067,-110.932793,30U,-0.022,-0.017,0.015,0.08798476575310324,-0.013376007044725009,-2.0146586156427735
1437748638475982,51.7608403741,-1.2618362038,110.932861,5735868.050851089,619956.4434410109,-110.932861,30U,-0.022,-0.017,0.015,0.08798024618460797,-0.013365707631661516,-2.0145772504874406
1437748638582646,51.7608402437,-1.2618364541,110.932922,5735868.035938086,619956.4265138496,-110.932922,30U,-0.021,-0.016,0.015,0.08797514129202275,-0.013392814677122786,-2.0145554727926327
1437748638684311,51.760840439,-1.2618362063,110.932831,5735868.058064271,619956.4430964668,-110.932831,30U,-0.021,-0.016,0.015,0.08797595870825127,-0.013386338552648118,-2.0146207485255365
1437748638764310,51.7608409839,-1.2618353399,110.932472,5735868.120085679,619956.5014410234,-110.932472,30U,-0.022,-0.017,0.015,0.08798196363047983,-0.01337353426224078,-2.014774978244987
1437748638844309,51.7608415194,-1.2618344356,110.932083,5735868.181124084,619956.5624259114,-110.932083,30U,-0.023,-0.017,0.014,0.08797059999941426,-0.013386999999273367,-2.0149178071770573
1437748638942640,51.7608419279,-1.2618336613,110.931747,5735868.227825457,619956.6147763336,-110.931747,30U,-0.024,-0.016,0.015,0.08798133150713135,-0.013389022308786995,-2.0149844033213533
1437748639049305,51.7608422394,-1.2618329352,110.931404,5735868.263660533,619956.6640576575,-110.931404,30U,-0.024,-0.017,0.014,0.08796374892411106,-0.013396107631710426,-2.015024412516088
1437748639155971,51.7608419059,-1.2618330657,110.931396,5735868.226358561,619956.6559360349,-110.931396,30U,-0.022,-0.016,0.015,0.08798636575402441,-0.013378555968943183,-2.014931670449479
1437748639262635,51.7608413639,-1.2618336388,110.931503,5735868.1651420705,619956.6178239519,-110.931503,30U,-0.021,-0.016,0.014,0.08796238042191656,-0.013387595784866828,-2.0147562049599537
1437748639369301,51.7608409877,-1.2618341003,110.931587,5735868.122547158,619956.586973736,-110.931587,30U,-0.02,-0.015,0.014,0.08795640978493582,-0.013394616830804567,-2.014663103704585
1437748639475966,51.7608407415,-1.261834463,110.931648,5735868.094571578,619956.5625969706,-110.931648,30U,-0.019,-0.015,0.015,0.08797784677052951,-0.013389948923285499,-2.0145835743563723
1437748639582630,51.7608406016,-1.2618347397,110.931694,5735868.078558693,619956.5438731695,-110.931694,30U,-0.019,-0.015,0.014,0.0879913363993742,-0.0133909000003188,-2.0145317489160828
1437748639686438,51.7608408076,-1.2618344761,110.931602,5735868.101900774,619956.5615177576,-110.931602,30U,-0.019,-0.016,0.014,0.08796016301426315,-0.01339955870789231,-2.0146247958742585
1437748639777865,51.7608413859,-1.2618335372,110.931236,5735868.167755722,619956.6247768896,-110.931236,30U,-0.02,-0.016,0.014,0.08795055662781238,-0.013401046159511333,-2.01480623417719
1437748639869292,51.7608419556,-1.2618325529,110.930832,5735868.232728971,619956.6911917957,-110.930832,30U,-0.02,-0.016,0.014,0.08797030000000514,-0.013403399999552366,-2.0149454071680766
1437748639975957,51.7608423915,-1.2618317065,110.930481,5735868.282595991,619956.7484450941,-110.930481,30U,-0.021,-0.017,0.014,0.08797929021541676,-0.013407355968070921,-2.015040796270842
1437748640080718,51.7608427258,-1.2618309083,110.930138,5735868.321085165,619956.802641487,-110.930138,30U,-0.022,-0.017,0.013,0.08796434833649872,-0.013409280430936026,-2.015076678268041
1437748640172145,51.7608423733,-1.2618310421,110.930138,5735868.281664843,619956.7943424993,-110.930138,30U,-0.02,-0.017,0.013,0.08794710489189606,-0.013407931507845059,-2.0149549682911587
1437748640263572,51.7608417974,-1.2618316621,110.930237,5735868.216601316,619956.7530837801,-110.930237,30U,-0.019,-0.016,0.013,0.0879651244739451,-0.013411173418533396,-2.0147856581241195
1437748640354999,51.7608413971,-1.2618321639,110.930313,5735868.171260043,619956.7195164072,-110.930313,30U,-0.018,-0.017,0.013,0.08797478532339516,-0.013414809784104661,-2.014645844998823
1437748640446426,51.7608411343,-1.2618325611,110.930367,5735868.141381692,619956.6928028543,-110.930367,30U,-0.017,-0.017,0.012,0.08796794129224081,-0.013406153816698076,-2.014568391772116
1437748640549282,51.7608409841,-1.2618328674,110.930412,5735868.124174691,619956.6720637069,-110.930412,30U,-0.016,-0.016,0.012,0.08795272172271212,-0.013409207631507596,-2.0145274510602533
1437748640655946,51.7608412087,-1.26183258,110.930305,5735868.149624359,619956.6913013917,-110.930305,30U,-0.017,-0.017,0.012,0.08794731683071778,-0.013416360861701563,-2.0146176301283085
1437748640762611,51.7608418409,-1.2618315451,110.929924,5735868.221631234,619956.76104246,-110.929924,30U,-0.018,-0.017,0.011,0.0879388874245014,-0.013404270632615112,-2.014816383127164
1437748640869276,51.7608424658,-1.2618304577,110.929504,5735868.292912656,619956.8344258134,-110.929504,30U,-0.019,-0.018,0.011,0.08794249999948962,-0.013405699999676631,-2.0149774071690465
1437748640975941,51.7608429451,-1.2618295205,110.929146,5735868.347755385,619956.8978300348,-110.929146,30U,-0.02,-0.018,0.011,0.08794973913828004,-0.013418963601401894,-2.0150776984304417
1437748641082606,51.7608433134,-1.261828635,110.928787,5735868.390169166,619956.957960736,-110.928787,30U,-0.019,-0.019,0.011,0.08794741193719938,-0.013413851076491868,-2.0151233886369853
1437748641189271,51.7608429227,-1.2618287843,110.928795,5735868.346475266,619956.9486933729,-110.928795,30U,-0.018,-0.019,0.01,0.08792336575418715,-0.013408732093863607,-2.0149815138938703
1437748641292127,51.7608422875,-1.2618294746,110.928894,5735868.274701569,619956.9027405481,-110.928894,30U,-0.017,-0.018,0.01,0.08791874194415696,-0.01342209999995563,-2.01478474833634
1437748641383554,51.7608418473,-1.2618300343,110.92897,5735868.224827927,619956.8652833506,-110.92897,30U,-0.016,-0.018,0.01,0.08793629784632896,-0.013419695107288647,-2.014643759086021
1437748641474981,51.7608415587,-1.2618304783,110.929024,5735868.192003475,619956.8354085915,-110.929024,30U,-0.015,-0.018,0.009,0.08793808043137917,-0.01341420489312849,-2.0145475434302282
1437748641566408,51.7608413935,-1.2618308221,110.929062,5735868.173066697,619956.8121213889,-110.929062,30U,-0.015,-0.017,0.009,0.08793133639886432,-0.013423880431269538,-2.0145044440253335
1437748641657835,51.7608416336,-1.2618305135,110.928955,5735868.200274935,619956.8327809675,-110.928955,30U,-0.015,-0.017,0.009,0.08791824403139196,-0.013418853816701286,-2.0145991154487106
1437748641762595,51.7608423144,-1.2618293818,110.928558,5735868.277845659,619956.9090732241,-110.928558,30U,-0.016,-0.018,0.008,0.08792396363068505,-0.013419439156499171,-2.014823152334308
1437748641869260,51.7608429892,-1.2618281887,110.928131,5735868.354850138,619956.9896184959,-110.928131,30U,-0.017,-0.019,0.008,0.0879327000001743,-0.013430900000658734,-2.0150145071791705
1437748641960688,51.7608435084,-1.2618271571,110.927765,5735868.41428527,619957.0594313461,-110.927765,30U,-0.018,-0.02,0.008,0.08792733150702149,-0.013421755969380122,-2.0151255647658566
1437748642052115,51.760843909,-1.2618261787,110.927406,5735868.460443822,619957.1258873097,-110.927406,30U,-0.018,-0.02,0.007,0.08792174618463441,-0.013416883170678847,-2.0151806587016896
1437748642155923,51.7608434868,-1.2618263385,110.927414,5735868.413229653,619957.1159788533,-110.927414,30U,-0.017,-0.019,0.007,0.08791964129137657,-0.013423097846576897,-2.01502546496708
1437748642262587,51.7608427994,-1.2618270969,110.927513,5735868.33553897,619957.0654649226,-110.927513,30U,-0.015,-0.019,0.007,0.0879226293683598,-0.013423773419897114,-2.0148086868011217
1437748642369253,51.7608423234,-1.2618277139,110.927589,5735868.281589891,619957.0241484373,-110.927589,30U,-0.015,-0.019,0.007,0.0879227923681493,-0.013420909784889535,-2.014651710753733
1437748642475918,51.7608420109,-1.2618282058,110.927635,5735868.246028818,619956.9910315281,-110.927635,30U,-0.014,-0.019,0.007,0.08791637064558742,-0.01342422230810875,-2.0145539939227977
1437748642582583,51.7608418313,-1.2618285894,110.927658,5735868.225425205,619956.9650359624,-110.927658,30U,-0.014,-0.018,0.006,0.08791541956855412,-0.013427680430184823,-2.0145037874673757
1437748642689248,51.7608420867,-1.2618282597,110.927551,5735868.254369606,619956.9871110622,-110.927551,30U,-0.014,-0.019,0.006,0.0879170999994832,-0.013418178278287653,-2.0146080502778436
1437748642795912,51.7608428165,-1.2618270257,110.927147,5735868.33755771,619957.0703329927,-110.927147,30U,-0.016,-0.019,0.007,0.08791264615834223,-0.013417839157323332,-2.0148492985009674
1437748642894244,51.7608435419,-1.26182572,110.926712,5735868.420374439,619957.1585144848,-110.926712,30U,-0.017,-0.02,0.006,0.0879019000003314,-0.013423100000313196,-2.0150474071766227
1437748642974243,51.7608441019,-1.2618245868,110.926338,5735868.484513905,619957.2352304377,-110.926338,30U,-0.018,-0.02,0.006,0.08790017553823597,-0.013418685322615295,-2.015171676696307
1437748643054241,51.760844536,-1.2618235074,110.92598,5735868.534564001,619957.3085674489,-110.92598,30U,-0.02,-0.021,0.005,0.08790697827839086,-0.013414781017587927,-2.015230729929001
1437748643155907,51.7608440834,-1.2618236757,110.926003,5735868.483955176,619957.2981530018,-110.926003,30U,-0.019,-0.021,0.005,0.08790485107633453,-0.01342269510836134,-2.0150548986184647
1437748643262572,51.7608433439,-1.2618245053,110.926094,5735868.400353528,619957.2428637738,-110.926094,30U,-0.017,-0.02,0.005,0.08789966084238487,-0.013413495106118948,-2.014822421076258
1437748643369237,51.7608428316,-1.2618251829,110.926163,5735868.342267981,619957.197461602,-110.926163,30U,-0.016,-0.02,0.005,0.08789346575431702,-0.013407639139015414,-2.0146537688808936
1437748643474949,51.7608424946,-1.2618257265,110.926193,5735868.303897314,619957.1608419003,-110.926193,30U,-0.016,-0.02,0.005,0.0878943440319219,-0.013414122309384276,-2.0145465211210722
1437748643566377,51.7608422998,-1.2618261539,110.926216,5735868.28153132,619957.1318640573,-110.926216,30U,-0.015,-0.02,0.005,0.08789294129160345,-0.013406453816107214,-2.014495640689306
1437748643657804,51.760842571,-1.2618258026,110.926094,5735868.312268309,619957.1553878576,-110.926094,30U,-0.016,-0.02,0.004,0.08789780489241956,-0.01340348316972721,-2.014610921518996
1437748643762564,51.7608433518,-1.261824459,110.92569,5735868.401308213,619957.2460379223,-110.92569,30U,-0.017,-0.021,0.004,0.08788780489407991,-0.013410888102579257,-2.0148815453264
1437748643869228,51.7608441302,-1.261823032,110.925255,5735868.490218399,619957.3424496427,-110.925255,30U,-0.019,-0.022,0.003,0.087892900000604,-0.0134073000005978,-2.0151039071671546
1437748643975893,51.7608447334,-1.2618217888,110.924881,5735868.559342912,619957.4266420074,-110.924881,30U,-0.019,-0.023,0.004,0.08788679510766123,-0.01340629510808234,-2.0152411066444427
1437748644080653,51.7608452035,-1.2618205993,110.924522,5735868.613577535,619957.5074814159,-110.924522,30U,-0.02,-0.023,0.003,0.0878855217224203,-0.013403517416577793,-2.0153128657519184
1437748644172081,51.7608447197,-1.2618207755,110.924553,5735868.559486075,619957.4966045042,-110.924553,30U,-0.019,-0.023,0.004,0.08788264892268881,-0.01340868043037242,-2.0151159567457775
1437748644263508,51.7608439259,-1.2618216813,110.924644,5735868.469720586,619957.4362007699,-110.924644,30U,-0.018,-0.023,0.003,0.087884392318116,-0.013402912576216173,-2.0148504644332674
1437748644369221,51.7608433754,-1.2618224246,110.924706,5735868.407278889,619957.386366003,-110.924706,30U,-0.017,-0.023,0.003,0.08788020704474965,-0.013410773385578183,-2.014666166146557
1437748644474933,51.7608430125,-1.2618230247,110.924728,5735868.365935044,619957.3459159816,-110.924728,30U,-0.016,-0.022,0.003,0.08787719021521231,-0.013413751076107046,-2.0145418575314977
1437748644566361,51.7608428013,-1.2618235008,110.924728,5735868.341665164,619957.3136209019,-110.924728,30U,-0.016,-0.021,0.003,0.08788794403172788,-0.013407180429836072,-2.014489748335578
1437748644657788,51.7608430887,-1.261823128,110.924606,5735868.374239061,619957.3385854409,-110.924606,30U,-0.017,-0.021,0.002,0.08788828258371487,-0.013410875537953972,-2.0146151606444964
1437748644762548,51.7608439234,-1.2618216674,110.924194,5735868.469465433,619957.4371666133,-110.924194,30U,-0.019,-0.023,0.002,0.08788439021150359,-0.013405312576725262,-2.0149011872792553
1437748644869212,51.7608447579,-1.2618201102,110.923759,5735868.564828454,619957.54241452,-110.923759,30U,-0.021,-0.022,0.002,0.08787439999922504,-0.013411599999691864,-2.0151486071786
1437748644975877,51.7608454071,-1.2618187483,110.923386,5735868.639263705,619957.6346762463,-110.923386,30U,-0.022,-0.023,0.002,0.08786911467624711,-0.013414085322366764,-2.015293131104627
1437748645080637,51.7608459159,-1.2618174392,110.923035,5735868.697998737,619957.7236664736,-110.923035,30U,-0.023,-0.023,0.002,0.08787126086050438,-0.013410173385014577,-2.0153797907860587
1437748645172065,51.7608454001,-1.2618176229,110.92308,5735868.6403363375,619957.7123568209,-110.92308,30U,-0.022,-0.023,0.001,0.08786770978393768,-0.013415495106834076,-2.0151762246578184
1437748645263492,51.760844549,-1.2618186104,110.923172,5735868.544064338,619957.6464669877,-110.923172,30U,-0.02,-0.023,0.001,0.08786600210841897,-0.013418409789231613,-2.014889330175542
1437748645369204,51.7608439582,-1.2618194249,110.923225,5735868.477023912,619957.5918256476,-110.923225,30U,-0.019,-0.022,0.001,0.08787879510829137,-0.013413595108249098,-2.0146799019575834
1437748645474917,51.7608435675,-1.2618200867,110.923233,5735868.432487043,619957.5471914981,-110.923233,30U,-0.018,-0.022,-0.0,0.08787305107613409,-0.013412219568887041,-2.01453827435309
1437748645566345,51.7608433385,-1.2618206169,110.923225,5735868.406148704,619957.511210247,-110.923225,30U,-0.018,-0.021,0.0,0.08786962661447796,-0.013411285323809046,-2.014479995104106
1437748645657772,51.7608441718,-1.2618173674,110.919617,5735868.504161804,619957.7332442043,-110.919617,30U,-0.021,-0.024,-0.001,0.08786030000081564,-0.013410680431087549,-2.0146406303215376
1437748645762531,51.7608464614,-1.2618084741,110.910309,5735868.773407805,619958.3408874935,-110.910309,30U,-0.028,-0.033,-0.001,0.08786233637070172,-0.013414429366904904,-2.0150314718493134
1437748645869196,51.7608489204,-1.2617988895,110.900139,5735869.062629314,619958.9957871836,-110.900139,30U,-0.034,-0.041,-0.001,0.0878613999998127,-0.013417099999913138,-2.015366007170464
1437748645975861,51.7608508925,-1.2617910811,110.891769,5735869.29478296,619959.529404753,-110.891769,30U,-0.04,-0.048,-0.002,0.08786404618424878,-0.013417858708501615,-2.0155770311080516
1437748646080622,51.7608523565,-1.2617850494,110.885353,5735869.467510301,619959.9417619226,-110.885353,30U,-0.042,-0.053,-0.002,0.08786139021549691,-0.013415817416787039,-2.015685015257191
1437748646172049,51.7608498216,-1.26179421,110.896225,5735869.170545513,619959.3163230657,-110.896225,30U,-0.033,-0.041,-0.002,0.08786661683083481,-0.013419248924337351,-2.0154027718155727
1437748646263476,51.7608469178,-1.2618053792,110.908546,5735868.8292529695,619958.5532517467,-110.908546,30U,-0.025,-0.031,-0.002,0.08785675384084145,-0.013422495105846366,-2.0150053651969086
1437748646369189,51.7608453006,-1.2618117761,110.915352,5735868.638888239,619958.1160986972,-110.915352,30U,-0.021,-0.026,-0.002,0.08786180489176455,-0.013425365753586877,-2.0147324502957957
1437748646475854,51.7608443916,-1.2618154482,110.919205,5735868.5317617,619957.8651024675,-110.919205,30U,-0.019,-0.023,-0.003,0.08786645381533735,-0.013424775539084388,-2.014547549311988
1437748646582519,51.7608439395,-1.2618173261,110.921227,5735868.478396492,619957.7367099868,-110.921227,30U,-0.018,-0.022,-0.003,0.08786048806178788,-0.013420465753929208,-2.0144535553730667
1437748646684184,51.760844235,-1.2618170796,110.921608,5735868.511663424,619957.7529372945,-110.921608,30U,-0.019,-0.022,-0.004,0.08785376575338623,-0.013416785322284993,-2.014594761829611
1437748646764182,51.7608451864,-1.2618153656,110.921204,5735868.620284384,619957.8686958514,-110.921204,30U,-0.021,-0.022,-0.004,0.08785452936809522,-0.013415680420658065,-2.0149310368949602
1437748646844181,51.7608461438,-1.2618135242,110.920784,5735868.729782138,619957.9932301659,-110.920784,30U,-0.022,-0.024,-0.004,0.08785409999964594,-0.013416300000325216,-2.01522760716845
1437748646942512,51.7608468947,-1.2618119022,110.920433,5735868.815954903,619958.103171391,-110.920433,30U,-0.023,-0.024,-0.004,0.08786344344526358,-0.013431134832964261,-2.015407743036881
1437748647049177,51.7608474911,-1.2618103288,110.920113,5735868.884866349,619958.2101683277,-110.920113,30U,-0.024,-0.024,-0.004,0.0878579831704814,-0.013411641878867266,-2.01549204460396
1437748647155843,51.7608469077,-1.2618105265,110.920204,5735868.819663368,619958.1980717453,-110.920204,30U,-0.023,-0.024,-0.004,0.08785748258387199,-0.013405595107133916,-2.015242308809778
1437748647262508,51.760845932,-1.2618116944,110.920288,5735868.709238324,619958.1200630812,-110.920288,30U,-0.021,-0.023,-0.005,0.08784498252878789,-0.013415071311221093,-2.0148942483912013
1437748647369173,51.7608452522,-1.261812668,110.920341,5735868.632038833,619958.0546784222,-110.920341,30U,-0.02,-0.022,-0.005,0.08783723424603875,-0.013428155969574139,-2.0146495508738775
1437748647475838,51.7608447995,-1.2618134706,110.920326,5735868.5803755745,619958.0004922372,-110.920326,30U,-0.02,-0.022,-0.005,0.087825155968967,-0.01341061467755331,-2.014486052042382
1437748647582503,51.7608445298,-1.2618141263,110.920288,5735868.549304707,619957.9559583191,-110.920288,30U,-0.02,-0.021,-0.006,0.08783820645900929,-0.01343160058629246,-2.0144095798303407
1437748647686311,51.7608448681,-1.2618136958,110.920166,5735868.587633919,619957.98476972,-110.920166,30U,-0.021,-0.021,-0.006,0.0878284201552926,-0.013429404892280282,-2.014577561819272
1437748647777738,51.7608458818,-1.26181185,110.919785,5735868.70339983,619958.1094584395,-110.919785,30U,-0.022,-0.022,-0.006,0.08783965105406853,-0.01342545105306341,-2.0149483271213686
1437748647869165,51.7608469053,-1.2618098594,110.91938,5735868.820493736,619958.2441135895,-110.91938,30U,-0.024,-0.023,-0.007,0.08784660000045487,-0.013424699999489031,-2.0152679071699446
1437748647975830,51.7608477116,-1.2618081003,110.919052,5735868.913052846,619958.3633690106,-110.919052,30U,-0.025,-0.024,-0.007,0.08782903150747766,-0.013439904892544048,-2.015474348518688
1437748648080590,51.7608483568,-1.2618063863,110.918755,5735868.987622431,619958.4799391666,-110.918755,30U,-0.026,-0.024,-0.008,0.08782931683041312,-0.013434963600141602,-2.0155722348210943
1437748648172017,51.7608477389,-1.2618065905,110.918884,5735868.918572141,619958.4674854806,-110.918884,30U,-0.025,-0.023,-0.008,0.08782119510829056,-0.013437192368143109,-2.0152989039033007
1437748648263444,51.7608466967,-1.2618078546,110.918976,5735868.800593635,619958.3830144857,-110.918976,30U,-0.023,-0.023,-0.008,0.08781591957835505,-0.013424611897013721,-2.014923600134284
1437748648354871,51.7608459687,-1.2618089149,110.919022,5735868.717891387,619958.3117745662,-110.919022,30U,-0.022,-0.022,-0.009,0.08781368258287145,-0.013431571231599769,-2.0146563068514256
1437748648446298,51.7608454818,-1.2618097956,110.919006,5735868.662296407,619958.2522894825,-110.919006,30U,-0.021,-0.022,-0.009,0.0878076027388941,-0.013436878276945589,-2.014490849900136
1437748648549154,51.7608451889,-1.2618105227,110.918961,5735868.628528109,619958.2028898639,-110.918961,30U,-0.02,-0.021,-0.009,0.08781746575332208,-0.013434485322330691,-2.0144078581153932
1437748648655819,51.760845544,-1.2618100796,110.918846,5735868.668746313,619958.2325262377,-110.918846,30U,-0.022,-0.021,-0.01,0.08782211683063117,-0.013427736985833905,-2.014582203696951
1437748648762484,51.7608466218,-1.2618081039,110.918488,5735868.791854221,619958.3660092313,-110.918488,30U,-0.023,-0.023,-0.01,0.08781753636934361,-0.0134476314756146,-2.0149874305774875
1437748648869149,51.760847714,-1.2618059654,110.918114,5735868.916831284,619958.5106886115,-110.918114,30U,-0.025,-0.024,-0.011,0.08781080000056952,-0.0134345000005497,-2.0153301071789205
1437748648975814,51.7608485778,-1.2618040717,110.917824,5735869.01600616,619958.6390801413,-110.917824,30U,-0.027,-0.024,-0.012,0.0878018999994816,-0.013433795472217194,-2.0155548518304367
1437748649082478,51.7608492745,-1.2618022185,110.917564,5735869.096531841,619958.7651197475,-110.917564,30U,-0.028,-0.024,-0.011,0.08780520481707216,-0.013436824562692528,-2.0156706688601793
1437748649189143,51.7608486272,-1.2618024211,110.917732,5735869.024214714,619958.7528544079,-110.917732,30U,-0.026,-0.025,-0.011,0.08779016975328,-0.01343741512277021,-2.015371825609498
1437748649291999,51.7608475163,-1.2618037821,110.917831,5735868.898436939,619958.6618786086,-110.917831,30U,-0.023,-0.024,-0.011,0.08777929122949873,-0.013429608771171522,-2.0149666140878586
1437748649383426,51.7608467375,-1.2618049312,110.917892,5735868.809939344,619958.5846454044,-110.917892,30U,-0.022,-0.023,-0.011,0.08778139588364647,-0.013439602058720202,-2.0146798207648664
1437748649474853,51.7608462137,-1.2618058939,110.91787,5735868.750105971,619958.5195994468,-110.91787,30U,-0.021,-0.023,-0.011,0.08777430113419973,-0.013434602268117223,-2.014495674827946
1437748649566281,51.7608458948,-1.2618066974,110.917824,5735868.713320638,619958.4649965074,-110.917824,30U,-0.021,-0.023,-0.012,0.08776891621924401,-0.013432788204308627,-2.0144055928874636
1437748649657708,51.7608463952,-1.2618059834,110.917603,5735868.7701427145,619958.5129421094,-110.917603,30U,-0.023,-0.023,-0.012,0.08776581907489049,-0.013435483308578298,-2.0146256936192657
1437748649762468,51.7608475556,-1.2618038736,110.917274,5735868.9026568495,619958.6554601733,-110.917274,30U,-0.025,-0.025,-0.012,0.08777406254769099,-0.013431026336316638,-2.015069186494587
1437748649869133,51.760848637,-1.2618017984,110.917015,5735869.026328772,619958.7957999409,-110.917015,30U,-0.027,-0.027,-0.012,0.08777170000020232,-0.013425800000231419,-2.0154314071708104
1437748649960560,51.7608496797,-1.261799541,110.916687,5735869.145996703,619958.9488156056,-110.916687,30U,-0.028,-0.028,-0.012,0.0877688306701854,-0.013428330671796275,-2.015698987857037
1437748650051987,51.7608504477,-1.2617975358,110.916481,5735869.234701421,619959.0851554845,-110.916481,30U,-0.029,-0.029,-0.012,0.08776076990368699,-0.013424632427321713,-2.0158294966844506
1437748650155795,51.7608495717,-1.261798072,110.916824,5735869.136402679,619959.0504751606,-110.916824,30U,-0.027,-0.028,-0.011,0.0877629930709269,-0.013428168342213206,-2.0154532270153194
1437748650262460,51.7608483907,-1.2617995266,110.916939,5735869.002675376,619958.9532259975,-110.916939,30U,-0.025,-0.027,-0.012,0.08776577648362076,-0.013422513562703206,-2.0150143474815443
1437748650369125,51.7608475592,-1.2618007639,110.917,5735868.908172127,619958.87004595,-110.917,30U,-0.024,-0.027,-0.012,0.08776006500359934,-0.013428017498641944,-2.0147135997450367
1437748650475790,51.7608469961,-1.2618018101,110.916985,5735868.843830994,619958.7993419681,-110.916985,30U,-0.023,-0.027,-0.012,0.08775206761175137,-0.013424484093533915,-2.0145153613216045
1437748650582455,51.7608466487,-1.2618026936,110.916939,5735868.803744691,619958.739293905,-110.916939,30U,-0.022,-0.027,-0.012,0.08775471623092176,-0.013433210567006292,-2.0144244592509057
1437748650689120,51.7608471561,-1.2618019973,110.91674,5735868.8613161,619958.7859995003,-110.91674,30U,-0.023,-0.027,-0.012,0.08775726557052829,-0.013429488523222047,-2.0146638421533916
1437748650795785,51.7608483741,-1.2617997938,110.916466,5735869.000389852,619958.9348309628,-110.916466,30U,-0.026,-0.029,-0.013,0.08775868576239394,-0.013425900927386075,-2.0151250233996287
1437748650894117,51.7608495163,-1.2617976064,110.916252,5735869.131007681,619959.0827523003,-110.916252,30U,-0.028,-0.031,-0.013,0.08774770000034744,-0.013425099999282993,-2.01550400717792
1437748650974115,51.7608505929,-1.2617952748,110.915993,5735869.254567563,619959.2407985185,-110.915993,30U,-0.029,-0.032,-0.013,0.08775195567331448,-0.013430314776052575,-2.01577584269761
1437748651054113,51.7608513886,-1.261793188,110.915848,5735869.346486924,619959.3826960488,-110.915848,30U,-0.031,-0.033,-0.013,0.08775382221044704,-0.0134292302232194,-2.0159045061709526
1437748651155779,51.7608504791,-1.261793748,110.916161,5735869.244423618,619959.34646213,-110.916161,30U,-0.029,-0.034,-0.013,0.08774704806402127,-0.01343422817250002,-2.0154951322659405
1437748651262444,51.7608492371,-1.261795313,110.916321,5735869.103731131,619959.2417561425,-110.916321,30U,-0.026,-0.033,-0.013,0.08774478149567883,-0.013432255510622295,-2.0150249346138804
1437748651369109,51.7608483627,-1.2617966499,110.916435,5735869.0042932965,619959.1518165811,-110.916435,30U,-0.025,-0.033,-0.014,0.08773432864373948,-0.013428831907668169,-2.014700484625452
1437748651474821,51.7608477711,-1.2617977862,110.916451,5735868.936634581,619959.0749704934,-110.916451,30U,-0.024,-0.033,-0.014,0.08773788125095992,-0.013420412493461754,-2.0145004248462257
1437748651566249,51.760847407,-1.2617987524,110.916443,5735868.894555101,619959.0092597072,-110.916443,30U,-0.023,-0.033,-0.013,0.08774393759582423,-0.013425093129667057,-2.014403458000723
1437748651657676,51.7608479284,-1.2617980698,110.916389,5735868.953660866,619959.0549827757,-110.916389,30U,-0.025,-0.034,-0.013,0.08773878583940328,-0.013422683006248305,-2.014664391286334
1437748651762436,51.7608492404,-1.2617956424,110.9161,5735869.103556302,619959.2190160401,-110.9161,30U,-0.027,-0.036,-0.013,0.08773499326686396,-0.013418771791462428,-2.015155964264996
1437748651869101,51.7608505264,-1.2617930704,110.91581,5735869.250798224,619959.3930968208,-110.91581,30U,-0.03,-0.037,-0.013,0.08773820000044122,-0.013420199999625322,-2.0155693071709004
1437748651975766,51.7608517664,-1.2617902654,110.915451,5735869.393307906,619959.5833784689,-110.915451,30U,-0.032,-0.038,-0.013,0.08773853694323465,-0.013415615284970383,-2.0158619383933476
1437748652080526,51.7608527425,-1.2617876476,110.915192,5735869.5061623175,619959.7614412493,-110.915192,30U,-0.032,-0.039,-0.013,0.08773179176927445,-0.013415938820144484,-2.015999847905482
1437748652171953,51.7608519036,-1.2617878262,110.915398,5735869.412577524,619959.7513399919,-110.915398,30U,-0.03,-0.039,-0.014,0.0877231264469031,-0.013416472662257458,-2.015569018371269
1437748652263380,51.7608506133,-1.2617893173,110.91552,5735869.266635315,619959.6518617637,-110.91552,30U,-0.028,-0.038,-0.014,0.08772437805741627,-0.013416747961767022,-2.0150592840549164
1437748652369093,51.7608496663,-1.2617907548,110.91568,5735869.158958419,619959.5551724095,-110.91568,30U,-0.027,-0.038,-0.014,0.087726973070544,-0.013412426929710142,-2.0147139783418577
1437748652474805,51.7608489849,-1.2617921413,110.915802,5735869.080901824,619959.461298465,-110.915802,30U,-0.026,-0.038,-0.014,0.08772783920240261,-0.013413031827667628,-2.014493849353175
1437748652566233,51.7608485181,-1.2617934816,110.915947,5735869.026786109,619959.3700438754,-110.915947,30U,-0.026,-0.039,-0.014,0.08771874374014642,-0.013414442503998184,-2.014397511122909
1437748652657660,51.760848977,-1.2617931999,110.916138,5735869.078282064,619959.3882671507,-110.916138,30U,-0.028,-0.04,-0.014,0.08772160760553746,-0.01341347034164219,-2.0146731679537306
1437748652762420,51.7608502816,-1.2617911293,110.916176,5735869.226767706,619959.5276978314,-110.916176,30U,-0.031,-0.042,-0.014,0.08772453622089843,-0.013413238869095475,-2.015224284044101
1437748652869085,51.7608515438,-1.2617889461,110.916267,5735869.37072341,619959.6750112341,-110.916267,30U,-0.035,-0.044,-0.014,0.08772019999924106,-0.013415800000146435,-2.015686707179368
1437748652975750,51.7608527199,-1.2617865899,110.916306,5735869.505388808,619959.8344912966,-110.916306,30U,-0.037,-0.046,-0.014,0.08771491249460155,-0.013416231258787298,-2.016019477902832
1437748653080511,51.7608536461,-1.2617843218,110.916412,5735869.612118829,619959.988554113,-110.916412,30U,-0.039,-0.047,-0.014,0.08771103269748753,-0.013422266944189241,-2.01617290320003
1437748653171937,51.7608526909,-1.2617848008,110.916908,5735869.5051066205,619959.9580310204,-110.916908,30U,-0.037,-0.047,-0.014,0.0877109000001045,-0.013418128981462931,-2.0156986372727506
1437748653263364,51.76085127,-1.26178655,110.917236,5735869.344216321,619959.8410879178,-110.917236,30U,-0.035,-0.046,-0.014,0.08771334044512835,-0.013416240444455153,-2.015138079998324
1437748653369077,51.7608502396,-1.2617881587,110.917519,5735869.226983211,619959.7328054018,-110.917519,30U,-0.034,-0.045,-0.014,0.08769861559964812,-0.013420612358095716,-2.014753598240903
1437748653474789,51.7608495058,-1.2617896565,110.917709,5735869.142916327,619959.6313897247,-110.917709,30U,-0.033,-0.045,-0.014,0.08769766306875554,-0.013422227826124717,-2.014526708946255
1437748653566217,51.7608490081,-1.2617910669,110.917885,5735869.08524903,619959.5353795573,-110.917885,30U,-0.033,-0.046,-0.014,0.08769928377626295,-0.013419483775841498,-2.014416221628449
1437748653657644,51.7608493746,-1.2617909553,110.918098,5735869.126189731,619959.5421094272,-110.918098,30U,-0.035,-0.048,-0.014,0.0876937649823363,-0.013417938749301112,-2.0146660846047744
1437748653762404,51.7608505331,-1.261789128,110.918182,5735869.258027933,619959.6651376291,-110.918182,30U,-0.038,-0.05,-0.014,0.08769107931157123,-0.01341282240735601,-2.015176751328373
1437748653869069,51.7608516688,-1.2617871594,110.918327,5735869.38756305,619959.7979771411,-110.918327,30U,-0.041,-0.053,-0.014,0.08769320000005881,-0.013413700000791815,-2.0155870071657103
1437748653975734,51.760852721,-1.261785052,110.918442,5735869.508040746,619959.9406163354,-110.918442,30U,-0.044,-0.054,-0.015,0.08768700228876108,-0.013404563614055329,-2.0158904093909302
1437748654080494,51.7608535791,-1.2617829801,110.91864,5735869.606874897,619960.0813202213,-110.91864,30U,-0.045,-0.056,-0.014,0.08768883575190431,-0.013403872849389304,-2.016032817925544
1437748654171921,51.7608528226,-1.2617833535,110.919212,5735869.522133088,619960.057557726,-110.919212,30U,-0.043,-0.056,-0.015,0.08768326706599566,-0.01340045976029859,-2.01559530470532
1437748654263348,51.7608515886,-1.2617849444,110.919594,5735869.382287637,619959.9510432426,-110.919594,30U,-0.04,-0.055,-0.016,0.08768160219118619,-0.013394751416633849,-2.0150827991900875
1437748654369061,51.7608506644,-1.2617864428,110.919937,5735869.27704607,619959.8500908522,-110.919937,30U,-0.039,-0.055,-0.016,0.08768128422361239,-0.01339129243934644,-2.0147204234762666
1437748654475726,51.7608499839,-1.2617878751,110.920166,5735869.19901422,619959.7530539469,-110.920166,30U,-0.038,-0.056,-0.016,0.08768080172908603,-0.013390658478166251,-2.0145023155788575
1437748654582391,51.7608495025,-1.2617892601,110.920364,5735869.143201362,619959.6587533872,-110.920364,30U,-0.038,-0.057,-0.016,0.08768186143192132,-0.013387634641131964,-2.014385687197905
1437748654684056,51.7608498516,-1.261789238,110.920601,5735869.182059858,619959.6593531292,-110.920601,30U,-0.04,-0.059,-0.017,0.08768293456681052,-0.013386704321299455,-2.0146442095380475
1437748654764055,51.7608510071,-1.2617875663,110.920746,5735869.313308507,619959.7716515772,-110.920746,30U,-0.044,-0.063,-0.017,0.08767461252975907,-0.013378541229637648,-2.0151945852248434
1437748654844054,51.7608521526,-1.2617857656,110.920944,5735869.443657282,619959.892878605,-110.920944,30U,-0.048,-0.066,-0.017,0.08766939999922822,-0.013383399999382399,-2.0156495071793312
1437748654942386,51.7608531948,-1.2617838968,110.921875,5735869.562630454,619960.0190789084,-110.921875,30U,-0.051,-0.069,-0.017,0.08767525283521109,-0.013380759637364712,-2.0159723650609624
1437748655049051,51.7608540546,-1.2617820548,110.924126,5735869.661275506,619960.1439132637,-110.924126,30U,-0.053,-0.072,-0.017,0.08766999705193072,-0.013377824934295325,-2.0161298128708474
1437748655155715,51.7608533302,-1.2617824882,110.92717,5735869.580004732,619960.1159251828,-110.92717,30U,-0.051,-0.073,-0.017,0.08766749532665151,-0.013375071371967688,-2.0156768887074876
1437748655262380,51.7608521007,-1.2617840752,110.929527,5735869.440666122,619960.0096679062,-110.929527,30U,-0.048,-0.072,-0.017,0.08765807365537681,-0.013380906587106415,-2.0151286160551747
1437748655369045,51.7608511789,-1.2617855511,110.930618,5735869.335728457,619959.9102618451,-110.930618,30U,-0.046,-0.073,-0.018,0.08765955796889384,-0.013377242030977074,-2.014754694552019
1437748655475710,51.7608505022,-1.261786938,110.930984,5735869.258193867,619959.816347848,-110.930984,30U,-0.046,-0.074,-0.018,0.08766195511229895,-0.013377852852582042,-2.0145176487501217
1437748655582375,51.7608500322,-1.261788246,110.93132,5735869.203775414,619959.7273307178,-110.93132,30U,-0.047,-0.076,-0.019,0.08766464030833446,-0.013388610498349985,-2.0144052565276103
1437748655686183,51.7608503838,-1.2617882423,110.931671,5735869.242881661,619959.7266540782,-110.931671,30U,-0.05,-0.08,-0.018,0.08765322772252872,-0.013380170791200357,-2.0146668476278164
1437748655777610,51.7608515522,-1.2617866912,110.931969,5735869.375366505,619959.830595922,-110.931969,30U,-0.056,-0.085,-0.018,0.08765526649398785,-0.013365659991154254,-2.0152287171804013
1437748655869037,51.7608527296,-1.2617850089,110.932358,5735869.509068015,619959.9435678002,-110.932358,30U,-0.062,-0.091,-0.018,0.08764760000085811,-0.013370799999764012,-2.015705107173381
1437748655975702,51.7608537828,-1.2617833256,110.93425,5735869.628959338,619960.0569378934,-110.93425,30U,-0.066,-0.095,-0.019,0.08763695965866919,-0.013384342053063467,-2.0160297172957677
1437748656080462,51.7608546633,-1.2617816985,110.936302,5735869.729552885,619960.166887481,-110.936302,30U,-0.068,-0.098,-0.018,0.08762832395802587,-0.013370166220098064,-2.0161882462673115
1437748656171889,51.760854004,-1.261782146,110.938759,5735869.655498453,619960.1377538253,-110.938759,30U,-0.065,-0.099,-0.019,0.08762827950798048,-0.013370568851848537,-2.0157123409871716
1437748656263316,51.7608528043,-1.2617836761,110.941109,5735869.519567384,619960.0353441363,-110.941109,30U,-0.061,-0.098,-0.018,0.08762215421213876,-0.013375683404831154,-2.015129069526621
1437748656354743,51.7608518856,-1.2617851111,110.943398,5735869.415041732,619959.9387523029,-110.943398,30U,-0.058,-0.098,-0.018,0.0876439315753338,-0.013362196222938051,-2.0147402638556042
1437748656446170,51.7608511932,-1.2617864693,110.945496,5735869.33580841,619959.8468604631,-110.945496,30U,-0.058,-0.099,-0.019,0.08764506927344272,-0.013354834637083307,-2.0144936280977856
1437748656549026,51.7608506953,-1.2617877629,110.947678,5735869.278310984,619959.7589110084,-110.947678,30U,-0.058,-0.101,-0.02,0.08764020000030652,-0.013380390662543538,-2.0143768486411338
1437748656655691,51.7608509868,-1.261787917,110.949837,5735869.31047417,619959.7475041533,-110.949837,30U,-0.061,-0.104,-0.018,0.08762756408181213,-0.013358868976121268,-2.0146637450258185
1437748656762356,51.7608520932,-1.2617866843,110.95195,5735869.435540501,619959.8296380738,-110.95195,30U,-0.07,-0.108,-0.018,0.08763279999975494,-0.013321037617190109,-2.0152343084648328
1437748656869021,51.7608532165,-1.2617853206,110.953712,5735869.5627016965,619959.9207672892,-110.953712,30U,-0.092,-0.105,-0.011,0.08770880000074989,-0.013039500000683523,-2.015563507179997
1437748656975686,51.7608541895,-1.2617839979,110.954979,5735869.673081137,619960.0094655509,-110.954979,30U,-0.123,-0.103,-0.01,0.08780573125200777,-0.012702024600849142,-2.0159386818470084
1437748657082351,51.7608549964,-1.2617827022,110.956787,5735869.764944791,619960.0967408586,-110.956787,30U,-0.148,-0.093,-0.017,0.08773759385980931,-0.012491083540221102,-2.01618650343388
1437748657189016,51.7608543368,-1.2617831554,110.959656,5735869.690847621,619960.0672146485,-110.959656,30U,-0.165,-0.082,-0.023,0.08764768527240938,-0.012508427182430788,-2.015495202550349
1437748657291872,51.7608531001,-1.26178455,110.962799,5735869.5510247955,619959.974253667,-110.962799,30U,-0.178,-0.075,-0.024,0.08746499658418566,-0.012684836657716697,-2.014791250525562
1437748657383299,51.7608521002,-1.2617858514,110.965714,5735869.43768894,619959.8870965826,-110.965714,30U,-0.189,-0.066,-0.022,0.08727310336982613,-0.01273077614789152,-2.0143335059547947
1437748657474725,51.7608512941,-1.2617870702,110.968582,5735869.346040745,619959.8051258875,-110.968582,30U,-0.2,-0.058,-0.025,0.0871457152923442,-0.012809080184211953,-2.0138206418442137
1437748657566153,51.7608506553,-1.2617882214,110.971489,5735869.273108567,619959.7273767003,-110.971489,30U,-0.214,-0.053,-0.023,0.08703454896815543,-0.012916635366327818,-2.0134875367680247
1437748657657580,51.7608507352,-1.2617884278,110.974358,5735869.281654461,619959.7129215872,-110.974358,30U,-0.233,-0.048,-0.023,0.08700840180142289,-0.012922825337090308,-2.0136458686046295
1437748657762340,51.7608515846,-1.2617874644,110.977119,5735869.377697797,619959.7771527758,-110.977119,30U,-0.258,-0.044,-0.021,0.08702248166745935,-0.012834674955981578,-2.0139919827192907
1437748657869005,51.7608524468,-1.2617863925,110.979767,5735869.475343042,619959.8488374411,-110.979767,30U,-0.297,-0.039,-0.019,0.08722290000014611,-0.012638400000032468,-2.014245407179581
1437748657960432,51.7608531389,-1.2617853855,110.982063,5735869.553965332,619959.9164943373,-110.982063,30U,-0.345,-0.019,-0.015,0.08731708047462187,-0.012238412545550465,-2.0142079968673694
1437748658051859,51.7608536712,-1.261784376,110.984154,5735869.614820958,619959.9847473287,-110.984154,30U,-0.417,0.007,-0.011,0.0871079726834055,-0.01150471394929694,-2.0136823194569917
1437748658155668,51.760852837,-1.2617847263,110.986076,5735869.521476412,619959.9627848814,-110.986076,30U,-0.501,0.048,-0.008,0.08726121370176002,-0.010567042468839412,-2.0123918572863335
1437748658262333,51.7608513721,-1.2617857768,110.987511,5735869.356842286,619959.8941745502,-110.987511,30U,-0.59,0.099,-0.004,0.0872879402322831,-0.009622192246710237,-2.0109438079587028
1437748658368997,51.7608500392,-1.2617866767,110.989189,5735869.207135115,619959.835606987,-110.989189,30U,-0.672,0.14,-0.009,0.0873678079038444,-0.008913299545621738,-2.0094588645698
1437748658475662,51.7608488121,-1.2617874553,110.991081,5735869.0693931,619959.7851296954,-110.991081,30U,-0.738,0.164,-0.015,0.08728185362340957,-0.008418143093591582,-2.008183364827566
1437748658582327,51.7608476963,-1.2617881424,110.994217,5735868.944178857,619959.7406716491,-110.994217,30U,-0.768,0.186,-0.034,0.08737931626459286,-0.008752989402744589,-2.007138893410848
1437748658688992,51.7608466581,-1.261792082,110.99926,5735868.822244378,619959.4715581912,-110.99926,30U,-0.787,0.193,-0.047,0.08659390000038572,-0.009392642693291613,-2.006920793018355
1437748658795657,51.7608455909,-1.261799582,111.004654,5735868.691228654,619958.9568241887,-111.004654,30U,-0.797,0.198,-0.039,0.08661176459370655,-0.01002068174443645,-2.0083321466239297
1437748658893989,51.760844515,-1.2618062471,111.00872,5735868.5606187545,619958.4997283111,-111.00872,30U,-0.812,0.199,-0.021,0.0856308999998813,-0.010102999999639229,-2.0112121071795293
1437748658973988,51.7608434559,-1.2618113851,111.010666,5735868.434388971,619958.1479705686,-111.010666,30U,-0.826,0.21,-0.005,0.08547028030366269,-0.00948966472610523,-2.0158941174127394
1437748659053986,51.7608424078,-1.261815618,111.011925,5735868.310871209,619957.8586431312,-111.011925,30U,-0.836,0.22,-0.006,0.08541071658659656,-0.008633549476136424,-2.023572398025006
1437748659155652,51.7608414192,-1.2618171323,111.014587,5735868.198441841,619957.7567641431,-111.014587,30U,-0.837,0.216,-0.026,0.08561711547322486,-0.008218995385034887,-2.0279118104060387
1437748659262316,51.7608405179,-1.2618171576,111.019196,5735868.098169924,619957.757407226,-111.019196,30U,-0.814,0.208,-0.036,0.0855719678825649,-0.00861274256662003,-2.0277057598190615
1437748659368981,51.7608396924,-1.2618171109,111.023987,5735868.006445879,619957.7628179956,-111.023987,30U,-0.773,0.187,-0.032,0.08528248005918668,-0.009141274302418921,-2.0274378966338418
1437748659474693,51.7608389532,-1.261817012,111.028076,5735867.924404802,619957.7716022555,-111.028076,30U,-0.72,0.16,-0.028,0.08515682121727572,-0.009441840179109158,-2.0272265451328604
1437748659566121,51.7608383093,-1.2618168665,111.031654,5735867.853038339,619957.7833497033,-111.031654,30U,-0.667,0.134,-0.02,0.08516290670913852,-0.009572744869886381,-2.02699527956474
1437748659657548,51.7608377554,-1.2618166816,111.034569,5735867.791745257,619957.7975775262,-111.034569,30U,-0.616,0.106,-0.018,0.08526253585021158,-0.009413904170321032,-2.0266479655536713
1437748659762308,51.7608372333,-1.2618165857,111.03804,5735867.733842149,619957.8055793141,-111.03804,30U,-0.564,0.071,-0.027,0.0851204633735095,-0.00929165311519051,-2.026412816104366
1437748659868973,51.7608367532,-1.2618165672,111.042061,5735867.6804824,619957.8081285276,-111.042061,30U,-0.51,0.055,-0.026,0.08548010000076396,-0.009814700000226035,-2.026365907169313
1437748659975638,51.7608363017,-1.2618166295,111.045357,5735867.63017025,619957.8050260564,-111.045357,30U,-0.466,0.034,-0.018,0.08501430894378206,-0.009627584422235652,-2.026011546600829
1437748660080399,51.7608358822,-1.2618167736,111.04892,5735867.583282159,619957.7961938792,-111.04892,30U,-0.425,0.009,-0.029,0.08535417766300517,-0.009273736528511283,-2.0255367266536846
1437748660171826,51.7608355162,-1.2618169733,111.052948,5735867.542252158,619957.7833830278,-111.052948,30U,-0.384,-0.02,-0.023,0.08490231164390181,-0.009489741305916819,-2.025513196159616
1437748660263253,51.7608352698,-1.2618171146,111.056305,5735867.514618495,619957.7742852531,-111.056305,30U,-0.336,-0.031,-0.02,0.08525783902258682,-0.009169174018830582,-2.0255440598290693
1437748660368965,51.7608351452,-1.2618171931,111.060066,5735867.500633063,619957.7691983612,-111.060066,30U,-0.298,-0.047,-0.025,0.08542445455310456,-0.008909325598466555,-2.0250969798658036
1437748660474677,51.7608351266,-1.2618172475,111.063835,5735867.498475145,619957.7654936068,-111.063835,30U,-0.271,-0.076,-0.021,0.08546606517120349,-0.008891184133094528,-2.0248806339829946
1437748660566104,51.7608352002,-1.261817295,111.067444,5735867.506581806,619957.7620206238,-111.067444,30U,-0.243,-0.094,-0.021,0.08511481419127041,-0.00854887545753978,-2.0249246509947434
1437748660657532,51.7608353463,-1.2618173391,111.071327,5735867.52275652,619957.7585900995,-111.071327,30U,-0.214,-0.102,-0.022,0.08491510613603072,-0.00828685093099377,-2.024614589867188
1437748660762292,51.7608354697,-1.2618175006,111.075104,5735867.536213748,619957.7471181595,-111.075104,30U,-0.201,-0.113,-0.017,0.08492380287607397,-0.00799393911894367,-2.02436573584825
1437748660868957,51.7608355572,-1.2618177868,111.078911,5735867.54547356,619957.7271360314,-111.078911,30U,-0.197,-0.121,-0.023,0.08511900000045283,-0.007644000000034885,-2.024467607173671
1437748660975622,51.7608355102,-1.261818212,111.082977,5735867.539547483,619957.697918245,-111.082977,30U,-0.196,-0.123,-0.025,0.0852081833983126,-0.007602122004475854,-2.0244418200212393
1437748661080383,51.7608353399,-1.2618187488,111.087029,5735867.519726101,619957.6613259418,-111.087029,30U,-0.198,-0.127,-0.024,0.08511342809266638,-0.007530904411580233,-2.0242330236822825
1437748661171810,51.760835064,-1.2618193645,111.091087,5735867.488031549,619957.619568781,-111.091087,30U,-0.2,-0.13,-0.025,0.08495098374023594,-0.00746052160966584,-2.024292695773823
1437748661263237,51.7608347545,-1.2618199383,111.095184,5735867.452669383,619957.580792132,-111.095184,30U,-0.198,-0.127,-0.024,0.0847825497598972,-0.007409073921458249,-2.0243108397803944
1437748661368949,51.760834423,-1.2618204657,111.099373,5735867.414936995,619957.545275784,-111.099373,30U,-0.198,-0.13,-0.026,0.08481761658710636,-0.0073460824545356984,-2.0241567819758752
1437748661474661,51.7608340776,-1.2618209537,111.103523,5735867.375723644,619957.5125152096,-111.103523,30U,-0.202,-0.138,-0.026,0.08474852971485085,-0.007325197298418278,-2.0241611930686667
1437748661566089,51.7608337332,-1.2618214016,111.10759,5735867.336687459,619957.4825192203,-111.10759,30U,-0.204,-0.139,-0.025,0.08468015100644868,-0.007235394919539304,-2.0242405802423584
1437748661657516,51.7608333999,-1.2618218062,111.111877,5735867.298956882,619957.4554818725,-111.111877,30U,-0.206,-0.139,-0.028,0.08454699032227896,-0.007108732808269084,-2.024080911535907
1437748661762276,51.7608330366,-1.2618222503,111.116264,5735867.257825146,619957.4257982109,-111.116264,30U,-0.209,-0.144,-0.026,0.08438379712411564,-0.007092869032477493,-2.0239568609677776
1437748661868941,51.7608326493,-1.2618227392,111.120605,5735867.213950769,619957.3930865878,-111.120605,30U,-0.213,-0.144,-0.028,0.08426500000052566,-0.006995699999307627,-2.024029607163665
1437748661975606,51.7608322567,-1.2618232474,111.124718,5735867.169455255,619957.3590571489,-111.124718,30U,-0.223,-0.136,-0.025,0.08410714235940682,-0.006814309036686603,-2.0239251835036534
1437748662080367,51.7608318599,-1.2618237777,111.128891,5735867.124456325,619957.3235137579,-111.128891,30U,-0.243,-0.132,-0.028,0.08386455387002557,-0.0067224510212319346,-2.0237207213757347
1437748662171794,51.7608314684,-1.2618243176,111.133293,5735867.0800309945,619957.2872938378,-111.133293,30U,-0.267,-0.123,-0.027,0.0834121106478493,-0.006658129208502978,-2.0237033547213588
1437748662263221,51.7608311151,-1.2618247931,111.137741,5735867.039959676,619957.2554168036,-111.137741,30U,-0.291,-0.11,-0.027,0.08315346129486133,-0.006521362129555903,-2.0236656649993874
1437748662368934,51.7608307714,-1.2618252146,111.142509,5735867.001044759,619957.2272407764,-111.142509,30U,-0.317,-0.1,-0.029,0.08295965306510394,-0.006445909870476107,-2.023440094615149
1437748662475599,51.7608304029,-1.2618255958,111.147209,5735866.9594382085,619957.2019115222,-111.147209,30U,-0.344,-0.094,-0.029,0.08275986621522985,-0.0063450909349613,-2.023234252647377
1437748662582263,51.7608299905,-1.2618259437,111.15184,5735866.913004472,619957.1789966082,-111.15184,30U,-0.371,-0.086,-0.027,0.08247452506551625,-0.006092626302785431,-2.0231555785803113
1437748662683928,51.7608295262,-1.2618262557,111.156525,5735866.860858173,619957.1586966605,-111.156525,30U,-0.397,-0.073,-0.029,0.08224208518053379,-0.005863190502946135,-2.022906134919339
1437748662763927,51.760828965,-1.2618265942,111.16095,5735866.797892391,619957.1368248337,-111.16095,30U,-0.442,-0.059,-0.026,0.08223044690620249,-0.005476009410577284,-2.022584177749775
1437748662843926,51.7608283069,-1.2618269556,111.165199,5735866.724113043,619957.1136295561,-111.165199,30U,-0.497,-0.036,-0.026,0.08221029999992406,-0.004853000000401627,-2.0224594071635162
1437748662942257,51.7608275588,-1.2618273115,111.169083,5735866.640334169,619957.0910523768,-111.169083,30U,-0.558,-0.002,-0.028,0.08221315430265612,-0.0041852929210125615,-2.021971110604192
1437748663048923,51.7608267328,-1.2618276473,111.17337,5735866.547925379,619957.070068747,-111.17337,30U,-0.632,0.028,-0.033,0.08196799669036126,-0.003667970331951142,-2.0213587809998455
1437748663155588,51.7608258299,-1.2618279435,111.177879,5735866.447029954,619957.0520216803,-111.177879,30U,-0.715,0.072,-0.032,0.08205725228725619,-0.003208225036156964,-2.0206853418682393
1437748663262253,51.7608248822,-1.2618281193,111.182014,5735866.341350519,619957.0424019707,-111.182014,30U,-0.811,0.123,-0.028,0.08249467248841215,-0.0024520632809947427,-2.0195331027232086
1437748663368918,51.7608238757,-1.2618281803,111.186607,5735866.229320973,619957.0408602799,-111.186607,30U,-0.919,0.169,-0.033,0.08318668690617474,-0.0017848324600706453,-2.01838914347251
1437748663475583,51.7608227886,-1.2618281181,111.191193,5735866.108530834,619957.048034062,-111.191193,30U,-1.041,0.226,-0.03,0.08373935151025381,-0.0011659398278148357,-2.0168704141744795
1437748663582247,51.7608216165,-1.2618279321,111.195221,5735865.978491782,619957.0639763859,-111.195221,30U,-1.168,0.283,-0.022,0.0836449776690049,-0.0003718274536283363,-2.0145777017423185
1437748663686055,51.7608203498,-1.2618276416,111.19928,5735865.838104486,619957.0873808342,-111.19928,30U,-1.305,0.327,-0.028,0.08318797939578967,0.0005512869057447396,-2.0120995585491084
1437748663777482,51.7608189452,-1.261827316,111.20401,5735865.682439568,619957.1135729972,-111.20401,30U,-1.435,0.373,-0.037,0.08234094221761638,0.0012242058419675492,-2.0097169281152416
1437748663868909,51.7608174025,-1.2618269453,111.20945,5735865.51149123,619957.1432434866,-111.20945,30U,-1.565,0.439,-0.04,0.08141730000086435,0.0015559999996098126,-2.0068882071801686
1437748663975574,51.7608157185,-1.2618265091,111.214584,5735865.324937167,619957.177808559,-111.214584,30U,-1.688,0.501,-0.038,0.08030839162681049,0.0018487865319262056,-2.0034766855522035
1437748664080335,51.7608139056,-1.2618260215,111.219635,5735865.124133145,619957.2162623281,-111.219635,30U,-1.824,0.546,-0.044,0.0791424678280995,0.002577684402849915,-1.9992725871518138
1437748664171762,51.7608119634,-1.2618254903,111.225304,5735864.9090218535,619957.2580675879,-111.225304,30U,-1.96,0.591,-0.047,0.07861090567013905,0.002766439913149424,-1.995426409023638
1437748664263189,51.7608099323,-1.2618248392,111.231094,5735864.684221531,619957.3083826002,-111.231094,30U,-2.089,0.652,-0.046,0.07815481401343974,0.003258350272682357,-1.991325201116233
1437748664354616,51.7608078089,-1.2618240687,111.236824,5735864.44935325,619957.3671818726,-111.236824,30U,-2.231,0.705,-0.039,0.07756143772658362,0.0041836663875961045,-1.9867832883399075
1437748664446043,51.7608055681,-1.2618231965,111.24247,5735864.20159662,619957.4333104871,-111.24247,30U,-2.378,0.749,-0.048,0.07582273154007901,0.0048558818706092265,-1.9820772335433505
1437748664548899,51.760803221,-1.2618222175,111.250214,5735863.942194418,619957.5070909676,-111.250214,30U,-2.518,0.801,-0.078,0.07446360307962724,0.004083465295145845,-1.9765847219539388
1437748664655563,51.7608007603,-1.2618211549,111.259598,5735863.670296681,619957.5869416688,-111.259598,30U,-2.673,0.831,-0.068,0.07347804846147064,0.0031157740154183333,-1.9713238562049844
1437748664762228,51.7607981561,-1.2618200582,111.268387,5735863.382496919,619957.6695259269,-111.268387,30U,-2.811,0.882,-0.071,0.07286318221653273,0.0032574415827152695,-1.9662081742386877
1437748664868893,51.7607954124,-1.2618189053,111.276237,5735863.079276308,619957.7563582277,-111.276237,30U,-2.951,0.937,-0.058,0.07219350000038906,0.0035415999995892827,-1.9600161071786872
1437748664975558,51.7607925154,-1.2618177133,111.283447,5735862.759072076,619957.8462951073,-111.283447,30U,-3.099,0.962,-0.064,0.07097697277809889,0.004178720286811572,-1.953268414446595
1437748665082223,51.760789476,-1.2618165119,111.292053,5735862.423047517,619957.9372581224,-111.292053,30U,-3.246,0.981,-0.087,0.06937682118091071,0.004517339453264664,-1.9469787827832763
1437748665188888,51.7607863034,-1.2618152742,111.300934,5735862.072269981,619958.0310792174,-111.300934,30U,-3.385,1.027,-0.074,0.06915800984250947,0.00437875971200838,-1.9403225991648487
1437748665291744,51.7607830323,-1.2618139393,111.30983,5735861.710698495,619958.1318690322,-111.30983,30U,-3.521,1.064,-0.089,0.06948675073337561,0.004461585093569276,-1.9330844221904822
1437748665383171,51.760779654,-1.2618125441,111.318871,5735861.33730487,619958.2371042166,-111.318871,30U,-3.67,1.077,-0.061,0.07046523461781598,0.004463212805082979,-1.926490225179623
1437748665474598,51.7607761521,-1.2618110937,111.325592,5735860.950256934,619958.3464762983,-111.325592,30U,-3.814,1.104,-0.065,0.06977084575814585,0.0045965730659073434,-1.9204434177891958
1437748665566025,51.7607725395,-1.2618095833,111.334389,5735860.5509971455,619958.4602823285,-111.334389,30U,-3.957,1.118,-0.081,0.06506669468121604,0.0023821626210502257,-1.914306308773693
1437748665657452,51.7607688135,-1.2618080538,111.344276,5735860.139157973,619958.5757070174,-111.344276,30U,-4.098,1.114,-0.091,0.060287096261798914,0.0014811654387322354,-1.9098657094981057
1437748665762212,51.760764956,-1.2618065075,111.355858,5735859.7127228,619958.6926396226,-111.355858,30U,-4.231,1.162,-0.1,0.05645483329817407,0.0013240402302699883,-1.9077755433808499
1437748665868877,51.7607609757,-1.2618048878,111.367599,5735859.272752214,619958.8149629656,-111.367599,30U,-4.352,1.232,-0.098,0.05495509999966157,-0.0005983000003023406,-1.9052559071663353
1437748665960304,51.7607568629,-1.2618032073,111.376656,5735858.818146795,619958.9418332541,-111.376656,30U,-4.475,1.278,-0.072,0.059163374355104215,-0.0007329163169935013,-1.9018459205903542
1437748666051732,51.7607526333,-1.2618014755,111.384613,5735858.350636857,619959.0725532923,-111.384613,30U,-4.612,1.299,-0.061,0.06271732322237647,0.0009295866179434534,-1.8993987952489844
1437748666155540,51.760748272,-1.2617997489,111.388702,5735857.868472489,619959.2032635971,-111.388702,30U,-4.759,1.285,-0.015,0.06330063789902501,0.00368299547878248,-1.8981319620438715
1437748666262205,51.7607438112,-1.2617979842,111.39566,5735857.375305759,619959.3368668868,-111.39566,30U,-4.876,1.329,-0.104,0.06115226316975034,0.004401794792623675,-1.8973855060681704
1437748666368870,51.7607392529,-1.261796136,111.405724,5735856.871433755,619959.4764908493,-111.405724,30U,-5.012,1.356,-0.065,0.054602289356856994,0.0026083003751764537,-1.8967850855783477
1437748666475535,51.7607345866,-1.2617942341,111.411911,5735856.355639795,619959.6201068646,-111.411911,30U,-5.13,1.388,-0.069,0.04996103806994011,0.004197154991932546,-1.8972637005170576
1437748666582200,51.7607298387,-1.2617922152,111.424232,5735855.830963847,619959.7720131993,-111.424232,30U,-5.226,1.496,-0.131,0.0545267842282635,0.0027559732120224574,-1.898127550724187
1437748666688865,51.7607250096,-1.2617900614,111.439003,5735855.297479834,619959.9334440478,-111.439003,30U,-5.345,1.537,-0.134,0.05488922676201519,-0.0006519057532234387,-1.8993369347240012
1437748666795529,51.7607200616,-1.2617878915,111.451813,5735854.750799872,619960.0963011291,-111.451813,30U,-5.474,1.55,-0.08,0.056458570446037665,-0.0023448082012624415,-1.9012608476184025
1437748666893861,51.7607149945,-1.2617856948,111.458435,5735854.19091932,619960.2613233635,-111.458435,30U,-5.594,1.586,-0.045,0.055577699999227945,-0.00011149999972583183,-1.904208107179841
1437748666973860,51.7607098217,-1.2617834188,111.468422,5735853.619414695,619960.4320981845,-111.468422,30U,-5.688,1.673,-0.109,0.055293084487604144,0.00011340319400866905,-1.9064647120833569
1437748667053858,51.7607045537,-1.2617810278,111.47583,5735853.037512388,619960.6110613721,-111.47583,30U,-5.799,1.736,-0.047,0.05511530745609218,0.0010670433375645164,-1.9076120281432598
1437748667155524,51.7606991753,-1.2617786078,111.480988,5735852.443380605,619960.7923184783,-111.480988,30U,-5.928,1.733,-0.056,0.05483236860199564,0.0011231188779848435,-1.9100448509477417
1437748667262189,51.7606937109,-1.2617761077,111.489044,5735851.839816833,619960.9793311703,-111.489044,30U,-6.028,1.815,-0.096,0.05452509717904589,-0.0012157453776171284,-1.9123115829322563
1437748667368854,51.7606881702,-1.2617734867,111.501778,5735851.227966889,619961.1748892895,-111.501778,30U,-6.135,1.877,-0.113,0.05598826998535805,-0.0059375034215622055,-1.9139077401322664
1437748667474566,51.7606825337,-1.261770791,111.51487,5735850.60558625,619961.3758563306,-111.51487,30U,-6.238,1.899,-0.116,0.056173158818183536,-0.010339617148672072,-1.916589606498443
1437748667565994,51.7606768145,-1.2617680314,111.522911,5735849.974113962,619961.5814522798,-111.522911,30U,-6.343,1.946,-0.026,0.05798688964064791,-0.0075656690420107375,-1.9195797563045187
1437748667657421,51.7606710111,-1.2617651823,111.526604,5735849.333425321,619961.7934477356,-111.526604,30U,-6.457,1.998,0.011,0.05314684964369349,-0.0003110846950939953,-1.9221686558231321
1437748667762181,51.7606651091,-1.2617622619,111.527756,5735848.681889018,619962.0106249151,-111.527756,30U,-6.559,2.066,0.007,0.052470509235563574,0.006191844284429297,-1.9241327195282834
1437748667868845,51.7606591193,-1.2617592375,111.527473,5735848.020759874,619962.2352117763,-111.527473,30U,-6.642,2.129,-0.049,0.053642999999646127,0.010394699999919073,-1.925748207174784
1437748667975510,51.7606530443,-1.2617561339,111.542213,5735847.350286231,619962.4654900167,-111.542213,30U,-6.743,2.168,-0.205,0.05507134771208652,0.006518340407860669,-1.9275714525322565
1437748668080270,51.7606468751,-1.261752995,111.566475,5735846.669395023,619962.6984540157,-111.566475,30U,-6.857,2.19,-0.236,0.053986119110112404,-0.0007218324848963221,-1.9306186879915477
1437748668171698,51.760640616,-1.2617497809,111.586555,5735845.97863007,619962.9368458242,-111.586555,30U,-6.954,2.259,-0.156,0.05338018846050717,-0.005447285897013354,-1.9329318314748258
1437748668263125,51.7606342804,-1.2617464582,111.597473,5735845.2795364745,619963.1829348147,-111.597473,30U,-7.058,2.309,-0.064,0.05294043038907283,-0.006518492949637292,-1.9346017343858797
1437748668368838,51.7606278614,-1.2617430668,111.602089,5735844.571281283,619963.4339858352,-111.602089,30U,-7.16,2.349,-0.021,0.05327394584103796,-0.004575078650254638,-1.9367578455174468
1437748668474550,51.7606213578,-1.261739586,111.604797,5735843.853765099,619963.6914305515,-111.604797,30U,-7.258,2.404,-0.024,0.05324572843106921,-0.0014691149089049494,-1.9390222154955248
1437748668565978,51.7606147761,-1.2617360215,111.610886,5735843.12770139,619963.9548583862,-111.610886,30U,-7.354,2.455,-0.058,0.05422384212593924,-0.00040570414431123056,-1.9414968554464072
1437748668657405,51.760608115,-1.2617323644,111.619461,5735842.392960224,619964.2248869677,-111.619461,30U,-7.438,2.534,-0.09,0.05997834676139354,-0.0019059314809577901,-1.9443012443274992
1437748668762165,51.7606013743,-1.261728614,111.629906,5735841.649520519,619964.5015651351,-111.629906,30U,-7.53,2.575,-0.116,0.0595126569230363,-0.004031471797102595,-1.9467740665528719
1437748668868829,51.7605945528,-1.2617248168,111.639778,5735840.897172333,619964.7816871684,-111.639778,30U,-7.62,2.613,-0.091,0.05769930000071226,-0.002911099999292549,-1.949058707168855
1437748668975494,51.7605876474,-1.2617209353,111.645996,5735840.135632616,619965.0678491144,-111.645996,30U,-7.697,2.693,-0.059,0.05741442935162241,-0.00011880708069336464,-1.9507278396392174
1437748669080255,51.7605806767,-1.2617169585,111.651321,5735839.366987897,619965.3607607712,-111.651321,30U,-7.779,2.732,-0.076,0.05932309072998852,3.779079224335553e-05,-1.9522546664621252
1437748669171682,51.7605736436,-1.2617129258,111.66114,5735838.591495871,619965.6576955093,-111.66114,30U,-7.848,2.784,-0.143,0.06230248751192814,-0.0018270473076659683,-1.9542606833271852
1437748669263109,51.7605665515,-1.2617088256,111.67701,5735837.809553718,619965.9594448209,-111.67701,30U,-7.931,2.814,-0.136,0.05861602541306146,-0.004809995710715029,-1.9556984898410348
1437748669368822,51.7605593872,-1.2617046843,111.688622,5735837.019650088,619966.2642218663,-111.688622,30U,-8.009,2.853,-0.084,0.05699278002761795,-0.005363767136283214,-1.95632732842751
1437748669474534,51.760552161,-1.2617004631,111.696701,5735836.222994235,619966.5746768874,-111.696701,30U,-8.069,2.907,-0.062,0.05955266949498283,-0.004832301093604674,-1.9567133852573144
1437748669565962,51.7605448771,-1.2616961876,111.704254,5735835.420011113,619966.8890321297,-111.704254,30U,-8.149,2.919,-0.082,0.05823162699336685,-0.002119789382955654,-1.9576297964213865
1437748669657389,51.7605375231,-1.2616918953,111.71328,5735834.609260077,619967.2047326334,-111.71328,30U,-8.222,2.952,-0.087,0.0576936625924643,-0.0010595394829411259,-1.9589551021706986
1437748669762149,51.7605301154,-1.2616875309,111.721794,5735833.792655879,619967.5255511177,-111.721794,30U,-8.278,3.001,-0.102,0.05473738158469261,-0.0019337103874239564,-1.9594355460573853
1437748669868813,51.7605226616,-1.2616831185,111.734871,5735832.971004047,619967.8498043255,-111.734871,30U,-8.348,3.014,-0.17,0.05251290000013019,-0.0032344999993880043,-1.9597610071674088
1437748669975478,51.7605151441,-1.2616786682,111.746933,5735832.142330731,619968.1768419245,-111.746933,30U,-8.402,3.064,-0.119,0.05477810051756737,-0.0030884165745505973,-1.9607481453385036
1437748670080238,51.7605075789,-1.2616741534,111.754158,5735831.308458994,619968.5084571398,-111.754158,30U,-8.455,3.084,-0.088,0.05307343015912151,-0.0017981800295862216,-1.9616000075073192
1437748670171666,51.760499965,-1.2616696215,111.764046,5735830.469199657,619968.8413816047,-111.764046,30U,-8.509,3.104,-0.109,0.04836855508122072,0.0003332665592871478,-1.9624127675639196
1437748670263093,51.7604923114,-1.2616650392,111.777252,5735829.625608355,619969.1778894593,-111.777252,30U,-8.551,3.154,-0.116,0.04903107879104009,0.002400113351605609,-1.962567063797868
1437748670368806,51.7604846206,-1.2616604004,111.791023,5735828.777973141,619969.5183950332,-111.791023,30U,-8.597,3.173,-0.158,0.04900752437374323,0.0017918345639500138,-1.9627909984071712
1437748670475471,51.7604768814,-1.2616557507,111.811562,5735827.924973488,619969.8597812124,-111.811562,30U,-8.651,3.177,-0.229,0.04706141781148692,-0.005429074035531275,-1.9636608503303592
1437748670582136,51.7604691007,-1.2616510688,111.833488,5735827.067411764,619970.2034995975,-111.833488,30U,-8.689,3.221,-0.156,0.04746046299237637,-0.01505349501708176,-1.9646381062726963
1437748670683801,51.7604612844,-1.2616463377,111.843185,5735826.205972048,619970.5507077011,-111.843185,30U,-8.731,3.241,-0.026,0.04974441965222286,-0.016119063685818693,-1.9653367902131227
1437748670763799,51.7604534253,-1.2616415722,111.838364,5735825.339829311,619970.9004032824,-111.838364,30U,-8.778,3.266,0.099,0.05101404195631229,-0.008047402941689994,-1.9658542168761672
1437748670843798,51.7604455334,-1.2616367614,111.831589,5735824.470113549,619971.2533120292,-111.831589,30U,-8.804,3.299,0.003,0.05399960000009355,-0.00038629999954789513,-1.9657327071758166
1437748670942129,51.7604376165,-1.2616318945,111.837524,5735823.597709934,619971.6101585666,-111.837524,30U,-8.83,3.324,-0.16,0.05660528330816184,0.00011462365563069888,-1.9653815008012632
1437748671048794,51.7604296602,-1.2616270256,111.853981,5735822.720928105,619971.9672476813,-111.853981,30U,-8.881,3.319,-0.18,0.05585436313802651,-0.002032519482057311,-1.9657155765946752
1437748671155460,51.7604216646,-1.2616221438,111.871101,5735821.839797108,619972.325331308,-111.871101,30U,-8.917,3.344,-0.154,0.05234710472374633,-0.004639629120314226,-1.9658567958444833
1437748671262125,51.7604136383,-1.2616172396,111.886108,5735820.955288952,619972.6850422362,-111.886108,30U,-8.954,3.35,-0.171,0.04825049925306927,-0.007954853405841735,-1.9656091979564616
1437748671368790,51.7604055782,-1.2616123325,111.901573,5735820.067026815,619973.0450430092,-111.901573,30U,-8.994,3.367,-0.12,0.04611825084946555,-0.01336712986730771,-1.965834723904617
1437748671475455,51.7603974842,-1.2616073963,111.909286,5735819.175042678,619973.4071419294,-111.909286,30U,-9.026,3.385,-0.049,0.044391191194444964,-0.01527200210096115,-1.965936486845091
1437748671582120,51.7603893575,-1.2616024425,111.909233,5735818.279451071,619973.7705422132,-111.909233,30U,-9.062,3.402,0.03,0.04299158132472166,-0.011900698939689112,-1.9661674555850654
1437748671685928,51.7603812004,-1.2615974611,111.9058,5735817.380524217,619974.1359278564,-111.9058,30U,-9.092,3.423,0.024,0.04176376455012071,-0.005640927142394556,-1.9661085189054583
1437748671777355,51.7603730154,-1.2615924596,111.905701,5735816.478527798,619974.5027746649,-111.905701,30U,-9.122,3.43,-0.077,0.036240799715900295,0.00031116575342044573,-1.9659203275571318
1437748671868782,51.7603648024,-1.2615874444,111.917023,5735815.573440164,619974.8706412467,-111.917023,30U,-9.15,3.45,-0.169,0.034556999999413814,-0.0009106999999552485,-1.9656235071779602
1437748671975447,51.7603565682,-1.2615823937,111.935387,5735814.666053384,619975.2410139741,-111.935387,30U,-9.176,3.467,-0.231,0.03226025729832266,-0.007568114094703807,-1.965373277769759
1437748672080207,51.7603482987,-1.261577349,111.953156,5735813.754731172,619975.6110663507,-111.953156,30U,-9.22,3.46,-0.147,0.027493686016442427,-0.013453853522038083,-1.9654044403093938
1437748672171634,51.7603399975,-1.2615722882,111.960243,5735812.839910229,619975.9823139347,-111.960243,30U,-9.245,3.488,-0.015,0.02670504258957915,-0.012720288089170495,-1.965075369491958
1437748672263061,51.7603316752,-1.2615671901,111.960022,5735811.9228042215,619976.3561916207,-111.960022,30U,-9.27,3.503,-0.001,0.028162108199113935,-0.009658475598078645,-1.964436020515274
1437748672354488,51.7603233285,-1.2615620902,111.962349,5735811.002987767,619976.7302583336,-111.962349,30U,-9.289,3.518,-0.049,0.029756500579780326,-0.00947127441692444,-1.964207954240392
1437748672445915,51.7603149556,-1.2615569849,111.96875,5735810.080266614,619977.104767279,-111.96875,30U,-9.328,3.517,-0.068,0.027464284863088443,-0.009254108632537842,-1.9636599986969505
1437748672548771,51.760306555,-1.261551867,111.976456,5735809.154485802,619977.4802193005,-111.976456,30U,-9.349,3.551,-0.04,0.030338009090235145,-0.008298089814651037,-1.9630834233317012
1437748672655436,51.760298133,-1.2615467312,111.983673,5735808.2263546465,619977.8569634468,-111.983673,30U,-9.385,3.531,-0.117,0.029319949524666593,-0.007588415422478472,-1.9626116946768213
1437748672762101,51.7602896802,-1.2615416086,111.99353,5735807.294776649,619978.2328784512,-111.99353,30U,-9.402,3.552,-0.101,0.028793031483642182,-0.008629090475802174,-1.962496573178239
1437748672868766,51.7602812098,-1.261536454,112.000526,5735806.36129409,619978.6110485392,-112.000526,30U,-9.419,3.569,-0.072,0.031046900000615826,-0.007085900000842121,-1.9616420071802525
1437748672975431,51.760272717,-1.2615312803,112.004814,5735805.425351956,619978.9905962158,-112.004814,30U,-9.447,3.573,-0.064,0.030896318043736617,-0.004246748203232713,-1.9607541743864185
1437748673082095,51.7602642,-1.2615261133,112.011024,5735804.486707634,619979.369745817,-112.011024,30U,-9.467,3.568,-0.105,0.028259560116994296,-0.0027905551082256074,-1.9600674694260467
1437748673188760,51.7602556649,-1.2615209377,112.024078,5735803.546064653,619979.749537013,-112.024078,30U,-9.488,3.583,-0.144,0.026891323973490908,-0.004559366616878872,-1.9589149706109301
1437748673291616,51.7602471116,-1.2615157677,112.039459,5735802.603388532,619980.1289901382,-112.039459,30U,-9.508,3.582,-0.155,0.027852880113719714,-0.007584337839417634,-1.957857118418062
1437748673383043,51.7602385381,-1.2615106117,112.053497,5735801.6584430365,619980.5075308161,-112.053497,30U,-9.535,3.575,-0.099,0.029431494358410252,-0.010449746300480876,-1.9573572559108514
1437748673474470,51.7602299465,-1.2615054616,112.062752,5735800.71147503,619980.8857124564,-112.062752,30U,-9.553,3.576,-0.08,0.02865436756864673,-0.011722975709696668,-1.9568397242313458
1437748673565898,51.7602213397,-1.2615003076,112.068924,5735799.762823131,619981.2642036604,-112.068924,30U,-9.56,3.592,-0.032,0.029022306472334853,-0.01360073951035208,-1.9560169224927073
1437748673657325,51.7602127286,-1.2614951404,112.072296,5735798.813714786,619981.6436173203,-112.072296,30U,-9.57,3.592,-0.047,0.031385729898122806,-0.012535745526177953,-1.954658617977761
1437748673762085,51.7602041009,-1.2614899764,112.071838,5735797.8627551785,619982.0228542901,-112.071838,30U,-9.585,3.59,0.002,0.032938467453245635,-0.009312368290201422,-1.9537281509267308
1437748673868750,51.7601954631,-1.2614848397,112.072845,5735796.910627504,619982.4002342143,-112.072845,30U,-9.589,3.571,-0.085,0.032122899999637106,-0.0061511000006471556,-1.9529565071795696
1437748673960177,51.7601868188,-1.2614797059,112.08197,5735795.957772244,619982.7774313751,-112.08197,30U,-9.588,3.574,-0.13,0.03030917718299802,-0.008395242761121188,-1.9521713039869033
1437748674051603,51.7601781752,-1.2614745773,112.095131,5735795.004986302,619983.1542679642,-112.095131,30U,-9.594,3.54,-0.162,0.022767056748083058,-0.014296229203286642,-1.9507126443140572
1437748674155412,51.7601695316,-1.2614694925,112.106041,5735794.052128329,619983.5280820738,-112.106041,30U,-9.582,3.539,-0.075,0.021826571051615725,-0.01756110627258784,-1.9495994097173373
1437748674262077,51.760160899,-1.2614644246,112.108116,5735793.100465847,619983.9007008935,-112.108116,30U,-9.576,3.504,0.021,0.02156554992707399,-0.015948981470639563,-1.9486135328782395
1437748674368742,51.7601522878,-1.2614594072,112.10778,5735792.151100131,619984.2697781334,-112.10778,30U,-9.534,3.497,-0.026,0.02403877579648806,-0.013965415655393953,-1.9481031706447816
1437748674475407,51.7601437183,-1.2614543991,112.111298,5735791.2063564425,619984.6381031617,-112.111298,30U,-9.506,3.47,-0.038,0.019651776177386837,-0.013302151655445705,-1.9471054237341747
1437748674582072,51.760135169,-1.2614494447,112.117928,5735790.263770805,619985.0026689575,-112.117928,30U,-9.476,3.451,-0.072,0.021959352430360436,-0.014463541868922182,-1.946112772678838
1437748674688737,51.760126655,-1.2614444951,112.124229,5735789.325102881,619985.3668100486,-112.124229,30U,-9.446,3.432,-0.079,0.021378842733439294,-0.016532697464805658,-1.944509806373457
1437748674795402,51.7601181548,-1.2614396045,112.131355,5735788.387872562,619985.7268431201,-112.131355,30U,-9.432,3.393,-0.045,0.021299365781756313,-0.020017129035448927,-1.9433313611446146
1437748674893734,51.7601096843,-1.2614347297,112.130455,5735787.453919105,619986.0857072265,-112.130455,30U,-9.397,3.371,0.015,0.02225419999930123,-0.017763199999183465,-1.9413540071760884
1437748674973732,51.7601012319,-1.261429903,112.127304,5735786.521899374,619986.4412041113,-112.127304,30U,-9.377,3.34,0.014,0.026117611969278143,-0.016216095396483013,-1.9397348788425814
1437748675053731,51.7600928065,-1.261425102,112.125336,5735785.592839956,619986.7948559929,-112.125336,30U,-9.34,3.301,-0.043,0.02778441355416964,-0.017262263596120014,-1.9377436520721358
1437748675155396,51.7600844004,-1.2614203545,112.131805,5735784.665838826,619987.1447648171,-112.131805,30U,-9.341,3.27,-0.051,0.02451673012982159,-0.02115222491777566,-1.9355138058934864
1437748675262061,51.7600760142,-1.2614156479,112.133423,5735783.740983439,619987.4917985104,-112.133423,30U,-9.302,3.255,0.017,0.024856545096394383,-0.023783879135266004,-1.932407623020813
1437748675368725,51.760067657,-1.2614109918,112.131294,5735782.819269976,619987.8352704548,-112.131294,30U,-9.29,3.191,0.015,0.02100527957255913,-0.022423391972643463,-1.9288831276266296
1437748675474438,51.7600593092,-1.2614064483,112.12558,5735781.8984166235,619988.1709471167,-112.12558,30U,-9.279,3.143,0.058,0.015652246390944594,-0.01669300452194069,-1.9263612893825577
1437748675565866,51.7600509826,-1.2614019587,112.120102,5735780.979832188,619988.5028480693,-112.120102,30U,-9.248,3.107,0.007,0.013435999259321115,-0.012583848950608554,-1.9237869084027803
1437748675657293,51.7600426897,-1.2613975111,112.124039,5735780.06492633,619988.8317613844,-112.124039,30U,-9.225,3.078,-0.075,0.010442938390660732,-0.01310951539508241,-1.921519091905575
1437748675762053,51.7600344141,-1.2613931167,112.132484,5735779.151856837,619989.1569576319,-112.132484,30U,-9.2,3.036,-0.103,0.008920050590869524,-0.01591263478999925,-1.9194997602552641
1437748675868718,51.7600261624,-1.2613887504,112.136215,5735778.241398966,619989.4801514535,-112.136215,30U,-9.162,3.019,-0.071,0.010539900000175644,-0.01611419999948144,-1.9175081071706956
1437748675975383,51.7600179403,-1.2613844076,112.140999,5735777.334194157,619989.8016451787,-112.140999,30U,-9.146,2.995,-0.071,0.014253595427801621,-0.020228334958517606,-1.916012559562683
1437748676080143,51.7600097297,-1.2613801226,112.143959,5735776.428173148,619990.1191197637,-112.143959,30U,-9.137,2.945,-0.043,0.008022652120389514,-0.027931110209166388,-1.9153256489152588
1437748676171570,51.7600015361,-1.2613758828,112.143684,5735775.523968303,619990.4334301458,-112.143684,30U,-9.105,2.942,0.043,0.005365251681929034,-0.03403996134924176,-1.9144960257492254
1437748676262997,51.759993373,-1.2613716232,112.131973,5735774.623187843,619990.7490261593,-112.131973,30U,-9.083,2.935,0.171,0.005529007890147785,-0.03190833056530045,-1.9132401488833988
1437748676368710,51.759985222,-1.2613674191,112.110764,5735773.723661689,619991.0607601586,-112.110764,30U,-9.08,2.882,0.225,-0.00120861893124586,-0.024018179054284206,-1.912650678990729
1437748676474422,51.7599771003,-1.2613632591,112.097694,5735772.827321345,619991.3693732505,-112.097694,30U,-9.037,2.887,0.072,-0.0008277123760777459,-0.019188631858110386,-1.9118775541746178
1437748676565850,51.7599690127,-1.2613590745,112.095459,5735771.934813629,619991.6795936734,-112.095459,30U,-9.009,2.887,-0.028,0.003636921378343768,-0.019051367796658805,-1.9107371818024244
1437748676657277,51.7599609421,-1.2613549349,112.098328,5735771.044122403,619991.9866636873,-112.098328,30U,-8.993,2.852,-0.026,0.004950880693319322,-0.022313873551682503,-1.9105983851394313
1437748676762037,51.7599528849,-1.2613508361,112.100471,5735770.154854232,619992.2908826773,-112.100471,30U,-8.974,2.833,-0.021,0.004521769927937619,-0.026919758212693958,-1.910299292114681
1437748676868702,51.7599448492,-1.2613467249,112.097603,5735769.267997417,619992.5959004828,-112.097603,30U,-8.939,2.84,0.058,0.004157399999167679,-0.02978780000035267,-1.9090570071749369
1437748676975367,51.759936837,-1.2613426218,112.088181,5735768.383740643,619992.9002971018,-112.088181,30U,-8.935,2.823,0.092,0.0077256064733167845,-0.030136348229728622,-1.9080142674215426
1437748677080127,51.7599288271,-1.2613385428,112.073105,5735767.49970001,619993.2030245857,-112.073105,30U,-8.93,2.802,0.155,0.007292898877562036,-0.02852296495288721,-1.9072866390106145
1437748677171554,51.7599208143,-1.2613344942,112.057594,5735766.615286881,619993.503661958,-112.057594,30U,-8.944,2.796,0.117,0.008014232573538078,-0.022786656636757992,-1.906731892076894
1437748677262981,51.7599127965,-1.2613304166,112.045212,5735765.73036545,619993.8063139678,-112.045212,30U,-8.941,2.826,0.126,0.010218341814623891,-0.017718169729555828,-1.905275905951756
1437748677368694,51.7599047687,-1.2613263622,112.038918,5735764.844293802,619994.1073915603,-112.038918,30U,-8.961,2.786,0.013,0.010548389581853973,-0.016233181524088213,-1.903752240199376
1437748677474406,51.7598967336,-1.2613223393,112.042465,5735763.957358538,619994.4063147948,-112.042465,30U,-8.967,2.783,-0.036,0.008513038793522823,-0.0179628125744411,-1.9024912714401763
1437748677565834,51.7598886867,-1.261318328,112.046112,5735763.069091972,619994.7044688977,-112.046112,30U,-8.985,2.777,-0.024,0.010136785983815568,-0.019443273811217403,-1.9012544637101443
1437748677657261,51.75988063,-1.261314327,112.044884,5735762.179718655,619995.0019382784,-112.044884,30U,-8.993,2.777,0.011,0.010611017355321663,-0.021208780861817926,-1.900459016796125
1437748677762021,51.7598725587,-1.2613103524,112.0429,5735761.288678304,619995.2976246051,-112.0429,30U,-9.017,2.748,0.01,0.006275508375235592,-0.023582023393040535,-1.9002872905872557
1437748677868686,51.759864473,-1.2613063696,112.036278,5735760.396050092,619995.593915086,-112.036278,30U,-9.007,2.788,0.065,0.004865300000610875,-0.024382699999413004,-1.9003858071804145
1437748677975351,51.7598563878,-1.2613023529,112.026665,5735759.503533276,619995.892543773,-112.026665,30U,-9.023,2.782,0.08,0.0014552896811703458,-0.024396722995641138,-1.9007793743190697
1437748678080112,51.759848287,-1.2612983496,112.017632,5735758.60925961,619996.1902891845,-112.017632,30U,-9.035,2.79,0.064,0.002107173177955163,-0.024392820490048227,-1.9019182812081032
1437748678171538,51.7598401811,-1.2612942956,112.009583,5735757.714502229,619996.4915470163,-112.009583,30U,-9.033,2.83,0.067,0.006141328429254674,-0.024432236429916612,-1.9026568580694294
1437748678262965,51.7598320693,-1.2612902223,112.002167,5735756.819120501,619996.794152481,-112.002167,30U,-9.049,2.819,0.084,0.003850655370691387,-0.024898323224213613,-1.9032128062434608
1437748678368678,51.7598239412,-1.2612861772,111.994606,5735755.921879729,619997.0948551809,-111.994606,30U,-9.057,2.823,0.069,0.0029984237401076575,-0.02426973953958503,-1.9039792733091543
1437748678475343,51.7598158128,-1.2612820844,111.98645,5735755.024684096,619997.3988505488,-111.98645,30U,-9.06,2.862,0.095,0.003240135929342082,-0.022604026554945235,-1.9039743787427064
1437748678582008,51.7598076763,-1.2612779868,111.978577,5735754.126595608,619997.7031987394,-111.978577,30U,-9.077,2.839,0.059,0.00010481082116404108,-0.021037556634075985,-1.9042590321698631
1437748678683673,51.7597995254,-1.2612739094,111.971893,5735753.226872529,619998.0061912079,-111.971893,30U,-9.086,2.86,0.065,-0.0005054393647509007,-0.01838439600179433,-1.904803781089683
1437748678763672,51.7597913692,-1.2612698015,111.967171,5735752.326610259,619998.3113026314,-111.967171,30U,-9.09,2.863,0.047,-0.0026862674826661076,-0.016777392029032657,-1.905038899995726
1437748678843671,51.7597832057,-1.2612656886,111.964348,5735751.425544425,619998.6167785597,-111.964348,30U,-9.098,2.86,-0.0,-0.0038117000005233213,-0.016672300000419537,-1.9050029071701193
1437748678942003,51.7597750365,-1.2612615709,111.963997,5735750.523852632,619998.9226009498,-111.963997,30U,-9.098,2.873,-0.021,-0.0028851453039792497,-0.017894510372546697,-1.9048869075265773
1437748679048667,51.7597668607,-1.2612574371,111.963043,5735749.621453386,619999.2295519998,-111.963043,30U,-9.107,2.875,0.015,-0.001529683251451151,-0.01949632227352702,-1.9044761320523624
1437748679155332,51.7597586717,-1.2612533186,111.961342,5735748.71756106,619999.5354822964,-111.961342,30U,-9.127,2.859,0.013,-0.002506273814936266,-0.021411986357911084,-1.9043475514123465
1437748679261997,51.7597504724,-1.2612491995,111.95916,5735747.812524315,619999.8414814095,-111.95916,30U,-9.133,2.882,0.03,-0.0008453880584509782,-0.024195106098233148,-1.9040448682453246
1437748679368662,51.7597422657,-1.2612450618,111.954552,5735746.906695264,620000.148783829,-111.954552,30U,-9.146,2.881,0.056,-0.00015807237595802403,-0.02680744425772751,-1.9035417217789532
1437748679475327,51.7597340459,-1.2612409343,111.946602,5735745.999392646,620000.4554171821,-111.946602,30U,-9.156,2.891,0.097,0.005682659984155685,-0.026778561816227217,-1.9035380464646143
1437748679581992,51.7597258177,-1.261236785,111.935143,5735745.091191783,620000.7635773274,-111.935143,30U,-9.174,2.891,0.124,0.006112909896269566,-0.02393196477913202,-1.9033387234412251
1437748679685800,51.7597175756,-1.2612326448,111.923279,5735744.1814301945,620001.0711464381,-111.923279,30U,-9.178,2.905,0.095,0.009030708544280428,-0.021762817872393057,-1.9031120287333358
1437748679777227,51.7597093316,-1.2612284703,111.915237,5735743.271513771,620001.3810877341,-111.915237,30U,-9.178,2.921,0.035,0.010517106275906619,-0.020459635309304773,-1.9022922953358823
1437748679868654,51.7597010689,-1.2612243156,111.909798,5735742.3594852295,620001.6897123139,-111.909798,30U,-9.207,2.891,0.057,0.010072499999205497,-0.01899900000054016,-1.9017180071722581
1437748679975319,51.7596927937,-1.2612201752,111.904343,5735741.446043097,620001.997383296,-111.904343,30U,-9.212,2.898,0.044,0.012550152189408904,-0.017843211197895812,-1.9015540405401632
1437748680080079,51.7596845133,-1.2612160379,111.902374,5735740.532017608,620002.3048542356,-111.902374,30U,-9.221,2.882,-0.007,0.01349906995721039,-0.019528898243622233,-1.9017630872989608
1437748680171506,51.7596762279,-1.2612118994,111.901344,5735739.617438082,620002.6124213473,-111.901344,30U,-9.217,2.899,0.013,0.012801833180967932,-0.02155681122233422,-1.901760237368279
1437748680262933,51.7596679432,-1.2612077389,111.898438,5735738.702972617,620002.9215049278,-111.898438,30U,-9.219,2.913,0.044,0.01406362284705482,-0.020660056951135788,-1.9007169644517048
1437748680354360,51.7596596538,-1.2612035714,111.890854,5735737.787996019,620003.2310841442,-111.890854,30U,-9.225,2.912,0.08,0.019594530959189727,-0.016641363341296234,-1.8999891945818406
1437748680445787,51.7596513619,-1.2611994098,111.885689,5735736.8727317145,620003.5402629317,-111.885689,30U,-9.228,2.904,0.029,0.024698156307950934,-0.01439796624656518,-1.8998033205769747
1437748680548643,51.7596430626,-1.2611952796,111.886673,5735735.956592836,620003.8472945231,-111.886673,30U,-9.235,2.887,-0.035,0.024523160343410285,-0.015871623018801274,-1.9000713757309584
1437748680655308,51.7596347673,-1.261191138,111.891121,5735735.0409175595,620004.1551023268,-111.891121,30U,-9.227,2.907,-0.032,0.02548649381001226,-0.019668633696530623,-1.89947343814653
1437748680761973,51.7596264768,-1.2611869839,111.893242,5735734.125796661,620004.4637601329,-111.893242,30U,-9.231,2.894,-0.026,0.025176903626394114,-0.022374964142119463,-1.8986764731974874
1437748680868638,51.7596181785,-1.2611828624,111.889153,5735733.209754727,620004.7701889903,-111.889153,30U,-9.229,2.884,0.064,0.027086199999175324,-0.023064699999382328,-1.898468007179545
1437748680975303,51.7596098856,-1.2611787473,111.881584,5735732.294302797,620005.0761619639,-111.881584,30U,-9.225,2.876,0.06,0.02777862803553604,-0.021732174561229115,-1.8983178417385103
1437748681081968,51.7596015989,-1.2611746337,111.872719,5735731.379537895,620005.3820150854,-111.872719,30U,-9.212,2.878,0.076,0.029724978273681195,-0.019705554765027774,-1.8981937337141421
1437748681188633,51.759593322,-1.2611705236,111.865204,5735730.465857076,620005.6876007866,-111.865204,30U,-9.203,2.871,0.033,0.030193289783325167,-0.01639031623237758,-1.8979566320791623
1437748681291489,51.7595850529,-1.2611664206,111.864204,5735729.553032001,620005.9926759342,-111.864204,30U,-9.188,2.882,0.006,0.034451407104938596,-0.01802441959558642,-1.8977132303815412
1437748681382916,51.7595768021,-1.2611623008,111.865799,5735728.642269663,620006.2988620314,-111.865799,30U,-9.176,2.872,-0.041,0.036206953207196156,-0.019815924948551604,-1.8973543213803068
1437748681474342,51.759568554,-1.2611582152,111.867722,5735727.731751326,620006.6026809178,-111.867722,30U,-9.178,2.857,0.03,0.04020597041661703,-0.020125292105271284,-1.8975789982955944
1437748681565770,51.7595603112,-1.2611541117,111.862991,5735726.821851854,620006.9077211356,-111.862991,30U,-9.167,2.881,0.05,0.04357283338173218,-0.01740770224571719,-1.8975160509889928
1437748681657197,51.7595520674,-1.2611500127,111.859367,5735725.911833791,620007.21245356,-111.859367,30U,-9.179,2.854,0.016,0.04246992227314744,-0.016723381179956184,-1.8975011148452265
1437748681761957,51.759543821,-1.2611459178,111.858444,5735725.001519861,620007.5169100356,-111.858444,30U,-9.174,2.886,-0.014,0.04571210342294024,-0.01656444753811751,-1.8974698065531457
1437748681868622,51.7595355714,-1.2611418035,111.857559,5735724.090882011,620007.8227138984,-111.857559,30U,-9.187,2.866,0.004,0.04002899999949085,-0.018082999999387957,-1.8970618071647323
1437748681960050,51.7595273081,-1.2611377313,111.855713,5735723.178651378,620008.1256488517,-111.855713,30U,-9.19,2.864,-0.007,0.03915590967721714,-0.020387743350856774,-1.8973374253190571
1437748682051477,51.7595190494,-1.2611336262,111.854012,5735722.266986448,620008.4308421493,-111.854012,30U,-9.182,2.886,0.029,0.04125792869368765,-0.021625775452048517,-1.8973967424106282
1437748682155285,51.7595107806,-1.2611295422,111.849525,5735721.354163634,620008.7346062103,-111.849525,30U,-9.202,2.856,0.076,0.036669112405046916,-0.023341976317725683,-1.8980425749887773
1437748682261950,51.7595025116,-1.2611254661,111.841591,5735720.441305595,620009.037825719,-111.841591,30U,-9.187,2.88,0.056,0.03610156120709917,-0.022135611137124242,-1.8985211185260675
1437748682368614,51.759494253,-1.2611213396,111.836014,5735719.5296870535,620009.3444958762,-111.836014,30U,-9.187,2.891,0.117,0.03809092261676415,-0.020742575083189833,-1.8983420251078924
1437748682475279,51.7594859916,-1.2611172288,111.827957,5735718.61773132,620009.6500900966,-111.827957,30U,-9.19,2.887,0.039,0.04021205268834737,-0.01891280133735813,-1.8990032730797672
1437748682581944,51.7594777339,-1.2611131037,111.825165,5735717.7062105965,620009.9566614546,-111.825165,30U,-9.182,2.902,0.021,0.04030029574120339,-0.01958817582617479,-1.8994754177164208
1437748682688609,51.7594694764,-1.2611089689,111.823883,5735716.794728094,620010.2639017865,-111.823883,30U,-9.183,2.905,0.014,0.040883661323870224,-0.020802519453075156,-1.8996462514511772
1437748682795274,51.7594612187,-1.2611048272,111.820412,5735715.883234722,620010.5716189218,-111.820412,30U,-9.181,2.913,0.034,0.043024423881642807,-0.021799840862882534,-1.8998209234791181
1437748682893606,51.7594529612,-1.2611006825,111.814926,5735714.971768548,620010.8795426602,-111.814926,30U,-9.183,2.909,0.053,0.042629000000642514,-0.02139619999968912,-1.9000845071693715
1437748682973605,51.759444702,-1.2610965581,111.808128,5735714.060079937,620011.186070095,-111.808128,30U,-9.181,2.902,0.063,0.040444094308393116,-0.019025191214147044,-1.9003356294182052
1437748683053603,51.7594364464,-1.2610924307,111.800552,5735713.148796624,620011.4927951164,-111.800552,30U,-9.166,2.916,0.045,0.04311943766706058,-0.015427864577672213,-1.9004333864091667
1437748683155269,51.7594282024,-1.2610882825,111.797691,5735712.238837549,620011.8009248995,-111.797691,30U,-9.163,2.913,0.008,0.04387203628717629,-0.014374567884392729,-1.9006396901736053
1437748683261934,51.7594199618,-1.2610841576,111.800026,5735711.3292182535,620012.1074378226,-111.800026,30U,-9.16,2.901,-0.046,0.04284905887770381,-0.015653059134926713,-1.901427188142626
1437748683368598,51.7594117301,-1.261080016,111.803741,5735710.420616193,620012.4150797224,-111.803741,30U,-9.141,2.927,-0.036,0.04330111841716929,-0.016577967884757055,-1.9016470674794126
1437748683474310,51.7594035088,-1.261075849,111.803978,5735709.513212492,620012.7244470147,-111.803978,30U,-9.138,2.921,0.012,0.04266394888548216,-0.014407600734562223,-1.9013944105625677
1437748683565738,51.7593952896,-1.261071699,111.804756,5735708.606014371,620013.0326356608,-111.804756,30U,-9.135,2.914,-0.002,0.04124630978727504,-0.014262835855360147,-1.9017155695756114
1437748683657165,51.7593870755,-1.2610675639,111.805916,5735707.6993589,620013.3397826268,-111.805916,30U,-9.128,2.901,-0.034,0.04164283142103364,-0.016151540257667674,-1.902320051970202
1437748683761925,51.759378874,-1.2610634121,111.809067,5735706.794132128,620013.648048759,-111.809067,30U,-9.11,2.928,-0.026,0.042763786013951526,-0.01791851694880221,-1.9027119135731125
1437748683868590,51.7593706723,-1.2610592736,111.805962,5735705.888861248,620013.9553976814,-111.805962,30U,-9.12,2.894,0.017,0.04175310000021507,-0.015105599999776313,-1.9033262071790136
1437748683975255,51.7593624768,-1.2610551381,111.80381,5735704.984274929,620014.2625232331,-111.80381,30U,-9.097,2.941,-0.027,0.043128718856783786,-0.014219603856056702,-1.9039277399846213
1437748684080016,51.7593542946,-1.2610509608,111.806938,5735704.081236457,620014.5724982617,-111.806938,30U,-9.088,2.947,-0.068,0.0496270791629733,-0.019035738500616232,-1.90445822356052
1437748684171443,51.7593461161,-1.2610467794,111.811485,5735703.1786162155,620014.8827465245,-111.811485,30U,-9.09,2.945,-0.033,0.05252186138095725,-0.02455089720489477,-1.90531236471046
1437748684262870,51.759337933,-1.2610425986,111.808968,5735702.275483453,620015.1929656808,-111.808968,30U,-9.091,2.946,0.092,0.05322153703317255,-0.025980886533887013,-1.9059609156738258
1437748684368582,51.7593297544,-1.2610383827,111.798286,5735701.3729089,620015.5055952806,-111.798286,30U,-9.089,2.974,0.114,0.056038294041656056,-0.023287199742091813,-1.9059409769451845
1437748684474294,51.7593215714,-1.2610341723,111.787392,5735700.469836006,620015.8178570908,-111.787392,30U,-9.097,2.95,0.102,0.05682505748711554,-0.021441270181506097,-1.9064942560395506
1437748684565722,51.7593133862,-1.2610299821,111.779076,5735699.566485237,620016.128730822,-111.779076,30U,-9.091,2.956,0.065,0.05564501703780876,-0.018587272751160237,-1.908071876743347
1437748684657149,51.7593052077,-1.2610257636,111.773376,5735698.663926139,620016.4415398922,-111.773376,30U,-9.082,2.974,0.063,0.05400579738152404,-0.01488889039209631,-1.9092798997005038
1437748684761909,51.7592970347,-1.2610215314,111.769936,5735697.762001238,620016.7552799269,-111.769936,30U,-9.072,2.987,0.001,0.051716478963750354,-0.012826455799108209,-1.9102788321958184
1437748684868574,51.7592888753,-1.2610172729,111.771965,5735696.8616320435,620017.0707989829,-111.771965,30U,-9.051,3.006,-0.071,0.051657700000821136,-0.013996800000197034,-1.9110286071768918
1437748684975239,51.7592807239,-1.2610130158,111.777283,5735695.962150213,620017.3862003126,-111.777283,30U,-9.049,2.998,-0.054,0.051120616443157456,-0.01711399989550904,-1.9122102219760155
1437748685080000,51.7592725792,-1.2610087654,111.779335,5735695.063402461,620017.701121607,-111.779335,30U,-9.035,3.002,-0.018,0.0518875015239332,-0.01854410457505688,-1.9137308791821912
1437748685171427,51.7592644485,-1.2610044982,111.77784,5735694.166239261,620018.0171652602,-111.77784,30U,-9.02,3.011,0.02,0.05309110771074237,-0.018205930389023232,-1.9153670985476785
1437748685262854,51.7592563306,-1.2610002081,111.775505,5735693.270537207,620018.3347554201,-111.775505,30U,-9.001,3.03,0.016,0.06192318635249393,-0.020124838300467147,-1.9173381245457486
1437748685368566,51.7592482382,-1.2609958727,111.773087,5735692.37774548,620018.6554042532,-111.773087,30U,-8.976,3.046,0.038,0.06305722409056438,-0.0220669706188623,-1.9192884413744866
1437748685474278,51.7592401563,-1.2609915487,111.768974,5735691.48610268,620018.9752386219,-111.768974,30U,-8.976,3.025,0.043,0.05628491702017358,-0.018134977445638075,-1.9210533296761965
1437748685565706,51.7592320856,-1.2609872015,111.760071,5735690.595743587,620019.2966444459,-111.760071,30U,-8.941,3.073,0.085,0.05681118561196603,-0.011527521068967973,-1.9223697458004028
1437748685657133,51.7592240457,-1.2609828109,111.759254,5735689.708881092,620019.6209637693,-111.759254,30U,-8.923,3.064,-0.068,0.05515909102307249,-0.009900860315033741,-1.9243897015455478
1437748685761893,51.7592160138,-1.2609784594,111.768463,5735688.822843924,620019.9425636583,-111.768463,30U,-8.91,3.058,-0.106,0.050170876609570314,-0.01317336339280735,-1.9276467550769931
1437748685868558,51.7592079958,-1.2609740835,111.776245,5735687.938392695,620020.2658106565,-111.776245,30U,-8.885,3.094,-0.059,0.04771540000037475,-0.016444899999743655,-1.9300080071648387
1437748685975223,51.7592000034,-1.2609696487,111.77916,5735687.056885299,620020.5930546123,-111.77916,30U,-8.856,3.126,-0.021,0.048416470495293636,-0.01890917731475534,-1.9316324278776897
1437748686079984,51.7591920215,-1.260965199,111.77858,5735686.176570109,620020.9212990904,-111.77858,30U,-8.852,3.118,0.016,0.05059366877342365,-0.020460217755346757,-1.9334875208165287
1437748686171411,51.7591840499,-1.2609607389,111.774139,5735685.297417481,620021.2502340754,-111.774139,30U,-8.837,3.141,0.048,0.05121226915029622,-0.0199514966340407,-1.935184761866854
1437748686262838,51.7591760931,-1.2609562517,111.768379,5735684.4199553225,620021.5810001136,-111.768379,30U,-8.822,3.146,0.056,0.053056279422918066,-0.01757118598884108,-1.9365262042846585
1437748686368551,51.7591681493,-1.2609517391,111.762962,5735683.54398067,620021.9134846609,-111.762962,30U,-8.806,3.169,0.023,0.0580684795682085,-0.014197345179923168,-1.9381241269550198
1437748686475216,51.7591602139,-1.2609472164,111.761848,5735682.668956791,620022.2466440502,-111.761848,30U,-8.807,3.144,0.001,0.05479319572540552,-0.013676392970988046,-1.9401230838585357
1437748686581880,51.7591522927,-1.2609426903,111.76545,5735681.795517661,620022.5800005269,-111.76545,30U,-8.778,3.18,-0.068,0.05438076327923199,-0.01397744138060191,-1.9418282104635014
1437748686683545,51.759144391,-1.2609381013,111.770599,5735680.924350587,620022.9176461882,-111.770599,30U,-8.763,3.202,-0.032,0.05225704731212107,-0.015580011194300572,-1.9431741441894297
1437748686763544,51.7591364883,-1.260933547,111.771729,5735680.053015225,620023.2528999279,-111.771729,30U,-8.763,3.174,-0.015,0.04795965980308508,-0.016358141525694706,-1.945218619192571
1437748686843543,51.7591285939,-1.2609289898,111.773232,5735679.182607666,620023.5883318969,-111.773232,30U,-8.747,3.209,0.001,0.04359500000047431,-0.017202699999481614,-1.9468283071797805
1437748686941874,51.7591207086,-1.2609243927,111.772217,5735678.313277773,620023.9264933792,-111.772217,30U,-8.738,3.22,0.009,0.044041521505503466,-0.017936120692194333,-1.9479534767044444
1437748687048539,51.7591128307,-1.2609197929,111.769249,5735677.444775272,620024.2648216761,-111.769249,30U,-8.733,3.22,0.008,0.04305579395837926,-0.01744111634560849,-1.949630183764134
1437748687155205,51.7591049534,-1.2609151927,111.76725,5735676.576340173,620024.6031760931,-111.76725,30U,-8.728,3.232,0.014,0.040401550447035174,-0.016933776086918702,-1.9514178565363776
1437748687261870,51.7590970865,-1.2609105503,111.765388,5735675.709131093,620024.9444153042,-111.765388,30U,-8.717,3.258,0.01,0.03900963018558223,-0.01600141105141373,-1.952655739214696
1437748687368535,51.7590892269,-1.2609058723,111.765495,5735674.842792428,620025.2880920582,-111.765495,30U,-8.714,3.275,-0.019,0.04177331671791825,-0.017347584342980327,-1.9540610145889776
1437748687475200,51.7590813715,-1.2609011727,111.767242,5735673.976956399,620025.6332484223,-111.767242,30U,-8.704,3.288,0.002,0.046235214869450134,-0.021434851481854474,-1.956148596222677
1437748687581864,51.7590735202,-1.2608964463,111.767113,5735673.111620444,620025.9802435196,-111.767113,30U,-8.71,3.294,0.018,0.04586399640308571,-0.023659481033685544,-1.9578558236455563
1437748687685672,51.7590656738,-1.2608916918,111.762398,5735672.246875669,620026.3291649449,-111.762398,30U,-8.692,3.333,0.094,0.05415867809585309,-0.023044461903141134,-1.9594831606465082
1437748687777099,51.7590578404,-1.2608868939,111.749672,5735671.383648022,620026.6810470878,-111.749672,30U,-8.688,3.319,0.071,0.05099882590187671,-0.01578429563024803,-1.9602760314196448
1437748687868526,51.7590499923,-1.2608821519,111.73999,5735670.518693671,620027.0291106051,-111.73999,30U,-8.685,3.328,0.098,0.05031690000031744,-0.006797700000068422,-1.962120307174299
1437748687975191,51.7590421683,-1.2608773297,111.737854,5735669.656551406,620027.382645013,-111.737854,30U,-8.654,3.386,-0.041,0.05576899367902678,-0.0024722415682931296,-1.962648689530858
1437748688079952,51.759034357,-1.2608725131,111.749306,5735668.795812265,620027.7357593917,-111.749306,30U,-8.652,3.345,-0.157,0.053284313039198936,-0.005824587795752056,-1.964852139786233
1437748688171379,51.7590265544,-1.2608677012,111.767365,5735667.936032912,620028.0885264567,-111.767365,30U,-8.643,3.365,-0.173,0.054091185435261625,-0.011829812339759486,-1.966911903472196
1437748688262806,51.7590187788,-1.2608628042,111.779404,5735667.079396203,620028.4470948784,-111.779404,30U,-8.614,3.418,-0.068,0.05787703252109232,-0.014960127625182004,-1.968250377434008
1437748688354233,51.7590110174,-1.2608578748,111.78096,5735666.2243919745,620028.8078617179,-111.78096,30U,-8.623,3.38,-0.017,0.054773008084887685,-0.013518216316843204,-1.9692210787748865
1437748688445660,51.7590032639,-1.2608529623,111.7789,5735665.370238486,620029.167441432,-111.7789,30U,-8.607,3.409,0.046,0.058209159427501794,-0.009085477210082129,-1.9708736978997972
1437748688548516,51.7589955339,-1.2608480021,111.778603,5735664.518776873,620029.5302507712,-111.778603,30U,-8.599,3.399,-0.033,0.05634679608753475,-0.004711931885634909,-1.972382858692003
1437748688655180,51.7589878018,-1.2608430837,111.782707,5735663.667012962,620029.8901811256,-111.782707,30U,-8.582,3.41,-0.061,0.0539695079721178,-0.0020656725766856213,-1.9751277463492882
1437748688761845,51.7589800916,-1.2608381302,111.795334,5735662.817742259,620030.252475807,-111.795334,30U,-8.542,3.451,-0.14,0.05256685240685666,-0.002434244863849953,-1.976659485715535
1437748688868510,51.7589723818,-1.2608331861,111.809586,5735661.968500594,620030.6141208379,-111.809586,30U,-8.542,3.442,-0.146,0.04960199999986196,-0.003905500000203453,-1.978325207166767
1437748688975175,51.758964676,-1.260828236,111.822403,5735661.119713654,620030.9761694403,-111.822403,30U,-8.522,3.454,-0.115,0.0475592232369893,-0.006878858065104228,-1.979877126710504
1437748689081840,51.7589569868,-1.2608232758,111.834152,5735660.272789385,620031.3388711462,-111.834152,30U,-8.507,3.465,-0.103,0.04524797654961743,-0.00911860837290306,-1.9815076047106974
1437748689188505,51.7589493026,-1.260818313,111.84285,5735659.426425456,620031.7017391351,-111.84285,30U,-8.502,3.462,-0.065,0.04310570483531125,-0.0105530235671537,-1.9832472549580116
1437748689291361,51.7589416304,-1.2608133311,111.84713,5735658.581427461,620032.0658935292,-111.84713,30U,-8.487,3.472,-0.04,0.03755846296861443,-0.011606599624814577,-1.9851426121365487
1437748689382788,51.7589339711,-1.2608083325,111.851326,5735657.737891537,620032.4311663134,-111.851326,30U,-8.478,3.484,-0.045,0.03455530854673051,-0.01136084474863238,-1.9870638319006477
1437748689474215,51.7589263245,-1.2608032891,111.854675,5735656.895841692,620032.7994972365,-111.854675,30U,-8.463,3.521,-0.014,0.039895335667404205,-0.010591823866563058,-1.9889928520822264
1437748689565642,51.7589186984,-1.2607981851,111.856216,5735656.056171339,620033.1719559917,-111.856216,30U,-8.442,3.535,-0.031,0.040692344291566006,-0.009274639741635178,-1.9909557129762703
1437748689657069,51.7589110622,-1.2607931022,111.861794,5735655.215343101,620033.5429855105,-111.861794,30U,-8.454,3.533,-0.07,0.03728705283802272,-0.010017060172275927,-1.9934552089115214
1437748689761829,51.758903427,-1.2607879974,111.866531,5735654.37466214,620033.9155238413,-111.866531,30U,-8.434,3.589,-0.013,0.04126874203814801,-0.009142406160656145,-1.9952365215817975
1437748689868494,51.7588958021,-1.2607828415,111.87159,5735653.535210733,620034.2915614512,-111.87159,30U,-8.437,3.58,-0.119,0.037738099999255585,-0.007465900000580823,-1.9973928071764773
1437748689959922,51.7588881525,-1.2607777175,111.876045,5735652.692960055,620034.6654632242,-111.876045,30U,-8.436,3.581,-0.074,0.03422701182819637,-0.006814289928821952,-2.0001209497609467
1437748690051349,51.7588805232,-1.2607725315,111.885132,5735651.853068932,620035.0435899805,-111.885132,30U,-8.416,3.656,-0.124,0.03240880492386036,-0.008243353205311707,-2.0016427725154498
1437748690155157,51.7588728981,-1.2607673,111.893982,5735651.013719792,620035.4248457336,-111.893982,30U,-8.44,3.629,-0.076,0.030116624834574498,-0.011097209925467942,-2.0032394397879334
1437748690261822,51.7588652682,-1.2607620661,111.899162,5735650.173840837,620035.8062799636,-111.899162,30U,-8.431,3.661,-0.048,0.03212471689262442,-0.013166847595253455,-2.0059212151002828
1437748690368487,51.7588576486,-1.2607567699,111.90271,5735649.335209873,620036.1919864056,-111.90271,30U,-8.431,3.693,-0.028,0.03248640613005365,-0.01350801723752242,-2.008438413020019
1437748690475152,51.7588500268,-1.2607514282,111.902435,5735648.496409171,620036.5808388223,-111.902435,30U,-8.431,3.716,0.024,0.03583794628941485,-0.010894393653505946,-2.0107943592022193
1437748690581817,51.7588424123,-1.2607460211,111.900925,5735647.658527941,620036.974185346,-111.900925,30U,-8.423,3.762,0.008,0.03850170333743881,-0.00641914259349631,-2.0127694446441433
1437748690688482,51.7588347881,-1.2607405813,111.903572,5735646.819621862,620037.369814393,-111.903572,30U,-8.439,3.771,-0.053,0.038218236605019336,-0.004629901641174637,-2.014720292855825
1437748690795146,51.7588271455,-1.260735135,111.911438,5735645.978680314,620037.7659409391,-111.911438,30U,-8.434,3.807,-0.097,0.041534034847307354,-0.006127052487694035,-2.016878915882706
1437748690893478,51.7588194942,-1.2607296487,111.922279,5735645.136837134,620038.1648511417,-111.922279,30U,-8.452,3.823,-0.11,0.04065129999964808,-0.009505500000670138,-2.0189899071638764
1437748690973477,51.758811817,-1.2607241616,111.930168,5735644.29211506,620038.5638853717,-111.930168,30U,-8.468,3.835,-0.06,0.036945574141576454,-0.011741447757882316,-2.021487410369454
1437748691053475,51.7588041308,-1.2607186382,111.933556,5735643.446451905,620038.9654487136,-111.933556,30U,-8.469,3.875,-0.034,0.03512717338352042,-0.01111723283482967,-2.0238031389296998
1437748691155141,51.7587964436,-1.2607130547,111.934479,5735642.600776494,620039.371162425,-111.934479,30U,-8.481,3.901,-0.002,0.034734560400659024,-0.010288277295632316,-2.0258592270046183
1437748691261805,51.7587887582,-1.2607074225,111.936142,5735641.755381439,620039.7802323513,-111.936142,30U,-8.482,3.925,-0.029,0.035387564892751806,-0.010383338964158115,-2.0284270069048187
1437748691368471,51.7587810692,-1.2607017462,111.940453,5735640.909658659,620040.192355363,-111.940453,30U,-8.497,3.954,-0.037,0.03419189945487504,-0.011260403797328348,-2.031115396596154
1437748691474183,51.7587733761,-1.2606960106,111.944298,5735640.063577567,620040.6085817626,-111.944298,30U,-8.497,3.995,-0.006,0.033109952714175835,-0.012351132258152079,-2.033120107867667
1437748691565611,51.7587656804,-1.2606902235,111.94767,5735639.217292137,620041.0283692838,-111.94767,30U,-8.502,4.028,-0.052,0.03616894402888482,-0.013871524601886745,-2.0351658294547734
1437748691657038,51.7587579754,-1.2606843868,111.949348,5735638.370054162,620041.451604578,-111.949348,30U,-8.522,4.049,0.01,0.03670886333817595,-0.014242774763430376,-2.037394679277313
1437748691761798,51.7587502484,-1.2606785354,111.94899,5735637.5203938745,620041.8759128258,-111.94899,30U,-8.54,4.07,0.003,0.03637152057638339,-0.012448094043945243,-2.0397727130200756
1437748691868462,51.7587425073,-1.2606726318,111.947151,5735636.669251531,620042.3038610108,-111.947151,30U,-8.538,4.124,0.012,0.03706329999952485,-0.010487700000011283,-2.04139820718023
1437748691975127,51.7587347455,-1.2606666976,111.947868,5735635.815857618,620042.733975989,-111.947868,30U,-8.55,4.141,-0.039,0.03757483826375787,-0.010562690165718324,-2.0431663814482293
1437748692079888,51.7587269688,-1.2606607346,111.951553,5735634.96085417,620043.1661181585,-111.951553,30U,-8.567,4.162,-0.036,0.03577320555577752,-0.011074983511745636,-2.0452467808775237
1437748692171315,51.758719175,-1.2606547415,111.954926,5735634.103998674,620043.6003830708,-111.954926,30U,-8.579,4.188,-0.033,0.034791734735799225,-0.011160305035277464,-2.0473345388941975
1437748692262742,51.7587113788,-1.26064869,111.956917,5735633.24697244,620044.0386847663,-111.956917,30U,-8.588,4.22,-0.019,0.03373823018776846,-0.011048875712659691,-2.049133652456767
1437748692368455,51.7587035806,-1.2606425954,111.960609,5735632.389794773,620044.4799663092,-111.960609,30U,-8.599,4.235,-0.036,0.030880393642188128,-0.012210571194694321,-2.051029515047749
1437748692474167,51.7586957754,-1.2606364649,111.962616,5735631.531897789,620044.923744079,-111.962616,30U,-8.61,4.268,-0.019,0.030921435431303903,-0.010560332573219398,-2.0529844049532864
1437748692565595,51.7586879694,-1.260630279,111.963806,5735630.674003064,620045.3713473604,-111.963806,30U,-8.615,4.3,-0.013,0.03209899591435126,-0.00809750351147707,-2.054647514170227
1437748692657022,51.7586801622,-1.2606240487,111.9674,5735629.816048013,620045.8220180862,-111.9674,30U,-8.619,4.327,-0.076,0.030818954045241962,-0.007184518329242904,-2.056325205508348
1437748692761782,51.7586723384,-1.2606178034,111.976036,5735628.956271665,620046.2737681627,-111.976036,30U,-8.628,4.345,-0.096,0.03121546100601754,-0.009645620630291151,-2.0580991195359384
1437748692868446,51.7586644992,-1.2606115262,111.983902,5735628.094835287,620046.7277607046,-111.983902,30U,-8.632,4.374,-0.064,0.030493900000105052,-0.012000599999568977,-2.05980980717878
1437748692975111,51.7586566375,-1.2606052332,111.98835,5735627.230922813,620047.1829034575,-111.98835,30U,-8.647,4.383,-0.029,0.027664277759552727,-0.013810614895628135,-2.06154071851017
1437748693079872,51.7586487663,-1.2605989156,111.989105,5735626.36599441,620047.6397692441,-111.989105,30U,-8.645,4.411,0.0,0.026269815885065842,-0.013685720518401516,-2.063079973805228
1437748693171299,51.7586408922,-1.2605925608,111.988487,5735625.500804779,620048.0992101082,-111.988487,30U,-8.649,4.43,0.011,0.02509013070625495,-0.012645410504181526,-2.064287326905018
1437748693262726,51.7586330221,-1.2605861752,111.98774,5735624.636110713,620048.5607660743,-111.98774,30U,-8.651,4.443,-0.003,0.02436831994198117,-0.011259076029373248,-2.0655231326589796
1437748693368439,51.7586251593,-1.2605797617,111.989502,5735623.772274419,620049.0242282558,-111.989502,30U,-8.646,4.461,-0.028,0.026335819884525113,-0.01152272103653387,-2.066761998900145
1437748693474151,51.7586173061,-1.2605733154,111.992828,5735622.909559733,620049.4899287109,-111.992828,30U,-8.641,4.474,-0.04,0.02686610799925549,-0.012296486021961416,-2.067681754219784
1437748693565579,51.7586094603,-1.2605668529,111.996948,5735622.047694686,620049.9567276808,-111.996948,30U,-8.636,4.485,-0.031,0.028175868317340792,-0.014253697754710335,-2.0684764721097744
1437748693657006,51.7586016223,-1.2605603822,111.999725,5735621.186710585,620050.4240720108,-111.999725,30U,-8.627,4.484,-0.019,0.02955858618545027,-0.016339206530670298,-2.0694441844870415
1437748693761766,51.7585937841,-1.2605539149,112.001175,5735620.325698689,620050.8911823824,-112.001175,30U,-8.61,4.495,0.002,0.029960909325058432,-0.018233675048638816,-2.0702314103243253
1437748693868430,51.7585859447,-1.2605474463,111.999023,5735619.464555526,620051.3583858049,-111.999023,30U,-8.599,4.497,0.034,0.029104199999918832,-0.01904830000001665,-2.0702868071795035
1437748693975095,51.758578096,-1.2605409942,111.994568,5735618.602351028,620051.8244753518,-111.994568,30U,-8.589,4.493,0.041,0.029518889064312746,-0.018557143561634053,-2.069998737567042
1437748694079855,51.7585702497,-1.2605345524,111.990097,5735617.740396511,620052.289847863,-111.990097,30U,-8.587,4.48,0.049,0.030458689869146984,-0.01845003959599905,-2.069753639479201
1437748694171283,51.758562403,-1.2605281281,111.986542,5735616.878368748,620052.7540138806,-111.986542,30U,-8.578,4.475,0.025,0.03213024181091143,-0.020438981437238508,-2.069525424257921
1437748694262710,51.7585545753,-1.2605216999,111.983917,5735616.018460368,620053.2183987969,-111.983917,30U,-8.562,4.475,0.04,0.034478921581805794,-0.02316511620017224,-2.0691352756258583
1437748694368423,51.758546769,-1.2605152777,111.979263,5735615.160921965,620053.6823130291,-111.979263,30U,-8.547,4.456,0.071,0.03547952425947613,-0.023195470964777594,-2.0685170772820882
1437748694475088,51.758538989,-1.2605088745,111.971146,5735614.306277056,620054.1448464252,-111.971146,30U,-8.523,4.445,0.089,0.03631254691848546,-0.021467522869099896,-2.067912336316969
1437748694581753,51.7585312397,-1.2605024861,111.96344,5735613.455021859,620054.6062771622,-111.96344,30U,-8.493,4.427,0.049,0.03977234063077343,-0.021370127365496948,-2.0671130505163537
1437748694683418,51.7585234626,-1.2604961548,111.959724,5735612.600581177,620055.0638412092,-111.959724,30U,-8.482,4.401,0.024,0.0399685579001001,-0.023699592113760392,-2.066324020479862
1437748694763416,51.7585156423,-1.2604899055,111.954765,5735611.741201438,620055.5158610158,-111.954765,30U,-8.483,4.365,0.052,0.039656088689415704,-0.025516965523894805,-2.065637422159108
1437748694843415,51.7585078441,-1.26048368,111.946404,5735610.884240222,620055.9661798637,-111.946404,30U,-8.468,4.355,0.088,0.041077599999535905,-0.025814400000654287,-2.0648722071751666
1437748694941746,51.7585000604,-1.2604774884,111.93676,5735610.028835734,620056.4141208911,-111.93676,30U,-8.458,4.329,0.098,0.0418403664575788,-0.026005382245646715,-2.064186102817497
1437748695048412,51.7584923162,-1.2604713124,111.926727,5735609.177798254,620056.8608806987,-111.926727,30U,-8.442,4.308,0.09,0.043469480514377476,-0.025944613900585542,-2.0632798093096456
1437748695155077,51.7584846413,-1.2604651232,111.916985,5735608.33448914,620057.3083677846,-111.916985,30U,-8.424,4.291,0.091,0.04665308549453751,-0.02602802146638904,-2.0621694928859817
1437748695261741,51.7584770093,-1.2604589491,111.908836,5735607.495925957,620057.7546991354,-111.908836,30U,-8.411,4.269,0.089,0.04742546417366683,-0.028232648141747533,-2.0612393904167794
1437748695368407,51.7584694002,-1.2604528163,111.903137,5735606.659841454,620058.1981196877,-111.903137,30U,-8.373,4.261,0.061,0.05988291602205346,-0.03425815660037968,-2.0611596250825985
1437748695475072,51.7584618371,-1.2604466614,111.890877,5735605.828908857,620058.6429435253,-111.890877,30U,-8.352,4.237,0.167,0.05837234135781946,-0.03197408242925999,-2.060230387458947
1437748695581737,51.7584542766,-1.2604405974,111.871208,5735604.9981157975,620059.0814874134,-111.871208,30U,-8.356,4.181,0.245,0.05348853813046117,-0.02186607678518347,-2.0594563994378943
1437748695685545,51.7584467538,-1.2604345282,111.849457,5735604.171523816,620059.5202902976,-111.849457,30U,-8.288,4.211,0.112,0.05586610966815002,-0.011178117902275233,-2.057222136302147
1437748695776972,51.7584392593,-1.260428491,111.847916,5735603.348026331,620059.9568098643,-111.847916,30U,-8.277,4.147,-0.055,0.05568488753995419,-0.012045607911528903,-2.056001079767188
1437748695868399,51.7584317713,-1.2604225371,111.857269,5735602.5251146,620060.3875636209,-111.857269,30U,-8.255,4.116,-0.102,0.055915500000632605,-0.018118499999864177,-2.0558419071705765
1437748695975064,51.7584243016,-1.2604166141,111.864731,5735601.704187112,620060.8161364959,-111.864731,30U,-8.22,4.102,-0.031,0.05372845596589025,-0.022456579806305207,-2.0552365304169173
1437748696079824,51.7584168601,-1.260410714,111.863411,5735600.886357978,620061.243054322,-111.863411,30U,-8.196,4.077,0.057,0.05259561093347072,-0.022453056258816793,-2.05388633276436
1437748696171251,51.7584094474,-1.2604048441,111.855949,5735600.071681907,620061.6678117178,-111.855949,30U,-8.157,4.063,0.087,0.05518709475936224,-0.021113710878543572,-2.0526159459292637
1437748696262678,51.7584020785,-1.2603990039,111.848091,5735599.261827816,620062.090403397,-111.848091,30U,-8.121,4.025,0.054,0.05744424851831357,-0.01929481228800769,-2.051381676396656
1437748696354105,51.7583947504,-1.2603932229,111.843773,5735598.456413522,620062.5088014603,-111.843773,30U,-8.081,3.986,0.038,0.05866403545365044,-0.019766581610804457,-2.050268482553374
1437748696445532,51.7583874733,-1.2603874811,111.841095,5735597.656606251,620062.9243590875,-111.841095,30U,-8.031,3.951,0.023,0.05834124269548965,-0.02087895843230224,-2.048589920889368
1437748696548388,51.758380249,-1.2603817967,111.839882,5735596.8625762155,620063.3358154808,-111.839882,30U,-7.978,3.905,0.025,0.060359682761805436,-0.020883236864362737,-2.04711315621806
1437748696655053,51.7583730735,-1.2603761764,111.836349,5735596.073867558,620063.7427188683,-111.836349,30U,-7.928,3.863,0.034,0.06174352512286269,-0.019203113554791217,-2.046037914698989
1437748696761718,51.7583659391,-1.2603706269,111.832771,5735595.289612958,620064.1446272893,-111.832771,30U,-7.867,3.819,0.033,0.06332019510567309,-0.02070094307782624,-2.04531578013076
1437748696868383,51.7583588606,-1.2603651313,111.833252,5735594.511486088,620064.5426677867,-111.833252,30U,-7.789,3.788,-0.027,0.06591520000068549,-0.025713899999625672,-2.044445707179076
1437748696975048,51.758351836,-1.2603596927,111.833824,5735593.739259438,620064.9366317234,-111.833824,30U,-7.734,3.743,0.042,0.0660971466307618,-0.029816016785493553,-2.04344111746079
1437748697081712,51.7583448577,-1.2603543371,111.826721,5735592.97204503,620065.3247449431,-111.826721,30U,-7.679,3.687,0.1,0.06411668943890021,-0.030762340287168222,-2.0425344443438265
1437748697188377,51.7583379349,-1.2603490368,111.814522,5735592.210911563,620065.7088946728,-111.814522,30U,-7.602,3.658,0.123,0.06434317700762307,-0.030423476490131184,-2.0413845237116277
1437748697291233,51.7583310862,-1.2603437807,111.804092,5735591.457945749,620066.0897976034,-111.804092,30U,-7.539,3.615,0.1,0.06496385171354763,-0.03013725375715911,-2.040297163272003
1437748697382660,51.7583243004,-1.2603385992,111.793671,5735590.711852029,620066.465385472,-111.793671,30U,-7.472,3.565,0.097,0.06657442402767295,-0.02863636762678776,-2.0397633517546465
1437748697474087,51.7583175841,-1.2603334703,111.782661,5735589.973400583,620066.8371590354,-111.782661,30U,-7.4,3.515,0.113,0.0668144911620569,-0.026373318384733307,-2.0387473321717953
1437748697565515,51.7583109408,-1.2603284075,111.773682,5735589.242958404,620067.2041773405,-111.773682,30U,-7.319,3.477,0.067,0.06783794244587461,-0.025294400863663795,-2.0374047936348614
1437748697656942,51.7583043453,-1.2603234128,111.768013,5735588.5177198015,620067.566369209,-111.768013,30U,-7.233,3.435,0.053,0.07018009355264783,-0.026251070041844446,-2.035481732251695
1437748697761702,51.7582977969,-1.2603185161,111.763268,5735587.797557709,620067.9216730305,-111.763268,30U,-7.154,3.362,0.035,0.07024322020055693,-0.026331182302101797,-2.0335896474956923
1437748697868367,51.7582913305,-1.2603137258,111.759232,5735587.086339392,620068.2694165128,-111.759232,30U,-7.06,3.295,0.054,0.06911440000036692,-0.02612559999917998,-2.0315978071722016
1437748697959794,51.7582849583,-1.2603090302,111.753387,5735586.385440831,620068.6103747317,-111.753387,30U,-6.95,3.23,0.058,0.07081846191958223,-0.025490237031621645,-2.0292074414041834
1437748698051221,51.7582787054,-1.2603044266,111.748726,5735585.697657745,620068.9446674292,-111.748726,30U,-6.837,3.143,0.03,0.06947517081936382,-0.02570749064621219,-2.027313840567926
1437748698155029,51.7582725871,-1.2602999362,111.744926,5735585.0246566925,620069.2707909513,-111.744926,30U,-6.708,3.071,0.032,0.07108269024370413,-0.025739520576088287,-2.026129581752065
1437748698261693,51.7582666065,-1.2602955356,111.741585,5735584.366820929,620069.5903519555,-111.741585,30U,-6.576,2.998,0.036,0.07134584986956378,-0.02511007274927644,-2.0248860426361737
1437748698368359,51.7582607525,-1.2602912299,111.737938,5735583.722907668,620069.9030279221,-111.737938,30U,-6.442,2.931,0.038,0.07122423001450258,-0.024561175712404484,-2.0233266475330907
1437748698475024,51.7582550198,-1.2602870314,111.734352,5735583.0923072705,620070.2079840547,-111.734352,30U,-6.31,2.856,0.034,0.07215812252900765,-0.02488764361386185,-2.0219460515507643
1437748698581689,51.7582494121,-1.2602829266,111.731499,5735582.475453417,620070.5061421973,-111.731499,30U,-6.175,2.789,0.026,0.07299237248958433,-0.024891841064390387,-2.0206769039692505
1437748698688354,51.7582439205,-1.260278928,111.730019,5735581.871335797,620070.7966633034,-111.730019,30U,-6.045,2.712,0.013,0.07360931942355403,-0.025019858532035193,-2.0196718747770595
1437748698795019,51.75823854,-1.2602750458,111.728386,5735581.279381583,620071.0788567051,-111.728386,30U,-5.911,2.638,0.019,0.07411127602916114,-0.02621908782577944,-2.0189590530064665
1437748698893351,51.7582332793,-1.2602712675,111.725121,5735580.700578847,620071.3535619734,-111.725121,30U,-5.777,2.569,0.042,0.07330610000062895,-0.02636270000053171,-2.0183163071652723
1437748698973349,51.7582281371,-1.2602675734,111.72142,5735580.134815451,620071.6221420951,-111.72142,30U,-5.639,2.505,0.033,0.0724266649091054,-0.025656081641482142,-2.01765540461151
1437748699053348,51.7582231218,-1.2602639732,111.718651,5735579.5830095615,620071.8839053628,-111.718651,30U,-5.503,2.447,0.026,0.07247706233147298,-0.025442686906234527,-2.017258554700518
1437748699155013,51.7582182302,-1.2602604678,111.715775,5735579.044803832,620072.1387981497,-111.715775,30U,-5.376,2.376,0.04,0.07180912874848958,-0.026101638272650253,-2.017435700453421
1437748699261677,51.7582134642,-1.2602570493,111.711792,5735578.520422561,620072.3873606091,-111.711792,30U,-5.237,2.323,0.016,0.07194196431621691,-0.026529824027491038,-2.018139127238823
1437748699368343,51.7582088268,-1.2602536976,111.709373,5735578.010232458,620072.6309719281,-111.709373,30U,-5.105,2.268,0.029,0.07138485263414769,-0.026714555857478325,-2.0190323153660272
1437748699474055,51.7582043098,-1.2602504287,111.707787,5735577.513295287,620072.8685496579,-111.707787,30U,-4.976,2.213,0.012,0.07173954419036188,-0.027341004301064023,-2.0205851085168685
1437748699565483,51.7581999114,-1.2602472344,111.70517,5735577.029424379,620073.1006644729,-111.70517,30U,-4.849,2.162,0.045,0.07126583577011422,-0.027677514416884996,-2.0227298973659655
1437748699656910,51.7581956331,-1.2602441086,111.700195,5735576.558796584,620073.3277333663,-111.700195,30U,-4.713,2.117,0.059,0.07072950869050823,-0.027044552116551525,-2.0248055043305735
1437748699761670,51.7581914751,-1.2602410462,111.694412,5735576.101442538,620073.5501077668,-111.694412,30U,-4.578,2.073,0.042,0.0714266608915858,-0.025963109063911805,-2.0269741258076865
1437748699868335,51.7581874374,-1.260238058,111.691696,5735575.6573444605,620073.7670423384,-111.691696,30U,-4.444,2.014,0.027,0.07180530000051086,-0.02653990000001303,-2.03008690717685
1437748699975000,51.758183508,-1.2602351323,111.688751,5735575.2251871405,620073.9793763576,-111.688751,30U,-4.305,1.967,0.036,0.07218670309486984,-0.025878688669580742,-2.034272281301051
1437748700079760,51.7581797178,-1.2602322798,111.685501,5735574.80838923,620074.1862894144,-111.685501,30U,-4.163,1.927,0.031,0.07247532520875913,-0.025338212806207086,-2.039376334400341
1437748700171187,51.7581760529,-1.2602294894,111.681679,5735574.405423241,620074.3885844186,-111.681679,30U,-4.023,1.883,0.036,0.07356327571278826,-0.025541218158413596,-2.046005812386818
1437748700262614,51.7581725181,-1.2602267566,111.678795,5735574.016830368,620074.5865591905,-111.678795,30U,-3.885,1.845,0.034,0.07258610325129454,-0.025595097496930935,-2.054025512108245
1437748700368327,51.7581691111,-1.2602240687,111.674843,5735573.642375749,620074.7810962864,-111.674843,30U,-3.743,1.817,0.045,0.07261582963977332,-0.0245089751380268,-2.062939941030246
1437748700474039,51.7581658344,-1.2602214122,111.671387,5735573.28235962,620074.9731207405,-111.671387,30U,-3.601,1.794,0.029,0.07133268903806086,-0.02416350180878306,-2.0732051405091307
1437748700565467,51.7581626829,-1.2602188005,111.668526,5735572.936192771,620075.1617213134,-111.668526,30U,-3.469,1.76,0.027,0.07031851274804753,-0.023858105726406613,-2.0850536018752073
1437748700656894,51.7581596546,-1.2602162175,111.665764,5735572.603679295,620075.3480144097,-111.665764,30U,-3.333,1.747,0.032,0.06930862423109685,-0.023941696316162116,-2.0981311283242348
1437748700761654,51.7581567468,-1.2602136487,111.661606,5735572.284542805,620075.5330078711,-111.661606,30U,-3.195,1.745,0.052,0.0706890906750858,-0.023253567741334056,-2.111966666661208
1437748700868319,51.7581539562,-1.2602110819,111.656479,5735571.9784364095,620075.7175524033,-111.656479,30U,-3.074,1.73,0.044,0.070700599999256,-0.021900300000517372,-2.1260052071756337
1437748700974984,51.7581512527,-1.2602085405,111.653381,5735571.681974273,620075.9001129669,-111.653381,30U,-2.959,1.7,0.026,0.07115715061646206,-0.021916327641781773,-2.140824780593011
1437748701079745,51.7581486687,-1.2602060417,111.650726,5735571.398731156,620076.0794165903,-111.650726,30U,-2.843,1.684,0.026,0.06880673007337038,-0.022182865495525665,-2.1567465027469384
1437748701171171,51.7581461846,-1.2602035673,111.647232,5735571.126557387,620076.256771296,-111.647232,30U,-2.729,1.67,0.044,0.06711635709436438,-0.022294596201598668,-2.1735746723816645
1437748701262598,51.758143813,-1.2602010989,111.643578,5735570.86688445,620076.4334134859,-111.643578,30U,-2.604,1.668,0.029,0.06526628293705587,-0.021860967078980185,-2.191302035891364
1437748701368311,51.7581415489,-1.2601986443,111.640755,5735570.619143482,620076.6088181266,-111.640755,30U,-2.491,1.653,0.034,0.06455909249049342,-0.021663833265704795,-2.210399025762148
1437748701474023,51.758139387,-1.2601962083,111.636391,5735570.382737178,620076.7826680166,-111.636391,30U,-2.381,1.638,0.051,0.06221260952014999,-0.021121351664718752,-2.2304976084289057
1437748701565451,51.7581373217,-1.2601937962,111.631981,5735570.157034061,620076.9546122439,-111.631981,30U,-2.277,1.621,0.043,0.060021570993981824,-0.02105907614407268,-2.25123618886359
1437748701656878,51.7581353553,-1.2601913962,111.62825,5735569.942309332,620077.125459056,-111.62825,30U,-2.166,1.618,0.031,0.0573061456708221,-0.02138381738082907,-2.271865505281741
1437748701761638,51.7581334878,-1.2601890085,111.626579,5735569.73856266,620077.2951946463,-111.626579,30U,-2.052,1.605,0.006,0.05516944273492702,-0.022575126934169118,-2.2918168644344514
1437748701868303,51.7581317237,-1.2601866396,111.625641,5735569.546283774,620077.4633584961,-111.625641,30U,-1.939,1.586,0.021,0.0548528000004328,-0.02357949999949866,-2.3113356071674067
1437748701974968,51.7581300464,-1.260184305,111.622971,5735569.363601129,620077.628924949,-111.622971,30U,-1.841,1.54,0.03,0.05293678347124091,-0.023598861107933303,-2.331471087298829
1437748702079728,51.7581284662,-1.2601820363,111.620239,5735569.191608122,620077.7896858831,-111.620239,30U,-1.721,1.515,0.033,0.05144868065590995,-0.023790539920811524,-2.3510875419234383
1437748702171155,51.7581269892,-1.2601798077,111.615829,5735569.03102559,620077.9474056368,-111.615829,30U,-1.598,1.471,0.054,0.051942521822579815,-0.02252219415751831,-2.3696144434512836
1437748702262582,51.758125611,-1.2601776526,111.609894,5735568.881309234,620078.0997908625,-111.609894,30U,-1.485,1.414,0.057,0.055784887081782426,-0.01986457085622031,-2.38868697549966
1437748702368295,51.7581243321,-1.2601755786,111.604607,5735568.7425021455,620078.2463157396,-111.604607,30U,-1.38,1.353,0.051,0.05926624273651186,-0.01873996251948781,-2.407515354730519
1437748702474960,51.7581231514,-1.260173598,111.599495,5735568.614461746,620078.3861343291,-111.599495,30U,-1.277,1.282,0.048,0.061006659836120934,-0.018570400541580132,-2.424446933151204
1437748702581625,51.758122075,-1.2601717437,111.59565,5735568.497812224,620078.5169599358,-111.59565,30U,-1.161,1.177,0.028,0.06057279848522817,-0.01943918781916023,-2.4400365964491093
1437748702683290,51.7581211203,-1.2601700541,111.593613,5735568.394425347,620078.636096315,-111.593613,30U,-1.021,1.063,0.017,0.058965316231164924,-0.020667510718300305,-2.4545106918370716
1437748702763289,51.7581202966,-1.2601685316,111.591553,5735568.305331386,620078.7433531621,-111.591553,30U,-0.88,0.942,0.024,0.05826175539051355,-0.021124301653381732,-2.467215876829515
1437748702843287,51.7581195996,-1.2601671864,111.588905,5735568.230035352,620078.8380379555,-111.588905,30U,-0.748,0.82,0.03,0.05948779999967993,-0.021339399999276233,-2.47818000717801
1437748702941619,51.7581190085,-1.2601660188,111.585579,5735568.166223666,620078.9201851726,-111.585579,30U,-0.649,0.695,0.039,0.060127125667491746,-0.02125880942630138,-2.4876693679934223
1437748703048285,51.7581184936,-1.2601650148,111.581886,5735568.110616544,620078.9908397831,-111.581886,30U,-0.577,0.604,0.034,0.059947188684565354,-0.020195564370248165,-2.4960482412207323
1437748703154949,51.7581180398,-1.260164118,111.579185,5735568.061627635,620079.0539341536,-111.579185,30U,-0.511,0.547,0.022,0.059312282258487434,-0.01934067357696005,-2.5035014610150887
1437748703261614,51.7581176415,-1.2601632991,111.577385,5735568.018682418,620079.1115052062,-111.577385,30U,-0.456,0.493,0.017,0.05883556529203506,-0.01915695943798762,-2.509751020808899
1437748703368279,51.7581172885,-1.2601625608,111.575829,5735567.980642147,620079.1633936693,-111.575829,30U,-0.407,0.437,0.017,0.05873534402532398,-0.019488689747995187,-2.515401342957429
1437748703474944,51.7581169749,-1.2601619064,111.574104,5735567.946845269,620079.2093874533,-111.574104,30U,-0.364,0.379,0.02,0.058595869160544885,-0.019730504164654557,-2.520715439014547
1437748703581609,51.7581167022,-1.2601613322,111.572174,5735567.917464687,620079.2497379241,-111.572174,30U,-0.316,0.328,0.02,0.05858887193311545,-0.019806962967331285,-2.525325051105429
1437748703685417,51.7581164696,-1.2601608311,111.570358,5735567.892423123,620079.2849371934,-111.570358,30U,-0.275,0.277,0.019,0.05840376043292932,-0.01993816004439145,-2.529157011886238
1437748703776844,51.7581162698,-1.2601604047,111.568573,5735567.87090614,620079.3148942087,-111.568573,30U,-0.241,0.226,0.019,0.058158308758835445,-0.020021729562786895,-2.5326328804177853
1437748703868271,51.7581161144,-1.2601600721,111.566849,5735567.854172281,620079.338260054,-111.566849,30U,-0.209,0.189,0.02,0.057911900000284976,-0.02010219999951334,-2.535459807171841
1437748703974936,51.7581159726,-1.2601597609,111.564903,5735567.838915595,620079.3601129518,-111.564903,30U,-0.177,0.153,0.021,0.057567467930982316,-0.020065022643378172,-2.5378034866215518
1437748704079696,51.7581158559,-1.2601595026,111.563026,5735567.826363091,620079.3782484949,-111.563026,30U,-0.153,0.116,0.019,0.05725780909658337,-0.01993574545642047,-2.5396833865184614
1437748704171123,51.7581157603,-1.2601592957,111.56144,5735567.816072414,620079.392780816,-111.56144,30U,-0.128,0.082,0.016,0.056887943129489554,-0.01991918206539822,-2.541405756225945
1437748704262550,51.7581156878,-1.2601591336,111.560066,5735567.808276842,620079.4041600911,-111.560066,30U,-0.102,0.052,0.013,0.05670719787585991,-0.01992461127681036,-2.5426665916594438
1437748704353977,51.7581156384,-1.2601590148,111.558884,5735567.802978846,620079.4124898385,-111.558884,30U,-0.078,0.02,0.013,0.05663623190882789,-0.019991174937038232,-2.543452196400011
1437748704445404,51.7581156072,-1.2601589429,111.557648,5735567.799627587,620079.4175346133,-111.557648,30U,-0.057,-0.013,0.013,0.05659083570823328,-0.019991514794531498,-2.544045964707016
1437748704548260,51.7581155946,-1.2601589137,111.55648,5735567.798274464,620079.419583208,-111.55648,30U,-0.036,-0.042,0.011,0.056510965584484374,-0.019974321945278525,-2.5443340982508875
1437748704654925,51.7581155999,-1.2601589213,111.555466,5735567.798851345,620079.4190446512,-111.555466,30U,-0.023,-0.061,0.013,0.05645477095326787,-0.01989146222087394,-2.5442477091129434
1437748704761590,51.7581156059,-1.2601589329,111.554329,5735567.799499484,620079.4182281875,-111.554329,30U,-0.031,-0.052,0.011,0.05617549072118121,-0.01948279420031487,-2.5442691848308834
1437748704868255,51.7581156057,-1.2601589302,111.55381,5735567.799481687,620079.4184150524,-111.55381,30U,-0.03,-0.048,0.004,0.05615530000015723,-0.01930399999964149,-2.54432630717092
1437748704974920,51.7581156086,-1.2601589296,111.553444,5735567.799805175,620079.4184487662,-111.553444,30U,-0.025,-0.056,0.008,0.05623520922277203,-0.019576194879134125,-2.544188723319771
1437748705081585,51.7581156122,-1.2601589357,111.552338,5735567.800195475,620079.418018239,-111.552338,30U,-0.028,-0.054,0.014,0.05617159958640837,-0.019493661569696903,-2.5442974073808466
1437748705188250,51.7581156139,-1.2601589357,111.55146,5735567.800384524,620079.4180137283,-111.55146,30U,-0.026,-0.05,0.006,0.05621731687871611,-0.01944112443824357,-2.544269457730565
1437748705291106,51.7581156161,-1.2601589345,111.550842,5735567.800631154,620079.4180907069,-111.550842,30U,-0.027,-0.053,0.01,0.056155418895476525,-0.019646626473473084,-2.5441951044878626
1437748705382533,51.7581156179,-1.2601589377,111.549866,5735567.800826057,620079.4178650908,-111.549866,30U,-0.024,-0.055,0.011,0.056168398282550415,-0.019524363548358323,-2.54429660781061
1437748705473959,51.7581156178,-1.2601589378,111.549866,5735567.800814771,620079.4178584556,-111.549866,30U,-0.023,-0.052,0.008,0.05619590963702356,-0.019525972937405534,-2.544224165843064
1437748705565387,51.7581156176,-1.2601589379,111.549866,5735567.800792366,620079.4178520846,-111.549866,30U,-0.025,-0.054,0.009,0.056245082639362357,-0.019582949982272422,-2.5442429955720454
1437748705656814,51.7581156178,-1.2601589374,111.549866,5735567.80081543,620079.4178860602,-111.549866,30U,-0.02,-0.046,0.008,0.056167219036878664,-0.019583875704907678,-2.5442730104529776
1437748705761574,51.7581156182,-1.2601589365,111.549866,5735567.800861394,620079.4179471101,-111.549866,30U,-0.016,-0.033,0.008,0.05616731446624618,-0.01952802640802763,-2.5442277924452634
1437748705868239,51.7581156186,-1.2601589358,111.549866,5735567.80090703,620079.4179943582,-111.549866,30U,-0.014,-0.024,0.006,0.05618419999966979,-0.019564000000105723,-2.5442606071659286
1437748705959666,51.7581156188,-1.2601589353,111.549858,5735567.800930094,620079.4180283337,-111.549858,30U,-0.01,-0.019,0.008,0.05620444640716887,-0.019579410473748,-2.5442376905565176
1437748706051093,51.758115619,-1.2601589349,111.549858,5735567.800952993,620079.4180554083,-111.549858,30U,-0.009,-0.017,0.006,0.056179822542863515,-0.019537479444614318,-2.544214152557533
1437748706154902,51.758115619,-1.2601589348,111.549858,5735567.800953158,620079.4180623093,-111.549858,30U,-0.008,-0.014,0.007,0.05616007506216572,-0.01955237439511944,-2.544237399994104
1437748706261567,51.758115619,-1.2601589349,111.549858,5735567.800952993,620079.4180554083,-111.549858,30U,-0.007,-0.015,0.006,0.05617764064916973,-0.01957595550373655,-2.544190603842227
1437748706368231,51.7581156189,-1.2601589349,111.549858,5735567.800941873,620079.4180556734,-111.549858,30U,-0.007,-0.017,0.007,0.05618320992849034,-0.0195636904432736,-2.544198158081015
1437748706474896,51.7581156189,-1.260158935,111.549858,5735567.8009417085,620079.4180487717,-111.549858,30U,-0.007,-0.015,0.006,0.05617619946797451,-0.019537795830919802,-2.5442041481382742
1437748706581561,51.7581156188,-1.2601589351,111.549858,5735567.800930423,620079.4180421364,-111.549858,30U,-0.008,-0.016,0.005,0.05616982806500029,-0.019580656130943112,-2.544176043869274
1437748706688226,51.7581156188,-1.2601589351,111.549858,5735567.800930423,620079.4180421364,-111.549858,30U,-0.007,-0.017,0.005,0.05616140695956983,-0.019565586972144024,-2.5441937608461376
1437748706794891,51.7581156188,-1.2601589351,111.549858,5735567.800930423,620079.4180421364,-111.549858,30U,-0.006,-0.016,0.005,0.05617891242696243,-0.019549920121851933,-2.5441840656643158
1437748706893223,51.7581156188,-1.2601589351,111.549858,5735567.800930423,620079.4180421364,-111.549858,30U,-0.006,-0.016,0.004,0.05618059999977881,-0.019558499999884446,-2.5441720071670604
1437748706973222,51.7581156188,-1.260158935,111.549858,5735567.800930588,620079.4180490373,-111.549858,30U,-0.004,-0.016,0.004,0.05617113338103989,-0.01957943026054573,-2.544166627137282
1437748707053220,51.7581156189,-1.260158935,111.549858,5735567.8009417085,620079.4180487717,-111.549858,30U,-0.004,-0.016,0.004,0.05616906998123968,-0.01954995963959686,-2.5441500656032896
1437748707154886,51.7581156189,-1.260158935,111.549858,5735567.8009417085,620079.4180487717,-111.549858,30U,-0.004,-0.015,0.003,0.056167197663576654,-0.019577429898547445,-2.544144907003432
1437748707261551,51.7581156189,-1.260158935,111.549858,5735567.8009417085,620079.4180487717,-111.549858,30U,-0.003,-0.015,0.003,0.05617851984132713,-0.019583275494904562,-2.5441345252963496
1437748707368215,51.7581156188,-1.260158935,111.549858,5735567.800930588,620079.4180490373,-111.549858,30U,-0.004,-0.015,0.002,0.05617275150720535,-0.019572864070100338,-2.544128876625492
1437748707473927,51.7581156188,-1.2601589351,111.549858,5735567.800930423,620079.4180421364,-111.549858,30U,-0.004,-0.014,0.001,0.05615616844283176,-0.019570442074952017,-2.544129889422604
1437748707565355,51.7581156188,-1.2601589352,111.549858,5735567.800930258,620079.4180352347,-111.549858,30U,-0.004,-0.015,0.001,0.0561694794651528,-0.01959073710208808,-2.544119270176209
1437748707656782,51.7581156187,-1.2601589352,111.549858,5735567.800919137,620079.4180355005,-111.549858,30U,-0.005,-0.015,0.001,0.05616160926417409,-0.019577234501956368,-2.544115965482537
1437748707761542,51.7581156186,-1.2601589352,111.549858,5735567.800908018,620079.4180357655,-111.549858,30U,-0.005,-0.015,0.0,0.056159170440561124,-0.01957956043418266,-2.5441142417255547
1437748707868207,51.7581156186,-1.2601589353,111.549858,5735567.800907854,620079.4180288638,-111.549858,30U,-0.006,-0.015,0.0,0.05616570000003617,-0.019590000000675744,-2.544098407173556
1437748707974872,51.7581156185,-1.2601589353,111.549858,5735567.800896732,620079.4180291295,-111.549858,30U,-0.006,-0.015,-0.0,0.05616385186390991,-0.01958885488666285,-2.544098906913681
1437748708079633,51.7581156185,-1.2601589353,111.549858,5735567.800896732,620079.4180291295,-111.549858,30U,-0.007,-0.015,-0.001,0.056166953757304336,-0.019577081019447277,-2.5440899577030347
1437748708171060,51.7581156184,-1.2601589353,111.549858,5735567.800885611,620079.4180293946,-111.549858,30U,-0.007,-0.015,-0.001,0.056158256797349614,-0.019589195159544482,-2.544081448036107
1437748708262487,51.7581156183,-1.2601589354,111.549858,5735567.800874326,620079.4180227587,-111.549858,30U,-0.007,-0.016,-0.001,0.056159573435340074,-0.01958764386552675,-2.5440812558753563
1437748708368199,51.7581156183,-1.2601589354,111.549858,5735567.800874326,620079.4180227587,-111.549858,30U,-0.008,-0.016,-0.001,0.05615854979624312,-0.01958702469426664,-2.544068885260871
1437748708473911,51.7581156182,-1.2601589355,111.549858,5735567.800863041,620079.4180161228,-111.549858,30U,-0.008,-0.016,-0.002,0.05615531627884316,-0.019588713371876443,-2.5440635081283385
1437748708565339,51.7581156181,-1.2601589356,111.549858,5735567.800851755,620079.4180094869,-111.549858,30U,-0.008,-0.017,-0.001,0.05615707094560665,-0.0195897999999061,-2.544059018966969
1437748708656766,51.758115618,-1.2601589356,111.549858,5735567.800840634,620079.418009752,-111.549858,30U,-0.008,-0.016,-0.002,0.05614738828826758,-0.019593468469063624,-2.5440463342281254
1437748708761526,51.758115618,-1.2601589356,111.549858,5735567.800840634,620079.418009752,-111.549858,30U,-0.007,-0.016,-0.003,0.05613415159253807,-0.019600891684239584,-2.544038770163133
1437748708868191,51.7581156179,-1.2601589356,111.549858,5735567.800829513,620079.4180100176,-111.549858,30U,-0.006,-0.017,-0.002,0.05614050000079939,-0.019598000000045596,-2.5440448071697497
1437748708974856,51.7581156179,-1.2601589356,111.549858,5735567.800829513,620079.4180100176,-111.549858,30U,-0.005,-0.015,-0.003,0.05614433431812376,-0.019593707603605754,-2.5440321447711196
1437748709079617,51.7581156179,-1.2601589356,111.549858,5735567.800829513,620079.4180100176,-111.549858,30U,-0.005,-0.015,-0.003,0.05616221106242682,-0.019607665211073464,-2.5440274209502327
1437748709171044,51.7581156177,-1.2601589358,111.549858,5735567.800806943,620079.4179967451,-111.549858,30U,-0.004,-0.015,-0.002,0.05614200087923635,-0.01960368809614569,-2.54402080643162
1437748709262471,51.7581156174,-1.2601589361,111.549858,5735567.800773088,620079.4179768373,-111.549858,30U,-0.004,-0.015,-0.004,0.05612763201285568,-0.019592472409659507,-2.5440122192022607
1437748709368183,51.758115617,-1.2601589365,111.549858,5735567.800727946,620079.4179502942,-111.549858,30U,-0.004,-0.016,-0.004,0.05612215888721423,-0.01959935066497516,-2.5440066822150222
1437748709473895,51.7581156164,-1.2601589371,111.549858,5735567.800660234,620079.4179104787,-111.549858,30U,-0.004,-0.017,-0.004,0.05614351442701835,-0.01959977595458998,-2.5440110096192763
1437748709565323,51.7581156156,-1.260158938,111.549858,5735567.800569788,620079.4178504895,-111.549858,30U,-0.005,-0.017,-0.005,0.05614726264550539,-0.01958946799115848,-2.5440053270715777
1437748709656750,51.7581156145,-1.2601589392,111.549858,5735567.800445486,620079.4177705926,-111.549858,30U,-0.005,-0.017,-0.005,0.05612737780390479,-0.019601190582345964,-2.5440068547059123
1437748709761510,51.7581156131,-1.2601589407,111.549858,5735567.800287329,620079.4176707879,-111.549858,30U,-0.004,-0.017,-0.005,0.056121569009560286,-0.019609269009831086,-2.5439987929602843
1437748709868175,51.7581156111,-1.2601589429,111.549866,5735567.800061292,620079.4175242666,-111.549866,30U,-0.003,-0.016,-0.006,0.05612569999969624,-0.019602799999318445,-2.5439971071642127
1437748709974840,51.7581156125,-1.2601589498,111.55027,5735567.800205621,620079.4170443661,-111.55027,30U,-0.003,-0.015,-0.007,0.05614405740418464,-0.019604764224274564,-2.5440013360969904
1437748710079601,51.7581156194,-1.2601589642,111.551338,5735567.800949235,620079.4160322797,-111.551338,30U,-0.003,-0.015,-0.007,0.05613195335034518,-0.019608532824716605,-2.543997644271837
1437748710171028,51.7581156256,-1.2601589844,111.552643,5735567.8016054565,620079.4146217786,-111.552643,30U,-0.002,-0.015,-0.008,0.05611762969497345,-0.01960488415457412,-2.5440033999837373
1437748710262455,51.7581156235,-1.2601590081,111.553696,5735567.801332903,620079.4129917527,-111.553696,30U,-0.002,-0.015,-0.008,0.056135503320373134,-0.01960492292531812,-2.543989286867433
1437748710368168,51.7581156067,-1.2601590341,111.554092,5735567.79942183,620079.4112419984,-111.554092,30U,-0.002,-0.016,-0.008,0.05613764157036365,-0.019605571903311192,-2.5439883688067937
1437748710474833,51.7581155795,-1.2601590648,111.554253,5735567.796346474,620079.4091954769,-111.554253,30U,-0.002,-0.016,-0.009,0.05612852579771096,-0.019609318133868212,-2.543988443541792
1437748710581497,51.7581155534,-1.2601590946,111.554428,5735567.793394925,620079.4072081475,-111.554428,30U,-0.003,-0.016,-0.009,0.05612235968210868,-0.019605504940263786,-2.5439812950571485
1437748710683162,51.7581155376,-1.2601591124,111.554588,5735567.791608558,620079.4060216431,-111.554588,30U,-0.004,-0.017,-0.009,0.05611868140420076,-0.019614405334050792,-2.543977288933103
1437748710763161,51.7581155331,-1.2601591177,111.554764,5735567.791099406,620079.4056678156,-111.554764,30U,-0.004,-0.017,-0.009,0.05614093367497594,-0.019618094878059034,-2.5439776683676825
1437748710843159,51.7581155324,-1.2601591187,111.554947,5735567.791019915,620079.4056006597,-111.554947,30U,-0.005,-0.017,-0.009,0.056137600000111525,-0.01962419999963994,-2.5439672071783055
1437748710941491,51.7581155411,-1.2601591257,111.555977,5735567.791975883,620079.4050944909,-111.555977,30U,-0.005,-0.017,-0.01,0.056136604486995464,-0.019625464169542424,-2.543972644769043
1437748711048156,51.7581155495,-1.2601591336,111.557083,5735567.792897011,620079.4045270063,-111.557083,30U,-0.005,-0.017,-0.01,0.05612741304559306,-0.019633552166667834,-2.5439717086791522
1437748711154822,51.7581155565,-1.2601591436,111.558151,5735567.7936589895,620079.4038183098,-111.558151,30U,-0.005,-0.017,-0.01,0.05612865905010869,-0.01963305905006762,-2.543970104739023
1437748711261487,51.7581155619,-1.2601591545,111.55925,5735567.794241558,620079.4030517474,-111.55925,30U,-0.005,-0.016,-0.011,0.056136457559943044,-0.019635801295680395,-2.5439642147938497
1437748711368152,51.7581155666,-1.2601591658,111.560371,5735567.794745622,620079.4022594362,-111.560371,30U,-0.006,-0.017,-0.01,0.05612255795849303,-0.019641455413710606,-2.543959087889172
1437748711474817,51.7581155696,-1.2601591785,111.561562,5735567.795058333,620079.401375018,-111.561562,30U,-0.005,-0.017,-0.011,0.056110812419716535,-0.019645049678449652,-2.543957517633897
1437748711581481,51.7581155726,-1.2601591911,111.56279,5735567.7953712065,620079.4004975014,-111.56279,30U,-0.005,-0.016,-0.011,0.05612604012422487,-0.01963980257992765,-2.543953962450571
1437748711685289,51.7581155771,-1.2601592019,111.564011,5735567.795853854,620079.3997402267,-111.564011,30U,-0.006,-0.017,-0.011,0.05615152538531058,-0.01965419943266288,-2.5439571747639653
1437748711776716,51.7581155843,-1.2601592101,111.56517,5735567.79664104,620079.3991552226,-111.56517,30U,-0.007,-0.017,-0.01,0.05612376860612867,-0.019649924072381864,-2.5439530444248373
1437748711868143,51.7581155923,-1.2601592178,111.566376,5735567.797518012,620079.3986026023,-111.566376,30U,-0.006,-0.017,-0.012,0.05610199999925048,-0.019655800000816057,-2.5439455071681025
1437748711974808,51.7581155964,-1.2601592216,111.567024,5735567.797967701,620079.3983294772,-111.567024,30U,-0.006,-0.017,-0.011,0.05612478490786146,-0.019654061816942018,-2.5439410230856416
1437748712079568,51.7581156074,-1.2601592318,111.568726,5735567.7991741765,620079.3975963655,-111.568726,30U,-0.006,-0.017,-0.012,0.056149284544866646,-0.01965250054313162,-2.5439408234374286
1437748712170996,51.7581156182,-1.2601592474,111.570824,5735567.8003495205,620079.3964911173,-111.570824,30U,-0.007,-0.018,-0.013,0.05612396109325589,-0.019659023091619064,-2.543936384349556
1437748712262423,51.7581156238,-1.2601592628,111.572502,5735567.80094692,620079.3954134674,-111.572502,30U,-0.007,-0.018,-0.013,0.05610663834787333,-0.019660146186558113,-2.5439306383416858
1437748712353850,51.7581156222,-1.2601592717,111.573112,5735567.800754338,620079.3948035009,-111.573112,30U,-0.007,-0.017,-0.013,0.05611340799833095,-0.019659077090360792,-2.5439255383499852
1437748712445278,51.7581156157,-1.2601592777,111.573235,5735567.800021618,620079.3944066709,-111.573235,30U,-0.008,-0.018,-0.014,0.05614536181788901,-0.019664115635999815,-2.5439276383475944
1437748712548133,51.758115608,-1.2601592847,111.573425,5735567.799153804,620079.3939440119,-111.573425,30U,-0.009,-0.018,-0.014,0.05614047654706491,-0.019673961816727162,-2.5439199692661414
1437748712654797,51.7581156026,-1.2601592897,111.573616,5735567.798545058,620079.3936132755,-111.573616,30U,-0.01,-0.019,-0.014,0.05611870763649941,-0.01967813800216409,-2.543923907636505
1437748712761462,51.7581156029,-1.2601592894,111.573814,5735567.798578914,620079.3936331833,-111.573814,30U,-0.009,-0.018,-0.015,0.05612418495791239,-0.019676922881249573,-2.5439225154571736
1437748712868127,51.7581156045,-1.2601592879,111.574051,5735567.798759314,620079.3937324572,-111.574051,30U,-0.009,-0.018,-0.015,0.05613670000013878,-0.019673199999707288,-2.5439201071646056
1437748712974792,51.7581156129,-1.2601592974,111.575722,5735567.799677806,620079.3930545527,-111.575722,30U,-0.009,-0.018,-0.015,0.05612573072796304,-0.01967686927171627,-2.54391392327108
1437748713081457,51.758115622,-1.2601593052,111.577385,5735567.800676941,620079.3924921125,-111.577385,30U,-0.009,-0.018,-0.015,0.05610874600049672,-0.01967072309126471,-2.5439100534397956
1437748713188122,51.7581156273,-1.2601593163,111.579063,5735567.80124806,620079.3917120124,-111.579063,30U,-0.008,-0.017,-0.016,0.05612101563546765,-0.019672776727693082,-2.543897392350163
1437748713290978,51.7581156293,-1.2601593302,111.580719,5735567.801447588,620079.3907474328,-111.580719,30U,-0.009,-0.018,-0.015,0.05613985402651796,-0.01967324661047029,-2.54388909172132
1437748713382405,51.7581156304,-1.2601593447,111.58239,5735567.801546039,620079.3897438322,-111.58239,30U,-0.009,-0.018,-0.016,0.056144630364362146,-0.01967400018080945,-2.5438875309082767
1437748713473832,51.7581156297,-1.2601593613,111.584145,5735567.801440864,620079.3886000818,-111.584145,30U,-0.009,-0.017,-0.016,0.056124776727503246,-0.019677100000752724,-2.5438870309063524
1437748713565259,51.7581156282,-1.2601593779,111.585899,5735567.801246724,620079.3874584532,-111.585899,30U,-0.01,-0.017,-0.016,0.056116053636478966,-0.01968774636258223,-2.543883230713705
1437748713656686,51.7581156299,-1.2601593917,111.587639,5735567.801413055,620079.3865015705,-111.587639,30U,-0.009,-0.018,-0.016,0.0561222312712543,-0.019688431090154376,-2.5438870923593955
1437748713761446,51.7581156386,-1.2601594008,111.589363,5735567.802365567,620079.3858504748,-111.589363,30U,-0.009,-0.018,-0.016,0.05612482245687497,-0.01967168453380844,-2.543889576905399
1437748713868111,51.7581156486,-1.2601594076,111.591179,5735567.803466434,620079.3853546595,-111.591179,30U,-0.009,-0.017,-0.017,0.056113100000077853,-0.01969840000068939,-2.543877707165502
1437748713959538,51.7581156549,-1.2601594101,111.592079,5735567.804162918,620079.3851654141,-111.592079,30U,-0.008,-0.017,-0.016,0.05613398400253263,-0.019716468729464844,-2.5438754385341804
1437748714050965,51.7581156669,-1.2601594193,111.594444,5735567.805482246,620079.3844986624,-111.594444,30U,-0.008,-0.017,-0.017,0.056111653818514316,-0.019674522910411083,-2.5438851539967278
1437748714154774,51.7581156764,-1.2601594351,111.597351,5735567.806512693,620079.3833830607,-111.597351,30U,-0.009,-0.015,-0.018,0.056085237820462416,-0.019696277996223557,-2.543868253624515
1437748714261438,51.7581156801,-1.2601594515,111.599686,5735567.806897155,620079.382241439,-111.599686,30U,-0.009,-0.017,-0.017,0.05607522394151922,-0.019747345974089746,-2.5438579457623125
1437748714368104,51.7581156778,-1.2601594611,111.600533,5735567.806625575,620079.3815850209,-111.600533,30U,-0.009,-0.018,-0.017,0.056082207455896725,-0.019696837094996145,-2.5438582154505887
1437748714474769,51.7581156714,-1.2601594686,111.600716,5735567.805901505,620079.3810844064,-111.600716,30U,-0.01,-0.017,-0.019,0.05611560054376915,-0.019681093450216968,-2.5438678770871825
1437748714581434,51.7581156639,-1.260159475,111.600945,5735567.805056922,620079.3806626245,-111.600945,30U,-0.01,-0.016,-0.018,0.05616306290527484,-0.019735861817567365,-2.5438605612603697
1437748714688099,51.7581156572,-1.260159482,111.601105,5735567.804300315,620079.380197312,-111.601105,30U,-0.013,-0.02,-0.018,0.05617740727421413,-0.019739291457615375,-2.5438539310861543
1437748714794763,51.7581156546,-1.2601594867,111.601234,5735567.80400344,620079.3798798503,-111.601234,30U,-0.013,-0.02,-0.019,0.05606489936255324,-0.019706092160631107,-2.5438778004184437
1437748714893095,51.7581156546,-1.2601594874,111.60141,5735567.804002287,620079.379831542,-111.60141,30U,-0.012,-0.018,-0.019,0.056097899999180724,-0.01974039999999912,-2.543848007176874
1437748714973094,51.758115661,-1.2601594991,111.603546,5735567.804694745,620079.3790071157,-111.603546,30U,-0.013,-0.019,-0.019,0.056172723815811426,-0.019763284545966434,-2.5438421312641473
1437748715053092,51.7581156683,-1.2601595107,111.605637,5735567.805487452,620079.3781872041,-111.605637,30U,-0.015,-0.021,-0.018,0.05614457582107769,-0.019734929640704536,-2.5438624305429056
1437748715154758,51.758115672,-1.2601595246,111.607658,5735567.8058760315,620079.3772181139,-111.607658,30U,-0.015,-0.019,-0.018,0.05609119963829442,-0.0197178618163672,-2.543844483810899
1437748715261422,51.7581156721,-1.2601595389,111.609795,5735567.805863607,620079.3762309691,-111.609795,30U,-0.015,-0.019,-0.019,0.05608077034131865,-0.01976983156920598,-2.5438257002109705
1437748715368088,51.7581156721,-1.2601595555,111.611855,5735567.805836276,620079.3750853613,-111.611855,30U,-0.014,-0.02,-0.018,0.05615017709053815,-0.019747976003043132,-2.5438268381830955
1437748715473800,51.7581156702,-1.2601595762,111.614037,5735567.805590903,620079.373661843,-111.614037,30U,-0.016,-0.021,-0.019,0.05615175399900798,-0.019728538726694608,-2.5437979614488224
1437748715565228,51.758115665,-1.2601595984,111.616264,5735567.804976081,620079.3721435608,-111.616264,30U,-0.018,-0.021,-0.02,0.05611299945689563,-0.019761254000244064,-2.543808245993426
1437748715656655,51.7581156641,-1.2601596175,111.618492,5735567.804844547,620079.3708278091,-111.618492,30U,-0.017,-0.022,-0.02,0.056103676909850464,-0.019769638544517354,-2.543809846530163
1437748715761414,51.7581156721,-1.2601596289,111.620667,5735567.805715429,620079.370019842,-111.620667,30U,-0.017,-0.021,-0.02,0.05613149322221316,-0.01973310741399103,-2.5438024768948497
1437748715868079,51.7581156813,-1.2601596375,111.622902,5735567.806724368,620079.3694019261,-111.622902,30U,-0.017,-0.021,-0.021,0.05612979999976598,-0.019759100000402388,-2.543801207167819
1437748715974744,51.75811569,-1.26015965,111.625252,5735567.807671282,620079.3685161887,-111.625252,30U,-0.017,-0.022,-0.02,0.05610709181931958,-0.019763506911385113,-2.5438010003463023
1437748716079504,51.7581157009,-1.2601596596,111.627594,5735567.808867625,620079.3678247503,-111.627594,30U,-0.016,-0.021,-0.02,0.056081146182265104,-0.01974408508992711,-2.543802438724499
1437748716170932,51.7581157064,-1.2601596727,111.629913,5735567.809457691,620079.3669060941,-111.629913,30U,-0.016,-0.021,-0.02,0.05608501581632688,-0.01974787690848419,-2.5437923230754067
1437748716262359,51.7581157059,-1.2601596905,111.632301,5735567.809372783,620079.3656789984,-111.632301,30U,-0.017,-0.021,-0.021,0.05613721461745005,-0.019761984745167264,-2.543786069490884
1437748716368072,51.7581157039,-1.2601597095,111.634583,5735567.809119087,620079.364373066,-111.634583,30U,-0.018,-0.022,-0.02,0.056100562361073636,-0.019755115635376897,-2.5437910076207495
1437748716473784,51.7581156998,-1.260159733,111.636955,5735567.80862445,620079.3627621499,-111.636955,30U,-0.018,-0.021,-0.02,0.05607426800374394,-0.019748022728997863,-2.5437800614392803
1437748716565212,51.758115694,-1.2601597572,111.639381,5735567.8079396095,620079.3611074343,-111.639381,30U,-0.018,-0.022,-0.021,0.05610447799677851,-0.019753930727857062,-2.5437763690905277
1437748716656639,51.7581156924,-1.2601597777,111.641708,5735567.807727928,620079.3596969221,-111.641708,30U,-0.019,-0.022,-0.02,0.056098477453581055,-0.019760607273725726,-2.54377446926473
1437748716761399,51.7581156989,-1.26015979,111.644035,5735567.808430519,620079.358830824,-111.644035,30U,-0.02,-0.022,-0.021,0.056130983048510164,-0.019758893433704097,-2.543775415041199
1437748716868063,51.7581157073,-1.2601597998,111.646416,5735567.809348517,620079.3581322152,-111.646416,30U,-0.019,-0.022,-0.021,0.05607830000055005,-0.019770500000638895,-2.5437726071729516
1437748716974728,51.7581157165,-1.2601598123,111.648857,5735567.810351035,620079.3572451513,-111.648857,30U,-0.017,-0.021,-0.02,0.05609310745595445,-0.01976880836120535,-2.5437649229071337
1437748717079488,51.7581157286,-1.2601598208,111.651276,5735567.811682636,620079.356626443,-111.651276,30U,-0.017,-0.021,-0.021,0.05611687727131561,-0.019757985089312202,-2.5437562843650947
1437748717170916,51.7581157346,-1.2601598336,111.653687,5735567.812328799,620079.3557271647,-111.653687,30U,-0.018,-0.021,-0.021,0.056113884183492085,-0.019761869816981352,-2.5437515307165306
1437748717262343,51.758115735,-1.2601598507,111.656036,5735567.812345128,620079.354545989,-111.656036,30U,-0.018,-0.021,-0.021,0.056096499574914194,-0.019762608899342386,-2.543757315243817
1437748717368056,51.7581157345,-1.2601598681,111.658386,5735567.812260877,620079.3533464979,-111.658386,30U,-0.018,-0.021,-0.021,0.056094739089222974,-0.019768246181926637,-2.543747492356254
1437748717473768,51.7581157324,-1.2601598911,111.660851,5735567.811989477,620079.3517647809,-111.660851,30U,-0.017,-0.022,-0.02,0.05610536217883224,-0.019781290732613466,-2.543749430718921
1437748717565196,51.7581157283,-1.2601599159,111.663231,5735567.811492699,620079.3500641478,-111.663231,30U,-0.018,-0.022,-0.02,0.056106760730360486,-0.01977616272314232,-2.5437583076205765
1437748717656623,51.7581157246,-1.260159939,111.665619,5735567.811043205,620079.3484797749,-111.665619,30U,-0.018,-0.022,-0.021,0.056088723091134995,-0.019783045999770224,-2.543754307622637
1437748717761383,51.7581157255,-1.2601599556,111.667992,5735567.811115959,620079.3473317802,-111.667992,30U,-0.018,-0.022,-0.02,0.05609824661109819,-0.01979304533837542,-2.543752546183996
1437748717868047,51.7581157276,-1.2601599705,111.670273,5735567.81132496,620079.3462979216,-111.670273,30U,-0.019,-0.022,-0.02,0.05612680000043862,-0.0198180000001699,-2.5437351071682697
1437748717974712,51.7581157302,-1.2601599889,111.672707,5735567.811583802,620079.3450211937,-111.672707,30U,-0.02,-0.022,-0.02,0.05611664600122709,-0.01981101581733129,-2.5437308229085547
1437748718079473,51.7581157346,-1.2601600023,111.675156,5735567.812051048,620079.3440847524,-111.675156,30U,-0.02,-0.022,-0.02,0.05609924618210477,-0.019837400181290505,-2.543721061264595
1437748718170900,51.7581157368,-1.2601600174,111.677574,5735567.812270841,620079.3430368268,-111.677574,30U,-0.02,-0.022,-0.02,0.05612173108956126,-0.019842885632447134,-2.5437125305315433
1437748718262327,51.758115735,-1.2601600366,111.679977,5735567.812039057,620079.3417165616,-111.679977,30U,-0.02,-0.022,-0.02,0.05614398453319771,-0.019833637923374968,-2.543718769699647
1437748718368040,51.7581157309,-1.260160057,111.68232,5735567.811549525,620079.3403195837,-111.68232,30U,-0.021,-0.022,-0.02,0.0561409530935092,-0.019835284908559597,-2.543711015446126
1437748718474705,51.7581157246,-1.2601600837,111.684784,5735567.810804967,620079.3384936631,-111.684784,30U,-0.021,-0.023,-0.02,0.05610474581929755,-0.01985176199828633,-2.5437105387268946
1437748718581370,51.7581157154,-1.2601601103,111.687088,5735567.8097380735,620079.3366823383,-111.687088,30U,-0.026,-0.017,-0.015,0.0560708271028316,-0.019766303831182032,-2.54375551799102
1437748718683035,51.7581156974,-1.2601601067,111.688347,5735567.8077422865,620079.3369785385,-111.688347,30U,-0.05,0.011,-0.004,0.05561306419912573,-0.01915179495288043,-2.544205586865537
1437748718763033,51.7581156661,-1.2601600436,111.689156,5735567.804365418,620079.3414162686,-111.689156,30U,-0.075,0.049,-0.006,0.055517423517620575,-0.01837455845870145,-2.544935004256401
1437748718843032,51.7581156159,-1.2601599209,111.690575,5735567.798984879,620079.3500172873,-111.690575,30U,-0.098,0.087,-0.015,0.05533959999926399,-0.018044099999790408,-2.5457819071768673
1437748718941363,51.7581155417,-1.260159754,111.692902,5735567.7910081595,620079.3617323322,-111.692902,30U,-0.125,0.119,-0.02,0.05512950727337217,-0.018148871627840766,-2.5472178788086213
1437748719048028,51.7581154472,-1.2601595337,111.695206,5735567.780861871,620079.3771865023,-111.695206,30U,-0.147,0.155,-0.017,0.05502975110025482,-0.018247639089390144,-2.549148589533566
1437748719154694,51.7581153252,-1.2601592656,111.697296,5735567.767736109,620079.3960124305,-111.697296,30U,-0.171,0.191,-0.017,0.05487719818842989,-0.018257370359384868,-2.551257509335808
1437748719261358,51.7581151723,-1.2601589523,111.699554,5735567.751248491,620079.418039703,-111.699554,30U,-0.199,0.226,-0.02,0.05472015105552641,-0.018424180726243005,-2.5538823636318497
1437748719368024,51.7581149934,-1.2601585884,111.701797,5735567.731952816,620079.443627988,-111.701797,30U,-0.223,0.262,-0.018,0.05462124545640272,-0.01860604126271796,-2.5570096909240645
1437748719474689,51.7581147922,-1.2601581808,111.704094,5735567.710249191,620079.4722912832,-111.704094,30U,-0.246,0.296,-0.018,0.05435438728936253,-0.018738387626873257,-2.560377673638323
1437748719581354,51.7581145667,-1.2601577282,111.706451,5735567.685917345,620079.5041246118,-111.706451,30U,-0.269,0.327,-0.019,0.054100627828830544,-0.01895482725829791,-2.564248533793901
1437748719685162,51.7581143256,-1.2601572199,111.708748,5735567.659942382,620079.539843325,-111.708748,30U,-0.294,0.37,-0.014,0.05397424928818521,-0.01923627781429075,-2.5685873339483396
1437748719776589,51.7581140625,-1.2601566074,111.709534,5735567.631692443,620079.5828115115,-111.709534,30U,-0.344,0.453,0.006,0.05355095528632138,-0.018619227937311113,-2.57364443657374
1437748719868016,51.7581137463,-1.260155854,111.708961,5735567.597769429,620079.6356444376,-111.708961,30U,-0.412,0.556,0.011,0.05358690000018167,-0.017340900000725894,-2.5796656071718504
1437748719974681,51.7581133667,-1.2601549455,111.708954,5735567.557051297,620079.6993494114,-111.708954,30U,-0.48,0.673,-0.001,0.05382768490820182,-0.01654835837399697,-2.5867772930841952
1437748720079441,51.7581129319,-1.2601538569,111.710358,5735567.510491099,620079.7756299902,-111.710358,30U,-0.545,0.792,-0.015,0.053962419802562354,-0.01692670269157538,-2.5951053720990043
1437748720170868,51.7581124288,-1.26015261,111.712616,5735567.456596144,620079.8630164559,-111.712616,30U,-0.614,0.901,-0.016,0.053730950247340196,-0.017617972171397298,-2.6051150405575516
1437748720262295,51.7581118545,-1.2601512107,111.714577,5735567.395034217,620079.9611093309,-111.714577,30U,-0.682,1.012,-0.015,0.05211253492795656,-0.017638921395060903,-2.617297389727627
1437748720353722,51.7581112288,-1.2601496431,111.716667,5735567.328033383,620080.0709533823,-111.716667,30U,-0.719,1.134,-0.017,0.05160493163418586,-0.017832009629377952,-2.6308194505946596
1437748720445149,51.7581105688,-1.2601479063,111.718513,5735567.257496753,620080.1925653568,-111.718513,30U,-0.757,1.255,-0.006,0.05169888454565242,-0.017790450013290413,-2.6460248642813884
1437748720548005,51.7581098562,-1.2601459984,111.71891,5735567.181392379,620080.3261249292,-111.71891,30U,-0.816,1.376,0.01,0.05136827530425664,-0.017623882552630924,-2.664439062673769
1437748720654670,51.7581090911,-1.26014391,111.717979,5735567.099746861,620080.4722805524,-111.717979,30U,-0.852,1.51,0.017,0.05010732573320657,-0.017500488921196246,-2.685134920799397
1437748720761335,51.7581083,-1.2601416235,111.71727,5735567.0155361425,620080.6321765443,-111.71727,30U,-0.875,1.643,0.007,0.04773891393301428,-0.017327490676225396,-2.707265696552443
1437748720868000,51.7581074855,-1.260139145,111.717323,5735566.929039317,620080.8053850287,-111.717323,30U,-0.892,1.773,0.002,0.046531600000158095,-0.017420799999275607,-2.732044207169893
1437748720974665,51.7581066656,-1.2601364704,111.717659,5735566.842264854,620080.9921412036,-111.717659,30U,-0.896,1.914,0.005,0.044201381182391336,-0.01793055614795199,-2.759634924067969
1437748721081329,51.7581058513,-1.260133581,111.718079,5735566.75646681,620081.1937064208,-111.718079,30U,-0.89,2.059,0.003,0.04195444507131871,-0.01898463976132198,-2.7894459785211154
1437748721187994,51.7581050515,-1.2601304694,111.717712,5735566.6726471055,620081.410567761,-111.717712,30U,-0.877,2.207,0.023,0.03976471858768908,-0.019942258166486922,-2.8215636065669965
1437748721290850,51.7581042762,-1.2601271434,111.714455,5735566.591904966,620081.6421603966,-111.714455,30U,-0.838,2.351,0.048,0.03746536963180448,-0.018738431073354326,-2.856447006845086
1437748721382277,51.7581035403,-1.2601236004,111.710709,5735566.5159016475,620081.8886242277,-111.710709,30U,-0.791,2.504,0.037,0.03506707465846138,-0.016282267539217094,-2.893933847782639
1437748721473704,51.7581028582,-1.260119832,111.708542,5735566.446252353,620082.1505007579,-111.708542,30U,-0.725,2.668,0.028,0.031683099303771785,-0.015636164147054543,-2.9336942756773294
1437748721565132,51.7581022386,-1.2601158255,111.705933,5735566.3839454865,620082.4286433619,-111.705933,30U,-0.655,2.827,0.041,0.025819304300803227,-0.016441791069181685,-2.975512983029987
1437748721656559,51.7581016846,-1.2601115908,111.701088,5735566.329309495,620082.7223605908,-111.701088,30U,-0.566,2.976,0.065,0.020759872537006195,-0.01556856554672281,-3.019557575117678
1437748721761319,51.7581012387,-1.2601071528,111.697182,5735566.287029649,620083.029821275,-111.697182,30U,-0.414,3.106,0.021,0.018719267757847827,-0.013916560580486369,-3.06577724399216
1437748721867984,51.7581009401,-1.2601026481,111.696289,5735566.26124033,620083.3414942968,-111.696289,30U,-0.263,3.232,0.008,0.017668599999915414,-0.013787700000130462,-3.1128161071667964
1437748721959411,51.7581007593,-1.2600978475,111.695236,5735566.249038327,620083.6732755947,-111.695236,30U,-0.117,3.357,0.025,0.01886964420046229,-0.013102339798494074,3.119925721099302
1437748722050838,51.7581007225,-1.26009287,111.694725,5735566.2531413175,620084.016883162,-111.694725,30U,0.069,3.476,0.013,0.01938422466259333,-0.013691094387168408,3.0677287575896752
1437748722154646,51.758100853,-1.2600877332,111.69342,5735566.276111432,620084.371040556,-111.69342,30U,0.268,3.577,0.012,0.0196341133825248,-0.014623526474732581,3.0144368804977018
1437748722261310,51.7581011592,-1.2600824573,111.693954,5735566.318849545,620084.7343314326,-111.693954,30U,0.452,3.681,0.019,0.01580790770973272,-0.016211806166070434,2.960162455059612
1437748722367976,51.7581016176,-1.2600770378,111.690292,5735566.378749721,620085.1071286935,-111.690292,30U,0.659,3.765,0.058,0.013223685554832245,-0.015916314331525547,2.903727235319532
1437748722474641,51.7581023112,-1.2600715509,111.68811,5735566.464916622,620085.4839533658,-111.68811,30U,0.957,3.791,0.008,0.014155287712157157,-0.01639091366905251,2.847731135001751
1437748722581306,51.7581032453,-1.2600660161,111.688797,5735566.577907535,620085.8634456369,-111.688797,30U,1.19,3.839,0.003,0.013819382244711591,-0.01687565810112117,2.7917845168155355
1437748722687971,51.7581043751,-1.2600603873,111.686279,5735566.712816319,620086.2489058415,-111.686279,30U,1.397,3.894,0.068,0.011300982304502149,-0.015602820692855375,2.7340150235225047
1437748722794636,51.7581057307,-1.260054685,111.677986,5735566.872956541,620086.6388393559,-111.677986,30U,1.661,3.906,0.099,0.006383624183287136,-0.01217422142133057,2.67430459918455
1437748722892968,51.758107349,-1.2600489828,111.67144,5735567.062310521,620087.0280689471,-111.67144,30U,1.944,3.885,0.036,0.0017408000004123566,-0.010358299999470107,2.6144380999999672
1437748722972966,51.7581092407,-1.2600433341,111.671959,5735567.281980243,620087.4128809505,-111.671959,30U,2.251,3.823,-0.015,0.002717452601625734,-0.01296121355204596,2.55401205215626
1437748723052964,51.758111425,-1.2600377714,111.673027,5735567.534047356,620087.79098151,-111.673027,30U,2.553,3.765,0.015,0.0068818019241708725,-0.015271720718979141,2.4942564102573965
1437748723154630,51.7581138634,-1.2600322977,111.671387,5735567.814225477,620088.1622657308,-111.671387,30U,2.834,3.71,0.036,0.009095241007778122,-0.01674904011351977,2.434384995839922
1437748723261295,51.7581165397,-1.2600269038,111.669861,5735568.12072821,620088.5274115062,-111.669861,30U,3.096,3.652,-0.007,0.007169381132273589,-0.01914159533599824,2.3751432143344453
1437748723367960,51.758119463,-1.2600216403,111.673477,5735568.454484217,620088.882902653,-111.673477,30U,3.388,3.528,-0.053,0.0059392783865048985,-0.02288887242908634,2.3174400427152317
1437748723473672,51.7581226561,-1.2600165803,111.678139,5735568.817908633,620089.2236338573,-111.678139,30U,3.686,3.392,0.003,0.0069961328636514025,-0.027682944141423936,2.2611764950596154
1437748723565100,51.7581261011,-1.2600117303,111.673386,5735569.20900016,620089.5492040282,-111.673386,30U,3.941,3.244,0.082,0.007123777378869668,-0.029016776489102364,2.205767703779009
1437748723656527,51.7581297771,-1.2600070952,111.663689,5735569.62542652,620089.8593304565,-111.663689,30U,4.187,3.072,0.128,0.010241150187441327,-0.027527973297577182,2.150248799606082
1437748723761287,51.7581336845,-1.2600026952,111.650879,5735570.0671989275,620090.1526180268,-111.650879,30U,4.411,2.906,0.114,0.0063239599666720285,-0.02458491593570818,2.0944283398326053
1437748723867952,51.7581377877,-1.2599985317,111.64415,5735570.530356129,620090.4290645777,-111.64415,30U,4.634,2.704,0.045,0.002164400000381959,-0.024727100000035987,2.0395412999995584
1437748723974617,51.7581421096,-1.2599947122,111.63829,5735571.017267743,620090.6811905082,-111.63829,30U,4.868,2.459,0.11,-0.0011214491790853258,-0.025233013354323833,1.9891962794585367
1437748724079376,51.7581466291,-1.2599912322,111.626053,5735571.525594719,620090.9093623616,-111.626053,30U,5.059,2.231,0.133,-0.0016363109359319083,-0.02259248518303932,1.942363249355729
1437748724170804,51.7581512948,-1.2599880671,111.616562,5735572.049661557,620091.1154142289,-111.616562,30U,5.217,2.042,0.082,0.0012320497251264715,-0.020715517957635834,1.8980194146476268
1437748724262231,51.7581560879,-1.259985179,111.613426,5735572.587439983,620091.3020115669,-111.613426,30U,5.361,1.859,-0.009,0.002538736249618306,-0.021359755582356022,1.8567461640365577
1437748724367944,51.7581610091,-1.2599825727,111.613495,5735573.138999935,620091.4688212656,-111.613495,30U,5.496,1.657,0.031,0.0002619766347113357,-0.023450274617403816,1.8208405137777937
1437748724473656,51.7581660349,-1.2599802349,111.609299,5735573.701749961,620091.6168235466,-111.609299,30U,5.593,1.492,0.059,-0.0001899435978092435,-0.024394086530943673,1.7893324787839107
1437748724565084,51.7581711414,-1.2599781493,111.604271,5735574.273059069,620091.7472067319,-111.604271,30U,5.678,1.308,0.068,0.00312325844278182,-0.025312037150465153,1.7613793467520076
1437748724656511,51.7581763324,-1.2599763033,111.597595,5735574.853370589,620091.8608303004,-111.597595,30U,5.745,1.159,0.061,0.007206792085021174,-0.02482224566951336,1.7378561632670482
1437748724761271,51.7581815943,-1.2599745977,111.592873,5735575.441335458,620091.964576375,-111.592873,30U,5.799,1.08,0.046,0.007557098862772878,-0.025323573949608432,1.7172693767249316
1437748724867936,51.7581869037,-1.2599729981,111.587631,5735576.03440809,620092.0608810731,-111.587631,30U,5.857,0.991,0.083,0.005309300000544403,-0.025037099999179812,1.6986941000004567
1437748724974601,51.7581922622,-1.2599715529,111.579262,5735576.632686717,620092.1463999497,-111.579262,30U,5.91,0.874,0.1,0.0006069898724749729,-0.02304900909496249,1.6821577627439988
1437748725079362,51.7581976639,-1.2599702817,111.571716,5735577.235482948,620092.2197960224,-111.571716,30U,5.959,0.752,0.062,0.001944527709489685,-0.0206818451231549,1.6673664851612147
1437748725170788,51.7582030886,-1.2599691936,111.565224,5735577.840535435,620092.2804948777,-111.565224,30U,6.001,0.645,0.071,0.007196870268705363,-0.01881903016004527,1.653810817419184
1437748725262215,51.7582085326,-1.2599682352,111.560951,5735578.447520641,620092.3321916,-111.560951,30U,6.034,0.586,0.052,0.014848351748242627,-0.0173742778483833,1.6413868671622984
1437748725367928,51.7582140046,-1.259967357,111.557617,5735579.057487567,620092.3782792189,-111.557617,30U,6.066,0.549,0.026,0.01657680742755471,-0.01586267156889766,1.6303613971003061
1437748725473640,51.7582194992,-1.2599665185,111.558022,5735579.669902383,620092.4215670667,-111.558022,30U,6.093,0.525,-0.008,0.010981399545429656,-0.016563389467165072,1.6199070123813895
1437748725565068,51.7582250196,-1.2599657475,111.558846,5735580.285075181,620092.4601281092,-111.558846,30U,6.125,0.456,0.007,0.004016957584937803,-0.017755625640239612,1.6104423400929846
1437748725656495,51.7582305838,-1.2599650913,111.558372,5735580.904929781,620092.4906503047,-111.558372,30U,6.153,0.338,0.017,0.005286421896587363,-0.019448628518014432,1.601749909731927
1437748725761255,51.7582361922,-1.2599645582,111.559311,5735581.529497006,620092.5125597913,-111.559311,30U,6.187,0.277,0.002,0.012247039861632048,-0.021614078742348514,1.593549953358304
1437748725867920,51.7582418304,-1.2599640861,111.557915,5735582.157277736,620092.5301804455,-111.557915,30U,6.222,0.238,0.035,0.01842620000062906,-0.022030299999876823,1.5852303000007446
1437748725974585,51.7582474974,-1.2599636391,111.554321,5735582.788219879,620092.5459924663,-111.554321,30U,6.255,0.244,0.041,0.018217507627445277,-0.02083741220289006,1.57763120282465
1437748726079345,51.7582531928,-1.259963207,111.549774,5735583.422295745,620092.5607008394,-111.549774,30U,6.292,0.205,0.058,0.01709889568526259,-0.01891902437512863,1.5704618189399924
1437748726170772,51.7582588943,-1.2599628872,111.545097,5735584.056865058,620092.5676429374,-111.545097,30U,6.323,0.13,0.048,0.01580440477807343,-0.0173634555102413,1.563962366795965
1437748726262199,51.7582646085,-1.2599626784,111.541138,5735584.692663916,620092.5668909658,-111.541138,30U,6.351,0.07,0.046,0.01895495069670926,-0.01696958431428616,1.5586598363568667
1437748726367912,51.7582703464,-1.259962548,111.538811,5735585.330969271,620092.5606655426,-111.538811,30U,6.38,0.038,0.014,0.022202613091415194,-0.017321679539649026,1.5541540106207659
1437748726474577,51.7582761083,-1.2599624395,111.538956,5735585.971907518,620092.5528650671,-111.538956,30U,6.41,0.032,0.001,0.02521723199821551,-0.01833217378358859,1.550492336663575
1437748726581242,51.7582818977,-1.2599623621,111.539551,5735586.6158527285,620092.542845339,-111.539551,30U,6.449,0.011,0.013,0.025992449640378106,-0.019525842128468758,1.5480285372092406
1437748726682907,51.7582877359,-1.2599622726,111.538933,5735587.26524473,620092.5335311742,-111.538933,30U,6.473,0.004,0.021,0.026613865207154197,-0.020876752487971363,1.546407145555449
1437748726762906,51.7582936218,-1.2599621863,111.535896,5735587.919936005,620092.5238696034,-111.535896,30U,6.492,-0.013,0.044,0.02709480159433972,-0.02048838652473459,1.5460685558257188
1437748726842905,51.7582995171,-1.2599621042,111.53347,5735588.575665705,620092.5138932352,-111.53347,30U,6.492,-0.008,0.025,0.02786689999977112,-0.020449599999463688,1.546216899999971
1437748726941236,51.7583054099,-1.259962007,111.531952,5735589.231142251,620092.5049655834,-111.531952,30U,6.482,0.005,0.024,0.02814417289203315,-0.020958822676036895,1.5463711909647702
1437748727047901,51.7583112938,-1.259961897,111.528648,5735589.885650138,620092.4969448997,-111.528648,30U,6.472,0.014,0.046,0.026915457180364977,-0.02081357735307031,1.5466152703877023
1437748727154566,51.7583171304,-1.2599618108,111.527168,5735590.53485878,620092.4874072253,-111.527168,30U,6.439,0.004,0.005,0.02690375401294674,-0.022167844603807038,1.546858202905914
1437748727261231,51.7583229265,-1.2599617514,111.526176,5735591.179519437,620092.4761274818,-111.526176,30U,6.408,0.005,0.028,0.026387689120361612,-0.02279120137290109,1.5473076040349119
1437748727367896,51.7583286937,-1.2599616738,111.523766,5735591.820996202,620092.4661804398,-111.523766,30U,6.386,0.021,0.026,0.02662443432943766,-0.021119080979144608,1.5475557592798677
1437748727474561,51.7583344394,-1.2599615964,111.521927,5735592.460081702,620092.4562766395,-111.521927,30U,6.366,0.016,0.031,0.026877883107400167,-0.021263405869568895,1.5475604897260242
1437748727581226,51.7583401653,-1.2599615316,111.518295,5735593.0969445715,620092.4455558194,-111.518295,30U,6.344,0.009,0.043,0.027470944603181745,-0.021425128805860987,1.5477087794529854
1437748727685034,51.7583458937,-1.2599614521,111.515747,5735593.734109661,620092.4358428422,-111.515747,30U,6.32,0.013,0.024,0.02882015965456872,-0.02247377050356721,1.547839395885183
1437748727776461,51.7583516214,-1.2599613405,111.517914,5735594.371249763,620092.4283470106,-111.517914,30U,6.287,0.011,-0.013,0.029128893220118007,-0.025204200900526545,1.5478027386877797
1437748727867888,51.758357321,-1.2599612268,111.517754,5735595.005268427,620092.4210706607,-111.517754,30U,6.25,0.016,0.03,0.02952509999997021,-0.0261047000007826,1.5481201000005067
1437748727974553,51.7583629835,-1.2599611013,111.514038,5735595.635180769,620092.4147070895,-111.514038,30U,6.199,0.024,0.043,0.02823265591369869,-0.025633235021519478,1.5484166774106478
1437748728079314,51.7583685962,-1.2599609795,111.508682,5735596.2595489435,620092.4082203072,-111.508682,30U,6.144,0.012,0.068,0.02973983830189332,-0.025028080575683145,1.5488349708487281
1437748728170740,51.7583741231,-1.2599608917,111.503494,5735596.874319631,620092.399614768,-111.503494,30U,6.072,0.026,0.044,0.029612697237369763,-0.025083749524200928,1.5491436905319285
1437748728262167,51.7583795654,-1.2599607956,111.500648,5735597.479695934,620092.3918064986,-111.500648,30U,5.996,0.032,0.025,0.030403603883288652,-0.025528084458053903,1.5491307781410628
1437748728353594,51.7583849378,-1.2599607021,111.498978,5735598.077294637,620092.3840042648,-111.498978,30U,5.924,0.035,0.025,0.028519249555316758,-0.026342654360001803,1.5491534625605972
1437748728445021,51.7583902476,-1.2599606114,111.497017,5735598.667927216,620092.3761748942,-111.497017,30U,5.864,0.028,0.037,0.028275387366535305,-0.0261042974388453,1.5492871638273413
1437748728547877,51.7583955059,-1.2599605414,111.493713,5735599.252798583,620092.3670536192,-111.493713,30U,5.81,0.019,0.047,0.029372113639116203,-0.025730134963315932,1.5496671337847276
1437748728654542,51.7584007399,-1.259960453,111.489799,5735599.834997938,620092.3592666407,-111.489799,30U,5.755,0.025,0.034,0.030984486530891007,-0.02540516825969077,1.54981603579937
1437748728761207,51.758405954,-1.259960331,111.485962,5735600.415039613,620092.3538512674,-111.485962,30U,5.705,0.031,0.048,0.03246296046073183,-0.02409891607958192,1.5497499184320491
1437748728867872,51.7584111208,-1.2599602056,111.482948,5735600.989826827,620092.3487960355,-111.482948,30U,5.649,0.031,0.026,0.033620200000249054,-0.02286280000084302,1.549694700000135
1437748728974537,51.7584162425,-1.2599600801,111.481712,5735601.559598804,620092.3438673678,-111.481712,30U,5.602,0.029,0.032,0.035870129494105854,-0.022985645668705743,1.5497424172949035
1437748729081202,51.758421311,-1.2599599719,111.479034,5735602.123426119,620092.3378859475,-111.479034,30U,5.55,0.023,0.038,0.03825231939465228,-0.023159806561267152,1.5498017864164846
1437748729187867,51.758426285,-1.2599599022,111.476036,5735602.6766810445,620092.3294983023,-111.476036,30U,5.495,0.038,0.022,0.0386555190211575,-0.021940890389892716,1.549648886791513
1437748729290723,51.7584311618,-1.2599598719,111.475571,5735603.21906184,620092.3186494876,-111.475571,30U,5.44,0.035,-0.002,0.03860480350555244,-0.021137584157022795,1.5496205345758034
1437748729382150,51.7584359426,-1.2599599145,111.476563,5735603.750646795,620092.303024416,-111.476563,30U,5.387,0.024,0.002,0.03787675165505836,-0.021866120229919208,1.5501647276536352
1437748729473576,51.7584406334,-1.2599600136,111.475624,5735604.2721301485,620092.283738968,-111.475624,30U,5.338,0.034,0.03,0.03723647948123056,-0.0221899534678589,1.5506345518855205
1437748729565004,51.7584452505,-1.259960147,111.472641,5735604.785361119,620092.2622819592,-111.472641,30U,5.284,0.024,0.029,0.037459401611072314,-0.02150878679150556,1.5509175897556364
1437748729656431,51.7584504118,-1.2599594517,111.473145,5735605.360475105,620092.2965712481,-111.473145,30U,5.229,0.033,-0.005,0.03683601861840625,-0.022498210790651188,1.551293655596491
1437748729761191,51.7584556836,-1.259958645,111.473984,5735605.948060823,620092.3382552654,-111.473984,30U,5.177,0.043,0.007,0.03753550061586907,-0.022213598712090034,1.5514738722771566
1437748729867856,51.7584606331,-1.2599582089,111.473419,5735606.499194514,620092.3552186016,-111.473419,30U,5.122,0.069,0.007,0.03491320000006727,-0.02110409999961532,1.5514091000001835
1437748729959283,51.7584654191,-1.2599578971,111.471878,5735607.031941302,620092.3640375652,-111.471878,30U,5.065,0.066,0.031,0.03480578935215742,-0.01921971033221673,1.5513313600856935
1437748730050711,51.7584700766,-1.2599576912,111.470329,5735607.550223704,620092.3658891119,-111.470329,30U,5.014,0.054,0.027,0.035599361494580546,-0.016836935540422027,1.5513826880862023
1437748730154519,51.7584746122,-1.2599575664,111.468796,5735608.054816517,620092.362467228,-111.468796,30U,4.954,0.054,0.008,0.03688053499328894,-0.015914150187830257,1.551496652689799
1437748730261184,51.7584790709,-1.2599574598,111.46994,5735608.5508276,620092.3579933676,-111.46994,30U,4.893,0.058,-0.024,0.03720696260556585,-0.01609273693517809,1.5518244538447814
1437748730367848,51.7584834749,-1.2599573307,111.472618,5735609.040792743,620092.3552174121,-111.472618,30U,4.835,0.087,-0.02,0.035487627886025,-0.016754605813170075,1.5516431266774355
1437748730474513,51.7584878224,-1.2599571964,111.475845,5735609.524483296,620092.352950232,-111.475845,30U,4.77,0.06,-0.039,0.035201723799559784,-0.01811228008448771,1.5514563732954074
1437748730581178,51.7584921091,-1.2599571036,111.480476,5735610.0013441695,620092.3479803783,-111.480476,30U,4.701,0.048,-0.04,0.033591652922019204,-0.019496675769023062,1.5520378955398582
1437748730687843,51.7584963355,-1.2599570008,111.483154,5735610.471515769,620092.3438606397,-111.483154,30U,4.636,0.064,-0.006,0.034435239308499274,-0.018888097381638727,1.5522653008061922
1437748730794508,51.758500502,-1.2599568868,111.484711,5735610.935044554,620092.3406727683,-111.484711,30U,4.57,0.069,-0.019,0.03280454731348651,-0.017927716530420253,1.5519981392241338
1437748730892840,51.7585046109,-1.2599567513,111.48616,5735611.392203258,620092.3391214856,-111.48616,30U,4.507,0.075,-0.009,0.030712100000283866,-0.01772799999986171,1.5518788999999173
1437748730972839,51.7585086655,-1.2599566406,111.486801,5735611.843282625,620092.3360027822,-111.486801,30U,4.445,0.052,0.006,0.030065314130278582,-0.01774341444587336,1.5523015877110513
1437748731052837,51.7585126644,-1.2599565323,111.485779,5735612.288163848,620092.3328662402,-111.485779,30U,4.381,0.07,0.012,0.028684920229154656,-0.017035263712175158,1.5524079905046215
1437748731154503,51.7585166008,-1.259956406,111.487701,5735612.726124316,620092.3311377469,-111.487701,30U,4.307,0.07,-0.034,0.028244559856812762,-0.016970242388935294,1.5521430543028805
1437748731261168,51.7585204734,-1.2599562815,111.492035,5735613.15698686,620092.3294543143,-111.492035,30U,4.239,0.067,-0.047,0.026809931149453403,-0.017080144475153745,1.5520961884984037
1437748731367832,51.7585242822,-1.2599561688,111.496758,5735613.58073501,620092.3271258236,-111.496758,30U,4.168,0.064,-0.033,0.02553999634765206,-0.018335632200625306,1.55222993496394
1437748731473544,51.7585280289,-1.259956044,111.499634,5735613.997597174,620092.3257971493,-111.499634,30U,4.102,0.075,-0.023,0.02494122161081186,-0.019012822358953473,1.551887998734666
1437748731564972,51.7585317127,-1.2599559379,111.50106,5735614.407433668,620092.3233448464,-111.50106,30U,4.032,0.051,0.013,0.025482323769879633,-0.01924386897900997,1.5518539991937477
1437748731656399,51.7585353317,-1.259955836,111.500702,5735614.810057079,620092.320774631,-111.500702,30U,3.963,0.068,-0.003,0.02477724575465207,-0.017815677669014516,1.5519729576119405
1437748731761159,51.7585388873,-1.2599557178,111.501701,5735615.205656851,620092.3194975302,-111.501701,30U,3.889,0.066,-0.013,0.024596451261793575,-0.016736454158565874,1.5519807408990132
1437748731867824,51.7585423783,-1.2599556053,111.505333,5735615.594063309,620092.3179984678,-111.505333,30U,3.821,0.06,-0.046,0.024252400000644415,-0.015995499999973677,1.5519889999994916
1437748731974489,51.7585458132,-1.2599555009,111.508255,5735615.976217757,620092.3160892613,-111.508255,30U,3.76,0.059,-0.009,0.024318125037148027,-0.015188931109686596,1.551776939482936
1437748732079250,51.758549194,-1.2599553939,111.510025,5735616.352360224,620092.3145030319,-111.510025,30U,3.702,0.064,-0.013,0.023749895510005167,-0.014355903251341425,1.5513705793670978
1437748732170677,51.7585525266,-1.2599552856,111.509674,5735616.723144688,620092.3131344079,-111.509674,30U,3.648,0.056,0.021,0.023456665698965356,-0.013636136087852817,1.5510552172661967
1437748732262104,51.7585558069,-1.2599551828,111.509964,5735617.088104006,620092.3115249886,-111.509964,30U,3.59,0.061,-0.017,0.021760479822345767,-0.013229122007615455,1.5507441290961521
1437748732367816,51.758559036,-1.259955071,111.512589,5735617.447384381,620092.3106725266,-111.512589,30U,3.533,0.063,-0.022,0.0204385467629883,-0.013854573697156,1.5500042838569348
1437748732473528,51.7585622131,-1.2599549727,111.51622,5735617.800859799,620092.3090263784,-111.51622,30U,3.476,0.052,-0.049,0.019669056345462288,-0.01406269519408541,1.5494995682592807
1437748732564956,51.7585653362,-1.2599548863,111.52272,5735618.1483104825,620092.3067022702,-111.52272,30U,3.418,0.052,-0.057,0.017748713324823612,-0.015962102215420222,1.549164409410528
1437748732656383,51.7585684076,-1.2599547988,111.527603,5735618.490013611,620092.3045912518,-111.527603,30U,3.361,0.051,-0.042,0.016603078533608102,-0.01689497251676233,1.5487920419275942
1437748732761143,51.7585714276,-1.2599547092,111.532181,5735618.826004193,620092.3027615418,-111.532181,30U,3.304,0.048,-0.035,0.01577912650780102,-0.0180924951210989,1.5481489936051331
1437748732867808,51.7585743956,-1.2599546337,111.533607,5735619.15618883,620092.3000967379,-111.533607,30U,3.245,0.036,0.004,0.016374999999533596,-0.01688420000078916,1.5478423999999968
1437748732974473,51.7585773134,-1.2599545664,111.534134,5735619.480777408,620092.2969992359,-111.534134,30U,3.19,0.043,-0.013,0.017318702589139763,-0.015033563713071154,1.5472701418707133
1437748733079233,51.758580184,-1.2599544854,111.536087,5735619.800139609,620092.294972434,-111.536087,30U,3.138,0.045,-0.006,0.018120908747963474,-0.015190595021074314,1.5464849760577632
1437748733170661,51.7585830079,-1.259954406,111.537697,5735620.114305839,620092.2929591232,-111.537697,30U,3.084,0.042,-0.021,0.018474713179498812,-0.015583323998517796,1.545838851770519
1437748733262088,51.7585857833,-1.2599543273,111.540199,5735620.423077411,620092.291026193,-111.540199,30U,3.033,0.041,-0.01,0.0189202672555049,-0.016129544632323016,1.5450086246053727
1437748733367800,51.7585885111,-1.2599542427,111.541176,5735620.726565278,620092.2896267315,-111.541176,30U,2.98,0.059,-0.014,0.016284369959343386,-0.01537285059013618,1.544024036489469
1437748733473512,51.7585911917,-1.2599541469,111.543388,5735621.024822651,620092.2891254401,-111.543388,30U,2.93,0.051,-0.015,0.014124664489732906,-0.015822558071541797,1.5432398077699743
1437748733564940,51.7585938254,-1.2599540821,111.544312,5735621.317813402,620092.2866092249,-111.544312,30U,2.878,0.026,-0.002,0.012820072548839025,-0.01578232998633923,1.5430077390798718
1437748733656367,51.7585964094,-1.2599540254,111.546089,5735621.605263862,620092.2836658853,-111.546089,30U,2.821,0.041,-0.03,0.011233835452976695,-0.01563951732422802,1.5426573328637314
1437748733761127,51.7585989427,-1.2599539641,111.551414,5735621.887083737,620092.281174526,-111.551414,30U,2.768,0.022,-0.06,0.012941429468303092,-0.01696266457249419,1.5422865924605023
1437748733867792,51.7586014298,-1.2599539284,111.556503,5735622.163723728,620092.2770390502,-111.556503,30U,2.719,0.021,-0.029,0.012940899999985215,-0.018239200000087073,1.5421294999996529
1437748733974457,51.7586038761,-1.2599538676,111.558189,5735622.43586783,620092.2747440272,-111.558189,30U,2.672,0.042,-0.006,0.014218346328877349,-0.018506354359973304,1.541576213496364
1437748734079217,51.7586062802,-1.2599538094,111.558899,5735622.703314747,620092.2723815439,-111.558899,30U,2.624,0.023,0.002,0.01471393079149063,-0.018625648488757068,1.5410129694969936
1437748734170645,51.7586086427,-1.2599537709,111.559151,5735622.9661030425,620092.2687699094,-111.559151,30U,2.577,0.015,-0.002,0.015427744228493643,-0.018194430877094093,1.540993484374189
1437748734262072,51.7586109612,-1.2599537255,111.560707,5735623.22400962,620092.265751203,-111.560707,30U,2.53,0.032,-0.02,0.0163871299331152,-0.018671786438575807,1.5405503142486443
1437748734367785,51.7586132366,-1.2599536551,111.562866,5735623.477164374,620092.2645721516,-111.562866,30U,2.483,0.044,-0.009,0.014825948375587455,-0.01915298966915066,1.539541961237463
1437748734474450,51.7586154669,-1.2599535902,111.563705,5735623.725294665,620092.2631332014,-111.563705,30U,2.431,0.027,-0.003,0.01331766794141921,-0.017918304749926423,1.5395026511081802
1437748734581114,51.7586176512,-1.2599535502,111.56514,5735623.968268469,620092.2600979125,-111.56514,30U,2.388,0.024,-0.02,0.013825627224761444,-0.017172717754461143,1.5394765821880487
1437748734682779,51.7586197941,-1.2599534858,111.567383,5735624.206678508,620092.25885636,-111.567383,30U,2.343,0.052,-0.009,0.011481341957304155,-0.017901046072090053,1.538180501928192
1437748734762778,51.758621912,-1.259953419,111.568016,5735624.442312338,620092.2578467692,-111.568016,30U,2.326,0.023,-0.002,0.011415467255326531,-0.01721528043046843,1.5381259704456545
1437748734842776,51.7586240146,-1.2599533876,111.569046,5735624.676186425,620092.2544347586,-111.569046,30U,2.308,0.019,-0.01,0.01026880000062937,-0.01703060000042761,1.538785099999715
1437748734941108,51.7586261033,-1.2599533332,111.570015,5735624.908552615,620092.2526468997,-111.570015,30U,2.293,0.042,-0.0,0.009527038330552153,-0.016719836950316133,1.5384539633093472
1437748735047773,51.7586281801,-1.2599532782,111.57003,5735625.139596437,620092.2509320225,-111.57003,30U,2.278,0.018,0.007,0.009601076892136455,-0.015826978044568646,1.5384023770070903
1437748735154439,51.7586302608,-1.2599532461,111.569763,5735625.371036258,620092.2476264277,-111.569763,30U,2.309,0.019,0.008,0.009861767596180189,-0.014540536030403008,1.5389685506480757
1437748735261104,51.7586323785,-1.2599531973,111.569229,5735625.606618211,620092.2453751538,-111.569229,30U,2.358,0.03,0.009,0.010410756812616594,-0.013204251491634872,1.5387700093698755
1437748735367768,51.7586345489,-1.2599531493,111.568588,5735625.848059418,620092.2429288377,-111.568588,30U,2.426,0.019,0.011,0.010888604921721185,-0.011912265266312679,1.5385094588489316
1437748735474434,51.7586367835,-1.2599531081,111.568077,5735626.096628875,620092.2398428945,-111.568077,30U,2.501,0.031,0.005,0.010394324661627444,-0.010658976404371212,1.5383870789640677
1437748735581098,51.7586390844,-1.2599530443,111.569687,5735626.352608521,620092.2381406967,-111.569687,30U,2.573,0.038,-0.032,0.009805758446339278,-0.010510278301781393,1.5376945703022225
1437748735684906,51.7586414492,-1.2599530074,111.574097,5735626.615649957,620092.2344125328,-111.574097,30U,2.652,0.004,-0.022,0.01115260241732287,-0.01165428566946253,1.5377140633959459
1437748735776333,51.7586438844,-1.2599529851,111.575378,5735626.886496278,620092.2294899999,-111.575378,30U,2.722,0.022,-0.009,0.010829307531426944,-0.01155617090345753,1.5376798963453073
1437748735867760,51.7586463818,-1.2599529412,111.57621,5735627.164295198,620092.2258930804,-111.57621,30U,2.789,0.019,-0.001,0.011532499999395734,-0.01085600000010434,1.5377290000004789
1437748735974425,51.7586489379,-1.2599529004,111.577248,5735627.448616823,620092.22192647,-111.577248,30U,2.846,0.029,-0.014,0.010352514620462841,-0.010249082675730386,1.5381117724312996
1437748736079186,51.7586515407,-1.2599528421,111.579529,5735627.738160599,620092.2190436524,-111.579529,30U,2.893,0.032,-0.024,0.009933422243955119,-0.01047887706393648,1.5379040263023325
1437748736170613,51.7586541837,-1.2599527961,111.582558,5735628.032154614,620092.2152053234,-111.582558,30U,2.935,0.015,-0.024,0.009790925554506367,-0.010994113553445442,1.5378802177266993
1437748736262040,51.7586568667,-1.2599527649,111.584686,5735628.330572514,620092.2102394867,-111.584686,30U,2.983,0.015,-0.017,0.010298670445093944,-0.010506411580674136,1.5383417315279726
1437748736353467,51.7586595946,-1.2599527219,111.586647,5735628.634003005,620092.2059688505,-111.586647,30U,3.035,0.023,-0.015,0.011415823595709253,-0.01034755804246681,1.5383705246627204
1437748736444894,51.7586623724,-1.259952689,111.588257,5735628.942966063,620092.2008687918,-111.588257,30U,3.095,0.009,-0.006,0.012467231741508983,-0.010452988891847622,1.5381519378417288
1437748736547750,51.7586652028,-1.2599526697,111.588821,5735629.257756176,620092.1946906071,-111.588821,30U,3.155,0.007,0.001,0.013730227711107006,-0.009802742274791065,1.538121624691009
1437748736654414,51.7586680887,-1.2599526457,111.589127,5735629.578725981,620092.1886895136,-111.589127,30U,3.22,0.016,-0.004,0.014598170071305549,-0.00855341024530614,1.5378883139286175
1437748736761079,51.7586710323,-1.2599526076,111.591255,5735629.906135606,620092.1835083853,-111.591255,30U,3.283,0.021,-0.025,0.014098814175580851,-0.008697390173149105,1.537068540826669
1437748736867744,51.7586740372,-1.2599525671,111.59388,5735630.240366128,620092.1783302319,-111.59388,30U,3.351,0.013,-0.023,0.012764299999322172,-0.008960099999735254,1.5366165000006238
1437748736974409,51.7586771045,-1.2599525472,111.595345,5735630.581502006,620092.1715648676,-111.595345,30U,3.418,0.001,-0.007,0.012648368833773,-0.007990407223545444,1.5365642621303055
1437748737081074,51.7586802319,-1.259952534,111.59742,5735630.929310351,620092.1641776558,-111.59742,30U,3.485,0.001,-0.026,0.013715520603407956,-0.007283491338218289,1.5359909204604796
1437748737187739,51.7586834211,-1.2599525153,111.60051,5735631.284000302,620092.15700603,-111.60051,30U,3.553,0.001,-0.021,0.0141234491785775,-0.007353530791980913,1.5350047521723404
1437748737290595,51.7586866724,-1.2599525156,111.602104,5735631.645564878,620092.1483584073,-111.602104,30U,3.623,-0.02,-0.006,0.01545444576939249,-0.006457010134848193,1.5347328701448617
1437748737382022,51.7586899863,-1.2599525203,111.60379,5735632.0140837245,620092.1392410314,-111.60379,30U,3.695,-0.004,-0.026,0.016223614877039196,-0.00547063165496215,1.534248864920818
1437748737473449,51.7586933677,-1.2599525132,111.606766,5735632.390128427,620092.1307588897,-111.606766,30U,3.773,-0.004,-0.025,0.01604509916633725,-0.006051769293422891,1.5333823250077223
1437748737564876,51.7586968169,-1.2599525114,111.608887,5735632.773704192,620092.1217310879,-111.608887,30U,3.849,-0.007,-0.004,0.015283355884879063,-0.006708861323934559,1.5326601703018847
1437748737656303,51.7587003312,-1.2599525143,111.610359,5735633.164511748,620092.1122061948,-111.610359,30U,3.918,-0.015,-0.031,0.015301070849377771,-0.006186360489590128,1.5323766098697194
1437748737761063,51.7587039112,-1.2599525312,111.614685,5735633.562602506,620092.1015408129,-111.614685,30U,3.993,-0.027,-0.045,0.016322457192269532,-0.007066874100343618,1.5323442058651697
1437748737867728,51.7587075589,-1.2599525523,111.618729,5735633.968215015,620092.0904059478,-111.618729,30U,4.068,-0.018,-0.029,0.01652120000014773,-0.007205299999552985,1.5319851999999068
1437748737959155,51.7587112744,-1.2599525647,111.622971,5735634.381381637,620092.079691585,-111.622971,30U,4.14,-0.024,-0.049,0.01745847945347532,-0.006955079078887676,1.531638995049585
1437748738050583,51.758715059,-1.2599525927,111.627525,5735634.80220693,620092.067717292,-111.627525,30U,4.219,-0.028,-0.03,0.017593891799130353,-0.00751361162477429,1.531650697093011
1437748738154391,51.7587189165,-1.2599526144,111.628563,5735635.231149537,620092.0559843404,-111.628563,30U,4.299,-0.028,0.01,0.018739686588169054,-0.006584644633621881,1.5312566674246506
1437748738261056,51.7587228427,-1.2599526404,111.629204,5735635.667724934,620092.0437723526,-111.629204,30U,4.375,-0.029,-0.015,0.01898168377745302,-0.005417131227425422,1.5307110604747902
1437748738367721,51.7587268391,-1.2599526682,111.630989,5735636.112104053,620092.0312498764,-111.630989,30U,4.453,-0.035,-0.016,0.019968081581624542,-0.004823136114884381,1.5303065966626748
1437748738474386,51.7587309043,-1.2599527139,111.633522,5735636.564104691,620092.01730954,-111.633522,30U,4.529,-0.039,-0.038,0.01919174638943393,-0.0038829933250005165,1.5303735456985825
1437748738581050,51.7587350379,-1.2599527504,111.638489,5735637.0237269895,620092.0038226192,-111.638489,30U,4.608,-0.032,-0.049,0.01860734716693352,-0.004210282360237716,1.5303318855550208
1437748738687715,51.7587392407,-1.2599527828,111.643379,5735637.4910515165,620091.9904350319,-111.643379,30U,4.684,-0.037,-0.039,0.017329979712960946,-0.004852982330688279,1.529916750590419
1437748738794380,51.7587435135,-1.2599528278,111.647263,5735637.966139738,620091.9759921621,-111.647263,30U,4.764,-0.046,-0.033,0.015459886681491938,-0.005219233123998606,1.53003645361494
1437748738892712,51.7587478548,-1.2599528739,111.651344,5735638.448843781,620091.9612916239,-111.651344,30U,4.835,-0.045,-0.031,0.0147912999997931,-0.0061709000000474785,1.5302203999996398
1437748738972711,51.7587522631,-1.2599529352,111.654564,5735638.938973619,620091.9453643332,-111.654564,30U,4.906,-0.05,-0.05,0.015282750273081914,-0.0052267506183701,1.5302194909065017
1437748739052709,51.7587567363,-1.2599529784,111.660706,5735639.4363505505,620091.9305139475,-111.660706,30U,4.978,-0.042,-0.062,0.017090375048940877,-0.005894209264102779,1.5294756731512993
1437748739154375,51.7587612784,-1.2599530349,111.666519,5735639.941367698,620091.914562891,-111.666519,30U,5.057,-0.059,-0.049,0.01815653663220465,-0.00821485386881822,1.5292133329208715
1437748739261040,51.7587658879,-1.2599530904,111.670547,5735640.4538817955,620091.8985020077,-111.670547,30U,5.131,-0.037,-0.026,0.016312832143013083,-0.011288025348399813,1.5290275236886648
1437748739367705,51.7587705583,-1.259953122,111.670998,5735640.973207713,620091.8839289095,-111.670998,30U,5.189,-0.039,-0.003,0.014720109124397666,-0.011816128288217416,1.5287644284026227
1437748739473417,51.7587752752,-1.2599531718,111.674332,5735641.497674756,620091.8679764192,-111.674332,30U,5.238,-0.047,-0.055,0.011670052893639898,-0.01143480946708136,1.5290179337833583
1437748739564845,51.7587800352,-1.259953232,111.680489,5735642.026917666,620091.8511918484,-111.680489,30U,5.288,-0.06,-0.056,0.011547928374880148,-0.011593246964173572,1.5294334284603188
1437748739656272,51.7587848408,-1.2599533057,111.683273,5735642.561209354,620091.8333546286,-111.683273,30U,5.342,-0.064,0.018,0.01275852370998965,-0.011121531483038896,1.5300541692077572
1437748739761032,51.7587896934,-1.2599533904,111.679413,5735643.100709627,620091.8146335741,-111.679413,30U,5.391,-0.067,0.064,0.013363325276431167,-0.008673046170643971,1.5307689771473305
1437748739867696,51.7587945874,-1.2599534461,111.676071,5735643.644861595,620091.7978040023,-111.676071,30U,5.431,-0.04,-0.009,0.015164599999928648,-0.006561500000434767,1.5308580999997188
1437748739974361,51.7587995211,-1.2599534862,111.680115,5735644.193454141,620091.7819456714,-111.680115,30U,5.474,-0.041,-0.059,0.01296261335322995,-0.007778165236380866,1.530707620603622
1437748740079122,51.7588044935,-1.259953529,111.686951,5735644.746345924,620091.7657983227,-111.686951,30U,5.518,-0.042,-0.064,0.011604948489236983,-0.00959354584004733,1.5310585481722996
1437748740170549,51.7588095053,-1.2599535694,111.692032,5735645.303623187,620091.7497120586,-111.692032,30U,5.559,-0.046,-0.03,0.011381782416471004,-0.009548005641062793,1.5310143892949528
1437748740261976,51.7588145529,-1.2599536257,111.695374,5735645.864855458,620091.732433521,-111.695374,30U,5.599,-0.06,-0.033,0.013360742707501002,-0.008660880810369209,1.5311241622983651
1437748740367689,51.7588196354,-1.2599537059,111.698196,5735646.429929475,620091.7134130071,-111.698196,30U,5.639,-0.068,-0.016,0.014881728000669097,-0.008544768287657463,1.5316025523164944
1437748740473401,51.7588247539,-1.2599537662,111.699181,5735646.999039687,620091.6956702993,-111.699181,30U,5.678,-0.038,-0.007,0.01457784656039609,-0.007596378043877066,1.5316323238269705
1437748740564829,51.7588299043,-1.2599538099,111.70105,5735647.571724714,620091.6789885382,-111.70105,30U,5.712,-0.049,-0.019,0.014416359023641532,-0.006755598131126239,1.5315404769781322
1437748740656256,51.7588350851,-1.2599538657,111.70507,5735648.1477704905,620091.661391076,-111.70507,30U,5.749,-0.05,-0.056,0.012194314763454263,-0.0054261847476743535,1.5318398021002575
1437748740761016,51.7588403013,-1.2599539283,111.710373,5735648.727741773,620091.6432304061,-111.710373,30U,5.788,-0.064,-0.042,0.01304962855997588,-0.005361334274714968,1.5320845599379058
1437748740867680,51.7588455535,-1.2599539936,111.714279,5735649.311712038,620091.6247878843,-111.714279,30U,5.829,-0.05,-0.036,0.012873599999308559,-0.003954000000092022,1.5319310999994125
1437748740974345,51.7588508473,-1.259954051,111.717682,5735649.900321493,620091.606780172,-111.717682,30U,5.873,-0.057,-0.032,0.0147716767184702,-0.002891353813629054,1.5315854440005185
1437748741079106,51.7588561791,-1.259954115,111.723259,5735650.493145921,620091.5882161557,-111.723259,30U,5.917,-0.054,-0.07,0.01451009246169998,-0.0029633453518375214,1.5312530641435402
1437748741170533,51.7588615549,-1.2599541694,111.729866,5735651.090879236,620091.5701979005,-111.729866,30U,5.964,-0.058,-0.057,0.014204882965492547,-0.0036222881155253688,1.5307791332950422
1437748741261960,51.7588669712,-1.2599542343,111.736656,5735651.693099116,620091.5513475633,-111.736656,30U,6.011,-0.054,-0.071,0.011155912130561985,-0.004258851255253178,1.530499169307532
1437748741367673,51.7588724287,-1.2599542945,111.743729,5735652.299908438,620091.5327122603,-111.743729,30U,6.058,-0.067,-0.06,0.011887721322379094,-0.005070903366166103,1.5304873481733094
1437748741473385,51.7588779259,-1.2599543941,111.749596,5735652.911067772,620091.5112525701,-111.749596,30U,6.1,-0.086,-0.052,0.014018178789532126,-0.004726920460837101,1.5304572839135224
1437748741564813,51.758883462,-1.2599544957,111.75441,5735653.526549741,620091.4895516429,-111.75441,30U,6.146,-0.077,-0.036,0.016419511480513058,-0.0032847237126257824,1.5299752987056292
1437748741656240,51.7588890374,-1.2599545927,111.758537,5735654.146409691,620091.4680638895,-111.758537,30U,6.188,-0.076,-0.041,0.017280093727914746,-0.00156094886325055,1.5295331147626703
1437748741761000,51.7588946539,-1.2599546714,111.763557,5735654.770870355,620091.4477299898,-111.763557,30U,6.236,-0.061,-0.05,0.01580207433591635,-0.0006560332090676514,1.5288823732714671
1437748741867664,51.7589003134,-1.259954752,111.769539,5735655.400109763,620091.4271508737,-111.769539,30U,6.283,-0.085,-0.062,0.015911300000584567,-0.0012855999992666364,1.5284736999992121
1437748741974329,51.7589060166,-1.2599548679,111.77771,5735656.034150762,620091.4040197062,-111.77771,30U,6.334,-0.097,-0.08,0.016011595653228367,-0.002904798186086263,1.528484422647638
1437748742079090,51.7589117652,-1.2599549902,111.787064,5735656.67322999,620091.3803264035,-111.787064,30U,6.385,-0.102,-0.096,0.016850132863268943,-0.004472396861997325,1.528413370763283
1437748742170517,51.7589175601,-1.2599551005,111.796036,5735657.317477829,620091.357338386,-111.796036,30U,6.438,-0.082,-0.071,0.016068560028750213,-0.0049805447770344576,1.5279314406624158
1437748742261944,51.7589234025,-1.2599552044,111.8022,5735657.967018507,620091.3346660051,-111.8022,30U,6.496,-0.096,-0.04,0.016456588721071672,-0.004454048973044003,1.5275276811883916
1437748742367657,51.7589292895,-1.2599553364,111.806046,5735658.621472719,620091.3099360678,-111.806046,30U,6.554,-0.106,-0.025,0.01684638552617318,-0.003887094044145918,1.5274340143608243
1437748742474322,51.7589352189,-1.2599554654,111.809425,5735659.280647017,620091.2853006616,-111.809425,30U,6.61,-0.098,-0.044,0.018042020747164607,-0.0034376008629925033,1.526801030360812
1437748742580987,51.7589411841,-1.2599555993,111.81559,5735659.943794436,620091.2602321111,-111.81559,30U,6.663,-0.11,-0.071,0.018353824605176886,-0.004208716949996993,1.5262353172371677
1437748742682652,51.7589471843,-1.2599557454,111.822449,5735660.610813984,620091.2342287556,-111.822449,30U,6.721,-0.11,-0.058,0.017886319453355295,-0.004036814359898692,1.525878385554349
1437748742762650,51.7589532346,-1.2599558946,111.828659,5735661.283399869,620091.2078785322,-111.828659,30U,6.776,-0.12,-0.058,0.019142113553923756,-0.0033141332173802335,1.5255545756305173
1437748742842649,51.7589593426,-1.2599560575,111.83358,5735661.962379797,620091.1804297557,-111.83358,30U,6.834,-0.13,-0.044,0.02052470000048589,-0.00215170000037875,1.5251705999993808
1437748742940980,51.7589655088,-1.2599562335,111.838516,5735662.647810365,620091.151922508,-111.838516,30U,6.885,-0.132,-0.062,0.020900052287910295,-0.0008989747069980839,1.5246661406911102
1437748743047645,51.7589717442,-1.2599564016,111.845718,5735663.340949417,620091.1237768375,-111.845718,30U,6.942,-0.125,-0.073,0.02102330941016286,-0.0006150152524228102,1.524036906906242
1437748743154311,51.7589780438,-1.2599565742,111.854317,5735664.041220507,620091.0951502703,-111.854317,30U,6.995,-0.141,-0.086,0.020919154244621613,-0.0014667901285959635,1.5232756418991038
1437748743260976,51.7589843899,-1.2599567763,111.862152,5735664.746614116,620091.064364493,-111.862152,30U,7.047,-0.148,-0.071,0.02041635651248809,-0.0011539285678957196,1.5226494914739785
1437748743367641,51.7589907777,-1.2599569899,111.871117,5735665.456626091,620091.0326744431,-111.871117,30U,7.102,-0.143,-0.09,0.02152218019860328,-0.0003237003450797846,1.521660044691305
1437748743474306,51.7589972102,-1.2599572326,111.879898,5735666.171561074,620090.9988575646,-111.879898,30U,7.16,-0.167,-0.075,0.022639257900380357,-0.0007789207473791312,1.5202083092963619
1437748743580971,51.759003683,-1.2599575168,111.886642,5735666.89090934,620090.9620697955,-111.886642,30U,7.218,-0.174,-0.067,0.02234104037467066,-7.295133839737056e-05,1.5188861290652207
1437748743684779,51.7590101954,-1.2599578398,111.895416,5735667.614597487,620090.922499324,-111.895416,30U,7.275,-0.192,-0.104,0.02275357971353423,-0.0006079784164913269,1.5176470714539394
1437748743776206,51.759016763,-1.2599581889,111.90583,5735668.344381247,620090.8809811994,-111.90583,30U,7.337,-0.205,-0.088,0.023295463436277034,-0.0019233283312750532,1.5161068972674643
1437748743867633,51.759023393,-1.2599585451,111.913406,5735669.081092592,620090.8388075301,-111.913406,30U,7.399,-0.219,-0.082,0.02442819999997421,-0.0015341999994943625,1.5140392000006362
1437748743974298,51.7590300811,-1.2599589137,111.921677,5735669.824244607,620090.7956239677,-111.921677,30U,7.451,-0.235,-0.074,0.025671632286007304,0.0002915332934110106,1.5120320080019
1437748744079057,51.75903684,-1.2599592803,111.929619,5735670.575273325,620090.7523905735,-111.929619,30U,7.512,-0.252,-0.074,0.026307273698158513,0.0016321750204768113,1.5098690606338188
1437748744170485,51.759043665,-1.2599596439,111.937523,5735671.333657716,620090.7091888315,-111.937523,30U,7.576,-0.276,-0.076,0.027389570963803376,0.0017350945906460863,1.5074445408649888
1437748744261912,51.7590505388,-1.2599600469,111.946892,5735672.097404105,620090.6631385724,-111.946892,30U,7.612,-0.298,-0.16,0.028253484772475763,0.0004161427438919106,1.5049796465481609
1437748744353339,51.7590574584,-1.2599604865,111.962212,5735672.866183476,620090.6144409896,-111.962212,30U,7.687,-0.312,-0.136,0.027654786015053886,-0.003073819452265019,1.5025115433108587
1437748744444766,51.759064429,-1.259960963,111.973083,5735673.640573611,620090.5630615845,-111.973083,30U,7.749,-0.337,-0.08,0.02772014454637721,-0.004021921467136753,1.4997858111953835
1437748744547622,51.7590714436,-1.2599615004,111.979607,5735674.4197565485,620090.5073626649,-111.979607,30U,7.807,-0.37,-0.041,0.029150227276664373,-0.002605045268053644,1.4970333375273361
1437748744654287,51.7590785017,-1.2599620924,111.984619,5735675.203687057,620090.4477803303,-111.984619,30U,7.867,-0.394,-0.049,0.03350923965109195,-0.0006825525183939706,1.4938638958870747
1437748744760952,51.7590856132,-1.2599627344,111.990669,5735675.993473655,620090.3846057637,-111.990669,30U,7.923,-0.428,-0.07,0.0356474025898129,0.0003865556763206783,1.4905832791505995
1437748744867617,51.7590927825,-1.2599633915,111.999123,5735676.789663113,620090.3202357785,-111.999123,30U,7.977,-0.44,-0.105,0.035584600000676675,0.0004933999997948397,1.4871457999998878
1437748744974282,51.7591000089,-1.2599640824,112.010399,5735677.592146801,620090.2533817249,-112.010399,30U,8.031,-0.484,-0.124,0.034829955999539954,0.000201958303008303,1.4840708486352807
1437748745080946,51.7591072974,-1.2599648108,112.02227,5735678.401474655,620090.183774999,-112.02227,30U,8.087,-0.525,-0.115,0.03515605456140233,-0.001378270100714295,1.481001639138622
1437748745187611,51.759114645,-1.2599655631,112.031693,5735679.217335448,620090.1123621085,-112.031693,30U,8.142,-0.544,-0.093,0.037053918327705944,-0.0010082642018477044,1.4777338349671605
1437748745290467,51.7591220383,-1.2599663654,112.04229,5735680.038196043,620090.0373774259,-112.04229,30U,8.196,-0.577,-0.118,0.036397447993945814,-0.002743017351986894,1.4739379781632516
1437748745381894,51.75912948,-1.2599672004,112.0504,5735680.864385183,620089.9600076765,-112.0504,30U,8.255,-0.597,-0.073,0.036905179307617136,-0.003471576950176299,1.4701633324923498
1437748745473321,51.7591369608,-1.2599681031,112.059349,5735681.694811016,620089.8778621559,-112.059349,30U,8.306,-0.649,-0.093,0.0377154623615269,-0.0028405744172280384,1.4665403950532558
1437748745564749,51.7591444854,-1.2599690814,112.065613,5735682.529983205,620089.7903832081,-112.065613,30U,8.361,-0.675,-0.062,0.03688338120816525,-0.0012861837420882585,1.4632936716282343
1437748745656176,51.7591520518,-1.2599701074,112.07225,5735683.3697252795,620089.6995015484,-112.07225,30U,8.41,-0.723,-0.069,0.04204712059899501,-0.002403547941407377,1.4596916814702527
1437748745760936,51.7591596618,-1.2599712216,112.082832,5735684.214170721,620089.6024174611,-112.082832,30U,8.46,-0.783,-0.148,0.04715642733655599,-0.006575704235143087,1.4560813780838966
1437748745867601,51.759167327,-1.259972359,112.093796,5735685.064716554,620089.5035858767,-112.093796,30U,8.512,-0.786,-0.096,0.04901980000042947,-0.008494699999480234,1.452050699999706
1437748745959028,51.759175051,-1.2599735263,112.097931,5735685.921752086,620089.4025348744,-112.097931,30U,8.568,-0.83,0.005,0.050543251106982094,-0.00407161801938193,1.4479230674566141
1437748746050455,51.7591828313,-1.2599747491,112.097786,5735686.784957154,620089.2975044082,-112.097786,30U,8.618,-0.873,-0.023,0.05187218716382751,0.001184628717452082,1.4442039497587507
1437748746154263,51.7591906586,-1.2599760238,112.10321,5735687.653303463,620089.1887675972,-112.10321,30U,8.657,-0.923,-0.1,0.053832151511190286,0.002595435424105639,1.4404166695272207
1437748746260928,51.7591985235,-1.2599773618,112.11763,5735688.525726901,620089.075562659,-112.11763,30U,8.708,-0.955,-0.171,0.05464630853281434,-0.0004852062147728067,1.4365199747375281
1437748746367593,51.7592064314,-1.2599787559,112.133354,5735689.402839844,620088.9583721485,-112.133354,30U,8.761,-0.994,-0.138,0.05549378454610278,-0.005828665925100948,1.4324395522040216
1437748746474258,51.7592143809,-1.259980224,112.144867,5735690.284457125,620088.8359644866,-112.144867,30U,8.813,-1.035,-0.096,0.0562872666766604,-0.00916193441578259,1.4285074139311047
1437748746580923,51.7592223731,-1.259981755,112.15168,5735691.170719349,620088.7091027788,-112.15168,30U,8.868,-1.068,-0.026,0.05510316661943874,-0.010710223395422788,1.4245554781319192
1437748746687588,51.7592304084,-1.2599833444,112.150932,5735692.061678409,620088.5780965146,-112.150932,30U,8.919,-1.109,0.017,0.0541928088069913,-0.008246782621957573,1.4206589501607965
1437748746794253,51.7592384927,-1.2599849917,112.150299,5735692.957991246,620088.4429645486,-112.150299,30U,8.968,-1.158,-0.003,0.053819098705096095,-0.005974054316196981,1.4168518805240147
1437748746892585,51.759246628,-1.259986699,112.15155,5735693.859876813,620088.3035566513,-112.15155,30U,9.017,-1.196,-0.043,0.05173449999965866,-0.004884099999653633,1.413054900000339
1437748746972583,51.7592548154,-1.2599884489,112.157928,5735694.767486093,620088.1610706954,-112.157928,30U,9.066,-1.234,-0.081,0.04976689407374122,-0.00651800678991948,1.4091219464492217
1437748747052581,51.759263054,-1.2599902543,112.165504,5735695.680697755,620088.0146188329,-112.165504,30U,9.115,-1.285,-0.075,0.04772111165667441,-0.008148425208062656,1.4054031139887722
1437748747154247,51.7592713432,-1.259992108,112.171936,5735696.599456931,620087.8646995347,-112.171936,30U,9.166,-1.318,-0.041,0.047131697293400256,-0.008588095885625358,1.4018596358002322
1437748747260912,51.7592796716,-1.2599940305,112.17495,5735697.522462117,620087.7099283312,-112.17495,30U,9.213,-1.368,-0.019,0.04763865079759977,-0.00749621486346882,1.3986025052718416
1437748747367577,51.7592880391,-1.259996012,112.177078,5735698.449718329,620087.5509817951,-112.177078,30U,9.26,-1.396,-0.03,0.04741784120904864,-0.006314460778343929,1.3956531663321137
1437748747473289,51.7592964449,-1.2599980555,112.180794,5735699.381131661,620087.38765502,-112.180794,30U,9.308,-1.434,-0.047,0.04660203729648773,-0.0061871543316564465,1.393200002188184
1437748747564717,51.7593048896,-1.2600001499,112.186935,5735700.316787113,620087.2207124359,-112.186935,30U,9.355,-1.462,-0.07,0.047551317841446214,-0.008642069953633175,1.3902876831392406
1437748747656144,51.75931337,-1.2600023084,112.192467,5735701.256307093,620087.0492515933,-112.192467,30U,9.399,-1.507,-0.052,0.04738483079159603,-0.009986975366472623,1.387394288203194
1437748747760904,51.7593218989,-1.2600045052,112.196342,5735702.201157523,620086.8750190095,-112.196342,30U,9.452,-1.537,-0.014,0.045618488354857,-0.009035186460493111,1.3852486559115182
1437748747867569,51.7593304762,-1.2600067583,112.195503,5735703.151297646,620086.6967727592,-112.195503,30U,9.494,-1.579,-0.013,0.0439351000002579,-0.004852200000813707,1.384525099999507
1437748747974234,51.7593391021,-1.2600090178,112.199791,5735704.1068318635,620086.5179559449,-112.199791,30U,9.541,-1.573,-0.045,0.045751929611175954,-0.004202613842526046,1.3838865217270595
1437748748078993,51.7593477746,-1.2600112809,112.207138,5735705.067542374,620086.3387671062,-112.207138,30U,9.587,-1.584,-0.096,0.0442976280883042,-0.004448298071270781,1.3837546843742177
1437748748170421,51.7593564967,-1.260013532,112.216927,5735706.033788483,620086.1602748475,-112.216927,30U,9.637,-1.582,-0.076,0.041585657928887465,-0.005366775308987464,1.3838661951077182
1437748748261848,51.7593652559,-1.2600158097,112.225708,5735707.004116556,620085.9798485254,-112.225708,30U,9.689,-1.59,-0.088,0.0396917433522436,-0.006432987512035534,1.3844082241395934
1437748748367561,51.7593740558,-1.2600180862,112.233742,5735707.97897271,620085.799397085,-112.233742,30U,9.737,-1.588,-0.072,0.04056512598226042,-0.007473875106319556,1.3850196292936503
1437748748473273,51.7593828939,-1.2600203895,112.239624,5735708.958032824,620085.6169948631,-112.239624,30U,9.784,-1.606,-0.029,0.04226839286385887,-0.007056771714008726,1.3861730557407923
1437748748564701,51.7593917723,-1.2600226895,112.243958,5735709.941579993,620085.4347135078,-112.243958,30U,9.833,-1.577,-0.059,0.04053037079057051,-0.006531133149424341,1.3877289269054327
1437748748656128,51.7594006916,-1.2600249773,112.248726,5735710.929695594,620085.2531656211,-112.248726,30U,9.876,-1.588,-0.058,0.040471088748701714,-0.007531484890636154,1.389477625351487
1437748748760888,51.7594096569,-1.2600272503,112.256363,5735711.922951062,620085.0725170979,-112.256363,30U,9.929,-1.563,-0.068,0.03893175226441735,-0.01091867812806628,1.3911111709755348
1437748748867553,51.7594186746,-1.2600294816,112.262772,5735712.922102409,620084.8946073415,-112.262772,30U,9.979,-1.549,-0.032,0.037477499999973074,-0.014781500000477761,1.3925990999997053
1437748748974218,51.7594277419,-1.2600316981,112.263695,5735713.9267939655,620084.7175873964,-112.263695,30U,10.023,-1.549,0.031,0.0377653666760209,-0.014922455627028857,1.3946557290917854
1437748749078979,51.7594368564,-1.2600339057,112.260567,5735714.936749122,620084.5410564671,-112.260567,30U,10.081,-1.536,0.064,0.038567021581327014,-0.013068351281075348,1.3971819879406933
1437748749170405,51.7594460191,-1.2600360737,112.255829,5735715.9521296285,620084.3671305248,-112.255829,30U,10.123,-1.513,0.028,0.03950580978452649,-0.010544199510577517,1.3993814282288077
1437748749261832,51.7594552181,-1.2600382257,112.258202,5735716.971573279,620084.1942124935,-112.258202,30U,10.169,-1.489,-0.026,0.037216915850025505,-0.012665197317619352,1.4017665162869741
1437748749367545,51.7594644557,-1.2600403584,112.261734,5735717.995341276,620084.0225240053,-112.261734,30U,10.215,-1.483,-0.033,0.03784981096216409,-0.014834306760865917,1.4041980620130985
1437748749473257,51.7594737355,-1.2600424799,112.263245,5735719.0238206275,620083.851496523,-112.263245,30U,10.271,-1.458,0.015,0.03944152423101274,-0.0160039149339199,1.4063661150207662
1437748749564685,51.7594830585,-1.2600445616,112.260956,5735720.057169629,620083.6831010915,-112.260956,30U,10.318,-1.437,0.012,0.03856245300747699,-0.017443036890209415,1.4081199924015089
1437748749656112,51.7594924204,-1.2600466362,112.258659,5735721.094856253,620083.5150924781,-112.258659,30U,10.364,-1.436,0.036,0.03936164457427546,-0.01993753965314619,1.4103913035959097
1437748749760872,51.7595018321,-1.2600486935,112.253212,5735722.138109444,620083.3481456689,-112.253212,30U,10.416,-1.417,0.064,0.039794849053050946,-0.021707847364499353,1.4128763898572372
1437748749867537,51.7595112962,-1.2600507017,112.244637,5735723.187270696,620083.1844482948,-112.244637,30U,10.468,-1.391,0.091,0.040318500000031246,-0.0221590999998544,1.4151545999995774
1437748749974202,51.7595208123,-1.2600526804,112.235268,5735724.242263253,620083.0226488123,-112.235268,30U,10.519,-1.375,0.109,0.040688756805685775,-0.02184389703632937,1.417532418789335
1437748750078963,51.7595303777,-1.2600546174,112.224091,5735725.302806948,620082.8635963108,-112.224091,30U,10.57,-1.349,0.105,0.03878908955401416,-0.020129000634971132,1.4198802406034927
1437748750170389,51.7595399887,-1.2600565227,112.215004,5735726.368473851,620082.7066105021,-112.215004,30U,10.614,-1.335,0.078,0.03907603896180162,-0.019337446475390412,1.4222651249485745
1437748750261816,51.7595496349,-1.2600584159,112.207787,5735727.438075146,620082.5503663765,-112.207787,30U,10.662,-1.317,0.068,0.03881209010852619,-0.018891458493078987,1.4245681998350916
1437748750367529,51.7595593178,-1.2600602774,112.201897,5735728.51180991,620082.3962125557,-112.201897,30U,10.711,-1.287,0.058,0.03718087738056845,-0.018859425610105802,1.4266434759411237
1437748750474194,51.7595690368,-1.2600621273,112.196243,5735729.58957833,620082.2427635248,-112.196243,30U,10.75,-1.283,0.048,0.03723886486460716,-0.01854406587063538,1.4286940031352457
1437748750580859,51.7595787923,-1.2600639535,112.190369,5735730.671444805,620082.0908532459,-112.190369,30U,10.794,-1.257,0.058,0.036878948689711734,-0.017112496116334863,1.430636148775739
1437748750682524,51.7595885828,-1.2600657652,112.184685,5735731.757227383,620081.9398508032,-112.184685,30U,10.833,-1.249,0.052,0.036412282791678276,-0.015636701525204584,1.432799979681848
1437748750762523,51.7595984145,-1.2600675415,112.180557,5735732.847649953,620081.7911820607,-112.180557,30U,10.874,-1.231,0.027,0.038260738224173405,-0.015873850790219777,1.4346282120226976
1437748750842522,51.7596082873,-1.2600692967,112.179314,5735733.942677847,620081.6438604363,-112.179314,30U,10.914,-1.228,0.015,0.04050240000086104,-0.018165199999807265,1.4366014000002552
1437748750940853,51.7596182029,-1.2600710171,112.176292,5735735.042522676,620081.4988268588,-112.176292,30U,10.952,-1.203,0.042,0.03925394279322907,-0.018742221841223195,1.4386427920555513
1437748751047519,51.7596281547,-1.2600726991,112.170998,5735736.146456405,620081.3563472755,-112.170998,30U,10.988,-1.174,0.072,0.03697210518126067,-0.01776316339788372,1.4409024899547729
1437748751154183,51.7596381372,-1.2600743396,112.165245,5735737.253872501,620081.2166502093,-112.165245,30U,11.018,-1.15,0.028,0.037766404429595515,-0.01669955361165007,1.4425590886328368
1437748751260848,51.7596481405,-1.2600759616,112.163177,5735738.363632154,620081.0781746894,-112.163177,30U,11.043,-1.139,0.021,0.040419319876278524,-0.01985419419139347,1.4435186957307287
1437748751367513,51.7596581596,-1.2600775796,112.161156,5735739.475155457,620080.9399333359,-112.161156,30U,11.069,-1.131,0.038,0.03927923718161712,-0.021987114906297026,1.444798370560587
1437748751474178,51.7596682012,-1.2600791965,112.154144,5735740.589182718,620080.8017082411,-112.154144,30U,11.096,-1.129,0.097,0.042614073923935514,-0.022663727653858098,1.4464494569774913
1437748751580843,51.7596782609,-1.2600808192,112.146057,5735741.705213268,620080.6630349108,-112.146057,30U,11.118,-1.115,0.074,0.04332448253598182,-0.025946901262780698,1.448021981236096
1437748751684651,51.7596883432,-1.2600823875,112.137398,5735742.823846654,620080.5280558143,-112.137398,30U,11.146,-1.075,0.112,0.03781751499349544,-0.02896571412945104,1.4493376487187732
1437748751776078,51.7596984551,-1.2600839302,112.121346,5735743.945813904,620080.394764886,-112.121346,30U,11.171,-1.073,0.192,0.03486727648314576,-0.026759981367387053,1.45098836853625
1437748751867505,51.7597085948,-1.2600854193,112.102882,5735745.070960944,620080.2650991827,-112.102882,30U,11.2,-1.03,0.182,0.03188919999915204,-0.021912199999187334,1.4519852000007203
1437748751974170,51.7597187586,-1.2600868851,112.089294,5735746.198826423,620080.136977515,-112.089294,30U,11.218,-1.034,0.11,0.028286911080945176,-0.016932728376240706,1.4529704157684387
1437748752078931,51.7597289404,-1.260088347,112.083328,5735747.328700041,620080.0090772688,-112.083328,30U,11.231,-1.035,0.026,0.025253125959646475,-0.015577285440303906,1.4543891006033562
1437748752170357,51.759739137,-1.260089799,112.08387,5735748.460235817,620079.8818209978,-112.08387,30U,11.248,-1.024,-0.025,0.024659290703556956,-0.01651670146636059,1.4560689174662722
1437748752261784,51.7597493442,-1.2600912404,112.084892,5735749.592967838,620079.7552681501,-112.084892,30U,11.264,-1.0,0.001,0.021892754102657633,-0.018303297860893058,1.457376027716564
1437748752353211,51.7597595578,-1.260092637,112.084343,5735750.726485345,620079.6317900112,-112.084343,30U,11.277,-0.981,0.023,0.021396525294155106,-0.019373589352188646,1.4580930136682186
1437748752444638,51.7597697765,-1.2600940572,112.080322,5735751.860531151,620079.5066697444,-112.080322,30U,11.279,-0.989,0.062,0.02238869628620907,-0.019185182216589148,1.4593444569491962
1437748752547494,51.7597799945,-1.2600954588,112.074219,5735752.994529741,620079.382834961,-112.074219,30U,11.28,-0.983,0.05,0.025586457497541674,-0.016875127973068837,1.4603867454372401
1437748752654159,51.7597902136,-1.260096866,112.069122,5735754.128641442,620079.2586108431,-112.069122,30U,11.286,-0.967,0.043,0.02717418350935427,-0.0134342487499319,1.4620384734371776
1437748752760824,51.759800438,-1.2600982444,112.067017,5735755.263389959,620079.1363601902,-112.067017,30U,11.279,-0.955,-0.022,0.029160543423944734,-0.010596407781857203,1.4634549210148127
1437748752867489,51.7598106636,-1.2600995731,112.073654,5735756.3983537555,620079.0175361863,-112.073654,30U,11.283,-0.926,-0.071,0.02888570000033088,-0.012395099999256372,1.464242799999681
1437748752974154,51.7598208904,-1.2601008686,112.082985,5735757.533505668,620078.9010001655,-112.082985,30U,11.269,-0.913,-0.075,0.028233413210315802,-0.01619310917636013,1.4647689556250374
1437748753080819,51.7598311132,-1.2601021511,112.088234,5735758.668234162,620078.7853719218,-112.088234,30U,11.264,-0.906,-0.015,0.027833320404269488,-0.018449909006973755,1.46523962143898
1437748753187484,51.7598413255,-1.2601034235,112.086975,5735759.801811621,620078.6704685738,-112.086975,30U,11.249,-0.901,0.03,0.028011300085960908,-0.016625338361658942,1.4661080910788533
1437748753290340,51.7598515138,-1.2601047053,112.08297,5735760.932704656,620078.5549802447,-112.08297,30U,11.22,-0.907,0.036,0.028012482869415045,-0.013512531013269916,1.4673639025821
1437748753381767,51.7598616646,-1.2601059738,112.084488,5735762.059449355,620078.4405092767,-112.084488,30U,11.179,-0.88,-0.063,0.027210967106992886,-0.015327232629752148,1.468536896833529
1437748753473193,51.7598717783,-1.2601072212,112.091103,5735763.182103044,620078.3275928855,-112.091103,30U,11.142,-0.867,-0.051,0.028121718878649737,-0.020273262730194266,1.4695396474530034
1437748753564621,51.7598818589,-1.2601084524,112.09359,5735764.301102478,620078.215882309,-112.09359,30U,11.106,-0.849,0.029,0.027424609012278514,-0.023153526388398262,1.4705366709054364
1437748753656048,51.7598919064,-1.2601096431,112.089005,5735765.416487668,620078.1070544835,-112.089005,30U,11.082,-0.817,0.062,0.026874691449976985,-0.022396914732733433,1.4715276811505638
1437748753760808,51.7599019238,-1.2601108146,112.083046,5735766.528557162,620077.9996315396,-112.083046,30U,11.041,-0.83,0.08,0.027476141434475954,-0.021106991259694292,1.4724232190337385
1437748753867473,51.7599119123,-1.2601119566,112.078972,5735767.637461366,620077.8943210931,-112.078972,30U,11.002,-0.81,0.048,0.03137679999954479,-0.021239199999402086,1.473023100000401
1437748753958900,51.7599218705,-1.2601131049,112.07338,5735768.74298565,620077.7886563073,-112.07338,30U,10.957,-0.811,0.039,0.03087065493883612,-0.019372602274248862,1.4739875195103476
1437748754050327,51.7599317993,-1.2601142169,112.069908,5735769.845300236,620077.6855746097,-112.069908,30U,10.929,-0.783,0.04,0.026509869756692797,-0.017067392979210953,1.4754050232216191
1437748754154136,51.759941695,-1.2601153103,112.068542,5735770.94396452,620077.5838643439,-112.068542,30U,10.891,-0.767,-0.015,0.02419416259243814,-0.01673326555372355,1.476701368431183
1437748754260801,51.7599515582,-1.2601163493,112.072159,5735772.039104167,620077.4859944639,-112.072159,30U,10.867,-0.723,-0.042,0.02257685491659368,-0.01961608756092368,1.476508523689495
1437748754367465,51.7599613979,-1.260117391,112.073708,5735773.131626025,620077.3880006351,-112.073708,30U,10.846,-0.747,0.023,0.0227530282313785,-0.022490955654172855,1.4764026391365392
1437748754474130,51.7599712174,-1.2601184601,112.070183,5735774.221856404,620077.2881695622,-112.070183,30U,10.825,-0.751,0.058,0.02307738256005565,-0.022611687454294722,1.4768683634521305
1437748754580795,51.7599810246,-1.2601195377,112.061104,5735775.310704951,620077.1877845699,-112.061104,30U,10.82,-0.753,0.11,0.027757260528009232,-0.019657177608393278,1.477430024795662
1437748754687460,51.7599908238,-1.260120626,112.052048,5735776.398646236,620077.0866824285,-112.052048,30U,10.818,-0.759,0.076,0.03033685649050509,-0.016238431743258917,1.4779002140422164
1437748754794125,51.7600006233,-1.2601216851,112.048302,5735777.486668962,620076.987594601,-112.048302,30U,10.815,-0.735,0.019,0.029073241742346035,-0.014005755754082588,1.4782050802740478
1437748754892457,51.7600104256,-1.2601227225,112.049179,5735778.575038797,620076.8899968823,-112.049179,30U,10.807,-0.729,-0.013,0.030216500000749585,-0.014010500000557811,1.4783767000003798
1437748754972456,51.7600202292,-1.2601237526,112.054359,5735779.66356522,620076.7928995116,-112.054359,30U,10.806,-0.729,-0.056,0.027784222306226198,-0.01648229142225691,1.4781602337265038
1437748755052454,51.7600300365,-1.260124769,112.058861,5735780.752525668,620076.6967377838,-112.058861,30U,10.812,-0.723,0.002,0.02664692463345221,-0.01757721683269968,1.4780974296486018
1437748755154120,51.7600398438,-1.2601258119,112.056168,5735781.841442487,620076.5987473279,-112.056168,30U,10.809,-0.754,0.035,0.028503568433467373,-0.014782607858692438,1.478466937955844
1437748755260784,51.7600496474,-1.2601268431,112.053238,5735782.92996711,620076.5015741293,-112.053238,30U,10.81,-0.708,-0.0,0.025294533194527683,-0.01262383419593499,1.4785513437958744
1437748755367449,51.760059445,-1.2601278789,112.054955,5735784.017816923,620076.4040994318,-112.054955,30U,10.805,-0.742,-0.058,0.027595993667194636,-0.014958509521705835,1.478937553122077
1437748755473161,51.7600692382,-1.2601289199,112.061501,5735785.10516887,620076.3062775878,-112.061501,30U,10.807,-0.716,-0.041,0.026948576260271494,-0.01982883953678635,1.4789154197117145
1437748755564589,51.7600790325,-1.2601299418,112.06089,5735786.192674593,620076.2097709335,-112.06089,30U,10.811,-0.708,0.058,0.025169550247077514,-0.019409348593399982,1.4787949876544382
1437748755656016,51.7600888279,-1.2601309766,112.05378,5735787.280281408,620076.1123711647,-112.05378,30U,10.807,-0.743,0.041,0.026547424117909033,-0.01679835205628433,1.479153841669075
1437748755760776,51.7600986226,-1.2601320153,112.051224,5735788.36780396,620076.0147041444,-112.051224,30U,10.805,-0.705,0.013,0.021923684707233753,-0.01904695079069169,1.4795799753233774
1437748755867441,51.7601084218,-1.2601330188,112.051254,5735789.455884897,620075.9194543458,-112.051254,30U,10.812,-0.718,0.01,0.023293500000209737,-0.020598600000380874,1.4800213999992422
1437748755974106,51.7601182338,-1.2601340129,112.042274,5735790.5454047555,620075.8248193018,-112.042274,30U,10.811,-0.702,0.07,0.022928502129900198,-0.016936058131095628,1.480141121438732
1437748756078867,51.7601280474,-1.2601350031,112.038376,5735791.635108967,620075.7304491759,-112.038376,30U,10.819,-0.707,0.027,0.022821069745659846,-0.01675502434661536,1.4803687227107774
1437748756170294,51.7601378635,-1.2601359906,112.037827,5735792.725095645,620075.636258769,-112.037827,30U,10.821,-0.702,0.0,0.02344141743796909,-0.018281190818964937,1.4807520938698167
1437748756261721,51.7601476772,-1.2601369904,112.036331,5735793.814795177,620075.5412259405,-112.036331,30U,10.822,-0.706,0.039,0.02311656238480151,-0.019130284385950824,1.4812340143905718
1437748756367433,51.7601574885,-1.2601379788,112.032379,5735794.904246586,620075.4469862123,-112.032379,30U,10.822,-0.687,0.043,0.02289773355296518,-0.01888123991319447,1.4816457004309824
1437748756473145,51.7601672976,-1.2601389702,112.026978,5735795.993448406,620075.3525453187,-112.026978,30U,10.822,-0.695,0.059,0.02390786705131099,-0.016757823943747353,1.4820458811510087
1437748756564573,51.760177105,-1.2601399584,112.022568,5735797.082466446,620075.2583297921,-112.022568,30U,10.822,-0.685,0.029,0.024903380195293544,-0.015110516829643959,1.4827263000707145
1437748756656000,51.760186909,-1.2601409416,112.021339,5735798.17111462,620075.164468359,-112.021339,30U,10.817,-0.682,-0.005,0.02567601689168219,-0.015073314848658375,1.4839593672512366
1437748756760760,51.7601967144,-1.2601419064,112.022682,5735799.259948779,620075.0718730087,-112.022682,30U,10.821,-0.667,-0.005,0.026026475631761206,-0.016246918883221627,1.4853591891784639
1437748756867425,51.7602065242,-1.2601428336,112.02256,5735800.349334154,620074.9818607614,-112.02256,30U,10.818,-0.645,0.008,0.026279200000345698,-0.017288099999997933,1.4863556999997707
1437748756974090,51.7602163391,-1.2601437314,112.021652,5735801.439335088,620074.8938638807,-112.021652,30U,10.816,-0.637,0.02,0.02628381870703315,-0.018341744546123983,1.4870199939272375
1437748757078850,51.7602261579,-1.2601446124,112.01963,5735802.529797388,620074.8070160323,-112.01963,30U,10.818,-0.626,0.048,0.025805991238192296,-0.01969355430171541,1.4880627104276098
1437748757170278,51.7602359808,-1.2601454815,112.015297,5735803.620735232,620074.7209785394,-112.015297,30U,10.822,-0.624,0.058,0.026381393035325926,-0.020218898820208737,1.4892508112507161
1437748757261705,51.7602458036,-1.2601463335,112.009834,5735804.71169011,620074.6361213932,-112.009834,30U,10.823,-0.602,0.065,0.02588831211662494,-0.02013178362704062,1.4902576411985804
1437748757367417,51.7602556267,-1.2601471608,112.003647,5735805.802719017,620074.5529680015,-112.003647,30U,10.827,-0.587,0.067,0.024970361669891052,-0.01975611487651624,1.4911325675670843
1437748757473129,51.7602654516,-1.2601479795,111.998581,5735806.8939622585,620074.4704033345,-111.998581,30U,10.83,-0.589,0.033,0.02751889999751184,-0.021740161118073073,1.4918375605463803
1437748757564557,51.7602752779,-1.2601487984,111.996078,5735807.985360865,620074.3878211731,-111.996078,30U,10.832,-0.58,0.052,0.028877366632601913,-0.028510780252619005,1.4921154101285885
1437748757655984,51.7602851047,-1.2601496025,111.988533,5735809.0768394405,620074.306259041,-111.988533,30U,10.834,-0.578,0.126,0.029048987280467526,-0.030297692748968288,1.4924838103594498
1437748757760744,51.7602949333,-1.2601504157,111.967789,5735810.168503208,620074.2240641718,-111.967789,30U,10.829,-0.578,0.253,0.026591218296491196,-0.022093892912495597,1.4935045351056178
1437748757867409,51.7603047549,-1.2601512093,111.950432,5735811.259420802,620074.143240474,-111.950432,30U,10.831,-0.551,0.119,0.025450700000809758,-0.015091899999415539,1.4944930999996004
1437748757974074,51.7603145701,-1.2601519878,111.946587,5735812.34965154,620074.0634758155,-111.946587,30U,10.821,-0.55,-0.023,0.023901298391224707,-0.015222064113829887,1.4947956115099996
1437748758078834,51.7603243759,-1.2601527437,111.951248,5735813.43887415,620073.9852957224,-111.951248,30U,10.815,-0.53,-0.031,0.02162105430151529,-0.01877133319487219,1.4944922273437011
1437748758170262,51.7603341711,-1.260153503,111.951813,5735814.526912375,620073.906909141,-111.951813,30U,10.804,-0.55,0.033,0.019808191829223002,-0.01884416069168715,1.494382652286806
1437748758261689,51.760343954,-1.260154275,111.947624,5735815.613561858,620073.8276787967,-111.947624,30U,10.793,-0.547,0.064,0.01774580259559683,-0.0164233340604982,1.4946597929913208
1437748758367402,51.7603537225,-1.2601550502,111.944122,5735816.698604704,620073.748265847,-111.944122,30U,10.77,-0.554,-0.002,0.018266917554739373,-0.01591273199785727,1.4948763341869455
1437748758474067,51.7603634754,-1.2601558225,111.944275,5735817.781917507,620073.6690944326,-111.944275,30U,10.758,-0.534,0.008,0.017073841352950515,-0.018177950415391244,1.4947404390221328
1437748758580731,51.7603732136,-1.2601565851,111.945778,5735818.863611548,620073.5906314263,-111.945778,30U,10.742,-0.546,0.018,0.014965073514781697,-0.021995666927129346,1.4942330166806086
1437748758682396,51.7603829392,-1.2601573555,111.942657,5735819.943891553,620073.5116635985,-111.942657,30U,10.731,-0.546,0.06,0.015727619192164866,-0.024008571308221965,1.493695415568244
1437748758762395,51.7603926523,-1.2601581465,111.9347,5735821.022747562,620073.4313073669,-111.9347,30U,10.72,-0.555,0.097,0.016051968928880757,-0.02425711896777075,1.4932079949006607
1437748758842393,51.7604023533,-1.2601589395,111.924324,5735822.100254686,620073.3508452402,-111.924324,30U,10.706,-0.567,0.114,0.017105299999910516,-0.02347389999978806,1.4926245999999528
1437748758940725,51.7604120419,-1.2601597529,111.913788,5735823.176349265,620073.2690082488,-111.913788,30U,10.689,-0.57,0.094,0.01798751775538164,-0.02199512823125572,1.4921513007773843
1437748759047391,51.7604217169,-1.260160567,111.905479,5735824.25093029,620073.1871590535,-111.905479,30U,10.678,-0.571,0.076,0.018828025892442667,-0.0219596415842936,1.4916036894931564
1437748759154056,51.7604313801,-1.2601613895,111.89904,5735825.324185252,620073.1047615113,-111.89904,30U,10.669,-0.578,0.066,0.02002303720709572,-0.022628481956580536,1.4911151629064188
1437748759260720,51.7604410315,-1.2601622195,111.892258,5735826.396115635,620073.0218777276,-111.892258,30U,10.656,-0.577,0.073,0.01989896504575307,-0.02250005780627606,1.4906143814955741
1437748759367386,51.7604506707,-1.2601630464,111.884354,5735827.466694405,620072.9392402619,-111.884354,30U,10.641,-0.583,0.083,0.02105144509159873,-0.02143818846062717,1.4898546468210498
1437748759474051,51.7604602931,-1.2601638956,111.877304,5735828.535368198,620072.8551084902,-111.877304,30U,10.619,-0.601,0.066,0.023436005206865236,-0.021189153353307576,1.4890960842887069
1437748759580715,51.7604698912,-1.2601647612,111.87162,5735829.601312677,620072.7699094635,-111.87162,30U,10.591,-0.593,0.056,0.02145737319132359,-0.02130863183598425,1.4885755220159973
1437748759684523,51.7604794619,-1.2601656282,111.865715,5735830.664207801,620072.684686542,-111.865715,30U,10.559,-0.614,0.072,0.022023545898557515,-0.02006898909434422,1.4880295970933273
1437748759775950,51.7604890019,-1.2601665088,111.860016,5735831.7236665,620072.5986065718,-111.860016,30U,10.521,-0.61,0.052,0.022450680659755976,-0.01809065020335978,1.487586674565426
1437748759867377,51.7604985088,-1.2601673843,111.857697,5735832.779452672,620072.5129663876,-111.857697,30U,10.488,-0.61,0.005,0.022758800000308263,-0.017904500000139933,1.4868554999997596
1437748759974042,51.7605079831,-1.2601682742,111.857468,5735833.831589807,620072.4264189892,-111.857468,30U,10.448,-0.623,-0.001,0.024042602589698023,-0.02032415372469298,1.4862270583604975
1437748760078803,51.7605174254,-1.2601691698,111.857468,5735834.880158962,620072.3395631628,-111.857468,30U,10.419,-0.622,0.017,0.02446185414546951,-0.022526854832392956,1.4857049024398654
1437748760170230,51.7605268406,-1.2601700748,111.852333,5735835.925698949,620072.2521305737,-111.852333,30U,10.39,-0.632,0.063,0.02551979971345257,-0.02264613804239693,1.485377976488963
1437748760261657,51.7605362329,-1.2601709783,111.845123,5735836.968694784,620072.1648622786,-111.845123,30U,10.367,-0.62,0.068,0.024124651413188182,-0.02252814637778476,1.4850690063230894
1437748760353084,51.7605456075,-1.2601718792,111.839539,5735838.009726549,620072.0778203878,-111.839539,30U,10.35,-0.631,0.053,0.023522900317505337,-0.025154958845981224,1.4850604633954225
1437748760444511,51.7605549673,-1.2601727904,111.832008,5735839.049095504,620071.9901069951,-111.832008,30U,10.337,-0.624,0.082,0.022806123855975167,-0.026304897985651297,1.4852390127490913
1437748760547367,51.7605643164,-1.2601736855,111.821487,5735840.0873010615,620071.9035330546,-111.821487,30U,10.326,-0.615,0.139,0.020926062542289674,-0.023852532472971304,1.4850339418136775
1437748760654031,51.7605736634,-1.2601745681,111.808067,5735841.125293667,620071.8178273181,-111.808067,30U,10.328,-0.617,0.112,0.02034095467597038,-0.019841368087861147,1.4847401686903683
1437748760760696,51.7605830042,-1.2601754732,111.799538,5735842.162559752,620071.7305853561,-111.799538,30U,10.318,-0.631,0.044,0.018180869623427534,-0.018521349652947786,1.4848551769973675
1437748760867361,51.7605923388,-1.2601763731,111.796967,5735843.199144925,620071.6437187105,-111.796967,30U,10.315,-0.626,0.018,0.01742690000006049,-0.02006999999951895,1.4850021000006242
1437748760974026,51.7606016691,-1.2601772841,111.794029,5735844.235233635,620071.5560974998,-111.794029,30U,10.309,-0.624,0.033,0.017527342502962225,-0.021627794070190776,1.4852161394814414
1437748761080691,51.7606109957,-1.2601781837,111.789963,5735845.270929654,620071.4692728262,-111.789963,30U,10.304,-0.625,0.053,0.018998646985009665,-0.023575952314106693,1.4849244407482707
1437748761187356,51.7606203187,-1.260179087,111.783119,5735846.306219241,620071.3822023947,-111.783119,30U,10.3,-0.621,0.093,0.016403899396907565,-0.02532537496359021,1.4847186720005516
1437748761290212,51.7606296374,-1.2601799918,111.774261,5735847.341028172,620071.2950398813,-111.774261,30U,10.29,-0.645,0.112,0.01930161705972584,-0.02732249527284219,1.4846688947425366
1437748761381639,51.7606389476,-1.2601809166,111.761597,5735848.374858925,620071.2065197687,-111.761597,30U,10.285,-0.628,0.147,0.018329776519755772,-0.024938251714923428,1.484807244835115
1437748761473066,51.7606482556,-1.2601818082,111.747864,5735849.408499687,620071.1202966021,-111.747864,30U,10.277,-0.619,0.159,0.0179542129776787,-0.02092356564459117,1.4842701781303507
1437748761564493,51.7606575502,-1.2601827229,111.738083,5735850.440612255,620071.0325149101,-111.738083,30U,10.257,-0.632,0.044,0.019702700600176717,-0.01950995559009306,1.4842144680130067
1437748761655920,51.7606668293,-1.2601836361,111.736336,5735851.471003596,620070.9448778774,-111.736336,30U,10.236,-0.632,0.017,0.02040974696457342,-0.022238791567694177,1.4839554567764701
1437748761760680,51.760676086,-1.2601845469,111.734772,5735852.49890787,620070.8574659163,-111.734772,30U,10.21,-0.63,0.036,0.02220833394560001,-0.025221451998397978,1.4839043603968611
1437748761867345,51.7606853166,-1.2601854609,111.728661,5735853.523904391,620070.7699023966,-111.728661,30U,10.174,-0.646,0.102,0.025720299999819687,-0.02654159999957369,1.483962500000307
1437748761958773,51.760694521,-1.260186372,111.718399,5735854.545992081,620070.682608535,-111.718399,30U,10.146,-0.632,0.119,0.026234796433073887,-0.02488154509486151,1.4836814082019778
1437748762050200,51.7607036994,-1.2601872692,111.706429,5735855.565211296,620070.5963428956,-111.706429,30U,10.119,-0.627,0.123,0.026201865646268387,-0.022105871225834423,1.4834033030477167
1437748762154008,51.7607128472,-1.26018817,111.697739,5735856.581021672,620070.509910032,-111.697739,30U,10.085,-0.632,0.058,0.023407616377638673,-0.021009550618386233,1.4832038189060026
1437748762260673,51.7607219641,-1.2601890735,111.694252,5735857.59339133,620070.4233728484,-111.694252,30U,10.053,-0.628,0.031,0.02228114401704773,-0.02280768902012447,1.4832711744081495
1437748762367338,51.7607310499,-1.260189982,111.690323,5735858.602294239,620070.3365731551,-111.690323,30U,10.02,-0.634,0.046,0.02248557001665082,-0.02377930086262133,1.4833099711942108
1437748762474003,51.7607401062,-1.2601908904,111.683998,5735859.6079167295,620070.2498586505,-111.683998,30U,9.994,-0.619,0.093,0.021146971597154875,-0.023229606243442464,1.483509275741545
1437748762580667,51.7607491323,-1.260191787,111.67527,5735860.610200217,620070.1640385909,-111.67527,30U,9.954,-0.625,0.092,0.02223828819902994,-0.021619553243309414,1.4837365088328938
1437748762687332,51.7607581271,-1.260192687,111.668053,5735861.60899735,620070.0780669664,-111.668053,30U,9.926,-0.604,0.055,0.02042382532439076,-0.02065186963953995,1.4840196625317854
1437748762793997,51.7607670953,-1.2601935541,111.663124,5735862.604890562,620069.9944363143,-111.663124,30U,9.893,-0.607,0.039,0.02031625522494578,-0.02114075025409908,1.483845861082802
1437748762892329,51.7607760343,-1.2601944282,111.659157,5735863.597525028,620069.9104000941,-111.659157,30U,9.858,-0.605,0.038,0.01799940000056245,-0.021800799999846323,1.4837432999997702
1437748762972328,51.7607849454,-1.2601952927,111.655144,5735864.587072642,620069.8271003972,-111.655144,30U,9.828,-0.602,0.049,0.016740303309443552,-0.022945970502064872,1.4837366896978734
1437748763052326,51.7607938291,-1.2601961692,111.649536,5735865.573553449,620069.7430453135,-111.649536,30U,9.802,-0.608,0.069,0.013008607402397192,-0.024268591538797554,1.4839930399827428
1437748763153992,51.7608026875,-1.2601970255,111.644623,5735866.557253994,620069.6604513434,-111.644623,30U,9.769,-0.592,0.057,0.013903738182288048,-0.027903233061607285,1.484048194619382
1437748763260657,51.7608115137,-1.2601978977,111.635521,5735867.53734752,620069.5768455889,-111.635521,30U,9.738,-0.622,0.114,0.018139331434747222,-0.02810147846286597,1.4840618564336838
1437748763367322,51.7608203058,-1.2601987707,111.622253,5735868.5136475945,620069.4932751195,-111.622253,30U,9.695,-0.594,0.165,0.018896962847896742,-0.022798776697012017,1.483948046043889
1437748763473034,51.7608290572,-1.2601996357,111.607101,5735869.485434743,620069.4103647171,-111.607101,30U,9.648,-0.606,0.131,0.020136953465072622,-0.015021439715354332,1.4838061045174953
1437748763564462,51.7608377496,-1.260200511,111.603775,5735870.450643764,620069.3269000807,-111.603775,30U,9.578,-0.609,-0.033,0.021706249037348937,-0.01565820768168717,1.4834422313059399
1437748763655889,51.760846384,-1.2602013845,111.609131,5735871.40940578,620069.2437135566,-111.609131,30U,9.523,-0.591,-0.077,0.018127741499054866,-0.019793728544020457,1.4831217558860041
1437748763760649,51.7608549739,-1.2602022322,111.613327,5735872.363261592,620069.1624255314,-111.613327,30U,9.473,-0.591,0.011,0.016028968020066887,-0.02292635079692161,1.4826147360278772
1437748763867313,51.7608635149,-1.2602030968,111.608238,5735873.311651593,620069.08010102,-111.608238,30U,9.408,-0.595,0.049,0.013195000000434214,-0.022207999999536928,1.482415600000809
1437748763973978,51.760872008,-1.2602039389,111.603516,5735874.254751854,620068.9994562973,-111.603516,30U,9.362,-0.589,0.062,0.014212433235402066,-0.022522589813187763,1.4816605032228671
1437748764078739,51.7608804537,-1.2602048025,111.596863,5735875.192545541,620068.9174536708,-111.596863,30U,9.304,-0.611,0.059,0.01713084682050427,-0.022947210886620314,1.4811099154646048
1437748764170166,51.7608888478,-1.2602056836,111.590324,5735876.12457217,620068.834380318,-111.590324,30U,9.25,-0.611,0.083,0.01758452857718697,-0.022582712922241777,1.4808691749071465
1437748764261593,51.7608971929,-1.2602065455,111.583054,5735877.0511813015,620068.7527619437,-111.583054,30U,9.201,-0.588,0.063,0.016921329461598997,-0.019633203053693548,1.4804350703027345
1437748764367306,51.7609054889,-1.2602074103,111.575691,5735877.972325427,620068.6710737312,-111.575691,30U,9.145,-0.614,0.064,0.018813369322497435,-0.016820280001251256,1.4797011155968667
1437748764473018,51.7609137317,-1.2602083003,111.574081,5735878.88751189,620068.5877876724,-111.574081,30U,9.09,-0.603,-0.014,0.018657916115023987,-0.017988105695720114,1.4790761673667472
1437748764564446,51.7609219264,-1.2602091679,111.575813,5735879.797386207,620068.5061750314,-111.575813,30U,9.036,-0.612,-0.004,0.020469473564491983,-0.02117833372391658,1.4778083648947795
1437748764655873,51.7609300726,-1.2602100711,111.576241,5735880.70180841,620068.4222343902,-111.576241,30U,8.988,-0.623,0.018,0.020783429582768912,-0.023961425839167244,1.4771768678280235
1437748764760633,51.7609381713,-1.2602109596,111.57206,5735881.600972513,620068.3394342095,-111.57206,30U,8.924,-0.613,0.06,0.02159735810065131,-0.02547172360342476,1.4761938365632665
1437748764867297,51.7609462069,-1.2602118564,111.565239,5735882.493105834,620068.2562286895,-111.565239,30U,8.845,-0.632,0.073,0.02234890000069943,-0.02675140000058869,1.475262499999675
1437748764973962,51.7609541664,-1.2602127546,111.557838,5735883.376774046,620068.173128475,-111.557838,30U,8.758,-0.616,0.094,0.02011573626355567,-0.02851483781326266,1.4742193772390126
1437748765078722,51.7609620414,-1.2602136362,111.548096,5735884.251072656,620068.091398,-111.548096,30U,8.659,-0.609,0.107,0.010859232028738453,-0.025920711672330017,1.4734455292474713
1437748765170150,51.7609698349,-1.2602145099,111.538445,5735885.116320955,620068.0104289321,-111.538445,30U,8.582,-0.619,0.077,0.011827122930499161,-0.02052462434744413,1.473111719712763
1437748765261577,51.7609775503,-1.2602154321,111.5317,5735885.972804192,620067.9263201916,-111.5317,30U,8.488,-0.66,-0.019,0.02145379914098794,-0.02085229958564755,1.472757481875832
1437748765367289,51.7609851905,-1.2602163464,111.532722,5735886.82093772,620067.8429561446,-111.532722,30U,8.409,-0.609,-0.033,0.02130183965681665,-0.02509372670236061,1.4718205809495124
1437748765473002,51.7609927621,-1.2602172036,111.53685,5735887.661536501,620067.7637144807,-111.53685,30U,8.346,-0.605,0.003,0.020806284517480133,-0.02951011248767353,1.4707960884040086
1437748765564430,51.7610002666,-1.2602181189,111.528763,5735888.494577684,620067.6806414828,-111.528763,30U,8.265,-0.65,0.128,0.023454817129997446,-0.02752992850267173,1.47082028674657
1437748765655857,51.7610076991,-1.2602190444,111.515862,5735889.31959522,620067.5970556412,-111.515862,30U,8.188,-0.628,0.125,0.026490473811486295,-0.023475497182002487,1.4708644781585993
1437748765760617,51.7610150624,-1.2602199401,111.506332,5735890.136966337,620067.5157098514,-111.506332,30U,8.111,-0.616,0.068,0.02777459793241217,-0.0212809639795824,1.4703379377806451
1437748765867281,51.7610223599,-1.2602208331,111.50132,5735890.947024525,620067.4347249719,-111.50132,30U,8.037,-0.623,0.028,0.030028300000825715,-0.021725999999978592,1.4697532999995613
1437748765973946,51.7610295885,-1.2602217203,111.500244,5735891.749430146,620067.3543231522,-111.500244,30U,7.961,-0.603,0.016,0.030756041006434677,-0.0241474840862248,1.4691215476260424
1437748766078707,51.7610367502,-1.2602225993,111.498856,5735892.544409564,620067.2746647061,-111.498856,30U,7.889,-0.611,0.012,0.03222367888508157,-0.025889931743773544,1.4683416611618083
1437748766170134,51.7610438425,-1.2602234942,111.495804,5735893.331645085,620067.19409317,-111.495804,30U,7.807,-0.628,0.058,0.0364322081423708,-0.02837335654590074,1.4677178937551385
1437748766261561,51.7610508582,-1.2602243903,111.488396,5735894.110360227,620067.1136420656,-111.488396,30U,7.723,-0.609,0.075,0.03853836334307711,-0.02806852939722721,1.467168599928133
1437748766367274,51.7610577969,-1.2602252749,111.48204,5735894.880531412,620067.0341888557,-111.48204,30U,7.64,-0.612,0.075,0.04069456673274897,-0.02847220854770843,1.46653543982789
1437748766473939,51.7610646592,-1.2602261688,111.47184,5735895.642191124,620066.9542965805,-111.47184,30U,7.557,-0.618,0.102,0.04022849864838156,-0.026206720345905325,1.466214612748545
1437748766580604,51.7610714438,-1.2602270485,111.463554,5735896.395233482,620066.8755903778,-111.463554,30U,7.474,-0.591,0.057,0.03954238217638166,-0.024710515692987982,1.4657921626849328
1437748766682269,51.7610781505,-1.2602279116,111.457527,5735897.139640194,620066.7982363967,-111.457527,30U,7.381,-0.606,0.06,0.04134234120785714,-0.02488896664673869,1.4651730345327116
1437748766762267,51.7610847733,-1.2602287843,111.452766,5735897.874700893,620066.7204425442,-111.452766,30U,7.292,-0.595,0.037,0.0416307471417746,-0.02492229626571288,1.4646420068591453
1437748766842266,51.7610913154,-1.260229636,111.448944,5735898.600821813,620066.6443119766,-111.448944,30U,7.2,-0.582,0.04,0.04124420000011397,-0.025335800000217276,1.4639747999998465
1437748766940597,51.7610977757,-1.2602304808,111.445045,5735899.317857412,620066.5688745985,-111.445045,30U,7.108,-0.585,0.057,0.04142145959735326,-0.0261416929209944,1.4633920197115993
1437748767047262,51.7611041529,-1.2602313283,111.43824,5735900.025647321,620066.4934713806,-111.43824,30U,7.016,-0.584,0.06,0.04121508133179008,-0.02499498279053883,1.4632740434879148
1437748767153928,51.7611104465,-1.2602321738,111.433266,5735900.724143672,620066.4184279884,-111.433266,30U,6.925,-0.585,0.053,0.04260051977026835,-0.025096773754019277,1.4635344823304755
1437748767260593,51.7611166563,-1.260233009,111.428642,5735901.413337889,620066.3443177165,-111.428642,30U,6.837,-0.572,0.05,0.04303847013787389,-0.026279398999296353,1.463732971819521
1437748767367258,51.761122781,-1.2602338254,111.423943,5735902.093099398,620066.2717305818,-111.423943,30U,6.737,-0.549,0.046,0.04169632751142718,-0.02884565407165168,1.4638733090357752
1437748767473923,51.7611288109,-1.2602346113,111.418213,5735902.762368758,620066.2014997117,-111.418213,30U,6.633,-0.539,0.071,0.04163483145307971,-0.027455691369742435,1.4638379864166016
1437748767580588,51.7611347477,-1.2602353992,111.412598,5735903.421281517,620066.1313778346,-111.412598,30U,6.529,-0.544,0.061,0.0420000017531927,-0.024553061783177045,1.4640636226957455
1437748767684396,51.761140592,-1.260236178,111.406113,5735904.069922668,620066.0621293487,-111.406113,30U,6.431,-0.523,0.092,0.04220204129429637,-0.021840452721553008,1.4640924028487348
1437748767775823,51.7611463465,-1.2602369249,111.396011,5735904.708630009,620065.9953204696,-111.396011,30U,6.325,-0.515,0.086,0.043663187347486636,-0.018821149366748304,1.4636207070095355
1437748767867250,51.7611520015,-1.2602376804,111.394585,5735905.336258161,620065.9281821109,-111.394585,30U,6.215,-0.523,-0.018,0.042723499999525745,-0.021474999999241778,1.4634547000002787
1437748767973915,51.7611575632,-1.2602384154,111.396744,5735905.95354451,620065.8627059537,-111.396744,30U,6.112,-0.495,-0.007,0.04026260351119356,-0.025393518415571848,1.4632429172371657
1437748768078675,51.7611630291,-1.2602391205,111.397186,5735906.560226516,620065.799547303,-111.397186,30U,6.005,-0.49,0.001,0.03899295674805998,-0.027373317201171747,1.4626577232318663
1437748768170102,51.7611683975,-1.260239837,111.396088,5735907.156047133,620065.7358606438,-111.396088,30U,5.898,-0.497,0.025,0.03513826118275099,-0.028946734703579856,1.4627408132367576
1437748768261529,51.7611736667,-1.2602405427,111.390602,5735907.740853864,620065.6731824605,-111.390602,30U,5.791,-0.477,0.092,0.03547117696925573,-0.02774327054642923,1.4629544039620084
1437748768352956,51.7611788411,-1.260241243,111.381271,5735908.315127123,620065.6111284371,-111.381271,30U,5.688,-0.494,0.093,0.040734023911256925,-0.024696704260335784,1.4624064143602118
1437748768444383,51.7611839225,-1.2602419574,111.373436,5735908.879034978,620065.5483481444,-111.373436,30U,5.585,-0.479,0.054,0.041490349324197776,-0.024510586071690404,1.4622114608925232
1437748768547239,51.761188914,-1.2602426226,111.368332,5735909.433026381,620065.4892015541,-111.368332,30U,5.489,-0.438,0.058,0.039938338937818514,-0.02533027296310056,1.4618419650451866
1437748768653904,51.7611938159,-1.2602432267,111.362404,5735909.977154285,620065.434509062,-111.362404,30U,5.389,-0.409,0.04,0.03518681847830824,-0.024013543512150785,1.4607043229351753
1437748768760569,51.7611986181,-1.2602438591,111.361397,5735910.510148326,620065.3781281644,-111.361397,30U,5.275,-0.469,0.0,0.03334286321497377,-0.023607607160509227,1.4609770753164641
1437748768867234,51.7612033246,-1.2602445422,111.360321,5735911.032416451,620065.3185024724,-111.360321,30U,5.173,-0.464,0.039,0.035795000000509954,-0.023103500000340383,1.4618480999996804
1437748768973899,51.7612079412,-1.2602451958,111.354233,5735911.544735694,620065.261151026,-111.354233,30U,5.073,-0.436,0.075,0.039335123507402585,-0.020507183253030328,1.4612550332382401
1437748769080563,51.7612124673,-1.260245815,111.347168,5735912.0470473915,620065.2064135546,-111.347168,30U,4.971,-0.418,0.064,0.04098956442967603,-0.01853658165445674,1.4606458699945142
1437748769187228,51.7612168996,-1.2602464125,111.34243,5735912.538963661,620065.1534224143,-111.34243,30U,4.865,-0.403,0.028,0.03955163188560115,-0.017432410676460796,1.4603508658136892
1437748769290084,51.7612212362,-1.2602469824,111.342651,5735913.020282919,620065.1025897895,-111.342651,30U,4.762,-0.388,-0.018,0.037995564516282214,-0.01828519283275982,1.4597052328296478
1437748769381511,51.7612254781,-1.2602475524,111.343552,5735913.4910707725,620065.052001512,-111.343552,30U,4.657,-0.406,-0.007,0.038856440947655974,-0.019297434301378945,1.4591492456684518
1437748769472938,51.7612296222,-1.2602481535,111.343979,5735913.950931443,620064.9995265648,-111.343979,30U,4.549,-0.411,0.01,0.03987723326599149,-0.02009107522373724,1.459279544461198
1437748769564366,51.7612336741,-1.2602487262,111.342705,5735914.400585647,620064.9492560531,-111.342705,30U,4.452,-0.38,0.016,0.0411631183386115,-0.01986427760599939,1.4589495133321915
1437748769655793,51.7612376358,-1.2602492766,111.341988,5735914.840245747,620064.9007637232,-111.341988,30U,4.35,-0.382,0.001,0.04376671297800268,-0.021500943105568847,1.458113343942279
1437748769760553,51.7612415023,-1.2602498275,111.340805,5735915.269318182,620064.8524894624,-111.340805,30U,4.24,-0.376,0.024,0.043861867641161685,-0.023017735948576708,1.457547604570628
1437748769867218,51.7612452682,-1.2602503517,111.337646,5735915.687247212,620064.8063246076,-111.337646,30U,4.126,-0.346,0.026,0.04015680000085618,-0.02130020000026955,1.4577653999999955
1437748769958645,51.7612489303,-1.2602508444,111.336426,5735916.093684883,620064.7626088847,-111.336426,30U,4.01,-0.342,0.009,0.039979164833196475,-0.021316057782600487,1.4578833374110476
1437748770050072,51.7612524808,-1.260251354,111.335533,5735916.487684101,620064.7180230137,-111.335533,30U,3.88,-0.353,-0.004,0.041486041427488844,-0.023511489857510625,1.4573199527067238
1437748770153880,51.761255917,-1.2602518531,111.335571,5735916.868989719,620064.6744649676,-111.335571,30U,3.759,-0.338,0.022,0.04245268825855874,-0.024699339367167093,1.456877341554288
1437748770260545,51.7612592429,-1.2602523402,111.331711,5735917.238049033,620064.6320276458,-111.331711,30U,3.632,-0.333,0.053,0.04362421781746234,-0.02322459803337117,1.4571092222375235
1437748770367210,51.7612624542,-1.2602528082,111.325836,5735917.594395544,620064.5912124121,-111.325836,30U,3.504,-0.312,0.06,0.04454215070443863,-0.02170506204416064,1.4571347621012345
1437748770473875,51.7612655426,-1.2602532436,111.322472,5735917.93712846,620064.5529728887,-111.322472,30U,3.365,-0.283,0.004,0.04412669525375286,-0.021833880373586016,1.4563419196268668
1437748770580540,51.7612685084,-1.2602536366,111.323769,5735918.266297282,620064.5179845558,-111.323769,30U,3.237,-0.26,-0.014,0.04150756353628079,-0.02292494850864344,1.4552007508050848
1437748770687205,51.7612713618,-1.2602540179,111.323715,5735918.58298577,620064.4841018142,-111.323715,30U,3.116,-0.271,0.029,0.040213695942018055,-0.02301014552562242,1.4549076856117549
1437748770793870,51.7612741097,-1.26025444,111.317406,5735918.887874819,620064.447683454,-111.317406,30U,2.996,-0.299,0.079,0.04127293967542678,-0.020729351498373662,1.4553447315287982
1437748770892202,51.7612767486,-1.2602548411,111.310783,5735919.18067695,620064.4130034371,-111.310783,30U,2.876,-0.254,0.053,0.04291330000037079,-0.018287300000181684,1.455130199999522
1437748770972200,51.7612792798,-1.2602551946,111.307503,5735919.461580519,620064.3818939188,-111.307503,30U,2.758,-0.236,0.016,0.04296547326558166,-0.016952931654908653,1.4548989481444534
1437748771052198,51.7612817047,-1.2602555416,111.306946,5735919.7306735525,620064.3515149679,-111.306946,30U,2.641,-0.241,0.005,0.04415991880557774,-0.017942024765808043,1.4548575250340574
1437748771153864,51.7612840215,-1.2602558846,111.305923,5735919.987751764,620064.3216988394,-111.305923,30U,2.518,-0.228,0.026,0.04556262040215257,-0.0200747552799657,1.4540148850645813
1437748771260529,51.7612862243,-1.260256211,111.302139,5735920.23217978,620064.2933306841,-111.302139,30U,2.383,-0.228,0.04,0.04776738324111799,-0.02009480571491506,1.4535245936776988
1437748771367194,51.7612882962,-1.2602565299,111.298546,5735920.462063231,620064.2658273664,-111.298546,30U,2.232,-0.199,0.032,0.04699950066278682,-0.019085230734147196,1.454275621466581
1437748771472906,51.7612902237,-1.260256788,111.296974,5735920.675988579,620064.2429028131,-111.296974,30U,2.062,-0.157,0.005,0.045108316606633794,-0.01883975398490795,1.4540084743882085
1437748771564334,51.7612919947,-1.2602570142,111.295898,5735920.872562647,620064.2225948006,-111.295898,30U,1.889,-0.156,0.025,0.04269635054430899,-0.01919329707258642,1.4532895019795933
1437748771655761,51.7612936056,-1.2602572474,111.292992,5735921.051321055,620064.2022284821,-111.292992,30U,1.703,-0.162,0.029,0.04202339761081767,-0.019045231683266377,1.453514767971429
1437748771760521,51.7612950445,-1.2602574722,111.290672,5735921.210965797,620064.1828981462,-111.290672,30U,1.514,-0.143,0.02,0.04240082962559744,-0.018835603961956507,1.453975906472808
1437748771867186,51.7612963251,-1.2602576594,111.288055,5735921.353068475,620064.1665824706,-111.288055,30U,1.347,-0.117,0.03,0.042503999999580225,-0.018318899999612472,1.453724199999442
1437748771973851,51.7612974618,-1.260257821,111.285835,5735921.4792107,620064.1524151594,-111.285835,30U,1.197,-0.104,0.021,0.042966449410779005,-0.018428731309239093,1.4535405164595816
1437748772078611,51.7612984712,-1.2602579685,111.283585,5735921.5912195705,620064.1395585847,-111.283585,30U,1.064,-0.093,0.025,0.042605173622650955,-0.018605941545076474,1.4538065519115737
1437748772170038,51.7612993687,-1.2602580865,111.281654,5735921.690833015,620064.129034607,-111.281654,30U,0.951,-0.068,0.014,0.04240156454709354,-0.01847602633032143,1.4536992448053219
1437748772261465,51.7613001738,-1.2602581734,111.280411,5735921.780222192,620064.1209019065,-111.280411,30U,0.859,-0.053,0.014,0.04119087083824608,-0.018497714927816048,1.4530605951297093
1437748772367178,51.7613009007,-1.2602582515,111.278687,5735921.860929518,620064.1135839376,-111.278687,30U,0.775,-0.058,0.021,0.039724743454800336,-0.018366269928480974,1.4528555782157266
1437748772472890,51.7613015545,-1.2602583425,111.276398,5735921.933486422,620064.1055697061,-111.276398,30U,0.699,-0.06,0.026,0.03860222215835275,-0.01818487240342196,1.4533320329778747
1437748772564318,51.7613021431,-1.2602584241,111.273987,5735921.998808148,620064.0983771221,-111.273987,30U,0.628,-0.05,0.025,0.038352867476011125,-0.018223470403463046,1.4534210859664785
1437748772655745,51.7613026713,-1.2602584929,111.271324,5735922.057434083,620064.0922280776,-111.271324,30U,0.564,-0.045,0.03,0.03883521694982691,-0.018264675309305384,1.4531265571801801
1437748772760505,51.7613031416,-1.2602585617,111.268402,5735922.109621168,620064.086232643,-111.268402,30U,0.498,-0.046,0.028,0.03935319123784971,-0.01808215087576291,1.453246848436509
1437748772867170,51.7613035491,-1.2602586211,111.26593,5735922.154839969,620064.0810524881,-111.26593,30U,0.425,-0.034,0.024,0.04030220000013707,-0.018362300000819055,1.4533691999999152
1437748772973835,51.7613038899,-1.260258665,111.263535,5735922.192666824,620064.077118908,-111.263535,30U,0.351,-0.025,0.026,0.04076785476261235,-0.018600317294865755,1.453142802446549
1437748773078596,51.7613041663,-1.2602586992,111.260841,5735922.223347957,620064.0740255549,-111.260841,30U,0.282,-0.019,0.03,0.0409243975250326,-0.01864804938129937,1.4531015201720061
1437748773170022,51.7613043846,-1.2602587214,111.257843,5735922.247587759,620064.0719144342,-111.257843,30U,0.222,-0.01,0.031,0.04048792256103827,-0.018525607799046384,1.4531962308775086
1437748773261449,51.7613045501,-1.2602587319,111.254868,5735922.265975124,620064.0707507817,-111.254868,30U,0.164,-0.005,0.029,0.04003029550852538,-0.018337256740875756,1.4533014846143675
1437748773367162,51.7613046558,-1.2602587387,111.252419,5735922.277718442,620064.0700011067,-111.252419,30U,0.109,-0.004,0.026,0.03987678189941231,-0.01827953703572287,1.45336266296345
1437748773472874,51.7613046559,-1.2602587386,111.252426,5735922.277729726,620064.0700077427,-111.252426,30U,0.056,-0.0,0.023,0.040106671223057735,-0.018202738675749508,1.4533454316837922
1437748773564302,51.761304656,-1.2602587386,111.252434,5735922.277740847,620064.070007477,-111.252434,30U,0.01,0.007,0.023,0.04030380742394355,-0.018118841553817475,1.453348634158766
1437748773655729,51.761304656,-1.2602587386,111.252686,5735922.277740847,620064.070007477,-111.252686,30U,-0.006,0.01,0.023,0.04042141605685274,-0.017878158388020746,1.4533784312802034
1437748773760489,51.7613046561,-1.2602587385,111.253014,5735922.277752132,620064.0700141129,-111.253014,30U,0.018,0.005,0.018,0.040521866869267044,-0.0174791335890863,1.4534020534651442
1437748773867154,51.7613046563,-1.2602587384,111.25322,5735922.277774538,620064.0700204825,-111.25322,30U,0.018,0.004,0.014,0.040590399999165444,-0.01753019999964682,1.4533874000001399
1437748773973819,51.7613046566,-1.2602587382,111.253372,5735922.2778082285,620064.0700334887,-111.253372,30U,0.004,0.007,0.024,0.0407261847771389,-0.017875104115934962,1.4533634164604852
1437748774078579,51.7613046569,-1.2602587381,111.253464,5735922.277841756,620064.0700395931,-111.253464,30U,0.01,0.007,0.023,0.040679179828032916,-0.0174929756836828,1.4533996012374029
1437748774170006,51.7613046572,-1.2602587379,111.253487,5735922.277875448,620064.0700525987,-111.253487,30U,0.016,0.007,0.016,0.040688488892409606,-0.01765890046000649,1.4533987152227534
1437748774261433,51.7613046574,-1.2602587378,111.253494,5735922.2778978525,620064.070058969,-111.253494,30U,0.012,0.005,0.023,0.04065852338160601,-0.01788197555224922,1.453364283548784
1437748774367146,51.7613046576,-1.2602587378,111.253494,5735922.277920093,620064.0700584388,-111.253494,30U,0.007,0.006,0.022,0.04073794074774832,-0.017681341957633843,1.4533911901292182
1437748774473811,51.7613046576,-1.2602587378,111.253494,5735922.277920093,620064.0700584388,-111.253494,30U,0.013,0.007,0.02,0.04070299752475678,-0.017690848978999623,1.4533870687191948
1437748774580476,51.7613046577,-1.2602587378,111.253494,5735922.277931215,620064.070058173,-111.253494,30U,0.014,0.006,0.019,0.040683115222610255,-0.017778291367297284,1.4533595699572721
1437748774682141,51.7613046576,-1.2602587378,111.253494,5735922.277920093,620064.0700584388,-111.253494,30U,0.01,0.005,0.019,0.04067293539601645,-0.017807335798041436,1.453377995885132
1437748774762140,51.7613046577,-1.2602587378,111.253494,5735922.277931215,620064.070058173,-111.253494,30U,0.01,0.006,0.021,0.04071696709820184,-0.01770990022866018,1.4533648110431345
1437748774842138,51.7613046578,-1.2602587378,111.253502,5735922.277942336,620064.0700579081,-111.253502,30U,0.013,0.006,0.017,0.04071500000043377,-0.01774559999952259,1.4533577999996787
1437748774940471,51.7613046581,-1.2602587377,111.253502,5735922.277975863,620064.0700640125,-111.253502,30U,0.012,0.007,0.018,0.04069198517960043,-0.017812365842181672,1.4533623493818886
1437748775047135,51.7613046586,-1.2602587374,111.253517,5735922.278031959,620064.0700833882,-111.253517,30U,0.009,0.006,0.018,0.040671795884510455,-0.017763957611705173,1.4533488205756382
1437748775153800,51.7613046601,-1.2602587367,111.253548,5735922.278199921,620064.0701277141,-111.253548,30U,0.011,0.004,0.017,0.04068660699288897,-0.017750839511098335,1.4533684765469777
1437748775260464,51.7613046623,-1.2602587356,111.253609,5735922.278446387,620064.0701977859,-111.253609,30U,0.011,0.006,0.016,0.040702364280906914,-0.017793684843177976,1.4533600727342695
1437748775367130,51.7613046648,-1.2602587344,111.25367,5735922.278726378,620064.0702739628,-111.25367,30U,0.01,0.005,0.017,0.04068993044535996,-0.017794137035297884,1.4533385753096693
1437748775473795,51.7613046666,-1.2602587335,111.253723,5735922.27892803,620064.0703312943,-111.253723,30U,0.01,0.005,0.016,0.04069904238876027,-0.017769195884097144,1.4533613999995698
1437748775580460,51.7613046679,-1.2602587329,111.253754,5735922.279073586,620064.0703692499,-111.253754,30U,0.01,0.006,0.015,0.04066936871969688,-0.017789206590116746,1.4533458946480842
1437748775684268,51.7613046687,-1.2602587325,111.253777,5735922.279163211,620064.0703947308,-111.253777,30U,0.01,0.005,0.016,0.040683593006492984,-0.017806987655470213,1.453340367078642
1437748775775695,51.7613046692,-1.2602587322,111.253792,5735922.279219307,620064.0704141065,-111.253792,30U,0.01,0.006,0.015,0.040691013633345666,-0.01778667402836031,1.4533563712103212
1437748775867122,51.7613046695,-1.2602587321,111.253799,5735922.279252835,620064.0704202116,-111.253799,30U,0.01,0.006,0.014,0.040687900000866695,-0.01779869999965969,1.4533404000007875
1437748775973787,51.7613046698,-1.2602587319,111.253807,5735922.279286525,620064.0704332172,-111.253807,30U,0.009,0.005,0.015,0.040669490533206704,-0.017810074071284827,1.4533472888921397
1437748776078547,51.7613046699,-1.2602587319,111.253807,5735922.279297646,620064.0704329514,-111.253807,30U,0.008,0.005,0.014,0.040658968316646886,-0.017805041150841985,1.4533494987634614
1437748776169974,51.76130467,-1.2602587318,111.253815,5735922.279308932,620064.0704395873,-111.253815,30U,0.009,0.004,0.014,0.040685430042325194,-0.017802391768962728,1.4533429423887478
1437748776261401,51.7613046701,-1.2602587318,111.253815,5735922.279320054,620064.0704393217,-111.253815,30U,0.008,0.005,0.013,0.040705342421730725,-0.01781772726500567,1.4533439370152366
1437748776352828,51.7613046702,-1.2602587317,111.253815,5735922.279331337,620064.0704459576,-111.253815,30U,0.007,0.005,0.014,0.040674335799339024,-0.01781195637397652,1.4533365534958291
1437748776444255,51.7613046702,-1.2602587317,111.253815,5735922.279331337,620064.0704459576,-111.253815,30U,0.008,0.004,0.014,0.040656602877147646,-0.017809395885206723,1.4533339794249072
1437748776547111,51.7613046702,-1.2602587317,111.253815,5735922.279331337,620064.0704459576,-111.253815,30U,0.008,0.004,0.014,0.0406664860152219,-0.017810208229508444,1.4533376041159711
1437748776653776,51.7613046702,-1.2602587317,111.253815,5735922.279331337,620064.0704459576,-111.253815,30U,0.008,0.005,0.012,0.040693116460133676,-0.017811221813763576,1.4533279823025547
1437748776760441,51.7613046702,-1.2602587317,111.253815,5735922.279331337,620064.0704459576,-111.253815,30U,0.009,0.005,0.013,0.04068031104398897,-0.01782649588643415,1.4533185601670227
1437748776867106,51.7613046702,-1.2602587317,111.253815,5735922.279331337,620064.0704459576,-111.253815,30U,0.008,0.005,0.013,0.040649200000293456,-0.01782819999973586,1.4533192999998754
1437748776973771,51.7613046702,-1.2602587317,111.253815,5735922.279331337,620064.0704459576,-111.253815,30U,0.008,0.004,0.013,0.0406612477410846,-0.017821887655212865,1.4533113835389448
1437748777080436,51.7613046702,-1.2602587317,111.253815,5735922.279331337,620064.0704459576,-111.253815,30U,0.008,0.004,0.013,0.04069284650307695,-0.01782782181306689,1.4533214683166529
1437748777187101,51.7613046702,-1.2602587317,111.253815,5735922.279331337,620064.0704459576,-111.253815,30U,0.008,0.005,0.013,0.04070426995704795,-0.017832062964894563,1.453324141150521
1437748777289957,51.7613046702,-1.2602587317,111.253815,5735922.279331337,620064.0704459576,-111.253815,30U,0.008,0.004,0.012,0.040669323381278905,-0.017828142421323835,1.453316754760047
1437748777381384,51.7613046702,-1.2602587317,111.253815,5735922.279331337,620064.0704459576,-111.253815,30U,0.008,0.004,0.012,0.04065419588484958,-0.017837305352772913,1.4533177452658135
1437748777472810,51.7613046702,-1.2602587317,111.253815,5735922.279331337,620064.0704459576,-111.253815,30U,0.007,0.003,0.012,0.040672434158399225,-0.01784038066131217,1.4533141234527975
1437748777564238,51.7613046702,-1.2602587317,111.253815,5735922.279331337,620064.0704459576,-111.253815,30U,0.007,0.004,0.012,0.04069387119460744,-0.017844813582936738,1.4533172876544465
1437748777655665,51.7613046702,-1.2602587317,111.253815,5735922.279331337,620064.0704459576,-111.253815,30U,0.007,0.004,0.012,0.04066958230261877,-0.017844471194716056,1.4533108493809272
1437748777760425,51.7613046702,-1.2602587317,111.253815,5735922.279331337,620064.0704459576,-111.253815,30U,0.008,0.003,0.012,0.04065984112788054,-0.01785336298577518,1.4533074958878491
1437748777867090,51.7613046702,-1.2602587317,111.253815,5735922.279331337,620064.0704459576,-111.253815,30U,0.007,0.003,0.012,0.04066809999972104,-0.0178625000008302,1.4533100000007388
1437748777958517,51.7613046702,-1.2602587317,111.253815,5735922.279331337,620064.0704459576,-111.253815,30U,0.007,0.003,0.012,0.04067146584100357,-0.017850890533158185,1.4533043588487595
1437748778049945,51.7613046702,-1.2602587317,111.253815,5735922.279331337,620064.0704459576,-111.253815,30U,0.007,0.003,0.012,0.04065783292062727,-0.01785730411550444,1.4533119670793082
1437748778153753,51.7613046702,-1.2602587317,111.253815,5735922.279331337,620064.0704459576,-111.253815,30U,0.007,0.002,0.012,0.04063511358229096,-0.01786035349717766,1.4533080111072991
1437748778260417,51.7613046702,-1.2602587317,111.253815,5735922.279331337,620064.0704459576,-111.253815,30U,0.007,0.001,0.012,0.040682358871961595,-0.017858445239694664,1.4533105835498288
1437748778367082,51.7613046702,-1.2602587317,111.253815,5735922.279331337,620064.0704459576,-111.253815,30U,0.007,0.003,0.012,0.04069118066135508,-0.017864531682761912,1.453320008230051
1437748778473747,51.7613046702,-1.2602587317,111.253815,5735922.279331337,620064.0704459576,-111.253815,30U,0.007,0.002,0.011,0.04063893867555023,-0.017867141150706506,1.453305761726959
1437748778580412,51.7613046702,-1.2602587317,111.253815,5735922.279331337,620064.0704459576,-111.253815,30U,0.007,0.001,0.012,0.04063934650314589,-0.017880842388505718,1.4533194329206605
1437748778687077,51.7613046702,-1.2602587317,111.253815,5735922.279331337,620064.0704459576,-111.253815,30U,0.007,0.001,0.011,0.04064409300633184,-0.017877538272537515,1.4533152740715791
1437748778793742,51.7613046702,-1.2602587317,111.253815,5735922.279331337,620064.0704459576,-111.253815,30U,0.007,0.001,0.011,0.04067264935226001,-0.017890287661867895,1.453316619039754
1437748778892074,51.7613046702,-1.2602587317,111.253815,5735922.279331337,620064.0704459576,-111.253815,30U,0.007,0.001,0.011,0.04064719999957833,-0.017892400000700328,1.4533196999996696
1437748778972073,51.7613046702,-1.2602587317,111.253815,5735922.279331337,620064.0704459576,-111.253815,30U,0.007,0.001,0.011,0.04063434526566496,-0.017895291770415447,1.4533102329201633
1437748779052071,51.7613046702,-1.2602587317,111.253815,5735922.279331337,620064.0704459576,-111.253815,30U,0.007,0.0,0.011,0.04064192181325169,-0.017896628806068873,1.4533188176973353
1437748779153737,51.7613046702,-1.2602587317,111.253815,5735922.279331337,620064.0704459576,-111.253815,30U,0.007,0.001,0.011,0.04065175061922633,-0.017902262964513763,1.4533200781863385
1437748779260401,51.7613046702,-1.2602587317,111.253815,5735922.279331337,620064.0704459576,-111.253815,30U,0.007,0.0,0.011,0.04063999741147312,-0.017909679435737492,1.4533154123383076
1437748779367066,51.7613046702,-1.2602587317,111.253815,5735922.279331337,620064.0704459576,-111.253815,30U,0.007,0.001,0.01,0.04061020822953851,-0.017909993006826892,1.4533229588487782
1437748779472778,51.7613046702,-1.2602587317,111.253815,5735922.279331337,620064.0704459576,-111.253815,30U,0.007,-0.001,0.011,0.040624155970659964,-0.017923067079758024,1.4533218958856675
1437748779564206,51.7613046702,-1.2602587317,111.253815,5735922.279331337,620064.0704459576,-111.253815,30U,0.007,-0.001,0.01,0.0406693024739798,-0.01791735884953968,1.4533213452657046
1437748779655633,51.7613046702,-1.2602587317,111.253815,5735922.279331337,620064.0704459576,-111.253815,30U,0.007,0.001,0.01,0.04065871398552296,-0.01792406296462921,1.4533062193383264
1437748779760393,51.7613046702,-1.2602587317,111.253815,5735922.279331337,620064.0704459576,-111.253815,30U,0.008,-0.0,0.01,0.04060399459211137,-0.0179191480581144,1.4532946000008173
1437748779867058,51.7613046702,-1.2602587317,111.253815,5735922.279331337,620064.0704459576,-111.253815,30U,0.008,-0.002,0.01,0.04060260000073519,-0.01792749999963726,1.4533042999997479
1437748779973723,51.7613046702,-1.2602587317,111.253815,5735922.279331337,620064.0704459576,-111.253815,30U,0.008,-0.002,0.01,0.0406511477406148,-0.017915237035314738,1.4532935547336001
1437748780078484,51.7613046702,-1.2602587317,111.253815,5735922.279331337,620064.0704459576,-111.253815,30U,0.007,-0.001,0.01,0.04066138353991771,-0.017928887655074985,1.4532927617258014
1437748780169911,51.7613046702,-1.2602587317,111.253815,5735922.279331337,620064.0704459576,-111.253815,30U,0.007,-0.001,0.011,0.040633672833937394,-0.017926365841056082,1.4532927164606873
1437748780261338,51.7613046702,-1.2602587317,111.253815,5735922.279331337,620064.0704459576,-111.253815,30U,0.007,-0.002,0.011,0.0406160437169486,-0.01793832467652046,1.453280454759983
1437748780367050,51.7613046702,-1.2602587317,111.253815,5735922.279331337,620064.0704459576,-111.253815,30U,0.007,-0.003,0.011,0.040633642388413924,-0.01792910987039535,1.4532770218125362
1437748780472762,51.7613046702,-1.2602587317,111.253815,5735922.279331337,620064.0704459576,-111.253815,30U,0.007,-0.001,0.01,0.04064875473364002,-0.017942364200931628,1.4532788781866164
1437748780564190,51.7613046702,-1.2602587317,111.253815,5735922.279331337,620064.0704459576,-111.253815,30U,0.007,-0.001,0.011,0.040624111108716866,-0.017947641151565153,1.453260069956601
1437748780655617,51.7613046702,-1.2602587317,111.253815,5735922.279331337,620064.0704459576,-111.253815,30U,0.006,-0.001,0.01,0.040615117697607374,-0.017953943626251228,1.4532582753095802
1437748780760377,51.7613046702,-1.2602587317,111.253815,5735922.279331337,620064.0704459576,-111.253815,30U,0.007,-0.001,0.011,0.040634013632163124,-0.017948311043838653,1.4532457123388671
1437748780867042,51.7613046702,-1.2602587317,111.253815,5735922.279331337,620064.0704459576,-111.253815,30U,0.006,-0.001,0.011,0.04063960000000244,-0.017955599999561905,1.453246999999156
1437748780973707,51.7613046702,-1.2602587317,111.253815,5735922.279331337,620064.0704459576,-111.253815,30U,0.007,-0.001,0.011,0.04062485761221788,-0.017956775309516188,1.4532423164604682
1437748781078468,51.7613046702,-1.2602587317,111.253815,5735922.279331337,620064.0704459576,-111.253815,30U,0.006,-0.002,0.011,0.04061786296438508,-0.017951362963220606,1.453233975308571
1437748781169895,51.7613046702,-1.2602587317,111.253815,5735922.279331337,620064.0704459576,-111.253815,30U,0.007,-0.001,0.011,0.04062571646081752,-0.017952754734144708,1.45323162181236
1437748781261322,51.7613046702,-1.2602587317,111.253815,5735922.279331337,620064.0704459576,-111.253815,30U,0.007,-0.001,0.011,0.04063397814089279,-0.01796677250485706,1.453228043944989
1437748781367034,51.7613046702,-1.2602587317,111.253815,5735922.279331337,620064.0704459576,-111.253815,30U,0.007,-0.001,0.011,0.04064394774083286,-0.017967053495885316,1.4532213123444544
1437748781472746,51.7613046702,-1.2602587317,111.253815,5735922.279331337,620064.0704459576,-111.253815,30U,0.007,-0.001,0.011,0.04062432221501655,-0.017946216460240704,1.4532214259287368
1437748781564174,51.7613046702,-1.2602587317,111.253815,5735922.279331337,620064.0704459576,-111.253815,30U,0.008,-0.001,0.009,0.04060937530955025,-0.01799495061873771,1.4532223987630446
1437748781655601,51.7613046702,-1.2602587317,111.253815,5735922.279331337,620064.0704459576,-111.253815,30U,0.006,-0.002,0.01,0.040614462963518436,-0.017977342791275133,1.4532033288051998
1437748781760361,51.7613046702,-1.2602587317,111.253815,5735922.279331337,620064.0704459576,-111.253815,30U,0.008,-0.001,0.009,0.04063311774593143,-0.01795938202507655,1.4532156218589987
1437748781867026,51.7613046702,-1.2602587317,111.253815,5735922.279331337,620064.0704459576,-111.253815,30U,0.008,-0.0,0.009,0.04061520000035358,-0.017990899999268485,1.453207999999174
1437748781973691,51.7613046702,-1.2602587317,111.253815,5735922.279331337,620064.0704459576,-111.253815,30U,0.007,-0.002,0.009,0.04058331234448213,-0.01799087119435451,1.453204246502811
1437748782078452,51.7613046702,-1.2602587317,111.253815,5735922.279331337,620064.0704459576,-111.253815,30U,0.007,-0.002,0.009,0.04064015309309706,-0.01798306172734311,1.4532125987619837
1437748782169879,51.7613046702,-1.2602587317,111.253815,5735922.279331337,620064.0704459576,-111.253815,30U,0.007,-0.001,0.009,0.0406122069928152,-0.017976783538913573,1.453189341151889
1437748782261306,51.7613046702,-1.2602587317,111.253815,5735922.279331337,620064.0704459576,-111.253815,30U,0.007,-0.002,0.008,0.04060835757839281,-0.01797280822516559,1.4532154807316753
1437748782367019,51.7613046703,-1.2602587317,111.253815,5735922.279342457,620064.0704456919,-111.253815,30U,0.007,-0.002,0.009,0.04062697366860162,-0.017990125928291932,1.4532296370361517
1437748782473684,51.7613046702,-1.2602587317,111.253815,5735922.279331337,620064.0704459576,-111.253815,30U,0.006,-0.001,0.009,0.04065105761181222,-0.017992890531572422,1.4532008399133265
1437748782580348,51.7613046702,-1.2602587317,111.253815,5735922.279331337,620064.0704459576,-111.253815,30U,0.006,-0.001,0.008,0.04064861110875055,-0.017975001236606707,1.4532125300431353
1437748782682013,51.7613046702,-1.2602587317,111.253815,5735922.279331337,620064.0704459576,-111.253815,30U,0.007,-0.001,0.008,0.04062399464813187,-0.017994635394821507,1.4531954687201496
1437748782762012,51.7613046702,-1.2602587317,111.253815,5735922.279331337,620064.0704459576,-111.253815,30U,0.007,-0.002,0.008,0.040630980731634035,-0.018011857577823216,1.4531793313779604
1437748782842011,51.7613046702,-1.2602587317,111.253815,5735922.279331337,620064.0704459576,-111.253815,30U,0.006,-0.001,0.008,0.040661699999527026,-0.017983100000668273,1.4531860000000338
1437748782940342,51.7613046702,-1.2602587317,111.253815,5735922.279331337,620064.0704459576,-111.253815,30U,0.008,-0.001,0.006,0.040652561726089616,-0.017986273668982856,1.453169413582883
1437748783047007,51.7613046702,-1.2602587317,111.253815,5735922.279331337,620064.0704459576,-111.253815,30U,0.007,-0.001,0.008,0.04063280863241294,-0.018029221813172746,1.4531748547340926
1437748783153673,51.7613046702,-1.2602587317,111.253815,5735922.279331337,620064.0704459576,-111.253815,30U,0.005,-0.001,0.007,0.04058366172623711,-0.017995319338740812,1.4531731823020073
1437748783260338,51.7613046703,-1.2602587317,111.253815,5735922.279342457,620064.0704456919,-111.253815,30U,0.006,-0.003,0.006,0.040624061462826294,-0.01798705194271225,1.4531706177448753
1437748783367003,51.7613046703,-1.2602587317,111.253815,5735922.279342457,620064.0704456919,-111.253815,30U,0.007,-0.002,0.007,0.04066176296402512,-0.018024353093305932,1.4531885123456418
1437748783473667,51.7613046703,-1.2602587317,111.253815,5735922.279342457,620064.0704456919,-111.253815,30U,0.006,-0.002,0.008,0.04065581398483509,-0.018044585180378513,1.4531658658416404
1437748783580332,51.7613046702,-1.2602587317,111.253815,5735922.279331337,620064.0704459576,-111.253815,30U,0.006,-0.003,0.008,0.04061740411557941,-0.017988806993448177,1.453171130042644
1437748783684140,51.7613046702,-1.2602587317,111.253815,5735922.279331337,620064.0704459576,-111.253815,30U,0.007,-0.004,0.008,0.04060978230287852,-0.018011002474700152,1.4531670946476816
1437748783775567,51.7613046702,-1.2602587317,111.253815,5735922.279331337,620064.0704459576,-111.253815,30U,0.006,-0.004,0.008,0.040602978142025604,-0.018002194592090147,1.4531494876614677
1437748783866994,51.7613046702,-1.2602587317,111.253815,5735922.279331337,620064.0704459576,-111.253815,30U,0.006,-0.005,0.007,0.040616100000326325,-0.01801049999964449,1.453159700000055
1437748783973659,51.7613046702,-1.2602587317,111.253815,5735922.279331337,620064.0704459576,-111.253815,30U,0.006,-0.004,0.007,0.040576067079586046,-0.01799837530903196,1.453158978187727
1437748784078419,51.7613046702,-1.2602587317,111.253815,5735922.279331337,620064.0704459576,-111.253815,30U,0.006,-0.005,0.007,0.040602785583339886,-0.018025261727422484,1.4531500176970178
1437748784169847,51.7613046702,-1.2602587317,111.253815,5735922.279331337,620064.0704459576,-111.253815,30U,0.006,-0.004,0.009,0.04055282181245959,-0.018017460489638506,1.453179716460425
1437748784261274,51.7613046703,-1.2602587317,111.253815,5735922.279342457,620064.0704456919,-111.253815,30U,0.007,-0.005,0.007,0.04062411058511809,-0.017987872505769414,1.4531464658036368
1437748784352701,51.7613046703,-1.2602587317,111.253815,5735922.279342457,620064.0704456919,-111.253815,30U,0.007,-0.007,0.006,0.040690790129972315,-0.01803215185621303,1.453159202474753
1437748784444128,51.7613046703,-1.2602587317,111.253815,5735922.279342457,620064.0704456919,-111.253815,30U,0.007,-0.003,0.008,0.04068865102127982,-0.018062028805519728,1.4531523946469633
1437748784546984,51.7613046702,-1.2602587317,111.253815,5735922.279331337,620064.0704459576,-111.253815,30U,0.006,-0.003,0.008,0.04053234359731056,-0.0180553658418033,1.453127271194377
1437748784653648,51.7613046702,-1.2602587317,111.253815,5735922.279331337,620064.0704459576,-111.253815,30U,0.005,-0.007,0.009,0.04047578313635619,-0.018013090532512033,1.453161914819385
1437748784760313,51.7613046702,-1.2602587317,111.253815,5735922.279331337,620064.0704459576,-111.253815,30U,0.008,-0.008,0.006,0.04064152962555147,-0.018009746305386955,1.4531451809603093
1437748784866978,51.7613046702,-1.2602587317,111.253815,5735922.279331337,620064.0704459576,-111.253815,30U,0.008,-0.005,0.006,0.04075149999952223,-0.018102599999763963,1.4531337999998697
1437748784973643,51.7613046702,-1.2602587317,111.253815,5735922.279331337,620064.0704459576,-111.253815,30U,0.006,-0.003,0.009,0.04065989833104677,-0.018058692172322227,1.4531548588494092
1437748785080308,51.7613046702,-1.2602587317,111.253815,5735922.279331337,620064.0704459576,-111.253815,30U,0.008,-0.004,0.006,0.04055410287714924,-0.01801068354021396,1.4531500452662385
1437748785186973,51.7613046703,-1.2602587317,111.253815,5735922.279342457,620064.0704456919,-111.253815,30U,0.009,-0.007,0.006,0.040587820172147536,-0.018068214819620804,1.4531628765464173
1437748785289829,51.7613046703,-1.2602587317,111.253815,5735922.279342457,620064.0704456919,-111.253815,30U,0.007,-0.005,0.007,0.04066387380012907,-0.01808054394588461,1.4531854411264087
1437748785381256,51.7613046703,-1.2602587317,111.253815,5735922.279342457,620064.0704456919,-111.253815,30U,0.007,-0.004,0.006,0.04067875349645653,-0.018038548144091726,1.453147819337888
1437748785472683,51.7613046703,-1.2602587317,111.253815,5735922.279342457,620064.0704456919,-111.253815,30U,0.008,-0.005,0.006,0.040634859251167034,-0.018051914819726626,1.453165791769867
1437748785564110,51.7613046703,-1.2602587317,111.253815,5735922.279342457,620064.0704456919,-111.253815,30U,0.008,-0.005,0.007,0.040634613582112185,-0.018088049381776303,1.4531619440292152
1437748785655537,51.7613046702,-1.2602587317,111.253815,5735922.279331337,620064.0704459576,-111.253815,30U,0.007,-0.006,0.006,0.04062656707844441,-0.018073519337729865,1.4531412958853198
1437748785760297,51.7613046702,-1.2602587317,111.253815,5735922.279331337,620064.0704459576,-111.253815,30U,0.008,-0.005,0.007,0.04064363571959583,-0.018067179436203312,1.4531701411268725
1437748785866962,51.7613046702,-1.2602587317,111.253815,5735922.279331337,620064.0704459576,-111.253815,30U,0.008,-0.005,0.005,0.04059900000084423,-0.018084700000693944,1.4531367000005575
1437748785958390,51.7613046702,-1.2602587317,111.253815,5735922.279331337,620064.0704459576,-111.253815,30U,0.007,-0.006,0.006,0.04062435185594323,-0.01808648641674186,1.4531379107057891
1437748786049817,51.7613046702,-1.2602587317,111.253815,5735922.279331337,620064.0704459576,-111.253815,30U,0.007,-0.005,0.007,0.04066052716619495,-0.018069886417438546,1.4531468440287032
1437748786153625,51.7613046703,-1.2602587317,111.253815,5735922.279342457,620064.0704456919,-111.253815,30U,0.008,-0.003,0.006,0.0406211497841404,-0.018073962963773806,1.4531400395100575
1437748786260290,51.7613046703,-1.2602587317,111.253815,5735922.279342457,620064.0704456919,-111.253815,30U,0.007,-0.003,0.006,0.04054623572002474,-0.01809511645030109,1.4531558753239293
1437748786366955,51.7613046703,-1.2602587317,111.253815,5735922.279342457,620064.0704456919,-111.253815,30U,0.007,-0.005,0.006,0.040572329640252466,-0.01808343579937553,1.4531414152222075
1437748786473620,51.7613046703,-1.2602587317,111.253815,5735922.279342457,620064.0704456919,-111.253815,30U,0.008,-0.005,0.005,0.040675483136901384,-0.018081625927847796,1.4531497642019064
1437748786580284,51.7613046703,-1.2602587317,111.253815,5735922.279342457,620064.0704456919,-111.253815,30U,0.008,-0.002,0.005,0.040688581064992735,-0.018101795884689666,1.453153532921031
1437748786686949,51.7613046702,-1.2602587317,111.253815,5735922.279331337,620064.0704459576,-111.253815,30U,0.008,-0.001,0.006,0.04056023372662865,-0.018083131682734687,1.45315475185549
1437748786793614,51.7613046702,-1.2602587317,111.253815,5735922.279331337,620064.0704459576,-111.253815,30U,0.009,-0.003,0.005,0.04046638636743926,-0.01807757532408654,1.4531603822544954
1437748786891946,51.7613046702,-1.2602587317,111.253815,5735922.279331337,620064.0704459576,-111.253815,30U,0.008,-0.006,0.005,0.04057250000009542,-0.018094500000009284,1.4531178999997698
1437748786971945,51.7613046702,-1.2602587317,111.253815,5735922.279331337,620064.0704459576,-111.253815,30U,0.008,-0.004,0.005,0.040738003712246416,-0.01809299588573189,1.4531299312803605
1437748787051943,51.7613046703,-1.2602587317,111.253815,5735922.279342457,620064.0704456919,-111.253815,30U,0.008,0.002,0.004,0.04069320779844942,-0.018089446503879888,1.4531411193382846
1437748787153609,51.7613046703,-1.2602587317,111.253815,5735922.279342457,620064.0704456919,-111.253815,30U,0.008,-0.0,0.004,0.040510888460292674,-0.018102062963698453,1.4531313411503488
1437748787260274,51.7613046703,-1.2602587317,111.253815,5735922.279342457,620064.0704456919,-111.253815,30U,0.008,-0.004,0.005,0.04050565582531418,-0.01810435346574093,1.4531333863673088
1437748787366939,51.7613046703,-1.2602587317,111.253815,5735922.279342457,620064.0704456919,-111.253815,30U,0.007,-0.004,0.004,0.0406649033087683,-0.018093467079251364,1.4531211851806607
1437748787472651,51.7613046703,-1.2602587317,111.253815,5735922.279342457,620064.0704456919,-111.253815,30U,0.008,0.0,0.003,0.04071765637410201,-0.018099768316499,1.453126688891452
1437748787564079,51.7613046703,-1.2602587317,111.253815,5735922.279342457,620064.0704456919,-111.253815,30U,0.007,0.002,0.003,0.04058591315035764,-0.018108711107824197,1.4531259440285604
1437748787655506,51.7613046703,-1.2602587317,111.253815,5735922.279342457,620064.0704456919,-111.253815,30U,0.007,-0.001,0.003,0.04051810535311644,-0.018104437035596173,1.4531054205762226
1437748787760266,51.7613046702,-1.2602587317,111.253815,5735922.279331337,620064.0704459576,-111.253815,30U,0.007,-0.003,0.004,0.04061541599357516,-0.018115246535096195,1.453108216450567
1437748787866930,51.7613046702,-1.2602587317,111.253815,5735922.279331337,620064.0704459576,-111.253815,30U,0.007,-0.001,0.003,0.040713700000667076,-0.018099200000642638,1.4531091000008116
1437748787973595,51.7613046702,-1.2602587317,111.253815,5735922.279331337,620064.0704459576,-111.253815,30U,0.008,0.001,0.003,0.04063576624467409,-0.018095617698390284,1.4530997259281564
1437748788078356,51.7613046703,-1.2602587317,111.253815,5735922.279342457,620064.0704456919,-111.253815,30U,0.008,0.0,0.002,0.040531283943344494,-0.018107291769424563,1.453114209467905
1437748788169783,51.7613046703,-1.2602587317,111.253815,5735922.279342457,620064.0704456919,-111.253815,30U,0.007,-0.001,0.002,0.04055822964009773,-0.018109850619330188,1.4531035370360923
1437748788261210,51.7613046703,-1.2602587317,111.253815,5735922.279342457,620064.0704456919,-111.253815,30U,0.008,-0.001,0.002,0.04062335734988216,-0.01810775064790084,1.4531071329012983
1437748788366923,51.7613046703,-1.2602587317,111.253815,5735922.279342457,620064.0704456919,-111.253815,30U,0.008,0.002,0.002,0.040610111510372686,-0.018108949381919013,1.4531128370352289
1437748788472635,51.7613046703,-1.2602587317,111.253815,5735922.279342457,620064.0704456919,-111.253815,30U,0.007,0.002,0.002,0.040559018101313966,-0.018106998761804407,1.4530900687194632
1437748788564063,51.7613046703,-1.2602587317,111.253815,5735922.279342457,620064.0704456919,-111.253815,30U,0.007,-0.001,0.002,0.04058079548196232,-0.01810504238908459,1.4530996382742305
1437748788655490,51.7613046703,-1.2602587317,111.253815,5735922.279342457,620064.0704456919,-111.253815,30U,0.007,-0.0,0.001,0.04065041070552497,-0.018115762964059225,1.4530914958856644
1437748788760249,51.7613046702,-1.2602587317,111.253815,5735922.279331337,620064.0704459576,-111.253815,30U,0.008,0.001,0.001,0.04066625628276846,-0.018126497182272622,1.4530874547607864
1437748788866914,51.7613046702,-1.2602587317,111.253815,5735922.279331337,620064.0704459576,-111.253815,30U,0.007,0.002,0.002,0.04059580000074722,-0.018132499999634087,1.453095000000657
1437748788973579,51.7613046703,-1.2602587317,111.253815,5735922.279342457,620064.0704456919,-111.253815,30U,0.007,0.002,0.001,0.04056858641689775,-0.01812088477761153,1.453089491769463
1437748789078340,51.7613046703,-1.2602587317,111.253815,5735922.279342457,620064.0704456919,-111.253815,30U,0.007,0.0,0.001,0.04060533663336909,-0.01812086296448654,1.4530814452657952
1437748789169767,51.7613046703,-1.2602587317,111.253815,5735922.279342457,620064.0704456919,-111.253815,30U,0.008,0.001,0.0,0.04064310411499496,-0.018124062964583545,1.4530817193383383
1437748789261194,51.7613046703,-1.2602587317,111.253815,5735922.279342457,620064.0704456919,-111.253815,30U,0.007,0.002,-0.0,0.040628713861349634,-0.018128962985185165,1.453075365804045
1437748789366907,51.7613046703,-1.2602587317,111.253815,5735922.279342457,620064.0704456919,-111.253815,30U,0.007,0.002,-0.0,0.04059524238899516,-0.01811131234479604,1.4530794835401506
1437748789472619,51.7613046703,-1.2602587317,111.253815,5735922.279342457,620064.0704456919,-111.253815,30U,0.007,0.001,-0.001,0.040609409467389036,-0.018122587655220127,1.453072078186674
1437748789564047,51.7613046703,-1.2602587317,111.253815,5735922.279342457,620064.0704456919,-111.253815,30U,0.006,0.002,-0.001,0.04064802716521605,-0.01812701522217455,1.4530664123452672
1437748789655474,51.7613046703,-1.2602587317,111.253815,5735922.279342457,620064.0704456919,-111.253815,30U,0.006,0.003,-0.001,0.04064736172702281,-0.018126008230028003,1.4530727423891743
1437748789760234,51.7613046703,-1.2602587317,111.253815,5735922.279342457,620064.0704456919,-111.253815,30U,0.006,0.003,-0.001,0.040626020563495735,-0.018134165802958718,1.4530653917744594
1437748789866898,51.7613046703,-1.2602587317,111.253815,5735922.279342457,620064.0704456919,-111.253815,30U,0.006,0.003,-0.001,0.040625200000438566,-0.0181458000002009,1.4530628999993018
1437748789973563,51.7613046703,-1.2602587317,111.253815,5735922.279342457,620064.0704456919,-111.253815,30U,0.006,0.004,-0.001,0.04064587942412508,-0.018138085180649507,1.453057132920072
1437748790078323,51.7613046703,-1.2602587317,111.253815,5735922.279342457,620064.0704456919,-111.253815,30U,0.006,0.004,-0.002,0.0406391740715971,-0.018134858848770072,1.4530506617261525
1437748790169751,51.7613046703,-1.2602587317,111.253815,5735922.279342457,620064.0704456919,-111.253815,30U,0.006,0.004,-0.001,0.040616886417762,-0.01814656584195003,1.453047645266625
1437748790261178,51.7613046703,-1.2602587317,111.253815,5735922.279342457,620064.0704456919,-111.253815,30U,0.005,0.004,-0.001,0.040616113633093115,-0.018142605407133916,1.4530467452404723
1437748790366891,51.7613046703,-1.2602587317,111.253815,5735922.279342457,620064.0704456919,-111.253815,30U,0.006,0.004,-0.001,0.04063117407222726,-0.018145928805499697,1.453047695884664
1437748790473556,51.7613046703,-1.2602587317,111.253815,5735922.279342457,620064.0704456919,-111.253815,30U,0.006,0.004,-0.001,0.040630678187534845,-0.018150417698088048,1.4530444617267282
1437748790580221,51.7613046703,-1.2602587317,111.253815,5735922.279342457,620064.0704456919,-111.253815,30U,0.006,0.003,-0.0,0.040609127568789566,-0.01816416296356297,1.4530424341585375
1437748790681886,51.7613046703,-1.2602587317,111.253815,5735922.279342457,620064.0704456919,-111.253815,30U,0.006,0.002,-0.001,0.040621594647622786,-0.01815051646103443,1.45304453703594
1437748790761884,51.7613046703,-1.2602587317,111.253815,5735922.279342457,620064.0704456919,-111.253815,30U,0.006,0.003,-0.0,0.040616131377855615,-0.01816830540654947,1.453034506930671
1437748790841883,51.7613046703,-1.2602587317,111.253815,5735922.279342457,620064.0704456919,-111.253815,30U,0.006,0.004,0.0,0.04061959999983247,-0.018173799999740725,1.453030199999129
1437748790940214,51.7613046703,-1.2602587317,111.253815,5735922.279342457,620064.0704456919,-111.253815,30U,0.006,0.004,-0.001,0.04061696296441234,-0.018174820575784838,1.4530312246906594
1437748791046880,51.7613046703,-1.2602587317,111.253815,5735922.279342457,620064.0704456919,-111.253815,30U,0.006,0.004,-0.0,0.040613461727467756,-0.018178988891532168,1.4530278300427177
1437748791153545,51.7613046703,-1.2602587317,111.253815,5735922.279342457,620064.0704456919,-111.253815,30U,0.006,0.003,-0.001,0.040629187655409696,-0.01818336172670658,1.4530307341588917
1437748791260209,51.7613046703,-1.2602587317,111.253815,5735922.279342457,620064.0704456919,-111.253815,30U,0.006,0.004,-0.001,0.04061976709765506,-0.018175694593041004,1.453028695886597
1437748791366875,51.7613046703,-1.2602587317,111.253815,5735922.279342457,620064.0704456919,-111.253815,30U,0.006,0.003,-0.001,0.04063392880567082,-0.018188213583202162,1.4530246576118413
1437748791473539,51.7613046703,-1.2602587317,111.253815,5735922.279342457,620064.0704456919,-111.253815,30U,0.006,0.004,-0.001,0.040625271194164085,-0.018177132920622903,1.4530256452657397
1437748791580205,51.7613046703,-1.2602587317,111.253815,5735922.279342457,620064.0704456919,-111.253815,30U,0.006,0.003,-0.002,0.04061101933814713,-0.018184417698027925,1.4530173794247998
1437748791684013,51.7613046703,-1.2602587317,111.253815,5735922.279342457,620064.0704456919,-111.253815,30U,0.006,0.002,-0.001,0.040635798360477655,-0.018176169956152066,1.4530173753093132
1437748791775440,51.7613046703,-1.2602587317,111.253815,5735922.279342457,620064.0704456919,-111.253815,30U,0.006,0.003,-0.003,0.040670635491885286,-0.018201610814316274,1.453023065803496
1437748791866867,51.7613046703,-1.2602587317,111.253815,5735922.279342457,620064.0704456919,-111.253815,30U,0.006,0.004,-0.002,0.04068050000031511,-0.018188400000074236,1.453006299999659
1437748791973532,51.7613046703,-1.2602587317,111.253815,5735922.279342457,620064.0704456919,-111.253815,30U,0.007,0.004,-0.002,0.040610093409563015,-0.01817416831657277,1.4530160000003345
1437748792078292,51.7613046703,-1.2602587317,111.253815,5735922.279342457,620064.0704456919,-111.253815,30U,0.007,0.003,-0.002,0.04059118765403956,-0.01819763415841009,1.4530095740715294
1437748792169719,51.7613046703,-1.2602587317,111.253815,5735922.279342457,620064.0704456919,-111.253815,30U,0.006,0.001,-0.002,0.04063055844573086,-0.018188608230071304,1.4530076547329511
1437748792261146,51.7613046703,-1.2602587317,111.253815,5735922.279342457,620064.0704456919,-111.253815,30U,0.007,0.002,-0.002,0.0406711246762587,-0.018182971211031778,1.4530154958864148
1437748792352573,51.7613046703,-1.2602587317,111.253815,5735922.279342457,620064.0704456919,-111.253815,30U,0.007,0.004,-0.002,0.04062924279210609,-0.018185788891520147,1.4530142617274486
1437748792444000,51.7613046703,-1.2602587317,111.253815,5735922.279342457,620064.0704456919,-111.253815,30U,0.007,0.003,-0.002,0.040587761726306876,-0.01819408641716759,1.4530069329206226
1437748792546856,51.7613046703,-1.2602587317,111.253815,5735922.279342457,620064.0704456919,-111.253815,30U,0.007,0.002,-0.002,0.04062046955428174,-0.018180298762881124,1.4530162423881705
1437748792653521,51.7613046703,-1.2602587317,111.253815,5735922.279342457,620064.0704456919,-111.253815,30U,0.007,0.003,-0.002,0.04065712181240348,-0.018182508231031756,1.453005586416558
1437748792760186,51.7613046703,-1.2602587317,111.253815,5735922.279342457,620064.0704456919,-111.253815,30U,0.007,0.004,-0.002,0.040633738538602415,-0.01818555346580267,1.453008267097427
1437748792866851,51.7613046703,-1.2602587317,111.253815,5735922.279342457,620064.0704456919,-111.253815,30U,0.007,0.003,-0.003,0.04058559999989259,-0.0181831999992621,1.4530120999992893
1437748792973516,51.7613046703,-1.2602587317,111.253815,5735922.279342457,620064.0704456919,-111.253815,30U,0.007,0.001,-0.003,0.040609686014809014,-0.018184038273920518,1.4530018534958822
1437748793080180,51.7613046703,-1.2602587317,111.253815,5735922.279342457,620064.0704456919,-111.253815,30U,0.007,0.0,-0.003,0.040673076546029044,-0.018184153497067077,1.4530139353962574
1437748793186845,51.7613046703,-1.2602587317,111.253815,5735922.279342457,620064.0704456919,-111.253815,30U,0.007,0.002,-0.004,0.04070230411591694,-0.018173142389349167,1.4530066958857117
1437748793289701,51.7613046703,-1.2602587317,111.253815,5735922.279342457,620064.0704456919,-111.253815,30U,0.007,0.003,-0.003,0.04063939200387949,-0.018194601294532913,1.4530004287888494
1437748793381128,51.7613046703,-1.2602587317,111.253815,5735922.279342457,620064.0704456919,-111.253815,30U,0.007,0.001,-0.003,0.040607616460977866,-0.01817510287755536,1.452996171194275
1437748793472555,51.7613046703,-1.2602587317,111.253815,5735922.279342457,620064.0704456919,-111.253815,30U,0.007,0.0,-0.005,0.040644073669829056,-0.018182055970844005,1.4529951576117652
1437748793563983,51.7613046703,-1.2602587317,111.253815,5735922.279342457,620064.0704456919,-111.253815,30U,0.007,0.001,-0.003,0.04067714650374638,-0.018177653496488234,1.4529851617271665
1437748793655410,51.7613046703,-1.2602587317,111.253815,5735922.279342457,620064.0704456919,-111.253815,30U,0.007,0.002,-0.005,0.040675538676768846,-0.018202862560965146,1.4529941658423806
1437748793760170,51.7613046703,-1.2602587317,111.253815,5735922.279342457,620064.0704456919,-111.253815,30U,0.007,0.002,-0.004,0.04062217814260765,-0.0181847316077112,1.4529775945921406
1437748793866835,51.7613046703,-1.2602587317,111.253815,5735922.279342457,620064.0704456919,-111.253815,30U,0.007,-0.001,-0.004,0.040640100000181215,-0.018172600000358845,1.4529952000005768
1437748793958262,51.7613046703,-1.2602587317,111.253815,5735922.279342457,620064.0704456919,-111.253815,30U,0.007,0.0,-0.004,0.040670276547471323,-0.01818770000087114,1.452996731684075
1437748794049688,51.7613046703,-1.2602587317,111.253815,5735922.279342457,620064.0704456919,-111.253815,30U,0.007,0.001,-0.003,0.04066540040297387,-0.018186679424827025,1.4529848711944235
1437748794153497,51.7613046703,-1.2602587317,111.253815,5735922.279342457,620064.0704456919,-111.253815,30U,0.007,0.001,-0.003,0.040613949381187404,-0.018188179423618042,1.4529939135829624
1437748794260162,51.7613046703,-1.2602587317,111.253815,5735922.279342457,620064.0704456919,-111.253815,30U,0.007,0.0,-0.004,0.04059374782865009,-0.01818650693044639,1.4529829863679853
1437748794366827,51.7613046703,-1.2602587317,111.253815,5735922.279342457,620064.0704456919,-111.253815,30U,0.007,-0.0,-0.003,0.04064154322341167,-0.018192134561359874,1.4529862053520288
1437748794473492,51.7613046703,-1.2602587317,111.253815,5735922.279342457,620064.0704456919,-111.253815,30U,0.007,0.001,-0.003,0.04066438889216989,-0.01817846584253529,1.4529856646036479
1437748794580157,51.7613046703,-1.2602587317,111.253815,5735922.279342457,620064.0704456919,-111.253815,30U,0.007,0.001,-0.004,0.0406521715978779,-0.018188862964366292,1.4529748012380514
1437748794686822,51.7613046703,-1.2602587317,111.253815,5735922.279342457,620064.0704456919,-111.253815,30U,0.006,0.001,-0.003,0.04062282592854085,-0.01819536995673411,1.4529791534957939
1437748794793487,51.7613046703,-1.2602587317,111.253815,5735922.279342457,620064.0704456919,-111.253815,30U,0.006,-0.001,-0.003,0.04063342056404731,-0.018194242421677446,1.4529679164517135
1437748794891819,51.7613046703,-1.2602587317,111.253815,5735922.279342457,620064.0704456919,-111.253815,30U,0.007,-0.001,-0.003,0.04066970000064221,-0.018194800000268255,1.4529735999994857
1437748794971817,51.7613046703,-1.2602587317,111.253815,5735922.279342457,620064.0704456919,-111.253815,30U,0.006,0.0,-0.003,0.040648564604452625,-0.018176080661616873,1.4529722934093559
1437748795051815,51.7613046703,-1.2602587317,111.253815,5735922.279342457,620064.0704456919,-111.253815,30U,0.007,-0.0,-0.004,0.040620668719038674,-0.018180291769346806,1.452958299999949
1437748795153481,51.7613046703,-1.2602587317,111.253815,5735922.279342457,620064.0704456919,-111.253815,30U,0.006,-0.001,-0.005,0.0406191806617904,-0.018181964201431935,1.4529651958848357
1437748795260146,51.7613046703,-1.2602587317,111.253815,5735922.279342457,620064.0704456919,-111.253815,30U,0.006,-0.001,-0.004,0.040641387662215436,-0.01818687402903862,1.452957532901563
1437748795366810,51.7613046703,-1.2602587317,111.253815,5735922.279342457,620064.0704456919,-111.253815,30U,0.007,-0.0,-0.005,0.040652437036277196,-0.01816876707929788,1.4529541600859448
1437748795472523,51.7613046703,-1.2602587317,111.253815,5735922.279342457,620064.0704456919,-111.253815,30U,0.007,0.0,-0.005,0.04062745761175129,-0.01819003004334782,1.452955169956139
1437748795563951,51.7613046703,-1.2602587317,111.253815,5735922.279342457,620064.0704456919,-111.253815,30U,0.007,-0.0,-0.005,0.04062823703565266,-0.01818323168396934,1.4529459411507282
1437748795655378,51.7613046703,-1.2602587317,111.253815,5735922.279342457,620064.0704456919,-111.253815,30U,0.007,-0.001,-0.005,0.040626097122363376,-0.0181865794244422,1.4529481794237926
1437748795760138,51.7613046703,-1.2602587317,111.253815,5735922.279342457,620064.0704456919,-111.253815,30U,0.007,-0.0,-0.005,0.040648587661997373,-0.01819052878863487,1.4529464329024806
1437748795866803,51.7613046703,-1.2602587317,111.253815,5735922.279342457,620064.0704456919,-111.253815,30U,0.007,0.0,-0.005,0.04064070000074482,-0.018202600000613793,1.452940700000288
1437748795973468,51.7613046703,-1.2602587317,111.253815,5735922.279342457,620064.0704456919,-111.253815,30U,0.007,-0.0,-0.005,0.04062952880619193,-0.018195849381226342,1.4529487971219948
1437748796078228,51.7613046703,-1.2602587317,111.253815,5735922.279342457,620064.0704456919,-111.253815,30U,0.007,-0.0,-0.005,0.040633762964485294,-0.018195916461210816,1.4529417658414465
1437748796169655,51.7613046703,-1.2602587317,111.253815,5735922.279342457,620064.0704456919,-111.253815,30U,0.007,0.0,-0.005,0.040636955971047994,-0.018204172432314095,1.4529461123448386
1437748796261082,51.7613046703,-1.2602587317,111.253815,5735922.279342457,620064.0704456919,-111.253815,30U,0.006,0.001,-0.006,0.04065112878982978,-0.0181992069304496,1.4529430259709115
1437748796366795,51.7613046703,-1.2602587317,111.253815,5735922.279342457,620064.0704456919,-111.253815,30U,0.006,0.001,-0.005,0.040636958849095926,-0.01818654526660341,1.4529429465043253
1437748796472507,51.7613046703,-1.2602587317,111.253815,5735922.279342457,620064.0704456919,-111.253815,30U,0.007,0.001,-0.005,0.04063248641670776,-0.018197609467237162,1.4529433041153081
1437748796563935,51.7613046703,-1.2602587317,111.253815,5735922.279342457,620064.0704456919,-111.253815,30U,0.007,0.001,-0.006,0.0406396382733276,-0.01820134526596124,1.452940220575796
1437748796655362,51.7613046703,-1.2602587317,111.253815,5735922.279342457,620064.0704456919,-111.253815,30U,0.007,0.001,-0.005,0.04064312880616788,-0.018197742388022336,1.4529327382742432
1437748796760122,51.7613046703,-1.2602587317,111.253815,5735922.279342457,620064.0704456919,-111.253815,30U,0.007,0.001,-0.006,0.040644712338162234,-0.01820287402952366,1.4529368465349564
1437748796866787,51.7613046703,-1.2602587317,111.253815,5735922.279342457,620064.0704456919,-111.253815,30U,0.007,0.001,-0.006,0.040620300000780894,-0.018207699999295775,1.452925700000161
1437748796973452,51.7613046703,-1.2602587317,111.253815,5735922.279342457,620064.0704456919,-111.253815,30U,0.008,0.001,-0.006,0.040620084777249515,-0.018228150619044,1.452915424690094
1437748797078212,51.7613046703,-1.2602587317,111.253815,5735922.279342457,620064.0704456919,-111.253815,30U,0.007,-0.0,-0.004,0.040655988489835024,-0.018207455136583037,1.4529336518563682
1437748797169639,51.7613046703,-1.2602587317,111.253815,5735922.279342457,620064.0704456919,-111.253815,30U,0.008,0.002,-0.006,0.04073646172606959,-0.018187167078546677,1.4529160604891058
1437748797261066,51.7613046703,-1.2602587317,111.253815,5735922.279342457,620064.0704456919,-111.253815,30U,0.008,0.003,-0.006,0.04063790715978237,-0.01823318895698884,1.452909787662328
1437748797366779,51.7613046703,-1.2602587317,111.253815,5735922.279342457,620064.0704456919,-111.253815,30U,0.007,0.001,-0.004,0.04058672345262414,-0.018206409871111325,1.4529160329216306
1437748797472491,51.7613046703,-1.2602587317,111.253815,5735922.279342457,620064.0704456919,-111.253815,30U,0.008,0.001,-0.007,0.04061940207251398,-0.018181846503408497,1.45290341234458
1437748797563919,51.7613046703,-1.2602587317,111.253815,5735922.279342457,620064.0704456919,-111.253815,30U,0.008,0.0,-0.006,0.0406537370360439,-0.01821419835926512,1.4529057053529155
1437748797655346,51.7613046703,-1.2602587317,111.253815,5735922.279342457,620064.0704456919,-111.253815,30U,0.008,0.003,-0.004,0.04068500000017882,-0.018217852258414047,1.4529005111081994
1437748797760106,51.7613046703,-1.2602587317,111.253815,5735922.279342457,620064.0704456919,-111.253815,30U,0.008,0.002,-0.007,0.04061744676269968,-0.018201525970370676,1.4528860370141725
1437748797866771,51.7613046703,-1.2602587317,111.253815,5735922.279342457,620064.0704456919,-111.253815,30U,0.008,0.0,-0.004,0.040612000000256575,-0.018225399999341477,1.452899199999412
1437748797973436,51.7613046703,-1.2602587317,111.253815,5735922.279342457,620064.0704456919,-111.253815,30U,0.009,0.0,-0.005,0.04064311605828303,-0.01820376584215688,1.4528738399133403
1437748798078197,51.7613046703,-1.2602587317,111.253815,5735922.279342457,620064.0704456919,-111.253815,30U,0.009,0.001,-0.005,0.04066986048890291,-0.018216546504296802,1.4528783259278804
1437748798169623,51.7613046703,-1.2602587317,111.253815,5735922.279342457,620064.0704456919,-111.253815,30U,0.009,0.001,-0.004,0.04064539588414647,-0.018209416460801944,1.4528854041158978
1437748798261050,51.7613046703,-1.2602587317,111.253815,5735922.279342457,620064.0704456919,-111.253815,30U,0.008,0.0,-0.005,0.04063011386150116,-0.018234364280905753,1.4528664341968351
1437748798366763,51.7613046703,-1.2602587317,111.253815,5735922.279342457,620064.0704456919,-111.253815,30U,0.008,0.0,-0.005,0.040657161323167094,-0.01820255761180225,1.4528769082300903
1437748798473428,51.7613046703,-1.2602587317,111.253815,5735922.279342457,620064.0704456919,-111.253815,30U,0.009,0.001,-0.004,0.040660799999554284,-0.01820884650433608,1.4528600987633515
1437748798580093,51.7613046703,-1.2602587317,111.253815,5735922.279342457,620064.0704456919,-111.253815,30U,0.009,0.001,-0.005,0.040662134560330826,-0.01820809712278713,1.4528648094680894
1437748798681758,51.7613046703,-1.2602587317,111.253815,5735922.279342457,620064.0704456919,-111.253815,30U,0.009,0.002,-0.005,0.040619198762600076,-0.018231100000332394,1.4528654576118147
1437748798761757,51.7613046703,-1.2602587317,111.253815,5735922.279342457,620064.0704456919,-111.253815,30U,0.01,0.001,-0.004,0.0406068917740925,-0.01821261233843126,1.4528567300841637
1437748798841756,51.7613046703,-1.2602587317,111.253815,5735922.279342457,620064.0704456919,-111.253815,30U,0.01,0.001,-0.005,0.04065150000041773,-0.018228199999644524,1.452860400000199
1437748798940088,51.7613046703,-1.2602587317,111.253815,5735922.279342457,620064.0704456919,-111.253815,30U,0.009,0.003,-0.005,0.04062598765531268,-0.018220353496746396,1.4528551440284234
1437748799046752,51.7613046703,-1.2602587317,111.253815,5735922.279342457,620064.0704456919,-111.253815,30U,0.009,0.001,-0.004,0.040603554734233285,-0.018208199999474557,1.452847605352736
1437748799153417,51.7613046703,-1.2602587317,111.253815,5735922.279342457,620064.0704456919,-111.253815,30U,0.01,0.001,-0.005,0.04064836132420931,-0.01822269712312064,1.4528432576119055
1437748799260082,51.7613046703,-1.2602587317,111.253815,5735922.279342457,620064.0704456919,-111.253815,30U,0.009,0.001,-0.004,0.040687912338599176,-0.018232316451187804,1.4528363287891655
1437748799366747,51.7613046703,-1.2602587317,111.253815,5735922.279342457,620064.0704456919,-111.253815,30U,0.009,0.002,-0.004,0.040673826330749056,-0.01823260000086874,1.4528336452669006
1437748799473412,51.7613046703,-1.2602587317,111.253815,5735922.279342457,620064.0704456919,-111.253815,30U,0.009,0.002,-0.004,0.040625360488699275,-0.0182368176972166,1.452830778186613
1437748799580077,51.7613046703,-1.2602587317,111.253815,5735922.279342457,620064.0704456919,-111.253815,30U,0.009,0.0,-0.004,0.040634168317204074,-0.018235404114912836,1.4528331123445761
1437748799683885,51.7613046703,-1.2602587317,111.253815,5735922.279342457,620064.0704456919,-111.253815,30U,0.01,0.0,-0.003,0.040666509467211065,-0.018233713582018037,1.4528353999999866
1437748799775312,51.7613046703,-1.2602587318,111.253815,5735922.279342294,620064.0704387908,-111.253815,30U,0.01,0.001,-0.004,0.040673602818649054,-0.01824704242240541,1.4528232616905699
1437748799866739,51.7613046703,-1.2602587318,111.253815,5735922.279342294,620064.0704387908,-111.253815,30U,0.009,0.001,-0.003,0.04064579999942681,-0.018238000000705194,1.452825699999311
1437748799973404,51.7613046703,-1.2602587318,111.253815,5735922.279342294,620064.0704387908,-111.253815,30U,0.009,0.001,-0.004,0.04063949177039019,-0.01823434526554355,1.4528285082305867
1437748800078164,51.7613046703,-1.2602587318,111.253815,5735922.279342294,620064.0704387908,-111.253815,30U,0.009,0.0,-0.004,0.040662442389287,-0.018243305353081638,1.4528189794240212
1437748800169591,51.7613046703,-1.2602587317,111.253815,5735922.279342457,620064.0704456919,-111.253815,30U,0.009,0.001,-0.004,0.040675271194589,-0.018246012344788846,1.4528181958846333
1437748800261018,51.7613046703,-1.2602587317,111.253815,5735922.279342457,620064.0704456919,-111.253815,30U,0.009,0.001,-0.003,0.04064991515593578,-0.018241487662478857,1.4528178616907335
1437748800352445,51.7613046703,-1.2602587317,111.253815,5735922.279342457,620064.0704456919,-111.253815,30U,0.01,-0.0,-0.004,0.040642975309696155,-0.018250928806392022,1.4528050958848364
1437748800443872,51.7613046703,-1.2602587317,111.253815,5735922.279342457,620064.0704456919,-111.253815,30U,0.01,-0.0,-0.003,0.04064910535283346,-0.018249090533121372,1.4528107123456424
1437748800546728,51.7613046703,-1.2602587318,111.253815,5735922.279342294,620064.0704387908,-111.253815,30U,0.009,0.0,-0.004,0.040664946503921946,-0.01824156584101204,1.4528053576109203
1437748800653393,51.7613046703,-1.2602587318,111.253815,5735922.279342294,620064.0704387908,-111.253815,30U,0.01,0.001,-0.004,0.040659182302739835,-0.018246268316522273,1.452801491769459
1437748800760058,51.7613046703,-1.2602587318,111.253815,5735922.279342294,620064.0704387908,-111.253815,30U,0.009,0.001,-0.003,0.040639949352086834,-0.018242408225920843,1.452798721858632
1437748800866723,51.7613046703,-1.2602587318,111.253815,5735922.279342294,620064.0704387908,-111.253815,30U,0.009,0.0,-0.004,0.040644099999866144,-0.018235899999605242,1.4527987000001283
1437748800973388,51.7613046703,-1.2602587318,111.253815,5735922.279342294,620064.0704387908,-111.253815,30U,0.009,0.001,-0.005,0.04066037119484635,-0.018239813582802914,1.4528021205749364
1437748801080053,51.7613046703,-1.2602587318,111.253815,5735922.279342294,620064.0704387908,-111.253815,30U,0.009,0.001,-0.004,0.04065623168401299,-0.018242180661166323,1.452801541151805
1437748801186718,51.7613046703,-1.2602587318,111.253815,5735922.279342294,620064.0704387908,-111.253815,30U,0.009,0.001,-0.005,0.040651487653958596,-0.018236216460959884,1.4527993835391315
1437748801289573,51.7613046703,-1.2602587318,111.253815,5735922.279342294,620064.0704387908,-111.253815,30U,0.009,0.0,-0.005,0.0406443876615428,-0.018237205408147297,1.4527912287883984
1437748801381000,51.7613046703,-1.2602587318,111.253815,5735922.279342294,620064.0704387908,-111.253815,30U,0.009,0.0,-0.005,0.040665450617841783,-0.018234120575346312,1.452785862963854
1437748801472427,51.7613046703,-1.2602587318,111.253815,5735922.279342294,620064.0704387908,-111.253815,30U,0.009,-0.0,-0.005,0.04067587530889365,-0.01824185061940477,1.452783783540186
1437748801563855,51.7613046703,-1.2602587318,111.253815,5735922.279342294,620064.0704387908,-111.253815,30U,0.008,0.0,-0.005,0.0406693864173355,-0.018239341151844998,1.4527718493819315
1437748801655282,51.7613046703,-1.2602587318,111.253815,5735922.279342294,620064.0704387908,-111.253815,30U,0.008,0.0,-0.004,0.04066110123814719,-0.01824908353958706,1.452762512345163
1437748801760042,51.7613046703,-1.2602587318,111.253815,5735922.279342294,620064.0704387908,-111.253815,30U,0.009,0.0,-0.004,0.04066070822490622,-0.018250341127852936,1.4527657246760113
1437748801866707,51.7613046703,-1.2602587318,111.253815,5735922.279342294,620064.0704387908,-111.253815,30U,0.008,0.001,-0.003,0.04068429999923039,-0.01824759999925089,1.4527491999998827
1437748801958135,51.76130467,-1.2602587312,111.253922,5735922.279309919,620064.0704809914,-111.253922,30U,0.009,0.001,-0.003,0.040671512345301496,-0.0182382218128545,1.452757062964726
1437748802049562,51.7613046692,-1.2602587296,111.254204,5735922.279223587,620064.0705935261,-111.254204,30U,0.008,0.001,-0.003,0.04068133415774182,-0.018278613582015643,1.4527633876539632
1437748802153370,51.7613046682,-1.2602587277,111.254555,5735922.279115509,620064.070727294,-111.254555,30U,0.008,0.002,-0.003,0.040677232920233626,-0.018264653496180394,1.4527587028778366
1437748802260034,51.7613046674,-1.2602587262,111.254822,5735922.279029013,620064.0708329284,-111.254822,30U,0.008,0.002,-0.003,0.04066927402860365,-0.018259104111867933,1.4527559329024327
1437748802366699,51.7613046672,-1.2602587256,111.254913,5735922.27900776,620064.0708748632,-111.254913,30U,0.008,0.002,-0.003,0.04062549752497082,-0.01826863827310358,1.4527435205763235
1437748802473364,51.7613046673,-1.2602587256,111.254898,5735922.279018882,620064.0708745982,-111.254898,30U,0.008,0.001,-0.002,0.04061489176997169,-0.018269706992309787,1.4527350370352297
1437748802580029,51.7613046672,-1.2602587266,111.254837,5735922.279006114,620064.0708058558,-111.254837,30U,0.008,0.001,-0.003,0.04064951605673171,-0.018247430042578984,1.4527315534959235
1437748802686694,51.7613046677,-1.2602587271,111.254913,5735922.279060895,620064.0707700248,-111.254913,30U,0.009,0.002,-0.004,0.040680779424037694,-0.018272993007468322,1.4527263000007697
1437748802793359,51.7613046682,-1.2602587262,111.254951,5735922.279117979,620064.0708308051,-111.254951,30U,0.009,0.002,-0.003,0.0406912534660195,-0.01828063549184887,1.4527240452395798
1437748802891691,51.7613046681,-1.2602587252,111.255005,5735922.279108506,620064.0709000784,-111.255005,30U,0.009,0.002,-0.003,0.04066010000035118,-0.018281100000757312,1.4527363999994944
1437748802971690,51.7613046681,-1.2602587241,111.255234,5735922.279110316,620064.0709759869,-111.255234,30U,0.009,0.002,-0.004,0.04066615597171502,-0.018282475309735906,1.452723516460667
1437748803051688,51.7613046677,-1.2602587236,111.25547,5735922.279066657,620064.0710115521,-111.25547,30U,0.009,0.002,-0.002,0.04067049712218219,-0.018288202878202358,1.4527257753094183
1437748803153354,51.7613046672,-1.2602587219,111.25563,5735922.279013852,620064.0711301913,-111.25563,30U,0.009,0.002,-0.003,0.04069239588524402,-0.018276445266983434,1.4527237353965137
1437748803260019,51.7613046664,-1.2602587201,111.255913,5735922.278927851,620064.071256528,-111.255913,30U,0.009,0.002,-0.003,0.04068397402932199,-0.01828857121074237,1.4527215370146946
1437748803366683,51.7613046653,-1.260258718,111.256172,5735922.27880898,620064.0714043623,-111.256172,30U,0.008,0.002,-0.003,0.04067510411596503,-0.018286971194113242,1.4527139740719495
1437748803472395,51.7613046643,-1.2602587171,111.256409,5735922.278699254,620064.0714691221,-111.256409,30U,0.008,0.002,-0.004,0.04066626172645039,-0.018288495884077185,1.452708879424447
1437748803563823,51.7613046633,-1.2602587155,111.256714,5735922.278590684,620064.0715821869,-111.256714,30U,0.008,0.002,-0.004,0.04067832880548964,-0.018289379423849752,1.4527108382737888
1437748803655250,51.7613046618,-1.2602587129,111.257034,5735922.278428153,620064.0717655864,-111.257034,30U,0.008,0.003,-0.004,0.04066394526612595,-0.018300520576050226,1.4527063205762865
1437748803760010,51.7613046601,-1.2602587102,111.257347,5735922.278243549,620064.071956417,-111.257347,30U,0.008,0.003,-0.004,0.04066417532321064,-0.01829360411198659,1.45270680822477
1437748803866675,51.7613046582,-1.2602587067,111.257721,5735922.278038017,620064.0722029847,-111.257721,30U,0.008,0.003,-0.004,0.04066349999947251,-0.01830010000056971,1.4527090000005183
1437748803973340,51.7613046569,-1.2602587042,111.258026,5735922.277897566,620064.0723789524,-111.258026,30U,0.008,0.003,-0.004,0.0406706547341403,-0.018300399999978848,1.4527047082306515
1437748804078100,51.7613046559,-1.2602587016,111.25827,5735922.27779064,620064.0725610261,-111.25827,30U,0.012,0.002,-0.001,0.04068609588543483,-0.01827627775551782,1.4527085395111032
1437748804169528,51.7613046667,-1.2602587013,111.257813,5735922.278992161,620064.0725530753,-111.257813,30U,0.035,0.001,0.009,0.04072314322326737,-0.01787221968358402,1.4527860312799163
1437748804260955,51.7613047042,-1.2602587022,111.256622,5735922.283160919,620064.0723914804,-111.256622,30U,0.068,-0.002,0.012,0.04079766580305049,-0.017258137321863706,1.4527356207920141
1437748804366667,51.7613047732,-1.2602587109,111.255608,5735922.290819835,620064.0716080568,-111.255608,30U,0.105,-0.009,0.006,0.04076340699347183,-0.01684589749720774,1.452729702474768
1437748804472379,51.7613048754,-1.2602587281,111.255219,5735922.302156808,620064.0701499883,-111.255219,30U,0.141,-0.012,-0.0,0.040804464200826215,-0.01670281809991761,1.45282659671981
1437748804563807,51.7613050092,-1.2602587481,111.255249,5735922.317003294,620064.0684148631,-111.255249,30U,0.175,-0.014,-0.001,0.04075098146743745,-0.016693895884278963,1.4528859518560677
1437748804655234,51.7613051728,-1.2602587716,111.255196,5735922.335157965,620064.0663591519,-111.255196,30U,0.207,-0.017,0.0,0.04061051890687202,-0.016647975711408303,1.4529037958841737
1437748804759994,51.7613053633,-1.2602588008,111.255013,5735922.3562947055,620064.0638387309,-111.255013,30U,0.236,-0.022,0.002,0.040549694135316124,-0.016548649810820798,1.4529096383092681
1437748804866659,51.7613055773,-1.2602588347,111.254753,5735922.380037057,620064.0609316286,-111.254753,30U,0.258,-0.023,0.001,0.04075950000063741,-0.016336700000499655,1.4528892999997114
1437748804973324,51.7613058061,-1.2602588704,111.254768,5735922.405422299,620064.0578610471,-111.254768,30U,0.267,-0.023,-0.002,0.040932833352315304,-0.016316580661696754,1.4527789773519753
1437748805078085,51.7613060391,-1.2602589069,111.254684,5735922.431273291,620064.0547241175,-111.254684,30U,0.269,-0.025,0.001,0.04102845269018903,-0.01621170943817796,1.4527327794239167
1437748805169512,51.7613062707,-1.2602589451,111.254555,5735922.456965795,620064.0514735897,-111.254555,30U,0.264,-0.026,-0.0,0.04118445309328956,-0.01611136831621648,1.4527764983596099
1437748805260939,51.7613064957,-1.2602589824,111.254463,5735922.48192582,620064.0483026784,-111.254463,30U,0.256,-0.023,0.002,0.04118683914512727,-0.016040585758854222,1.4528106424225165
1437748805366651,51.7613067156,-1.2602590171,111.254196,5735922.5063229725,620064.0453247166,-111.254196,30U,0.253,-0.024,0.001,0.04138376008582978,-0.015730912316049443,1.452834286013921
1437748805472363,51.7613069352,-1.2602590541,111.254105,5735922.530682975,620064.0421888342,-111.254105,30U,0.255,-0.023,0.0,0.04148258233151905,-0.015676924690323994,1.452888824690706
1437748805563791,51.7613071588,-1.2602590873,111.253883,5735922.555494061,620064.0393045677,-111.253883,30U,0.261,-0.021,0.001,0.041672000834805524,-0.015609130848735485,1.4528023707626487
1437748805655218,51.7613073873,-1.2602591208,111.253899,5735922.580849562,620064.0363865996,-111.253899,30U,0.266,-0.022,-0.003,0.041695837869777506,-0.015556360085763152,1.4526991139861414
1437748805759978,51.7613076216,-1.2602591553,111.253967,5735922.606848415,620064.0333842373,-111.253967,30U,0.273,-0.025,0.001,0.041790846534399254,-0.01558037143898483,1.452691294363059
1437748805866643,51.7613078621,-1.2602591937,111.253693,5735922.633530326,620064.0300962965,-111.253693,30U,0.28,-0.026,0.003,0.04170510000050528,-0.015455500000620572,1.4527530000005433
1437748805973308,51.761308109,-1.260259232,111.253448,5735922.660924124,620064.026798276,-111.253448,30U,0.287,-0.024,-0.0,0.041770302474958866,-0.015360105352944088,1.452662583108688
1437748806078069,51.7613083626,-1.2602592707,111.25325,5735922.689062345,620064.0234548785,-111.25325,30U,0.295,-0.026,0.002,0.04170240987042397,-0.01529264031742402,1.4525275320863305
1437748806169496,51.7613086225,-1.2602593094,111.252968,5735922.717901167,620064.0200947662,-111.252968,30U,0.3,-0.026,0.002,0.04170691562638355,-0.015206395050460305,1.4524627699567016
1437748806260923,51.7613088865,-1.2602593468,111.252693,5735922.747198073,620064.0168134875,-111.252693,30U,0.304,-0.023,0.002,0.041464709140706345,-0.015103357806702203,1.4523943770762262
1437748806366636,51.7613091536,-1.2602593809,111.252647,5735922.776845155,620064.0137517087,-111.252647,30U,0.307,-0.024,-0.001,0.041259658417950804,-0.015080137035271802,1.4522471226192364
1437748806473300,51.7613094218,-1.2602594209,111.252739,5735922.806604847,620064.0102798672,-111.252739,30U,0.307,-0.027,-0.002,0.0409368345318428,-0.015170056403570534,1.452223700000478
1437748806579965,51.7613096879,-1.2602594592,111.252777,5735922.836133808,620064.0069309098,-111.252777,30U,0.3,-0.023,-0.001,0.04083298269579891,-0.015317344473856291,1.4521386353475243
1437748806681630,51.7613099434,-1.2602594957,111.253014,5735922.864486942,620064.0037342885,-111.253014,30U,0.284,-0.025,-0.005,0.040717795050983066,-0.015467572863680968,1.4519847962886108
1437748806761629,51.7613101825,-1.2602595314,111.253334,5735922.891017608,620064.0006363823,-111.253334,30U,0.265,-0.022,-0.003,0.040793461461962076,-0.015583217515980132,1.4519719110428513
1437748806841627,51.7613104036,-1.260259561,111.253647,5735922.915556604,620063.9980071762,-111.253647,30U,0.244,-0.018,-0.003,0.04063759999928731,-0.015781699999273747,1.4518605000008125
1437748806939959,51.7613106054,-1.2602595887,111.253754,5735922.937952445,620063.995560288,-111.253754,30U,0.222,-0.018,-0.002,0.040715458042897335,-0.015869649381284497,1.4517512510220358
1437748807046624,51.7613107871,-1.2602596174,111.25399,5735922.958111393,620063.9930977187,-111.25399,30U,0.199,-0.017,-0.004,0.04072977367499049,-0.01596450828269379,1.4517735271689152
1437748807153290,51.7613109477,-1.260259641,111.254211,5735922.975932281,620063.9910430656,-111.254211,30U,0.175,-0.013,-0.001,0.04091337326625879,-0.016147066676852853,1.4517393592525933
1437748807259955,51.7613110866,-1.2602596589,111.254204,5735922.991349376,620063.9894393261,-111.254204,30U,0.151,-0.01,-0.0,0.04089871797389456,-0.016122887890705373,1.4516857192685297
1437748807366620,51.7613111932,-1.2602596712,111.254318,5735923.003183725,620063.9883077219,-111.254318,30U,0.126,-0.007,-0.003,0.040869604115698094,-0.01620198972575354,1.4516657316828867
1437748807473285,51.7613111932,-1.2602596712,111.254318,5735923.003183725,620063.9883077219,-111.254318,30U,0.101,-0.005,-0.0,0.04087248477639253,-0.016322811108389925,1.4516249769498182
1437748807579949,51.7613111932,-1.2602596712,111.254318,5735923.003183725,620063.9883077219,-111.254318,30U,0.077,-0.004,0.0,0.04095502677407876,-0.01624721809548727,1.4515742016357425
1437748807683757,51.7613111932,-1.2602596712,111.254318,5735923.003183725,620063.9883077219,-111.254318,30U,0.054,-0.001,0.001,0.041031318934463844,-0.016323051855616284,1.45155280823102
1437748807775184,51.7613111932,-1.2602596712,111.254318,5735923.003183725,620063.9883077219,-111.254318,30U,0.033,0.002,0.001,0.04101895628391576,-0.016321052170805754,1.4515392123378041
1437748807866611,51.7613111932,-1.2602596712,111.254318,5735923.003183725,620063.9883077219,-111.254318,30U,0.015,0.003,0.0,0.041005800000740875,-0.016253300000698464,1.4515271999992712
1437748807973276,51.7613111932,-1.2602596712,111.254318,5735923.003183725,620063.9883077219,-111.254318,30U,0.004,0.003,0.002,0.04101023539549699,-0.01626047323760165,1.4515138699563521
1437748808078037,51.7613111932,-1.2602596712,111.254318,5735923.003183725,620063.9883077219,-111.254318,30U,0.013,0.002,0.0,0.04105662057469493,-0.01603547734070393,1.4515141094696307
1437748808169464,51.7613111932,-1.2602596712,111.254318,5735923.003183725,620063.9883077219,-111.254318,30U,0.015,0.003,-0.004,0.041040065842251096,-0.01625516918025951,1.4515176946481858
1437748808260891,51.7613111932,-1.2602596712,111.254318,5735923.003183725,620063.9883077219,-111.254318,30U,0.009,0.004,0.004,0.04097490022915131,-0.016335959560272457,1.4514768246762628
1437748808352318,51.7613111932,-1.2602596712,111.254318,5735923.003183725,620063.9883077219,-111.254318,30U,0.009,0.002,0.0,0.040969972431634645,-0.016110300403352394,1.4515068901298553
1437748808443745,51.7613111932,-1.2602596712,111.254318,5735923.003183725,620063.9883077219,-111.254318,30U,0.014,0.001,-0.001,0.04098349588496026,-0.016223445697038815,1.451484949784324
1437748808546601,51.7613111932,-1.2602596712,111.254318,5735923.003183725,620063.9883077219,-111.254318,30U,0.012,0.001,-0.001,0.041040816222128386,-0.016282113632592993,1.4514591465347206
1437748808653265,51.7613111932,-1.2602596712,111.254318,5735923.003183725,620063.9883077219,-111.254318,30U,0.009,0.004,0.001,0.041056519338616995,-0.01624287858912026,1.4514886917702405
1437748808759930,51.7613111932,-1.2602596712,111.254318,5735923.003183725,620063.9883077219,-111.254318,30U,0.013,0.003,0.0,0.04097851949747722,-0.01616955757777001,1.4514503015237217
1437748808866595,51.7613111932,-1.2602596712,111.254318,5735923.003183725,620063.9883077219,-111.254318,30U,0.013,0.001,-0.002,0.04098099999955273,-0.016271499999177617,1.4514540000003249
1437748808973260,51.7613111932,-1.2602596712,111.254318,5735923.003183725,620063.9883077219,-111.254318,30U,0.01,0.002,0.002,0.041020187653845616,-0.016258329208825986,1.4514571781872967
1437748809079925,51.7613111932,-1.2602596712,111.254318,5735923.003183725,620063.9883077219,-111.254318,30U,0.011,0.003,0.0,0.041028231607587354,-0.016195384843103962,1.451443399999676
1437748809186590,51.7613111932,-1.2602596712,111.254326,5735923.003183725,620063.9883077219,-111.254326,30U,0.013,0.003,-0.001,0.04098073991407825,-0.01623921482013441,1.451447349381322
1437748809289446,51.7613111932,-1.2602596712,111.254326,5735923.003183725,620063.9883077219,-111.254326,30U,0.011,0.002,-0.0,0.04098319718233076,-0.016273793068599426,1.4514282439461696
1437748809380873,51.7613111932,-1.2602596712,111.254326,5735923.003183725,620063.9883077219,-111.254326,30U,0.01,0.001,0.002,0.041006939510501536,-0.016229408633626874,1.451423391770279
1437748809472300,51.7613111932,-1.2602596712,111.254326,5735923.003183725,620063.9883077219,-111.254326,30U,0.012,0.002,-0.0,0.04103574774060203,-0.01622087778363838,1.451410290533043
1437748809563727,51.7613111932,-1.2602596712,111.254326,5735923.003183725,620063.9883077219,-111.254326,30U,0.012,0.002,0.0,0.04102475217155045,-0.016270289185735694,1.4513818945933454
1437748809655154,51.7613111932,-1.2602596712,111.254326,5735923.003183725,620063.9883077219,-111.254326,30U,0.011,0.002,0.001,0.041016060489471394,-0.01623845761078376,1.4513838259275718
1437748809759914,51.7613111932,-1.2602596712,111.254318,5735923.003183725,620063.9883077219,-111.254318,30U,0.012,0.002,0.0,0.0409747082254803,-0.016213104113329935,1.4513864863678572
1437748809866579,51.7613111932,-1.2602596712,111.254326,5735923.003183725,620063.9883077219,-111.254326,30U,0.013,0.001,-0.001,0.04100760000068636,-0.01625140000036816,1.4513679000006052
1437748809958007,51.7613111932,-1.2602596712,111.254326,5735923.003183725,620063.9883077219,-111.254326,30U,0.01,0.002,0.001,0.04101894526565219,-0.016252876950341076,1.4513791164602723
1437748810049434,51.7613111932,-1.2602596712,111.254326,5735923.003183725,620063.9883077219,-111.254326,30U,0.011,0.002,0.0,0.04098639999938918,-0.01621556298554002,1.4513720999993145
1437748810153242,51.7613111932,-1.2602596712,111.254326,5735923.003183725,620063.9883077219,-111.254326,30U,0.012,0.001,-0.0,0.040937234561307365,-0.01625094362643936,1.4513715382738215
1437748810259907,51.7613111932,-1.2602596712,111.254326,5735923.003183725,620063.9883077219,-111.254326,30U,0.011,0.001,0.0,0.0409671506478772,-0.016250213632007737,1.4513683917750475
1437748810366572,51.7613111932,-1.2602596712,111.254326,5735923.003183725,620063.9883077219,-111.254326,30U,0.011,0.001,0.001,0.041001507827703176,-0.016233290532117306,1.451352006992294
1437748810473237,51.7613111932,-1.2602596712,111.254326,5735923.003183725,620063.9883077219,-111.254326,30U,0.011,0.001,0.0,0.041047716459865956,-0.016237950618815996,1.4513463917689262
1437748810579901,51.7613111932,-1.2602596712,111.254326,5735923.003183725,620063.9883077219,-111.254326,30U,0.011,0.002,0.0,0.0410328603970419,-0.016271025971243434,1.4513358123387283
1437748810686566,51.7613111932,-1.2602596713,111.254326,5735923.00318356,620063.9883008215,-111.254326,30U,0.01,0.002,0.0,0.0409622386770062,-0.01626007818756145,1.4513398958855792
1437748810793231,51.7613111932,-1.2602596713,111.254326,5735923.00318356,620063.9883008215,-111.254326,30U,0.01,0.001,0.001,0.04096379306898335,-0.01624610281787794,1.4513339822545426
1437748810891563,51.7613111932,-1.2602596713,111.254326,5735923.00318356,620063.9883008215,-111.254326,30U,0.01,-0.0,0.002,0.04102899999926252,-0.016256999999228926,1.451319300000332
1437748810971562,51.7613111932,-1.2602596713,111.254326,5735923.00318356,620063.9883008215,-111.254326,30U,0.01,0.002,0.002,0.041072191770472034,-0.01626487407134792,1.4513216300428087
1437748811051560,51.7613111932,-1.2602596713,111.254326,5735923.00318356,620063.9883008215,-111.254326,30U,0.009,0.003,0.002,0.041002215385927264,-0.01625376450960691,1.4513188740282932
1437748811153226,51.7613111932,-1.2602596713,111.254326,5735923.00318356,620063.9883008215,-111.254326,30U,0.009,0.002,0.002,0.04094052181215901,-0.016248242389082696,1.4513131876548335
1437748811259891,51.7613111932,-1.2602596713,111.254326,5735923.00318356,620063.9883008215,-111.254326,30U,0.01,-0.0,0.003,0.0409972025891307,-0.016273258872184608,1.4513131958875514
1437748811366556,51.7613111932,-1.2602596713,111.254326,5735923.00318356,620063.9883008215,-111.254326,30U,0.009,0.001,0.003,0.041073913179986626,-0.01626834526594009,1.4512992740715507
1437748811472268,51.7613111932,-1.2602596713,111.254326,5735923.00318356,620063.9883008215,-111.254326,30U,0.009,0.003,0.004,0.04106907447454697,-0.016242494648100743,1.4512971000004224
1437748811563696,51.7613111932,-1.2602596713,111.254326,5735923.00318356,620063.9883008215,-111.254326,30U,0.011,0.003,0.003,0.04098968789077666,-0.016246802588442907,1.4512956493525615
1437748811655123,51.7613111932,-1.2602596713,111.254326,5735923.00318356,620063.9883008215,-111.254326,30U,0.01,0.001,0.004,0.040984024286881963,-0.01629383415905597,1.4512815082307042
1437748811759883,51.7613111932,-1.2602596713,111.254326,5735923.00318356,620063.9883008215,-111.254326,30U,0.009,0.001,0.005,0.041065677913724265,-0.01627533031271668,1.4512809341971493
1437748811866547,51.7613111932,-1.2602596713,111.254326,5735923.00318356,620063.9883008215,-111.254326,30U,0.01,0.004,0.004,0.041072999999287374,-0.01627400000007153,1.451273000000183
1437748811973212,51.7613111932,-1.2602596713,111.254326,5735923.00318356,620063.9883008215,-111.254326,30U,0.009,0.005,0.004,0.04093402425853178,-0.01625230040351196,1.4512388411508466
1437748812077973,51.7613111932,-1.2602596713,111.254326,5735923.00318356,620063.9883008215,-111.254326,30U,0.01,0.002,0.003,0.0408174192684823,-0.016240156055256062,1.4512609437160051
1437748812169400,51.7613111932,-1.2602596713,111.254326,5735923.00318356,620063.9883008215,-111.254326,30U,0.009,-0.001,0.004,0.040960445295349236,-0.016278925928340564,1.4512314222152178
1437748812260827,51.7613111932,-1.2602596713,111.254326,5735923.00318356,620063.9883008215,-111.254326,30U,0.008,0.0,0.003,0.041140302359649175,-0.016263668621302785,1.451220451941223
1437748812366540,51.7613111932,-1.2602596713,111.254326,5735923.00318356,620063.9883008215,-111.254326,30U,0.009,0.005,0.004,0.04113986129574858,-0.016229308230070995,1.451251595884375
1437748812472252,51.7613111932,-1.2602596713,111.254326,5735923.00318356,620063.9883008215,-111.254326,30U,0.011,0.004,0.002,0.04089594607164714,-0.01627520371176873,1.4512214958854806
1437748812563680,51.7613111932,-1.2602596713,111.254326,5735923.00318356,620063.9883008215,-111.254326,30U,0.008,-0.001,0.004,0.040913194134391005,-0.016304082254203465,1.4512143341956756
1437748812655107,51.7613111932,-1.2602596713,111.254326,5735923.00318356,620063.9883008215,-111.254326,30U,0.007,-0.0,0.004,0.04107083746827632,-0.016233096287443537,1.4512098111085967
1437748812759867,51.7613111932,-1.2602596713,111.254326,5735923.00318356,620063.9883008215,-111.254326,30U,0.011,0.003,0.003,0.04112061949802161,-0.01624519154482356,1.451200450647764
1437748812866531,51.7613111932,-1.2602596713,111.254326,5735923.00318356,620063.9883008215,-111.254326,30U,0.01,0.004,0.003,0.04096459999927373,-0.016329000000538937,1.4511950000002183
1437748812973196,51.7613111932,-1.2602596713,111.254326,5735923.00318356,620063.9883008215,-111.254326,30U,0.007,0.001,0.005,0.04091369176964865,-0.016257807395522215,1.4511722123444586
1437748813077957,51.7613111932,-1.2602596713,111.254326,5735923.00318356,620063.9883008215,-111.254326,30U,0.01,-0.0,0.003,0.04101729131660384,-0.01623616427956257,1.4511792999991422
1437748813169384,51.7613111932,-1.2602596713,111.254326,5735923.00318356,620063.9883008215,-111.254326,30U,0.01,0.002,0.003,0.041051919338368464,-0.01630155597039635,1.4511606386769804
1437748813260811,51.7613111932,-1.2602596713,111.254326,5735923.00318356,620063.9883008215,-111.254326,30U,0.007,0.003,0.004,0.04098600022823335,-0.016281541356584554,1.4511524629857866
1437748813366524,51.7613111932,-1.2602596713,111.254326,5735923.00318356,620063.9883008215,-111.254326,30U,0.008,0.002,0.004,0.04093255884867588,-0.016234106993650733,1.4511629164608086
1437748813472236,51.7613111932,-1.2602596713,111.254326,5735923.00318356,620063.9883008215,-111.254326,30U,0.009,0.001,0.003,0.040976681899648995,-0.016280390128683295,1.4511347152230607
1437748813563664,51.7613111932,-1.2602596713,111.254326,5735923.00318356,620063.9883008215,-111.254326,30U,0.007,0.003,0.004,0.04103178613816064,-0.016299111043366985,1.4511327082253207
1437748813655091,51.7613111932,-1.2602596713,111.254326,5735923.00318356,620063.9883008215,-111.254326,30U,0.007,0.004,0.003,0.04100328805830422,-0.01624841522380253,1.4511261905323392
1437748813759851,51.7613111932,-1.2602596713,111.254326,5735923.00318356,620063.9883008215,-111.254326,30U,0.008,0.004,0.003,0.040951635719769855,-0.01626536968725962,1.451105894592396
1437748813866515,51.7613111932,-1.2602596713,111.254326,5735923.00318356,620063.9883008215,-111.254326,30U,0.007,0.003,0.004,0.04094879999955834,-0.016291800000502052,1.4511022999995353
1437748813973180,51.7613111932,-1.2602596713,111.254326,5735923.00318356,620063.9883008215,-111.254326,30U,0.007,0.003,0.004,0.04100355597158039,-0.01625992633169922,1.4510899316836483
1437748814077940,51.7613111932,-1.2602596713,111.254326,5735923.00318356,620063.9883008215,-111.254326,30U,0.008,0.004,0.003,0.04100767814256762,-0.01625810952074238,1.4510756699159066
1437748814169368,51.7613111932,-1.2602596713,111.254326,5735923.00318356,620063.9883008215,-111.254326,30U,0.008,0.004,0.003,0.04096815225917367,-0.016295462964891115,1.4510765370356213
1437748814260795,51.7613111932,-1.2602596713,111.254326,5735923.00318356,620063.9883008215,-111.254326,30U,0.007,0.003,0.004,0.040952405406479334,-0.016282492004266864,1.4510702452406048
1437748814366508,51.7613111932,-1.2602596713,111.254326,5735923.00318356,620063.9883008215,-111.254326,30U,0.007,0.002,0.004,0.040993555971495406,-0.016258449381726305,1.451072268316318
1437748814473173,51.7613111932,-1.2602596713,111.254326,5735923.00318356,620063.9883008215,-111.254326,30U,0.008,0.004,0.003,0.0410109835396075,-0.016290006589174493,1.4510658069922358
1437748814579838,51.7613111932,-1.2602596713,111.254326,5735923.00318356,620063.9883008215,-111.254326,30U,0.007,0.004,0.004,0.0409781727337161,-0.016294780960032604,1.4510504835494364
1437748814681503,51.7613111932,-1.2602596714,111.254326,5735923.003183396,620063.9882939205,-111.254326,30U,0.007,0.003,0.004,0.040964062963208224,-0.016260632921265575,1.451053478187112
1437748814761501,51.7613111932,-1.2602596714,111.254326,5735923.003183396,620063.9882939205,-111.254326,30U,0.008,0.003,0.004,0.040979823153708704,-0.016290156053935648,1.4510434316076806
1437748814841500,51.7613111932,-1.2602596714,111.254326,5735923.003183396,620063.9882939205,-111.254326,30U,0.007,0.003,0.004,0.04100790000009549,-0.016294299999650635,1.4510296000007672
1437748814939831,51.7613111932,-1.2602596714,111.254326,5735923.003183396,620063.9882939205,-111.254326,30U,0.007,0.003,0.004,0.04099306048997406,-0.016276353496282696,1.4510295823013837
1437748815046496,51.7613111932,-1.2602596714,111.254326,5735923.003183396,620063.9882939205,-111.254326,30U,0.008,0.003,0.004,0.04097560693041873,-0.016274521858753863,1.4510177205638213
1437748815153162,51.7613111932,-1.2602596714,111.254326,5735923.003183396,620063.9882939205,-111.254326,30U,0.008,0.002,0.004,0.04097267654703925,-0.016298021813051414,1.4510200164606764
1437748815259826,51.7613111932,-1.2602596714,111.254326,5735923.003183396,620063.9882939205,-111.254326,30U,0.006,0.002,0.005,0.040992598705524574,-0.016286512338782904,1.4510211588729194
1437748815366492,51.7613111932,-1.2602596714,111.254326,5735923.003183396,620063.9882939205,-111.254326,30U,0.007,0.003,0.004,0.04097956584156242,-0.016280630043387603,1.4510078493812522
1437748815473157,51.7613111932,-1.2602596714,111.254326,5735923.003183396,620063.9882939205,-111.254326,30U,0.007,0.002,0.004,0.04096823703679676,-0.01630145473431842,1.4510063218132407
1437748815579822,51.7613111932,-1.2602596714,111.254326,5735923.003183396,620063.9882939205,-111.254326,30U,0.007,0.002,0.004,0.04097253419624013,-0.016293294592263044,1.4509939781414027
1437748815683630,51.7613111931,-1.2602596714,111.254318,5735923.003172275,620063.9882941856,-111.254318,30U,0.007,0.002,0.004,0.04099144238824322,-0.01627924938148419,1.4509683164606908
1437748815775057,51.7613111931,-1.2602596714,111.254318,5735923.003172275,620063.9882941856,-111.254318,30U,0.007,0.002,0.003,0.04097397814203689,-0.016304477913363577,1.4509673616905407
1437748815866484,51.7613111931,-1.2602596714,111.254318,5735923.003172275,620063.9882941856,-111.254318,30U,0.006,0.003,0.004,0.040958900000028144,-0.016311300000493235,1.4509483000003207
1437748815973149,51.7613111931,-1.2602596714,111.254318,5735923.003172275,620063.9882941856,-111.254318,30U,0.007,0.002,0.004,0.04096081070446275,-0.016292812345573414,1.4509487958850131
1437748816077909,51.7613111931,-1.2602596714,111.254318,5735923.003172275,620063.9882941856,-111.254318,30U,0.008,0.002,0.003,0.04097656839216109,-0.016316468393392618,1.4509339069314593
1437748816169336,51.7613111931,-1.2602596714,111.254318,5735923.003172275,620063.9882941856,-111.254318,30U,0.006,0.003,0.003,0.04101009999983494,-0.016319831683003785,1.4509154823021242
1437748816260763,51.7613111931,-1.2602596714,111.254318,5735923.003172275,620063.9882941856,-111.254318,30U,0.007,0.004,0.004,0.04100110000010752,-0.016300815156668695,1.4509242506477906
1437748816352190,51.7613111931,-1.2602596714,111.254318,5735923.003172275,620063.9882941856,-111.254318,30U,0.007,0.004,0.003,0.04097156048926774,-0.016314818935076435,1.4509142781872557
1437748816443617,51.7613111931,-1.2602596714,111.254318,5735923.003172275,620063.9882941856,-111.254318,30U,0.006,0.003,0.003,0.04094986172697556,-0.01633770823008464,1.4509066958853185
1437748816546473,51.7613111931,-1.2602596714,111.254318,5735923.003172275,620063.9882941856,-111.254318,30U,0.006,0.003,0.004,0.040953916451459176,-0.016305568621973025,1.4508918287885229
1437748816653138,51.7613111931,-1.2602596714,111.254318,5735923.003172275,620063.9882941856,-111.254318,30U,0.007,0.003,0.003,0.04091810411558667,-0.016306060085746435,1.4508767629633026
1437748816759803,51.7613111931,-1.2602596714,111.254318,5735923.003172275,620063.9882941856,-111.254318,30U,0.006,0.003,0.004,0.04093408766110752,-0.01632703419605984,1.4508679192682816
1437748816866468,51.7613111931,-1.2602596714,111.254318,5735923.003172275,620063.9882941856,-111.254318,30U,0.006,0.002,0.005,0.04094180000054605,-0.01630490000029922,1.4508626000003952
1437748816973133,51.7613111931,-1.2602596715,111.254318,5735923.00317211,620063.9882872846,-111.254318,30U,0.007,0.003,0.005,0.0409675123446754,-0.016312327165155276,1.4508643576115292
1437748817079797,51.7613111931,-1.2602596715,111.254318,5735923.00317211,620063.9882872846,-111.254318,30U,0.007,0.003,0.004,0.04095867121179782,-0.016336554759435292,1.4508473493535339
1437748817186462,51.7613111931,-1.2602596715,111.254318,5735923.00317211,620063.9882872846,-111.254318,30U,0.006,0.003,0.006,0.04093643867546049,-0.01631203703558306,1.4508524423883522
1437748817289318,51.7613111931,-1.2602596715,111.254318,5735923.00317211,620063.9882872846,-111.254318,30U,0.007,0.003,0.004,0.040919595886895595,-0.016319868392513943,1.4508479069303795
1437748817380745,51.7613111931,-1.2602596715,111.254318,5735923.00317211,620063.9882872846,-111.254318,30U,0.007,0.003,0.005,0.04095592304951889,-0.01633394238900815,1.4508340876542174
1437748817472172,51.7613111931,-1.2602596715,111.254318,5735923.00317211,620063.9882872846,-111.254318,30U,0.006,0.004,0.006,0.04092824978434168,-0.01633516172663814,1.4508388563736996
1437748817563600,51.7613111931,-1.2602596715,111.254318,5735923.00317211,620063.9882872846,-111.254318,30U,0.007,0.004,0.005,0.04090476427962501,-0.016310465802923953,1.4508023974107926
1437748817655027,51.7613111931,-1.2602596715,111.254318,5735923.00317211,620063.9882872846,-111.254318,30U,0.007,0.001,0.005,0.04090988353976062,-0.016331690128874914,1.4508076218130526
1437748817759787,51.7613111931,-1.2602596715,111.254318,5735923.00317211,620063.9882872846,-111.254318,30U,0.007,0.003,0.005,0.040959172505265574,-0.01635289047923794,1.4508082493531669
1437748817866452,51.7613111931,-1.2602596715,111.254318,5735923.00317211,620063.9882872846,-111.254318,30U,0.007,0.003,0.005,0.04094969999953108,-0.016318000000096387,1.4507818000001274
1437748817957879,51.7613111931,-1.2602596715,111.254318,5735923.00317211,620063.9882872846,-111.254318,30U,0.007,0.003,0.005,0.040926794647493756,-0.01633430535291538,1.450796041150295
1437748818049306,51.7613111931,-1.2602596715,111.254318,5735923.00317211,620063.9882872846,-111.254318,30U,0.007,0.002,0.005,0.04092358613891665,-0.016350995887682983,1.4507738588724584
1437748818153114,51.7613111931,-1.2602596715,111.254318,5735923.00317211,620063.9882872846,-111.254318,30U,0.006,0.002,0.006,0.04093268230279519,-0.016337978187141364,1.450778554733171
1437748818259779,51.7613111931,-1.2602596715,111.254318,5735923.00317211,620063.9882872846,-111.254318,30U,0.007,0.004,0.005,0.040934301294643954,-0.016323424677143133,1.450769302817855
1437748818366444,51.7613111931,-1.2602596715,111.254318,5735923.00317211,620063.9882872846,-111.254318,30U,0.008,0.003,0.004,0.040891168719766675,-0.016350372431639563,1.4507612246905666
1437748818473109,51.7613111931,-1.2602596715,111.254318,5735923.00317211,620063.9882872846,-111.254318,30U,0.007,0.002,0.006,0.040913254733967966,-0.016348219337623763,1.450752053496729
1437748818579774,51.7613111931,-1.2602596715,111.254318,5735923.00317211,620063.9882872846,-111.254318,30U,0.009,0.002,0.006,0.040920256054194505,-0.016324991775117245,1.4507388534651309
1437748818686439,51.7613111931,-1.2602596715,111.254318,5735923.00317211,620063.9882872846,-111.254318,30U,0.009,0.002,0.005,0.040925685180085505,-0.016359525927838705,1.4507324452653803
1437748818793104,51.7613111931,-1.2602596716,111.254318,5735923.003171946,620063.9882803842,-111.254318,30U,0.008,0.002,0.007,0.04092088895595983,-0.016349201523405656,1.450716823381751
1437748818891436,51.7613111931,-1.2602596716,111.254318,5735923.003171946,620063.9882803842,-111.254318,30U,0.009,0.001,0.006,0.04090339999938195,-0.01633869999946945,1.4507081999996416
1437748818971434,51.7613111931,-1.2602596716,111.254318,5735923.003171946,620063.9882803842,-111.254318,30U,0.01,0.001,0.005,0.040928835396410936,-0.016350060085771296,1.4507053670789383
1437748819051432,51.7613111931,-1.2602596716,111.254318,5735923.003171946,620063.9882803842,-111.254318,30U,0.009,0.001,0.006,0.04092475194206249,-0.016380783549435805,1.4506897575784201
1437748819153098,51.7613111931,-1.2602596716,111.254318,5735923.003171946,620063.9882803842,-111.254318,30U,0.008,0.002,0.005,0.04091989340968252,-0.016339893410233404,1.4506870123448035
1437748819259763,51.7613111931,-1.2602596716,111.254318,5735923.003171946,620063.9882803842,-111.254318,30U,0.01,0.001,0.005,0.0409161876620375,-0.016344082025905267,1.4506855917742014
1437748819366428,51.7613111931,-1.2602596716,111.254318,5735923.003171946,620063.9882803842,-111.254318,30U,0.01,0.001,0.005,0.04090279712251574,-0.016382309468111544,1.4506840357992108
1437748819472140,51.7613111931,-1.2602596716,111.254318,5735923.003171946,620063.9882803842,-111.254318,30U,0.008,0.001,0.005,0.040948034157809204,-0.016367531683304435,1.450670549381772
1437748819563568,51.761311193,-1.2602596716,111.254318,5735923.003160825,620063.9882806493,-111.254318,30U,0.009,0.001,0.005,0.04095164394550662,-0.01634552185796098,1.4506717000005531
1437748819654995,51.761311193,-1.2602596716,111.254318,5735923.003160825,620063.9882806493,-111.254318,30U,0.009,0.002,0.005,0.040915124690200526,-0.016388325928711776,1.4506552028779374
1437748819759755,51.761311193,-1.2602596716,111.254318,5735923.003160825,620063.9882806493,-111.254318,30U,0.009,0.001,0.006,0.04085063724398023,-0.01635793853866671,1.4506388341958465
1437748819866420,51.761311193,-1.2602596716,111.254318,5735923.003160825,620063.9882806493,-111.254318,30U,0.009,-0.0,0.005,0.040897099999572764,-0.01636449999926983,1.4506612000002894
1437748819973085,51.761311193,-1.2602596716,111.254318,5735923.003160825,620063.9882806493,-111.254318,30U,0.009,0.0,0.006,0.040940706590166916,-0.016385332921173393,1.4506248810651483
1437748820077845,51.761311193,-1.2602596716,111.254318,5735923.003160825,620063.9882806493,-111.254318,30U,0.009,0.001,0.005,0.040950089185264986,-0.016371895887825692,1.4506341971824004
1437748820169272,51.761311193,-1.2602596716,111.254318,5735923.003160825,620063.9882806493,-111.254318,30U,0.009,0.002,0.005,0.04087923579895103,-0.016374982301894977,1.4506266316827476
1437748820260699,51.761311193,-1.2602596716,111.254318,5735923.003160825,620063.9882806493,-111.254318,30U,0.009,-0.001,0.006,0.040863534195662875,-0.016376912337596385,1.4505980205631517
1437748820366412,51.761311193,-1.2602596717,111.254318,5735923.003160661,620063.9882737483,-111.254318,30U,0.008,-0.001,0.005,0.040923491367538256,-0.016373001641173293,1.4506132588495912
1437748820472124,51.761311193,-1.2602596717,111.254318,5735923.003160661,620063.9882737483,-111.254318,30U,0.008,0.001,0.006,0.040944712345947716,-0.016364608230627402,1.450592486417309
1437748820563552,51.761311193,-1.2602596717,111.254318,5735923.003160661,620063.9882737483,-111.254318,30U,0.009,0.0,0.007,0.04091137684695929,-0.016375428788533566,1.4505817547594937
1437748820654979,51.761311193,-1.2602596717,111.254318,5735923.003160661,620063.9882737483,-111.254318,30U,0.009,0.0,0.006,0.04088258353942389,-0.016370304114386617,1.450585337035566
1437748820759739,51.761311193,-1.2602596717,111.254318,5735923.003160661,620063.9882737483,-111.254318,30U,0.008,-0.001,0.007,0.04091918613769242,-0.0163750958879227,1.4505622917744452
1437748820866404,51.761311193,-1.2602596717,111.254318,5735923.003160661,620063.9882737483,-111.254318,30U,0.009,-0.001,0.007,0.04094869999917351,-0.01637240000000019,1.4505680999998125
1437748820973069,51.761311193,-1.2602596717,111.254318,5735923.003160661,620063.9882737483,-111.254318,30U,0.009,0.001,0.006,0.040921576949043005,-0.016384362963168246,1.450549281063947
1437748821077830,51.761311193,-1.2602596717,111.254318,5735923.003160661,620063.9882737483,-111.254318,30U,0.008,-0.0,0.007,0.040885371210721104,-0.016377920563690713,1.4505492383086165
1437748821169256,51.761311193,-1.2602596717,111.254318,5735923.003160661,620063.9882737483,-111.254318,30U,0.009,-0.001,0.007,0.04091216543907521,-0.016371350619042102,1.450556124690185
1437748821260683,51.761311193,-1.2602596717,111.254318,5735923.003160661,620063.9882737483,-111.254318,30U,0.008,-0.001,0.007,0.04095186016736633,-0.01637198766247375,1.4505369000001758
1437748821366396,51.761311193,-1.2602596718,111.254318,5735923.003160495,620063.9882668479,-111.254318,30U,0.009,0.001,0.007,0.04093310164083726,-0.01637262057471106,1.4505345246908392
1437748821472108,51.761311193,-1.2602596718,111.254318,5735923.003160495,620063.9882668479,-111.254318,30U,0.009,0.0,0.007,0.04088227407160356,-0.016369662964195238,1.4505255958848373
1437748821563536,51.7613111929,-1.2602596718,111.254318,5735923.003149376,620063.988267113,-111.254318,30U,0.009,-0.001,0.007,0.040878356055269585,-0.016374808226246044,1.4505141082254391
1437748821654963,51.7613111929,-1.2602596718,111.254318,5735923.003149376,620063.988267113,-111.254318,30U,0.009,-0.002,0.007,0.04093361070451085,-0.01637731234611699,1.450514237035974
1437748821759723,51.7613111929,-1.2602596718,111.254318,5735923.003149376,620063.988267113,-111.254318,30U,0.009,-0.0,0.007,0.04093261645152251,-0.016383532902029287,1.4505033534647005
1437748821866388,51.7613111929,-1.2602596718,111.254318,5735923.003149376,620063.988267113,-111.254318,30U,0.009,-0.0,0.007,0.04090280000056368,-0.01638719999935802,1.4504881999995172
1437748821973053,51.7613111929,-1.2602596719,111.254318,5735923.003149212,620063.988260212,-111.254318,30U,0.009,-0.001,0.007,0.04088197942511924,-0.016392987654274632,1.4504818794240217
1437748822077813,51.7613111929,-1.2602596719,111.254318,5735923.003149212,620063.988260212,-111.254318,30U,0.009,-0.002,0.006,0.040915356054536826,-0.016385774028707226,1.4504781794359631
1437748822169240,51.7613111929,-1.2602596719,111.254318,5735923.003149212,620063.988260212,-111.254318,30U,0.008,-0.001,0.006,0.040918150618139255,-0.01639703292081904,1.4504682658418935
1437748822260667,51.7613111929,-1.2602596719,111.254318,5735923.003149212,620063.988260212,-111.254318,30U,0.008,-0.001,0.007,0.040901567326872876,-0.016386402818476843,1.45045560411347
1437748822366380,51.7613111929,-1.2602596719,111.254318,5735923.003149212,620063.988260212,-111.254318,30U,0.008,-0.002,0.006,0.04090725844588323,-0.016382562963222762,1.4504532958841183
1437748822473045,51.7613111929,-1.2602596719,111.254318,5735923.003149212,620063.988260212,-111.254318,30U,0.008,-0.002,0.006,0.04094495884926995,-0.01640403539645354,1.450454625927983
1437748822579710,51.7613111929,-1.2602596719,111.254318,5735923.003149212,620063.988260212,-111.254318,30U,0.007,0.0,0.006,0.04096060281829555,-0.016418408224731614,1.4504330863676438
1437748822681375,51.7613111929,-1.2602596719,111.254318,5735923.003149212,620063.988260212,-111.254318,30U,0.007,0.0,0.006,0.040894162128730774,-0.01637386584095242,1.450427687654115
1437748822761374,51.7613111928,-1.260259672,111.254318,5735923.003137927,620063.9882535774,-111.254318,30U,0.009,-0.0,0.005,0.040856486367647764,-0.016407145011184576,1.4504273616911878
1437748822841373,51.7613111928,-1.260259672,111.254318,5735923.003137927,620063.9882535774,-111.254318,30U,0.008,-0.001,0.007,0.0408846000003392,-0.016434200000455576,1.4504123000006524
1437748822939704,51.7613111928,-1.260259672,111.254318,5735923.003137927,620063.9882535774,-111.254318,30U,0.007,-0.0,0.006,0.04094794650388352,-0.016412648144271857,1.4504152617266546
1437748823046369,51.7613111928,-1.260259672,111.254318,5735923.003137927,620063.9882535774,-111.254318,30U,0.009,0.002,0.006,0.040926130312348596,-0.016393223153295937,1.4504060945924528
1437748823153034,51.7613111928,-1.260259672,111.254318,5735923.003137927,620063.9882535774,-111.254318,30U,0.009,0.001,0.006,0.04086260575554997,-0.016441614820597833,1.4504081971225349
1437748823259699,51.7613111928,-1.260259672,111.254318,5735923.003137927,620063.9882535774,-111.254318,30U,0.008,-0.0,0.007,0.04087232444695678,-0.0164372591018674,1.4504011123389182
1437748823366364,51.7613111928,-1.260259672,111.254318,5735923.003137927,620063.9882535774,-111.254318,30U,0.007,-0.0,0.006,0.040945518935898886,-0.016401049380704143,1.4503840411513313
1437748823473029,51.7613111928,-1.260259672,111.254318,5735923.003137927,620063.9882535774,-111.254318,30U,0.009,0.002,0.006,0.04093768517914029,-0.016417767079776224,1.450393895884172
1437748823579694,51.7613111928,-1.2602596721,111.254318,5735923.003137761,620063.9882466764,-111.254318,30U,0.008,0.002,0.005,0.040862480959272474,-0.01644398766203843,1.4503746192688718
1437748823683502,51.7613111928,-1.2602596721,111.254318,5735923.003137761,620063.9882466764,-111.254318,30U,0.008,0.0,0.006,0.040863094245282346,-0.01642382345256579,1.4503744740714406
1437748823774929,51.7613111928,-1.2602596721,111.254318,5735923.003137761,620063.9882466764,-111.254318,30U,0.009,0.001,0.005,0.04092933267213075,-0.01643316016819382,1.450368657578449
1437748823866356,51.7613111927,-1.2602596722,111.254318,5735923.003126475,620063.9882400411,-111.254318,30U,0.008,0.002,0.005,0.04095590000070078,-0.016456000000571024,1.4503594999999248
1437748823973021,51.7613111927,-1.2602596722,111.254318,5735923.003126475,620063.9882400411,-111.254318,30U,0.008,0.003,0.005,0.04092532633166465,-0.016434174071844207,1.4503590465040437
1437748824077781,51.7613111927,-1.2602596722,111.254318,5735923.003126475,620063.9882400411,-111.254318,30U,0.009,0.001,0.005,0.04089552056386617,-0.016430143715647598,1.4503534246763499
1437748824169208,51.7613111927,-1.2602596722,111.254318,5735923.003126475,620063.9882400411,-111.254318,30U,0.009,0.001,0.005,0.04091054938112493,-0.016463264200544163,1.4503480876549744
1437748824260635,51.7613111927,-1.2602596722,111.254318,5735923.003126475,620063.9882400411,-111.254318,30U,0.008,0.002,0.007,0.04091231233820236,-0.01645911926871815,1.4503415329016716
1437748824352062,51.7613111927,-1.2602596722,111.254318,5735923.003126475,620063.9882400411,-111.254318,30U,0.009,0.003,0.007,0.040866112748590436,-0.016417832920576927,1.4503243041143439
1437748824443489,51.7613111927,-1.2602596722,111.254318,5735923.003126475,620063.9882400411,-111.254318,30U,0.009,0.002,0.006,0.040838969957040755,-0.016443444862895732,1.4503171876547467
1437748824546345,51.7613111927,-1.2602596723,111.254318,5735923.00312631,620063.9882331401,-111.254318,30U,0.008,0.001,0.007,0.04084574653471017,-0.016452904112854556,1.450301452171127
1437748824653010,51.7613111927,-1.2602596723,111.254318,5735923.00312631,620063.9882331401,-111.254318,30U,0.008,0.0,0.007,0.040899930043973555,-0.016445665841492783,1.4502894999993297
1437748824759675,51.7613111926,-1.2602596723,111.254318,5735923.00311519,620063.988233405,-111.254318,30U,0.009,0.002,0.006,0.04089878636636664,-0.016435299999452632,1.4502962863665507
1437748824866340,51.7613111926,-1.2602596724,111.254318,5735923.003115025,620063.9882265048,-111.254318,30U,0.008,0.001,0.007,0.04086709999931781,-0.016437599999576898,1.4502885999993569
1437748824973005,51.7613111926,-1.2602596724,111.254318,5735923.003115025,620063.9882265048,-111.254318,30U,0.008,0.0,0.007,0.04087339300733802,-0.01642848353926448,1.450301383539545
1437748825079670,51.7613111926,-1.2602596724,111.254318,5735923.003115025,620063.9882265048,-111.254318,30U,0.008,0.001,0.006,0.04091601904054248,-0.01643706298620067,1.4502923316075453
1437748825186335,51.7613111926,-1.2602596724,111.254318,5735923.003115025,620063.9882265048,-111.254318,30U,0.008,0.001,0.007,0.04093147283500212,-0.0164477000000467,1.4502866629648852
1437748825289190,51.7613111926,-1.2602596724,111.254318,5735923.003115025,620063.9882265048,-111.254318,30U,0.008,0.002,0.006,0.040905966033062784,-0.016445242651509054,1.4502784958868913
1437748825380617,51.7613111926,-1.2602596724,111.254318,5735923.003115025,620063.9882265048,-111.254318,30U,0.008,0.001,0.006,0.04088810123728378,-0.016449665841177713,1.4502558699568315
1437748825472044,51.7613111926,-1.2602596725,111.254318,5735923.003114861,620063.9882196038,-111.254318,30U,0.007,0.001,0.006,0.04089708765485896,-0.01645885185635148,1.450240708231005
1437748825563472,51.7613111925,-1.2602596725,111.254318,5735923.0031037405,620063.9882198689,-111.254318,30U,0.008,0.002,0.006,0.04091705064706746,-0.016465071211477254,1.4502350987061368
1437748825654899,51.7613111925,-1.2602596726,111.254318,5735923.003103577,620063.9882129678,-111.254318,30U,0.008,0.002,0.006,0.040890523454088924,-0.016472254733605723,1.4502187111081677
1437748825759659,51.7613111925,-1.2602596726,111.254318,5735923.003103577,620063.9882129678,-111.254318,30U,0.008,0.002,0.006,0.040864957577990385,-0.016481616451075286,1.4502100383088055
1437748825866324,51.7613111925,-1.2602596726,111.254318,5735923.003103577,620063.9882129678,-111.254318,30U,0.008,0.001,0.006,0.040874799999278524,-0.016480199999450235,1.4502092999996254
1437748825957751,51.7613111924,-1.2602596727,111.254318,5735923.003092291,620063.9882063325,-111.254318,30U,0.007,0.002,0.005,0.04089916831596547,-0.0164665440285105,1.450208724690235
1437748826049178,51.7613111924,-1.2602596727,111.254318,5735923.003092291,620063.9882063325,-111.254318,30U,0.008,0.002,0.006,0.040875626199749174,-0.016474434196055855,1.4502055506466747
1437748826152987,51.7613111924,-1.2602596727,111.254318,5735923.003092291,620063.9882063325,-111.254318,30U,0.007,0.002,0.005,0.04085118641706535,-0.016480162963563506,1.4501903905317868
1437748826259652,51.7613111924,-1.2602596727,111.254318,5735923.003092291,620063.9882063325,-111.254318,30U,0.007,0.001,0.006,0.040833383549058876,-0.01646411104302388,1.4501961547608944
1437748826366316,51.7613111924,-1.2602596727,111.254318,5735923.003092291,620063.9882063325,-111.254318,30U,0.008,0.0,0.005,0.040851838273106365,-0.016465834157725154,1.4501833658416015
1437748826472981,51.7613111924,-1.2602596728,111.254318,5735923.003092127,620063.9881994321,-111.254318,30U,0.008,0.001,0.005,0.04085595473337629,-0.016470031683302844,1.4501741452654178
1437748826579646,51.7613111923,-1.2602596728,111.254311,5735923.003081005,620063.9881996979,-111.254311,30U,0.007,0.001,0.005,0.040850083548747,-0.016461146534966855,1.4501828753237964
1437748826686311,51.7613111923,-1.2602596729,111.254311,5735923.003080841,620063.9881927969,-111.254311,30U,0.008,0.0,0.004,0.04085116296333087,-0.016456571194475324,1.4501789999999615
1437748826792976,51.7613111923,-1.2602596729,111.254311,5735923.003080841,620063.9881927969,-111.254311,30U,0.008,0.0,0.004,0.04089075194212261,-0.01646337943590803,1.450180583549409
1437748826891308,51.7613111922,-1.260259673,111.254311,5735923.003069555,620063.9881861616,-111.254311,30U,0.008,0.001,0.005,0.040922300000554857,-0.016467499999447025,1.4501721999999733
1437748826971307,51.7613111922,-1.260259673,111.254311,5735923.003069555,620063.9881861616,-111.254311,30U,0.009,0.001,0.004,0.0409204440296456,-0.01646789177001356,1.450163495884169
1437748827051305,51.7613111922,-1.260259673,111.254311,5735923.003069555,620063.9881861616,-111.254311,30U,0.008,0.001,0.004,0.04091284242262146,-0.01647529718108582,1.450149156283469
1437748827152971,51.7613111922,-1.2602596731,111.254311,5735923.0030693915,620063.9881792606,-111.254311,30U,0.008,0.001,0.004,0.04090780000060617,-0.016484550618328594,1.450138104115135
1437748827259636,51.7613111922,-1.2602596731,111.254311,5735923.0030693915,620063.9881792606,-111.254311,30U,0.008,0.002,0.004,0.04092130822593407,-0.016481216451281325,1.4501276164508587
1437748827366300,51.7613111922,-1.2602596731,111.254311,5735923.0030693915,620063.9881792606,-111.254311,30U,0.009,0.002,0.004,0.04089849999972428,-0.016487793007237145,1.4501160000001243
1437748827472012,51.7613111921,-1.2602596732,111.254311,5735923.003058107,620063.9881726253,-111.254311,30U,0.008,0.002,0.004,0.04087830699231899,-0.016500821813308794,1.4501066699568899
1437748827563440,51.7613111921,-1.2602596732,111.254311,5735923.003058107,620063.9881726253,-111.254311,30U,0.008,0.001,0.003,0.04086699177494155,-0.016504400000074772,1.4501014670989738
1437748827654867,51.761311192,-1.2602596733,111.254311,5735923.003046821,620063.9881659894,-111.254311,30U,0.008,0.001,0.003,0.04087828641663243,-0.016502991768950495,1.4500957958854435
1437748827759627,51.761311192,-1.2602596734,111.254311,5735923.003046656,620063.9881590883,-111.254311,30U,0.008,0.002,0.003,0.04088181645150967,-0.016514980730543086,1.4500902012953578
1437748827866292,51.761311192,-1.2602596735,111.254311,5735923.003046491,620063.988152188,-111.254311,30U,0.008,0.001,0.003,0.04086550000014197,-0.01651630000049006,1.4500835000007208
1437748827972957,51.7613111919,-1.2602596735,111.254311,5735923.00303537,620063.988152453,-111.254311,30U,0.008,0.001,0.003,0.040874095884589054,-0.01651640411461593,1.4500767370366194
1437748828077717,51.7613111919,-1.2602596735,111.254311,5735923.00303537,620063.988152453,-111.254311,30U,0.008,0.001,0.003,0.0408805383085012,-0.01652416427956662,1.4500794082246424
1437748828169145,51.7613111919,-1.2602596735,111.254311,5735923.00303537,620063.988152453,-111.254311,30U,0.008,0.001,0.003,0.040880356373634644,-0.01652619176921747,1.4500738123447585
1437748828260572,51.7613111919,-1.2602596736,111.254311,5735923.003035205,620063.988145552,-111.254311,30U,0.008,0.001,0.003,0.04086530411311337,-0.016534713632505645,1.45007088636659
1437748828366284,51.7613111919,-1.2602596736,111.254311,5735923.003035205,620063.988145552,-111.254311,30U,0.007,0.001,0.004,0.040859204115819156,-0.016531298763179096,1.4500706300423003
1437748828471996,51.7613111918,-1.2602596737,111.254311,5735923.003023919,620063.9881389174,-111.254311,30U,0.007,0.0,0.004,0.04089075185660147,-0.016519917698019644,1.4500654987620822
1437748828563424,51.7613111918,-1.2602596738,111.254311,5735923.003023755,620063.9881320157,-111.254311,30U,0.008,0.001,0.004,0.04090681645172214,-0.016513797182634737,1.450060437014036
1437748828654851,51.7613111917,-1.2602596739,111.254311,5735923.003012472,620063.9881253812,-111.254311,30U,0.009,0.002,0.003,0.040881030445971696,-0.016548397122051698,1.4500418041145609
1437748828759611,51.7613111916,-1.260259674,111.254303,5735923.003001185,620063.9881187452,-111.254303,30U,0.008,0.001,0.004,0.040841106931195574,-0.01654768507309544,1.4500344069309707
1437748828866276,51.7613111916,-1.2602596741,111.254303,5735923.003001021,620063.9881118449,-111.254303,30U,0.007,-0.0,0.003,0.04085389999913582,-0.016503299999332387,1.4500251999997713
1437748828972941,51.7613111915,-1.2602596741,111.254303,5735923.002989899,620063.98811211,-111.254303,30U,0.009,-0.0,0.001,0.04091314486374622,-0.016537514819632584,1.4500152370355734
1437748829077702,51.7613111915,-1.2602596742,111.254303,5735923.002989735,620063.9881052088,-111.254303,30U,0.007,0.001,0.003,0.0409009863678514,-0.016552002818697342,1.450012728789744
1437748829169129,51.7613111915,-1.2602596742,111.254303,5735923.002989735,620063.9881052088,-111.254303,30U,0.007,0.001,0.003,0.04085678641767145,-0.016516451022084908,1.4500089481430394
1437748829260556,51.7613111915,-1.2602596742,111.254303,5735923.002989735,620063.9881052088,-111.254303,30U,0.008,-0.0,0.001,0.04087135605451197,-0.016521953237129003,1.4500037041128062
1437748829366268,51.7613111914,-1.2602596743,111.254303,5735923.00297845,620063.9880985736,-111.254303,30U,0.008,0.0,0.002,0.04090863292059444,-0.01656237942418299,1.4499945069921023
1437748829471980,51.7613111914,-1.2602596744,111.254303,5735923.002978285,620063.9880916725,-111.254303,30U,0.007,0.002,0.002,0.04086500040313425,-0.016500796287868488,1.4499930753089887
1437748829563408,51.7613111913,-1.2602596745,111.254303,5735923.002967001,620063.9880850373,-111.254303,30U,0.009,0.0,-0.001,0.04081714935331349,-0.016515413404645976,1.4499726740296985
1437748829654835,51.7613111912,-1.2602596747,111.254303,5735923.00295555,620063.988071501,-111.254303,30U,0.008,-0.003,0.002,0.04085406791377249,-0.016578875309360436,1.4499692999993312
1437748829759595,51.7613111911,-1.2602596748,111.254303,5735923.002944265,620063.9880648657,-111.254303,30U,0.007,-0.001,0.001,0.04093947121121577,-0.01652595780783124,1.449961111043635
1437748829866260,51.761311191,-1.2602596749,111.254303,5735923.002932979,620063.9880582305,-111.254303,30U,0.009,0.001,-0.001,0.04089629999998484,-0.016528799999723627,1.4499485999999584
1437748829972925,51.761311191,-1.260259675,111.254303,5735923.002932814,620063.9880513294,-111.254303,30U,0.008,0.0,-0.0,0.04080675925119673,-0.016586290129502693,1.4499281357980578
1437748830077686,51.761311191,-1.260259675,111.254303,5735923.002932814,620063.9880513294,-111.254303,30U,0.006,-0.001,0.001,0.040852306473386175,-0.016553198934721635,1.4499151041121927
1437748830169113,51.7613111909,-1.2602596751,111.254295,5735923.002921531,620063.9880446941,-111.254295,30U,0.008,-0.002,-0.0,0.04093366707864569,-0.016528425928541035,1.4499155205756775
1437748830260540,51.7613111909,-1.2602596751,111.254295,5735923.002921531,620063.9880446941,-111.254295,30U,0.008,0.002,-0.0,0.040915672734057634,-0.016578257349358826,1.4499107822545954
1437748830366253,51.7613111908,-1.2602596752,111.254295,5735923.002910245,620063.9880380589,-111.254295,30U,0.007,0.002,-0.0,0.04080957858974789,-0.016553068719196803,1.44990568353873
1437748830472917,51.7613111907,-1.2602596754,111.254295,5735923.002898794,620063.9880245219,-111.254295,30U,0.007,0.0,-0.0,0.040816725524539244,-0.016547967079905322,1.449897562963289
1437748830579582,51.7613111906,-1.2602596755,111.254295,5735923.002887509,620063.9880178866,-111.254295,30U,0.007,-0.001,0.0,0.04092758743363588,-0.016546790480152725,1.4498899452398946
1437748830681247,51.7613111905,-1.2602596757,111.254295,5735923.00287606,620063.988004351,-111.254295,30U,0.009,0.002,-0.003,0.04097489424441731,-0.016568598360429745,1.4498746810649858
1437748830761246,51.7613111904,-1.2602596759,111.254295,5735923.00286461,620063.9879908147,-111.254295,30U,0.007,0.003,0.0,0.04092206626082545,-0.016606045240779983,1.4498645287884147
1437748830841245,51.7613111903,-1.2602596761,111.254295,5735923.002853161,620063.9879772784,-111.254295,30U,0.009,0.001,-0.001,0.04082160000050194,-0.01654710000033293,1.449859499999166
1437748830939576,51.7613111902,-1.2602596762,111.254288,5735923.002841874,620063.9879706424,-111.254288,30U,0.009,0.0,-0.003,0.04090680535317342,-0.01658659136635027,1.4498339164603353
1437748831046242,51.7613111902,-1.2602596763,111.254288,5735923.002841709,620063.9879637421,-111.254288,30U,0.009,0.002,0.001,0.04092609306876768,-0.016592805635586606,1.449841194593272
1437748831152907,51.7613111901,-1.2602596763,111.254288,5735923.002830589,620063.9879640071,-111.254288,30U,0.008,0.002,-0.002,0.04092156336689077,-0.016560557611112515,1.4498346493816845
1437748831259572,51.76131119,-1.2602596764,111.254288,5735923.002819304,620063.9879573719,-111.254288,30U,0.008,0.001,-0.002,0.040878124676970655,-0.016583734196042248,1.4498339151565747
1437748831366237,51.76131119,-1.2602596765,111.254288,5735923.0028191395,620063.9879504715,-111.254288,30U,0.008,0.001,-0.001,0.04090280535174317,-0.01657802057624717,1.449821532921687
1437748831472902,51.7613111898,-1.2602596767,111.254288,5735923.002796569,620063.9879371997,-111.254288,30U,0.009,0.001,-0.001,0.0409263930070903,-0.0165797465044192,1.4498119193374985
1437748831579566,51.7613111897,-1.2602596769,111.254288,5735923.002785119,620063.987923664,-111.254288,30U,0.009,0.001,-0.001,0.04093121515633669,-0.016585305407757402,1.4498069287884139
1437748831683374,51.7613111895,-1.2602596772,111.25428,5735923.002762384,620063.9879034924,-111.25428,30U,0.009,0.002,-0.0,0.040894911107108675,-0.01660865061941814,1.4498015493817171
1437748831774801,51.7613111893,-1.2602596775,111.25428,5735923.002739648,620063.9878833201,-111.25428,30U,0.009,0.001,-0.001,0.04088250822497601,-0.01658899588726212,1.449792794592023
1437748831866228,51.7613111892,-1.2602596777,111.25428,5735923.002728199,620063.9878697845,-111.25428,30U,0.009,0.001,-0.0,0.04089550000039693,-0.016597500000551806,1.4497773999991315
1437748831972893,51.7613111891,-1.2602596779,111.25428,5735923.002716749,620063.9878562482,-111.25428,30U,0.009,0.001,-0.0,0.04090204526608991,-0.016598537036796097,1.4497806999996135
1437748832077653,51.761311189,-1.260259678,111.25428,5735923.002705463,620063.9878496123,-111.25428,30U,0.008,0.002,-0.001,0.0408973753095543,-0.016600991770830527,1.4497701493795654
1437748832169081,51.7613111889,-1.2602596781,111.25428,5735923.002694179,620063.9878429769,-111.25428,30U,0.008,0.001,-0.001,0.04088234650276752,-0.01659140823073968,1.4497624164609495
1437748832260508,51.7613111888,-1.2602596782,111.254272,5735923.002682894,620063.9878363416,-111.254272,30U,0.009,0.001,-0.001,0.04091167250573457,-0.016604984843303652,1.4497582958869386
1437748832351935,51.7613111887,-1.2602596784,111.254272,5735923.002671444,620063.9878228054,-111.254272,30U,0.009,0.002,-0.001,0.04091164115089456,-0.01661024938115554,1.4497447781862185
1437748832443362,51.7613111885,-1.2602596787,111.254272,5735923.0026487075,620063.9878026338,-111.254272,30U,0.009,0.002,-0.001,0.040895919338438995,-0.01659553991377134,1.4497438205746722
1437748832546218,51.7613111883,-1.260259679,111.254272,5735923.002625973,620063.9877824622,-111.254272,30U,0.009,0.001,-0.001,0.040862102875577934,-0.01659714115038562,1.449741590530835
1437748832652882,51.761311188,-1.2602596794,111.254265,5735923.002591954,620063.9877556553,-111.254265,30U,0.009,-0.0,-0.001,0.04089572964034792,-0.016623451856214413,1.4497224753096216
1437748832759547,51.7613111878,-1.2602596798,111.254265,5735923.002569053,620063.9877285827,-111.254265,30U,0.009,-0.0,-0.001,0.04094192185768909,-0.016617619269541535,1.4497223822539016
1437748832866212,51.7613111875,-1.2602596801,111.254265,5735923.002535196,620063.9877086761,-111.254265,30U,0.009,0.002,-0.002,0.04095829999946454,-0.01661219999952481,1.4497015000002667
1437748832972877,51.7613111873,-1.2602596804,111.254257,5735923.002512462,620063.9876885039,-111.254257,30U,0.009,0.002,-0.002,0.04088944978338363,-0.01661297119419876,1.4497112588482088
1437748833079542,51.7613111872,-1.2602596806,111.254257,5735923.002501011,620063.9876749683,-111.254257,30U,0.009,0.002,-0.001,0.04087395061909008,-0.016616437035866113,1.4497020234506894
1437748833186207,51.7613111871,-1.2602596807,111.254257,5735923.002489727,620063.987668333,-111.254257,30U,0.009,-0.0,-0.001,0.04092144074878416,-0.01661676008583868,1.4496758917702632
1437748833289063,51.7613111869,-1.2602596809,111.254257,5735923.002467157,620063.9876550618,-111.254257,30U,0.008,0.001,-0.001,0.04096862597120325,-0.016615941126739097,1.4496991917744058
1437748833380490,51.7613111867,-1.2602596812,111.25425,5735923.00244442,620063.9876348895,-111.25425,30U,0.009,0.003,-0.002,0.040931163367181785,-0.016609984777023634,1.449667409869779
1437748833471917,51.7613111865,-1.2602596816,111.25425,5735923.002421522,620063.9876078176,-111.25425,30U,0.008,0.001,-0.001,0.04089414526535955,-0.01662983827251086,1.4496641600859104
1437748833563344,51.7613111861,-1.2602596821,111.254242,5735923.002376216,620063.9875743748,-111.254242,30U,0.008,0.001,-0.001,0.04092933252377776,-0.016623469955278754,1.4496726152200254
1437748833654771,51.7613111857,-1.2602596826,111.254242,5735923.00233091,620063.9875409326,-111.254242,30U,0.009,0.002,-0.002,0.040968316459749694,-0.016633151856890255,1.4496312617273226
1437748833759531,51.7613111853,-1.2602596832,111.254234,5735923.00228544,620063.9875005888,-111.254234,30U,0.008,0.003,-0.001,0.04093927966482103,-0.016640772505456532,1.449647172504831
1437748833866196,51.761311185,-1.2602596836,111.254234,5735923.002251418,620063.9874737819,-111.254234,30U,0.008,0.003,-0.001,0.040867000000678326,-0.01664410000011007,1.4496153000001626
1437748833957623,51.7613111847,-1.2602596841,111.254227,5735923.002217234,620063.9874400734,-111.254227,30U,0.007,0.0,-0.001,0.04086472305111748,-0.016626654734359356,1.449607871194697
1437748834049050,51.7613111844,-1.2602596844,111.254227,5735923.002183379,620063.9874201675,-111.254227,30U,0.007,0.001,-0.002,0.0409240024749924,-0.016640472430998237,1.449615102877441
1437748834152859,51.7613111842,-1.2602596846,111.254227,5735923.002160807,620063.9874068963,-111.254227,30U,0.007,0.002,-0.001,0.04094391646010084,-0.01664002057572687,1.4495883082302075
1437748834259524,51.761311184,-1.2602596849,111.254219,5735923.002138073,620063.9873867247,-111.254219,30U,0.008,0.002,-0.001,0.04091047273499082,-0.016624334196945784,1.4496014917736804
1437748834366189,51.7613111836,-1.2602596854,111.254219,5735923.002092767,620063.9873532819,-111.254219,30U,0.008,0.001,-0.002,0.040892916461063696,-0.016633488892186122,1.4495912152226846
1437748834472854,51.7613111832,-1.260259686,111.254211,5735923.002047298,620063.9873129387,-111.254211,30U,0.008,0.001,-0.001,0.040919771194746976,-0.01664172592821235,1.4495739588486827
1437748834579518,51.7613111827,-1.2602596867,111.254204,5735923.001990542,620063.9872659603,-111.254204,30U,0.008,0.002,-0.001,0.04095647243204352,-0.016632946503195797,1.449575328806482
1437748834686183,51.761311182,-1.2602596875,111.254196,5735923.001911379,620063.9872126109,-111.254196,30U,0.008,0.003,-0.002,0.04094776995684835,-0.016644276547145224,1.4495530111085493
1437748834792848,51.7613111814,-1.2602596883,111.254196,5735923.001843339,620063.9871589965,-111.254196,30U,0.008,0.002,-0.001,0.04093729741061372,-0.016648646533942296,1.4495444411265332
1437748834891180,51.7613111809,-1.260259689,111.254189,5735923.001786583,620063.987112018,-111.254189,30U,0.008,0.002,-0.001,0.04091860000027907,-0.016641900000370625,1.4495370000007888
1437748834971179,51.7613111803,-1.2602596897,111.254181,5735923.001718707,620063.987065304,-111.254181,30U,0.008,0.001,-0.001,0.040937362963435094,-0.016650432920319615,1.449516691770237
1437748835051177,51.7613111799,-1.2602596902,111.254173,5735923.0016734,620063.9870318619,-111.254173,30U,0.009,0.002,-0.001,0.040957142388894203,-0.01663935884810361,1.4495262876550417
1437748835152843,51.7613111796,-1.2602596905,111.254173,5735923.001639546,620063.9870119547,-111.254173,30U,0.01,0.002,-0.001,0.04090769340985809,-0.016652575308485778,1.4495162646043933
1437748835259507,51.7613111791,-1.2602596911,111.254166,5735923.001582954,620063.9869718772,-111.254166,30U,0.009,0.001,-0.0,0.040907547828454516,-0.016649479436477273,1.4495203287885612
1437748835366173,51.7613111786,-1.2602596918,111.254158,5735923.0015262,620063.9869248981,-111.254158,30U,0.009,0.001,-0.001,0.04092572181280118,-0.01663939588573567,1.4495219193385247
1437748835471885,51.7613111778,-1.2602596926,111.25415,5735923.001435917,620063.9868718145,-111.25415,30U,0.009,0.002,-0.001,0.040958125927306265,-0.016648054732935517,1.4494995699576299
1437748835563313,51.7613111769,-1.2602596937,111.254143,5735923.00133402,620063.9867982935,-111.254143,30U,0.009,0.003,-0.001,0.04091870575501444,-0.01664554938086212,1.4494989288056932
1437748835654740,51.7613111759,-1.260259695,111.254135,5735923.001220671,620063.986711237,-111.254135,30U,0.009,0.002,-0.001,0.04091002305090904,-0.016644279425193163,1.4494789028769117
1437748835759499,51.7613111749,-1.2602596961,111.25412,5735923.001107657,620063.9866379811,-111.25412,30U,0.009,0.001,-0.001,0.040929778141242386,-0.016645741127969734,1.4494741712107697
1437748835866164,51.761311174,-1.2602596972,111.254112,5735923.001005759,620063.9865644608,-111.254112,30U,0.01,0.003,-0.002,0.04094479999987341,-0.016657999999495157,1.4494735000007728
1437748835972829,51.7613111731,-1.2602596982,111.254105,5735923.000904027,620063.9864978408,-111.254105,30U,0.009,0.003,-0.001,0.040915842791958625,-0.016665537036318286,1.4494524794245587
1437748836077590,51.7613111724,-1.2602596989,111.254097,5735923.000825031,620063.9864513925,-111.254097,30U,0.009,0.004,-0.002,0.040903550619551074,-0.01664574238809745,1.4494544164607757
1437748836169017,51.7613111718,-1.2602596994,111.254089,5735923.000757485,620063.9864184812,-111.254089,30U,0.009,0.003,-0.002,0.040917569957569094,-0.01666669588432706,1.4494438794246247
1437748836260444,51.761311171,-1.2602597002,111.254082,5735923.000667201,620063.986365397,-111.254082,30U,0.008,0.004,-0.001,0.040924687432948005,-0.01667122467688744,1.449448095887025
1437748836366157,51.76131117,-1.2602597012,111.254066,5735923.000554348,620063.9862990421,-111.254066,30U,0.008,0.004,-0.001,0.04093477159630018,-0.016655986416627792,1.4494374670797172
1437748836471869,51.7613111688,-1.2602597025,111.254059,5735923.000418761,620063.9862125163,-111.254059,30U,0.008,0.004,-0.003,0.04091674362619875,-0.016668476546024436,1.4494312547338337
1437748836563296,51.7613111673,-1.260259704,111.254044,5735923.000249482,620063.9861129837,-111.254044,30U,0.008,0.004,-0.001,0.040893245661576545,-0.01668321521974834,1.4494204576104637
1437748836654724,51.7613111655,-1.2602597057,111.254028,5735923.000046511,620063.9860004468,-111.254028,30U,0.007,0.004,-0.001,0.04087573703513799,-0.016667339914311706,1.449409120574725
1437748836759484,51.7613111639,-1.2602597074,111.254013,5735922.999865783,620063.985887378,-111.254013,30U,0.008,0.003,-0.003,0.040898619039905916,-0.016653075324372525,1.4494013411273767
1437748836866148,51.7613111623,-1.2602597089,111.253998,5735922.9996853825,620063.9857881117,-111.253998,30U,0.008,0.004,-0.001,0.04095919999943728,-0.016689600000671274,1.4493881000002562
1437748836972813,51.7613111608,-1.2602597102,111.253983,5735922.999516434,620063.9857023811,-111.253983,30U,0.008,0.005,-0.002,0.04098725349680933,-0.016677931683987544,1.4493739452665761
1437748837077573,51.7613111596,-1.260259711,111.253967,5735922.999381669,620063.9856503584,-111.253967,30U,0.008,0.005,-0.002,0.0409344740700226,-0.016687302478914548,1.4493801288058004
1437748837169001,51.7613111586,-1.2602597117,111.253952,5735922.99926931,620063.9856047066,-111.253952,30U,0.009,0.005,-0.001,0.04095619176913717,-0.016687898761926844,1.4493824604888867
1437748837260428,51.7613111573,-1.2602597126,111.253944,5735922.99912326,620063.9855460479,-111.253944,30U,0.008,0.005,-0.004,0.0409879683923976,-0.016684446533827658,1.449361467097921
1437748837366141,51.7613111556,-1.2602597138,111.253929,5735922.998932234,620063.9854677492,-111.253929,30U,0.008,0.006,-0.001,0.04094689093573323,-0.016683394648322088,1.4493698946471072
1437748837471853,51.7613111537,-1.2602597152,111.253906,5735922.998718638,620063.9853761791,-111.253906,30U,0.008,0.006,-0.001,0.040959312344535904,-0.016694646503266356,1.4493403522582193
1437748837563281,51.7613111513,-1.260259717,111.253891,5735922.99844878,620063.9852583323,-111.253891,30U,0.008,0.005,-0.002,0.040949158453534786,-0.016690990530666278,1.4493384600891814
1437748837654708,51.7613111485,-1.2602597192,111.253868,5735922.998133779,620063.9851139444,-111.253868,30U,0.008,0.006,-0.001,0.040996219338697966,-0.01670445309294495,1.449332064604154
1437748837759468,51.7613111459,-1.2602597211,111.253845,5735922.997841514,620063.9849897274,-111.253845,30U,0.008,0.007,-0.001,0.04098739306904429,-0.016694028789356174,1.4493121876619135
1437748837866132,51.7613111435,-1.2602597226,111.25383,5735922.997572151,620063.984892583,-111.25383,30U,0.008,0.007,-0.002,0.0409491999993523,-0.016676900000668068,1.4493133000003888
1437748837972797,51.7613111412,-1.2602597238,111.253807,5735922.997314399,620063.9848158759,-111.253807,30U,0.009,0.007,-0.002,0.0409614329213224,-0.016691504114742628,1.4492914728342232
1437748838077558,51.7613111396,-1.2602597243,111.253792,5735922.997135646,620063.9847856171,-111.253792,30U,0.008,0.007,-0.003,0.040951720179743016,-0.016693550619755675,1.4492887176993543
1437748838168985,51.7613111382,-1.2602597245,111.253784,5735922.996979629,620063.9847755292,-111.253784,30U,0.008,0.008,-0.002,0.04095885801438766,-0.016690420575945747,1.4492944999996007
1437748838260412,51.7613111365,-1.260259725,111.253769,5735922.996789754,620063.9847455362,-111.253769,30U,0.008,0.008,-0.002,0.04093513549046791,-0.016686431606741693,1.4492704727342123
1437748838366125,51.7613111344,-1.2602597259,111.253754,5735922.99655474,620063.9846890008,-111.253754,30U,0.008,0.007,-0.003,0.040901411941954895,-0.01669772633046305,1.449288891769767
1437748838472790,51.7613111318,-1.2602597269,111.253731,5735922.996263958,620063.9846268902,-111.253731,30U,0.007,0.007,-0.003,0.04098182304970408,-0.01668371522341778,1.4492599180999068
1437748838579455,51.7613111287,-1.2602597283,111.253708,5735922.995916912,620063.9845385035,-111.253708,30U,0.008,0.008,-0.003,0.04102306686940742,-0.016686668622454114,1.4492520670975497
1437748838681120,51.7613111253,-1.2602597299,111.253693,5735922.995536176,620063.984437112,-111.253693,30U,0.008,0.009,-0.004,0.04097241438811362,-0.01669522469070497,1.449245874072461
1437748838761118,51.7613111222,-1.2602597312,111.25367,5735922.995189296,620063.9843556264,-111.25367,30U,0.008,0.008,-0.003,0.04092969999936111,-0.016726437014111646,1.4492088069303777
1437748838841117,51.7613111197,-1.2602597319,111.253654,5735922.994910128,620063.9843139532,-111.253654,30U,0.007,0.006,-0.003,0.04095429999977961,-0.016708100000304895,1.4492299999992269
1437748838939448,51.7613111175,-1.2602597321,111.253639,5735922.994665144,620063.9843059884,-111.253639,30U,0.008,0.008,-0.004,0.04096083622990306,-0.016693869554241868,1.4492105139863043
1437748839046113,51.7613111165,-1.2602597315,111.253639,5735922.994554928,620063.9843500465,-111.253639,30U,0.007,0.007,-0.003,0.04094218964355622,-0.016715206930404465,1.4492042408977268
1437748839152779,51.761311116,-1.2602597305,111.253632,5735922.9945009705,620063.9844203799,-111.253632,30U,0.006,0.008,-0.003,0.04091999424433472,-0.0166965082302715,1.4492249275680205
1437748839259443,51.7613111152,-1.2602597298,111.253632,5735922.994413156,620063.9844708082,-111.253632,30U,0.006,0.006,-0.004,0.04091062185766744,-0.016697834197046808,1.4491937958875518
1437748839366109,51.761311114,-1.2602597294,111.253624,5735922.994280368,620063.9845015942,-111.253624,30U,0.006,0.007,-0.003,0.04099845844602996,-0.01669346584213259,1.4492221300425943
1437748839472774,51.7613111125,-1.2602597292,111.253616,5735922.994113888,620063.9845193762,-111.253616,30U,0.006,0.009,-0.002,0.04097876748258399,-0.016706716460353547,1.4491845880575078
1437748839579439,51.7613111106,-1.2602597293,111.253609,5735922.99390243,620063.984517516,-111.253609,30U,0.005,0.007,-0.003,0.04088844135657643,-0.01669851104271205,1.4491694915459084
1437748839683247,51.7613111084,-1.2602597296,111.253593,5735922.993657283,620063.9845026495,-111.253593,30U,0.005,0.007,-0.003,0.04091388149566499,-0.016685178186322067,1.4491863563744913
1437748839774674,51.7613111069,-1.2602597296,111.253593,5735922.993490473,620063.9845066295,-111.253593,30U,0.005,0.007,-0.003,0.040969558872377736,-0.01670101363192924,1.4491393987046093
1437748839866101,51.7613111064,-1.2602597289,111.253593,5735922.993436023,620063.9845562612,-111.253593,30U,0.005,0.009,-0.003,0.041000099999749955,-0.016709600000841242,1.4491569000006652
1437748839972766,51.7613111066,-1.2602597277,111.253593,5735922.993460239,620063.9846385405,-111.253593,30U,0.005,0.011,-0.003,0.040931019740546984,-0.016696906992627016,1.4491409399141149
1437748840077526,51.761311108,-1.2602597259,111.253601,5735922.993618892,620063.98475904,-111.253601,30U,0.005,0.008,-0.003,0.040896847829166444,-0.01671009177528326,1.4491272218583229
1437748840168953,51.7613111101,-1.2602597238,111.253609,5735922.993855882,620063.9848983843,-111.253609,30U,0.005,0.008,-0.004,0.04101101318053419,-0.016708593006949365,1.4491482658411476
1437748840260380,51.7613111119,-1.260259722,111.253624,5735922.994059017,620063.9850178228,-111.253624,30U,0.005,0.011,-0.004,0.04100918225509969,-0.01671526428017836,1.4491242233809225
1437748840351807,51.7613111133,-1.2602597206,111.253632,5735922.994217011,620063.9851107188,-111.253632,30U,0.005,0.012,-0.003,0.040923172000210416,-0.0167000699568373,1.44913593004249
1437748840443234,51.7613111143,-1.2602597193,111.253639,5735922.994330356,620063.985197776,-111.253639,30U,0.005,0.01,-0.005,0.040882706590372145,-0.016719402475033462,1.449113106993199
1437748840546090,51.761311115,-1.2602597183,111.253647,5735922.994409849,620063.9852649267,-111.253647,30U,0.004,0.009,-0.003,0.04092397380097812,-0.016716187890965222,1.4490993370138618
1437748840652755,51.7613111154,-1.2602597176,111.253647,5735922.994455483,620063.9853121709,-111.253647,30U,0.005,0.011,-0.005,0.040948812346017466,-0.016699367079586264,1.4490855905318925
1437748840759420,51.7613111165,-1.2602597165,111.253654,5735922.994579622,620063.9853851603,-111.253654,30U,0.005,0.01,-0.003,0.040899380959900214,-0.016699113861982397,1.4490988354917558
1437748840866085,51.7613111185,-1.2602597151,111.253662,5735922.994804338,620063.985476466,-111.253662,30U,0.005,0.008,-0.004,0.040939100000627816,-0.01668439999985914,1.4491147000005857
1437748840972750,51.7613111201,-1.2602597137,111.25367,5735922.994984573,620063.9855688319,-111.25367,30U,0.005,0.008,-0.005,0.04105631030227782,-0.016723232921217544,1.449068194646742
1437748841079414,51.7613111208,-1.260259713,111.253662,5735922.995063569,620063.9856152795,-111.253662,30U,0.005,0.01,-0.005,0.04113815064793415,-0.01673489306976038,1.4490765725064045
1437748841186079,51.7613111203,-1.260259713,111.253647,5735922.995007967,620063.9856166062,-111.253647,30U,0.005,0.012,-0.004,0.04102907323676859,-0.016741265841072734,1.4490554633669481
1437748841288935,51.7613111177,-1.2602597143,111.253601,5735922.99471669,620063.9855337939,-111.253601,30U,0.005,0.01,-0.006,0.04089226603270201,-0.016730982254654896,1.4490264452400612
1437748841380362,51.7613111126,-1.260259717,111.25354,5735922.994145093,620063.9853610033,-111.25354,30U,0.005,0.01,-0.003,0.04090389999956073,-0.01672973579809899,1.449030482301813
1437748841471789,51.7613111042,-1.2602597214,111.253441,5735922.9932037145,620063.9850796552,-111.253441,30U,0.006,0.01,-0.004,0.040889443625862026,-0.016729318934933797,1.4490113633665387
1437748841563217,51.7613110916,-1.2602597281,111.253296,5735922.991791486,620063.9846507316,-111.253296,30U,0.006,0.009,-0.005,0.040929962985572804,-0.016732858872809214,1.4490019547607984
1437748841654644,51.7613110732,-1.260259738,111.25309,5735922.989728989,620063.9840163718,-111.25309,30U,0.006,0.01,-0.003,0.0409585502151021,-0.016718969956264877,1.4490008534964378
1437748841759404,51.761311048,-1.2602597517,111.2528,5735922.986904036,620063.983137823,-111.2528,30U,0.007,0.011,-0.005,0.04095083572018193,-0.01672760693099854,1.4489716863673017
1437748841866069,51.7613110133,-1.2602597707,111.25238,5735922.983013897,620063.9819187364,-111.25238,30U,0.007,0.012,-0.003,0.04096469999965855,-0.01672639999916887,1.4489714000006595
1437748841957496,51.761310964,-1.2602597969,111.251755,5735922.97748829,620063.9802415291,-111.251755,30U,0.007,0.012,-0.004,0.04087663456197919,-0.016728043626340023,1.4489607617266858
1437748842048923,51.7613108933,-1.2602598344,111.250824,5735922.969564264,620063.9778413096,-111.250824,30U,0.007,0.01,-0.003,0.04092514653482642,-0.016723641127549645,1.4489329958874997
1437748842152731,51.761310791,-1.2602598889,111.24939,5735922.95809813,620063.974351795,-111.24939,30U,0.007,0.011,-0.004,0.040974316056978696,-0.016727857207722616,1.448951644028935
1437748842259395,51.7613106411,-1.2602599688,111.247192,5735922.94129676,620063.9692357692,-111.247192,30U,0.007,0.012,-0.003,0.040969880960673874,-0.016726071439191855,1.4489257274952456
1437748842366061,51.7613104407,-1.2602600762,111.24408,5735922.9188341955,620063.9623560096,-111.24408,30U,0.007,0.011,-0.003,0.04094451646066445,-0.01671754238863782,1.4489176724324833
1437748842472726,51.7613102258,-1.2602601859,111.240349,5735922.894755351,620063.9553560012,-111.240349,30U,0.007,0.01,-0.003,0.04093717654656302,-0.01674081482006875,1.4489146028782944
1437748842579391,51.7613100878,-1.2602602518,111.237297,5735922.879300383,620063.9511745116,-111.237297,30U,0.006,0.009,-0.004,0.04101572726597461,-0.016755325970926032,1.4488894670984476
1437748842686056,51.7613100854,-1.2602602454,111.23597,5735922.879044023,620063.9516225279,-111.23597,30U,0.006,0.012,-0.003,0.040977369123041965,-0.01666911438881688,1.448896506992196
1437748842792721,51.7613101877,-1.2602601855,111.236122,5735922.890519048,620063.9554846839,-111.236122,30U,0.006,0.013,-0.004,0.04085754417505549,-0.016514096344285835,1.4488620974106046
1437748842891053,51.7613103239,-1.2602601111,111.236755,5735922.905787837,620063.9602575139,-111.236755,30U,0.006,0.01,-0.003,0.04083049999984453,-0.016383599999467053,1.4489522000000774
1437748842971051,51.7613104643,-1.2602600243,111.237389,5735922.921544108,620063.9658748957,-111.237389,30U,0.005,0.01,-0.002,0.040889435394889276,-0.016259630849202185,1.4489568300426783
1437748843051050,51.7613106062,-1.2602599361,111.237976,5735922.937469492,620063.971584909,-111.237976,30U,0.005,0.01,-0.003,0.04094484219320808,-0.01617383983210157,1.4489893396029958
1437748843152715,51.7613107444,-1.2602598485,111.238396,5735922.952982425,620063.9772633343,-111.238396,30U,0.007,0.01,-0.004,0.04101072428840042,-0.016172075309463792,1.4489991699570772
1437748843259380,51.7613108754,-1.260259761,111.238403,5735922.967694508,620063.9829539601,-111.238403,30U,0.005,0.01,-0.003,0.04109742315247408,-0.016213395887002307,1.4489357768480062
1437748843366045,51.7613110135,-1.2602596681,111.23793,5735922.983205045,620063.9889983907,-111.23793,30U,0.006,0.011,-0.003,0.04106523292108751,-0.016193438677069613,1.4489489341574344
1437748843471757,51.7613111833,-1.2602595695,111.237144,5735923.002250209,620063.9953520641,-111.237144,30U,0.007,0.012,-0.004,0.04103052097865647,-0.01622373375490521,1.4489280181002626
1437748843563185,51.7613114209,-1.2602594607,111.236305,5735923.028851956,620064.0022297427,-111.236305,30U,0.008,0.011,-0.003,0.041013610815146456,-0.016304861461684007,1.4488895164511228
1437748843654612,51.7613115361,-1.260259445,111.239288,5735923.041688775,620064.0030075362,-111.239288,30U,0.007,0.011,-0.003,0.041010672834348734,-0.01608023286409138,1.4566481552649728
1437748843759372,51.7613113766,-1.2602595478,111.246216,5735923.023782123,620063.996336705,-111.246216,30U,0.006,0.01,-0.003,0.04095690563672649,-0.015843967555982445,1.4678623203773145
1437748843866037,51.7613113116,-1.2602595878,111.249611,5735923.016487857,620063.9937488445,-111.249611,30U,0.004,0.007,-0.003,0.04093699999952787,-0.015792800000101116,1.4716987000001764
1437748843972702,51.7613113038,-1.2602595927,111.249847,5735923.015612381,620063.9934314003,-111.249847,30U,0.003,0.006,-0.003,0.04100246132376282,-0.0157971357993888,1.4719830938410223
1437748844077462,51.7613112916,-1.2602596014,111.250343,5735923.0142413415,620063.9928634001,-111.250343,30U,0.003,0.008,-0.002,0.04102485064651751,-0.015795342421222495,1.4724743491959407
1437748844168889,51.7613112572,-1.2602596257,111.251732,5735923.010375837,620063.991277778,-111.251732,30U,-0.0,0.009,-0.001,0.04094173084885575,-0.015797764604866375,1.4738738096672253
1437748844260316,51.7613112138,-1.2602596566,111.253494,5735923.005498613,620063.9892605813,-111.253494,30U,-0.005,0.008,-0.001,0.0408464578069949,-0.01576178789039425,1.4756212923745184
1437748844366029,51.7613111934,-1.260259671,111.254326,5735923.003206296,620063.9883209924,-111.254326,30U,-0.006,0.006,-0.001,0.04082416667646393,-0.01572487818748119,1.476457292603629
1437748844471741,51.7613111934,-1.260259671,111.254326,5735923.003206296,620063.9883209924,-111.254326,30U,-0.005,0.006,-0.003,0.040897131281108945,-0.01573021481964849,1.4764593522596983
1437748844563169,51.7613111934,-1.260259671,111.254326,5735923.003206296,620063.9883209924,-111.254326,30U,-0.005,0.007,-0.002,0.04092735064656158,-0.015757878141684944,1.4764424341968279
1437748844654596,51.7613111934,-1.260259671,111.254326,5735923.003206296,620063.9883209924,-111.254326,30U,-0.005,0.007,-0.001,0.040908395885683395,-0.015731461726499345,1.4764680082305952
1437748844759356,51.7613111934,-1.260259671,111.254326,5735923.003206296,620063.9883209924,-111.254326,30U,-0.005,0.007,-0.002,0.04087857402943987,-0.01574047380041453,1.4764398809599009
1437748844866021,51.7613111934,-1.260259671,111.254326,5735923.003206296,620063.9883209924,-111.254326,30U,-0.005,0.006,-0.002,0.04086269999983892,-0.015754099999527885,1.4764580999999222
1437748844972686,51.7613111934,-1.260259671,111.254326,5735923.003206296,620063.9883209924,-111.254326,30U,-0.005,0.007,-0.002,0.04087615597175434,-0.015752616460937043,1.4764575057554548
1437748845077447,51.7613111934,-1.260259671,111.254326,5735923.003206296,620063.9883209924,-111.254326,30U,-0.005,0.007,-0.001,0.040830287889980534,-0.015725608225546046,1.4764281341959036
1437748845168873,51.7613111934,-1.260259671,111.254326,5735923.003206296,620063.9883209924,-111.254326,30U,-0.006,0.006,-0.002,0.040803671194772614,-0.015714906992310183,1.476459909468279
1437748845260300,51.7613111934,-1.260259671,111.254326,5735923.003206296,620063.9883209924,-111.254326,30U,-0.005,0.004,-0.002,0.04084217638867606,-0.015697524677094933,1.4764585164511899
1437748845366013,51.7613111934,-1.260259671,111.254326,5735923.003206296,620063.9883209924,-111.254326,30U,-0.005,0.004,-0.003,0.040947617294644016,-0.015714347741693956,1.4764484547345174
1437748845471725,51.7613111934,-1.260259671,111.254326,5735923.003206296,620063.9883209924,-111.254326,30U,-0.005,0.006,-0.003,0.04099490000068315,-0.01572195761110677,1.4764462588485185
1437748845563153,51.7613111934,-1.260259671,111.254326,5735923.003206296,620063.9883209924,-111.254326,30U,-0.005,0.007,-0.003,0.040922889185313095,-0.01573117402817078,1.4764301357202911
1437748845654580,51.7613111934,-1.260259671,111.254326,5735923.003206296,620063.9883209924,-111.254326,30U,-0.006,0.005,-0.003,0.04084902469065108,-0.015730378187702464,1.4764244423882031
1437748845759340,51.7613111934,-1.260259671,111.254326,5735923.003206296,620063.9883209924,-111.254326,30U,-0.006,0.004,-0.003,0.040879273800004834,-0.01572939459343987,1.4764290699157847
1437748845866005,51.7613111934,-1.260259671,111.254326,5735923.003206296,620063.9883209924,-111.254326,30U,-0.006,0.004,-0.002,0.04093289999945812,-0.015718400000027347,1.476422699999831
1437748845972670,51.7613111934,-1.260259671,111.254326,5735923.003206296,620063.9883209924,-111.254326,30U,-0.005,0.005,-0.003,0.04093955761199505,-0.015728330043825248,1.4764311876546656
1437748846077430,51.7613111934,-1.260259671,111.254326,5735923.003206296,620063.9883209924,-111.254326,30U,-0.006,0.005,-0.002,0.04090715217103974,-0.015732887662243556,1.4764262876619894
1437748846168857,51.7613111934,-1.260259671,111.254326,5735923.003206296,620063.9883209924,-111.254326,30U,-0.006,0.004,-0.003,0.04089646420056087,-0.015733316459970174,1.4764270382739952
1437748846260284,51.7613111934,-1.260259671,111.254326,5735923.003206296,620063.9883209924,-111.254326,30U,-0.006,0.004,-0.002,0.040925197182536,-0.015713023382366884,1.4764222670988352
1437748846365997,51.7613111934,-1.260259671,111.254326,5735923.003206296,620063.9883209924,-111.254326,30U,-0.006,0.005,-0.003,0.040923883539530526,-0.015717804114950117,1.4764140999998976
1437748846472662,51.7613111934,-1.260259671,111.254326,5735923.003206296,620063.9883209924,-111.254326,30U,-0.006,0.005,-0.003,0.040893035797951297,-0.015728347741463866,1.4764141465041953
1437748846579327,51.7613111934,-1.260259671,111.254326,5735923.003206296,620063.9883209924,-111.254326,30U,-0.006,0.004,-0.002,0.040873994592660584,-0.01573314371600746,1.4764130781410365
1437748846680992,51.7613111934,-1.260259671,111.254326,5735923.003206296,620063.9883209924,-111.254326,30U,-0.007,0.004,-0.003,0.04089025473447063,-0.015718054733758726,1.4764057288056474
1437748846760991,51.7613111934,-1.260259671,111.254326,5735923.003206296,620063.9883209924,-111.254326,30U,-0.007,0.004,-0.003,0.04089443290260159,-0.015728360168208142,1.4764181958879712
1437748846840990,51.7613111934,-1.260259671,111.254326,5735923.003206296,620063.9883209924,-111.254326,30U,-0.007,0.005,-0.002,0.040877000000763296,-0.015721099999945573,1.4764169000002005
1437748846939321,51.7613111934,-1.260259671,111.254326,5735923.003206296,620063.9883209924,-111.254326,30U,-0.007,0.004,-0.002,0.040860765841669824,-0.01570930411540148,1.4764173465042922
1437748847045986,51.7613111934,-1.260259671,111.254326,5735923.003206296,620063.9883209924,-111.254326,30U,-0.008,0.004,-0.003,0.04087384242263909,-0.015705054760526322,1.4764176069301063
1437748847152651,51.7613111934,-1.260259671,111.254326,5735923.003206296,620063.9883209924,-111.254326,30U,-0.008,0.005,-0.002,0.04089000822940307,-0.015714986013837397,1.476410861726475
1437748847259316,51.7613111934,-1.260259671,111.254326,5735923.003206296,620063.9883209924,-111.254326,30U,-0.008,0.005,-0.002,0.0408914329015289,-0.015707083548702132,1.476410449352297
1437748847365981,51.7613111934,-1.260259671,111.254326,5735923.003206296,620063.9883209924,-111.254326,30U,-0.008,0.005,-0.002,0.04087658353902384,-0.01571068889279127,1.4764010481432623
1437748847472646,51.7613111934,-1.260259671,111.254326,5735923.003206296,620063.9883209924,-111.254326,30U,-0.009,0.004,-0.002,0.04087844938151535,-0.015711899999448508,1.4764001781873872
1437748847579311,51.7613111934,-1.260259671,111.254326,5735923.003206296,620063.9883209924,-111.254326,30U,-0.009,0.004,-0.003,0.040899583548993146,-0.015705183548371825,1.4764017534657197
1437748847683119,51.7613111934,-1.260259671,111.254326,5735923.003206296,620063.9883209924,-111.254326,30U,-0.009,0.004,-0.003,0.04090151234551078,-0.015702854734606937,1.4763961781877024
1437748847774546,51.7613111934,-1.260259671,111.254326,5735923.003206296,620063.9883209924,-111.254326,30U,-0.009,0.004,-0.004,0.040897283548868874,-0.0157077082247307,1.4764062588726135
1437748847865973,51.7613111934,-1.260259671,111.254326,5735923.003206296,620063.9883209924,-111.254326,30U,-0.009,0.004,-0.004,0.04089339999929697,-0.015705099999460532,1.47639520000047
1437748847972638,51.7613111934,-1.260259671,111.254326,5735923.003206296,620063.9883209924,-111.254326,30U,-0.009,0.004,-0.004,0.040902978186463004,-0.01570614238862964,1.4763846288064804
1437748848077399,51.7613111934,-1.260259671,111.254326,5735923.003206296,620063.9883209924,-111.254326,30U,-0.009,0.004,-0.004,0.04090243290197145,-0.015707365803348763,1.4763901616904502
1437748848168825,51.7613111934,-1.260259671,111.254326,5735923.003206296,620063.9883209924,-111.254326,30U,-0.01,0.004,-0.004,0.040903937035447466,-0.01570408765438917,1.4763679781873928
1437748848260252,51.7613111934,-1.260259671,111.254326,5735923.003206296,620063.9883209924,-111.254326,30U,-0.01,0.003,-0.004,0.040903554759472056,-0.015698983548947457,1.476368361690335
1437748848351679,51.7613111934,-1.260259671,111.254326,5735923.003206296,620063.9883209924,-111.254326,30U,-0.01,0.003,-0.005,0.04090256172646886,-0.01569998765431942,1.4763604711946676
1437748848443107,51.7613111934,-1.260259671,111.254326,5735923.003206296,620063.9883209924,-111.254326,30U,-0.01,0.002,-0.004,0.040933331280788264,-0.015696112346192243,1.4763413357991932
1437748848545962,51.7613111934,-1.260259671,111.254326,5735923.003206296,620063.9883209924,-111.254326,30U,-0.01,0.002,-0.005,0.040952300000809815,-0.01569773008314927,1.476343042422278
1437748848652627,51.7613111934,-1.260259671,111.254326,5735923.003206296,620063.9883209924,-111.254326,30U,-0.01,0.003,-0.006,0.04097297119352357,-0.015718380661779233,1.476330645266571
1437748848759292,51.7613111934,-1.260259671,111.254326,5735923.003206296,620063.9883209924,-111.254326,30U,-0.01,0.003,-0.005,0.040922967327194366,-0.01572334653539886,1.4763519889555896
1437748848865957,51.7613111934,-1.260259671,111.254326,5735923.003206296,620063.9883209924,-111.254326,30U,-0.01,0.004,-0.006,0.0409074999994517,-0.01572480000022136,1.4763612999991693
1437748848972622,51.7613111934,-1.260259671,111.254326,5735923.003206296,620063.9883209924,-111.254326,30U,-0.01,0.003,-0.006,0.04088331646077267,-0.015722500000097096,1.4763298946475834
1437748849079287,51.7613111934,-1.260259671,111.254326,5735923.003206296,620063.9883209924,-111.254326,30U,-0.01,0.004,-0.006,0.04085839329868053,-0.01570616450893258,1.4763294835492407
1437748849185952,51.7613111934,-1.260259671,111.254326,5735923.003206296,620063.9883209924,-111.254326,30U,-0.011,0.003,-0.006,0.04082746707837148,-0.015693552258848175,1.4763259423878898
1437748849288807,51.7613111934,-1.260259671,111.254326,5735923.003206296,620063.9883209924,-111.254326,30U,-0.011,0.002,-0.006,0.040862961462378174,-0.01569146709828285,1.4763265794365572
1437748849380234,51.7613111934,-1.260259671,111.254326,5735923.003206296,620063.9883209924,-111.254326,30U,-0.011,0.002,-0.006,0.040913476546117274,-0.015695716460139328,1.4763386094674924
1437748849471661,51.7613111934,-1.260259671,111.254326,5735923.003206296,620063.9883209924,-111.254326,30U,-0.011,0.004,-0.007,0.04088789628850571,-0.01568723168335243,1.4763336123454978
1437748849563089,51.7613111934,-1.260259671,111.254326,5735923.003206296,620063.9883209924,-111.254326,30U,-0.011,0.003,-0.007,0.0408246809604173,-0.015674697411088342,1.4763347164512548
1437748849654516,51.7613111934,-1.260259671,111.254326,5735923.003206296,620063.9883209924,-111.254326,30U,-0.011,0.001,-0.007,0.04083586008574632,-0.01567545884937177,1.4763346234531307
1437748849759276,51.7613111934,-1.260259671,111.254326,5735923.003206296,620063.9883209924,-111.254326,30U,-0.012,0.002,-0.006,0.04085195757857804,-0.015660268622318462,1.476330308226039
1437748849865941,51.7613111934,-1.260259671,111.254326,5735923.003206296,620063.9883209924,-111.254326,30U,-0.011,0.003,-0.007,0.04089849999972428,-0.015660400000232576,1.4763145000005866
1437748849957368,51.7613111934,-1.260259671,111.254326,5735923.003206296,620063.9883209924,-111.254326,30U,-0.011,0.002,-0.007,0.04080705473369376,-0.015671904114594952,1.4763079835398079
1437748850048796,51.7613111934,-1.260259671,111.254326,5735923.003206296,620063.9883209924,-111.254326,30U,-0.012,0.001,-0.007,0.04083970693104405,-0.01563243983259694,1.4763120493523683
1437748850152604,51.7613111934,-1.260259671,111.254326,5735923.003206296,620063.9883209924,-111.254326,30U,-0.01,0.001,-0.009,0.040908039107223036,-0.015637677783848336,1.4762981781875677
1437748850259268,51.7613111934,-1.260259671,111.254326,5735923.003206296,620063.9883209924,-111.254326,30U,-0.011,0.002,-0.009,0.04093914935330308,-0.015683078141817217,1.4763040478293261
1437748850365933,51.7613111934,-1.260259671,111.254326,5735923.003206296,620063.9883209924,-111.254326,30U,-0.012,0.003,-0.009,0.04093344814454432,-0.01564931645960538,1.4762985370359887
1437748850472598,51.7613111934,-1.260259671,111.254326,5735923.003206296,620063.9883209924,-111.254326,30U,-0.012,0.002,-0.009,0.040891065841333916,-0.015655710705448852,1.4762923218138027
1437748850579263,51.7613111934,-1.260259671,111.254326,5735923.003206296,620063.9883209924,-111.254326,30U,-0.013,0.002,-0.008,0.040902280730204625,-0.015660516450345597,1.4762973781426012
1437748850685928,51.7613111934,-1.260259671,111.254326,5735923.003206296,620063.9883209924,-111.254326,30U,-0.014,0.003,-0.009,0.04090665761105224,-0.015659716461229652,1.476278606992106
1437748850792593,51.7613111934,-1.260259671,111.254326,5735923.003206296,620063.9883209924,-111.254326,30U,-0.014,0.003,-0.008,0.04088965757879371,-0.01563941515614427,1.4762823917752406
1437748850890925,51.7613111934,-1.260259671,111.254326,5735923.003206296,620063.9883209924,-111.254326,30U,-0.013,0.003,-0.009,0.04086510000034801,-0.015651699999914292,1.476278399999547
1437748850970924,51.7613111934,-1.260259671,111.254326,5735923.003206296,620063.9883209924,-111.254326,30U,-0.014,0.002,-0.009,0.04085656707865369,-0.015649823453318477,1.4762592329211108
1437748851050922,51.7613111934,-1.260259671,111.254326,5735923.003206296,620063.9883209924,-111.254326,30U,-0.014,0.002,-0.008,0.04087848766182183,-0.015638053465969824,1.4762648123373034
1437748851152588,51.7613111934,-1.260259671,111.254326,5735923.003206296,620063.9883209924,-111.254326,30U,-0.014,0.003,-0.009,0.04086510000034801,-0.015637904114655075,1.4762517905317478
1437748851259253,51.7613111934,-1.260259671,111.254326,5735923.003206296,620063.9883209924,-111.254326,30U,-0.014,0.002,-0.009,0.0408541616903132,-0.015644937014869093,1.476244327264756
1437748851365917,51.7613111934,-1.260259671,111.254326,5735923.003206296,620063.9883209924,-111.254326,30U,-0.014,0.002,-0.009,0.040859187653873655,-0.015631390531924,1.4762440329202138
1437748851471629,51.7613111934,-1.260259671,111.254326,5735923.003206296,620063.9883209924,-111.254326,30U,-0.014,0.003,-0.01,0.04086111110793845,-0.015636005351763207,1.4762371246906134
1437748851563057,51.7613111934,-1.260259671,111.254326,5735923.003206296,620063.9883209924,-111.254326,30U,-0.014,0.003,-0.01,0.04088168073121638,-0.015645716450987765,1.4762388287882071
1437748851654484,51.7613111934,-1.260259671,111.254326,5735923.003206296,620063.9883209924,-111.254326,30U,-0.015,0.003,-0.01,0.04086623292149075,-0.015634674072205652,1.4762344835397068
1437748851759244,51.7613111934,-1.260259671,111.254326,5735923.003206296,620063.9883209924,-111.254326,30U,-0.014,0.003,-0.01,0.040879249353178,-0.01563748354964654,1.4762372930695076
1437748851865909,51.7613111934,-1.260259671,111.254326,5735923.003206296,620063.9883209924,-111.254326,30U,-0.014,0.004,-0.011,0.0408625999994541,-0.015646400000462662,1.4762402999995374
1437748851972574,51.7613111934,-1.260259671,111.254326,5735923.003206296,620063.9883209924,-111.254326,30U,-0.014,0.004,-0.011,0.04086487407271233,-0.01563159588561846,1.476237535799428
1437748852077335,51.7613111934,-1.260259671,111.254326,5735923.003206296,620063.9883209924,-111.254326,30U,-0.014,0.003,-0.012,0.04088802726499409,-0.0156335136324566,1.4762378725048566
1437748852168762,51.7613111934,-1.260259671,111.254326,5735923.003206296,620063.9883209924,-111.254326,30U,-0.014,0.004,-0.01,0.0408607744740683,-0.015634341150650835,1.476243683540204
1437748852260189,51.7613111934,-1.260259671,111.254326,5735923.003206296,620063.9883209924,-111.254326,30U,-0.014,0.004,-0.013,0.04086369131718346,-0.015621819268479107,1.4762178740283591
1437748852365901,51.7613111934,-1.260259671,111.254326,5735923.003206296,620063.9883209924,-111.254326,30U,-0.015,0.002,-0.012,0.04082323044694658,-0.01562803292161422,1.4762244218125622
1437748852471613,51.7613111934,-1.260259671,111.254326,5735923.003206296,620063.9883209924,-111.254326,30U,-0.015,0.004,-0.011,0.040916594245213406,-0.015624312345651876,1.4762197275680247
1437748852563041,51.7613111934,-1.260259671,111.254326,5735923.003206296,620063.9883209924,-111.254326,30U,-0.015,0.004,-0.013,0.040836674028769636,-0.015622874028541954,1.4762122616900204
1437748852654468,51.7613111934,-1.260259671,111.254326,5735923.003206296,620063.9883209924,-111.254326,30U,-0.016,0.003,-0.011,0.0408480604887418,-0.015607827567749793,1.4762239312807945
1437748852759228,51.7613111934,-1.260259671,111.254326,5735923.003206296,620063.9883209924,-111.254326,30U,-0.015,0.003,-0.013,0.04084415734959437,-0.015608613632628963,1.4762048822546834
1437748852865893,51.7613111934,-1.260259671,111.254326,5735923.003206296,620063.9883209924,-111.254326,30U,-0.016,0.003,-0.012,0.04087219999974512,-0.015629399999620062,1.4762062999995975
1437748852972558,51.7613111934,-1.260259671,111.254326,5735923.003206296,620063.9883209924,-111.254326,30U,-0.016,0.004,-0.012,0.04085340287700497,-0.01559547407145364,1.4762079975260267
1437748853077318,51.7613111934,-1.260259671,111.254326,5735923.003206296,620063.9883209924,-111.254326,30U,-0.015,0.003,-0.014,0.04082688225519106,-0.015606360168218543,1.4761870958870196
1437748853168746,51.7613111934,-1.260259671,111.254326,5735923.003206296,620063.9883209924,-111.254326,30U,-0.016,0.002,-0.014,0.04085918066208467,-0.015619654733830063,1.476193693006445
1437748853260173,51.7613111934,-1.260259671,111.254326,5735923.003206296,620063.9883209924,-111.254326,30U,-0.016,0.004,-0.013,0.04086512878955402,-0.015607628788710623,1.4761815945935097
1437748853365885,51.7613111934,-1.260259671,111.254326,5735923.003206296,620063.9883209924,-111.254326,30U,-0.016,0.003,-0.014,0.04085328230267893,-0.015595884777097231,1.4761849411506491
1437748853471597,51.7613111934,-1.260259671,111.254326,5735923.003206296,620063.9883209924,-111.254326,30U,-0.017,0.003,-0.013,0.040842487654185515,-0.015619095884639564,1.4761860576115917
1437748853563024,51.7613111934,-1.260259671,111.254326,5735923.003206296,620063.9883209924,-111.254326,30U,-0.018,0.003,-0.013,0.040860243715952115,-0.0156040480572546,1.4761739082263154
1437748853654452,51.7613111934,-1.260259671,111.254326,5735923.003206296,620063.9883209924,-111.254326,30U,-0.018,0.002,-0.014,0.040874675309466105,-0.015600013582080956,1.4761781382726131
1437748853759212,51.7613111934,-1.260259671,111.254326,5735923.003206296,620063.9883209924,-111.254326,30U,-0.018,0.003,-0.014,0.04086751926929204,-0.015603047830004232,1.47617266709825
1437748853865877,51.7613111934,-1.260259671,111.254326,5735923.003206296,620063.9883209924,-111.254326,30U,-0.019,0.002,-0.015,0.040838300000190064,-0.015596299999652927,1.4761659999998484
1437748853972542,51.7613111934,-1.260259671,111.254326,5735923.003206296,620063.9883209924,-111.254326,30U,-0.019,0.001,-0.016,0.040851725928007745,-0.015581727568540277,1.4761622905329068
1437748854077302,51.7613111934,-1.260259671,111.254326,5735923.003206296,620063.9883209924,-111.254326,30U,-0.019,0.002,-0.016,0.04086135475939268,-0.015594464279798971,1.4761586110437404
1437748854168730,51.7613111934,-1.260259671,111.254326,5735923.003206296,620063.9883209924,-111.254326,30U,-0.02,0.002,-0.016,0.04086415761156372,-0.015590982302562683,1.4761521917698754
1437748854260157,51.7613111934,-1.260259671,111.254326,5735923.003206296,620063.9883209924,-111.254326,30U,-0.02,0.002,-0.016,0.04084775064742101,-0.015589467098463221,1.4761541945927883
1437748854365870,51.7613111934,-1.260259671,111.254326,5735923.003206296,620063.9883209924,-111.254326,30U,-0.02,0.001,-0.016,0.04084445473450028,-0.015590887655102676,1.4761492547333008
1437748854472534,51.7613111934,-1.260259671,111.254326,5735923.003206296,620063.9883209924,-111.254326,30U,-0.02,0.001,-0.017,0.04085625473453076,-0.015594316460883302,1.4761537547331645
1437748854579199,51.7613111934,-1.260259671,111.254326,5735923.003206296,620063.9883209924,-111.254326,30U,-0.02,0.001,-0.017,0.04085636995593199,-0.01557908765507221,1.476157928805008
1437748854680864,51.7613111934,-1.260259671,111.254326,5735923.003206296,620063.9883209924,-111.254326,30U,-0.019,0.001,-0.017,0.0408470329209087,-0.015580335396190446,1.4761446617265865
1437748854760863,51.7613111934,-1.260259671,111.254326,5735923.003206296,620063.9883209924,-111.254326,30U,-0.02,0.0,-0.017,0.04083849999921438,-0.015587786367337503,1.4761487411265355
1437748854840862,51.7613111934,-1.260259671,111.254326,5735923.003206296,620063.9883209924,-111.254326,30U,-0.02,0.0,-0.018,0.04084780000009627,-0.015576299999482958,1.4761495999995695
1437748854939193,51.7613111841,-1.2602596707,111.255203,5735923.002172571,620063.9883663681,-111.255203,30U,-0.02,0.001,-0.018,0.040844937035295126,-0.015573171194856801,1.476141995884507
1437748855045859,51.7613111599,-1.2602596699,111.257492,5735922.999482694,620063.9884857775,-111.257492,30U,-0.021,0.001,-0.018,0.04084443291962996,-0.015574179424441788,1.4761420288049076
1437748855152524,51.7613111305,-1.2602596688,111.260269,5735922.996215037,620063.988639683,-111.260269,30U,-0.022,0.001,-0.018,0.04083041234591884,-0.015567900000319147,1.476130132921724
1437748855259189,51.7613111074,-1.260259668,111.262444,5735922.993647487,620063.9887561741,-111.262444,30U,-0.021,-0.0,-0.019,0.04084172597155599,-0.015562483549009163,1.4761314341955811
1437748855365853,51.7613110999,-1.2602596679,111.263161,5735922.992813604,620063.9887829726,-111.263161,30U,-0.021,0.0,-0.018,0.04083452880618876,-0.015567971194044664,1.4761242164597632
1437748855472519,51.7613110996,-1.2602596688,111.263206,5735922.99277876,620063.9887216614,-111.263206,30U,-0.021,0.0,-0.019,0.04083015349613747,-0.015562953496363555,1.4761156835398144
1437748855579183,51.7613110988,-1.2602596696,111.263321,5735922.992688478,620063.9886685777,-111.263321,30U,-0.022,0.0,-0.019,0.04081968353997145,-0.01555623416025762,1.4761134958847888
1437748855682991,51.7613110975,-1.2602596705,111.263458,5735922.992542429,620063.9886099197,-111.263458,30U,-0.022,-0.0,-0.019,0.04082259464793468,-0.01555702469143435,1.4761124176971714
1437748855774418,51.7613110955,-1.2602596711,111.263611,5735922.992319028,620063.9885738215,-111.263611,30U,-0.023,0.0,-0.019,0.04080342878948346,-0.015553282255223124,1.4761046452398665
1437748855865845,51.7613110935,-1.2602596719,111.263786,5735922.992095297,620063.9885239212,-111.263786,30U,-0.022,-0.001,-0.019,0.040788199999380326,-0.0155322999994581,1.476116899999396
1437748855972510,51.7613110731,-1.260259674,111.265633,5735922.989823232,620063.9884331264,-111.265633,30U,-0.022,-0.002,-0.02,0.040830520172360024,-0.015530254733628821,1.4761187917704992
1437748856077271,51.761311053,-1.2602596765,111.26757,5735922.987583868,620063.9883139328,-111.26757,30U,-0.023,-0.001,-0.02,0.040884218939112954,-0.01554278353952169,1.4761065069895611
1437748856168698,51.7613110323,-1.2602596777,111.269524,5735922.9852799205,620063.9882860401,-111.269524,30U,-0.023,-0.001,-0.02,0.040893553495768696,-0.015542487653853599,1.4760927288054309
1437748856260125,51.7613110113,-1.2602596784,111.271538,5735922.982943434,620063.9882934483,-111.271538,30U,-0.024,-0.0,-0.021,0.040864890480552626,-0.015543797181372688,1.4760895082261571
1437748856351552,51.76131099,-1.2602596793,111.27359,5735922.980573257,620063.9882878504,-111.27359,30U,-0.024,-0.001,-0.021,0.040843361727292214,-0.01554985473400483,1.4760754452653797
1437748856442979,51.7613109691,-1.2602596816,111.275536,5735922.978245258,620063.9881845801,-111.275536,30U,-0.022,-0.002,-0.019,0.04083182880627054,-0.015534667482737895,1.4760819325180736
1437748856545835,51.761310955,-1.2602596849,111.277252,5735922.976671815,620063.9879942621,-111.277252,30U,-0.007,-0.002,-0.017,0.040855945264965096,-0.015368492956779556,1.4760956386707198
1437748856652499,51.7613109585,-1.2602596897,111.278954,5735922.977053137,620063.9876537404,-111.278954,30U,0.017,-0.005,-0.018,0.04080102633155079,-0.015220839079445216,1.4760336905319535
1437748856759164,51.7613109874,-1.2602597008,111.280762,5735922.980248728,620063.9868110836,-111.280762,30U,0.048,-0.01,-0.019,0.040783845240580985,-0.015085167555886922,1.4760662573495422
1437748856865829,51.7613110449,-1.260259717,111.282738,5735922.986616422,620063.9855406118,-111.282738,30U,0.08,-0.012,-0.021,0.040772399999664935,-0.014995500000202005,1.4760746000006777
1437748856972494,51.7613111149,-1.2602597314,111.283852,5735922.99437716,620063.9843611917,-111.283852,30U,0.113,-0.015,-0.023,0.040775118934660216,-0.015027371194127956,1.475973758014599
1437748857079159,51.7613112968,-1.2602597689,111.286743,5735923.014543862,620063.981290824,-111.286743,30U,0.144,-0.019,-0.023,0.040776309865311305,-0.015049983540290454,1.4759411835402512
1437748857185824,51.7613115185,-1.2602598146,111.290268,5735923.039123076,620063.9775490031,-111.290268,30U,0.175,-0.02,-0.023,0.04073251234616896,-0.015021767079780814,1.4759228864176899
1437748857288680,51.761311692,-1.2602598503,111.29303,5735923.058358607,620063.9746251338,-111.29303,30U,0.206,-0.024,-0.025,0.04071090434099787,-0.015049155826619342,1.4758474138621762
1437748857380107,51.7613117561,-1.2602598635,111.293938,5735923.065465203,620063.9735441759,-111.293938,30U,0.235,-0.029,-0.024,0.04064156955344877,-0.015112445266623767,1.4758378465030328
1437748857471534,51.7613118442,-1.2602598797,111.294052,5735923.075235814,620063.9721925223,-111.294052,30U,0.265,-0.031,-0.023,0.04067027858950655,-0.015103656374941352,1.4758246715971948
1437748857562961,51.7613119583,-1.2602598981,111.294128,5735923.087894168,620063.9706200741,-111.294128,30U,0.294,-0.033,-0.025,0.04065864239037171,-0.0150981119491093,1.4757567197317505
1437748857654388,51.7613120969,-1.2602599197,111.294518,5735923.1032718085,620063.9687618031,-111.294518,30U,0.319,-0.036,-0.027,0.040640690935504695,-0.01526437738054173,1.475723231684004
1437748857759148,51.7613122506,-1.2602599433,111.294991,5735923.1203253735,620063.9667254557,-111.294991,30U,0.326,-0.036,-0.028,0.0405432686218991,-0.015379517287111873,1.475653890709263
1437748857865813,51.7613124015,-1.260259966,111.295677,5735923.137069043,620063.9647586438,-111.295677,30U,0.314,-0.035,-0.03,0.04053119999998879,-0.01574570000036407,1.4755580000006157
1437748857957240,51.7613126761,-1.2602600185,111.298393,5735923.167519878,620063.9604072277,-111.298393,30U,0.294,-0.035,-0.025,0.04055022385670674,-0.015897900402803988,1.4755495053522465
1437748858048668,51.7613129309,-1.2602600653,111.300819,5735923.195778212,620063.9565016847,-111.300819,30U,0.272,-0.029,-0.024,0.040393806147127384,-0.015831649379914367,1.4755238361910534
1437748858152476,51.7613131667,-1.2602601053,111.303223,5735923.2219348205,620063.9531158006,-111.303223,30U,0.252,-0.027,-0.025,0.04018881643235584,-0.0159081135826398,1.4754670263312755
1437748858259141,51.7613133845,-1.2602601436,111.305748,5735923.246092513,620063.949894984,-111.305748,30U,0.232,-0.026,-0.027,0.03996579200353064,-0.015893705636591843,1.4754336974104332
1437748858365806,51.7613135858,-1.2602601812,111.308334,5735923.268416452,620063.9467662475,-111.308334,30U,0.215,-0.026,-0.025,0.03998570946708028,-0.015878509468437763,1.4753538950508376
1437748858472471,51.7613137724,-1.2602602184,111.310669,5735923.289106317,620063.9437041122,-111.310669,30U,0.197,-0.024,-0.022,0.04009410043152438,-0.015877667884635085,1.4753015246908308
1437748858579135,51.7613139425,-1.2602602534,111.312805,5735923.307964898,620063.9408375694,-111.312805,30U,0.179,-0.022,-0.023,0.040149876550239556,-0.01575481150045075,1.4753371366384702
1437748858685800,51.7613140967,-1.2602602847,111.315155,5735923.32506139,620063.9382685374,-111.315155,30U,0.162,-0.02,-0.024,0.04014118270569755,-0.0157000452658927,1.475356957611492
1437748858792465,51.7613142364,-1.2602603131,111.317467,5735923.340550163,620063.9359380951,-111.317467,30U,0.147,-0.019,-0.022,0.04007457379955415,-0.015652287891383548,1.4753405097490488
1437748858890797,51.7613143618,-1.2602603404,111.31971,5735923.354450497,620063.9337215002,-111.31971,30U,0.132,-0.019,-0.023,0.04010990000014345,-0.015539999999418816,1.4753471000006035
1437748858970796,51.761314475,-1.2602603672,111.322159,5735923.366994935,620063.9315717752,-111.322159,30U,0.117,-0.016,-0.027,0.04010794074763037,-0.015532957611594983,1.4753585687196886
1437748859050794,51.7613145747,-1.2602603894,111.324654,5735923.378045663,620063.9297753013,-111.324654,30U,0.103,-0.014,-0.024,0.040114676945362214,-0.015482707386805869,1.4753008851760128
1437748859152460,51.7613146612,-1.2602604103,111.327087,5735923.387630604,620063.9281035571,-111.327087,30U,0.088,-0.014,-0.025,0.04011345185687233,-0.015422222216179842,1.4752626111073353
1437748859259124,51.7613147347,-1.2602604304,111.329597,5735923.395771183,620063.9265215081,-111.329597,30U,0.075,-0.013,-0.025,0.04013181233837621,-0.01544304524032122,1.475262875324004
1437748859365790,51.7613147969,-1.2602604477,111.33213,5735923.4026597375,620063.9251626587,-111.33213,30U,0.063,-0.01,-0.026,0.04015452304955002,-0.015351226733884829,1.4752723246901636
1437748859471502,51.7613148496,-1.260260462,111.334793,5735923.408496769,620063.9240360364,-111.334793,30U,0.051,-0.009,-0.027,0.040152216460807834,-0.015387060087012194,1.475234127567817
1437748859562930,51.7613148919,-1.2602604753,111.337425,5735923.413178904,620063.9230060126,-111.337425,30U,0.041,-0.008,-0.027,0.04013300699006926,-0.015370357610701848,1.475235934159871
1437748859654357,51.7613149253,-1.2602604865,111.340042,5735923.416874758,620063.9221445177,-111.340042,30U,0.032,-0.007,-0.027,0.04008715637380528,-0.015280136200958751,1.47524230699227
1437748859759117,51.7613149494,-1.2602604958,111.34288,5735923.419539521,620063.9214388093,-111.34288,30U,0.022,-0.006,-0.028,0.04005839459215217,-0.015311350646685798,1.4752253521710201
1437748859865781,51.7613149657,-1.2602605046,111.345619,5735923.421337696,620063.9207882979,-111.345619,30U,0.014,-0.006,-0.028,0.04004920000043046,-0.015264400000008836,1.4752165999993199
1437748859972446,51.7613149746,-1.2602605122,111.348511,5735923.42231492,620063.9202402278,-111.348511,30U,0.003,-0.004,-0.031,0.04004273991378628,-0.015283473265252577,1.475212954734315
1437748860077206,51.7613149763,-1.2602605184,111.351311,5735923.422493765,620063.9198078697,-111.351311,30U,-0.002,-0.004,-0.027,0.0400159876553647,-0.015241799551755848,1.4751963958846395
1437748860168634,51.7613149715,-1.2602605232,111.354202,5735923.4219520725,620063.9194893673,-111.354202,30U,-0.01,-0.003,-0.032,0.04000659053214593,-0.015255888086842723,1.4751993547343387
1437748860260061,51.7613149605,-1.2602605271,111.357162,5735923.420722381,620063.9192494211,-111.357162,30U,-0.015,-0.002,-0.028,0.040012838309958575,-0.0152425374717276,1.4751868794367502
1437748860365774,51.7613149458,-1.26026053,111.360062,5735923.419082875,620063.9190882982,-111.360062,30U,-0.019,-0.001,-0.031,0.040020198763094636,-0.015184926762386503,1.475190054733457
1437748860471486,51.7613149284,-1.2602605323,111.363098,5735923.417144097,620063.9189757428,-111.363098,30U,-0.022,-0.001,-0.03,0.04000618230137922,-0.015260745266592525,1.4751846794247934
1437748860562914,51.7613149076,-1.2602605335,111.366028,5735923.41482903,620063.9189481159,-111.366028,30U,-0.026,-0.001,-0.031,0.0400120341599777,-0.015175600396560934,1.4751805794247237
1437748860654341,51.7613148866,-1.2602605355,111.369102,5735923.412490403,620063.9188658143,-111.369102,30U,-0.022,-0.001,-0.031,0.039996112345007155,-0.015158039912899652,1.475190360085791
1437748860759101,51.7613148678,-1.2602605378,111.372246,5735923.410395939,620063.918756973,-111.372246,30U,-0.022,-0.001,-0.032,0.04000600411198924,-0.015210665574433964,1.475180506930728
1437748860865765,51.7613148469,-1.2602605394,111.375412,5735923.408069091,620063.9187020084,-111.375412,30U,-0.024,-0.001,-0.031,0.03999359999939944,-0.015219899999805192,1.4751660000000766
1437748860972430,51.7613148261,-1.2602605412,111.378441,5735923.405753035,620063.9186329774,-111.378441,30U,-0.023,-0.001,-0.032,0.03999909588413434,-0.015143822216466811,1.475178341151659
1437748861077191,51.7613148136,-1.2602605453,111.38147,5735923.404356207,620063.9183832085,-111.38147,30U,-0.003,-0.004,-0.029,0.039965319335207944,-0.015007963307378705,1.4752089600893004
1437748861168618,51.7613148247,-1.2602605522,111.38443,5735923.405579236,620063.9178776075,-111.38443,30U,0.028,-0.006,-0.032,0.03986602302144192,-0.014789402043243347,1.4751932316829905
1437748861260045,51.7613148669,-1.2602605626,111.387665,5735923.410255024,620063.9170479707,-111.387665,30U,0.064,-0.009,-0.033,0.03969793724301559,-0.014734009748610628,1.4751604028181775
1437748861365758,51.7613149405,-1.2602605788,111.391022,5735923.418413143,620063.9157347862,-111.391022,30U,0.099,-0.014,-0.034,0.03964337858919212,-0.014709946906430687,1.4751446576113285
1437748861471470,51.7613150459,-1.260260603,111.394348,5735923.430094453,620063.9137851748,-111.394348,30U,0.133,-0.019,-0.035,0.039596299999409,-0.014714723050543317,1.4751504917705431
1437748861562898,51.7613151817,-1.2602606318,111.397865,5735923.445148863,620063.9114374772,-111.397865,30U,0.167,-0.021,-0.036,0.0395870193350299,-0.014786288499776165,1.4751175757055899
1437748861654325,51.7613153466,-1.2602606647,111.40152,5735923.463432628,620063.9087296454,-111.40152,30U,0.198,-0.025,-0.037,0.03960261769860214,-0.014850085610681435,1.4750586905323944
1437748861759085,51.7613155386,-1.2602607046,111.405251,5735923.484718562,620063.9054668642,-111.405251,30U,0.228,-0.03,-0.037,0.03961081645083122,-0.014922198246814723,1.4750779218581458
1437748861865749,51.7613157571,-1.2602607488,111.409019,5735923.508944387,620063.9018370457,-111.409019,30U,0.258,-0.031,-0.039,0.03964590000003996,-0.015006500000644553,1.4750042000005168
1437748861972414,51.7613160037,-1.2602607936,111.412964,5735923.53629412,620063.8980912731,-111.412964,30U,0.291,-0.034,-0.04,0.0398477774105281,-0.015220619366926999,1.4748133489501791
1437748862077175,51.7613162811,-1.2602608455,111.416809,5735923.567057323,620063.8937738341,-111.416809,30U,0.326,-0.038,-0.038,0.04012520084441943,-0.015390215668479739,1.4747349069909597
1437748862168602,51.7613165959,-1.2602609027,111.420204,5735923.601970916,620063.8889914321,-111.420204,30U,0.376,-0.042,-0.029,0.0402221279714643,-0.015317991741426697,1.4746905263311343
1437748862260029,51.7613169633,-1.2602609657,111.422791,5735923.642724416,620063.8836692377,-111.422791,30U,0.443,-0.045,-0.025,0.04004169482110217,-0.014782401831300886,1.474594241584738
1437748862365742,51.7613173945,-1.2602610346,111.425484,5735923.690563167,620063.8777706369,-111.425484,30U,0.517,-0.052,-0.029,0.03970143450410013,-0.014289639454387009,1.4744138707635743
1437748862472407,51.7613178974,-1.2602611192,111.428291,5735923.746349571,620063.8705983963,-111.428291,30U,0.601,-0.066,-0.029,0.03934081602965766,-0.013776664949985874,1.474409432115524
1437748862579072,51.7613184817,-1.2602612227,111.431091,5735923.811157056,620063.8619059571,-111.431091,30U,0.7,-0.076,-0.027,0.03904014888023758,-0.013084280902903629,1.4745166547356234
1437748862680737,51.7613191604,-1.2602613369,111.433655,5735923.886444806,620063.8522246932,-111.433655,30U,0.81,-0.084,-0.026,0.03901032100784412,-0.012304324201384342,1.474391274877612
1437748862760735,51.761319938,-1.2602614702,111.43631,5735923.97269942,620063.8409630017,-111.43631,30U,0.92,-0.1,-0.029,0.03916848766125235,-0.011703016529287246,1.4742748498100644
1437748862840734,51.7613208182,-1.2602616219,111.439659,5735924.070333515,620063.8281593726,-111.439659,30U,1.04,-0.108,-0.038,0.03901280000020982,-0.011656600000485283,1.4739850000001633
1437748862939065,51.7613218062,-1.2602617824,111.443634,5735924.179941169,620063.8144624826,-111.443634,30U,1.159,-0.119,-0.042,0.038766771137005655,-0.012036032546560271,1.4737044851797596
1437748863045730,51.7613229017,-1.2602619635,111.447884,5735924.301469591,620063.7990588387,-111.447884,30U,1.278,-0.133,-0.042,0.03874845512998178,-0.011971161620087383,1.4737268798205323
1437748863152396,51.7613241057,-1.2602621638,111.451355,5735924.435032296,620063.7820423978,-111.451355,30U,1.4,-0.143,-0.028,0.0380408920294441,-0.011151150504098073,1.4733963164027564
1437748863259061,51.7613254191,-1.2602623791,111.453278,5735924.580736283,620063.7637006061,-111.453278,30U,1.523,-0.161,-0.009,0.03719616694827213,-0.009938106100292894,1.4732022469129178
1437748863365726,51.7613268464,-1.2602626195,111.452271,5735924.739065352,620063.7433245468,-111.452271,30U,1.652,-0.16,0.018,0.03596891991546154,-0.0077297474554627,1.4736287543312243
1437748863472391,51.7613283804,-1.2602628508,111.452827,5735924.909275121,620063.7232933819,-111.452827,30U,1.759,-0.169,-0.036,0.03478190984110744,-0.006628809495702554,1.4735754489791384
1437748863579056,51.76133001,-1.2602631211,111.457985,5735925.090052013,620063.7003172952,-111.457985,30U,1.866,-0.202,-0.06,0.03381318744529246,-0.007169779529855294,1.4739751305978301
1437748863682864,51.7613317339,-1.2602634216,111.463875,5735925.281265945,620063.6750070017,-111.463875,30U,1.97,-0.211,-0.054,0.03487143119230624,-0.007284288431833003,1.4747021461573357
1437748863774291,51.7613335524,-1.2602637379,111.468399,5735925.48297399,620063.6483554157,-111.468399,30U,2.076,-0.225,-0.037,0.03711980425564133,-0.00679820700948948,1.4750287612336819
1437748863865717,51.7613354654,-1.2602640656,111.471649,5735925.695172269,620063.6206664357,-111.471649,30U,2.18,-0.227,-0.03,0.039266699999889174,-0.006425000000496477,1.4751747000003952
1437748863972382,51.7613374713,-1.2602643925,111.474495,5735925.917702935,620063.5927862008,-111.474495,30U,2.286,-0.227,-0.032,0.040130613984839816,-0.005286326591138229,1.4754412844020701
1437748864077142,51.7613395765,-1.2602647264,111.478592,5735926.151264867,620063.5641594717,-111.478592,30U,2.399,-0.238,-0.045,0.03971726032770714,-0.004471532419617434,1.4757928375351488
1437748864168570,51.7613417867,-1.2602650843,111.482239,5735926.396463958,620063.5335979979,-111.482239,30U,2.516,-0.256,-0.032,0.039870682387319625,-0.004242742733685909,1.4763618420425846
1437748864259997,51.7613441005,-1.2602654635,111.485703,5735926.65314896,620063.5012918139,-111.485703,30U,2.634,-0.266,-0.032,0.04104574545430569,-0.0032621922397848336,1.4767096172883243
1437748864351424,51.7613465233,-1.2602658578,111.488495,5735926.921930599,620063.4676544409,-111.488495,30U,2.754,-0.283,-0.035,0.045726849636486516,-0.0020674197402786596,1.4767596810648254
1437748864442851,51.7613490501,-1.2602662868,111.49334,5735927.202220573,620063.4313465965,-111.49334,30U,2.869,-0.302,-0.063,0.04801111804355333,-0.0029232022432255714,1.4766827514246763
1437748864545707,51.7613516856,-1.2602667053,111.500328,5735927.494615963,620063.3954749535,-111.500328,30U,2.995,-0.276,-0.07,0.04722108180031373,-0.005137964333529723,1.4762759735171573
1437748864652372,51.761354431,-1.2602671099,111.506065,5735927.799255818,620063.3602709551,-111.506065,30U,3.112,-0.285,-0.046,0.043140601356782673,-0.0067405568050927355,1.475469749697662
1437748864759037,51.7613572784,-1.2602675379,111.51152,5735928.115200196,620063.3231815775,-111.51152,30U,3.222,-0.31,-0.063,0.037438376640119175,-0.007230277148169547,1.4749449814170743
1437748864865702,51.7613602239,-1.2602680146,111.517822,5735928.441973748,620063.2824712757,-111.517822,30U,3.331,-0.349,-0.07,0.03772890000050385,-0.007481099999732612,1.4748732999994394
1437748864972367,51.7613632674,-1.2602685417,111.525475,5735928.77956255,620063.2380230037,-111.525475,30U,3.446,-0.375,-0.075,0.04102703199741389,-0.009476888804279559,1.4739753681737935
1437748865079031,51.7613664165,-1.2602690941,111.531616,5735929.128853091,620063.1915486888,-111.531616,30U,3.559,-0.384,-0.056,0.04354604178009859,-0.011983031307624221,1.4733154299929825
1437748865185696,51.7613696652,-1.2602696613,111.537666,5735929.489195423,620063.1437888292,-111.537666,30U,3.673,-0.402,-0.054,0.04625025792685025,-0.013757684517059715,1.4737678597970674
1437748865288552,51.7613730151,-1.2602702494,111.541931,5735929.86075743,620063.0943182346,-111.541931,30U,3.785,-0.404,-0.037,0.047599414548104534,-0.014134034576056236,1.4745971304624426
1437748865379979,51.7613764712,-1.2602708189,111.54361,5735930.244160176,620063.045849438,-111.54361,30U,3.906,-0.384,0.007,0.04652276348367638,-0.014284619337679556,1.474421964546466
1437748865471406,51.7613800287,-1.260271373,111.544327,5735930.638864601,620062.9981743504,-111.544327,30U,4.013,-0.375,-0.016,0.04104970627833023,-0.014738477466864491,1.473975231626214
1437748865562834,51.7613836817,-1.2602719244,111.548012,5735931.044193677,620062.9504322283,-111.548012,30U,4.115,-0.398,-0.05,0.03719743875224476,-0.015567877445429224,1.4738034827490079
1437748865654261,51.7613874248,-1.260272549,111.551247,5735931.459421939,620062.897399726,-111.551247,30U,4.214,-0.455,-0.011,0.03634377928176261,-0.014525607511980376,1.4744605618117235
1437748865759021,51.7613912595,-1.2602731979,111.551109,5735931.8847967,620062.8424473344,-111.551109,30U,4.316,-0.441,-0.008,0.03691173898100311,-0.011025911515101306,1.4744137388463534
1437748865865686,51.7613951827,-1.2602738415,111.55291,5735932.320021951,620062.7876259015,-111.55291,30U,4.415,-0.455,-0.027,0.03887950000036854,-0.009083499999876373,1.4738178999994063
1437748865957113,51.7613991932,-1.2602745213,111.554642,5735932.764895921,620062.7300747966,-111.554642,30U,4.514,-0.472,0.002,0.039133806276045846,-0.007603730590671614,1.4739382580721756
1437748866048540,51.7614032962,-1.2602751908,111.553055,5735933.220073438,620062.6729890765,-111.553055,30U,4.615,-0.452,0.013,0.03743836386081839,-0.00427407665941756,1.474085829992339
1437748866152348,51.7614074853,-1.2602758574,111.553497,5735933.684830597,620062.615875064,-111.553497,30U,4.703,-0.481,-0.037,0.03866423461773798,-0.0020084480860187064,1.4735581448058046
1437748866259013,51.7614117519,-1.2602765786,111.55986,5735934.158116364,620062.5547876445,-111.55986,30U,4.791,-0.503,-0.09,0.03716703481822372,-0.00240924690567272,1.4735552895640853
1437748866365678,51.7614161002,-1.2602772974,111.569504,5735934.640491644,620062.4936491027,-111.569504,30U,4.882,-0.493,-0.101,0.03608009340946288,-0.004580782991879406,1.4737216172950451
1437748866472343,51.7614205308,-1.2602780219,111.578529,5735935.132009823,620062.4318988875,-111.578529,30U,4.974,-0.514,-0.077,0.037060711164862675,-0.006544452027472344,1.4735228127199649
1437748866579008,51.7614250387,-1.2602787722,111.586395,5735935.63208178,620062.3681632127,-111.586395,30U,5.06,-0.515,-0.078,0.03404976331379783,-0.008038317513331679,1.4729011159073422
1437748866685673,51.7614296248,-1.2602795258,111.594017,5735936.140844643,620062.3039923601,-111.594017,30U,5.146,-0.538,-0.075,0.03482300868852712,-0.008843309552744788,1.4725289872238476
1437748866792338,51.7614342854,-1.2602803355,111.600128,5735936.657800025,620062.2357525518,-111.600128,30U,5.229,-0.564,-0.059,0.0370838980838869,-0.008815076010697757,1.472220969615047
1437748866890670,51.7614390257,-1.2602811447,111.604752,5735937.18361938,620062.1673358163,-111.604752,30U,5.32,-0.554,-0.04,0.03654660000082355,-0.008820399999699954,1.470865200000598
1437748866970668,51.7614441245,-1.2602812155,111.563309,5735937.750521816,620062.1489230967,-111.563309,30U,5.422,-0.566,-0.017,0.03658631375494884,-0.010468357697499335,1.4667375210073137
1437748867050666,51.7614489364,-1.2602822689,111.577911,5735938.28390153,620062.0634648085,-111.577911,30U,5.503,-0.581,-0.029,0.03431448497094078,-0.010596740305476951,1.4665964413890817
1437748867152332,51.7614538817,-1.2602831775,111.586975,5735938.832354552,620061.9876449044,-111.586975,30U,5.581,-0.584,-0.044,0.032747660285721125,-0.010473187683274059,1.4654291043745866
1437748867258997,51.7614589248,-1.2602840572,111.594292,5735939.3917311365,620061.9135598668,-111.594292,30U,5.656,-0.64,-0.072,0.035134476382162834,-0.010642719569960095,1.464496016380072
1437748867365662,51.7614640397,-1.260284976,111.600632,5735939.959027968,620061.8365861689,-111.600632,30U,5.741,-0.638,-0.029,0.036180306272413615,-0.011180515654800242,1.4630716351674666
1437748867471374,51.761469268,-1.2602858541,111.597168,5735940.539002606,620061.7621202387,-111.597168,30U,5.817,-0.645,0.01,0.036678900749053514,-0.010310593986510184,1.461290708864218
1437748867562802,51.7614745684,-1.2602867478,111.593086,5735941.126969543,620061.6863865273,-111.593086,30U,5.888,-0.672,-0.038,0.0364711867062193,-0.008810474570552593,1.4600300664746069
1437748867654229,51.761479936,-1.2602876635,111.593147,5735941.722373329,620061.6089563866,-111.593147,30U,5.956,-0.683,-0.078,0.03317041977177488,-0.010044270242777613,1.4592007085759304
1437748867758989,51.7614853732,-1.2602885768,111.593994,5735942.325521032,620061.5315072314,-111.593994,30U,6.027,-0.7,-0.051,0.03472230530777143,-0.010796507539595592,1.458278942200661
1437748867865654,51.7614908771,-1.2602895278,111.592659,5735942.936024137,620061.4512795605,-111.592659,30U,6.092,-0.745,-0.025,0.03957149999996619,-0.011282999999195267,1.456657900000183
1437748867972319,51.761496427,-1.2602905336,111.591286,5735943.55155252,620061.3671482636,-111.591286,30U,6.163,-0.739,-0.061,0.04039555254801153,-0.012510355422188391,1.4550836080878193
1437748868077079,51.7615020474,-1.2602915134,111.588661,5735944.174963757,620061.2846241407,-111.588661,30U,6.23,-0.717,-0.025,0.037218216917933714,-0.014266897281908102,1.4535111555552656
1437748868168506,51.7615077264,-1.2602924729,111.58548,5735944.804925107,620061.2033454186,-111.58548,30U,6.285,-0.73,-0.032,0.02922669456687725,-0.015029045237151983,1.4517672698424064
1437748868259933,51.7615134441,-1.2602935139,111.582146,5735945.439055976,620061.1163399445,-111.582146,30U,6.324,-0.805,-0.018,0.02616128294157774,-0.014078574344482382,1.4519503732644936
1437748868365646,51.7615191957,-1.2602946286,111.580482,5735946.076835413,620061.0241587111,-111.580482,30U,6.377,-0.8,-0.033,0.02807927939321705,-0.013413318157658062,1.4516869899572369
1437748868471358,51.7615249703,-1.2602957794,111.577133,5735946.717113171,620060.9294253153,-111.577133,30U,6.428,-0.797,0.018,0.030633687338161446,-0.012443414908723098,1.4497747878294172
1437748868562786,51.7615307771,-1.2602969529,111.572891,5735947.360934403,620060.8330400465,-111.572891,30U,6.468,-0.794,-0.002,0.028640605359515434,-0.008991235404736465,1.447906731260337
1437748868654213,51.7615366161,-1.2602981253,111.574005,5735948.008338293,620060.7366452802,-111.574005,30U,6.505,-0.808,-0.051,0.02725359585592966,-0.005405878649914843,1.4460317068220105
1437748868758973,51.7615424851,-1.2602993463,111.578674,5735948.65899837,620060.6368171907,-111.578674,30U,6.54,-0.852,-0.035,0.02806934310114042,-0.002696180902202887,1.444979499092011
1437748868865638,51.761548389,-1.2603005935,111.581512,5735949.313496417,620060.5350885422,-111.581512,30U,6.571,-0.868,-0.06,0.031223899999327506,0.0002069000003271317,1.4437561999992043
1437748868972303,51.7615543037,-1.2603018878,111.586784,5735949.969117959,620060.4300810209,-111.586784,30U,6.601,-0.888,-0.116,0.03680741190925718,0.0004412815274504994,1.4420867372392439
1437748869077064,51.7615602541,-1.2603031974,111.597069,5735950.628684384,620060.3239230001,-111.597069,30U,6.624,-0.907,-0.13,0.04135781149567821,-0.004098095327359799,1.4405598045917871
1437748869168490,51.7615662308,-1.2603045027,111.60762,5735951.291182617,620060.2179919613,-111.60762,30U,6.643,-0.905,-0.14,0.04326007568383038,-0.007545353407772194,1.438581918245479
1437748869259917,51.7615722283,-1.2603058059,111.618317,5735951.955997401,620060.1121506776,-111.618317,30U,6.655,-0.924,-0.145,0.045076111100125625,-0.011635180773616752,1.4365655299411082
1437748869365630,51.7615782369,-1.2603071431,111.627304,5735952.621990606,620060.0039337237,-111.627304,30U,6.661,-0.953,-0.049,0.04761907743792947,-0.017391076975791637,1.4350014175254713
1437748869471342,51.7615842325,-1.2603085198,111.629059,5735953.286473106,620059.8930254949,-111.629059,30U,6.655,-0.94,-0.025,0.04671205502298643,-0.019133351913812276,1.4333587010077824
1437748869562770,51.7615902251,-1.2603098867,111.633797,5735953.95063812,620059.7828015198,-111.633797,30U,6.644,-0.948,-0.041,0.043440244978806865,-0.019000228042127133,1.4319696672137345
1437748869654197,51.7615962173,-1.2603112428,111.638,5735954.614776436,620059.6733239075,-111.638,30U,6.633,-0.96,0.039,0.04161687864732784,-0.014603493875302846,1.430307996547778
1437748869758957,51.761602198,-1.2603126259,111.637527,5735955.2775914315,620059.562013633,-111.637527,30U,6.606,-0.991,0.037,0.04409868553098377,-0.008290643903213483,1.4291216895723318
1437748869865622,51.7616081617,-1.2603140123,111.637833,5735955.93851049,620059.450520759,-111.637833,30U,6.581,-0.97,-0.036,0.04725820000025924,-0.003980099999301537,1.4273281999999186
1437748869972287,51.761614075,-1.260315413,111.645576,5735956.593801208,620059.3381748128,-111.645576,30U,6.542,-0.973,-0.136,0.04632649836265761,-0.004622184804022627,1.4243752638859877
1437748870077047,51.7616199557,-1.2603168266,111.660416,5735957.245445367,620059.2250251832,-111.660416,30U,6.5,-0.981,-0.166,0.039116505177982,-0.01151993280498597,1.4227307895285268
1437748870168474,51.7616258092,-1.260318234,111.672508,5735957.89407492,620059.1123755828,-111.672508,30U,6.461,-0.981,-0.128,0.03757593168286365,-0.01720202673174134,1.4216721833673844
1437748870259901,51.7616316304,-1.2603196766,111.679955,5735958.539054564,620058.9973826429,-111.679955,30U,6.418,-1.031,-0.079,0.03908031872554834,-0.01888775635477486,1.4203725404472107
1437748870365614,51.7616374222,-1.2603211499,111.683212,5735959.180714205,620058.8803492049,-111.683212,30U,6.386,-1.014,-0.005,0.03988380676238512,-0.01649698633359515,1.4189902713974998
1437748870472279,51.7616431689,-1.2603226139,111.681602,5735959.817373753,620058.7640772038,-111.681602,30U,6.362,-0.976,0.02,0.0401741582148198,-0.01121176129828767,1.4166014679731787
1437748870578944,51.7616488922,-1.2603240828,111.68396,5735960.451423005,620058.6475291706,-111.68396,30U,6.321,-1.009,-0.008,0.04042855876969264,-0.010938940725239514,1.4141753464807876
1437748870680609,51.7616545853,-1.2603256035,111.692619,5735961.082028556,620058.5274867114,-111.692619,30U,6.283,-1.041,-0.046,0.040528128834861184,-0.013266197378926441,1.4127278278571678
1437748870760608,51.7616602568,-1.2603271251,111.704994,5735961.710230568,620058.4074394736,-111.704994,30U,6.251,-1.032,-0.133,0.040001326736058974,-0.01808222250233008,1.411340200693777
1437748870840607,51.7616659104,-1.2603286206,111.721436,5735962.3364849575,620058.2892408334,-111.721436,30U,6.225,-1.042,-0.096,0.04349570000057291,-0.026216200000508432,1.409502499999331
1437748870938938,51.7616715052,-1.2603301804,111.726097,5735962.956094567,620058.1667610522,-111.726097,30U,6.189,-1.062,0.028,0.047020289954949744,-0.02721711329617109,1.4084692666197856
1437748871045603,51.7616770708,-1.2603317227,111.722343,5735963.572485757,620058.0455663858,-111.722343,30U,6.154,-1.044,0.028,0.05022724684359885,-0.02150227410412839,1.4082288360869075
1437748871152268,51.761682618,-1.2603332284,111.716644,5735964.186891007,620057.9269462163,-111.716644,30U,6.132,-1.039,0.068,0.0539983968050138,-0.015725391888494603,1.4078369472812955
1437748871258933,51.7616881492,-1.2603347235,111.707542,5735964.799534407,620057.8090999932,-111.707542,30U,6.104,-1.032,0.09,0.053411649739423674,-0.010655866890869274,1.4075046424211153
1437748871365598,51.7616936583,-1.2603362172,111.702133,5735965.409722453,620057.691409033,-111.702133,30U,6.065,-1.019,0.003,0.051749116463683006,-0.007420202331009852,1.4076410032799151
1437748871472263,51.7616991102,-1.2603377367,111.710297,5735966.013507029,620057.5720894615,-111.710297,30U,6.026,-1.022,-0.142,0.0504313634521761,-0.008871986614370676,1.4074896753099724
1437748871578928,51.7617045286,-1.2603393035,111.72821,5735966.613488327,620057.4495947518,-111.72821,30U,5.985,-1.042,-0.14,0.05090049445848107,-0.013103167470277283,1.407872172935212
1437748871682736,51.7617099242,-1.2603408829,111.744324,5735967.210913382,620057.3262910639,-111.744324,30U,5.953,-1.026,-0.08,0.05109175329452671,-0.01643138054496735,1.4082043345893813
1437748871774163,51.7617152993,-1.2603424091,111.754654,5735967.8061462855,620057.2067129605,-111.754654,30U,5.919,-1.001,-0.025,0.0517500345749374,-0.018875524061123285,1.4080171242976085
1437748871865590,51.7617206482,-1.2603438913,111.760429,5735968.398538019,620057.090240695,-111.760429,30U,5.877,-0.994,-0.02,0.05239960000045888,-0.019235700000352598,1.407663099999966
1437748871972255,51.7617259252,-1.2603453845,111.764519,5735968.982915908,620056.9732001184,-111.764519,30U,5.825,-0.999,-0.012,0.05313981306607073,-0.018488796518740504,1.4077187522875707
1437748872077016,51.7617311588,-1.2603468334,111.766197,5735969.562540373,620056.8593317097,-111.766197,30U,5.769,-0.975,-0.014,0.053106590053552595,-0.01804621215885393,1.4077874226055842
1437748872168442,51.7617363438,-1.2603482401,111.7649,5735970.136829679,620056.7485043496,-111.7649,30U,5.709,-0.969,0.016,0.05272819398696186,-0.01764059323897007,1.4078945490074268
1437748872259869,51.761741472,-1.2603496363,111.763748,5735970.704819749,620056.6385522678,-111.763748,30U,5.639,-0.965,-0.008,0.05162293419578404,-0.01618429696009759,1.4088375622914622
1437748872351296,51.7617465296,-1.2603510342,111.766022,5735971.264955857,620056.5286701875,-111.766022,30U,5.557,-0.954,-0.036,0.05371616218428912,-0.015059941525064355,1.4107640615526302
1437748872442723,51.7617514664,-1.2603524472,111.773239,5735971.811633377,620056.4180665907,-111.773239,30U,5.479,-0.93,-0.06,0.05518970046088631,-0.015659141640531168,1.4127292726599212
1437748872545579,51.7617563172,-1.2603538327,111.779778,5735972.348792426,620056.3095888534,-111.779778,30U,5.405,-0.896,-0.027,0.05579876536403562,-0.016003490583292215,1.415388904796791
1437748872652244,51.7617610862,-1.2603551776,111.786545,5735972.8769216295,620056.2041298231,-111.786545,30U,5.334,-0.861,-0.023,0.056325762187477146,-0.015750196691083518,1.4189964461559728
1437748872758909,51.761765805,-1.2603564532,111.793289,5735973.399582359,620056.103586168,-111.793289,30U,5.261,-0.827,-0.038,0.05646582978352351,-0.015573590480538996,1.423501436607164
1437748872865574,51.7617704817,-1.2603576628,111.800903,5735973.917669949,620056.0077086745,-111.800903,30U,5.191,-0.796,-0.058,0.058001099999716574,-0.01640980000080672,1.4290636999991342
1437748872972239,51.7617750822,-1.260358831,111.808159,5735974.427351766,620055.9148902339,-111.808159,30U,5.125,-0.765,-0.037,0.059978186185866374,-0.017295994675728746,1.4353527830740527
1437748873078904,51.7617796615,-1.2603599077,111.811935,5735974.934826637,620055.8284421836,-111.811935,30U,5.062,-0.716,-0.026,0.06455062172870041,-0.017919056976362056,1.4420117603712006
1437748873185569,51.7617842033,-1.2603609153,111.81411,5735975.438245024,620055.7468620084,-111.81411,30U,4.992,-0.681,-0.015,0.0680585080845202,-0.018622169150458612,1.4500846949002506
1437748873288424,51.7617886772,-1.2603618559,111.815987,5735975.934222794,620055.6700854403,-111.815987,30U,4.921,-0.618,-0.036,0.06897617844954237,-0.017970144252333783,1.4603481983414721
1437748873379851,51.7617930744,-1.2603626944,111.818787,5735976.421839111,620055.600557964,-111.818787,30U,4.857,-0.539,-0.013,0.06813239579904258,-0.016065235886874172,1.4720910109258856
1437748873471278,51.7617973581,-1.2603634585,111.822693,5735976.896955981,620055.5364657119,-111.822693,30U,4.796,-0.486,-0.041,0.06662792659149269,-0.015050975337600534,1.4853503337461036
1437748873562706,51.7618015514,-1.2603641735,111.827637,5735977.3621006245,620055.4760015276,-111.827637,30U,4.745,-0.456,-0.013,0.06843902526720416,-0.014106776631173167,1.5007581006916328
1437748873654133,51.7618056719,-1.2603648195,111.832489,5735977.819263032,620055.4204919548,-111.832489,30U,4.702,-0.36,-0.032,0.06970883196881973,-0.01224866325171052,1.5179130695419227
1437748873758893,51.7618097906,-1.2603652931,111.840477,5735978.27650907,620055.3768839521,-111.840477,30U,4.677,-0.258,-0.057,0.073009787418022,-0.014381741262667582,1.5356363637222235
1437748873865558,51.7618139104,-1.2603656129,111.848076,5735978.734130617,620055.3438862944,-111.848076,30U,4.633,-0.151,-0.057,0.07261210000031616,-0.015967600000818677,1.5544399999997265
1437748873956985,51.7618180032,-1.2603657927,111.85524,5735979.188980059,620055.3206212313,-111.85524,30U,4.593,-0.064,-0.047,0.0690010004907483,-0.014250621009765105,1.5750253293088545
1437748874048412,51.7618221086,-1.2603658297,111.860077,5735979.645465775,620055.307176923,-111.860077,30U,4.551,0.017,-0.053,0.06812410994615718,-0.011203647115987491,1.5985179020784188
1437748874152221,51.7618262055,-1.2603657276,111.867119,5735980.101235221,620055.3033540188,-111.867119,30U,4.508,0.133,-0.079,0.06596065482165368,-0.010534886417980912,1.6243203104855237
1437748874258886,51.7618302597,-1.2603654298,111.871986,5735980.552578314,620055.313149032,-111.871986,30U,4.469,0.264,0.003,0.0656301641945792,-0.009533930476943316,1.651295982862005
1437748874365550,51.7618342606,-1.2603649772,111.869682,5735980.998248934,620055.3337676976,-111.869682,30U,4.423,0.363,0.017,0.06539571139693583,-0.0073421755699116945,1.6806361788849276
1437748874472215,51.7618381716,-1.2603643804,111.87249,5735981.434159481,620055.3645756374,-111.87249,30U,4.363,0.501,-0.069,0.06411582014450498,-0.007552923652975002,1.7115999307699146
1437748874578880,51.7618419874,-1.2603635627,111.884438,5735981.859846824,620055.4108797327,-111.884438,30U,4.292,0.64,-0.121,0.06466055270360865,-0.00870616138115554,1.7419997111202683
1437748874685545,51.7618457168,-1.2603625986,111.899971,5735982.276166939,620055.4675156246,-111.899971,30U,4.226,0.738,-0.128,0.06469527706405731,-0.007263742908061375,1.7738086610427293
1437748874792210,51.7618494054,-1.2603614492,111.913261,5735982.688254873,620055.5370467084,-111.913261,30U,4.153,0.885,-0.087,0.0654989036556021,-0.005211394448902172,1.806933820534916
1437748874890542,51.7618530499,-1.2603600827,111.919632,5735983.095795992,620055.6216761501,-111.919632,30U,4.069,1.017,-0.016,0.06335879999976474,-0.0020234000005799595,1.841039299999661
1437748874970541,51.7618566343,-1.2603585407,111.922173,5735983.496942516,620055.7185757096,-111.922173,30U,3.993,1.132,-0.022,0.06151246900821506,0.000994010127517264,1.8777328945360607
1437748875050539,51.7618601847,-1.260356807,111.925911,5735983.894623601,620055.8287940556,-111.925911,30U,3.905,1.269,-0.051,0.05873343827936977,0.0031297733030939095,1.9151800117972912
1437748875152205,51.761863675,-1.2603548687,111.934441,5735984.285957995,620055.9532906127,-111.934441,30U,3.802,1.402,-0.132,0.05383863557167706,0.004258365870461553,1.953015074477694
1437748875258869,51.7618670818,-1.2603527379,111.949646,5735984.668323554,620056.0912924731,-111.949646,30U,3.729,1.536,-0.156,0.05034649643158011,0.003329251570029615,1.992514879521506
1437748875365534,51.7618704133,-1.2603504123,111.963478,5735985.042635954,620056.2429365958,-111.963478,30U,3.66,1.679,-0.112,0.04963801364026507,0.00228959338218004,2.032589364749091
1437748875471246,51.7618736486,-1.2603478857,111.972481,5735985.406581192,620056.4087062686,-111.972481,30U,3.592,1.814,-0.076,0.04894053531219946,0.0025835052102956687,2.0726465426774583
1437748875562674,51.7618767855,-1.2603451604,111.983131,5735985.759910829,620056.5884486081,-111.983131,30U,3.497,1.97,-0.116,0.04347609937536903,-0.00043990376628430435,2.1141089571098783
1437748875654101,51.7618798087,-1.260342195,111.998932,5735986.100991561,620056.7850610827,-111.998932,30U,3.39,2.148,-0.156,0.03779119367082882,-0.005486110528057812,2.154878028173248
1437748875758861,51.7618827603,-1.2603389934,112.014313,5735986.434498758,620056.9981628782,-112.014313,30U,3.321,2.28,-0.121,0.033912792167463957,-0.0087860367705628,2.194094402675788
1437748875865526,51.7618856811,-1.2603356239,112.02533,5735986.7648572065,620057.2229325912,-112.02533,30U,3.266,2.384,-0.079,0.0353913000003255,-0.010444899999368302,2.234922700000303
1437748875972191,51.7618885573,-1.260332092,112.03476,5735987.090523208,620057.4590272926,-112.03476,30U,3.186,2.521,-0.097,0.03752956690481933,-0.01260430532121666,2.276386931597982
1437748876076952,51.7618913683,-1.2603283174,112.04425,5735987.4093381,620057.7120428738,-112.04425,30U,3.066,2.698,-0.058,0.039248788237300006,-0.015944199628026925,2.316922330020648
1437748876168379,51.7618940972,-1.2603242897,112.045998,5735987.719439619,620057.9827418383,-112.045998,30U,2.958,2.856,-0.001,0.03697899465031676,-0.016931828487969036,2.357376004806079
1437748876259806,51.7618967322,-1.260320064,112.047287,5735988.019424828,620058.2673532156,-112.047287,30U,2.861,2.985,-0.032,0.028477758542886124,-0.017608743631276312,2.398973083700098
1437748876365518,51.7618992667,-1.2603156286,112.050163,5735988.308579027,620058.5667018958,-112.050163,30U,2.77,3.126,-0.005,0.023955528460636547,-0.019915059020001024,2.441553694358217
1437748876471230,51.7619017133,-1.2603110318,112.053635,5735988.588223905,620058.877421423,-112.053635,30U,2.709,3.23,-0.043,0.02918131360649768,-0.021766974215181718,2.4845753087484566
1437748876562658,51.7619040613,-1.2603062692,112.05957,5735988.857176801,620059.1998438152,-112.05957,30U,2.585,3.367,-0.053,0.03667224472651152,-0.022188605354600707,2.526836550567274
1437748876654085,51.761906255,-1.2603012944,112.066994,5735989.109319907,620059.5373187541,-112.066994,30U,2.428,3.515,-0.055,0.046897486813779574,-0.022034469553062597,2.5679689188486385
1437748876758845,51.7619083388,-1.2602961276,112.070549,5735989.349557536,620059.8883345153,-112.070549,30U,2.303,3.637,0.007,0.05225268970668972,-0.021111386911558016,2.6102493760025007
1437748876865510,51.7619102918,-1.2602907526,112.068459,5735989.575592144,620060.2540644535,-112.068459,30U,2.114,3.786,0.047,0.05645740000031601,-0.01840649999986823,2.6527018000007576
1437748876972175,51.7619120983,-1.2602851962,112.062088,5735989.785633679,620060.6327008439,-112.062088,30U,1.957,3.9,0.085,0.052753758939781216,-0.01200707022134012,2.6940917304468304
1437748877076935,51.7619137914,-1.2602794697,112.057205,5735989.983344467,620061.0233760963,-112.057205,30U,1.819,4.01,0.008,0.050313665287366936,-0.00609514310596405,2.7368657916364576
1437748877168363,51.7619153886,-1.2602735895,112.061142,5735990.170643628,620061.4249120757,-112.061142,30U,1.691,4.111,-0.072,0.050890315595309016,-0.007527988055411942,2.779854290186122
1437748877259790,51.7619168612,-1.2602675636,112.068977,5735990.344326367,620061.8368328707,-112.068977,30U,1.552,4.206,-0.09,0.05705437322750092,-0.01063222092756249,2.821692469157972
1437748877365502,51.7619181897,-1.2602613985,112.076309,5735990.502213465,620062.2587416748,-112.076309,30U,1.388,4.303,-0.043,0.06514654456961759,-0.011652929957040772,2.8623902928077505
1437748877471214,51.761919341,-1.2602551165,112.082176,5735990.640587281,620062.6891874562,-112.082176,30U,1.189,4.378,-0.095,0.06795024345398866,-0.010849030877711847,2.901753134161275
1437748877562642,51.761920282,-1.260248719,112.094536,5735990.75576458,620063.1281614262,-112.094536,30U,0.982,4.462,-0.123,0.06533220160911335,-0.012920541184555651,2.9395041669700026
1437748877654069,51.761921045,-1.2602422171,112.104843,5735990.851319059,620063.574811922,-112.104843,30U,0.832,4.53,-0.042,0.06237121399114641,-0.013949789066357049,2.9760044062768523
1437748877758829,51.7619216971,-1.2602356114,112.105339,5735990.934711678,620064.0289195238,-112.105339,30U,0.698,4.599,0.02,0.05905428537938703,-0.009401421579001427,3.011842518997374
1437748877865494,51.7619222327,-1.2602289039,112.105652,5735991.005316389,620064.4903610782,-112.105652,30U,0.543,4.669,0.005,0.05925090000084318,-0.00661709999972045,3.0471967000001383
1437748877972159,51.7619226313,-1.2602221057,112.106621,5735991.060835191,620064.958425003,-112.106621,30U,0.395,4.73,-0.027,0.06247448477392106,-0.004066304662925535,3.079540715172789
1437748878076920,51.7619229231,-1.260215214,112.112579,5735991.104631127,620065.4332243975,-112.112579,30U,0.255,4.793,-0.074,0.0655922152929589,-0.003108188348486256,3.1091836946633156
1437748878168347,51.7619231069,-1.2602082291,112.117706,5735991.136570256,620065.9147417457,-112.117706,30U,0.115,4.837,-0.064,0.06614951554040051,-0.0030298450352763346,3.1373788937936657
1437748878259774,51.7619231589,-1.2602011973,112.131401,5735991.153929648,620066.3998451856,-112.131401,30U,-0.035,4.875,-0.186,0.06420604349505422,-0.005846144910612811,-3.119639206535062
1437748878365487,51.7619230884,-1.2601941004,112.147507,5735991.157773484,620066.8897659685,-112.147507,30U,-0.166,4.924,-0.121,0.06294542710735836,-0.008190948230189335,-3.094548337797134
1437748878472152,51.7619229043,-1.2601869355,112.153999,5735991.149096272,620067.3846806053,-112.153999,30U,-0.297,4.968,-0.019,0.06203828267644732,-0.006091905699970515,-3.06980407404772
1437748878578816,51.7619226027,-1.2601797115,112.153885,5735991.1274496615,620067.8839852875,-112.153885,30U,-0.422,5.001,-0.01,0.06306928011643348,-0.002741802295649557,-3.045630852742933
1437748878680481,51.7619222041,-1.2601724522,112.155922,5735991.0950742,620068.3859832692,-112.155922,30U,-0.536,5.013,-0.025,0.06428135968302955,-0.0023920539272653824,-3.0223250607047065
1437748878760480,51.7619217027,-1.2601652005,112.162987,5735991.051254262,620068.887729554,-112.162987,30U,-0.654,4.995,-0.101,0.06344201660909475,-0.004754252456549672,-3.0002515266198575
1437748878840479,51.7619210934,-1.2601579818,112.173248,5735990.995380876,620069.3874849064,-112.173248,30U,-0.777,4.971,-0.122,0.058166300000143105,-0.006091100000137258,-2.9792511071784
1437748878938810,51.7619203676,-1.260150803,112.184898,5735990.926486307,620069.8847960003,-112.184898,30U,-0.898,4.949,-0.113,0.050421139889376576,-0.005588605237963261,-2.960212507350101
1437748879045475,51.7619195506,-1.2601436341,112.195473,5735990.8474334655,620070.3816659151,-112.195473,30U,-0.966,4.952,-0.096,0.045702165052176474,-0.004818606852830433,-2.942751913105606
1437748879152141,51.7619186843,-1.2601364485,112.202278,5735990.762925696,620070.8798190642,-112.202278,30U,-1.012,4.964,-0.033,0.04604728831549616,-0.004619723310328002,-2.9254537004375387
1437748879258806,51.7619177593,-1.2601292422,112.202766,5735990.671924241,620071.379556414,-112.202766,30U,-1.103,4.972,-0.002,0.04722488126690359,-0.0023894721402427234,-2.9088352143973477
1437748879365471,51.7619167323,-1.2601220386,112.205154,5735990.569575341,620071.8793780965,-112.205154,30U,-1.23,4.964,-0.055,0.046002062792394445,-0.0013610420429343213,-2.8938963316336617
1437748879472136,51.7619156118,-1.2601148462,112.213524,5735990.4568102565,620072.378675004,-112.213524,30U,-1.315,4.962,-0.102,0.0420302129539951,-0.0022964766326280064,-2.879363690013699
1437748879578800,51.761914418,-1.2601076531,112.22348,5735990.335894945,620072.8782147239,-112.22348,30U,-1.392,4.971,-0.098,0.04003091142998243,-0.0030472097418647636,-2.864313996575055
1437748879682608,51.7619131795,-1.2601004393,112.231499,5735990.21004284,620073.3793015104,-112.231499,30U,-1.451,4.976,-0.075,0.0354156373007663,-0.0043023128630917,-2.848251826851195
1437748879774035,51.7619118568,-1.2600932337,112.238205,5735990.074813709,620073.8800458742,-112.238205,30U,-1.572,4.965,-0.066,0.02858927382122423,-0.004312111958326486,-2.8319003821904922
1437748879865462,51.7619104395,-1.2600860291,112.244125,5735989.929062856,620074.3809722611,-112.244125,30U,-1.651,4.971,-0.063,0.02734519999928199,-0.004842799999546999,-2.815814307163106
1437748879972127,51.761908957,-1.2600788169,112.251045,5735989.776073914,620074.8825961255,-112.251045,30U,-1.729,4.977,-0.071,0.02308547047864125,-0.006501276344707871,-2.7993908692066487
1437748880076888,51.7619073857,-1.2600716026,112.259842,5735989.613213352,620075.3846005498,-112.259842,30U,-1.82,4.984,-0.094,0.022305208983293367,-0.009471114527311664,-2.781915887218291
1437748880168315,51.7619057246,-1.2600643687,112.267403,5735989.440398776,620075.888195809,-112.267403,30U,-1.942,4.988,-0.065,0.020292083282234294,-0.014319396543207323,-2.7646831972472166
1437748880259742,51.7619039414,-1.2600571378,112.273842,5735989.254001017,620076.3919080555,-112.273842,30U,-2.064,4.995,-0.051,0.020478625648719766,-0.021425733016158747,-2.748538633513882
1437748880351169,51.7619020838,-1.2600498675,112.277176,5735989.059394425,620076.8985366164,-112.277176,30U,-2.125,5.033,-0.035,0.024501879278550673,-0.02944530393577745,-2.7314043394639023
1437748880442596,51.7619001487,-1.2600425625,112.279991,5735988.856226521,620077.407765386,-112.279991,30U,-2.253,5.04,-0.027,0.026040041149267123,-0.038294666037295415,-2.7135324966911516
1437748880545452,51.7618980967,-1.2600352531,112.280411,5735988.640065891,620077.9176080078,-112.280411,30U,-2.376,5.046,0.025,0.03081933265777127,-0.045109740648695766,-2.695988841983208
1437748880652116,51.761895945,-1.2600279286,112.272934,5735988.412842899,620078.428757218,-112.272934,30U,-2.499,5.05,0.12,0.030408139655420705,-0.04605936233221918,-2.677495088690994
1437748880758781,51.7618936836,-1.2600205964,112.256844,5735988.173433298,620078.9407289047,-112.256844,30U,-2.614,5.061,0.185,0.029811740727080836,-0.042604464987558724,-2.657258546264073
1437748880865446,51.7618913312,-1.2600132331,112.235039,5735987.923955173,620079.4550882101,-112.235039,30U,-2.711,5.085,0.232,0.034597700000702176,-0.03783209999970536,-2.6347556071652933
1437748880972111,51.7618888605,-1.2600058718,112.211525,5735987.661318097,620079.9696234539,-112.211525,30U,-2.862,5.063,0.214,0.03870506943698441,-0.03350013744139287,-2.6111658753824942
1437748881078776,51.7618862388,-1.259998556,112.19593,5735987.381813995,620080.4814196111,-112.19593,30U,-3.038,5.027,0.097,0.04066517302846024,-0.03308560661553027,-2.5867135522287428
1437748881185442,51.7618834486,-1.2599913032,112.190117,5735987.083467939,620080.9893155033,-112.190117,30U,-3.217,4.98,0.034,0.0404880048358592,-0.03719265490250348,-2.5619817007373697
1437748881288297,51.7618805109,-1.2599841071,112.18499,5735986.768625637,620081.4936901561,-112.18499,30U,-3.364,4.949,0.062,0.03965487388615111,-0.04084279213909083,-2.5351419219252347
1437748881379724,51.7618774487,-1.2599769515,112.176292,5735986.439871508,620081.9956004523,-112.176292,30U,-3.512,4.915,0.1,0.040490024602428114,-0.04306209651684114,-2.5050183942645994
1437748881471151,51.7618742353,-1.259969882,112.165031,5735986.094161254,620082.4919705351,-112.165031,30U,-3.697,4.839,0.14,0.0426078646323782,-0.04496231038818119,-2.4736284818612027
1437748881562578,51.7618708535,-1.2599629307,112.148705,5735985.729529277,620082.9806309288,-112.148705,30U,-3.888,4.751,0.176,0.044691427186453275,-0.044130563758586615,-2.441527649066353
1437748881654005,51.7618673108,-1.2599561069,112.130463,5735985.346794304,620083.4609199734,-112.130463,30U,-4.079,4.649,0.176,0.04400810895022855,-0.0421137305907332,-2.408351260680434
1437748881758765,51.761863595,-1.2599494322,112.112869,5735984.944564053,620083.9313794973,-112.112869,30U,-4.264,4.556,0.16,0.04554631583647707,-0.03988315202829618,-2.3748559799929305
1437748881865430,51.7618597179,-1.259942894,112.096611,5735984.524171499,620084.3928476778,-112.096611,30U,-4.443,4.447,0.134,0.047825100000155094,-0.04026050000023648,-2.3409292071744168
1437748881956858,51.7618556681,-1.2599365385,112.082703,5735984.084272816,620084.8421666524,-112.082703,30U,-4.632,4.316,0.125,0.04983931530852086,-0.04223636115025628,-2.307366169768478
1437748882048285,51.7618514451,-1.2599303765,112.07029,5735983.6247946145,620085.2785924752,-112.07029,30U,-4.816,4.174,0.104,0.04882781278961775,-0.04429846974541071,-2.274065496818137
1437748882152093,51.7618470624,-1.259924418,112.060211,5735983.147221713,620085.7013992568,-112.060211,30U,-4.963,4.043,0.104,0.051769644864029345,-0.048709415623933834,-2.2400775593199596
1437748882258758,51.7618425507,-1.2599186634,112.046753,5735982.654967483,620086.1104779324,-112.046753,30U,-5.104,3.884,0.165,0.053663382232158274,-0.050654589792906476,-2.2059885071140455
1437748882365423,51.761837916,-1.2599131583,112.028908,5735982.148624076,620086.5026658651,-112.028908,30U,-5.242,3.691,0.174,0.05483263861839356,-0.04866382394471768,-2.172180514981611
1437748882472088,51.7618331632,-1.2599079398,112.011932,5735981.628675304,620086.875389898,-112.011932,30U,-5.361,3.508,0.184,0.05556527789578423,-0.045387661269295124,-2.1390943084737275
1437748882578752,51.7618283233,-1.2599029552,111.990318,5735981.098655343,620087.2322044281,-111.990318,30U,-5.456,3.349,0.206,0.06199618815534129,-0.040583600936419266,-2.106469354770581
1437748882685417,51.7618233991,-1.2598982179,111.969978,5735980.558853503,620087.5721773294,-111.969978,30U,-5.555,3.175,0.19,0.06739547159522126,-0.037537765210244135,-2.075621514143918
1437748882792082,51.7618183859,-1.2598937555,111.95517,5735980.00870166,620087.8934164811,-111.95517,30U,-5.649,2.969,0.104,0.06949840320421506,-0.037169370295655695,-2.0473226034950143
1437748882890414,51.7618132904,-1.2598895748,111.947975,5735979.448933697,620088.1954348544,-111.947975,30U,-5.731,2.789,0.063,0.06515270000031419,-0.03793089999942798,-2.021816807179488
1437748882970413,51.7618081277,-1.2598856176,111.941093,5735978.881324664,620088.4822085727,-111.941093,30U,-5.776,2.672,0.08,0.06541767156591673,-0.0387747823588426,-1.9975445395566611
1437748883050411,51.7618029248,-1.2598818148,111.929428,5735978.30899091,620088.7584343626,-111.929428,30U,-5.815,2.558,0.144,0.067489520793012,-0.03660838113077905,-1.9746408214442235
1437748883152077,51.7617976725,-1.2598782121,111.914932,5735977.730834084,620089.0209830189,-111.914932,30U,-5.861,2.407,0.121,0.06720343490607059,-0.03316325315316022,-1.9543863331230547
1437748883258741,51.7617923841,-1.2598748198,111.904892,5735977.148316264,620089.2691084738,-111.904892,30U,-5.897,2.27,0.091,0.06503844845062533,-0.03148159574455476,-1.9363186319276526
1437748883365407,51.7617870687,-1.2598715963,111.895546,5735976.5625179345,620089.5056572617,-111.895546,30U,-5.92,2.169,0.097,0.062495170822877415,-0.030208580057887187,-1.9199949936431533
1437748883471119,51.7617817388,-1.259868512,111.888062,5735975.974877907,620089.7326388146,-111.888062,30U,-5.935,2.074,0.053,0.05876952434744619,-0.030150189324251453,-1.9057359223303445
1437748883562547,51.7617763939,-1.2598655597,111.88253,5735975.385352437,620089.9505513058,-111.88253,30U,-5.962,1.986,0.05,0.055038677691433904,-0.0303521522419103,-1.8941560926528636
1437748883653974,51.7617710349,-1.2598627216,111.87706,5735974.794070918,620090.1606206665,-111.87706,30U,-5.972,1.927,0.036,0.05362302851990148,-0.030688845725513142,-1.885221652536151
1437748883758734,51.7617656642,-1.2598599459,111.870628,5735974.201385543,620090.3664150875,-111.870628,30U,-5.995,1.886,0.081,0.05144926390131273,-0.029293697653886886,-1.877682998805096
1437748883865398,51.7617602708,-1.2598572252,111.862083,5735973.606085226,620090.5684744064,-111.862083,30U,-6.008,1.857,0.082,0.051844199999439004,-0.02626390000080909,-1.8707446071752338
1437748883972063,51.7617548529,-1.2598545608,111.854958,5735973.007967652,620090.7667136916,-111.854958,30U,-6.032,1.812,0.072,0.051375293842156236,-0.023268511196284425,-1.864133355679589
1437748884076823,51.7617494089,-1.2598519579,111.847626,5735972.4068463305,620090.9607783507,-111.847626,30U,-6.05,1.775,0.069,0.04941000839082053,-0.02038098729651404,-1.8591079548482023
1437748884168251,51.7617439452,-1.2598494101,111.842331,5735971.8034435185,620091.1510930442,-111.842331,30U,-6.059,1.752,0.036,0.05076849706243774,-0.01705181643399969,-1.8553771596514776
1437748884259678,51.7617384761,-1.2598468631,111.840454,5735971.199438883,620091.3413669032,-111.840454,30U,-6.065,1.749,0.002,0.05280200333969149,-0.014767292390302665,-1.851874036407397
1437748884365391,51.7617329982,-1.2598443477,111.841629,5735970.594403604,620091.5294835345,-111.841629,30U,-6.081,1.718,-0.006,0.054356613783200024,-0.01282291945486572,-1.850350164566539
1437748884471103,51.7617275056,-1.2598418554,111.842499,5735969.987695559,620091.7160451529,-111.842499,30U,-6.098,1.713,-0.014,0.05236351441932933,-0.010974557208990014,-1.8508314910662282
1437748884562531,51.7617220046,-1.2598393738,111.846397,5735969.38003577,620091.9018907279,-111.846397,30U,-6.104,1.725,-0.058,0.050158778927927965,-0.01294182489009842,-1.8525360072946477
1437748884653958,51.7617165047,-1.2598368509,111.850822,5735968.77256632,620092.0905834142,-111.850822,30U,-6.109,1.756,-0.036,0.04792672227581802,-0.014913709150337925,-1.8543715121414923
1437748884758718,51.761710998,-1.25983428,111.855576,5735968.164419717,620092.2826065253,-111.855576,30U,-6.118,1.79,-0.056,0.049916383077517563,-0.01676154819362777,-1.856004612097461
1437748884865382,51.7617054776,-1.2598316679,111.861084,5735967.554817435,620092.4775091226,-111.861084,30U,-6.144,1.801,-0.031,0.0505740000000938,-0.01942739999978261,-1.8575034071697993
1437748884972047,51.7616999168,-1.2598290732,111.859978,5735966.9406937715,620092.6713182495,-111.859978,30U,-6.177,1.785,0.023,0.04787680040505707,-0.018687708087740063,-1.8595546443115012
1437748885076807,51.7616943241,-1.2598264816,111.858147,5735966.323017528,620092.8649981486,-111.858147,30U,-6.201,1.808,-0.002,0.045483613340228116,-0.01753391408996566,-1.861897184898969
1437748885168235,51.7616887004,-1.2598238373,111.858803,5735965.701980677,620093.0623970275,-111.858803,30U,-6.236,1.848,0.038,0.043156946995291455,-0.018297822073624497,-1.863564798932882
1437748885259662,51.7616830446,-1.2598211506,111.856476,5735965.077443927,620093.2628070343,-111.856476,30U,-6.276,1.869,0.032,0.04185797883511473,-0.01760591203702314,-1.865154337757102
1437748885365374,51.7616773521,-1.2598184356,111.855103,5735964.448872516,620093.465267378,-111.855103,30U,-6.322,1.884,-0.004,0.04023715146372351,-0.017704576707406224,-1.8672110881146586
1437748885471087,51.7616716206,-1.2598156834,111.855209,5735963.8160253195,620093.6703983243,-111.855209,30U,-6.364,1.925,0.004,0.040622246042896874,-0.018350216489504894,-1.8691025997918012
1437748885562515,51.7616658537,-1.259812878,111.854446,5735963.179329032,620093.8792944364,-111.854446,30U,-6.414,1.948,0.014,0.0398941578860637,-0.01827186534500262,-1.8713117730865132
1437748885653942,51.7616600501,-1.2598100385,111.854118,5735962.538607634,620094.0906411296,-111.854118,30U,-6.456,1.98,0.011,0.03901778906576455,-0.01923231694837831,-1.8746504279686993
1437748885758702,51.7616542075,-1.2598071509,111.851807,5735961.893628401,620094.3054106092,-111.851807,30U,-6.5,2.014,0.023,0.038419713324563134,-0.01860822491221297,-1.8781895342470891
1437748885865366,51.7616483274,-1.2598041973,111.849678,5735961.244587623,620094.5248341237,-111.849678,30U,-6.536,2.063,0.014,0.03838129999955553,-0.017761700000392452,-1.8815082071688283
1437748885972031,51.7616424041,-1.2598011836,111.848,5735960.590841706,620094.7485196592,-111.848,30U,-6.577,2.11,0.029,0.04137495976747675,-0.017070783022974222,-1.8847950555300936
1437748886076792,51.761636444,-1.2597981107,111.844772,5735959.933100889,620094.9763881272,-111.844772,30U,-6.618,2.144,0.029,0.04414402572745334,-0.015439201000800056,-1.888285192896221
1437748886168219,51.7616304443,-1.2597949903,111.84446,5735959.271034532,620095.2076395773,-111.84446,30U,-6.655,2.181,-0.012,0.04655922719387904,-0.015115659365490473,-1.8919029785998374
1437748886259646,51.7616244066,-1.2597918257,111.845291,5735958.604815129,620095.4420420429,-111.845291,30U,-6.701,2.205,-0.008,0.04522872438288938,-0.01630568902874746,-1.8956490314299765
1437748886365359,51.7616183345,-1.2597886136,111.846352,5735957.934848457,620095.6798136926,-111.846352,30U,-6.736,2.254,-0.001,0.04488858997743024,-0.017360454786602298,-1.8989961064262457
1437748886472024,51.761612234,-1.259785322,111.847488,5735957.26185445,620095.9231468387,-111.847488,30U,-6.773,2.301,-0.007,0.044865466213144994,-0.017953317323575795,-1.9019577871895077
1437748886578689,51.7616061023,-1.2597819642,111.847885,5735956.58549983,620096.1711311174,-111.847885,30U,-6.813,2.352,0.02,0.04697477334234471,-0.019107601594809058,-1.9050070977754665
1437748886680354,51.7615999325,-1.2597785592,111.844574,5735955.904985988,620096.4224737047,-111.844574,30U,-6.864,2.364,0.038,0.04555465277864034,-0.018588496230456546,-1.908332099592686
1437748886760352,51.7615937179,-1.2597751165,111.841766,5735955.219552194,620096.6765368149,-111.841766,30U,-6.912,2.401,0.027,0.043524630169846916,-0.01812269916256071,-1.9116576132975218
1437748886840351,51.7615874623,-1.259771611,111.840202,5735954.529662365,620096.9350424468,-111.840202,30U,-6.96,2.452,0.03,0.04279889999995708,-0.018173600000716408,-1.9145976071754571
1437748886938682,51.7615811578,-1.2597680387,111.837036,5735953.834444565,620097.1982875954,-111.837036,30U,-7.007,2.493,0.026,0.04056617792885252,-0.017823070100073127,-1.9173921571119574
1437748887045347,51.7615748082,-1.2597644167,111.836014,5735953.134293212,620097.4650821566,-111.836014,30U,-7.058,2.526,0.012,0.03988163419573087,-0.018886757570911787,-1.92022306768475
1437748887152013,51.7615684109,-1.2597607419,111.834328,5735952.428924277,620097.7356469535,-111.834328,30U,-7.104,2.573,0.012,0.040673309927965966,-0.018698163740932867,-1.923100518439432
1437748887258678,51.7615619742,-1.2597569951,111.833115,5735951.719292397,620098.011284903,-111.833115,30U,-7.154,2.617,0.023,0.04046526983842886,-0.018026400078284526,-1.9258119305245844
1437748887365343,51.7615554938,-1.2597531955,111.830383,5735951.004887761,620098.290682478,-111.830383,30U,-7.201,2.65,0.044,0.041592136453189855,-0.017316461963371325,-1.928121488124194
1437748887472008,51.7615489718,-1.2597493419,111.826736,5735950.285945881,620098.573916917,-111.826736,30U,-7.249,2.69,0.023,0.04208402221579765,-0.015039854935619539,-1.9303559385512234
1437748887578673,51.7615424102,-1.2597454325,111.826233,5735949.562692134,620098.8611071282,-111.826233,30U,-7.296,2.724,0.009,0.0421381792798322,-0.015163019190647935,-1.9326867571758224
1437748887682481,51.7615358098,-1.2597414701,111.825272,5735948.835210876,620099.1520577706,-111.825272,30U,-7.342,2.765,0.018,0.04286408722372367,-0.014606804834707051,-1.9348689553946539
1437748887773907,51.7615291722,-1.259737445,111.82608,5735948.103696009,620099.4474339718,-111.82608,30U,-7.382,2.809,-0.024,0.04385262923993041,-0.014606882018402562,-1.936771733259385
1437748887865334,51.7615224942,-1.2597333685,111.826912,5735947.367773069,620099.7464644427,-111.826912,30U,-7.433,2.831,0.004,0.044081499999896356,-0.014408200000342212,-1.9384321071788684
1437748887971999,51.7615157658,-1.2597292671,111.827087,5735946.626286349,620100.0473470296,-111.827087,30U,-7.481,2.858,0.001,0.04324078143895939,-0.013643606589234202,-1.9404209413647089
1437748888076760,51.7615089998,-1.2597251117,111.827782,5735945.880707216,620100.3520558793,-111.827782,30U,-7.52,2.9,-0.005,0.04435680266152431,-0.014035000450886431,-1.9420890270214923
1437748888168187,51.7615021944,-1.2597209022,111.829155,5735945.130835662,620100.6606026707,-111.829155,30U,-7.564,2.934,-0.009,0.04455274115115488,-0.014763079050296623,-1.9433582816091428
1437748888259614,51.7614953475,-1.2597166537,111.831436,5735944.376413287,620100.9719509702,-111.831436,30U,-7.614,2.954,-0.013,0.04413903724309325,-0.016022236628971807,-1.9445188050118278
1437748888351041,51.761488457,-1.2597123723,111.83271,5735943.617196514,620101.2856854061,-111.83271,30U,-7.661,2.986,0.004,0.04519599369633729,-0.01765825544565615,-1.9455643734203407
1437748888442468,51.7614815273,-1.2597080453,111.831963,5735942.853695564,620101.6026706983,-111.831963,30U,-7.711,3.005,0.015,0.042828389526312405,-0.017982434187229238,-1.9464003828159204
1437748888545324,51.7614745555,-1.2597036868,111.830185,5735942.085564722,620101.92194154,-111.830185,30U,-7.757,3.033,0.017,0.04204897510906369,-0.01755662795145877,-1.9471624076870546
1437748888651989,51.7614675443,-1.2596992852,111.827103,5735941.313123345,620102.2442912532,-111.827103,30U,-7.803,3.06,0.043,0.04047251208739599,-0.016142253268215365,-1.9478507572886337
1437748888758654,51.7614604916,-1.2596948507,111.82457,5735940.536121106,620102.5690215391,-111.82457,30U,-7.855,3.074,0.022,0.03798237776314924,-0.015178415542831232,-1.9486633643496718
1437748888865319,51.7614533961,-1.2596903869,111.823288,5735939.754407508,620102.8958874212,-111.823288,30U,-7.896,3.109,0.008,0.03715539999964432,-0.014565399999653566,-1.9495133071799091
1437748888971984,51.7614462592,-1.2596858782,111.82402,5735938.968163929,620103.2259617025,-111.82402,30U,-7.939,3.139,-0.006,0.037121907424513864,-0.015247891510063533,-1.950449218209582
1437748889078648,51.7614390834,-1.2596813325,111.824715,5735938.177655377,620103.558692593,-111.824715,30U,-7.986,3.158,-0.011,0.037310706164873614,-0.015770513782671986,-1.951515464493674
1437748889185313,51.7614318664,-1.2596767524,111.826118,5735937.382621798,620103.8939067767,-111.826118,30U,-8.028,3.187,0.009,0.03742232805664908,-0.016450824259835493,-1.9529373273375406
1437748889288169,51.7614246133,-1.2596721265,111.824471,5735936.583649113,620104.2323774078,-111.824471,30U,-8.066,3.22,0.025,0.03749560007835255,-0.01504626413718937,-1.9542872724933147
1437748889379596,51.7614173254,-1.2596674539,111.822845,5735935.780883378,620104.5741631442,-111.822845,30U,-8.106,3.252,0.019,0.03828400849314138,-0.01353171828167507,-1.9558918081987593
1437748889471023,51.761410005,-1.2596627295,111.821335,5735934.974588767,620104.9196098236,-111.821335,30U,-8.143,3.287,0.007,0.03918942195536953,-0.012143719626698368,-1.9575439154186003
1437748889562450,51.7614026532,-1.2596579591,111.822769,5735934.164878054,620105.268314283,-111.822769,30U,-8.179,3.316,-0.014,0.039315910664687904,-0.011997645319460973,-1.959523014978178
1437748889653878,51.7613952701,-1.2596531438,111.825348,5735933.35176055,620105.6202003547,-111.825348,30U,-8.217,3.346,-0.026,0.038739816029437095,-0.011915251481029607,-1.9617976681569562
1437748889758638,51.761387857,-1.2596482783,111.828926,5735932.535389552,620105.975630327,-111.828926,30U,-8.25,3.388,-0.02,0.038842630462717555,-0.01269884523927054,-1.9641555322640174
1437748889865303,51.7613804167,-1.2596433505,111.831451,5735931.716096365,620106.335431765,-111.831451,30U,-8.279,3.427,-0.022,0.038642199999992494,-0.012477100000651367,-1.966463307166876
1437748889956730,51.7613729435,-1.2596383757,111.834175,5735930.893221917,620106.6985639816,-111.834175,30U,-8.312,3.463,-0.021,0.03915107856221439,-0.012156009008324446,-1.9688264866916276
1437748890048157,51.7613654419,-1.2596333466,111.835571,5735930.067278658,620107.0655187923,-111.835571,30U,-8.345,3.501,-0.009,0.03983786419344951,-0.011056469315603877,-1.9712841939642523
1437748890151965,51.7613579131,-1.2596282644,111.838623,5735929.238398065,620107.4362102052,-111.838623,30U,-8.373,3.538,-0.032,0.040313274791428724,-0.011062020286420627,-1.9736956401854953
1437748890258630,51.7613503591,-1.2596231305,111.841942,5735928.406800239,620107.8105363066,-111.841942,30U,-8.403,3.568,-0.032,0.04005322954679429,-0.011026010049409559,-1.9761414906860195
1437748890365295,51.7613427823,-1.2596179452,111.846313,5735927.572751589,620108.1884700236,-111.846313,30U,-8.423,3.613,-0.051,0.041789088656229934,-0.011103796834716883,-1.9785818547963998
1437748890471960,51.7613351849,-1.2596126986,111.850838,5735926.73651307,620108.5706886967,-111.850838,30U,-8.45,3.646,-0.039,0.0416721998285202,-0.012470039567868397,-1.981020689998356
1437748890578625,51.7613275636,-1.2596074115,111.855095,5735925.897683446,620108.9557657279,-111.855095,30U,-8.479,3.671,-0.041,0.041385019112246964,-0.01508630318229,-1.9835986833035393
1437748890685290,51.7613199243,-1.2596020656,111.85955,5735925.056948974,620109.3449483009,-111.85955,30U,-8.501,3.716,-0.021,0.04021218497906868,-0.01881371648593895,-1.9860165763870667
1437748890791955,51.7613122628,-1.2595966694,111.859596,5735924.21382859,620109.7376609994,-111.859596,30U,-8.529,3.744,0.017,0.03972343959611065,-0.01994296998855037,-1.9882900621325617
1437748890890287,51.7613045775,-1.2595912272,111.856087,5735923.368137285,620110.1336113386,-111.856087,30U,-8.55,3.783,0.064,0.0400615999992792,-0.01951550000021715,-1.9908446071661374
1437748890970285,51.7612968684,-1.2595857423,111.849731,5735922.51986962,620110.5325715964,-111.849731,30U,-8.576,3.806,0.055,0.039044915655422785,-0.01704600546846559,-1.9933868653086717
1437748891050284,51.7612891422,-1.2595802063,111.845406,5735921.669784516,620110.9351036578,-111.845406,30U,-8.59,3.852,0.045,0.03891535064796346,-0.015298386452703058,-1.9958996374573978
1437748891151949,51.7612814034,-1.2595746134,111.842667,5735920.818391954,620111.3415958245,-111.842667,30U,-8.604,3.881,0.002,0.03750294889188783,-0.01319006359844434,-1.9982365611739066
1437748891258614,51.7612736499,-1.2595689838,111.844154,5735919.965425134,620111.7506597185,-111.844154,30U,-8.619,3.911,-0.013,0.0361635016088209,-0.012791356583824107,-2.0007190924390157
1437748891365279,51.7612658886,-1.2595633023,111.847252,5735919.111676413,620112.1633259451,-111.847252,30U,-8.625,3.946,-0.038,0.03702670923109798,-0.0140096555509245,-2.0030448499054896
1437748891470991,51.7612581208,-1.2595575755,111.851669,5735918.257279491,620112.5791356051,-111.851669,30U,-8.637,3.97,-0.038,0.036201436490211306,-0.015956898156717577,-2.0055711945547836
1437748891562419,51.7612503443,-1.2595518144,111.854317,5735917.401971597,620112.997335454,-111.854317,30U,-8.646,3.995,-0.005,0.03656535269969824,-0.01681544432395784,-2.008373232651906
1437748891653846,51.7612425659,-1.2595460011,111.853539,5735916.546538414,620113.4191426833,-111.853539,30U,-8.644,4.037,0.022,0.03710871833263969,-0.01627414391468566,-2.0109600175645044
1437748891758606,51.7612347849,-1.2595401465,111.851837,5735915.690884151,620113.8438069697,-111.851837,30U,-8.652,4.057,0.014,0.036830324211195586,-0.015009252936398992,-2.013588993507935
1437748891865271,51.7612270001,-1.2595342525,111.851318,5735914.834872229,620114.2712003848,-111.851318,30U,-8.653,4.091,-0.001,0.03674160000073538,-0.014298500000561864,-2.016243507178794
1437748891971936,51.7612192139,-1.2595283116,111.852219,5735913.978781896,620114.7018341175,-111.852219,30U,-8.652,4.121,-0.013,0.036794924259973404,-0.015012659337388011,-2.0188076945281686
1437748892076695,51.7612114271,-1.2595223306,111.854393,5735913.12269092,620115.1352367939,-111.854393,30U,-8.656,4.148,-0.015,0.036301678992343406,-0.015346772426740936,-2.0213477393488657
1437748892168123,51.7612036367,-1.259516314,111.855965,5735912.26625827,620115.5711058426,-111.855965,30U,-8.66,4.171,0.004,0.03588682633125738,-0.015134488000150268,-2.024208942327395
1437748892259550,51.7611958459,-1.2595102544,111.85598,5735911.409851993,620116.0099434296,-111.85598,30U,-8.656,4.206,0.0,0.03473912841774902,-0.014323178299941265,-2.027318579101938
1437748892365263,51.7611880573,-1.2595041488,111.856834,5735910.553766172,620116.4519496786,-111.856834,30U,-8.653,4.238,-0.007,0.034152545317115465,-0.013216221156867254,-2.0304615512463156
1437748892470975,51.7611802729,-1.2594979921,111.858414,5735909.698231616,620116.8974712227,-111.858414,30U,-8.651,4.274,-0.013,0.033409991511903936,-0.012418809899209645,-2.0334419723602477
1437748892562403,51.7611724908,-1.2594917927,111.861443,5735908.843023201,620117.3459334427,-111.861443,30U,-8.65,4.296,-0.041,0.031998225362853974,-0.013089122229827834,-2.0364833386612373
1437748892653830,51.7611647114,-1.2594855488,111.865707,5735907.988188376,620117.7974594901,-111.865707,30U,-8.649,4.332,-0.041,0.031850834014455064,-0.014807182242913506,-2.0395603217740987
1437748892758590,51.7611569347,-1.2594792555,111.869438,5735907.133735207,620118.2523875053,-111.869438,30U,-8.645,4.363,-0.02,0.03161858880698805,-0.016641265646491356,-2.0426775845204626
1437748892865255,51.761149159,-1.2594729184,111.870644,5735906.279465425,620118.7103355597,-111.870644,30U,-8.644,4.395,-0.003,0.030367400000251746,-0.01654340000005714,-2.0458132071706263
1437748892971920,51.7611413829,-1.2594665347,111.869087,5735905.425227954,620119.1715005913,-111.869087,30U,-8.641,4.427,0.024,0.029712573754429684,-0.015014517093769102,-2.048824927902353
1437748893076681,51.7611336128,-1.2594600992,111.867744,5735904.57174308,620119.6362244559,-111.867744,30U,-8.633,4.468,0.007,0.03173175429587924,-0.013598722545036624,-2.0517429903743336
1437748893168107,51.7611258474,-1.2594536136,111.868668,5735903.718863432,620120.1043932922,-111.868668,30U,-8.63,4.491,-0.025,0.032021055194494566,-0.013685881610546145,-2.0548873069458335
1437748893259534,51.7611180835,-1.2594470945,111.871307,5735902.866205814,620120.5748700652,-111.871307,30U,-8.626,4.521,-0.034,0.03196952886698687,-0.013875595887799642,-2.0582764602246657
1437748893365247,51.7611103296,-1.2594405222,111.874702,5735902.014747924,620121.0489916691,-111.874702,30U,-8.612,4.562,-0.027,0.03323407195752038,-0.014310570165343236,-2.061388904745283
1437748893470959,51.7611025878,-1.2594339056,111.876854,5735901.164708642,620121.5261383627,-111.876854,30U,-8.598,4.583,-0.022,0.0336934385901707,-0.014390278935148123,-2.064566386813721
1437748893562387,51.7610948607,-1.2594272569,111.879471,5735900.316357006,620122.0054613479,-111.879471,30U,-8.581,4.604,-0.019,0.03380968163907589,-0.01570130966268799,-2.067944753975229
1437748893653814,51.7610871551,-1.259420573,111.882019,5735899.4704543315,620122.4871565013,-111.882019,30U,-8.557,4.629,-0.018,0.03327116653268913,-0.017126793898945763,-2.071185967875768
1437748893758574,51.7610794706,-1.2594138553,111.883278,5735898.626953824,620122.9711282735,-111.883278,30U,-8.533,4.654,-0.002,0.03281934980342918,-0.017941852313315312,-2.074323941484434
1437748893865239,51.761071809,-1.2594071017,111.883011,5735897.786059118,620123.4575168048,-111.883011,30U,-8.508,4.673,0.018,0.031651199999572895,-0.018600700000192153,-2.0773681071713703
1437748893971904,51.7610641651,-1.2594003265,111.881821,5735896.947168389,620123.9453490841,-111.881821,30U,-8.487,4.694,0.012,0.032308020257885414,-0.018492684662019,-2.0807438180988367
1437748894076664,51.7610565436,-1.2593935135,111.880043,5735896.110830987,620124.4357305653,-111.880043,30U,-8.46,4.723,0.03,0.0335216355693609,-0.01758137929286737,-2.084177884895241
1437748894168091,51.7610489415,-1.2593866627,111.877525,5735895.276713295,620124.9286692123,-111.877525,30U,-8.445,4.743,0.014,0.0324271984165217,-0.01568922005842941,-2.0876002365879205
1437748894259518,51.7610413546,-1.2593797737,111.876556,5735894.444348909,620125.4242037772,-111.876556,30U,-8.421,4.782,0.001,0.033761642186198364,-0.014775562306586672,-2.0909464346958675
1437748894365231,51.7610337872,-1.2593728278,111.877762,5735893.614246811,620125.923613298,-111.877762,30U,-8.405,4.815,-0.024,0.03529801793408221,-0.015000285727917556,-2.0941673455477363
1437748894471896,51.7610262306,-1.2593658381,111.880188,5735892.785417938,620126.4260168632,-111.880188,30U,-8.4,4.838,-0.011,0.035505561641508074,-0.016173984861981093,-2.0976606794494823
1437748894578561,51.76101868,-1.2593588108,111.882126,5735891.957318283,620126.9309993653,-111.882126,30U,-8.389,4.874,-0.02,0.036834351848169224,-0.017450950483563994,-2.1012527409546933
1437748894680226,51.7610111412,-1.2593517257,111.881981,5735891.130626117,620127.4399393725,-111.881981,30U,-8.373,4.912,0.019,0.037463213610871536,-0.01789220981391707,-2.1046121024405786
1437748894760225,51.7610036119,-1.2593445939,111.879959,5735890.305067386,620127.9520770027,-111.879959,30U,-8.372,4.938,0.018,0.0377568514763998,-0.01560845394547438,-2.1080065835987516
1437748894840224,51.7609960855,-1.2593374197,111.877464,5735889.479901041,620128.4671330403,-111.877464,30U,-8.363,4.975,0.031,0.038631400000319595,-0.013655800000440702,-2.1115874071732548
1437748894938555,51.7609885697,-1.2593301941,111.877068,5735888.655998198,620128.9857081209,-111.877068,30U,-8.347,5.009,-0.017,0.039098538762152635,-0.01238456774181737,-2.1154709115585857
1437748895045220,51.7609810657,-1.2593229156,111.880882,5735887.83349478,620129.5079025738,-111.880882,30U,-8.337,5.045,-0.046,0.03999209177487167,-0.01237898849841207,-2.1195508654746784
1437748895151885,51.760973573,-1.2593155796,111.884636,5735887.0123427585,620130.0340351643,-111.884636,30U,-8.323,5.089,-0.042,0.03964440549554543,-0.012688744086883428,-2.1238475527366747
1437748895258549,51.7609660918,-1.259308186,111.88945,5735886.192564542,620130.5641122645,-111.88945,30U,-8.312,5.13,-0.058,0.039120913324657836,-0.014138498611665377,-2.128171387547988
1437748895365215,51.7609586243,-1.2593007263,111.893829,5735885.374418785,620131.0987146057,-111.893829,30U,-8.295,5.174,-0.033,0.04057800545970659,-0.0157465948027463,-2.132394974155179
1437748895471880,51.7609511645,-1.259293204,111.895927,5735884.557232487,620131.6376165862,-111.895927,30U,-8.297,5.211,-0.011,0.03924089318108741,-0.016588927653615016,-2.1368980589756075
1437748895578545,51.7609437068,-1.2592856322,111.895256,5735883.740361317,620132.1799290675,-111.895256,30U,-8.287,5.252,0.014,0.03721683830853749,-0.01654614166447527,-2.141419259214115
1437748895682353,51.7609362621,-1.2592779835,111.894386,5735882.925062557,620132.727513942,-111.894386,30U,-8.273,5.313,0.021,0.0363507009521434,-0.01667856333784246,-2.145480459305596
1437748895773780,51.7609288249,-1.2592702686,111.892548,5735882.110706949,620133.2796474225,-111.892548,30U,-8.271,5.344,0.008,0.034029714934846335,-0.015994882633384014,-2.149592878492531
1437748895865207,51.7609213902,-1.2592625015,111.891609,5735881.2967154,620133.8353766695,-111.891609,30U,-8.262,5.391,0.01,0.03246000000009334,-0.01583370000041379,-2.153914207168118
1437748895971872,51.7609139644,-1.2592546619,111.890869,5735880.483833073,620134.396085562,-111.890869,30U,-8.254,5.439,0.004,0.03270608768263862,-0.015673280804128987,-2.1582139033777445
1437748896076632,51.760906546,-1.2592467551,111.891106,5735879.671884429,620134.9614123415,-111.891106,30U,-8.248,5.482,0.003,0.031306118903407947,-0.01617622170038506,-2.162675186026698
1437748896168059,51.7608991295,-1.2592387853,111.890701,5735878.8602509145,620135.531081774,-111.890701,30U,-8.241,5.533,0.006,0.03117318209960268,-0.016277462878169814,-2.167101855620086
1437748896259486,51.7608917259,-1.2592307284,111.890419,5735878.050195503,620136.1067277619,-111.890419,30U,-8.227,5.595,0.011,0.03238036437354674,-0.016210670073664446,-2.17133378107883
1437748896350913,51.7608843221,-1.2592226079,111.889244,5735877.240222681,620136.6867633872,-111.889244,30U,-8.241,5.624,0.01,0.03053294587083082,-0.016526889000328372,-2.175773285317391
1437748896442340,51.7608769175,-1.259214421,111.888443,5735876.430270339,620137.2713834681,-111.888443,30U,-8.23,5.69,0.003,0.030802211855709815,-0.016723418674864505,-2.180131240390556
1437748896545196,51.7608695231,-1.259206141,111.886971,5735875.621605731,620137.8624013279,-111.886971,30U,-8.228,5.737,0.029,0.02998745385090178,-0.01654668264149423,-2.184003506216861
1437748896651861,51.7608621226,-1.2591978068,111.885185,5735874.8123521125,620138.4571758168,-111.885185,30U,-8.23,5.782,0.008,0.030260251364659867,-0.01609507714943365,-2.1883456720991354
1437748896758526,51.7608547282,-1.2591893917,111.883728,5735874.0039101895,620139.0575170714,-111.883728,30U,-8.218,5.842,0.015,0.033596011944657916,-0.01520916619698016,-2.19258438954157
1437748896865191,51.7608473381,-1.2591808966,111.883118,5735873.196078307,620139.6633677669,-111.883118,30U,-8.225,5.886,0.005,0.03390489999977128,-0.014635500000633267,-2.197058107172752
1437748896971856,51.7608399455,-1.2591723359,111.883003,5735872.388076547,620140.273752236,-111.883003,30U,-8.215,5.944,-0.017,0.03674817323532964,-0.015281501437642234,-2.201532503789373
1437748897078521,51.7608325677,-1.2591636775,111.884216,5735871.5818816535,620140.8908397241,-111.884216,30U,-8.203,6.009,-0.007,0.038741884529089374,-0.016013769380526583,-2.205405882908848
1437748897185186,51.7608251899,-1.2591549492,111.884041,5735870.775801985,620141.5127510886,-111.884041,30U,-8.207,6.05,0.022,0.040700249524793466,-0.015838491683192752,-2.2091694057692144
1437748897288041,51.7608178118,-1.2591461549,111.882309,5735869.969797755,620142.1392179984,-111.882309,30U,-8.209,6.096,0.014,0.039749586216555145,-0.01520539017190748,-2.2124339008086316
1437748897379468,51.760810431,-1.2591373034,111.881859,5735869.163587571,620142.7696395515,-111.881859,30U,-8.209,6.134,0.005,0.04092145726658021,-0.01612248440199824,-2.2149648290765134
1437748897470895,51.7608030466,-1.2591283971,111.881439,5735868.357067396,620143.4038525198,-111.881439,30U,-8.222,6.162,0.013,0.039248609986823495,-0.01575547148274476,-2.2173360274467004
1437748897562323,51.7607956484,-1.2591194589,111.880501,5735867.549065204,620144.040303689,-111.880501,30U,-8.232,6.191,0.019,0.03732803526849063,-0.014679826815305896,-2.219943418414579
1437748897653750,51.7607882529,-1.2591104645,111.879707,5735866.741455931,620144.680626164,-111.879707,30U,-8.226,6.228,-0.007,0.03551026233154648,-0.01390618722305846,-2.222137435619133
1437748897758510,51.7607808543,-1.2591014292,111.881577,5735865.933569374,620145.3237795143,-111.881577,30U,-8.23,6.255,-0.02,0.034733267942460025,-0.014442342801376159,-2.2242149323564417
1437748897865175,51.7607734558,-1.2590923463,111.882492,5735865.125772434,620145.9702176027,-111.882492,30U,-8.229,6.289,-0.01,0.034270700000715755,-0.013794500000118438,-2.2257886071675057
1437748897956602,51.7607660535,-1.2590832271,111.883041,5735864.317612791,620146.619170989,-111.883041,30U,-8.238,6.306,-0.001,0.033523692315966004,-0.01201488944125138,-2.227003790669531
1437748898048030,51.760758647,-1.2590740753,111.883675,5735863.509039871,620147.2703854056,-111.883675,30U,-8.238,6.331,-0.022,0.035836493126534315,-0.01043736420871026,-2.2281221701303666
1437748898151838,51.7607512369,-1.2590648929,111.887596,5735862.700117102,620147.9237212427,-111.887596,30U,-8.245,6.35,-0.05,0.03624517971216063,-0.011558667596952506,-2.229649861083241
1437748898258502,51.760743819,-1.2590556876,111.893837,5735861.890364729,620148.5786582871,-111.893837,30U,-8.253,6.372,-0.062,0.036192766340259225,-0.014270714604961538,-2.231031632056126
1437748898365167,51.7607363983,-1.2590464417,111.897568,5735861.080367952,620149.236404716,-111.897568,30U,-8.256,6.399,-0.009,0.03510781577098027,-0.015559604518452256,-2.2320728461823145
1437748898471832,51.760728969,-1.2590371653,111.89817,5735860.269465127,620149.8962789443,-111.89817,30U,-8.27,6.417,0.007,0.0366478610352192,-0.015043355511084336,-2.233034378732673
1437748898578497,51.7607215322,-1.259027858,111.896957,5735859.457779247,620150.5583056544,-111.896957,30U,-8.282,6.431,0.01,0.03500282818810558,-0.014546093905742278,-2.234102027702978
1437748898685162,51.7607140811,-1.2590185373,111.898308,5735858.644525279,620151.2212952517,-111.898308,30U,-8.294,6.441,-0.034,0.03651009006557565,-0.01652904258652702,-2.2353207018111485
1437748898791827,51.7607066362,-1.2590091643,111.899689,5735857.832047036,620151.887877746,-111.899689,30U,-8.277,6.489,0.004,0.04139083443237755,-0.019036702596060426,-2.2361207137036394
1437748898890159,51.7606991791,-1.258999768,111.898674,5735857.018250551,620152.5561007403,-111.898674,30U,-8.311,6.487,0.011,0.040566600000080194,-0.018895200000775044,-2.237012107178587
1437748898970158,51.7606917111,-1.2589903418,111.89241,5735856.203291262,620153.2264162404,-111.89241,30U,-8.295,6.53,0.039,0.04240470339259889,-0.016410036433579172,-2.2372616336554323
1437748899050156,51.7606842454,-1.2589808881,111.890411,5735855.388633142,620153.8986235824,-111.890411,30U,-8.318,6.529,0.019,0.04747676539558893,-0.01689603754459717,-2.237612824060223
1437748899151822,51.7606767711,-1.258971425,111.890457,5735854.573034219,620154.5715026499,-111.890457,30U,-8.325,6.536,0.003,0.048303426332965395,-0.017809603048807618,-2.2383380601657983
1437748899258486,51.7606692828,-1.258961966,111.888229,5735853.755871743,620155.2441361652,-111.888229,30U,-8.326,6.541,0.031,0.04719327068205089,-0.016933083177243027,-2.2391732507925197
1437748899365151,51.7606618021,-1.2589524794,111.885422,5735852.939599995,620155.9186543538,-111.885422,30U,-8.32,6.556,0.022,0.04863974382552347,-0.014996926073827225,-2.2393416395304335
1437748899470863,51.76065432,-1.2589429866,111.883698,5735852.123182859,620156.5936043262,-111.883698,30U,-8.324,6.555,-0.001,0.04868462279255826,-0.01222353810091872,-2.240153312456349
1437748899562291,51.7606468356,-1.2589334965,111.885124,5735851.306505589,620157.2683742956,-111.885124,30U,-8.327,6.554,-0.03,0.04779834493873474,-0.011441601902812357,-2.2410690913749
1437748899653718,51.7606393599,-1.2589239857,111.890915,5735850.490830008,620157.9445498602,-111.890915,30U,-8.31,6.579,-0.081,0.04790584630013246,-0.014784561578511794,-2.241669403741575
1437748899758478,51.760631889,-1.2589144544,111.898346,5735849.675722078,620158.6221275722,-111.898346,30U,-8.313,6.585,-0.066,0.04938148256895562,-0.02164738290569556,-2.2422557593909005
1437748899865143,51.760624411,-1.2589049174,111.900459,5735848.859834066,620159.3001176986,-111.900459,30U,-8.32,6.589,0.04,0.05226739999961464,-0.026437299999629793,-2.243380407166838
1437748899971808,51.7606169309,-1.258895362,111.890823,5735848.043742924,620159.9793833755,-111.890823,30U,-8.327,6.603,0.15,0.05027796880470485,-0.02348824731484313,-2.2442186108078066
1437748900076569,51.7606094457,-1.2588857941,111.876762,5735847.227105314,620160.6595254174,-111.876762,30U,-8.32,6.627,0.163,0.05201704627684656,-0.01938602165882717,-2.2451838189517566
1437748900167996,51.760601971,-1.2588762005,111.86763,5735846.411677804,620161.341413321,-111.86763,30U,-8.324,6.615,0.033,0.05022539384323998,-0.016933613237227516,-2.2460658224157024
1437748900259423,51.7605944893,-1.2588666006,111.865463,5735845.595482319,620162.0237547808,-111.865463,30U,-8.315,6.639,0.027,0.05162557738348978,-0.016732015248716644,-2.24730600615356
1437748900365135,51.760587019,-1.2588569685,111.863937,5735844.780607732,620162.7082882703,-111.863937,30U,-8.311,6.656,0.0,0.04735229523110898,-0.014642664866937362,-2.2485014108340104
1437748900470847,51.7605795396,-1.2588473432,111.864044,5735843.964710053,620163.392376878,-111.864044,30U,-8.32,6.647,-0.0,0.04023590279409011,-0.01179547433237535,-2.2494119383186413
1437748900562275,51.7605720714,-1.2588376909,111.867683,5735843.150102461,620164.078299202,-111.867683,30U,-8.296,6.673,-0.052,0.037738148001046,-0.012290860239351607,-2.2496430060013313
1437748900653702,51.7605646046,-1.2588280421,111.875488,5735842.335644883,620164.7639764949,-111.875488,30U,-8.321,6.645,-0.077,0.03284317982915888,-0.016579155651126207,-2.250528059410691
1437748900758462,51.7605571248,-1.258818398,111.880325,5735841.51973397,620165.449364181,-111.880325,30U,-8.314,6.671,0.001,0.030563610822332162,-0.01933046595425257,-2.2514693603138003
1437748900865127,51.7605496531,-1.258808722,111.87693,5735840.704776479,620166.1369319572,-111.87693,30U,-8.31,6.683,0.051,0.03308960000041733,-0.018926400000411875,-2.251762107164311
1437748900971792,51.7605421901,-1.2587990208,111.87146,5735839.890828095,620166.8262158735,-111.87146,30U,-8.306,6.699,0.065,0.03407694258796487,-0.016418553556553098,-2.251492063329817
1437748901076553,51.7605347196,-1.2587893213,111.867012,5735839.076042957,620167.5154026072,-111.867012,30U,-8.314,6.699,0.023,0.0362289522917834,-0.01401197754045201,-2.2514638820219846
1437748901167980,51.7605272565,-1.258779607,111.865944,5735838.262105224,620168.2055912404,-111.865944,30U,-8.304,6.707,-0.032,0.04050099726577859,-0.013557188143720787,-2.251186145666266
1437748901259407,51.7605197843,-1.2587699012,111.870178,5735837.4471416,620168.8952176796,-111.870178,30U,-8.319,6.698,-0.052,0.04061117608267659,-0.014568024519317631,-2.2515531598543737
1437748901365119,51.7605123064,-1.2587601929,111.87336,5735836.63154831,620169.5850319947,-111.87336,30U,-8.312,6.716,-0.04,0.0437389820715816,-0.015587632661426267,-2.2519014140044975
1437748901470831,51.7605048322,-1.258750463,111.876625,5735835.816402166,620170.276327295,-111.876625,30U,-8.316,6.719,-0.037,0.04344348212998234,-0.018833884311733797,-2.252089395878407
1437748901562259,51.7604973494,-1.2587407318,111.878319,5735835.000301884,620170.9677353618,-111.878319,30U,-8.327,6.721,0.009,0.04235532856736671,-0.023700731972586903,-2.252169257345323
1437748901653686,51.7604898589,-1.2587309933,111.874428,5735834.1833574325,620171.6596678587,-111.874428,30U,-8.338,6.728,0.076,0.040456343339752225,-0.026561002158152335,-2.252330311529042
1437748901758446,51.7604823561,-1.2587212527,111.861954,5735833.365048698,620172.3517781539,-111.861954,30U,-8.355,6.723,0.146,0.039034830233688214,-0.023985187154774955,-2.252575152076098
1437748901865111,51.7604748463,-1.258711503,111.847031,5735832.545976608,620173.0445352376,-111.847031,30U,-8.356,6.738,0.147,0.03817890000083743,-0.01872429999935759,-2.2529946071774027
1437748901971776,51.760467335,-1.2587017392,111.836823,5735831.726761033,620173.7382695511,-111.836823,30U,-8.355,6.749,0.052,0.03752264170014681,-0.015055769814651628,-2.2535353692067064
1437748902076536,51.7604598261,-1.2586919571,111.835052,5735830.9078426,620174.4332605754,-111.835052,30U,-8.35,6.76,-0.012,0.03714879588668494,-0.016057220020716086,-2.254201346828867
1437748902167964,51.760452323,-1.2586821562,111.836914,5735830.089600237,620175.129533788,-111.836914,30U,-8.347,6.775,-0.011,0.03697463740965922,-0.016457924576882527,-2.255308671321861
1437748902259391,51.7604448191,-1.2586723355,111.837097,5735829.271301629,620175.8271757239,-111.837097,30U,-8.342,6.791,0.015,0.04058989822573214,-0.01614554790704573,-2.256749155816555
1437748902365104,51.7604373253,-1.2586624832,111.836876,5735828.45417837,620176.5269717458,-111.836876,30U,-8.337,6.806,-0.021,0.039393218189563955,-0.017642372860451207,-2.2579181400518546
1437748902471769,51.7604298283,-1.2586526215,111.839752,5735827.636714835,620177.2274251716,-111.839752,30U,-8.341,6.82,0.013,0.03898163018604241,-0.022316286760843376,-2.2590852190333828
1437748902578433,51.7604223371,-1.2586427274,111.835602,5735826.8199497815,620177.930099309,-111.835602,30U,-8.342,6.833,0.059,0.03857338423496569,-0.022950177534451003,-2.2599896305177953
1437748902680098,51.760414835,-1.2586328339,111.825882,5735826.001971686,620178.6327612088,-111.825882,30U,-8.346,6.837,0.113,0.038739368748673696,-0.020255665269987448,-2.2614878816582724
1437748902760097,51.7604073382,-1.2586229138,111.81601,5735825.184626915,620179.3372448994,-111.81601,30U,-8.335,6.859,0.08,0.039066716515985554,-0.01631831319594,-2.2628104101873188
1437748902840095,51.7603998495,-1.2586129658,111.810684,5735824.368228983,620180.0436326546,-111.810684,30U,-8.324,6.88,0.029,0.04048740000073357,-0.013977999999408948,-2.263972307164125
1437748902938427,51.7603923686,-1.2586029934,111.811218,5735823.552738766,620180.7516837423,-111.811218,30U,-8.325,6.886,-0.027,0.038761897008363494,-0.015226148946988436,-2.265055889035733
1437748903045092,51.7603848892,-1.2585930108,111.815208,5735822.737432265,620181.460434964,-111.815208,30U,-8.318,6.9,-0.041,0.037696474715154936,-0.01862980805342353,-2.2662361801073385
1437748903151758,51.7603774122,-1.2585830094,111.816406,5735821.922423736,620182.1704774074,-111.816406,30U,-8.319,6.912,0.013,0.03773780028782577,-0.020641864632105343,-2.2674073244144806
1437748903258423,51.7603699351,-1.2585729934,111.812202,5735821.107428244,620182.8815278742,-111.812202,30U,-8.319,6.92,0.063,0.03590188796943272,-0.020137357814227076,-2.2687782486547565
1437748903365088,51.7603624582,-1.2585629633,111.805435,5735820.292478325,620183.5935510629,-111.805435,30U,-8.311,6.938,0.066,0.03543794978365534,-0.01894697050508109,-2.27023187464096
1437748903471753,51.7603549932,-1.2585529005,111.79924,5735819.478905748,620184.3077994738,-111.79924,30U,-8.301,6.957,0.052,0.03545357818783467,-0.016990046303109126,-2.2715424524293795
1437748903578417,51.7603475363,-1.2585428179,111.79435,5735818.6662666695,620185.0233929808,-111.79435,30U,-8.289,6.969,0.043,0.037609953522108455,-0.013916908246582708,-2.2734601145317845
1437748903682225,51.760340092,-1.2585327095,111.792603,5735817.855071406,620185.7407336883,-111.792603,30U,-8.271,6.989,-0.004,0.03910577588334243,-0.011570399885189313,-2.275986908516094
1437748903773652,51.7603326645,-1.2585225682,111.79599,5735817.045798726,620186.4603004094,-111.79599,30U,-8.254,7.013,-0.052,0.03944104958174134,-0.012601080488575054,-2.278430592888484
1437748903865079,51.7603252553,-1.2585123932,111.802406,5735816.238616759,620187.1821443667,-111.802406,30U,-8.236,7.037,-0.059,0.039736300000598766,-0.015481800000599732,-2.2805807071734616
1437748903971744,51.760317857,-1.2585021891,111.805916,5735815.432694996,620187.9059677708,-111.805916,30U,-8.229,7.051,-0.018,0.0390531702738959,-0.016614284948905298,-2.2827176603319757
1437748904076505,51.7603104662,-1.2584919645,111.805313,5735814.627641166,620188.6311861731,-111.805313,30U,-8.217,7.068,0.009,0.03780152810915974,-0.0170824014441853,-2.284986902867899
1437748904167932,51.7603030853,-1.2584817173,111.804832,5735813.823725625,620189.3579381182,-111.804832,30U,-8.207,7.085,0.007,0.03630383116657068,-0.018857287768522336,-2.2873656171494434
1437748904259359,51.7602957156,-1.2584714382,111.802116,5735813.021108269,620190.0868619403,-111.802116,30U,-8.19,7.108,0.034,0.03646827455803983,-0.019708407395734415,-2.2895959106385275
1437748904350786,51.7602883607,-1.2584611226,111.797432,5735812.22019702,620190.8182655217,-111.797432,30U,-8.179,7.133,0.06,0.0374800467617283,-0.018776185957193655,-2.2917459949038417
1437748904442213,51.7602810188,-1.2584507743,111.791946,5735811.420785447,620191.5518914079,-111.791946,30U,-8.163,7.151,0.058,0.03898062192678683,-0.017287560232492144,-2.2940167233258246
1437748904545069,51.7602736902,-1.2584403981,111.787903,5735810.622899004,620192.2874075598,-111.787903,30U,-8.146,7.172,0.02,0.0397368885710011,-0.015587192389905148,-2.2961827098095524
1437748904651733,51.7602663748,-1.2584299929,111.78627,5735809.82652838,620193.024890151,-111.78627,30U,-8.132,7.194,0.017,0.03895194089279155,-0.014788123741409908,-2.298366414666407
1437748904758398,51.7602590705,-1.2584195643,111.787697,5735809.031430817,620193.7639583094,-111.787697,30U,-8.123,7.206,-0.033,0.03892025977394779,-0.016783155189998546,-2.300563348263781
1437748904865063,51.7602517861,-1.2584091138,111.791054,5735808.238582459,620194.5044851495,-111.791054,30U,-8.086,7.223,-0.027,0.04066930000084825,-0.02152399999930913,-2.302983607176016
1437748904971728,51.760244525,-1.2583986507,111.791389,5735807.448346078,620195.2458198555,-111.791389,30U,-8.073,7.219,0.022,0.038848032806531194,-0.024531245177999095,-2.3053812142976478
1437748905078393,51.7602372926,-1.2583881882,111.784966,5735806.661300438,620195.987037163,-111.784966,30U,-8.021,7.23,0.092,0.04060314964156856,-0.025904544816623156,-2.3078274605515796
1437748905185058,51.7602301067,-1.2583777138,111.776001,5735805.879445609,620196.7289524125,-111.776001,30U,-7.982,7.222,0.086,0.03952932224759879,-0.025515788632672228,-2.310041097840013
1437748905287914,51.7602229432,-1.2583672622,111.765068,5735805.100044332,620197.4692349858,-111.765068,30U,-7.944,7.218,0.121,0.03947946884261374,-0.023510368106475096,-2.3127575385154464
1437748905379341,51.7602158245,-1.2583568023,111.75573,5735804.325638885,620198.2099715786,-111.75573,30U,-7.899,7.225,0.078,0.04023054840319767,-0.02265008517954947,-2.3153205603863065
1437748905470768,51.7602087423,-1.2583463443,111.748909,5735803.555289442,620198.9504803394,-111.748909,30U,-7.859,7.216,0.055,0.0403061770644503,-0.022422070733965096,-2.3181138949802347
1437748905562195,51.7602016999,-1.2583358871,111.74337,5735802.789364797,620199.6908284108,-111.74337,30U,-7.808,7.222,0.069,0.04039514990927975,-0.021763097152998644,-2.3210424351698604
1437748905653622,51.7601946986,-1.2583254297,111.737526,5735802.02801117,620200.4310813472,-111.737526,30U,-7.767,7.22,0.051,0.04021684163968605,-0.02050449674799788,-2.324025480595763
1437748905758382,51.7601877415,-1.2583149675,111.732887,5735801.271580878,620201.1715483579,-111.732887,30U,-7.717,7.222,0.043,0.040424748815419305,-0.020570011952292164,-2.327109731887948
1437748905865047,51.7601808252,-1.2583045108,111.730064,5735800.519678846,620201.911527674,-111.730064,30U,-7.674,7.218,0.025,0.040110999999140515,-0.02186310000048049,-2.330706107166392
1437748905956475,51.7601739506,-1.2582940514,111.726875,5735799.772418672,620202.6515827796,-111.726875,30U,-7.624,7.222,0.043,0.03862825700791195,-0.023291140084677576,-2.3347163548138217
1437748906047902,51.7601671232,-1.2582835811,111.721954,5735799.0304255085,620203.3922649424,-111.721954,30U,-7.57,7.233,0.06,0.03726639512274144,-0.024667280927337668,-2.3386942703939377
1437748906151710,51.7601603449,-1.2582730962,111.715233,5735798.293916744,620204.1338244473,-111.715233,30U,-7.516,7.244,0.079,0.036621427510570945,-0.02486801634620694,-2.342754173723238
1437748906258375,51.7601536143,-1.2582625993,111.706184,5735797.562732407,620204.8760855885,-111.706184,30U,-7.46,7.252,0.103,0.03625758111774475,-0.023274621192569935,-2.346851399504875
1437748906365040,51.7601469323,-1.2582520949,111.697067,5735796.836965165,620205.6187354309,-111.697067,30U,-7.409,7.252,0.079,0.03403338336735194,-0.021124101066181455,-2.3507760387175884
1437748906471704,51.7601403005,-1.2582415907,111.690582,5735796.116780257,620206.3612383488,-111.690582,30U,-7.347,7.248,0.043,0.033004145208779805,-0.02120060051757646,-2.3548217354682026
1437748906578369,51.7601337271,-1.2582310908,111.687424,5735795.403082816,620207.103289623,-111.687424,30U,-7.283,7.242,0.023,0.03202324713953951,-0.02195661661803129,-2.359043502569648
1437748906685034,51.7601272108,-1.2582205992,111.683746,5735794.695721682,620207.8446166652,-111.683746,30U,-7.217,7.241,0.06,0.03081218613138696,-0.020804499283020122,-2.3634039922797663
1437748906791699,51.7601207572,-1.2582101152,111.678307,5735793.995320765,620208.5852529048,-111.678307,30U,-7.143,7.236,0.04,0.030595866639701357,-0.017737008010650392,-2.3675646722465262
1437748906890031,51.7601143703,-1.2581996417,111.675179,5735793.30232011,620209.3249875881,-111.675179,30U,-7.069,7.228,0.014,0.03170739999942219,-0.01577729999979486,-2.3716565071773434
1437748906970030,51.7601080484,-1.2581891797,111.676224,5735792.616529015,620210.0637562153,-111.676224,30U,-7.004,7.215,-0.024,0.03229958020166994,-0.015975558042473314,-2.375909807090024
1437748907050028,51.7601017841,-1.2581787399,111.678902,5735791.937106918,620210.8008400393,-111.678902,30U,-6.937,7.201,-0.033,0.03118106961250225,-0.017002737693403134,-2.380353834244622
1437748907151694,51.7600955817,-1.2581683137,111.681496,5735791.26454618,620211.5368211152,-111.681496,30U,-6.862,7.198,-0.014,0.0321968705597031,-0.017891793812944524,-2.384525390579683
1437748907258359,51.7600894467,-1.2581578952,111.681633,5735790.59946816,620212.2720919877,-111.681633,30U,-6.794,7.183,0.013,0.032430124075294914,-0.016954619890950155,-2.3885334845780823
1437748907365024,51.7600833653,-1.2581475074,111.68026,5735789.940300303,620213.0051020894,-111.68026,30U,-6.737,7.162,0.014,0.03199856031597204,-0.014219038015077219,-2.3925743971717774
1437748907470736,51.760077347,-1.2581371357,111.68026,5735789.288123129,620213.736833723,-111.68026,30U,-6.659,7.157,-0.009,0.03243433614470126,-0.012568008921766764,-2.39645867040955
1437748907562164,51.7600713911,-1.2581267787,111.684509,5735788.642861102,620214.4673853574,-111.684509,30U,-6.601,7.139,-0.086,0.0361678915674206,-0.015597139031784238,-2.400238446421683
1437748907653591,51.7600654992,-1.258116438,111.692238,5735788.0046895165,620215.1966423232,-111.692238,30U,-6.518,7.141,-0.046,0.036285300295553255,-0.022282412257058033,-2.4042810547249194
1437748907758351,51.7600596472,-1.2581061306,111.695518,5735787.370900274,620215.9234954721,-111.695518,30U,-6.501,7.096,-0.009,0.027256654716486046,-0.024397784157571684,-2.408026474681218
1437748907865015,51.7600538376,-1.2580958293,111.687386,5735786.741816227,620216.6498152185,-111.687386,30U,-6.413,7.13,0.132,0.025993100000671947,-0.020788600000250228,-2.410834507164017
1437748907971680,51.7600480862,-1.2580855332,111.679649,5735786.119195921,620217.3756217003,-111.679649,30U,-6.404,7.081,0.052,0.022011741873797792,-0.017790198102938158,-2.4138265165136907
1437748908076441,51.760042354,-1.2580752806,111.677032,5735785.498639171,620218.0983754448,-111.677032,30U,-6.348,7.084,0.005,0.019899610520870335,-0.017293655438857566,-2.4172979417162157
1437748908167868,51.7600366768,-1.2580650187,111.676476,5735784.884214201,620218.8216250582,-111.676476,30U,-6.289,7.08,-0.001,0.018541196202024584,-0.017321817726092554,-2.4198858751776346
1437748908259295,51.7600310434,-1.2580547702,111.67775,5735784.274638083,620219.543833772,-111.67775,30U,-6.248,7.07,-0.009,0.01757241835360861,-0.01767144912425559,-2.4223574788141233
1437748908365008,51.7600254481,-1.2580445395,111.677505,5735783.669269683,620220.2647130825,-111.677505,30U,-6.204,7.058,0.004,0.018607276315292538,-0.017132537466845472,-2.4247663365026466
1437748908470720,51.7600198955,-1.2580343227,111.676788,5735783.06862698,620220.9845199069,-111.676788,30U,-6.157,7.047,0.011,0.019519059194310205,-0.01644738500825929,-2.42730372868468
1437748908562148,51.7600143799,-1.258024131,111.676186,5735782.472057637,620221.7024964753,-111.676186,30U,-6.117,7.026,-0.006,0.019369249796952412,-0.01530771600026385,-2.429795312536286
1437748908653575,51.7600089062,-1.2580139635,111.676811,5735781.8801080445,620222.4186918774,-111.676811,30U,-6.062,7.013,-0.003,0.020107099568074688,-0.014505716345306579,-2.4322486270071697
1437748908758334,51.760003477,-1.258003825,111.678749,5735781.29305943,620223.1327679594,-111.678749,30U,-6.018,6.985,-0.037,0.020556124519277692,-0.014784672269038282,-2.4346611140729655
1437748908864999,51.7599980898,-1.2579937309,111.681976,5735780.710608387,620223.8436686102,-111.681976,30U,-5.966,6.958,-0.025,0.02142450000038341,-0.01636980000046679,-2.4373725071689356
1437748908971664,51.759992756,-1.2579836719,111.684784,5735780.134037999,620224.5520053336,-111.684784,30U,-5.907,6.929,-0.02,0.022376428920166176,-0.017343900027978528,-2.43990919041568
1437748909076425,51.7599874731,-1.2579736606,111.686523,5735779.563049478,620225.256915246,-111.686523,30U,-5.85,6.894,0.001,0.022761113326021362,-0.018288037164425872,-2.4425281012722073
1437748909167852,51.7599822452,-1.2579636958,111.685905,5735778.998100746,620225.9584702632,-111.685905,30U,-5.782,6.863,0.01,0.024238433352371178,-0.018186474503974218,-2.444984887499679
1437748909259279,51.7599770772,-1.2579537866,111.685684,5735778.439721713,620226.6560293776,-111.685684,30U,-5.723,6.814,0.003,0.023609075560114132,-0.018536715763811135,-2.4473064906811075
1437748909364992,51.7599719643,-1.2579439525,111.685219,5735777.887346438,620227.3482596485,-111.685219,30U,-5.655,6.763,0.002,0.022806542014174664,-0.01852054638959416,-2.44969306034055
1437748909470704,51.759966916,-1.2579341843,111.685295,5735777.342046549,620228.0357707234,-111.685295,30U,-5.585,6.719,0.008,0.02313319050310441,-0.01871940863384373,-2.451830703131011
1437748909562132,51.7599619259,-1.2579244882,111.684921,5735776.803100098,620228.7181517382,-111.684921,30U,-5.524,6.666,0.002,0.022508555296041236,-0.018198840290878964,-2.4541014500185767
1437748909653559,51.7599569922,-1.2579148698,111.684921,5735776.270297684,620229.395021018,-111.684921,30U,-5.453,6.615,0.001,0.023822003884044426,-0.018163251826644272,-2.456482126608706
1437748909758319,51.7599521249,-1.2579053256,111.68541,5735775.744757139,620230.0665935271,-111.68541,30U,-5.382,6.56,-0.008,0.023858125663302657,-0.01887637752712751,-2.458826977505958
1437748909864983,51.7599473206,-1.2578958657,111.686447,5735775.226083703,620230.7321812947,-111.686447,30U,-5.307,6.501,-0.012,0.024983599999248745,-0.020261600000309465,-2.4610338071725506
1437748909971648,51.7599425825,-1.2578864874,111.687706,5735774.714637691,620231.3919621406,-111.687706,30U,-5.237,6.443,-0.002,0.025957739682386422,-0.02179490500718071,-2.463288348817638
1437748910076409,51.7599379125,-1.2578771941,111.687263,5735774.210624784,620232.0456963815,-111.687263,30U,-5.162,6.383,0.011,0.026473827716292104,-0.022388221780054673,-2.465344978433317
1437748910167836,51.7599333074,-1.2578679944,111.685707,5735773.713674944,620232.6927990285,-111.685707,30U,-5.086,6.32,0.026,0.028036411251429413,-0.023146334617843746,-2.467505092023738
1437748910259263,51.759928769,-1.2578588899,111.683136,5735773.223985703,620233.3331548813,-111.683136,30U,-5.018,6.249,0.034,0.027040700607734027,-0.023368255525597466,-2.469584750927284
1437748910364976,51.7599242924,-1.2578498913,111.68045,5735772.740994505,620233.9660385462,-111.68045,30U,-4.939,6.18,0.024,0.028406211826272138,-0.023338922272532706,-2.471673836860266
1437748910471641,51.7599198911,-1.257840984,111.677811,5735772.2662267005,620234.5924216977,-111.677811,30U,-4.861,6.114,0.029,0.027915395999365045,-0.02341928843107233,-2.473590747127189
1437748910578306,51.7599155551,-1.2578321814,111.675087,5735771.798548138,620235.211406167,-111.675087,30U,-4.791,6.034,0.02,0.026887391095678358,-0.024332804027592827,-2.475518264789721
1437748910679971,51.7599112817,-1.2578234961,111.67308,5735771.337637782,620235.8221295988,-111.67308,30U,-4.715,5.961,0.023,0.025411755685557175,-0.024864547223320595,-2.4776086874703767
1437748910759969,51.7599070838,-1.2578149153,111.670067,5735770.8849512935,620236.4254410414,-111.670067,30U,-4.623,5.881,0.032,0.02428790617958619,-0.023859489957508345,-2.4792240761392557
1437748910839968,51.7599029569,-1.2578064478,111.666817,5735770.439973735,620237.0207451612,-111.666817,30U,-4.554,5.81,0.048,0.02407619999977533,-0.02240839999928522,-2.48088420717872
1437748910938299,51.7598989015,-1.2577980892,111.662537,5735770.002767959,620237.6083442668,-111.662537,30U,-4.473,5.729,0.037,0.0248144238839681,-0.02109550394412597,-2.482769379645487
1437748911044964,51.7598949114,-1.2577898507,111.660126,5735769.572626018,620238.187481914,-111.660126,30U,-4.406,5.644,0.008,0.025528002195450265,-0.020193423081639426,-2.4848164065294345
1437748911151630,51.7598909922,-1.2577817235,111.660172,5735769.150185174,620238.7587505094,-111.660172,30U,-4.318,5.575,-0.001,0.025832403654828574,-0.020194104058499005,-2.4867778146114086
1437748911258295,51.7598871441,-1.2577737058,111.660446,5735768.735470635,620239.3222737336,-111.660446,30U,-4.243,5.497,0.002,0.025926872576379142,-0.019417968549428108,-2.4884178434721482
1437748911364960,51.7598833653,-1.2577657949,111.661072,5735768.328286678,620239.8782426906,-111.661072,30U,-4.162,5.424,-0.011,0.030003665090331522,-0.02061679565299019,-2.4900811471362205
1437748911471625,51.7598796625,-1.2577579887,111.660812,5735767.929381841,620240.4267844962,-111.660812,30U,-4.083,5.344,0.014,0.03192359936882201,-0.02089114843313538,-2.4918640759115713
1437748911578290,51.7598760157,-1.2577503107,111.659714,5735767.536493257,620240.9663305508,-111.659714,30U,-4.035,5.251,-0.007,0.028619912961051257,-0.018545714255574077,-2.4933877852099156
1437748911682098,51.7598724197,-1.2577427648,111.661667,5735767.149036217,620241.496625528,-111.661667,30U,-3.961,5.175,-0.017,0.0270247678565304,-0.018552782416674976,-2.4951944845319205
1437748911773524,51.759868905,-1.2577353095,111.660378,5735766.770470931,620242.0204522989,-111.660378,30U,-3.866,5.114,0.014,0.025995198776550765,-0.01792369253943943,-2.49602082070192
1437748911864951,51.7598654632,-1.2577279604,111.660271,5735766.399837547,620242.5367566228,-111.660271,30U,-3.806,5.022,-0.041,0.02684919999995375,-0.01816959999928615,-2.4963260071772346
1437748911971616,51.7598620628,-1.2577207515,111.664864,5735766.033577006,620243.0432758526,-111.664864,30U,-3.756,4.933,-0.037,0.026718271309153982,-0.020977353379502718,-2.4976945342950496
1437748912076377,51.7598587241,-1.257713654,111.66729,5735765.673994277,620243.5419435323,-111.66729,30U,-3.675,4.868,0.001,0.02696720982820744,-0.022396114090864356,-2.4982668452275245
1437748912167804,51.759855449,-1.2577066675,111.66716,5735765.321301308,620244.0327822157,-111.66716,30U,-3.622,4.776,0.001,0.02615015815707499,-0.022055881899843213,-2.4979612674493916
1437748912259231,51.7598522209,-1.2576998123,111.666443,5735764.973618606,620244.5144351029,-111.666443,30U,-3.555,4.693,0.01,0.0279785191182184,-0.02126647068169803,-2.497857055218565
1437748912350658,51.7598490507,-1.2576930704,111.664429,5735764.6321879905,620244.9881154066,-111.664429,30U,-3.501,4.613,0.027,0.02762722814232018,-0.02020605824615158,-2.4973382229197005
1437748912442086,51.7598459339,-1.2576864387,111.661766,5735764.296514144,620245.4540490122,-111.661766,30U,-3.437,4.542,0.028,0.030130900257772354,-0.019488311885957458,-2.4959854767373697
1437748912544941,51.7598428673,-1.2576799204,111.660202,5735763.966235928,620245.9120235854,-111.660202,30U,-3.391,4.455,0.006,0.032046832208308694,-0.019816687962867348,-2.4943732894212185
1437748912651606,51.7598398421,-1.257673521,111.661469,5735763.6403656555,620246.3616829502,-111.661469,30U,-3.336,4.384,-0.03,0.03656311329216962,-0.022803902126886537,-2.4926330273312813
1437748912758271,51.759836866,-1.2576672316,111.662964,5735763.319774291,620246.8036208323,-111.662964,30U,-3.295,4.297,-0.014,0.03713958249078587,-0.025356358179371305,-2.491034735942662
1437748912864936,51.7598339155,-1.2576610823,111.663986,5735763.001798852,620247.2358224706,-111.663986,30U,-3.265,4.202,0.006,0.03448780000015218,-0.026999100000843674,-2.489493607176278
1437748912971601,51.7598310107,-1.257655052,111.663315,5735762.688709371,620247.6596905667,-111.663315,30U,-3.201,4.125,0.012,0.034112381208701956,-0.026936452143872285,-2.487048645781381
1437748913078265,51.7598281617,-1.2576491213,111.66124,5735762.381661021,620248.0765370748,-111.66124,30U,-3.147,4.058,0.025,0.03583745428808003,-0.026970230912857496,-2.4849121459197807
1437748913184930,51.7598253573,-1.2576432918,111.655914,5735762.07940565,620248.4862813314,-111.655914,30U,-3.088,3.993,0.063,0.03930044880680712,-0.028136859365564693,-2.483442679587085
1437748913287786,51.7598225999,-1.2576375685,111.64888,5735761.782201903,620248.8885719113,-111.64888,30U,-3.054,3.904,0.073,0.0386104308484866,-0.02802368843473689,-2.480996156052695
1437748913379213,51.7598198624,-1.2576319855,111.642448,5735761.486979869,620249.2811275753,-111.642448,30U,-3.034,3.807,0.038,0.037955388288302375,-0.025186084951868186,-2.478821138868898
1437748913470640,51.7598171546,-1.2576265229,111.640808,5735761.194862176,620249.6652955825,-111.640808,30U,-2.992,3.737,-0.005,0.035851791483716096,-0.023809217640341555,-2.4768804902740986
1437748913562068,51.7598144951,-1.2576211402,111.641212,5735760.907984037,620250.0438214103,-111.641212,30U,-2.926,3.697,0.018,0.0345939281103145,-0.02367474372331874,-2.4739173170797932
1437748913653495,51.7598118872,-1.2576158154,111.635468,5735760.626748704,620250.4182145072,-111.635468,30U,-2.888,3.641,0.075,0.03487194155450479,-0.021181813585813815,-2.469781058388245
1437748913758255,51.7598092891,-1.2576106154,111.626656,5735760.346397449,620250.7839691698,-111.626656,30U,-2.893,3.538,0.078,0.03323355141307097,-0.01691297641004673,-2.466742743498747
1437748913864920,51.759806707,-1.2576055376,111.623512,5735760.067624035,620251.1412483491,-111.623512,30U,-2.845,3.48,-0.012,0.032073999999954576,-0.015357299999716223,-2.4636662071727207
1437748913956347,51.7598041764,-1.2576005356,111.625298,5735759.794452789,620251.4931597805,-111.625298,30U,-2.797,3.421,-0.017,0.030182500519172494,-0.015558152661077998,-2.459525815960383
1437748914047773,51.7598016721,-1.2575956318,111.627083,5735759.524044376,620251.8382245947,-111.627083,30U,-2.779,3.346,-0.016,0.028823671583400302,-0.015716023453252747,-2.4556658674985683
1437748914151582,51.7597991961,-1.2575908251,111.628166,5735759.256623025,620252.1765133897,-111.628166,30U,-2.732,3.292,-0.009,0.02969084448901816,-0.016397772977073802,-2.4519266505646042
1437748914258247,51.7597967542,-1.257586107,111.628105,5735758.992847743,620252.5085973344,-111.628105,30U,-2.706,3.218,0.003,0.029829701072655066,-0.017083232901587656,-2.4480826300124496
1437748914364912,51.7597943334,-1.2575815037,111.630692,5735758.73122965,620252.8327029098,-111.630692,30U,-2.682,3.142,-0.037,0.027223601240015455,-0.018553329898536055,-2.4447843103001423
1437748914471577,51.7597919387,-1.2575770031,111.632973,5735758.472344723,620253.14965185,-111.632973,30U,-2.65,3.074,-0.0,0.023273051398062128,-0.01902431510773176,-2.4415203333442603
1437748914578242,51.7597895789,-1.2575725959,111.63427,5735758.217186913,620253.4600625625,-111.63427,30U,-2.602,3.013,-0.023,0.02121733077778317,-0.019104267319551376,-2.438181090792262
1437748914684907,51.7597872618,-1.2575682694,111.635681,5735757.966644567,620253.7647907471,-111.635681,30U,-2.558,2.962,0.002,0.021287076747450753,-0.019805383193030816,-2.435356098037551
1437748914791572,51.7597849861,-1.25756402,111.635445,5735757.720579055,620254.0640882923,-111.635445,30U,-2.511,2.907,0.005,0.023350299534619718,-0.021190671582062632,-2.4327643303146576
1437748914889904,51.7597827437,-1.2575598581,111.633163,5735757.478072452,620254.3572590159,-111.633163,30U,-2.478,2.84,0.026,0.025808900000433007,-0.021444799999962516,-2.4301638071650253
1437748914969902,51.7597805343,-1.25755579,111.631958,5735757.239081013,620254.6438689493,-111.631958,30U,-2.446,2.773,0.013,0.025947232547216675,-0.02188270296268023,-2.4276607392214737
1437748915049900,51.7597783506,-1.2575518215,111.630821,5735757.002783362,620254.9235372313,-111.630821,30U,-2.416,2.706,0.01,0.025230390028464975,-0.02286029032209841,-2.425360334355354
1437748915151566,51.759776202,-1.2575479522,111.630836,5735756.770225499,620255.1962664865,-111.630836,30U,-2.371,2.637,-0.002,0.022255802794494527,-0.023209878130663376,-2.4232219050846253
1437748915258231,51.7597740887,-1.2575441803,111.631088,5735756.541432632,620255.4621804017,-111.631088,30U,-2.326,2.574,-0.009,0.020279240297877442,-0.02277407958647394,-2.4211647940547794
1437748915364895,51.7597720275,-1.2575404847,111.632263,5735756.318307818,620255.7226904447,-111.632263,30U,-2.267,2.529,-0.0,0.019646314138076795,-0.023493531442270548,-2.41898091721318
1437748915470608,51.7597700155,-1.2575368552,111.630028,5735756.100545377,620255.9785082225,-111.630028,30U,-2.217,2.477,0.039,0.02033458399905313,-0.023455993352758928,-2.4167613680582383
1437748915562036,51.7597680394,-1.2575333139,111.626274,5735755.88662982,620256.2281439513,-111.626274,30U,-2.184,2.41,0.037,0.021337565410395633,-0.02280351744584742,-2.4146226038064658
1437748915653463,51.7597660955,-1.2575298668,111.623589,5735755.6761397915,620256.4711934023,-111.623589,30U,-2.142,2.348,0.02,0.0225657530657173,-0.02296919430164153,-2.4126458335109477
1437748915758223,51.759764191,-1.2575265064,111.621307,5735755.469888344,620256.7081550179,-111.621307,30U,-2.098,2.292,0.021,0.02311597279861756,-0.023313751406331802,-2.410910211117028
1437748915864888,51.7597623267,-1.2575232237,111.618729,5735755.267979284,620256.9396477606,-111.618729,30U,-2.048,2.238,0.02,0.025626899999933513,-0.02459179999947958,-2.40910430717647
1437748915971553,51.7597605081,-1.2575200314,111.617889,5735755.071003298,620257.1647805887,-111.617889,30U,-2.004,2.161,-0.016,0.02534400313845877,-0.025746879969809486,-2.407755052542761
1437748916076313,51.7597587256,-1.2575169539,111.619614,5735754.877852575,620257.3818951643,-111.619614,30U,-1.958,2.09,-0.008,0.02459891926905696,-0.026330664129554846,-2.406393908307309
1437748916167740,51.7597569964,-1.2575139611,111.62072,5735754.690489496,620257.5930229847,-111.62072,30U,-1.891,2.039,-0.009,0.025027502100265206,-0.027207938473793814,-2.404414435160005
1437748916259167,51.759755322,-1.25751105,111.619614,5735754.5090858145,620257.798367093,-111.619614,30U,-1.837,1.978,0.028,0.02751639442029097,-0.027779630392088087,-2.4029619921579677
1437748916364880,51.7597536926,-1.257508225,111.616745,5735754.3325444525,620257.9976498823,-111.616745,30U,-1.792,1.922,0.03,0.030261381980222657,-0.027326837035919926,-2.4018993326476616
1437748916470592,51.7597521037,-1.2575054844,111.614105,5735754.160367786,620258.1910006285,-111.614105,30U,-1.75,1.859,0.024,0.03264137565268616,-0.02774392187014482,-2.4002349574037884
1437748916562020,51.7597505487,-1.2575028344,111.611305,5735753.991811626,620258.3780090036,-111.611305,30U,-1.712,1.797,0.033,0.03393748911394109,-0.027630415005323913,-2.399047488875073
1437748916653447,51.7597490319,-1.2575002763,111.608971,5735753.827352019,620258.5585738681,-111.608971,30U,-1.662,1.735,0.016,0.032594866619688516,-0.027918849093147548,-2.3980065339826386
1437748916758207,51.7597475669,-1.2574977999,111.606239,5735753.668518187,620258.7333629852,-111.606239,30U,-1.599,1.683,0.045,0.03240789117418377,-0.028436838996631155,-2.3961591639861126
1437748916864872,51.7597461549,-1.257495417,111.600395,5735753.515424119,620258.9015588481,-111.600395,30U,-1.546,1.598,0.062,0.03085730000054044,-0.027223799999856003,-2.394348007163012
1437748916971537,51.7597447985,-1.2574931613,111.596527,5735753.368303386,620259.0608289087,-111.596527,30U,-1.474,1.517,0.016,0.029667851367863415,-0.02559389703678213,-2.3932500644256134
1437748917076297,51.7597435117,-1.2574910197,111.596619,5735753.22873447,620259.2120399976,-111.596619,30U,-1.391,1.434,-0.01,0.028946213260285885,-0.026290880724575087,-2.391357419802893
1437748917167724,51.759742297,-1.2574890086,111.596909,5735753.096968348,620259.3540537047,-111.596909,30U,-1.317,1.342,0.011,0.02817304578309177,-0.02713212802777295,-2.3896433298675674
1437748917259151,51.7597411533,-1.2574871176,111.594322,5735752.972899839,620259.4875906573,-111.594322,30U,-1.225,1.267,0.032,0.029896392604430586,-0.027351106165545477,-2.3882271115057687
1437748917364864,51.7597400943,-1.2574853451,111.591316,5735752.85805511,620259.6127248663,-111.591316,30U,-1.135,1.175,0.028,0.031777094773346816,-0.027904924742928734,-2.3865837724535703
1437748917470576,51.7597391131,-1.2574837141,111.58947,5735752.7516289065,620259.7278874334,-111.58947,30U,-1.054,1.07,0.007,0.033655849870402814,-0.027950817697389708,-2.3847868380567445
1437748917562004,51.7597381988,-1.2574822397,111.589233,5735752.652384185,620259.8320652712,-111.589233,30U,-0.986,0.966,0.004,0.033640973800869535,-0.027772968013056967,-2.383407896716363
1437748917653431,51.7597373466,-1.2574808955,111.587959,5735752.559830684,620259.9270929956,-111.587959,30U,-0.912,0.892,0.024,0.033517375655243764,-0.027501592979291174,-2.382302452937811
1437748917758191,51.759736562,-1.2574796506,111.585159,5735752.474630992,620260.0150884029,-111.585159,30U,-0.838,0.828,0.03,0.03361496762706995,-0.027205185988334327,-2.3810396262058093
1437748917864856,51.7597358409,-1.2574784943,111.582512,5735752.396346803,620260.096800793,-111.582512,30U,-0.768,0.768,0.02,0.03479350000020194,-0.026674499999621012,-2.379673907165681
1437748917971521,51.7597351762,-1.2574774261,111.581169,5735752.324189379,620260.1722835372,-111.581169,30U,-0.718,0.703,0.011,0.03570463551042011,-0.026431559655353216,-2.378512845136936
1437748918076282,51.7597345496,-1.2574764525,111.579788,5735752.256112925,620260.2411366957,-111.579788,30U,-0.678,0.642,0.017,0.03619296580346745,-0.02595911439795307,-2.3776919230655422
1437748918167708,51.7597339595,-1.2574755569,111.578094,5735752.191966885,620260.3045100865,-111.578094,30U,-0.635,0.594,0.015,0.036001305726698754,-0.025392568287997654,-2.3768261488598053
1437748918259135,51.7597334104,-1.2574747269,111.576706,5735752.132272134,620260.3632474755,-111.576706,30U,-0.588,0.551,0.015,0.03594063724414139,-0.025173710665209983,-2.3759836475200866
1437748918364848,51.7597329002,-1.2574739577,111.575104,5735752.076803051,620260.4176856913,-111.575104,30U,-0.549,0.51,0.017,0.036030145713064995,-0.024874222157577727,-2.3753620385586123
1437748918471513,51.7597324258,-1.2574732426,111.573547,5735752.025225947,620260.4682953379,-111.573547,30U,-0.511,0.474,0.015,0.0363802502734789,-0.024905139539539434,-2.3746183282825304
1437748918578178,51.7597319837,-1.257472582,111.572182,5735751.977150938,620260.5150581119,-111.572182,30U,-0.476,0.434,0.014,0.036761069837946435,-0.025037883777677662,-2.373690486067069
1437748918679843,51.759731573,-1.257471987,111.57093,5735751.932459636,620260.557210392,-111.57093,30U,-0.439,0.385,0.01,0.03715750869073862,-0.02473681108006193,-2.373254037829302
1437748918759842,51.7597311995,-1.2574714596,111.57,5735751.891793741,620260.5945987464,-111.57,30U,-0.393,0.342,0.008,0.03751123503275256,-0.024488064966105214,-2.373076414536862
1437748918839841,51.7597308672,-1.257470994,111.56916,5735751.855607639,620260.6276128051,-111.56916,30U,-0.35,0.298,0.009,0.03737740000048374,-0.024391699999140423,-2.372616807176184
1437748918938172,51.7597305729,-1.257470595,111.568237,5735751.823537558,620260.6559298227,-111.568237,30U,-0.309,0.249,0.01,0.037183846044254426,-0.024195887625256266,-2.372232716424875
1437748919044838,51.7597303177,-1.2574702648,111.567741,5735751.795702193,620260.6793950533,-111.567741,30U,-0.263,0.202,0.001,0.0366608450893035,-0.024096288955886613,-2.3720910002274693
1437748919151502,51.7597301049,-1.2574700002,111.567673,5735751.772473807,620260.6982205614,-111.567673,30U,-0.214,0.158,0.001,0.03629045099255935,-0.02418384362645104,-2.3719174427493357
1437748919258166,51.7597299366,-1.2574698041,111.567734,5735751.754081148,620260.7122006363,-111.567734,30U,-0.166,0.107,-0.001,0.03603984592667101,-0.024286345010495546,-2.371607822544309
1437748919364832,51.7597298098,-1.2574696847,111.567665,5735751.740177073,620260.7207773672,-111.567665,30U,-0.121,0.054,0.001,0.03569094316507344,-0.024211377352554544,-2.371571609056725
1437748919471497,51.7597297261,-1.2574696367,111.567879,5735751.730948257,620260.724312257,-111.567879,30U,-0.072,0.007,-0.003,0.035447691338875355,-0.024260426762893018,-2.371595908630129
1437748919578162,51.7597296865,-1.2574696533,111.568062,5735751.726517114,620260.7232719153,-111.568062,30U,-0.025,-0.036,0.001,0.03531368789106037,-0.024268071668045236,-2.371456846991249
1437748919681970,51.7597296808,-1.2574697268,111.567986,5735751.725762041,620260.7182148241,-111.567986,30U,-0.003,-0.063,0.001,0.03532421110769384,-0.02399387896426305,-2.3714698609166436
1437748919773397,51.7597296737,-1.2574698005,111.568115,5735751.72485095,620260.7131476504,-111.568115,30U,-0.021,-0.044,-0.003,0.03508666953804136,-0.023524494441902917,-2.371535965803115
1437748919864824,51.7597296505,-1.2574698491,111.568642,5735751.722190823,620260.7098554096,-111.568642,30U,-0.032,-0.035,-0.007,0.03490060000044888,-0.023340999999740743,-2.371472907179413
1437748919971489,51.759729631,-1.2574699015,111.569298,5735751.719935897,620260.7062910995,-111.569298,30U,-0.02,-0.045,-0.002,0.03472823660503081,-0.023774435020802454,-2.3714964613226934
1437748920076249,51.7597296194,-1.257469962,111.56913,5735751.718546142,620260.7021468156,-111.56913,30U,-0.016,-0.045,0.003,0.03478093914657334,-0.023531815464560513,-2.3715090578002376
1437748920167676,51.7597296061,-1.2574700163,111.569473,5735751.716977561,620260.6984349114,-111.569473,30U,-0.024,-0.04,-0.008,0.03490245720879659,-0.02338374489161259,-2.3714360563673997
1437748920259103,51.759729586,-1.2574700662,111.570236,5735751.714660031,620260.6950447201,-111.570236,30U,-0.028,-0.04,-0.004,0.03487282513441994,-0.02379375536881774,-2.3714910450075193
1437748920350530,51.7597295688,-1.2574701182,111.570221,5735751.712661537,620260.6915019024,-111.570221,30U,-0.021,-0.044,0.001,0.03475403292044114,-0.023677408202296028,-2.3714876728219645
1437748920441957,51.7597295564,-1.2574701729,111.570374,5735751.7111923825,620260.687760003,-111.570374,30U,-0.021,-0.043,-0.002,0.03476588889143539,-0.023570415223893484,-2.371459213570448
1437748920544813,51.7597295409,-1.2574702211,111.570648,5735751.709389205,620260.6844749055,-111.570648,30U,-0.026,-0.039,-0.002,0.03478736557454289,-0.023627080730979546,-2.3715037259589984
1437748920651478,51.7597295258,-1.2574702669,111.571022,5735751.707634469,620260.6813543703,-111.571022,30U,-0.023,-0.042,-0.003,0.03482084814370075,-0.0237164724321402,-2.371483989287125
1437748920758143,51.7597295139,-1.2574703179,111.57119,5735751.706227017,620260.6778664787,-111.57119,30U,-0.022,-0.045,-0.0,0.03481508766181526,-0.023636427951744345,-2.3714821861351147
1437748920864808,51.759729502,-1.2574703667,111.571419,5735751.704823193,620260.674530409,-111.571419,30U,-0.024,-0.042,-0.004,0.034806099999820324,-0.023589999999762426,-2.3715138071727444
1437748920971473,51.7597294912,-1.2574704082,111.571976,5735751.703553734,620260.6716951904,-111.571976,30U,-0.025,-0.041,-0.004,0.03481028354007472,-0.023712733755368184,-2.3714909205655434
1437748921078138,51.7597294813,-1.2574704511,111.57238,5735751.702382052,620260.6687609665,-111.57238,30U,-0.022,-0.044,-0.003,0.03482483830845534,-0.023685878142038957,-2.3715085724939855
1437748921184803,51.7597294747,-1.2574704929,111.572754,5735751.701579166,620260.6658938846,-111.572754,30U,-0.022,-0.043,-0.003,0.0348108082296811,-0.023628709870172578,-2.3715096617190654
1437748921287658,51.7597294681,-1.2574705286,111.573158,5735751.700786337,620260.6634477634,-111.573158,30U,-0.025,-0.042,-0.004,0.03480233160707247,-0.023647040897499996,-2.371499034182357
1437748921379085,51.7597294632,-1.2574705599,111.573715,5735751.700189813,620260.6613007695,-111.573715,30U,-0.024,-0.042,-0.004,0.03479628477774325,-0.023698519338409003,-2.3715293929978714
1437748921470512,51.7597294625,-1.2574705866,111.574181,5735751.700067942,620260.6594600625,-111.574181,30U,-0.024,-0.043,-0.003,0.03483605884870217,-0.023636179827011237,-2.3715283987536098
1437748921561940,51.7597294643,-1.2574706073,111.574707,5735751.70023398,620260.6580267714,-111.574707,30U,-0.027,-0.042,-0.004,0.03482143983300646,-0.02363812726539061,-2.371528317735426
1437748921653367,51.759729467,-1.2574706171,111.57515,5735751.700518078,620260.6573432991,-111.57515,30U,-0.029,-0.039,-0.003,0.03477451686376077,-0.02358759752437646,-2.3715341534881262
1437748921758127,51.7597294711,-1.2574706105,111.575226,5735751.700984906,620260.6577878704,-111.575226,30U,-0.037,-0.031,0.004,0.034775887432425115,-0.023360399849248786,-2.3713944346455165
1437748921864792,51.7597294703,-1.2574705828,111.57489,5735751.700941618,620260.6597015746,-111.57489,30U,-0.054,-0.021,0.005,0.03477919999927756,-0.02300930000086629,-2.3714050071694466
1437748921956220,51.7597294638,-1.2574705116,111.574684,5735751.700336181,620260.6646323607,-111.574684,30U,-0.074,0.001,0.001,0.034731676949183124,-0.022627852632740166,-2.3714490086303117
1437748922047647,51.7597294403,-1.2574703984,111.574997,5735751.697909494,620260.672506741,-111.574997,30U,-0.097,0.026,-0.005,0.03454156390084746,-0.02248588484437728,-2.3712630335883356
1437748922151455,51.759729404,-1.2574702355,111.575737,5735751.694141319,620260.6838449319,-111.575737,30U,-0.122,0.047,-0.006,0.03427962589899912,-0.02255383251754073,-2.371125049777535
1437748922258119,51.7597293571,-1.2574700198,111.576393,5735751.689281422,620260.6988550196,-111.576393,30U,-0.146,0.071,-0.005,0.03396391630129883,-0.022549471210266032,-2.3710482742447234
1437748922364784,51.7597292939,-1.2574697374,111.576538,5735751.682718849,620260.7185113886,-111.576538,30U,-0.187,0.115,0.006,0.03371574071976662,-0.02224243283589531,-2.3708323291767766
1437748922471449,51.7597291869,-1.257469358,111.575409,5735751.6714453865,620260.7449781172,-111.575409,30U,-0.255,0.182,0.017,0.03350939873436261,-0.021027778418215043,-2.3704305735990423
1437748922578114,51.7597290154,-1.2574688602,111.573814,5735751.653194353,620260.7797870229,-111.573814,30U,-0.34,0.26,0.014,0.0331963163005002,-0.019475787897173323,-2.3700623517827184
1437748922684779,51.7597287654,-1.2574682358,111.573021,5735751.626422386,620260.8235411909,-111.573021,30U,-0.429,0.353,0.004,0.03271962215946379,-0.01847580774179525,-2.369597907329285
1437748922791444,51.7597284232,-1.2574674928,111.572952,5735751.589592763,620260.8757249438,-111.572952,30U,-0.523,0.448,-0.001,0.03250028659571375,-0.018228682255060802,-2.3689229760807944
1437748922889776,51.759727976,-1.257466648,111.572731,5735751.541254342,620260.9352129253,-111.572731,30U,-0.623,0.545,0.007,0.032593699999728575,-0.0182090999994473,-2.368305807167124
1437748922969775,51.7597274103,-1.2574657033,111.57177,5735751.479902708,620261.0019098906,-111.57177,30U,-0.728,0.647,0.013,0.0328773955099064,-0.017812532028942386,-2.367756874012408
1437748923049773,51.7597267077,-1.2574647025,111.57074,5735751.403419438,620261.0728420931,-111.57074,30U,-0.829,0.754,0.006,0.033245407918135975,-0.01723343496137524,-2.367101427410248
1437748923151439,51.7597258882,-1.2574636119,111.57058,5735751.314084232,620261.1502820269,-111.57058,30U,-0.928,0.862,-0.003,0.03401236592749453,-0.01681188641791777,-2.365898794064728
1437748923258104,51.7597249489,-1.2574624215,111.570236,5735751.211591077,620261.2349274989,-111.570236,30U,-1.046,0.966,0.014,0.03463448430694446,-0.016619983169660374,-2.3646446607828233
1437748923364768,51.7597238885,-1.2574611245,111.567558,5735751.095806622,620261.3272512344,-111.567558,30U,-1.155,1.069,0.034,0.03526386129433263,-0.015867710158169915,-2.3637159595337573
1437748923470480,51.7597227172,-1.257459712,111.564629,5735750.967879844,620261.4278403192,-111.564629,30U,-1.257,1.166,0.02,0.03425201343934773,-0.01457019902328736,-2.362380359483452
1437748923561908,51.7597214516,-1.2574581799,111.564194,5735750.829663533,620261.5369335869,-111.564194,30U,-1.353,1.256,-0.011,0.03385223099996631,-0.014007053008446377,-2.3607158792929304
1437748923653335,51.7597201047,-1.2574565219,111.565567,5735750.682613754,620261.6549312577,-111.565567,30U,-1.438,1.342,-0.007,0.03345060161128253,-0.014663175770357948,-2.3591274903614345
1437748923758095,51.7597186902,-1.2574547557,111.564941,5735750.528224852,620261.7805754505,-111.564941,30U,-1.506,1.41,0.016,0.033631865496480715,-0.013851537021479735,-2.3576436515565087
1437748923864760,51.7597172222,-1.257452894,111.563431,5735750.368043891,620261.912952273,-111.563431,30U,-1.568,1.472,0.012,0.03384660000056737,-0.012502299999888139,-2.3557323071794762
1437748923971425,51.7597156799,-1.2574509606,111.562721,5735750.199718536,620262.0504745576,-111.562721,30U,-1.647,1.527,0.004,0.033919446647134886,-0.012415007453342754,-2.3540433372270226
1437748924076185,51.7597140686,-1.2574489304,111.562035,5735750.023879573,620262.1948603733,-111.562035,30U,-1.723,1.605,0.027,0.034495665802901185,-0.013020294214335008,-2.3521795213245684
1437748924167613,51.7597123885,-1.257446791,111.557899,5735749.840569687,620262.3469649159,-111.557899,30U,-1.798,1.676,0.035,0.03484210330961959,-0.011255695656479365,-2.350186584114003
1437748924259040,51.7597106455,-1.2574445446,111.555634,5735749.650441371,620262.5066206855,-111.555634,30U,-1.873,1.744,0.01,0.034814255897234955,-0.009785437858856317,-2.3479614696102216
1437748924364752,51.7597088301,-1.2574422069,111.554695,5735749.4524122765,620262.672769471,-111.554695,30U,-1.956,1.812,0.018,0.03796699631433243,-0.008473780058950822,-2.3459173273366485
1437748924470464,51.7597069522,-1.2574397539,111.553307,5735749.247622919,620262.8470412082,-111.553307,30U,-2.014,1.903,0.003,0.04186850290346888,-0.007377678617732792,-2.34333383952554
1437748924561892,51.7597050102,-1.25743719,111.552612,5735749.035888117,620263.0291365065,-111.552612,30U,-2.106,1.96,0.011,0.043889922538287794,-0.0077174566618652555,-2.3398151893437418
1437748924653319,51.7597029737,-1.2574345656,111.55265,5735748.813744091,620263.2156580394,-111.55265,30U,-2.215,2.001,-0.005,0.04366495485114678,-0.009199557466176867,-2.3366032205990286
1437748924758079,51.7597008559,-1.2574318632,111.553238,5735748.582687622,620263.4077784095,-111.553238,30U,-2.292,2.059,-0.016,0.039592649138878305,-0.01133896693301223,-2.3329521894274876
1437748924864744,51.759698681,-1.2574290703,111.556717,5735748.345430512,620263.6062959387,-111.556717,30U,-2.344,2.122,-0.043,0.03926040000007998,-0.013894000000789487,-2.328817307172401
1437748924971409,51.7596964559,-1.2574261755,111.559662,5735748.102758887,620263.8119790097,-111.559662,30U,-2.422,2.181,-0.011,0.03941334745056365,-0.014961512863338716,-2.3244487756134085
1437748925076170,51.7596941685,-1.2574231951,111.559082,5735747.85330027,620264.0237349112,-111.559082,30U,-2.486,2.234,0.012,0.04281146145397893,-0.015531060087886886,-2.3201224407575674
1437748925167597,51.7596918223,-1.2574201469,111.558273,5735747.597414537,620264.2403259655,-111.558273,30U,-2.557,2.261,0.0,0.04297477893529296,-0.015855809813924763,-2.3157801895810532
1437748925259024,51.759689427,-1.2574170303,111.560089,5735747.336181375,620264.4617678034,-111.560089,30U,-2.609,2.318,-0.029,0.043486868772438826,-0.01604216754900998,-2.3097589998017742
1437748925364736,51.7596869779,-1.2574138372,111.561836,5735747.069091472,620264.6886318994,-111.561836,30U,-2.694,2.344,-0.007,0.04182570975673387,-0.01599039743914835,-2.3036797166510756
1437748925470448,51.7596844431,-1.2574106141,111.56015,5735746.792520669,620264.9177940509,-111.56015,30U,-2.785,2.366,0.041,0.0419537172376047,-0.015127266475222669,-2.299323972770446
1437748925561876,51.759681847,-1.2574073213,111.553627,5735746.509247868,620265.1519291245,-111.553627,30U,-2.847,2.416,0.074,0.040393598555920826,-0.01227778082396764,-2.294781894379828
1437748925653303,51.7596792083,-1.2574039392,111.548325,5735746.221384945,620265.3923400277,-111.548325,30U,-2.902,2.464,0.011,0.04043945053354162,-0.010353121438282502,-2.28896225490841
1437748925758063,51.759676505,-1.2574004937,111.545341,5735745.926442658,620265.6372978615,-111.545341,30U,-2.979,2.506,0.025,0.04163076502441813,-0.010629633510107664,-2.283916789737036
1437748925864728,51.759673739,-1.2573969953,111.543365,5735745.624614977,620265.8860729712,-111.543365,30U,-3.045,2.539,0.001,0.041585900000818736,-0.011444300000321699,-2.279843207180284
1437748925971393,51.7596708967,-1.2573934859,111.545815,5735745.31432041,620266.1358099745,-111.545815,30U,-3.142,2.539,-0.03,0.0396352850366837,-0.012502506446158712,-2.276345985627442
1437748926076154,51.7596679826,-1.2573899513,111.54879,5735744.996082797,620266.3874768594,-111.54879,30U,-3.197,2.593,-0.022,0.036422582655036714,-0.012536411652030927,-2.2730286811311036
1437748926167581,51.7596650149,-1.2573863483,111.549515,5735744.671997333,620266.6440065014,-111.549515,30U,-3.257,2.646,-0.002,0.03415414541228441,-0.011538214734456199,-2.269153399498024
1437748926259008,51.7596619917,-1.2573826731,111.550545,5735744.341858992,620266.9056661879,-111.550545,30U,-3.329,2.69,-0.003,0.035100029460997384,-0.012630343708558249,-2.2649882660444245
1437748926364720,51.7596589053,-1.2573789288,111.548843,5735744.004806378,620267.1722624539,-111.548843,30U,-3.405,2.731,0.039,0.037061029841040136,-0.01267828261999889,-2.2611902888661874
1437748926471385,51.7596557528,-1.2573751163,111.544006,5735743.660515505,620267.4437408963,-111.544006,30U,-3.486,2.764,0.045,0.036924671368105566,-0.010657810908403315,-2.257529655102542
1437748926578050,51.7596525326,-1.257371242,111.541214,5735743.308797891,620267.7196641049,-111.541214,30U,-3.564,2.786,0.007,0.03570368469344087,-0.010225095200358204,-2.2536380883607174
1437748926679715,51.7596492588,-1.257367285,111.542068,5735742.951256011,620268.0014369257,-111.542068,30U,-3.628,2.831,-0.025,0.03457285053339237,-0.010924693208111073,-2.2491353331457176
1437748926759714,51.7596459298,-1.2573632605,111.545258,5735742.587686871,620268.2880146577,-111.545258,30U,-3.702,2.86,-0.026,0.03361771241737277,-0.013219069293351073,-2.244095799109287
1437748926839713,51.7596425317,-1.2573591974,111.545036,5735742.216497044,620268.5774398462,-111.545036,30U,-3.775,2.89,0.017,0.034649499999327246,-0.013315100000093507,-2.2390341071755246
1437748926938044,51.759639072,-1.2573550869,111.543785,5735741.838535092,620268.8702998525,-111.543785,30U,-3.844,2.922,0.005,0.03473093913567645,-0.012775602042954411,-2.2333273894071533
1437748927044709,51.759635539,-1.2573509664,111.543671,5735741.452438225,620269.1640447893,-111.543671,30U,-3.929,2.943,0.017,0.03463699779050685,-0.013583249581625807,-2.2269197517395973
1437748927151375,51.7596319258,-1.2573468439,111.54184,5735741.057425929,620269.4581409134,-111.54184,30U,-4.012,2.955,0.017,0.03381171597216274,-0.013618481841613458,-2.2204152012968392
1437748927258040,51.759628242,-1.2573426989,111.539185,5735740.654599591,620269.7539774223,-111.539185,30U,-4.085,2.976,0.035,0.03418535674085342,-0.01169232172235369,-2.2141328558595488
1437748927364705,51.7596244985,-1.2573384934,111.53624,5735740.245234024,620270.0541477413,-111.53624,30U,-4.161,3.005,0.015,0.035810437610531445,-0.009343504749381502,-2.2071845913384402
1437748927471370,51.7596206953,-1.2573342241,111.536766,5735739.829334669,620270.3588796057,-111.536766,30U,-4.24,3.02,-0.002,0.03709841749538753,-0.010307510848423903,-2.1996642427253
1437748927578034,51.759616824,-1.2573298992,111.535995,5735739.405953871,620270.667629455,-111.535995,30U,-4.334,3.029,0.016,0.038890243945301856,-0.010338716221929499,-2.1921750655355208
1437748927681842,51.7596128874,-1.2573255133,111.534264,5735738.975411918,620270.9807625075,-111.534264,30U,-4.423,3.027,0.023,0.03719867217468182,-0.009560858619174939,-2.184951376486915
1437748927773269,51.7596088755,-1.2573211221,111.534477,5735738.536504889,620271.2944614701,-111.534477,30U,-4.504,3.034,-0.044,0.03367701547126044,-0.008647591238144677,-2.1771921095604827
1437748927864696,51.7596047882,-1.2573167274,111.538483,5735738.0892186975,620271.6086023913,-111.538483,30U,-4.581,3.061,-0.031,0.033186499999809646,-0.009877800000448122,-2.168827207170237
1437748927971361,51.7596006202,-1.2573123305,111.539238,5735737.632961805,620271.9231096454,-111.539238,30U,-4.666,3.062,-0.003,0.034081109184562884,-0.010452417050426167,-2.160510770112404
1437748928076122,51.7595963588,-1.2573079965,111.538048,5735737.166214537,620272.2335244152,-111.538048,30U,-4.745,3.07,0.032,0.0350667976275852,-0.008692768438315398,-2.152347036117072
1437748928167549,51.7595920089,-1.2573037108,111.537895,5735736.689545878,620272.54084123,-111.537895,30U,-4.839,3.051,-0.022,0.03561988471129901,-0.007762565244416434,-2.1437271292897773
1437748928258976,51.759587574,-1.2572994494,111.539909,5735736.203384629,620272.8467070346,-111.539909,30U,-4.93,3.038,-0.017,0.03455019695557162,-0.008997364212180645,-2.135890557524531
1437748928350403,51.7595830659,-1.2572951774,111.540619,5735735.70910058,620273.1534989319,-111.540619,30U,-5.011,3.039,0.012,0.03276198135975089,-0.008989270753920007,-2.1280440617473446
1437748928441830,51.7595785025,-1.2572908614,111.540802,5735735.208739401,620273.4634742971,-111.540802,30U,-5.076,3.045,-0.03,0.03224629864191207,-0.008120258520852625,-2.1197371902631836
1437748928544686,51.7595738839,-1.2572865079,111.544868,5735734.702301498,620273.7761842986,-111.544868,30U,-5.157,3.033,-0.037,0.03447509288095096,-0.008666658862484276,-2.11156790898317
1437748928651350,51.7595692163,-1.2572820839,111.54702,5735734.190530767,620274.0938898023,-111.54702,30U,-5.226,3.035,0.0,0.03705544981223667,-0.009153023466244267,-2.103122280856416
1437748928758015,51.759564489,-1.2572776472,111.547005,5735733.672141984,620274.4126304495,-111.547005,30U,-5.314,3.015,-0.002,0.04053922580056098,-0.008953715957086586,-2.094950419700515
1437748928864680,51.7595596949,-1.2572732233,111.54657,5735733.146303533,620274.7306653501,-111.54657,30U,-5.401,2.99,-0.006,0.04238959999916653,-0.008824300000745388,-2.0868159071768906
1437748928971345,51.7595548341,-1.2572688149,111.548599,5735732.613022081,620275.0478079091,-111.548599,30U,-5.481,2.96,-0.035,0.0401748986375937,-0.010219558242790019,-2.0782319599441332
1437748929078010,51.759549891,-1.2572644785,111.550926,5735732.070469632,620275.3602005033,-111.550926,30U,-5.562,2.95,-0.008,0.03877636919998122,-0.011118445594313712,-2.070229122162769
1437748929184675,51.7595448872,-1.2572601579,111.552513,5735731.521140922,620275.6716641111,-111.552513,30U,-5.624,2.952,0.006,0.03922311979518265,-0.011897309997228602,-2.0611198892936917
1437748929287531,51.759539818,-1.2572558544,111.552193,5735730.964511141,620275.9821215079,-111.552193,30U,-5.694,2.93,-0.019,0.041249159073930834,-0.011710592961682252,-2.052175603512869
1437748929378958,51.7595346784,-1.257251593,111.551727,5735730.399983026,620276.2898607248,-111.551727,30U,-5.78,2.891,0.025,0.04054342149354296,-0.011862057665954552,-2.0439179752020094
1437748929470385,51.7595294753,-1.2572473763,111.551102,5735729.828319611,620276.5946839991,-111.551102,30U,-5.844,2.871,0.007,0.040316539431539906,-0.0122687709962912,-2.0353868786159444
1437748929561812,51.7595242123,-1.2572432037,111.549881,5735729.249922233,620276.8966231698,-111.549881,30U,-5.911,2.825,0.004,0.03889369656959078,-0.012074174361168118,-2.0270667220171297
1437748929653239,51.7595188922,-1.2572390794,111.549362,5735728.665095335,620277.1953809521,-111.549362,30U,-5.969,2.813,0.019,0.03872618244059969,-0.011257030184094657,-2.019009864480274
1437748929757999,51.7595135239,-1.2572349746,111.54866,5735728.074876155,620277.4929211918,-111.54866,30U,-6.027,2.783,0.001,0.03712062243632405,-0.010987577344265942,-2.010122804624779
1437748929864664,51.7595080969,-1.2572309245,111.548286,5735727.47803897,620277.7868426285,-111.548286,30U,-6.096,2.741,0.003,0.03754589999964679,-0.011659300000403506,-2.0013875071691314
1437748929956091,51.7595026188,-1.2572269113,111.547745,5735726.875458308,620278.0783534495,-111.547745,30U,-6.153,2.711,-0.005,0.03666404009601351,-0.011800581242561172,-1.993201546946827
1437748930047518,51.7594970873,-1.2572229476,111.549019,5735726.266857611,620278.3665902368,-111.549019,30U,-6.208,2.685,-0.009,0.03613341379930595,-0.012063696681920155,-1.984635407622587
1437748930151327,51.7594914977,-1.2572190431,111.549889,5735725.651698214,620278.6508960793,-111.549889,30U,-6.281,2.627,-0.013,0.03413205944346168,-0.012188376238786448,-1.9764433296198287
1437748930257992,51.7594858516,-1.2572152001,111.548302,5735725.030154251,620278.9311080007,-111.548302,30U,-6.334,2.61,0.043,0.033843400822520436,-0.010869731730550915,-1.9689347453985115
1437748930364657,51.7594801649,-1.257211386,111.547455,5735724.404047666,620279.2094334835,-111.547455,30U,-6.385,2.572,-0.003,0.030765426409767524,-0.01015399588668066,-1.9609834753944795
1437748930471321,51.7594744272,-1.2572076336,111.549591,5735723.7721678205,620279.4836366255,-111.549591,30U,-6.438,2.525,-0.037,0.02903029285115523,-0.012329779472477511,-1.9533431577180258
1437748930577986,51.7594686397,-1.2572039297,111.550804,5735723.134669932,620279.7546251744,-111.550804,30U,-6.487,2.508,-0.009,0.02908828197754876,-0.015226987331602593,-1.9464518405153364
1437748930684651,51.759462814,-1.2572002579,111.552376,5735722.492871036,620280.0235000723,-111.552376,30U,-6.532,2.479,-0.027,0.03010315512517254,-0.01844034030218155,-1.9397270565212201
1437748930791316,51.7594569457,-1.2571966426,111.553154,5735721.846241584,620280.2885891586,-111.553154,30U,-6.581,2.434,0.013,0.030280350270893208,-0.0194904348398824,-1.933815077752825
1437748930969647,51.7594325511,-1.2572152197,111.541733,5735719.102771374,620279.071405723,-111.541733,30U,-6.71,2.3,0.105,0.029255742381814824,-0.01407607431915386,-1.93339159275609
1437748931049645,51.7593535578,-1.2573524844,111.858154,5735710.091852766,620269.8086161716,-111.858154,30U,-7.566,1.13,0.115,0.03196079327242382,-0.007617193568338649,-2.0422728328232678
1437748931151311,51.7591558427,-1.257715625,112.816589,5735687.505910477,620245.2733531542,-112.816589,30U,-9.958,-2.113,0.168,0.04337848893621403,0.0026637547372080333,-2.3545557238678803
1437748931257976,51.7589099805,-1.2581703925,114.036446,5735659.414799207,620214.5424682008,-114.036446,30U,-13.002,-6.206,0.268,0.05566409893545098,0.014351918551212721,-2.7496889594988003
1437748931364641,51.7587882628,-1.2583890309,114.587898,5735645.5186670385,620199.7772033524,-114.587898,30U,-14.423,-8.14,0.335,0.06002601858684408,0.02057664550372004,-2.933064185550154
1437748931470353,51.7587751212,-1.2584011641,114.553627,5735644.03724192,620198.9747740146,-114.553627,30U,-14.419,-8.16,0.367,0.05941764868427489,0.020298915047214657,-2.930786642420294
1437748931561781,51.7587621662,-1.2584130086,114.515053,5735642.577043829,620198.1917722501,-114.515053,30U,-14.403,-8.196,0.406,0.05845238868833798,0.019822375338146455,-2.9288795681134503
1437748931653208,51.7587492334,-1.2584249063,114.473335,5735641.119226973,620197.4050396397,-114.473335,30U,-14.371,-8.239,0.41,0.05918040514704547,0.020147731501522218,-2.9271850881216412
1437748931757968,51.7587363313,-1.2584368813,114.437004,5735639.664696888,620196.6128904286,-114.437004,30U,-14.352,-8.288,0.391,0.06016011095220313,0.016517044538750338,-2.9250343899542157
