timestamp,latitude,longitude,altitude,northing,easting,down,utm_zone,velocity_north,velocity_east,velocity_down,roll,pitch,yaw
1440170641540185,51.7606049752,-1.2612228448,111.120071,5735842.882026877,619999.3945124424,-111.120071,30U,-0.338,-0.069,0.223,0.06760010000065769,-0.13868140000060084,-0.1271671071799688
1440170641620185,51.7606047013,-1.2612231462,111.092545,5735842.851071536,619999.374439458,-111.092545,30U,-0.288,-0.062,0.218,0.0679900736948789,-0.13815924665607449,-0.12646721597086422
1440170641700184,51.7606044133,-1.2612233084,111.068878,5735842.818777224,619999.364009876,-111.068878,30U,-0.239,-0.056,0.209,0.06843956960398194,-0.13765549567222743,-0.12581431801715964
1440170641801850,51.7606041845,-1.2612234375,111.046616,5735842.7931207875,619999.3557075135,-111.046616,30U,-0.19,-0.048,0.203,0.06885492882244873,-0.13716984054480838,-0.1251463241278146
1440170641908517,51.7606040156,-1.2612235313,111.025749,5735842.774183699,619999.3496823338,-111.025749,30U,-0.14,-0.039,0.196,0.06928094797267997,-0.13665225765734232,-0.12448142251684514
1440170642015183,51.7606038559,-1.261224155,111.005615,5735842.755397817,619999.3070650322,-111.005615,30U,-0.07,-0.024,0.143,0.05778776978754608,-0.10966944904319295,-0.0665748387877164
1440170642120896,51.7606037457,-1.2612260724,110.998375,5735842.7399880225,619999.1750398814,-110.998375,30U,-0.008,-0.008,-0.011,0.01673592244924524,-0.018023659192283242,0.1315521122472728
1440170642212310,51.760603607,-1.2612261253,110.991432,5735842.724476659,619999.1717570829,-110.991432,30U,-0.008,-0.008,-0.011,0.016761604091287723,-0.018019993862973042,0.1315528448998409
1440170642303724,51.7606038599,-1.2612266086,111.008308,5735842.751805535,619999.1377345965,-111.008308,30U,-0.007,-0.008,-0.011,0.016731363256539948,-0.017996734697789753,0.13303829325962047
1440170642408484,51.760603871,-1.2612266865,111.011368,5735842.752911749,619999.1323293846,-111.011368,30U,-0.006,-0.008,-0.011,0.016697197790660336,-0.018003859088163165,0.13530034221508336
1440170642515150,51.7606038701,-1.2612267003,111.012146,5735842.752788957,619999.1313794506,-111.012146,30U,-0.006,-0.008,-0.011,0.016682499999528835,-0.017980099999595583,0.13673530000078252
1440170642621803,51.7606038702,-1.2612267004,111.012146,5735842.752799914,619999.131372285,-111.012146,30U,-0.006,-0.008,-0.011,0.016687200000162185,-0.01796601224816154,0.136821198111286
1440170642726552,51.7606038704,-1.261226701,111.012169,5735842.752821169,619999.1313303494,-111.012169,30U,-0.005,-0.008,-0.011,0.016701222450102266,-0.017965493862684416,0.13754409661710953
1440170642817980,51.760603871,-1.2612267027,111.01223,5735842.752885094,619999.1312114426,-111.01223,30U,-0.005,-0.007,-0.011,0.016671506111229327,-0.017920775478158117,0.13934901342736755
1440170642909408,51.7606038718,-1.2612267046,111.012299,5735842.752970933,619999.131078205,-111.012299,30U,-0.005,-0.007,-0.012,0.016673061154214294,-0.01786668360566178,0.14142171698091438
1440170643015121,51.760603872,-1.2612267054,111.012329,5735842.752991858,619999.1310224683,-111.012329,30U,-0.005,-0.007,-0.012,0.016661904091592357,-0.017863857146167273,0.14220565510134336
1440170643120835,51.760603872,-1.2612267054,111.012329,5735842.752991858,619999.1310224683,-111.012329,30U,-0.005,-0.007,-0.012,0.016679671414223298,-0.017863757145782446,0.14221216123849983
1440170643212264,51.760603872,-1.2612267054,111.012329,5735842.752991858,619999.1310224683,-111.012329,30U,-0.004,-0.006,-0.012,0.016664477549903828,-0.017860206111103647,0.14222741429391558
1440170643303693,51.760603872,-1.2612267054,111.012329,5735842.752991858,619999.1310224683,-111.012329,30U,-0.004,-0.007,-0.012,0.016665199999277094,-0.017842551035832894,0.1422245530552451
1440170643408454,51.760603872,-1.2612267054,111.012329,5735842.752991858,619999.1310224683,-111.012329,30U,-0.004,-0.006,-0.013,0.016672949037753803,-0.017880465289176875,0.1422349041335451
1440170643515120,51.760603872,-1.2612267054,111.012329,5735842.752991858,619999.1310224683,-111.012329,30U,-0.004,-0.006,-0.013,0.01668410000045,-0.01784399999945125,0.1422375000001388
1440170643621786,51.760603872,-1.2612267054,111.012329,5735842.752991858,619999.1310224683,-111.012329,30U,-0.003,-0.007,-0.013,0.0166787469185545,-0.017845620429451314,0.1422408040916724
1440170643726548,51.760603872,-1.2612267054,111.012329,5735842.752991858,619999.1310224683,-111.012329,30U,-0.003,-0.006,-0.013,0.016632569393394976,-0.017850463257358676,0.14224556325722204
1440170643817976,51.760603872,-1.2612267054,111.012329,5735842.752991858,619999.1310224683,-111.012329,30U,-0.004,-0.006,-0.014,0.016634018358758666,-0.01784666530222395,0.14224457959663694
1440170643909404,51.760603872,-1.2612267054,111.012329,5735842.752991858,619999.1310224683,-111.012329,30U,-0.003,-0.006,-0.013,0.016642985816822182,-0.01783156322127918,0.1422552796151237
1440170644015118,51.760603872,-1.2612267054,111.012329,5735842.752991858,619999.1310224683,-111.012329,30U,-0.003,-0.005,-0.014,0.016631293863144388,-0.017833144899733866,0.1422555673483588
1440170644120831,51.760603872,-1.2612267054,111.012329,5735842.752991858,619999.1310224683,-111.012329,30U,-0.003,-0.005,-0.013,0.016642236742451178,-0.017812569368516405,0.14226339388992632
1440170644212260,51.760603872,-1.2612267054,111.012329,5735842.752991858,619999.1310224683,-111.012329,30U,-0.003,-0.005,-0.013,0.016644148989756843,-0.01780999593463955,0.14227866939376685
1440170644303687,51.760603872,-1.2612267054,111.012329,5735842.752991858,619999.1310224683,-111.012329,30U,-0.002,-0.005,-0.013,0.016658636716550233,-0.017821275505412335,0.142278410201901
1440170644408414,51.760603872,-1.2612267054,111.012329,5735842.752991858,619999.1310224683,-111.012329,30U,-0.002,-0.004,-0.013,0.016639538845654698,-0.017800167355557703,0.14228276528882222
1440170644515040,51.760603872,-1.2612267054,111.012329,5735842.752991858,619999.1310224683,-111.012329,30U,-0.002,-0.005,-0.014,0.0166379000006857,-0.017817799999856918,0.14229510000013965
1440170644621706,51.760603872,-1.2612267054,111.012329,5735842.752991858,619999.1310224683,-111.012329,30U,-0.001,-0.004,-0.013,0.016612687778908175,-0.017925373563780458,0.1422898469448089
1440170644726465,51.760603872,-1.2612267054,111.012329,5735842.752991858,619999.1310224683,-111.012329,30U,-0.001,-0.003,-0.012,0.016564532624663873,-0.017945724495557796,0.14229683469684581
1440170644817870,51.760603872,-1.2612267054,111.012329,5735842.752991858,619999.1310224683,-111.012329,30U,-0.002,-0.004,-0.013,0.016562169394751466,-0.017971087779072744,0.1422996530545219
1440170644909274,51.760603872,-1.2612267054,111.012329,5735842.752991858,619999.1310224683,-111.012329,30U,-0.002,-0.003,-0.012,0.01654264283608505,-0.018016404277461723,0.1422963449033525
1440170645014987,51.760603872,-1.2612267054,111.012329,5735842.752991858,619999.1310224683,-111.012329,30U,-0.001,-0.0,-0.012,0.016547895908869084,-0.018012579569920216,0.14230449388926328
1440170645121653,51.760603872,-1.2612267054,111.012329,5735842.752991858,619999.1310224683,-111.012329,30U,-0.0,0.0,-0.012,0.01650700204513406,-0.01799266123719661,0.14229560201966435
1440170645228319,51.760603872,-1.2612267054,111.012329,5735842.752991858,619999.1310224683,-111.012329,30U,-0.003,-0.0,-0.012,0.01655632042990889,-0.01799869388921631,0.14228454901706308
1440170645329985,51.760603872,-1.2612267054,111.012329,5735842.752991858,619999.1310224683,-111.012329,30U,-0.0,0.001,-0.012,0.016614106162612708,-0.017959257146768572,0.14232767550423192
1440170645409985,51.760603872,-1.2612267054,111.012329,5735842.752991858,619999.1310224683,-111.012329,30U,0.001,0.001,-0.011,0.016591720098387733,-0.017972024518226236,0.14227977961515734
1440170645489984,51.760603872,-1.2612267054,111.012329,5735842.752991858,619999.1310224683,-111.012329,30U,0.0,0.001,-0.012,0.016577399999997015,-0.017971399999277302,0.14232140000011878
1440170645588317,51.7606038726,-1.2612267025,111.013496,5735842.753063355,619999.1312210027,-111.013496,30U,0.001,0.003,-0.011,0.01658806123726774,-0.017968857147059595,0.1423137673227433
1440170645694983,51.7606038727,-1.2612266989,111.014633,5735842.753080399,619999.1314691684,-111.014633,30U,-0.0,0.003,-0.011,0.016597910201795244,-0.017946859165520444,0.14231041227457686
1440170645801649,51.7606038733,-1.2612266956,111.015785,5735842.753152551,619999.1316953067,-111.015785,30U,0.003,0.003,-0.012,0.01658111833146594,-0.017944244899665736,0.14237091429286614
1440170645908316,51.7606038755,-1.2612266919,111.017014,5735842.753403294,619999.1319448053,-111.017014,30U,0.002,0.004,-0.012,0.016479256877627663,-0.0179625449037657,0.1423520754811915
1440170646014981,51.760603876,-1.2612266876,111.018143,5735842.753465971,619999.1322402175,-111.018143,30U,0.0,0.003,-0.011,0.016437202019128884,-0.017952593889836832,0.14240038780408026
1440170646121647,51.7606038768,-1.2612266826,111.019348,5735842.753563165,619999.1325831399,-111.019348,30U,0.002,0.005,-0.012,0.016337371334415113,-0.01799238982453529,0.14245080000065993
1440170646228313,51.7606038792,-1.2612266745,111.020203,5735842.753843387,619999.133135747,-111.020203,30U,0.003,0.004,-0.003,0.016189910123976907,-0.01785763852582511,0.14245996740015193
1440170646332122,51.7606038828,-1.2612266813,111.019943,5735842.754232541,619999.1326569425,-111.019943,30U,0.006,-0.014,0.006,0.01602509989571491,-0.01719212001077823,0.1425858714660588
1440170646423550,51.7606038903,-1.2612267186,111.019485,5735842.755005216,619999.1300630298,-111.019485,30U,0.011,-0.035,0.001,0.015867999427294808,-0.01655561510570624,0.14256111803200042
1440170646514978,51.7606039002,-1.2612267864,111.019768,5735842.755994603,619999.1253579884,-111.019768,30U,0.013,-0.057,-0.007,0.0157313000008002,-0.01618570000061267,0.1425035999996426
1440170646621644,51.7606039133,-1.2612268845,111.02095,5735842.7572899945,619999.1185534967,-111.02095,30U,0.017,-0.079,-0.016,0.015592510071287428,-0.0160587939150023,0.14261243270342971
1440170646726406,51.7606039313,-1.2612270149,111.022423,5735842.75907715,619999.1095070307,-111.022423,30U,0.024,-0.1,-0.013,0.015315391686042758,-0.016089024469760783,0.14260796522428595
1440170646817834,51.7606039532,-1.2612271776,111.02356,5735842.761244865,619999.098221242,-111.02356,30U,0.025,-0.123,-0.012,0.01506662229288448,-0.015951010148859635,0.14245851833181383
1440170646909262,51.7606039754,-1.2612273714,111.024818,5735842.763394772,619999.0847884864,-111.024818,30U,0.027,-0.143,-0.013,0.014715502846199813,-0.015871128366311323,0.14244810605877956
1440170647000690,51.7606040021,-1.2612275928,111.026093,5735842.765999695,619999.0694391576,-111.026093,30U,0.034,-0.161,-0.013,0.014185015971628889,-0.015784824468502042,0.14234181211615837
1440170647092117,51.7606040334,-1.2612278394,111.02742,5735842.769074705,619999.0523386117,-111.02742,30U,0.036,-0.18,-0.013,0.013488481275022,-0.01569219176422427,0.14204370390740104
1440170647194974,51.7606040646,-1.2612281139,111.028755,5735842.772092688,619999.033312988,-111.028755,30U,0.035,-0.199,-0.013,0.012882532362291478,-0.015562424391074168,0.14168686509355208
1440170647301640,51.7606040967,-1.2612284162,111.029999,5735842.775165014,619999.0123665336,-111.029999,30U,0.038,-0.218,-0.012,0.012377136454493622,-0.015305697797509952,0.14123576910498808
1440170647408306,51.7606041327,-1.2612287463,111.031174,5735842.778625303,619998.9894912974,-111.031174,30U,0.044,-0.236,-0.012,0.011774353235668328,-0.014965343902934745,0.14063476742052475
1440170647514972,51.7606041723,-1.2612291026,111.03244,5735842.782442826,619998.9647984863,-111.03244,30U,0.047,-0.255,-0.013,0.01108539999975002,-0.014623200000424021,0.13994549999916114
1440170647621638,51.7606042148,-1.2612294889,111.033569,5735842.786533487,619998.9380277239,-111.033569,30U,0.049,-0.28,-0.009,0.01039388334639943,-0.014220599685077355,0.13915419137075427
1440170647728305,51.7606042603,-1.2612299188,111.034248,5735842.790886029,619998.9082402262,-111.034248,30U,0.053,-0.314,-0.006,0.009896536532337958,-0.013528834303109733,0.13822018518295504
1440170647834971,51.7606043082,-1.2612304037,111.034943,5735842.79541497,619998.8746508851,-111.034943,30U,0.056,-0.355,-0.009,0.009495691581886486,-0.01281116496255017,0.13727767094091267
1440170647937827,51.760604361,-1.2612309509,111.035919,5735842.800386315,619998.8367493069,-111.035919,30U,0.065,-0.399,-0.01,0.008966643472975098,-0.012194229003210807,0.13633108887045461
1440170648029255,51.7606044218,-1.2612315663,111.036942,5735842.8061350975,619998.7941201219,-111.036942,30U,0.073,-0.448,-0.012,0.008472589482601572,-0.011712528402668348,0.13520402790455477
1440170648120683,51.7606044885,-1.2612322595,111.038063,5735842.812411988,619998.7461064135,-111.038063,30U,0.076,-0.509,-0.01,0.00799572428533584,-0.011424832468690591,0.1340438586413925
1440170648212111,51.7606045587,-1.2612330435,111.039093,5735842.818928703,619998.691817432,-111.039093,30U,0.084,-0.573,-0.011,0.0074289588520706305,-0.011053646734230966,0.13318879347051352
1440170648303539,51.7606046398,-1.2612339215,111.04023,5735842.826502899,619998.6310127287,-111.04023,30U,0.097,-0.639,-0.01,0.006964787542665064,-0.010739385548624988,0.13241581389895732
1440170648408300,51.7606047246,-1.2612348984,111.040771,5735842.834325833,619998.5633732514,-111.040771,30U,0.096,-0.709,-0.001,0.006272652234671825,-0.010322841406930388,0.1318991601532265
1440170648514966,51.7606048142,-1.2612359787,111.040451,5735842.842512428,619998.4885855438,-111.040451,30U,0.11,-0.781,0.008,0.005427499999873389,-0.009556099999913328,0.13146929999931456
1440170648606394,51.7606049198,-1.2612371623,111.039375,5735842.85230836,619998.4066268113,-111.039375,30U,0.124,-0.852,0.012,0.0046416628372998444,-0.008321099291286205,0.13069998321586918
1440170648697822,51.7606050317,-1.2612384479,111.038612,5735842.862637063,619998.3176124839,-111.038612,30U,0.128,-0.921,0.004,0.003906834540036051,-0.006962789116236922,0.1299094179650786
1440170648801631,51.7606051487,-1.2612398291,111.038857,5735842.8733756235,619998.2219873987,-111.038857,30U,0.135,-0.983,-0.005,0.004213306425910135,-0.005665068686706457,0.12909084439999968
1440170648908297,51.7606052703,-1.261241303,111.039314,5735842.88447321,619998.119953009,-111.039314,30U,0.139,-1.05,0.002,0.004310351741415973,-0.004142381875541252,0.12819127126847032
1440170649014964,51.7606053953,-1.2612428775,111.038536,5735842.895783378,619998.0109673262,-111.038536,30U,0.144,-1.119,0.01,0.0039240325205570255,-0.0018651253339803122,0.12781175103530837
1440170649121630,51.760605529,-1.2612445465,111.037903,5735842.907905556,619997.8954372504,-111.037903,30U,0.158,-1.186,0.006,0.0032579075001044184,0.00019175410463682428,0.12787806727068016
1440170649228296,51.7606056809,-1.2612463203,111.037148,5735842.921879258,619997.7726268038,-111.037148,30U,0.179,-1.263,0.01,0.0020548115393581178,0.0020688682134594994,0.12752168547129586
1440170649334962,51.7606058415,-1.2612482078,111.036034,5735842.936633381,619997.6419469977,-111.036034,30U,0.179,-1.342,0.015,0.0004369255957898958,0.003508384474533629,0.1273503348537908
1440170649441628,51.7606060028,-1.2612502098,111.034225,5735842.951276957,619997.5033638361,-111.034225,30U,0.183,-1.418,0.016,-0.0004964497532231896,0.005115906071808868,0.12812505468092683
1440170649539960,51.7606061684,-1.2612523168,111.033829,5735842.966225964,619997.3575233577,-111.033829,30U,0.189,-1.489,-0.004,6.54000003463504e-05,0.006143599999710755,0.12969199999981373
1440170649619960,51.7606063372,-1.2612545241,111.034454,5735842.981365807,619997.2047528209,-111.034454,30U,0.18,-1.558,-0.005,0.0030681227115491433,0.007162329269057245,0.13197346283723185
1440170649699959,51.7606064977,-1.261256828,111.035042,5735842.9954237,619997.0453380481,-111.035042,30U,0.181,-1.623,-0.004,0.007989653475182702,0.008715190716377025,0.1356655553106696
1440170649801625,51.7606066802,-1.2612592165,111.036613,5735843.01178894,619996.8800268063,-111.036613,30U,0.228,-1.672,-0.031,0.01144634419102816,0.009965204326605451,0.13998460039397276
1440170649908291,51.7606069037,-1.2612616704,111.041695,5735843.032606042,619996.7100936858,-111.041695,30U,0.259,-1.718,-0.067,0.01283855438134046,0.009739442329649874,0.1451484261489299
1440170650014958,51.7606071403,-1.2612641994,111.049026,5735843.054756387,619996.5349432761,-111.049026,30U,0.269,-1.773,-0.076,0.011356561920087495,0.008437931786749009,0.15222129601375947
1440170650120671,51.7606074036,-1.2612668007,111.056328,5735843.07975699,619996.3547327439,-111.056328,30U,0.318,-1.822,-0.07,0.008187367165375421,0.006807944086194626,0.15985156094976893
1440170650212100,51.7606077105,-1.261269474,111.062767,5735843.109487732,619996.1694379835,-111.062767,30U,0.347,-1.875,-0.057,0.003758289666882581,0.005273095305929395,0.16715086359743614
1440170650303528,51.760608016,-1.2612722364,111.066597,5735843.138916193,619995.9779982594,-111.066597,30U,0.328,-1.943,-0.022,0.0008151114078016244,0.004612667375258514,0.17692684067742523
1440170650408288,51.7606083245,-1.2612750921,111.067879,5735843.168524768,619995.7801120689,-111.067879,30U,0.361,-2.001,-0.01,0.000599155890568897,0.005082002288379995,0.18832336746961076
1440170650514954,51.7606086697,-1.2612780241,111.069756,5735843.202089088,619995.5768632088,-111.069756,30U,0.398,-2.047,-0.039,0.0026171000006337685,0.005562700000044977,0.19979809999942802
1440170650621620,51.7606090372,-1.261281012,111.076889,5735843.238041344,619995.3696976361,-111.076889,30U,0.41,-2.086,-0.098,0.0055728338581569415,0.0045170500916373165,0.2131966444790387
1440170650726382,51.7606094338,-1.2612840521,111.087662,5735843.277143829,619995.1588526558,-111.087662,30U,0.47,-2.117,-0.106,0.006984449435907005,0.00259483587732764,0.22793590781530548
1440170650817810,51.7606098925,-1.2612871385,111.096703,5735843.323076055,619994.9446479228,-111.096703,30U,0.532,-2.153,-0.067,0.007031730841675844,0.0014850977964366721,0.24262763881458088
1440170650909238,51.7606103871,-1.2612902773,111.100296,5735843.372914388,619994.7267319505,-111.100296,30U,0.551,-2.186,-0.005,0.008752365889105301,0.0027876020320751847,0.2593652153716994
1440170651014952,51.7606109026,-1.2612934645,111.100945,5735843.424997307,619994.5054205471,-111.100945,30U,0.584,-2.22,-0.021,0.010996887778726096,0.0060162213749320554,0.2789733478370842
1440170651120665,51.7606114652,-1.2612966851,111.105614,5735843.482263103,619994.2816793756,-111.105614,30U,0.655,-2.24,-0.067,0.01080282237121277,0.006287864620425316,0.3003463750060469
1440170651212094,51.7606120955,-1.261299936,111.112724,5735843.5470077265,619994.0556677473,-111.112724,30U,0.727,-2.265,-0.068,0.010724089825145045,0.0046518687129327345,0.32273130204604206
1440170651303522,51.7606127857,-1.2613032293,111.117981,5735843.61834386,619993.826571336,-111.117981,30U,0.792,-2.295,-0.036,0.010703189666177374,0.004001304170190296,0.34614271285150505
1440170651408283,51.7606135374,-1.2613065635,111.120575,5735843.696451902,619993.5944894162,-111.120575,30U,0.864,-2.321,-0.019,0.01066067897829252,0.004303668214230299,0.370880695057967
1440170651514949,51.760614351,-1.2613099332,111.122322,5735843.781385221,619993.359793574,-111.122322,30U,0.944,-2.345,-0.014,0.009993199999474057,0.004437299999417056,0.3969439000006458
1440170651621615,51.7606152492,-1.2613133262,111.124359,5735843.875688273,619993.1232655301,-111.124359,30U,1.035,-2.36,-0.028,0.007869466901956524,0.00414529543743741,0.4234808103075007
1440170651726376,51.7606162261,-1.2613167497,111.126266,5735843.978693092,619992.8844240679,-111.126266,30U,1.117,-2.383,-0.016,0.007076754498250951,0.0033003974290431487,0.45042661851572113
1440170651817804,51.7606172718,-1.2613201967,111.129105,5735844.0893102605,619992.6437784976,-111.129105,30U,1.192,-2.393,-0.046,0.004922353946429931,0.0021089992391570373,0.4775063860219077
1440170651909232,51.7606183893,-1.2613236499,111.135643,5735844.207901853,619992.4025147159,-111.135643,30U,1.273,-2.393,-0.093,0.005230990616535141,-4.4877226941521955e-05,0.5046961786774783
1440170652014946,51.7606195733,-1.2613271079,111.147469,5735844.333880782,619992.1607433901,-111.147469,30U,1.347,-2.397,-0.135,0.007176729530420504,-0.004665378468914382,0.5312288895354027
1440170652120659,51.7606208244,-1.2613305597,111.161484,5735844.467331873,619991.9192220254,-111.161484,30U,1.416,-2.398,-0.135,0.0113157376339031,-0.010590523262912434,0.5578739880151506
1440170652212088,51.7606221395,-1.2613340176,111.171883,5735844.607890145,619991.6771100339,-111.171883,30U,1.504,-2.393,-0.075,0.01462924576510239,-0.014544001416539427,0.5853063187515031
1440170652303516,51.7606235569,-1.2613374443,111.175911,5735844.75987617,619991.4368798976,-111.175911,30U,1.625,-2.365,-0.012,0.01686983996926516,-0.016341920901629583,0.6125615799377732
1440170652408277,51.7606250635,-1.2613408478,111.175919,5735844.921819986,619991.1980142778,-111.175919,30U,1.709,-2.358,0.004,0.017847315105757756,-0.01678287961472696,0.64014040961997
1440170652514943,51.7606266371,-1.2613442363,111.176491,5735845.09123932,619990.9600061665,-111.176491,30U,1.804,-2.347,-0.001,0.01766629999979115,-0.016784599999733286,0.6677260000008307
1440170652621609,51.7606283092,-1.2613476047,111.176704,5735845.271645559,619990.7231239906,-111.176704,30U,1.901,-2.331,-0.002,0.01914933571938719,-0.016650810070263006,0.69456090999187
1440170652726371,51.7606300667,-1.2613509565,111.176132,5735845.461576143,619990.4871609545,-111.176132,30U,1.997,-2.319,0.013,0.02080211067427506,-0.016429730606685625,0.7204300788887095
1440170652817798,51.7606319107,-1.2613542817,111.175438,5735845.661169853,619990.2528042288,-111.175438,30U,2.09,-2.297,-0.001,0.021816698663024332,-0.017208586520319036,0.7457317830581934
1440170652909226,51.760633832,-1.2613575856,111.175209,5735845.86939487,619990.0197124607,-111.175209,30U,2.175,-2.287,0.011,0.02230485481060958,-0.018597192668557822,0.7717008214366706
1440170653014940,51.760635836,-1.2613608619,111.173653,5735846.086862071,619989.7883060888,-111.173653,30U,2.27,-2.259,0.013,0.02269218819866363,-0.019323594229958985,0.7978327118276225
1440170653121606,51.7606379228,-1.2613640976,111.172508,5735846.313603967,619989.559481963,-111.172508,30U,2.36,-2.237,0.015,0.024195586861392913,-0.019682959191479384,0.8237087506161598
1440170653228272,51.760640089,-1.2613673012,111.17057,5735846.549228472,619989.3326625229,-111.17057,30U,2.449,-2.211,0.02,0.026769128507097065,-0.019967541227688127,0.8499039100965766
1440170653329938,51.7606423362,-1.2613704607,111.168098,5735846.7939332565,619989.1086716327,-111.168098,30U,2.54,-2.179,0.027,0.030363765172315555,-0.02032153881481178,0.876437757067851
1440170653409938,51.7606446622,-1.2613735657,111.167885,5735847.047490777,619988.8882328155,-111.167885,30U,2.623,-2.138,-0.024,0.032970448637821045,-0.021221172076424544,0.9029566713319124
1440170653489937,51.7606470483,-1.2613766111,111.171524,5735847.307829867,619988.6717475958,-111.171524,30U,2.713,-2.097,-0.019,0.03625480000015888,-0.02253499999952335,0.929375800000096
1440170653588270,51.760649535,-1.2613795927,111.171341,5735847.579461291,619988.4593984328,-111.171341,30U,2.814,-2.042,0.019,0.037772953658931234,-0.02235748539222705,0.9547226723568707
1440170653694936,51.7606521121,-1.2613824889,111.168556,5735847.861286282,619988.2527029562,-111.168556,30U,2.91,-1.99,0.037,0.040082096721899614,-0.021155503251740152,0.978564934881427
1440170653801602,51.7606547652,-1.2613853321,111.16523,5735848.151650163,619988.0494634663,-111.16523,30U,2.988,-1.957,0.032,0.03992500202004736,-0.020502959060566997,1.0016510448731408
1440170653908268,51.7606574944,-1.2613881149,111.162094,5735848.450576226,619987.8501903608,-111.162094,30U,3.076,-1.914,0.037,0.04054068781924214,-0.02008600491310583,1.0240732523990312
1440170654014934,51.7606602983,-1.2613908377,111.158752,5735848.757908126,619987.654859748,-111.158752,30U,3.158,-1.868,0.033,0.04028245080028996,-0.019901377340361407,1.0460150789660816
1440170654121600,51.7606631752,-1.2613934888,111.155388,5735849.07347606,619987.4642835369,-111.155388,30U,3.239,-1.818,0.03,0.040365765565191794,-0.019564781485240938,1.0678242831887883
1440170654228266,51.7606661207,-1.2613960765,111.152534,5735849.3967770655,619987.2779006208,-111.152534,30U,3.311,-1.779,0.03,0.04101433529957363,-0.018702699134328475,1.0900560609239907
1440170654332075,51.760669134,-1.2613985957,111.150131,5735849.727730566,619987.0960650658,-111.150131,30U,3.39,-1.719,0.01,0.04171981670576989,-0.017518934408961337,1.1115963537900333
1440170654423503,51.7606722177,-1.2614010217,111.150032,5735850.066666334,619986.9204744902,-111.150032,30U,3.461,-1.658,-0.015,0.04299689688203824,-0.01716430648745168,1.1311426406058762
1440170654514931,51.7606753403,-1.2614033719,111.152283,5735850.410052743,619986.7500116569,-111.152283,30U,3.518,-1.622,-0.001,0.044738900000735854,-0.016643999999725247,1.1498882000000852
1440170654621597,51.7606785285,-1.2614056767,111.152443,5735850.760808987,619986.5825079175,-111.152443,30U,3.577,-1.573,0.002,0.045111839679392654,-0.015991355075128978,1.1683744647791194
1440170654726359,51.7606817732,-1.2614078782,111.150917,5735851.118018346,619986.4219829949,-111.150917,30U,3.64,-1.484,0.029,0.04152979265700877,-0.0154021910304668,1.1856293395221058
1440170654817787,51.7606850673,-1.2614099679,111.147278,5735851.480905238,619986.2690422863,-111.147278,30U,3.683,-1.439,0.034,0.04194140388213602,-0.013551089012109874,1.201617110411772
1440170654909215,51.7606883921,-1.2614120228,111.145355,5735851.847263425,619986.1184217057,-111.145355,30U,3.714,-1.411,0.005,0.04098615888040769,-0.013150121385955938,1.2172497395759412
1440170655000643,51.7606917477,-1.2614140149,111.146271,5735852.217150089,619985.972053228,-111.146271,30U,3.749,-1.363,-0.013,0.042954900944109684,-0.014284441253009332,1.2326379079470284
1440170655092070,51.7606951339,-1.2614159328,111.147324,5735852.590561746,619985.83072408,-111.147324,30U,3.786,-1.298,-0.013,0.04400265114159661,-0.014483840728801285,1.246451786440806
1440170655194927,51.7606985502,-1.2614177647,111.149574,5735852.967462205,619985.695249889,-111.149574,30U,3.815,-1.251,-0.028,0.04515712294845801,-0.01474434555527968,1.2587975717012805
1440170655301593,51.7607019929,-1.2614195325,111.151527,5735853.347403973,619985.5641291756,-111.151527,30U,3.845,-1.198,-0.015,0.04413920474757756,-0.015596008339426953,1.2699127645167405
1440170655408259,51.7607054636,-1.2614212121,111.151733,5735853.73060463,619985.4390208027,-111.151733,30U,3.867,-1.148,-0.001,0.042232298426928695,-0.01574580214575854,1.2790648768547928
1440170655514925,51.7607089413,-1.2614228691,111.153679,5735854.114620916,619985.3154534826,-111.153679,30U,3.873,-1.162,-0.015,0.0433130999995098,-0.017073600000094905,1.287863300000164
1440170655621591,51.7607124296,-1.2614245229,111.153641,5735854.499821254,619985.1920789038,-111.153641,30U,3.893,-1.123,0.012,0.045743611066528335,-0.0183525534487214,1.2956765403889747
1440170655728257,51.7607159348,-1.2614261231,111.152519,5735854.886989166,619985.0723583963,-111.152519,30U,3.905,-1.101,0.007,0.05160851515816868,-0.020683056962850423,1.3019154970370534
1440170655834924,51.7607194466,-1.2614276902,111.152184,5735855.2749455,619984.9549045915,-111.152184,30U,3.908,-1.073,-0.0,0.0558831278780127,-0.023169151586407748,1.307525692709958
1440170655937780,51.7607229592,-1.2614292074,111.151962,5735855.663072896,619984.8408922082,-111.151962,30U,3.906,-1.034,0.014,0.056820891288452594,-0.022906994627768757,1.3128962026186286
1440170656029208,51.7607264637,-1.2614306561,111.150032,5735856.050412217,619984.7316284006,-111.150032,30U,3.889,-0.978,0.023,0.05083638575918043,-0.01790278350372718,1.3173142405971885
1440170656120636,51.7607299534,-1.2614320328,111.148109,5735856.436224141,619984.6273724615,-111.148109,30U,3.877,-0.936,0.014,0.03925423671714709,-0.009041244557667978,1.320212436087523
1440170656212064,51.760733425,-1.2614333978,111.147125,5735856.82004248,619984.5239719227,-111.147125,30U,3.849,-0.965,0.02,0.03411166661505565,-0.0016269640956488869,1.3228979709944153
1440170656303492,51.7607368731,-1.2614348248,111.143448,5735857.201145469,619984.4163551716,-111.143448,30U,3.825,-1.008,0.064,0.035789397771118406,0.003610349593948159,1.3263831345927988
1440170656408253,51.7607403114,-1.2614362747,111.135559,5735857.581120964,619984.307184122,-111.135559,30U,3.822,-0.999,0.083,0.04325782248820067,0.006730217045252925,1.3300382956863344
1440170656514919,51.7607437426,-1.2614376993,111.129036,5735857.96034852,619984.1997778257,-111.129036,30U,3.809,-0.974,0.043,0.05221330000086531,0.0068910999999545934,1.3331207999999315
1440170656606348,51.7607471559,-1.2614390682,111.129364,5735858.337677121,619984.0962627748,-111.129364,30U,3.787,-0.915,-0.062,0.05414091413647162,0.0058804092843011335,1.3354849806193625
1440170656697775,51.7607505448,-1.2614403248,111.143623,5735858.712477041,619984.0005620823,-111.143623,30U,3.754,-0.831,-0.229,0.04637614985573749,0.00221958628333109,1.3368673271442386
1440170656801584,51.7607539006,-1.2614415082,111.168785,5735859.08371646,619983.9100005794,-111.168785,30U,3.707,-0.824,-0.264,0.03697648533983662,-0.004897291739192275,1.3386890769203486
1440170656908250,51.7607572135,-1.261442725,111.191589,5735859.450130179,619983.817247939,-111.191589,30U,3.665,-0.856,-0.179,0.031220637830602544,-0.01153826890773085,1.3418902212709218
1440170657014917,51.7607604939,-1.2614439536,111.202606,5735859.812910279,619983.7237671737,-111.202606,30U,3.634,-0.853,-0.049,0.03248134862315764,-0.01451990443222866,1.344399774587448
1440170657121583,51.7607637508,-1.2614451882,111.199684,5735860.17306716,619983.6299346723,-111.199684,30U,3.612,-0.854,0.092,0.03711848864390446,-0.012748077813187366,1.346801170862519
1440170657228248,51.7607669846,-1.2614464144,111.190002,5735860.5306689935,619983.5367430967,-111.190002,30U,3.585,-0.837,0.088,0.04241112268566245,-0.009207061788548496,1.3497034748753656
1440170657334914,51.7607701976,-1.2614475885,111.185326,5735860.886043452,619983.4472020181,-111.185326,30U,3.563,-0.793,-0.004,0.04445418940531974,-0.008158259768387844,1.351898729556756
1440170657441580,51.7607733899,-1.2614487084,111.190102,5735861.239205108,619983.36145609,-111.190102,30U,3.538,-0.769,-0.075,0.04319686897941383,-0.010560018632120197,1.353793932451678
1440170657539913,51.7607765582,-1.2614498173,111.197441,5735861.589715908,619983.2765328933,-111.197441,30U,3.515,-0.765,-0.065,0.04130860000010276,-0.013189900000006902,1.3559785000003473
1440170657619913,51.7607797079,-1.2614509157,111.202377,5735861.938175547,619983.1923836067,-111.202377,30U,3.492,-0.76,-0.039,0.04218436635194274,-0.015340846236314947,1.3575939109623165
1440170657699912,51.7607828355,-1.2614520209,111.20433,5735862.28416634,619983.1078236653,-111.20433,30U,3.466,-0.77,-0.005,0.04518664691888612,-0.017506194755077524,1.359257852032849
1440170657801578,51.7607859397,-1.2614531216,111.204315,5735862.627562307,619983.0236363078,-111.204315,30U,3.441,-0.753,-0.001,0.04861676850323643,-0.01874654565882556,1.3611098661951797
1440170657908245,51.7607890212,-1.2614541824,111.205032,5735862.968499533,619982.9422625799,-111.205032,30U,3.415,-0.724,-0.012,0.050233932594333994,-0.0203863393678639,1.3626386147704566
1440170658014911,51.7607920768,-1.2614552156,111.206429,5735863.306601923,619982.8628621594,-111.206429,30U,3.382,-0.719,-0.009,0.0524430325991799,-0.022456659953569786,1.3641338905329659
1440170658120624,51.7607951009,-1.2614562407,111.205902,5735863.641214639,619982.784104228,-111.205902,30U,3.348,-0.695,0.01,0.05107279601339308,-0.022973532441415735,1.3653136904008525
1440170658212052,51.7607980928,-1.261457236,111.205009,5735863.972295538,619982.7074881253,-111.205009,30U,3.308,-0.689,0.006,0.05157054652560119,-0.022586026330342922,1.3663769923162425
1440170658303481,51.7608010465,-1.2614582245,111.203911,5735864.29913954,619982.6314425622,-111.203911,30U,3.265,-0.682,0.027,0.052402458877698906,-0.02114325748763741,1.3671989453187188
1440170658408242,51.7608039674,-1.2614592076,111.200058,5735864.62234486,619982.555856611,-111.200058,30U,3.233,-0.682,0.041,0.053352611579392584,-0.017980064272705796,1.3678254588805387
1440170658514907,51.7608068611,-1.2614601641,111.196854,5735864.942569128,619982.4821784034,-111.196854,30U,3.204,-0.651,0.026,0.05139090000036892,-0.01720240000007248,1.3684569000007654
1440170658621573,51.7608097241,-1.2614611087,111.19368,5735865.25939894,619982.4094027958,-111.19368,30U,3.163,-0.655,0.041,0.05046161431907641,-0.017143240178375208,1.368780571518242
1440170658726335,51.7608125492,-1.2614620515,111.189133,5735865.572016992,619982.3368518885,-111.189133,30U,3.126,-0.655,0.048,0.05380027839042085,-0.014783988145350061,1.3682747993698172
1440170658817763,51.7608153438,-1.2614630162,111.185326,5735865.881207222,619982.2628705659,-111.185326,30U,3.091,-0.677,0.027,0.058304503671814806,-0.013274965223683408,1.3671829708628727
1440170658909191,51.7608181107,-1.261463973,111.183487,5735866.1873300355,619982.189507854,-111.183487,30U,3.065,-0.643,0.012,0.05954414476062803,-0.013945522959811728,1.365784261633658
1440170659014905,51.7608208566,-1.2614648725,111.182831,5735866.491211781,619982.1201550054,-111.182831,30U,3.039,-0.618,0.002,0.05842433700436302,-0.01480050854891284,1.363276061579111
1440170659120618,51.7608235695,-1.2614657775,111.184242,5735866.791414671,619982.0505101063,-111.184242,30U,2.994,-0.633,-0.043,0.054919070626860585,-0.01604076249613027,1.3598316061885543
1440170659212047,51.7608262421,-1.2614667104,111.189697,5735867.087090045,619981.9790467209,-111.189697,30U,2.956,-0.651,-0.043,0.05396682318448933,-0.019116490951133876,1.3555844359559819
1440170659303475,51.7608288904,-1.2614676328,111.190208,5735867.380080379,619981.9083723538,-111.190208,30U,2.932,-0.624,0.014,0.05157285465546912,-0.019929826514346865,1.3494405330718326
1440170659408236,51.7608315131,-1.2614685582,111.187576,5735867.670218896,619981.8375588377,-111.187576,30U,2.895,-0.66,0.03,0.05138851097274484,-0.020355218682969595,1.3428008010735424
1440170659514902,51.7608340918,-1.2614695471,111.186119,5735867.955359867,619981.7624799465,-111.186119,30U,2.842,-0.702,-0.013,0.05108229999963129,-0.021043299999517498,1.3370429999998232
1440170659621568,51.7608366305,-1.2614705735,111.187546,5735868.23599089,619981.6849192948,-111.187546,30U,2.805,-0.7,-0.004,0.0520466614477094,-0.021666851140694353,1.3309817553889405
1440170659726329,51.7608391316,-1.2614715711,111.186478,5735868.512487938,619981.6094457745,-111.186478,30U,2.757,-0.679,0.024,0.05247203860475524,-0.021450875531231275,1.3228582848671067
1440170659817757,51.7608415854,-1.2614725651,111.183044,5735868.783730846,619981.5343460896,-111.183044,30U,2.699,-0.693,0.038,0.05150453773870379,-0.021631226724422404,1.3129508228686122
1440170659909185,51.7608439872,-1.2614735844,111.179413,5735869.0491494015,619981.4576383604,-111.179413,30U,2.642,-0.71,0.034,0.04981557233457826,-0.022090701858956337,1.301707615770733
1440170660014899,51.7608463365,-1.2614746228,111.176453,5735869.308698204,619981.3797517621,-111.176453,30U,2.582,-0.723,0.026,0.047995656098406086,-0.022368189903191248,1.2885248779178071
1440170660120612,51.7608486303,-1.2614756947,111.173737,5735869.562019941,619981.2997005292,-111.173737,30U,2.519,-0.745,0.027,0.046834769026701036,-0.022487585891135493,1.2724661680822962
1440170660212041,51.7608508647,-1.2614768093,111.171379,5735869.808665772,619981.2168601236,-111.171379,30U,2.454,-0.778,0.024,0.04599195064268771,-0.023168935195251098,1.2532893685546953
1440170660303469,51.7608530452,-1.2614779706,111.167854,5735870.049240756,619981.1309399317,-111.167854,30U,2.4,-0.813,0.051,0.04543018334719868,-0.023391809782324035,1.2316536368474944
1440170660408230,51.760855181,-1.2614791955,111.161591,5735870.284740185,619981.0407493206,-111.161591,30U,2.348,-0.864,0.067,0.045440738559208015,-0.02236913684204889,1.2080017004585222
1440170660514896,51.7608572686,-1.2614804813,111.15844,5735870.51477928,619980.9464838932,-111.15844,30U,2.302,-0.895,0.006,0.04468329999970484,-0.02353610000003741,1.1815023000000062
1440170660621562,51.7608593129,-1.2614818298,111.158508,5735870.739899991,619980.8480064444,-111.158508,30U,2.244,-0.943,-0.005,0.04440178916876629,-0.025165218673231952,1.1533310400203518
1440170660726323,51.760861298,-1.2614832549,111.15844,5735870.958311269,619980.7443999108,-111.15844,30U,2.179,-0.991,0.002,0.04097390527104996,-0.024174756386440958,1.125006006845274
1440170660817751,51.7608632308,-1.261484731,111.157578,5735871.170822553,619980.6374126137,-111.157578,30U,2.121,-1.025,0.025,0.03702651505449205,-0.02275014998621976,1.0946193319174555
1440170660909179,51.760865101,-1.2614862707,111.153801,5735871.376267694,619980.5262023553,-111.153801,30U,2.041,-1.078,0.041,0.03447754673533944,-0.020719570760511948,1.0612872594449283
1440170661014893,51.7608669015,-1.2614878954,111.149872,5735871.573821915,619980.4093111788,-111.149872,30U,1.969,-1.146,0.046,0.032553057906719474,-0.01971665680614504,1.0257361767367348
1440170661121559,51.7608686383,-1.2614896274,111.144615,5735871.764115771,619980.285184294,-111.144615,30U,1.907,-1.207,0.062,0.030789801573381122,-0.018987299397010594,0.9899153439818303
1440170661228225,51.7608703195,-1.261491437,111.137825,5735871.948098895,619980.1558497727,-111.137825,30U,1.839,-1.255,0.07,0.029582211276364533,-0.01783382800938579,0.9531967961973529
1440170661329891,51.7608719386,-1.2614933143,111.131157,5735872.125064731,619980.0220080302,-111.131157,30U,1.77,-1.305,0.068,0.027395468134639892,-0.016649229845667593,0.9147103932067713
1440170661409891,51.7608734919,-1.261495265,111.12439,5735872.294592441,619979.8832755288,-111.12439,30U,1.694,-1.356,0.062,0.025127190493521044,-0.015421321020656562,0.874642184542714
1440170661489890,51.7608749733,-1.2614972806,111.118851,5735872.456017647,619979.7402550104,-111.118851,30U,1.614,-1.397,0.053,0.022888900000052535,-0.014812800000499412,0.8331675000005931
1440170661588223,51.7608763787,-1.2614993662,111.114441,5735872.608876015,619979.5926054021,-111.114441,30U,1.528,-1.441,0.031,0.02062785239932271,-0.01419270587485988,0.7906596566742989
1440170661694889,51.7608776918,-1.2615015194,111.114105,5735872.75135883,619979.4405355357,-111.114105,30U,1.41,-1.491,-0.025,0.021098019328351907,-0.015136184840664986,0.7481341446364764
1440170661801555,51.7608789126,-1.2615037189,111.117615,5735872.883501133,619979.2855152887,-111.117615,30U,1.33,-1.507,-0.027,0.02327004579099188,-0.017334327249587847,0.705033013192124
1440170661908221,51.7608800644,-1.2615059305,111.118782,5735873.007950295,619979.1298429742,-111.118782,30U,1.249,-1.511,-0.004,0.022492027830876306,-0.01766673913161227,0.660334293691934
1440170662014887,51.760881149,-1.2615081489,111.118668,5735873.124915209,619978.973879564,-111.118668,30U,1.182,-1.525,0.013,0.016730769891718164,-0.01798657991143473,0.6140000259367699
1440170662121553,51.7608821629,-1.2615104124,111.115158,5735873.233943641,619978.8149913168,-111.115158,30U,1.089,-1.561,0.041,0.010300476475151994,-0.018490233071322554,0.5671938629682102
1440170662228219,51.7608830774,-1.2615127258,111.112198,5735873.331836075,619978.6529230797,-111.112198,30U,0.975,-1.593,0.022,0.0054073243113702575,-0.02011243590353601,0.5211433958304421
1440170662332028,51.7608838983,-1.2615150692,111.110397,5735873.419270245,619978.4890327393,-111.110397,30U,0.884,-1.606,0.018,0.0033609307114153353,-0.021698420849935975,0.47523356511944903
1440170662423456,51.7608846414,-1.2615174305,111.107483,5735873.498023117,619978.3241134094,-111.107483,30U,0.796,-1.622,0.036,0.0031467590079446092,-0.021808731786513023,0.42915238442101467
1440170662514884,51.760885305,-1.261519809,111.105042,5735873.567906792,619978.1582179016,-111.105042,30U,0.71,-1.634,0.011,0.0023447999999602863,-0.022124599999735737,0.38368829999913806
1440170662621550,51.7608858939,-1.2615222053,111.104309,5735873.629454075,619977.9912920854,-111.104309,30U,0.634,-1.641,0.006,5.7786179508108836e-05,-0.023017971754775962,0.33948891340170523
1440170662726312,51.760886417,-1.2615246044,111.103195,5735873.683679378,619977.8243474895,-111.103195,30U,0.557,-1.64,0.014,-0.0019411618943870918,-0.023083236558427794,0.2963883180177792
1440170662817740,51.7608868602,-1.2615269914,111.10183,5735873.729039204,619977.6584497173,-111.10183,30U,0.462,-1.63,0.016,-0.003966750511669114,-0.022687822187726595,0.2540850692637139
1440170662909168,51.7608872313,-1.2615293596,111.099945,5735873.766411983,619977.4940404443,-111.099945,30U,0.397,-1.618,0.022,-0.005833711479982248,-0.022484151533462518,0.21175957846999346
1440170663000596,51.7608875374,-1.2615317184,111.096985,5735873.796571817,619977.3304521706,-111.096985,30U,0.312,-1.616,0.033,-0.005299962785752207,-0.022780126724726433,0.17020927214845324
1440170663092023,51.7608877732,-1.2615340661,111.093834,5735873.818932109,619977.1678162595,-111.093834,30U,0.249,-1.601,0.028,-0.004731869368111069,-0.022782628402881755,0.1301873889855508
1440170663194880,51.7608879653,-1.2615363844,111.091995,5735873.836481052,619977.0073250453,-111.091995,30U,0.21,-1.581,0.009,-0.005373161735755887,-0.022756412327059678,0.09063531985308411
1440170663301546,51.7608881077,-1.2615386769,111.091415,5735873.84854549,619976.8487460032,-111.091415,30U,0.129,-1.566,0.007,-0.0065402493566640175,-0.023018334645379366,0.05286780128557927
1440170663408212,51.7608881725,-1.2615409393,111.09008,5735873.852029834,619976.6924498312,-111.09008,30U,0.051,-1.541,0.019,-0.007177961376825243,-0.022532922516661405,0.018522189892846933
1440170663514878,51.7608881894,-1.2615431504,111.088341,5735873.85027179,619976.5398207704,-111.088341,30U,0.022,-1.504,0.016,-0.00775650000011828,-0.02228549999932288,-0.014988907179522889
1440170663621544,51.7608881762,-1.261545316,111.086227,5735873.84524129,619976.390411384,-111.086227,30U,-0.033,-1.476,0.026,-0.007185087620738319,-0.02186807901992004,-0.04753242680253902
1440170663728211,51.7608881057,-1.2615474465,111.083298,5735873.833896412,619976.2435760915,-111.083298,30U,-0.094,-1.456,0.029,-0.007081314083655324,-0.020618607552590516,-0.07689536989184395
1440170663834877,51.760887998,-1.2615495467,111.080986,5735873.818464507,619976.0989303681,-111.080986,30U,-0.12,-1.434,0.017,-0.006413607972923995,-0.019751495698589885,-0.10364664450623386
1440170663937733,51.7608878702,-1.2615516106,111.079559,5735873.800857075,619975.9568429315,-111.079559,30U,-0.145,-1.41,0.015,-0.006625826378945047,-0.01929607155353498,-0.12905445378069544
1440170664029161,51.7608877168,-1.2615536343,111.077934,5735873.780468893,619975.8175974932,-111.077934,30U,-0.179,-1.382,0.018,-0.007409618804524074,-0.018539185261585708,-0.15294866118540332
1440170664120588,51.7608875317,-1.2615556152,111.076187,5735873.756625883,619975.6813896464,-111.076187,30U,-0.214,-1.347,0.018,-0.008008771675673366,-0.017612732127496138,-0.17464630078756885
1440170664212017,51.7608873211,-1.2615575434,111.074318,5735873.730033809,619975.5488861378,-111.074318,30U,-0.236,-1.313,0.02,-0.008225177445965206,-0.016429670731420307,-0.19447949596105513
1440170664303444,51.7608870949,-1.261559424,111.072426,5735873.701785226,619975.4197087772,-111.072426,30U,-0.255,-1.283,0.02,-0.007719377236136784,-0.015184474901879148,-0.21285097044391227
1440170664408206,51.7608868486,-1.2615612618,111.070129,5735873.6713718055,619975.2935382572,-111.070129,30U,-0.279,-1.255,0.027,-0.007307546397975095,-0.014020161712200524,-0.22872594989667142
1440170664514872,51.7608865765,-1.2615630333,111.068077,5735873.63819833,619975.1720113821,-111.068077,30U,-0.286,-1.222,0.019,-0.007334499999324518,-0.012943800000673088,-0.2420789071790715
1440170664606300,51.7608863169,-1.2615647776,111.066559,5735873.606459685,619975.0523283936,-111.066559,30U,-0.281,-1.184,0.015,-0.008741021400810983,-0.011988091266707837,-0.2546822108313958
1440170664697728,51.7608860588,-1.2615664626,111.064728,5735873.574985403,619974.9367336201,-111.064728,30U,-0.289,-1.142,0.023,-0.0100221226585963,-0.01075092168977914,-0.26706170427450443
1440170664801537,51.7608857826,-1.2615680829,111.062263,5735873.541604722,619974.8256516655,-111.062263,30U,-0.315,-1.096,0.027,-0.009730428140395635,-0.009341936035232503,-0.2780472116181349
1440170664908204,51.7608854963,-1.2615696429,111.0597,5735873.507200059,619974.7187576847,-111.0597,30U,-0.311,-1.062,0.026,-0.008857650739948854,-0.00807939050893448,-0.2882070867755553
1440170665014870,51.7608852201,-1.2615711589,111.057129,5735873.473990961,619974.6148732943,-111.057129,30U,-0.3,-1.033,0.026,-0.007915685260839229,-0.006827413584811802,-0.2981413356406054
1440170665121536,51.7608849437,-1.2615726281,111.055168,5735873.440836615,619974.5142190208,-111.055168,30U,-0.311,-0.992,0.011,-0.007360948936975396,-0.0057623424867553315,-0.30665886522388947
1440170665228201,51.7608846621,-1.2615740364,111.05471,5735873.407204179,619974.4177811369,-111.05471,30U,-0.306,-0.955,0.004,-0.007489104118079503,-0.0052929242324167396,-0.3135959994749253
1440170665334867,51.7608843925,-1.2615753938,111.053963,5735873.374989956,619974.3248239636,-111.053963,30U,-0.291,-0.921,0.012,-0.0074406875693637875,-0.004641615919358893,-0.32013511767671976
1440170665441533,51.7608841286,-1.2615767005,111.052788,5735873.343493015,619974.2353503992,-111.052788,30U,-0.295,-0.887,0.012,-0.007143076547314484,-0.004090492940173488,-0.3260670176593773
1440170665539866,51.760883855,-1.2615779451,111.051872,5735873.31101953,619974.1501879655,-111.051872,30U,-0.296,-0.857,0.01,-0.006652799999220988,-0.003875600000333326,-0.33083660717927554
1440170665619866,51.7608835937,-1.2615791678,111.051201,5735873.279949911,619974.0665042043,-111.051201,30U,-0.282,-0.832,0.005,-0.006429116312413417,-0.003804750984323811,-0.33473882029863716
1440170665699865,51.7608833441,-1.2615803533,111.050682,5735873.250242604,619973.9853565359,-111.050682,30U,-0.273,-0.805,0.008,-0.006630728717343913,-0.0036051997905506396,-0.3379723483869966
1440170665801531,51.7608830984,-1.2615814968,111.049568,5735873.221038094,619973.9070968763,-111.049568,30U,-0.273,-0.776,0.015,-0.007058016627693576,-0.0030557139267129467,-0.34011355798642245
1440170665908197,51.760882857,-1.2615826015,111.04789,5735873.192375601,619973.8315033391,-111.04789,30U,-0.264,-0.752,0.018,-0.007581699364100872,-0.0023882941494627117,-0.3413707805517172
1440170666014864,51.7608826249,-1.2615836736,111.046249,5735873.164800957,619973.7581348185,-111.046249,30U,-0.255,-0.73,0.015,-0.008216808550313991,-0.0018680446362643803,-0.342252288118753
1440170666120577,51.7608823964,-1.2615847119,111.045067,5735873.137682258,619973.6870892345,-111.045067,30U,-0.254,-0.704,0.009,-0.008791720587115562,-0.0015428998950928888,-0.3426374653287945
1440170666212006,51.7608821707,-1.2615857104,111.04435,5735873.110940412,619973.6187827573,-111.04435,30U,-0.247,-0.676,0.006,-0.008886981589695234,-0.001320381484341728,-0.34249443663855517
1440170666303434,51.7608819552,-1.2615866684,111.043922,5735873.085399495,619973.5532440768,-111.043922,30U,-0.234,-0.648,0.002,-0.00875771628668441,-0.001057126436095879,-0.3423949489633993
1440170666408195,51.7608817506,-1.2615875829,111.043831,5735873.061142287,619973.4906783612,-111.043831,30U,-0.223,-0.618,0.001,-0.008763238988403263,-0.0008948524574710298,-0.3423062627923902
1440170666514860,51.7608815518,-1.2615884461,111.043777,5735873.037614468,619973.431637397,-111.043777,30U,-0.211,-0.591,0.003,-0.008885299999867523,-0.0007236999994132608,-0.3421312071794769
1440170666621526,51.7608813674,-1.2615892834,111.04332,5735873.015730628,619973.3743455735,-111.04332,30U,-0.201,-0.564,0.006,-0.008964604090650728,-0.0005418835307565875,-0.3420528713868908
1440170666726288,51.760881189,-1.26159008,111.042763,5735872.994580978,619973.3198464817,-111.042763,30U,-0.196,-0.536,0.004,-0.00886438759566982,-0.0003091202990956077,-0.34191256519735436
1440170666817716,51.7608810181,-1.2615908358,111.04261,5735872.974332494,619973.2681430464,-111.04261,30U,-0.185,-0.509,0.001,-0.008442805875248604,-0.00020694489892213926,-0.34177272856072793
1440170666909144,51.7608808581,-1.2615915533,111.042503,5735872.955359165,619973.2190537341,-111.042503,30U,-0.173,-0.484,0.003,-0.008016441549505864,-0.0001245710602186732,-0.34185940855430175
1440170667014858,51.7608807068,-1.2615922367,111.042099,5735872.937409427,619973.172294541,-111.042099,30U,-0.167,-0.462,0.005,-0.007514520141953782,2.820618924699327e-05,-0.34194774694402275
1440170667120571,51.7608805598,-1.2615928927,111.041588,5735872.919982951,619973.1274147773,-111.041588,30U,-0.16,-0.445,0.005,-0.0071675447422132,0.00015518578463479687,-0.34194702449464953
1440170667212000,51.76088042,-1.261593526,111.041214,5735872.9033945035,619973.084082414,-111.041214,30U,-0.153,-0.43,0.004,-0.006763093679727719,0.0001791408335348055,-0.3420413592440138
1440170667303428,51.7608802842,-1.261594137,111.040756,5735872.887287567,619973.0422783326,-111.040756,30U,-0.151,-0.415,0.006,-0.006496044741218969,0.0002471225284013644,-0.3421066285593418
1440170667408189,51.7608801512,-1.2615947272,111.040207,5735872.871526225,619973.0019022018,-111.040207,30U,-0.146,-0.402,0.005,-0.006176625727191571,0.000384398218981752,-0.34204977740507386
1440170667514854,51.7608800245,-1.2615953005,111.039726,5735872.856493282,619972.96267561,-111.039726,30U,-0.138,-0.391,0.006,-0.005982700000123611,0.00046680000040654255,-0.3421053071792917
1440170667621520,51.760879903,-1.2615958579,111.039139,5735872.842064771,619972.9245324655,-111.039139,30U,-0.133,-0.378,0.006,-0.005940583634476661,0.0006614613436116451,-0.3422595306574449
1440170667726282,51.7608797841,-1.2615963948,111.03849,5735872.827959118,619972.8877970981,-111.03849,30U,-0.132,-0.364,0.008,-0.005860522423354599,0.0008074266201306675,-0.34226327343224994
1440170667817710,51.760879668,-1.2615969125,111.037743,5735872.814196429,619972.8523792677,-111.037743,30U,-0.127,-0.352,0.007,-0.005829508130240841,0.0010117776822769922,-0.3421964306066082
1440170667909138,51.760879558,-1.2615974138,111.037148,5735872.801139077,619972.8180770031,-111.037148,30U,-0.121,-0.34,0.005,-0.005728446541600129,0.0011589734141733412,-0.34222466557458925
1440170668014852,51.760879452,-1.2615978934,111.036705,5735872.788562247,619972.7852616147,-111.036705,30U,-0.117,-0.323,0.004,-0.005519905978900013,0.0011145387625875523,-0.3422879102276997
1440170668120565,51.7608793496,-1.2615983451,111.036385,5735872.776431656,619972.754362015,-111.036385,30U,-0.109,-0.297,0.0,-0.005188026357720267,0.0010371447409391079,-0.34232052247620876
1440170668211994,51.7608792614,-1.2615987393,111.036568,5735872.765974787,619972.7273927499,-111.036568,30U,-0.087,-0.243,-0.003,-0.00488561203772583,0.0005411833465485894,-0.3424181551526038
1440170668303422,51.7608791956,-1.2615990388,111.036797,5735872.758164723,619972.706899191,-111.036797,30U,-0.062,-0.169,-0.001,-0.004429279385963407,-1.682268586257597e-05,-0.34249125714607687
1440170668408183,51.7608791516,-1.2615992289,111.036575,5735872.7529589245,619972.6938973516,-111.036575,30U,-0.038,-0.096,0.006,-0.004258803991737035,-0.00018924875256342725,-0.34244418553062944
1440170668514849,51.7608791288,-1.2615993204,111.03582,5735872.7502729,619972.687643532,-111.03582,30U,-0.014,-0.039,0.011,-0.00420509999946833,-3.060000081855385e-05,-0.3424396071794449
1440170668621515,51.7608791224,-1.2615993507,111.03463,5735872.749511334,619972.6855695464,-111.03463,30U,-0.002,-0.006,0.011,-0.004277473537890182,0.00018449396779018237,-0.34242066527640735
1440170668726276,51.7608791232,-1.2615993506,111.033669,5735872.749600464,619972.6855743264,-111.033669,30U,-0.0,-0.001,0.009,-0.00433576123775885,0.00037585523197363846,-0.3424003591664305
1440170668817704,51.7608791209,-1.2615993604,111.033005,5735872.7493285695,619972.6849041419,-111.033005,30U,-0.005,-0.013,0.005,-0.004389495909425147,0.0005825449253618926,-0.3423592204033309
1440170668909132,51.7608791172,-1.2615993821,111.032738,5735872.748881407,619972.6834164702,-111.032738,30U,-0.005,-0.015,0.003,-0.004358332786850084,0.00045866870689837715,-0.34238491432725526
1440170669014846,51.7608791146,-1.2615993978,111.032204,5735872.748566445,619972.6823399316,-111.032204,30U,-0.003,-0.008,0.008,-0.004395316311954514,0.00038683275606607865,-0.3423829918174136
1440170669121512,51.7608791128,-1.2615994075,111.031471,5735872.748350316,619972.681675323,-111.031471,30U,-0.002,-0.007,0.005,-0.004371351035425089,0.0005897490161955947,-0.3423579000006652
1440170669228178,51.7608791111,-1.2615994217,111.03112,5735872.748137906,619972.6806999119,-111.03112,30U,-0.003,-0.012,0.004,-0.004372083661813223,0.0005271938100275445,-0.34236304489968755
1440170669329844,51.760879109,-1.2615994385,111.03064,5735872.747876737,619972.6795461387,-111.03064,30U,-0.002,-0.01,0.005,-0.004387263284245995,0.0004512367423868764,-0.3423588346977835
1440170669409844,51.7608791086,-1.26159945,111.030205,5735872.747813337,619972.6787536036,-111.030205,30U,-0.001,-0.007,0.005,-0.004392124518395649,0.000496318603947207,-0.3423529673563692
1440170669489843,51.7608791065,-1.2615994566,111.029785,5735872.747568946,619972.6783037155,-111.029785,30U,-0.002,-0.009,0.005,-0.0043931000003678815,0.0005603999993170295,-0.34235040718001336
1440170669588176,51.7608791045,-1.2615994635,111.029633,5735872.747335182,619972.6778328596,-111.029633,30U,-0.002,-0.01,0.003,-0.004375757147047016,0.0004969264881630425,-0.3423364632576723
1440170669694842,51.7608791034,-1.2615994691,111.029549,5735872.7472036425,619972.6774493298,-111.029549,30U,-0.001,-0.008,0.004,-0.004377179595623379,0.00047940820830840125,-0.34233990204499093
1440170669801508,51.7608791033,-1.2615994718,111.029373,5735872.74718808,619972.6772632722,-111.029373,30U,-0.001,-0.007,0.004,-0.004382357146265348,0.0005443734855353233,-0.34233663060507696
1440170669908174,51.7608791027,-1.2615994752,111.029289,5735872.747115764,619972.6770302341,-111.029289,30U,-0.002,-0.009,0.003,-0.004366753028342563,0.0005372713463645476,-0.34232311019211487
1440170670014840,51.7608791023,-1.2615994796,111.02935,5735872.747064043,619972.6767276587,-111.02935,30U,-0.001,-0.008,0.001,-0.0043762020716159224,0.000495112221896253,-0.3423158632569387
1440170670121506,51.7608791023,-1.2615994832,111.029259,5735872.747058121,619972.6764792285,-111.029259,30U,-0.001,-0.007,0.004,-0.004400224495461046,0.0005040918693392644,-0.34231727755133684
1440170670228172,51.760879102,-1.2615994928,111.028976,5735872.747008965,619972.6758175439,-111.028976,30U,-0.001,-0.007,0.003,-0.004392242853464263,0.0005504897981673905,-0.34230844080796236
1440170670331981,51.7608791017,-1.261599505,111.028618,5735872.746955535,619972.6749764379,-111.028618,30U,-0.001,-0.009,0.002,-0.004376183661882973,0.0005091163127179302,-0.3422980530550587
1440170670423409,51.7608791014,-1.261599515,111.028313,5735872.7469057245,619972.6742871498,-111.028313,30U,-0.0,-0.007,0.004,-0.0043685856729263756,0.0005043327876078928,-0.3422951530299363
1440170670514837,51.7608791013,-1.2615995188,111.028206,5735872.746888352,619972.674025183,-111.028206,30U,0.0,-0.007,0.004,-0.004378600000419189,0.0005326000005468528,-0.34228470718025783
1440170670621503,51.7608791013,-1.2615995294,111.027847,5735872.7468709145,619972.6732936951,-111.027847,30U,-0.0,-0.007,0.003,-0.004378230604973663,0.0005300857071516978,-0.3422821673492051
1440170670726265,51.7608791008,-1.26159954,111.027512,5735872.746797875,619972.6725635318,-111.027512,30U,-0.0,-0.006,0.004,-0.0043702959088431,0.0005048775502460007,-0.34228288775305243
1440170670817692,51.7608791007,-1.2615995491,111.027107,5735872.746771784,619972.6719358217,-111.027107,30U,0.0,-0.005,0.004,-0.004361369394458507,0.0005280755311670303,-0.3422775102016408
1440170670909120,51.7608791009,-1.2615995587,111.026764,5735872.746778233,619972.6712728117,-111.026764,30U,0.0,-0.006,0.003,-0.00436228980780218,0.0005323224513078836,-0.34227038980807145
1440170671000548,51.7608791009,-1.2615995691,111.026466,5735872.746761125,619972.6705551249,-111.026466,30U,0.0,-0.006,0.004,-0.00436990204562679,0.0005127755054504791,-0.3422659632568986
1440170671091976,51.7608791009,-1.2615995767,111.026062,5735872.7467486225,619972.6700306619,-111.026062,30U,-0.0,-0.004,0.004,-0.004364116312317685,0.0005163224490775153,-0.34226130000068206
1440170671194833,51.7608791007,-1.2615995836,111.025696,5735872.74671503,619972.669555034,-111.025696,30U,-0.001,-0.004,0.004,-0.004358406109877289,0.0005290530551744873,-0.34225753265164105
1440170671301499,51.7608791003,-1.2615995909,111.025375,5735872.7466585385,619972.6690523343,-111.025375,30U,-0.0,-0.004,0.003,-0.004351589798042125,0.0005124183587256436,-0.3422553326519016
1440170671408165,51.7608791002,-1.2615995983,111.025055,5735872.746635245,619972.6685419381,-111.025055,30U,0.0,-0.004,0.003,-0.004357710192999312,0.0005030265866863587,-0.3422536245191067
1440170671514831,51.7608790991,-1.2615996044,111.024765,5735872.746502884,619972.6681239035,-111.024765,30U,-0.0,-0.004,0.003,-0.00435519999938257,0.0005214999997194831,-0.34225200718008464
1440170671621497,51.7608791042,-1.2615996142,111.024452,5735872.747053916,619972.6674341016,-111.024452,30U,-0.0,-0.004,0.003,-0.00435036325743831,0.0005232959086132003,-0.34224673060644223
1440170671728163,51.7608791094,-1.2615996245,111.024178,5735872.747615244,619972.6667095313,-111.024178,30U,0.0,-0.004,0.003,-0.004348204091422047,0.0005154693949709937,-0.3422405306052726
1440170671834830,51.760879115,-1.2615996345,111.023949,5735872.74822155,619972.6660046031,-111.023949,30U,0.001,-0.003,0.002,-0.004351577551066763,0.0005257938901611661,-0.3422389551017928
1440170671937686,51.7608791206,-1.2615996456,111.02372,5735872.7488260465,619972.665223765,-111.02372,30U,0.0,-0.004,0.002,-0.004360891874120491,0.0005322449045838882,-0.34223244283678533
1440170672029114,51.7608791257,-1.2615996577,111.023552,5735872.749373293,619972.6643752448,-111.023552,30U,-0.0,-0.004,0.002,-0.0043489489647855414,0.0005159918435746149,-0.34222343060579047
1440170672120541,51.7608791238,-1.261599657,111.023544,5735872.749163154,619972.6644285874,-111.023544,30U,0.0,-0.004,0.002,-0.004336740807292191,0.0005234163380769171,-0.34222338570719546
1440170672211970,51.7608791173,-1.2615996519,111.023552,5735872.748448701,619972.6647977607,-111.023552,30U,0.0,-0.004,0.002,-0.004340826541040635,0.0005275530546381411,-0.3422167000000935
1440170672303398,51.7608791091,-1.2615996455,111.023567,5735872.747547338,619972.6652611519,-111.023567,30U,0.0,-0.004,0.001,-0.004358810202468345,0.0005250836877632616,-0.342208597954813
1440170672408159,51.7608791024,-1.2615996402,111.023575,5735872.746810973,619972.665644657,-111.023575,30U,-0.0,-0.004,0.001,-0.004347295865712539,0.0005269326441942638,-0.3422091469708185
1440170672514825,51.7608790998,-1.2615996382,111.023582,5735872.7465251265,619972.6657895661,-111.023582,30U,0.0,-0.004,0.001,-0.004338300000670118,0.0005295999994741602,-0.3422046071791932
1440170672606253,51.7608790998,-1.2615996382,111.023582,5735872.7465251265,619972.6657895661,-111.023582,30U,0.0,-0.004,0.0,-0.004337340834035734,0.0005340224491232159,-0.34219953265184627
1440170672697681,51.7608790998,-1.2615996382,111.023582,5735872.7465251265,619972.6657895661,-111.023582,30U,0.0,-0.004,0.001,-0.004355816311793363,0.0005300102024629272,-0.34219497959571865
1440170672801490,51.7608790998,-1.2615996382,111.023582,5735872.7465251265,619972.6657895661,-111.023582,30U,-0.0,-0.004,0.001,-0.004341889797366279,0.0005309795967267284,-0.3421824979538582
1440170672908156,51.7608790998,-1.2615996382,111.023582,5735872.7465251265,619972.6657895661,-111.023582,30U,-0.0,-0.004,0.001,-0.0043343285109385225,0.0005298347113519685,-0.34218268567274585
1440170673014822,51.7608790998,-1.2615996382,111.023582,5735872.7465251265,619972.6657895661,-111.023582,30U,-0.0,-0.004,0.001,-0.0043262469453514045,0.0005303326520422331,-0.34217182856066386
1440170673121489,51.7608790998,-1.2615996382,111.023582,5735872.7465251265,619972.6657895661,-111.023582,30U,0.001,-0.004,0.001,-0.004343600000121748,0.0005313612374022865,-0.342165069394399
1440170673228154,51.7608790998,-1.2615996382,111.023582,5735872.7465251265,619972.6657895661,-111.023582,30U,-0.0,-0.004,0.001,-0.004354000000000691,0.000537979595739019,-0.34216254285402853
1440170673334820,51.7608790998,-1.2615996382,111.023582,5735872.7465251265,619972.6657895661,-111.023582,30U,-0.0,-0.003,0.001,-0.0043298571205119115,0.0005335469446404855,-0.3421542265399117
1440170673441486,51.7608790998,-1.2615996382,111.023582,5735872.7465251265,619972.6657895661,-111.023582,30U,0.0,-0.003,0.001,-0.0043236367792751085,0.0005410326443489967,-0.34215367961481064
1440170673539819,51.7608790998,-1.2615996382,111.023582,5735872.7465251265,619972.6657895661,-111.023582,30U,0.0,-0.002,0.001,-0.004325900000076047,0.0005381999994076194,-0.342147207179962
1440170673619819,51.7608790998,-1.2615996382,111.023582,5735872.7465251265,619972.6657895661,-111.023582,30U,-0.0,-0.002,0.001,-0.004338185706038723,0.0005422979539514858,-0.34214243060649835
1440170673699818,51.7608790998,-1.2615996382,111.023582,5735872.7465251265,619972.6657895661,-111.023582,30U,-0.0,-0.002,-0.0,-0.004323557146882657,0.0005338653031680249,-0.3421338857066094
1440170673801484,51.7608790998,-1.2615996382,111.023582,5735872.7465251265,619972.6657895661,-111.023582,30U,0.001,-0.002,0.0,-0.0043460795963713725,0.0005279040909652653,-0.34212013265173
1440170673908151,51.7608790998,-1.2615996382,111.023582,5735872.7465251265,619972.6657895661,-111.023582,30U,0.0,-0.001,-0.001,-0.004358938702334523,0.0005338122591213982,-0.34212205302877935
1440170674014817,51.7608790998,-1.2615996382,111.023582,5735872.7465251265,619972.6657895661,-111.023582,30U,0.0,-0.001,-0.001,-0.004317136715864417,0.0005390040917926351,-0.3421088836608711
1440170674120530,51.7608790998,-1.2615996382,111.023582,5735872.7465251265,619972.6657895661,-111.023582,30U,0.001,-0.002,-0.001,-0.004306273484658045,0.0005291571466110762,-0.34210492244938345
1440170674211958,51.7608790998,-1.2615996382,111.023582,5735872.7465251265,619972.6657895661,-111.023582,30U,0.001,-0.001,-0.002,-0.004338114292401719,0.0005290897978459003,-0.3420996428528308
1440170674303387,51.7608790998,-1.2615996382,111.023582,5735872.7465251265,619972.6657895661,-111.023582,30U,0.001,-0.001,-0.001,-0.004350475504798493,0.0005379938899855929,-0.342089824494397
1440170674408148,51.7608790998,-1.2615996382,111.023582,5735872.7465251265,619972.6657895661,-111.023582,30U,0.0,-0.001,-0.001,-0.0043187875966239405,0.0005350428366717726,-0.34208833264454824
1440170674514813,51.7608790998,-1.2615996382,111.023582,5735872.7465251265,619972.6657895661,-111.023582,30U,0.001,-0.001,-0.001,-0.004294099999875614,0.0005304000008074091,-0.34208740718022174
1440170674621479,51.7608790998,-1.2615996382,111.023582,5735872.7465251265,619972.6657895661,-111.023582,30U,0.002,-0.002,-0.002,-0.004304061237943239,0.0005413020463910176,-0.3420875959079098
1440170674726241,51.7608790998,-1.2615996382,111.023582,5735872.7465251265,619972.6657895661,-111.023582,30U,0.002,-0.001,-0.002,-0.004338073458678539,0.0005329102014054682,-0.3420761489635523
1440170674817669,51.7608790998,-1.2615996382,111.023582,5735872.7465251265,619972.6657895661,-111.023582,30U,0.002,-0.001,-0.002,-0.004329802044902036,0.0005372020463212679,-0.34207972040462076
1440170674909097,51.7608790998,-1.2615996382,111.023582,5735872.7465251265,619972.6657895661,-111.023582,30U,0.002,-0.001,-0.003,-0.0043073019234104405,0.0005383428371536025,-0.34207199586533077
1440170675014811,51.7608790998,-1.2615996382,111.023582,5735872.7465251265,619972.6657895661,-111.023582,30U,0.002,-0.001,-0.002,-0.004292704090775856,0.0005400102025479105,-0.3420671571459285
1440170675120524,51.7608790998,-1.2615996382,111.023582,5735872.7465251265,619972.6657895661,-111.023582,30U,0.002,-0.001,-0.003,-0.004309132677802674,0.0005312530549139309,-0.3420643102015045
1440170675211953,51.7608790998,-1.2615996382,111.023582,5735872.7465251265,619972.6657895661,-111.023582,30U,0.002,-0.0,-0.003,-0.004330610202158879,0.0005371367430819753,-0.3420564959086577
1440170675303380,51.7608790998,-1.2615996382,111.023582,5735872.7465251265,619972.6657895661,-111.023582,30U,0.001,-0.0,-0.003,-0.004321706110019187,0.0005321163122152598,-0.34205487550483765
1440170675408142,51.7608790998,-1.2615996382,111.023582,5735872.7465251265,619972.6657895661,-111.023582,30U,0.001,-0.0,-0.003,-0.004290373414744657,0.0005316796151284476,-0.34204865509553295
1440170675514807,51.7608790998,-1.2615996382,111.023582,5735872.7465251265,619972.6657895661,-111.023582,30U,0.002,-0.0,-0.003,-0.004318700000294112,0.0005358999992833535,-0.34204720717911213
1440170675621473,51.7608790998,-1.2615996382,111.023582,5735872.7465251265,619972.6657895661,-111.023582,30U,0.002,0.0,-0.003,-0.004330273486258267,0.0005296999998589825,-0.3420397346967821
1440170675726235,51.7608790998,-1.2615996382,111.023582,5735872.7465251265,619972.6657895661,-111.023582,30U,0.001,0.0,-0.003,-0.004327471414249397,0.0005276999991438542,-0.3420384632575833
1440170675817663,51.7608790998,-1.2615996382,111.023582,5735872.7465251265,619972.6657895661,-111.023582,30U,0.001,0.001,-0.004,-0.004301820404480616,0.0005301795953934796,-0.3420360306054545
1440170675909091,51.7608790998,-1.2615996382,111.023582,5735872.7465251265,619972.6657895661,-111.023582,30U,0.001,0.0,-0.004,-0.004307504133766918,0.0005312652879266582,-0.34202893057638684
1440170676014805,51.7608790998,-1.2615996382,111.023582,5735872.7465251265,619972.6657895661,-111.023582,30U,0.001,0.0,-0.004,-0.0043238122476967865,0.0005246673481968447,-0.3420274142936739
1440170676120518,51.7608790998,-1.2615996382,111.023582,5735872.7465251265,619972.6657895661,-111.023582,30U,0.0,0.001,-0.005,-0.004319183660700437,0.0005239571457989401,-0.3420223571463156
1440170676211947,51.7608790998,-1.2615996382,111.023582,5735872.7465251265,619972.6657895661,-111.023582,30U,0.0,0.001,-0.004,-0.004307477550657081,0.0005189224503562481,-0.342018185706429
1440170676303375,51.7608790998,-1.2615996382,111.023582,5735872.7465251265,619972.6657895661,-111.023582,30U,0.0,0.001,-0.005,-0.004308977551193427,0.0005177102022536782,-0.34201841020114937
1440170676408136,51.7608790998,-1.2615996382,111.023582,5735872.7465251265,619972.6657895661,-111.023582,30U,0.001,0.002,-0.004,-0.004316879614902965,0.0005123673549689126,-0.34201373057723505
1440170676514802,51.7608790998,-1.2615996382,111.023582,5735872.7465251265,619972.6657895661,-111.023582,30U,0.0,0.001,-0.004,-0.004320000000060814,0.0005137999997587659,-0.3420061071797752
1440170676621468,51.7608790998,-1.2615996382,111.023582,5735872.7465251265,619972.6657895661,-111.023582,30U,0.001,0.002,-0.005,-0.004308585707323061,0.0005143326515571942,-0.3420016530558909
1440170676726229,51.7608790998,-1.2615996382,111.023582,5735872.7465251265,619972.6657895661,-111.023582,30U,0.001,0.002,-0.005,-0.004310575504843383,0.0005155469451856476,-0.3419919653021904
1440170676817657,51.7608790998,-1.2615996382,111.023582,5735872.7465251265,619972.6657895661,-111.023582,30U,0.001,0.002,-0.006,-0.004314189797235595,0.0005150571464563433,-0.341990073459529
1440170676909085,51.7608790998,-1.2615996382,111.023582,5735872.7465251265,619972.6657895661,-111.023582,30U,0.0,0.002,-0.006,-0.00431811019245334,0.0005153796152342711,-0.3419819000006114
1440170677014799,51.7608790998,-1.2615996382,111.023582,5735872.7465251265,619972.6657895661,-111.023582,30U,0.0,0.002,-0.005,-0.004314095908993814,0.0005109571463865936,-0.34197677755001393
1440170677121465,51.7608790998,-1.2615996382,111.023582,5735872.7465251265,619972.6657895661,-111.023582,30U,-0.0,0.002,-0.005,-0.004314185706183828,0.0005122999992224197,-0.34197424285371986
1440170677228131,51.7608790998,-1.2615996382,111.023582,5735872.7465251265,619972.6657895661,-111.023582,30U,0.0,0.003,-0.005,-0.004315702046492632,0.0005098653033131311,-0.34196805919232265
1440170677329797,51.7608790998,-1.2615996382,111.023582,5735872.7465251265,619972.6657895661,-111.023582,30U,-0.0,0.003,-0.005,-0.004321602044762536,0.0005091571464411099,-0.3419656102021667
1440170677409797,51.7608790998,-1.2615996382,111.023582,5735872.7465251265,619972.6657895661,-111.023582,30U,-0.0,0.003,-0.005,-0.004318289807777321,0.0005098449039048338,-0.34195921019324604
1440170677489796,51.7608790998,-1.2615996382,111.023582,5735872.7465251265,619972.6657895661,-111.023582,30U,-0.0,0.002,-0.005,-0.00431410000004558,0.0005082999995374922,-0.34195380717922597
1440170677588129,51.7608790998,-1.2615996382,111.023582,5735872.7465251265,619972.6657895661,-111.023582,30U,0.0,0.002,-0.005,-0.004309689797371886,0.0005023632568508457,-0.34195204285381037
1440170677694795,51.7608790998,-1.2615996382,111.023582,5735872.7465251265,619972.6657895661,-111.023582,30U,0.0,0.001,-0.005,-0.0043204897987901185,0.0004933102026048246,-0.34194661020235434
1440170677801461,51.7608790998,-1.2615996382,111.023582,5735872.7465251265,619972.6657895661,-111.023582,30U,0.0,0.001,-0.005,-0.004315442852881406,0.0004949755050199566,-0.3419482897972707
1440170677908127,51.7608790998,-1.2615996382,111.023582,5735872.7465251265,619972.6657895661,-111.023582,30U,0.001,0.001,-0.005,-0.0043165428361705,0.00048726528790179807,-0.34194362038527787
1440170678014793,51.7608790998,-1.2615996382,111.023582,5735872.7465251265,619972.6657895661,-111.023582,30U,0.001,0.0,-0.006,-0.004311989797496151,0.00048797550426233656,-0.3419384081566889
1440170678121459,51.7608790998,-1.2615996382,111.023582,5735872.7465251265,619972.6657895661,-111.023582,30U,0.001,-0.0,-0.006,-0.004320089797250829,0.0004856102026441073,-0.34193281631200645
1440170678228125,51.7608790998,-1.2615996382,111.023582,5735872.7465251265,619972.6657895661,-111.023582,30U,0.001,-0.0,-0.006,-0.004326467349020004,0.0004830183590342985,-0.34192574285383126
1440170678331934,51.7608790998,-1.2615996382,111.023582,5735872.7465251265,619972.6657895661,-111.023582,30U,0.0,-0.0,-0.006,-0.00431768366190942,0.00048056325673539557,-0.3419248999994289
1440170678423362,51.7608790998,-1.2615996382,111.023582,5735872.7465251265,619972.6657895661,-111.023582,30U,0.0,-0.0,-0.005,-0.004315222452703465,0.00047805716289706643,-0.34192629586664075
1440170678514790,51.7608790998,-1.2615996382,111.023582,5735872.7465251265,619972.6657895661,-111.023582,30U,0.0,-0.001,-0.005,-0.00431410000004558,0.00046990000011872804,-0.3419150071800133
1440170678621456,51.7608790998,-1.2615996382,111.023582,5735872.7465251265,619972.6657895661,-111.023582,30U,0.0,-0.001,-0.005,-0.00431905305596718,0.0004760224493284452,-0.341912148990433
1440170678726218,51.7608790998,-1.2615996382,111.023582,5735872.7465251265,619972.6657895661,-111.023582,30U,0.0,-0.001,-0.006,-0.004318679595649827,0.00047594694463967474,-0.34190863265115434
1440170678817645,51.7608790998,-1.2615996382,111.023582,5735872.7465251265,619972.6657895661,-111.023582,30U,0.0,-0.002,-0.005,-0.004311522448937016,0.0004772775505001394,-0.341904357146011
1440170678909073,51.7608790998,-1.2615996382,111.023582,5735872.7465251265,619972.6657895661,-111.023582,30U,0.0,-0.002,-0.006,-0.004318099999730507,0.00047048567327450275,-0.3418994101917605
1440170679000501,51.7608790998,-1.2615996382,111.023582,5735872.7465251265,619972.6657895661,-111.023582,30U,0.0,-0.002,-0.006,-0.004318614292410533,0.0004757897986844837,-0.3418964102011598
1440170679091929,51.7608790998,-1.2615996382,111.023582,5735872.7465251265,619972.6657895661,-111.023582,30U,0.001,-0.002,-0.006,-0.004319906110073703,0.00047320000060055813,-0.3418930102020385
1440170679194786,51.7608790998,-1.2615996382,111.023582,5735872.7465251265,619972.6657895661,-111.023582,30U,0.001,-0.002,-0.006,-0.004320255100874943,0.00047381020261364035,-0.3418880122475218
1440170679301452,51.7608790998,-1.2615996382,111.023582,5735872.7465251265,619972.6657895661,-111.023582,30U,0.001,-0.001,-0.006,-0.004317253056021697,0.0004650306065548216,-0.34188395305499536
1440170679408118,51.7608790998,-1.2615996382,111.023582,5735872.7465251265,619972.6657895661,-111.023582,30U,0.001,-0.002,-0.005,-0.004321534711705324,0.0004695530286634316,-0.3418810530298728
1440170679514784,51.7608790998,-1.2615996382,111.023582,5735872.7465251265,619972.6657895661,-111.023582,30U,0.001,-0.002,-0.006,-0.0043184999995244675,0.0004646000006670989,-0.34187260717916423
1440170679621450,51.7608790998,-1.2615996382,111.023582,5735872.7465251265,619972.6657895661,-111.023582,30U,0.001,-0.002,-0.005,-0.004327432652232039,0.00046759795446857876,-0.34186736734819323
1440170679728117,51.7608790998,-1.2615996382,111.023582,5735872.7465251265,619972.6657895661,-111.023582,30U,0.0,-0.002,-0.005,-0.004331616339094093,0.00046588371302122095,-0.34186897752438394
1440170679834783,51.7608790998,-1.2615996382,111.023582,5735872.7465251265,619972.6657895661,-111.023582,30U,-0.001,-0.008,-0.002,-0.004327175504146697,0.0005398837656609082,-0.34183669388995713
1440170679937639,51.7608790998,-1.2615996382,111.023582,5735872.7465251265,619972.6657895661,-111.023582,30U,-0.005,-0.019,-0.001,-0.0043415409130301225,0.0006758841790634485,-0.34188624297933384
1440170680029067,51.7608790998,-1.2615996382,111.023582,5735872.7465251265,619972.6657895661,-111.023582,30U,-0.014,-0.04,-0.0,-0.004357124495408928,0.000883602229173624,-0.34189335916665975
1440170680120494,51.7608790845,-1.2615997086,111.023811,5735872.744707858,619972.6609719406,-111.023811,30U,-0.022,-0.064,-0.004,-0.0043580183588040194,0.001061518384370927,-0.3418743673489509
1440170680211923,51.7608790615,-1.2615998177,111.024467,5735872.741970641,619972.6535041046,-111.024467,30U,-0.03,-0.087,-0.008,-0.004352820403517767,0.0010489714392711424,-0.3419160898234562
1440170680303351,51.7608790308,-1.2615999601,111.02536,5735872.738322354,619972.643758704,-111.02536,30U,-0.039,-0.111,-0.01,-0.004354422449964819,0.0010325591658368436,-0.34194624285418
1440170680408112,51.7608789929,-1.2616001352,111.026314,5735872.733819589,619972.6317758184,-111.026314,30U,-0.046,-0.133,-0.009,-0.004357071346642546,0.0009584428358717301,-0.34194522451913867
1440170680514778,51.7608789487,-1.2616003426,111.027275,5735872.72856309,619972.6175806655,-111.027275,30U,-0.053,-0.154,-0.01,-0.004365199999467554,0.0008872000002791367,-0.3419820071795355
1440170680606206,51.7608788971,-1.2616005815,111.028351,5735872.722431845,619972.601231367,-111.028351,30U,-0.062,-0.176,-0.011,-0.0043758285868639585,0.0008087917904916387,-0.3420196265403037
1440170680697634,51.760878838,-1.2616008513,111.029503,5735872.71541572,619972.5827695932,-111.029503,30U,-0.07,-0.197,-0.012,-0.004423240834730833,0.0006936570413694319,-0.3420408979814178
1440170680801443,51.7608787723,-1.2616011524,111.03064,5735872.707614148,619972.5621653557,-111.03064,30U,-0.077,-0.219,-0.012,-0.004435953055529464,0.0006021774726377904,-0.3420828551276584
1440170680908110,51.7608786985,-1.2616014856,111.03196,5735872.698858997,619972.5393674234,-111.03196,30U,-0.087,-0.242,-0.015,-0.004414510048549875,0.0004552811100867188,-0.34210633264400314
1440170681014776,51.7608786167,-1.2616018513,111.033516,5735872.68916073,619972.514347929,-111.033516,30U,-0.095,-0.265,-0.016,-0.004375342853006483,0.000190816182150095,-0.34209713265223274
1440170681121442,51.7608785284,-1.2616022514,111.03508,5735872.678683034,619972.4869717791,-111.03508,30U,-0.102,-0.288,-0.015,-0.004378683713391431,-3.7840912863485056e-05,-0.3421227143200703
1440170681228107,51.7608784335,-1.2616026841,111.036652,5735872.66741775,619972.4573634536,-111.036652,30U,-0.11,-0.31,-0.017,-0.004397722396681374,-0.0002796858902380595,-0.34218037757603914
1440170681334773,51.7608783308,-1.2616031478,111.038467,5735872.65523406,619972.4256365477,-111.038467,30U,-0.118,-0.331,-0.02,-0.004360326541031819,-0.0005806307634300359,-0.34222186737546595
1440170681441439,51.7608782218,-1.2616036402,111.040421,5735872.642302558,619972.3919458041,-111.040421,30U,-0.124,-0.35,-0.019,-0.004397198075339466,-0.0008620559545528532,-0.34231721461301867
1440170681539772,51.7608781069,-1.2616041582,111.042206,5735872.628672828,619972.3565040871,-111.042206,30U,-0.131,-0.368,-0.017,-0.004387499999761785,-0.0010892999995880924,-0.34240350718015045
1440170681619772,51.7608779856,-1.2616047043,111.043915,5735872.614285149,619972.3191402038,-111.043915,30U,-0.139,-0.387,-0.018,-0.004451855205875319,-0.0012189266189153358,-0.3423730285338201
1440170681699771,51.7608778591,-1.2616052769,111.045906,5735872.599275606,619972.2799613834,-111.045906,30U,-0.143,-0.404,-0.021,-0.004633842931474186,-0.001437751167713686,-0.34231875916657484
1440170681801437,51.7608777273,-1.2616058751,111.047714,5735872.583634558,619972.2390299996,-111.047714,30U,-0.152,-0.422,-0.016,-0.0047965653811769815,-0.0016258980066538667,-0.3422545346175544
1440170681908104,51.7608775867,-1.2616064963,111.049454,5735872.566977057,619972.1965347525,-111.049454,30U,-0.161,-0.436,-0.02,-0.004772883177853608,-0.001704137064366249,-0.3420256338536333
1440170682014770,51.7608774402,-1.2616071366,111.051514,5735872.549632019,619972.1527370876,-111.051514,30U,-0.164,-0.449,-0.021,-0.004679840755788597,-0.0018813939947424398,-0.3418053530021071
1440170682120483,51.7608772928,-1.2616077951,111.053505,5735872.532156959,619972.1076858564,-111.053505,30U,-0.165,-0.459,-0.019,-0.004469246865583386,-0.0019687061099194006,-0.34178574694543856
1440170682211911,51.7608771419,-1.2616084665,111.055542,5735872.514271455,619972.0617536954,-111.055542,30U,-0.17,-0.468,-0.022,-0.0044517551007707415,-0.00199726330931358,-0.34178934080700657
1440170682303339,51.7608769887,-1.2616091511,111.057823,5735872.496108459,619972.014916722,-111.057823,30U,-0.171,-0.478,-0.023,-0.0044554713867137824,-0.00221089808492921,-0.34178461227373064
1440170682408100,51.7608768338,-1.2616098497,111.059975,5735872.477733387,619971.9671181381,-111.059975,30U,-0.175,-0.487,-0.021,-0.004394730863946213,-0.0023778225945750952,-0.3418465186031347
1440170682514766,51.7608766743,-1.2616105595,111.062172,5735872.458828342,619971.9185588552,-111.062172,30U,-0.179,-0.495,-0.023,-0.00451679999991814,-0.002495199999283664,-0.34189340717892214
1440170682621432,51.7608765124,-1.2616112825,111.064529,5735872.439634686,619971.8690950236,-111.064529,30U,-0.181,-0.503,-0.024,-0.004499542878915463,-0.0026663001044451907,-0.34189272449513053
1440170682726194,51.7608763481,-1.2616120177,111.066788,5735872.420154067,619971.8187956525,-111.066788,30U,-0.185,-0.514,-0.02,-0.004667973564072587,-0.0028431939155798445,-0.34190230611012323
1440170682817622,51.7608761793,-1.2616127726,111.068581,5735872.400140612,619971.7671487458,-111.068581,30U,-0.191,-0.53,-0.016,-0.004834732729951784,-0.0028506081300928533,-0.3418778959090249
1440170682909050,51.7608760043,-1.2616135543,111.070221,5735872.379393593,619971.7136688529,-111.070221,30U,-0.198,-0.55,-0.017,-0.004939647399951648,-0.0028290367785813895,-0.34184963870205853
1440170683014764,51.7608758231,-1.2616143663,111.071754,5735872.3579072505,619971.6581144421,-111.071754,30U,-0.205,-0.572,-0.013,-0.0051242653297519525,-0.002784326410352346,-0.34182258158872186
1440170683120477,51.7608756347,-1.2616152095,111.07296,5735872.335568899,619971.6004260578,-111.07296,30U,-0.215,-0.593,-0.012,-0.005177189903355278,-0.0024572038812711167,-0.3416359875953971
1440170683211906,51.760875438,-1.2616160832,111.074287,5735872.312257363,619971.5406549219,-111.074287,30U,-0.222,-0.614,-0.015,-0.005338451035999269,-0.002156926383587859,-0.34127438347767547
1440170683303334,51.7608752365,-1.2616169864,111.075775,5735872.28836351,619971.4788607651,-111.075775,30U,-0.227,-0.634,-0.015,-0.0054134511413563985,-0.0018253977708099695,-0.3409626794647137
1440170683408094,51.7608750294,-1.2616179184,111.07753,5735872.263799524,619971.4150940125,-111.07753,30U,-0.235,-0.654,-0.02,-0.0055501570203332525,-0.0015657140397141612,-0.3406907969310894
1440170683514760,51.7608748128,-1.2616188826,111.079727,5735872.238126109,619971.3491303741,-111.079727,30U,-0.246,-0.68,-0.022,-0.005631999999691432,-0.0016139000007650904,-0.3402253071790229
1440170683621426,51.7608745882,-1.2616198915,111.081871,5735872.211489514,619971.2801032714,-111.081871,30U,-0.254,-0.714,-0.021,-0.005779712404896907,-0.001641699999535267,-0.3398171018888817
1440170683726188,51.7608743543,-1.2616209534,111.083839,5735872.183731515,619971.2074433803,-111.083839,30U,-0.268,-0.753,-0.019,-0.006233959480705648,-0.0015515427742754109,-0.3395194365329875
1440170683817616,51.7608741052,-1.2616220731,111.085655,5735872.154188099,619971.1308351004,-111.085655,30U,-0.286,-0.795,-0.019,-0.006739877786492576,-0.0013672488857946895,-0.3390178425649111
1440170683909044,51.7608738421,-1.2616232571,111.087631,5735872.1229820205,619971.0498266976,-111.087631,30U,-0.3,-0.841,-0.022,-0.007031692018571964,-0.0011748932272512265,-0.33861436885015483
1440170684014758,51.7608735645,-1.2616245092,111.090088,5735872.090051428,619970.9641572644,-111.090088,30U,-0.32,-0.889,-0.027,-0.006862938552222975,-0.0010483979799294732,-0.3385186060846138
1440170684120471,51.7608732669,-1.2616258325,111.092964,5735872.054779585,619970.873627456,-111.092964,30U,-0.341,-0.94,-0.03,-0.006505446840371438,-0.0012467532653725319,-0.33846267959531157
1440170684211900,51.7608729547,-1.2616272325,111.095871,5735872.017757958,619970.7778434104,-111.095871,30U,-0.353,-0.993,-0.028,-0.006672110515796601,-0.001532985759971116,-0.3386445266979873
1440170684303328,51.7608726308,-1.261628708,111.098747,5735871.979311024,619970.6768802499,-111.098747,30U,-0.37,-1.044,-0.032,-0.007218296119098405,-0.0014742836875220966,-0.3388684551008999
1440170684408089,51.7608722865,-1.2616302546,111.102081,5735871.938478521,619970.5710646755,-111.102081,30U,-0.395,-1.093,-0.034,-0.007390771775839292,-0.0016478191762526362,-0.338749989664917
1440170684514755,51.7608719218,-1.2616318752,111.105003,5735871.895255682,619970.46019656,-111.105003,30U,-0.414,-1.147,-0.025,-0.0071825000008252995,-0.0017581999993035902,-0.33896100717969296
1440170684621421,51.7608715416,-1.2616335733,111.107468,5735871.85018166,619970.3440213867,-111.107468,30U,-0.434,-1.197,-0.029,-0.006107611670072457,-0.0014283223440797106,-0.3394955022814309
1440170684726181,51.7608711422,-1.2616353434,111.110703,5735871.802854038,619970.2229285081,-111.110703,30U,-0.454,-1.249,-0.033,-0.005267401783600661,-0.0013952509570403328,-0.33970648570643586
1440170684817610,51.7608707276,-1.261637195,111.113327,5735871.753702016,619970.0962517419,-111.113327,30U,-0.468,-1.309,-0.019,-0.005164414529562992,-0.0009726424594201669,-0.3397051878045549
1440170684909038,51.7608703001,-1.2616391357,111.114609,5735871.702968866,619969.9634605284,-111.114609,30U,-0.486,-1.372,-0.008,-0.00586806358613608,-0.00018026742087768756,-0.33982625509535624
1440170685014752,51.7608698503,-1.2616411652,111.115257,5735871.649609745,619969.8246004863,-111.115257,30U,-0.513,-1.429,-0.009,-0.007102786651276453,0.000352920718975173,-0.33960224673541994
1440170685121418,51.760869384,-1.2616432758,111.116844,5735871.594282312,619969.680187606,-111.116844,30U,-0.524,-1.485,-0.023,-0.008590496538887585,0.0011642392610221675,-0.3393573734599495
1440170685228084,51.7608689039,-1.2616454628,111.120239,5735871.53729456,619969.5305390669,-111.120239,30U,-0.546,-1.534,-0.046,-0.009959843535590648,0.0016004528462530538,-0.3393297284813235
1440170685329750,51.7608684018,-1.2616477203,111.125221,5735871.477744304,619969.3760837559,-111.125221,30U,-0.572,-1.584,-0.049,-0.010244895489483184,0.0007759280627266632,-0.3389338038025289
1440170685409750,51.7608678778,-1.2616500517,111.129318,5735871.415637067,619969.2165867805,-111.129318,30U,-0.591,-1.636,-0.032,-0.009961837858749718,0.00029732730132609977,-0.33863121846121175
1440170685489749,51.7608673452,-1.2616524584,111.132004,5735871.352449593,619969.0519162704,-111.132004,30U,-0.593,-1.688,-0.029,-0.011662100000706556,0.0010066999993748236,-0.3387090071803439
1440170685588082,51.7608668062,-1.2616549326,111.135948,5735871.288439369,619968.8826046593,-111.135948,30U,-0.61,-1.728,-0.049,-0.01350653175987078,0.0015288307628313067,-0.3384007915813927
1440170685694747,51.7608662481,-1.2616574647,111.140762,5735871.222209866,619968.7093480936,-111.140762,30U,-0.628,-1.769,-0.044,-0.01462985077301562,0.002008296380254794,-0.33806400209769966
1440170685801413,51.7608656761,-1.2616600516,111.144646,5735871.154344457,619968.5323467123,-111.144646,30U,-0.647,-1.802,-0.036,-0.014297089982220432,0.003412817257427354,-0.3385954575130684
1440170685908080,51.7608650838,-1.2616626885,111.148338,5735871.084139315,619968.351948722,-111.148338,30U,-0.67,-1.84,-0.035,-0.01387210268984159,0.005002854538955195,-0.33883226029532043
1440170686014746,51.7608644763,-1.2616653776,111.151817,5735871.012157978,619968.1679887838,-111.151817,30U,-0.678,-1.871,-0.037,-0.012181399475342488,0.006089086363164683,-0.33864061848865834
1440170686121412,51.7608638711,-1.2616680988,111.155594,5735870.940379616,619967.9818075767,-111.155594,30U,-0.669,-1.883,-0.04,-0.011894667427369414,0.00768371523769005,-0.33924862284248775
1440170686228078,51.7608632666,-1.2616708205,111.160141,5735870.868678285,619967.7955900041,-111.160141,30U,-0.677,-1.872,-0.05,-0.011915198138531678,0.009335627301795733,-0.339545538658008
1440170686331887,51.7608626582,-1.2616735239,111.165611,5735870.796573359,619967.6106456177,-111.165611,30U,-0.671,-1.863,-0.057,-0.012270879280723783,0.0100878530288261,-0.3392486959089515
1440170686423315,51.7608620609,-1.261676214,111.170624,5735870.725724708,619967.4265896133,-111.170624,30U,-0.659,-1.847,-0.038,-0.010779742042936616,0.01005609801099648,-0.33969580093689083
1440170686514743,51.760861466,-1.2616788753,111.173752,5735870.655190334,619967.2445146819,-111.173752,30U,-0.661,-1.827,-0.036,-0.009756399999276799,0.011225599999964099,-0.34045180717972606
1440170686621409,51.7608608716,-1.261681503,111.178055,5735870.584766841,619967.0647571003,-111.178055,30U,-0.661,-1.803,-0.047,-0.007107337897497659,0.010884658641525305,-0.3407939450817948
1440170686726171,51.7608602847,-1.2616841005,111.182442,5735870.515227077,619966.8870636851,-111.182442,30U,-0.643,-1.786,-0.038,-0.005700035902739229,0.010012530395349852,-0.3412186471803925
1440170686817598,51.7608597102,-1.2616866739,111.185623,5735870.447105924,619966.7110004969,-111.185623,30U,-0.633,-1.762,-0.032,-0.0037571302132445553,0.009779508078288058,-0.3415518962235553
1440170686909026,51.7608591533,-1.2616892005,111.189461,5735870.381018989,619966.5381202393,-111.189461,30U,-0.605,-1.732,-0.046,-0.005783921700975076,0.010380833437551794,-0.3424446660826044
1440170687000454,51.7608586188,-1.261691693,111.195076,5735870.317479177,619966.3675337844,-111.195076,30U,-0.593,-1.706,-0.065,-0.00861235253091077,0.010434111723071985,-0.3431167776556951
1440170687091882,51.7608580786,-1.2616941374,111.201492,5735870.253384617,619966.2002817375,-111.201492,30U,-0.609,-1.667,-0.065,-0.009991789300454218,0.009273664594766164,-0.34295488554987463
1440170687194739,51.7608575307,-1.2616965278,111.208549,5735870.188522601,619966.0367765477,-111.208549,30U,-0.607,-1.635,-0.077,-0.007979988644636614,0.007580211251002061,-0.34321477605536294
1440170687301405,51.7608569915,-1.2616988814,111.216072,5735870.124688616,619965.8757878005,-111.216072,30U,-0.593,-1.617,-0.072,-0.005368694099532497,0.005537835510686302,-0.3443666800936862
1440170687408071,51.7608564595,-1.2617012085,111.222534,5735870.061698912,619965.7166086838,-111.222534,30U,-0.593,-1.593,-0.062,-0.002953378821931604,0.003319961491344527,-0.3446909235171614
1440170687514737,51.7608559347,-1.2617034951,111.229042,5735869.999576521,619965.5602053162,-111.229042,30U,-0.569,-1.561,-0.072,-0.002545000000684265,0.001428499999398942,-0.34448090717909496
1440170687621403,51.7608554379,-1.2617057237,111.236534,5735869.940663318,619965.407730208,-111.236534,30U,-0.539,-1.512,-0.076,-0.0028109124052187254,-4.352911019267201e-05,-0.34530038835552745
1440170687728069,51.7608549585,-1.2617078688,111.244034,5735869.883822462,619965.2609711697,-111.244034,30U,-0.529,-1.449,-0.076,-0.003046352924828375,-0.00073811059487102,-0.34610212672422375
1440170687834736,51.7608544883,-1.2617099237,111.250946,5735869.82815308,619965.1204122951,-111.250946,30U,-0.516,-1.387,-0.058,-0.002877910463934787,-0.0015478656692287489,-0.3462031530816482
1440170687937592,51.7608540345,-1.2617118896,111.255287,5735869.774453885,619964.9859516892,-111.255287,30U,-0.49,-1.324,-0.043,-0.0030943662117297573,-0.001742389028448518,-0.3462799091261138
1440170688029020,51.7608536092,-1.2617137545,111.260605,5735869.724090211,619964.8583853773,-111.260605,30U,-0.462,-1.252,-0.06,-0.002877167112498399,-0.002899280488226374,-0.3467808614483254
1440170688120447,51.7608531972,-1.2617155172,111.265144,5735869.675373694,619964.7378364615,-111.265144,30U,-0.455,-1.182,-0.028,-0.0020291401790502586,-0.003919612404413179,-0.34679083453892395
1440170688211876,51.7608527973,-1.2617171854,111.266693,5735869.628158223,619964.6237767597,-111.266693,30U,-0.43,-1.124,-0.006,-0.0010372891948599782,-0.003579503671002011,-0.3466550123794886
1440170688303304,51.7608524224,-1.2617187861,111.267059,5735869.583833945,619964.5143088507,-111.267059,30U,-0.409,-1.089,-0.004,0.00023935190194713596,-0.002790556754071092,-0.3470882267769702
1440170688408065,51.7608520551,-1.2617203492,111.267891,5735869.540416686,619964.407415509,-111.267891,30U,-0.411,-1.07,-0.014,0.001845149195951879,-0.002612991095894175,-0.3473591023533546
1440170688514731,51.7608516863,-1.2617218941,111.269386,5735869.496862557,619964.3017820925,-111.269386,30U,-0.411,-1.065,-0.009,0.0034348000004968053,-0.0031928999998722322,-0.3474913071800342
1440170688606159,51.7608513224,-1.2617234249,111.270752,5735869.453876535,619964.1971087045,-111.270752,30U,-0.393,-1.043,-0.031,0.005129328770767425,-0.003513129057857396,-0.34795074749524957
1440170688697587,51.7608509842,-1.2617249073,111.276161,5735869.413828132,619964.0957071952,-111.276161,30U,-0.363,-1.004,-0.069,0.004993712090690217,-0.005372625806229123,-0.34925675777621473
1440170688801396,51.760850661,-1.2617263327,111.282028,5735869.375541586,619963.9981993989,-111.282028,30U,-0.36,-0.965,-0.044,0.0046042750066741895,-0.00736516603642065,-0.34988544495188667
1440170688908062,51.7608503374,-1.2617277128,111.284561,5735869.337285074,619963.903818741,-111.284561,30U,-0.358,-0.945,-0.009,0.003467142185484041,-0.008334838352115638,-0.3499871887426081
1440170689014728,51.7608500189,-1.2617290777,111.284653,5735869.299620719,619963.8104734904,-111.284653,30U,-0.355,-0.939,-0.001,0.0034464453451569237,-0.00863541851607113,-0.35062923716245026
1440170689121394,51.7608496932,-1.2617304339,111.285332,5735869.2611699905,619963.7177476949,-111.285332,30U,-0.37,-0.935,-0.014,0.0044581026224048085,-0.009099118726204997,-0.35117336338893573
1440170689228060,51.7608493598,-1.2617317925,111.286987,5735869.221859025,619963.6248766906,-111.286987,30U,-0.368,-0.944,-0.017,0.005621231260610762,-0.009963353579466637,-0.35146042887508117
1440170689334726,51.7608490322,-1.2617331719,111.288261,5735869.1831588475,619963.5305549349,-111.288261,30U,-0.363,-0.959,-0.01,0.006396071492775912,-0.010787026907608101,-0.3523166760300535
1440170689441392,51.7608487028,-1.2617345717,111.288933,5735869.144224943,619963.4348301794,-111.288933,30U,-0.372,-0.973,-0.003,0.005986505694048242,-0.01152184455312747,-0.3530028986477425
1440170689539725,51.7608483649,-1.2617359916,111.288719,5735869.104312723,619963.3377408857,-111.288719,30U,-0.377,-0.986,0.003,0.005289599999783575,-0.012039199999757387,-0.35300150717876033
1440170689619725,51.7608480268,-1.2617374287,111.288719,5735869.064349972,619963.2394651768,-111.288719,30U,-0.377,-0.999,-0.007,0.005448565434539905,-0.012547363807762687,-0.35368764765252814
1440170689699724,51.760847682,-1.2617388841,111.290131,5735869.023612038,619963.139944373,-111.290131,30U,-0.391,-1.011,-0.02,0.005284550694189714,-0.01406305009108084,-0.3549728494619072
1440170689801390,51.760847326,-1.2617403566,111.292267,5735868.981600468,619963.0392732129,-111.292267,30U,-0.399,-1.02,-0.023,0.0047060731713831315,-0.016284403172959053,-0.3552383529235807
1440170689908056,51.7608469716,-1.2617418419,111.294708,5735868.939745776,619962.9377145027,-111.294708,30U,-0.389,-1.029,-0.03,0.0040350296403108095,-0.01809489053662804,-0.35526204690613117
1440170690014723,51.760846623,-1.2617433351,111.298325,5735868.898523088,619962.8355952507,-111.298325,30U,-0.392,-1.03,-0.045,0.0032121469183952313,-0.0201324115912695,-0.3563315271177758
1440170690120436,51.7608462613,-1.2617448242,111.302681,5735868.855850341,619962.7337936559,-111.302681,30U,-0.412,-1.026,-0.04,0.0038000453445316434,-0.02279289727268334,-0.35704431652298285
1440170690211864,51.7608458921,-1.2617463078,111.30619,5735868.812352598,619962.6323914845,-111.30619,30U,-0.402,-1.02,-0.035,0.0040654305269869784,-0.025072221558168996,-0.3575848801205674
1440170690303292,51.7608455418,-1.2617477781,111.309624,5735868.770978534,619962.5318570256,-111.309624,30U,-0.38,-1.008,-0.034,0.0037233936794819128,-0.027085641804483293,-0.3590072274591072
1440170690408053,51.7608452017,-1.2617492214,111.312271,5735868.730783188,619962.433158754,-111.312271,30U,-0.381,-0.98,-0.022,0.0032388312136957414,-0.02876519659574026,-0.36057688126719384
1440170690514719,51.760844483,-1.2617508226,111.311302,5735868.648225384,619962.3245676182,-111.311302,30U,-0.365,-0.942,-0.015,0.0028265000001094815,-0.03044979999969537,-0.37720190718001007
1440170690621385,51.7608443375,-1.261752064,111.314163,5735868.630002902,619962.2392863042,-111.314163,30U,-0.354,-0.912,-0.02,0.0027348122467593322,-0.03196094156781438,-0.37593713438320303
1440170690726147,51.7608440968,-1.2617533276,111.316849,5735868.60115706,619962.152725351,-111.316849,30U,-0.348,-0.892,-0.022,0.0031597534223033494,-0.03345690285900213,-0.3757345122477044
1440170690817575,51.7608437975,-1.2617545994,111.318916,5735868.565781038,619962.0657538602,-111.318916,30U,-0.352,-0.879,-0.015,0.0035409775506008395,-0.035039739549081426,-0.37687666404415665
1440170690909003,51.7608434846,-1.261755865,111.319565,5735868.528902811,619961.9792462697,-111.319565,30U,-0.35,-0.874,0.0,0.0035600596594279016,-0.036097126520946723,-0.3782896818403717
1440170691014717,51.7608431736,-1.2617571303,111.319183,5735868.492236367,619961.8927543438,-111.319183,30U,-0.35,-0.876,0.004,0.003870879780060587,-0.03670366157807192,-0.37997203773847044
1440170691120430,51.7608428562,-1.261758399,111.318794,5735868.454852615,619961.8060447525,-111.318794,30U,-0.357,-0.879,0.003,0.004110873668211814,-0.03756363113113036,-0.38196191946045616
1440170691211859,51.7608425322,-1.2617596754,111.318794,5735868.4167222325,619961.7188212903,-111.318794,30U,-0.362,-0.885,-0.004,0.0045689492790691065,-0.038483306635116975,-0.3839531418571066
1440170691303287,51.7608422073,-1.2617609564,111.319603,5735868.3784842035,619961.6312827735,-111.319603,30U,-0.357,-0.881,-0.013,0.004904630684635961,-0.03969256407063507,-0.38596691135602157
1440170691408048,51.7608418912,-1.2617622178,111.320633,5735868.341257029,619961.5450734937,-111.320633,30U,-0.348,-0.86,-0.008,0.004829543902737519,-0.04115967756161753,-0.38813161206616165
1440170691514713,51.7608415818,-1.261763444,111.320656,5735868.30483284,619961.461275549,-111.320656,30U,-0.344,-0.834,0.004,0.004508199999984681,-0.04237090000050859,-0.38992760717914376
1440170691621379,51.7608412786,-1.261764628,111.319954,5735868.269167544,619961.3803733215,-111.319954,30U,-0.337,-0.804,0.007,0.004445751114038675,-0.043326757591860415,-0.3913556680833735
1440170691726141,51.7608409863,-1.2617657669,111.319641,5735868.234788585,619961.3025544777,-111.319641,30U,-0.325,-0.772,-0.002,0.004674828692030316,-0.04426562095417347,-0.392821698819212
1440170691817569,51.7608407078,-1.2617668545,111.319969,5735868.202028654,619961.2282391834,-111.319969,30U,-0.307,-0.728,-0.003,0.004858365355452425,-0.0453167719902851,-0.39445119674721696
1440170691908997,51.7608404477,-1.2617678627,111.32003,5735868.171445522,619961.1593543806,-111.32003,30U,-0.282,-0.66,0.002,0.004933144617317983,-0.046393029303198004,-0.3958516258849632
1440170692014711,51.7608402129,-1.2617687591,111.319481,5735868.14385981,619961.0981176518,-111.319481,30U,-0.247,-0.574,0.008,0.004617497614105982,-0.04716870236110364,-0.39701577411484756
1440170692120424,51.76084001,-1.2617695289,111.318611,5735868.120029822,619961.045532826,-111.318611,30U,-0.207,-0.491,0.008,0.003789848466071048,-0.04762586952459462,-0.39837501715267404
1440170692211853,51.7608398336,-1.2617702014,111.317604,5735868.099306848,619960.9995922717,-111.317604,30U,-0.198,-0.454,0.016,0.0028934485438346642,-0.04767871814845021,-0.3999124334117527
1440170692303280,51.7608396463,-1.26177088,111.315758,5735868.077361691,619960.953259659,-111.315758,30U,-0.217,-0.485,0.014,0.002027750563607784,-0.04714892234397793,-0.4013706662206967
1440170692408042,51.7608394452,-1.2617716131,111.315163,5735868.053792244,619960.9032026677,-111.315163,30U,-0.233,-0.527,0.001,0.0016527044208968097,-0.047520104069416265,-0.40329903288119
1440170692514707,51.7608392251,-1.2617724177,111.314796,5735868.027992264,619960.8482619405,-111.314796,30U,-0.257,-0.583,0.005,0.0012807999999937896,-0.048529600000731636,-0.40576620717921524
1440170692621373,51.7608389821,-1.2617733021,111.313507,5735867.999514403,619960.7878750442,-111.313507,30U,-0.283,-0.637,0.021,0.0009799851555764157,-0.04939191240523814,-0.4089655059017005
1440170692726135,51.7608387173,-1.2617742677,111.3106,5735867.96847868,619960.7219424514,-111.3106,30U,-0.299,-0.7,0.034,-0.0002963311564008532,-0.04919053031744639,-0.4128612188826023
1440170692817563,51.7608384334,-1.2617753257,111.307388,5735867.935166933,619960.6496841119,-111.307388,30U,-0.335,-0.757,0.028,-0.001626857801606782,-0.04860190382895785,-0.4181767071591944
1440170692908991,51.7608381128,-1.2617764634,111.305428,5735867.897642816,619960.5720230825,-111.305428,30U,-0.371,-0.816,0.013,-0.0028386340107802196,-0.048531357163315976,-0.42455402823075034
1440170693014705,51.7608377694,-1.2617776941,111.304176,5735867.857430224,619960.488004708,-111.304176,30U,-0.39,-0.881,0.011,-0.0042823213487125575,-0.04851732042960128,-0.4334377850768157
1440170693121371,51.7608373938,-1.2617790178,111.30278,5735867.8134838175,619960.397653904,-111.30278,30U,-0.44,-0.948,0.016,-0.006113190559175921,-0.048556791975659645,-0.44438359803249433
1440170693228037,51.7608369697,-1.2617804361,111.30069,5735867.763988298,619960.3009034632,-111.30069,30U,-0.494,-1.013,0.025,-0.007157416758879498,-0.04884423076329739,-0.4567358418559404
1440170693329703,51.7608365002,-1.2617819494,111.297775,5735867.709287752,619960.1977175634,-111.297775,30U,-0.54,-1.079,0.03,-0.007943665775523282,-0.0489717366906464,-0.4713721698669508
1440170693409703,51.7608359893,-1.2617835589,111.295036,5735867.649825031,619960.0880027929,-111.295036,30U,-0.588,-1.144,0.023,-0.009026190173081011,-0.048876902209884006,-0.48883619954947793
1440170693489702,51.7608354259,-1.2617852574,111.292786,5735867.584377585,619959.9722854325,-111.292786,30U,-0.654,-1.202,0.02,-0.009201200000771905,-0.04901580000074455,-0.508395407179145
1440170693588035,51.7608348013,-1.2617870331,111.29071,5735867.511997331,619959.8514028423,-111.29071,30U,-0.719,-1.259,0.024,-0.010285712850201103,-0.049253934724033985,-0.529903261106128
1440170693694700,51.7608341192,-1.2617888963,111.287933,5735867.433078789,619959.724634428,-111.287933,30U,-0.784,-1.32,0.029,-0.010522283739282125,-0.04955166160452969,-0.5536926685543464
1440170693801367,51.7608333679,-1.2617908417,111.284035,5735867.346329564,619959.592376944,-111.284035,30U,-0.871,-1.372,0.046,-0.011829233647920719,-0.050093543194480145,-0.5796991797540024
1440170693908032,51.76083254,-1.2617928524,111.279404,5735867.2509545265,619959.4558162478,-111.279404,30U,-0.955,-1.413,0.047,-0.011135039532088534,-0.05027718160361633,-0.6072278918110547
1440170694014699,51.7608316335,-1.2617949357,111.274734,5735867.1467192555,619959.314453878,-111.274734,30U,-1.043,-1.483,0.042,-0.0137558764484571,-0.050631401154732934,-0.6371444454502041
1440170694121365,51.7608306551,-1.2617970928,111.269531,5735867.034366863,619959.1681892644,-111.269531,30U,-1.113,-1.498,0.065,-0.01942159368031498,-0.05114122735394418,-0.6688885089947922
1440170694228031,51.7608295959,-1.2617992266,111.262726,5735866.913067323,619959.0237467107,-111.262726,30U,-1.228,-1.462,0.068,-0.015604183294091687,-0.04691212134719766,-0.7016326448202177
1440170694331840,51.7608284301,-1.2618013173,111.256775,5735866.779984081,619958.8825609691,-111.256775,30U,-1.332,-1.439,0.061,-0.0036155670340901813,-0.04190458098666396,-0.7378269389710898
1440170694423268,51.7608271898,-1.2618034013,111.248131,5735866.638626988,619958.7420350494,-111.248131,30U,-1.409,-1.464,0.124,0.004898863200489514,-0.03395628912171049,-0.7773789467342891
1440170694514696,51.7608258793,-1.2618055351,111.234932,5735866.4893813,619958.5982585769,-111.234932,30U,-1.501,-1.492,0.109,0.0076794000001262856,-0.021988599999976228,-0.8165880071797808
1440170694621362,51.7608244757,-1.2618076837,111.227814,5735866.32975796,619958.4537075439,-111.227814,30U,-1.598,-1.494,0.046,0.00482976029389417,-0.013016728979657409,-0.8557317664035803
1440170694726123,51.760822984,-1.2618098189,111.224228,5735866.160359385,619958.3103147346,-111.224228,30U,-1.703,-1.471,0.041,-0.0007466798316310836,-0.007263760188566299,-0.8968061141618241
1440170694817551,51.7608213904,-1.2618118903,111.2192,5735865.979733822,619958.1715947496,-111.2192,30U,-1.824,-1.413,0.061,-0.0028193714925043665,-0.0012413292690041946,-0.9387249572775129
1440170694908979,51.7608196858,-1.2618138821,111.212585,5735865.786895285,619958.0386620424,-111.212585,30U,-1.944,-1.365,0.065,-0.003161215549194927,0.005110288226956499,-0.9815564482731046
1440170695000407,51.760817883,-1.2618158277,111.207474,5735865.583212278,619957.9091778029,-111.207474,30U,-2.051,-1.343,0.051,-0.0035892078412694396,0.01003731903968055,-1.026571502149998
1440170695091835,51.7608159678,-1.2618177076,111.201447,5735865.367137741,619957.7845253339,-111.201447,30U,-2.193,-1.279,0.054,-0.003921746524954677,0.015986209388963165,-1.072642551062026
1440170695194692,51.7608139206,-1.2618195146,111.193161,5735865.136503874,619957.665253447,-111.193161,30U,-2.334,-1.256,0.143,-0.005542144714646841,0.023060658221751094,-1.1195974544975527
1440170695301358,51.7608117489,-1.2618212228,111.185043,5735864.892187324,619957.5531295819,-111.185043,30U,-2.486,-1.125,0.017,-0.006660306084375163,0.02893113029069643,-1.167244696091965
1440170695408024,51.7608094335,-1.2618227152,111.188881,5735864.632245374,619957.4562786137,-111.188881,30U,-2.643,-0.982,-0.086,0.0013882779477995947,0.029067574958461448,-1.2123544899784386
1440170695514690,51.7608070096,-1.2618240386,111.198647,5735864.360515505,619957.3713776495,-111.198647,30U,-2.787,-0.891,-0.115,0.012826599999956338,0.026413699999568857,-1.2574564071800358
1440170695621356,51.7608044332,-1.2618252531,111.208092,5735864.072005789,619957.2943959096,-111.208092,30U,-2.93,-0.813,-0.078,0.021496626225650257,0.025414561604271718,-1.303046626409073
1440170695728022,51.7608017336,-1.2618263474,111.215424,5735863.769993153,619957.2260355274,-111.215424,30U,-3.065,-0.742,-0.051,0.02777213322905706,0.026008925255301615,-1.3489483616319877
1440170695834688,51.7607989117,-1.2618272722,111.219635,5735863.4546587765,619957.1696962345,-111.219635,30U,-3.194,-0.563,-0.075,0.03540945604443276,0.027997938972690338,-1.3947835507212707
1440170695937544,51.7607959851,-1.2618279962,111.232841,5735863.12801137,619957.127491345,-111.232841,30U,-3.311,-0.491,-0.182,0.03996742718679887,0.02622528470804577,-1.440803982090006
1440170696028972,51.760792933,-1.2618286228,111.251038,5735862.78756777,619957.0923405222,-111.251038,30U,-3.473,-0.389,-0.163,0.04083718048841197,0.022345890138516466,-1.4875560242589825
1440170696120400,51.7607897416,-1.2618290262,111.265427,5735862.432000243,619957.0729616075,-111.265427,30U,-3.617,-0.203,-0.137,0.03766866944723575,0.020092096826034956,-1.5310606795963073
1440170696211829,51.7607864277,-1.2618291826,111.278282,5735862.063216202,619957.0709524755,-111.278282,30U,-3.753,-0.058,-0.117,0.034928119695850524,0.018073221506019657,-1.5725961528462458
1440170696303257,51.7607829898,-1.2618291443,111.287437,5735861.680962818,619957.0827079627,-111.287437,30U,-3.89,0.085,-0.067,0.03465334539774703,0.016717802044761296,-1.6138444582482234
1440170696408018,51.7607794335,-1.2618288546,111.293358,5735861.285956103,619957.1121260091,-111.293358,30U,-4.016,0.28,-0.064,0.035007641055691,0.017032480044663248,-1.6524195087839324
1440170696514684,51.7607758012,-1.2618282967,111.299942,5735860.88293884,619957.1602535768,-111.299942,30U,-4.137,0.444,-0.086,0.03613209999922085,0.016885000000377078,-1.6876661071802226
1440170696606112,51.7607720296,-1.2618275217,111.309647,5735860.464787623,619957.223732119,-111.309647,30U,-4.256,0.608,-0.103,0.03929129394226984,0.014993894204787722,-1.7204638514289232
1440170696697540,51.760768157,-1.2618264979,111.320961,5735860.035813789,619957.3046476917,-111.320961,30U,-4.363,0.78,-0.132,0.044214548335476805,0.010699152321682441,-1.7498548595208105
1440170696801349,51.7607641912,-1.2618252476,111.334419,5735859.596848072,619957.401440735,-111.334419,30U,-4.474,0.91,-0.123,0.046602970784092826,0.006006563782266374,-1.7753718780590813
1440170696908015,51.7607601129,-1.2618238568,111.345184,5735859.145602737,619957.5082276794,-111.345184,30U,-4.601,1.001,-0.1,0.04693131941220957,0.0034486236312551433,-1.797571258935112
1440170697014681,51.7607559347,-1.2618222735,111.354134,5735858.683564514,619957.6285635729,-111.354134,30U,-4.698,1.167,-0.068,0.04800068004262059,0.0001289419353883324,-1.8152578712233458
1440170697121347,51.7607516659,-1.2618204944,111.359756,5735858.211773053,619957.7626514978,-111.359756,30U,-4.806,1.267,-0.046,0.04445778101192233,6.59499867549096e-05,-1.8282805978943324
1440170697228013,51.7607472938,-1.261818603,111.363503,5735857.72867869,619957.9047629093,-111.363503,30U,-4.921,1.346,-0.035,0.04483111111898747,0.00222394982986322,-1.8392560708583827
1440170697334679,51.7607428283,-1.2618165656,111.365845,5735857.2354378,619958.0571971566,-111.365845,30U,-5.015,1.451,-0.031,0.04578141977457646,0.004540860398637128,-1.8489462395884062
1440170697441345,51.7607382719,-1.2618144164,111.372238,5735856.732272145,619958.2175875254,-111.372238,30U,-5.129,1.507,-0.075,0.046007618840373986,0.004627316808552433,-1.8575977004326876
1440170697539678,51.7607336329,-1.2618121474,111.375931,5735856.220117901,619958.3864640872,-111.375931,30U,-5.223,1.607,-0.03,0.04814410000077167,0.005201999999527814,-1.8642704071704097
1440170697619678,51.7607288967,-1.2618097781,111.38102,5735855.697319378,619958.5625198781,-111.38102,30U,-5.32,1.647,-0.083,0.044936172986565805,0.005056735929979731,-1.870450088972612
1440170697699677,51.76072407,-1.2618073508,111.391365,5735855.164552085,619958.742818079,-111.391365,30U,-5.413,1.72,-0.104,0.04767902265953546,0.0014243752941936298,-1.8763236557668848
1440170697801343,51.7607191707,-1.2618047951,111.401955,5735854.623922412,619958.93216945,-111.401955,30U,-5.496,1.789,-0.108,0.0446859323890585,-0.0011146431681834067,-1.8808341124741017
1440170697908010,51.7607141853,-1.2618021812,111.411713,5735854.073813609,619959.1257653767,-111.411713,30U,-5.597,1.827,-0.093,0.044757238859355626,-0.0021325198267370055,-1.885477696124783
1440170698014676,51.7607091202,-1.2617994756,111.418434,5735853.514992494,619959.3259006834,-111.418434,30U,-5.675,1.895,-0.063,0.045916805114751984,-0.002932276527656614,-1.8904270537111523
1440170698120389,51.7607039886,-1.2617966814,111.423775,5735852.948921897,619959.5323264595,-111.423775,30U,-5.749,1.961,-0.011,0.046397806450874955,-0.0038013031474730197,-1.8949360263823594
1440170698211817,51.7606987908,-1.2617938139,111.42527,5735852.375610015,619959.74398608,-111.42527,30U,-5.821,1.988,-0.043,0.04535397054868002,-0.0026149898242642786,-1.8986698451525734
1440170698303245,51.7606935281,-1.2617909118,111.43222,5735851.79513776,619959.9582054705,-111.43222,30U,-5.888,2.035,-0.062,0.04757730991298545,-0.0041270862306011236,-1.9033543839489906
1440170698408006,51.7606882148,-1.261787897,111.437698,5735851.209223844,619960.1803362983,-111.437698,30U,-5.945,2.11,-0.056,0.048339949066712684,-0.004566422752661225,-1.907269165821341
1440170698514672,51.7606828469,-1.2617848097,111.442757,5735850.617357323,619960.407615025,-111.442757,30U,-6.009,2.166,-0.056,0.05476790000009527,-0.006912299999506439,-1.9112791071634871
1440170698621338,51.7606774196,-1.2617816566,111.447441,5735850.018993384,619960.6395920179,-111.447441,30U,-6.069,2.175,-0.027,0.05346236936876979,-0.009188489509594564,-1.915855972147759
1440170698726100,51.7606719511,-1.2617784945,111.450012,5735849.416062558,619960.8722993465,-111.450012,30U,-6.093,2.206,-0.043,0.05084414523996206,-0.00646609548990268,-1.920898890045997
1440170698817528,51.7606664684,-1.2617752439,111.455536,5735848.811698182,619961.1111516322,-111.455536,30U,-6.11,2.268,-0.062,0.04757133897231743,-0.0028871666134192165,-1.924632944732366
1440170698908956,51.760660972,-1.2617719021,111.45858,5735848.2059603,619961.3563338735,-111.45858,30U,-6.121,2.331,0.019,0.05132948587301254,-0.00046004878760714813,-1.927486061897177
1440170699014670,51.7606554655,-1.2617685025,111.458817,5735847.599194321,619961.6055316419,-111.458817,30U,-6.129,2.358,-0.066,0.0557499882512404,0.0005956864674859173,-1.9307810731284472
1440170699120383,51.7606499489,-1.2617650733,111.469574,5735846.991353855,619961.8567988947,-111.469574,30U,-6.151,2.365,-0.15,0.05586032638353785,-0.003144545555207291,-1.9335768810110059
1440170699211811,51.7606443984,-1.2617616618,111.484879,5735846.379714392,619962.1069346089,-111.484879,30U,-6.198,2.356,-0.132,0.052704311802067465,-0.007454476948035555,-1.936197264593809
1440170699303239,51.7606388203,-1.2617582106,111.495598,5735845.765070947,619962.3598831834,-111.495598,30U,-6.216,2.407,-0.084,0.05186985625566752,-0.009412099868138941,-1.93843115005776
1440170699408000,51.7606332215,-1.2617546853,111.49897,5735845.148247428,619962.618000229,-111.49897,30U,-6.244,2.453,-0.007,0.05044547776926669,-0.0076017727483845676,-1.9400919808346284
1440170699514666,51.7606276014,-1.2617511379,111.500206,5735844.529091578,619962.877698886,-111.500206,30U,-6.284,2.449,-0.02,0.052011800000374635,-0.0065193000003553915,-1.9417907071776006
1440170699621332,51.7606219406,-1.2617475681,111.503349,5735843.905446489,619963.1390512815,-111.503349,30U,-6.311,2.486,-0.029,0.054796936323785045,-0.006611134907650763,-1.944089990756942
1440170699726094,51.7606162619,-1.2617439283,111.506599,5735843.27992596,619963.4052817957,-111.506599,30U,-6.329,2.529,-0.053,0.056469547704840056,-0.006583965119348213,-1.944917830545546
1440170699817522,51.7606105534,-1.2617402658,111.512802,5735842.651128835,619963.6731578605,-111.512802,30U,-6.378,2.518,-0.066,0.0572536294780838,-0.007703990900398063,-1.9447035286876369
1440170699908950,51.7606048058,-1.2617366078,111.518593,5735842.017976152,619963.940827093,-111.518593,30U,-6.412,2.538,-0.063,0.05817164911665055,-0.008413090236252694,-1.9446840973611157
1440170700014664,51.7605990304,-1.2617329142,111.522995,5735841.381790505,619964.2110267887,-111.522995,30U,-6.44,2.562,-0.029,0.057595336795208785,-0.008062215446331915,-1.9442892363400726
1440170700120378,51.7605932235,-1.2617292108,111.526718,5735840.742117991,619964.4819863333,-111.526718,30U,-6.486,2.541,-0.046,0.05426834875490339,-0.007115921978283011,-1.9438358061883094
1440170700211806,51.7605873797,-1.2617255138,111.53054,5735840.09833145,619964.7526020975,-111.53054,30U,-6.514,2.575,-0.029,0.05474163621744342,-0.006703346708326128,-1.9439119856213687
1440170700303234,51.7605815146,-1.2617217669,111.534065,5735839.452258307,619965.0267179245,-111.534065,30U,-6.542,2.593,-0.037,0.054044198426395025,-0.00671891788664994,-1.9436325712188411
1440170700407994,51.7605756192,-1.2617180135,111.537758,5735838.802826317,619965.3013626931,-111.537758,30U,-6.578,2.592,-0.052,0.055005422737645124,-0.005970172984938555,-1.9435967045630864
1440170700514660,51.7605697005,-1.2617142665,111.544456,5735838.150792709,619965.5756276336,-111.544456,30U,-6.617,2.598,-0.072,0.05459169999922618,-0.006955799999352518,-1.9435957071772318
1440170700621326,51.7605637434,-1.2617104866,111.549484,5735837.494542905,619965.8522648189,-111.549484,30U,-6.644,2.619,-0.03,0.05453875893051611,-0.006533194833565894,-1.9432284467231666
1440170700726088,51.7605577568,-1.2617066946,111.554222,5735836.835032434,619966.1298152765,-111.554222,30U,-6.678,2.622,-0.06,0.055432636979392394,-0.006321337398286068,-1.9431673510538214
1440170700817516,51.760551748,-1.2617028814,111.560066,5735836.173088069,619966.4088876361,-111.560066,30U,-6.702,2.636,-0.04,0.05410484219858083,-0.0060099541314622635,-1.9430834713328222
1440170700908944,51.7605457141,-1.2616990657,111.564186,5735835.508356551,619966.6881991203,-111.564186,30U,-6.726,2.641,-0.045,0.05403736517439414,-0.003980420083959707,-1.9429001480219386
1440170701014658,51.7605396646,-1.261695216,111.570854,5735834.841946157,619966.9698983253,-111.570854,30U,-6.746,2.676,-0.058,0.056587002727831126,-0.0044884946759696336,-1.9423165953539385
1440170701121324,51.7605335855,-1.2616913397,111.576157,5735834.172287825,619967.2535116994,-111.576157,30U,-6.781,2.678,-0.052,0.05890503509127379,-0.006119414975756529,-1.9410724216886912
1440170701227990,51.7605274707,-1.2616874784,111.583893,5735833.498634767,619967.5361846439,-111.583893,30U,-6.826,2.65,-0.088,0.05749873343895746,-0.00816096357137851,-1.9397688748718973
1440170701329656,51.7605213157,-1.2616836411,111.592255,5735832.8204717515,619967.8173080084,-111.592255,30U,-6.871,2.659,-0.065,0.05653487519024665,-0.00736535811688615,-1.9383658909927504
1440170701409656,51.7605151244,-1.2616797774,111.59713,5735832.138315385,619968.1003495032,-111.59713,30U,-6.915,2.672,-0.022,0.05431344730704735,-0.005266768550222769,-1.9368765959918768
1440170701489655,51.7605089022,-1.2616759084,111.597015,5735831.452731477,619968.3838387262,-111.597015,30U,-6.949,2.675,-0.01,0.05084369999948856,-0.0019861000001582525,-1.9355331071755244
1440170701587988,51.7605026391,-1.2616720521,111.601715,5735830.7625783505,619968.6665600264,-111.601715,30U,-6.986,2.662,-0.106,0.04626091269418543,0.0005897779956424947,-1.9352233694051197
1440170701694653,51.7604963503,-1.2616681758,111.611633,5735830.069600138,619968.9507297028,-111.611633,30U,-7.011,2.688,-0.108,0.04325289963345645,0.0025092954633276717,-1.935033787552978
1440170701801319,51.7604900356,-1.2616642658,111.622002,5735829.373797132,619969.2372937092,-111.622002,30U,-7.042,2.704,-0.102,0.042889012195722234,0.0025926928660789327,-1.9347382551220744
1440170701907985,51.7604836925,-1.2616603532,111.635429,5735828.674840156,619969.5241124955,-111.635429,30U,-7.075,2.703,-0.141,0.042595717109368395,-0.0022675297116838324,-1.9348073488848903
1440170702014652,51.7604773215,-1.2616564271,111.650261,5735827.972802746,619969.8119369361,-111.650261,30U,-7.107,2.716,-0.166,0.04323665255718118,-0.00977707637038245,-1.9344233915290958
1440170702121318,51.7604709201,-1.2616524777,111.66465,5735827.267423009,619970.101449945,-111.66465,30U,-7.134,2.739,-0.093,0.046114177366183125,-0.016648935904296287,-1.933704456672985
1440170702227984,51.7604644884,-1.2616485145,111.668457,5735826.558696432,619970.3919956734,-111.668457,30U,-7.18,2.727,0.016,0.04526434744304049,-0.015193303173425475,-1.9329116180139068
1440170702331793,51.7604580201,-1.2616445617,111.663506,5735825.845882613,619970.6819208061,-111.663506,30U,-7.215,2.739,0.064,0.044656703225685,-0.007109989248108316,-1.9321136627301398
1440170702423221,51.7604515219,-1.2616405835,111.657051,5735825.129785524,619970.9736781049,-111.657051,30U,-7.24,2.763,0.048,0.04589962252978034,-4.50444958063746e-05,-1.931017814597283
1440170702514649,51.7604450098,-1.2616365809,111.658524,5735824.412182818,619971.2671561462,-111.658524,30U,-7.267,2.757,-0.08,0.04481130000009449,0.0018178000000195294,-1.9298634071773628
1440170702621315,51.7604384662,-1.2616325989,111.67141,5735823.691043243,619971.5592961829,-111.67141,30U,-7.294,2.751,-0.178,0.0438177251768913,-0.0004381061888558223,-1.9291709710095133
1440170702726076,51.7604318953,-1.2616286151,111.68795,5735822.96687071,619971.8516328826,-111.68795,30U,-7.327,2.753,-0.139,0.040429243797461406,-0.003527025674794394,-1.9281320134718745
1440170702817504,51.7604252961,-1.2616246257,111.700432,5735822.239560268,619972.1444311311,-111.700432,30U,-7.364,2.757,-0.1,0.03803929042805601,-0.005557862287697652,-1.926649721656984
1440170702908932,51.7604186641,-1.2616206393,111.708946,5735821.508597338,619972.4371093808,-111.708946,30U,-7.398,2.752,-0.093,0.03610652421837882,-0.00816001878974782,-1.9252994436669215
1440170703000360,51.7604120009,-1.2616166586,111.717445,5735820.774155408,619972.7294770664,-111.717445,30U,-7.432,2.751,-0.071,0.03486272963515427,-0.012513505743233573,-1.9243566607349316
1440170703091788,51.7604053063,-1.2616126689,111.723076,5735820.036236421,619973.0225491492,-111.723076,30U,-7.464,2.762,-0.048,0.03411883034340508,-0.01457863545794464,-1.9233249095396012
1440170703194645,51.7603985832,-1.2616086702,111.724998,5735819.295162875,619973.3163179458,-111.724998,30U,-7.498,2.758,0.009,0.034314835378949374,-0.014049308838117865,-1.9221533994463549
1440170703301311,51.7603918336,-1.2616046737,111.722679,5735818.551138758,619973.6100052516,-111.722679,30U,-7.524,2.763,0.029,0.035382047994252715,-0.010650314398125417,-1.92116810158533
1440170703407977,51.7603850661,-1.2616006786,111.721237,5735817.80512176,619973.9036434769,-111.721237,30U,-7.541,2.753,0.003,0.032114218145507065,-0.007398343731464766,-1.9201632215140698
1440170703514643,51.760378285,-1.2615966998,111.721817,5735817.057565559,619974.1961929869,-111.721817,30U,-7.553,2.748,-0.039,0.029313299999985408,-0.0038565000001361013,-1.9192286071767648
1440170703621309,51.760371492,-1.2615927137,111.7285,5735816.308698026,619974.4892778903,-111.7285,30U,-7.561,2.76,-0.081,0.02788107492865597,-0.003912429451262048,-1.9188253060227118
1440170703727975,51.7603646907,-1.261588719,111.737595,5735815.558921645,619974.782978355,-111.737595,30U,-7.576,2.754,-0.103,0.026537256805325964,-0.006586581406294197,-1.91896197371563
1440170703834641,51.7603578762,-1.2615847323,111.749535,5735814.807664198,619975.0761618211,-111.749535,30U,-7.591,2.758,-0.118,0.025426382244565917,-0.011119338946327334,-1.9195165431668186
1440170703937497,51.760351049,-1.2615807386,111.758667,5735814.05500596,619975.3698620992,-111.758667,30U,-7.603,2.766,-0.064,0.024740253092749003,-0.01398186109008404,-1.9205066505443966
1440170704028925,51.7603442147,-1.261576719,111.761864,5735813.30160078,619975.6653686168,-111.761864,30U,-7.613,2.786,-0.012,0.024153449042158798,-0.012704066220685616,-1.921591100525321
1440170704120353,51.7603373676,-1.2615726736,111.761337,5735812.54681462,619975.9626895842,-111.761337,30U,-7.625,2.801,0.014,0.02608991466044516,-0.01062076451653923,-1.9226385394380998
1440170704211782,51.7603305137,-1.2615686047,111.76062,5735811.7913109325,619976.2616503763,-111.76062,30U,-7.627,2.825,-0.009,0.028458426042143253,-0.009256853370480786,-1.923896600548579
1440170704303210,51.7603236623,-1.2615645011,111.764328,5735811.03614236,619976.5629992421,-111.764328,30U,-7.623,2.837,-0.061,0.02972694649893196,-0.009546254681378631,-1.9249743965489965
1440170704407971,51.7603168089,-1.2615603997,111.770317,5735810.280747775,619976.8642016734,-111.770317,30U,-7.629,2.828,-0.048,0.028524120942046666,-0.0093092676918413,-1.9260643074208041
1440170704514637,51.7603099596,-1.2615563019,111.775505,5735809.525803231,619977.1651448867,-111.775505,30U,-7.619,2.84,-0.053,0.02772089999992663,-0.008096200000107912,-1.927360307172113
1440170704606065,51.7603031192,-1.2615521729,111.779861,5735808.771899766,619977.4682176776,-111.779861,30U,-7.604,2.855,-0.051,0.025676740388253006,-0.007022244427412541,-1.9287137599509916
1440170704697493,51.7602962867,-1.2615480471,111.786484,5735808.018869585,619977.7710487797,-111.786484,30U,-7.599,2.849,-0.08,0.027093231550249834,-0.007367095908061103,-1.9305518847813896
1440170704801302,51.7602894634,-1.2615439023,111.793938,5735807.266893778,619978.0751667514,-111.793938,30U,-7.588,2.874,-0.073,0.026827768344595614,-0.0066306869393976085,-1.932445721306909
1440170704907969,51.7602826463,-1.2615397389,111.800873,5735806.5156380655,619978.3805519432,-111.800873,30U,-7.587,2.874,-0.068,0.023647100765783996,-0.004979634268434289,-1.934170086536593
1440170705014634,51.7602758312,-1.2615355665,111.807953,5735805.764619593,619978.6865530008,-111.807953,30U,-7.579,2.9,-0.069,0.023922385733263996,-0.00448973873618848,-1.9355999332494964
1440170705121300,51.7602690257,-1.2615313495,111.816513,5735805.014742087,619978.995606506,-111.816513,30U,-7.576,2.909,-0.094,0.021720872830010816,-0.004660067374404697,-1.936683968051498
1440170705227966,51.7602622173,-1.2615271412,111.827911,5735804.26452779,619979.3040674041,-111.827911,30U,-7.578,2.914,-0.124,0.023066347914827454,-0.006964587936339832,-1.9381990702237302
1440170705334632,51.7602554097,-1.261522908,111.837799,5735803.514443439,619979.6142445977,-111.837799,30U,-7.576,2.932,-0.082,0.02385798166840338,-0.009796023446575944,-1.939763451819752
1440170705441298,51.7602486027,-1.2615186605,111.84584,5735802.764449357,619979.9254071201,-111.84584,30U,-7.577,2.935,-0.096,0.02507400115870618,-0.011955658258276984,-1.9414401027845594
1440170705539631,51.7602417946,-1.2615144008,111.85231,5735802.014353035,619980.2374145574,-111.85231,30U,-7.579,2.957,-0.035,0.026572600000186207,-0.012544200000558378,-1.9427503071772385
1440170705619631,51.7602349833,-1.261510103,111.854065,5735801.263963551,619980.5520598196,-111.854065,30U,-7.58,2.969,-0.017,0.02652262800880512,-0.011100000891946784,-1.9430348736171847
1440170705699630,51.7602281644,-1.2615058031,111.855812,5735800.5127323745,619980.8668702365,-111.855812,30U,-7.591,2.974,-0.014,0.028488685129544347,-0.009734879517131716,-1.9432538735000144
1440170705801296,51.7602213427,-1.2615014829,111.859154,5735799.761223232,619981.1830890533,-111.859154,30U,-7.593,2.991,-0.049,0.031555837188447296,-0.010284151691582439,-1.9431875243372614
1440170705907962,51.7602145133,-1.2614971671,111.863457,5735799.008850583,619981.4990247308,-111.863457,30U,-7.608,2.973,-0.052,0.031801087582445195,-0.010121779328747655,-1.94325124396951
1440170706014629,51.7602076728,-1.2614928631,111.869972,5735798.255224151,619981.8141756126,-111.869972,30U,-7.615,2.98,-0.061,0.03225663939135357,-0.010689257540516743,-1.9433851916540554
1440170706120342,51.7602008273,-1.261488533,111.873322,5735797.5010846425,619982.1311409822,-111.873322,30U,-7.621,2.993,-0.021,0.03251224857102545,-0.010044160241656178,-1.94289918952202
1440170706211770,51.7601939737,-1.2614842066,111.877457,5735796.746038296,619982.4478725796,-111.877457,30U,-7.632,2.982,-0.06,0.030871535878068096,-0.009506618672944861,-1.9424060016949207
1440170706303198,51.7601871095,-1.2614798879,111.88343,5735795.989800516,619982.7641009941,-111.88343,30U,-7.646,2.981,-0.052,0.02917490178344331,-0.011289433804671564,-1.9412884196401141
1440170706407959,51.7601802363,-1.2614755715,111.887833,5735795.232558111,619983.0801946371,-111.887833,30U,-7.652,2.978,-0.042,0.026543005937335332,-0.013013795086420796,-1.939574402397752
1440170706514625,51.760173351,-1.2614712814,111.892891,5735794.473926862,619983.3945054993,-111.892891,30U,-7.674,2.952,-0.049,0.024168199999509976,-0.01377460000033329,-1.9376402071753152
1440170706621291,51.760166444,-1.261467017,111.895782,5735793.712840173,619983.707100437,-111.895782,30U,-7.698,2.933,-0.003,0.0210112597948881,-0.013727087097583126,-1.9358658766947117
1440170706726053,51.7601595234,-1.2614627645,111.895569,5735792.950221519,619984.0189103069,-111.895569,30U,-7.706,2.939,-0.004,0.01855586816228316,-0.012784313951654178,-1.934100215281956
1440170706817481,51.7601525909,-1.2614585319,111.89785,5735792.18624679,619984.329378525,-111.89785,30U,-7.727,2.909,-0.023,0.014861351140280393,-0.013142379386392102,-1.9323815154433839
1440170706908909,51.7601456467,-1.2614543133,111.90023,5735791.420947933,619984.6389117162,-111.90023,30U,-7.732,2.921,-0.026,0.01251593455389262,-0.012431860710392506,-1.930510058122945
1440170707014623,51.7601386925,-1.2614500906,111.903206,5735790.654543776,619984.948754446,-111.903206,30U,-7.744,2.917,-0.028,0.014610596354812828,-0.013065490951721374,-1.9284457378360906
1440170707120336,51.7601317276,-1.261445873,111.906395,5735789.886941339,619985.2582736824,-111.906395,30U,-7.761,2.9,-0.029,0.014212842591906145,-0.015186003199438658,-1.9267416562819213
1440170707211764,51.7601247542,-1.2614417068,111.909668,5735789.118309103,619985.5642684543,-111.909668,30U,-7.754,2.86,-0.055,0.013544725990206723,-0.01770123802693751,-1.925691220010498
1440170707303192,51.760117793,-1.2614375687,111.912987,5735788.350987375,619985.868291803,-111.912987,30U,-7.719,2.86,0.017,0.013748658902880195,-0.019056265302240975,-1.9245022274777333
1440170707407953,51.7601108778,-1.261433435,111.911781,5735787.5887739165,619986.1718896427,-111.911781,30U,-7.677,2.834,0.007,0.013109122959545427,-0.016658450168778465,-1.921914005949721
1440170707514619,51.7601039982,-1.2614293706,111.910126,5735786.830405411,619986.4706108265,-111.910126,30U,-7.634,2.796,0.018,0.017340499999186607,-0.016448200000225482,-1.9204983071724406
1440170707621285,51.7600971657,-1.2614253256,111.909599,5735786.077242824,619986.7678684396,-111.909599,30U,-7.575,2.775,-0.013,0.018573782139695155,-0.017490022790791943,-1.9191698973376008
1440170707726047,51.7600903702,-1.2614213568,111.915276,5735785.328069526,619987.0597695145,-111.915276,30U,-7.556,2.709,-0.063,0.015066412404824623,-0.019675176501309365,-1.9186228225396595
1440170707817475,51.7600835863,-1.2614174332,111.918671,5735784.580111874,619987.3485206865,-111.918671,30U,-7.532,2.739,0.015,0.015224652636078126,-0.021152766744769964,-1.918592295195152
1440170707908903,51.7600768314,-1.2614134482,111.91687,5735783.835480237,619987.6414322384,-111.91687,30U,-7.504,2.751,0.014,0.01524800951351959,-0.02269644107037723,-1.9173242222826716
1440170708014617,51.7600700857,-1.2614095208,111.914078,5735783.091776952,619987.93034453,-111.914078,30U,-7.516,2.684,0.03,0.012996997009700672,-0.021463283267124596,-1.9172002616688124
1440170708120330,51.7600633279,-1.2614056198,111.908981,5735782.346684653,619988.2174671271,-111.908981,30U,-7.516,2.708,0.066,0.011048230762886531,-0.016899972462699617,-1.9173838141239732
1440170708211759,51.760056573,-1.261401672,111.901726,5735781.601991864,619988.5078117629,-111.901726,30U,-7.524,2.723,0.099,0.01009603060497537,-0.012355397666565697,-1.916404822259709
1440170708303187,51.76004982,-1.2613977455,111.898781,5735780.85747534,619988.796681536,-111.898781,30U,-7.517,2.701,-0.029,0.010126520377779686,-0.01133893288687451,-1.9161842367103472
1440170708407948,51.7600430681,-1.2613938265,111.905052,5735780.113068821,619989.0850309009,-111.905052,30U,-7.512,2.709,-0.079,0.010635807174258952,-0.013098571725141471,-1.915510325641711
1440170708514613,51.7600363181,-1.2613899266,111.912766,5735779.368842185,619989.3720572237,-111.912766,30U,-7.516,2.678,-0.073,0.007670900000577648,-0.015356799999537442,-1.9147593071659057
1440170708621279,51.7600295657,-1.2613860388,111.915092,5735778.624328761,619989.658254971,-111.915092,30U,-7.499,2.686,-0.039,0.008673767321492274,-0.014856400367249455,-1.913607911555956
1440170708726041,51.7600228239,-1.2613821343,111.919907,5735777.881021619,619989.945577155,-111.919907,30U,-7.503,2.7,-0.043,0.014075967847088172,-0.01800324387705513,-1.9124048566436083
1440170708817469,51.7600160761,-1.2613782482,111.922592,5735777.137016981,619990.2316455466,-111.922592,30U,-7.522,2.649,-0.014,0.009935274115085973,-0.024063822187552035,-1.9114195916296801
1440170708908897,51.7600093132,-1.261374434,111.923409,5735776.391214849,619990.5127922589,-111.923409,30U,-7.524,2.633,-0.004,0.004455298906295783,-0.030881841319498823,-1.9109576085268243
1440170709014611,51.7600025581,-1.2613705909,111.919159,5735775.646327688,619990.7959127455,-111.919159,30U,-7.516,2.678,0.082,0.00637543259912529,-0.03231830096974597,-1.9091706701716769
1440170709121277,51.7599957958,-1.2613667089,111.906715,5735774.9007038595,619991.0817368752,-111.906715,30U,-7.54,2.659,0.157,0.006862169184908757,-0.027772063834765992,-1.9070077053939358
1440170709227943,51.7599890032,-1.2613628952,111.888695,5735774.151598122,619991.3629280557,-111.888695,30U,-7.576,2.605,0.189,0.0015637741935170322,-0.020697074141896164,-1.9057340628041997
1440170709329609,51.759982197,-1.2613591184,111.877785,5735773.400919285,619991.6416089146,-111.877785,30U,-7.576,2.628,0.052,-0.00021131686317725173,-0.017346712509131057,-1.904187498785819
1440170709409609,51.7599753888,-1.2613552982,111.875427,5735772.650089453,619991.9232901726,-111.875427,30U,-7.581,2.646,0.009,0.003522005449876531,-0.017489478550007286,-1.9017781752340122
1440170709489608,51.7599685664,-1.2613514934,111.876968,5735771.8976551695,619992.2039464063,-111.876968,30U,-7.612,2.606,-0.014,0.006533099999355658,-0.01978509999922708,-1.9002880071670865
1440170709587941,51.7599617165,-1.2613477353,111.876656,5735771.142085893,619992.4814528748,-111.876656,30U,-7.63,2.587,0.001,0.004417909415862009,-0.021366856491069675,-1.8991034624313876
1440170709694606,51.7599548514,-1.2613439913,111.87661,5735770.384803096,619992.7580266831,-111.87661,30U,-7.645,2.593,0.01,0.004031472908877328,-0.02506499766657493,-1.897444696850263
1440170709801273,51.7599479771,-1.2613402253,111.872688,5735769.62653341,619993.0361431735,-111.872688,30U,-7.654,2.602,0.067,0.004553223630379848,-0.02635122431234686,-1.89508105174148
1440170709907938,51.7599410875,-1.261336467,111.866386,5735768.866549616,619993.3137689312,-111.866386,30U,-7.681,2.588,0.055,0.008543929475437638,-0.027084355554420438,-1.8932222392442055
1440170710014605,51.7599341781,-1.2613327307,111.85714,5735768.104327754,619993.5899290475,-111.85714,30U,-7.699,2.574,0.117,0.008943783398269232,-0.028111711722714823,-1.8918182215018233
1440170710121271,51.7599272493,-1.2613290288,111.845718,5735767.339891904,619993.8637667408,-111.845718,30U,-7.716,2.546,0.099,0.008689075557237627,-0.025209824049434507,-1.8904256361372802
1440170710227937,51.7599203075,-1.2613253388,111.836823,5735766.573990808,619994.136817761,-111.836823,30U,-7.73,2.561,0.09,0.009682505272021481,-0.0209202942570371,-1.8891983398582597
1440170710331746,51.7599133619,-1.2613216201,111.826782,5735765.807714362,619994.4118595131,-111.826782,30U,-7.733,2.561,0.073,0.010702749855423178,-0.017291513349142702,-1.887167156008611
1440170710423174,51.7599064052,-1.2613179506,111.823051,5735765.04012259,619994.6835354907,-111.823051,30U,-7.744,2.522,-0.005,0.010523612975059125,-0.016665681617648195,-1.8857550701152421
1440170710514602,51.7598994449,-1.2613142954,111.825554,5735764.272106964,619994.9542342478,-111.825554,30U,-7.752,2.529,-0.021,0.009999000000849799,-0.01774239999942558,-1.8845869071795285
1440170710621268,51.759892472,-1.2613106423,111.826698,5735763.502686696,619995.2248215675,-111.826698,30U,-7.761,2.52,-0.015,0.013310683137243389,-0.019113224206155615,-1.8832034442321066
1440170710726029,51.759885492,-1.2613069978,111.826393,5735762.732462728,619995.4948343028,-111.826393,30U,-7.773,2.508,0.004,0.013136388723503544,-0.021376950459681587,-1.8819710298972274
1440170710817457,51.7598785027,-1.2613033776,111.824631,5735761.961164573,619995.7631948333,-111.824631,30U,-7.778,2.493,0.004,0.010631025937275563,-0.022996633071361756,-1.880646619641448
1440170710908885,51.7598715015,-1.2612997829,111.821968,5735761.1885011215,619996.0298272377,-111.821968,30U,-7.795,2.483,0.064,0.009531664430454317,-0.023815144396254227,-1.8793060141613802
1440170711000313,51.7598644937,-1.2612961766,111.815018,5735760.415122806,619996.2972777315,-111.815018,30U,-7.803,2.491,0.073,0.009280700943750785,-0.023431095698653807,-1.8777694156239626
1440170711091741,51.7598574732,-1.2612925887,111.807983,5735759.640301912,619996.5634921904,-111.807983,30U,-7.816,2.461,0.082,0.006454807185502313,-0.02354223157557378,-1.8769298897040991
1440170711194598,51.7598504467,-1.2612890313,111.804321,5735758.864763609,619996.8276178315,-111.804321,30U,-7.816,2.463,0.029,0.007635144925467233,-0.024887563414237392,-1.8768444815284608
1440170711301264,51.7598434236,-1.2612854385,111.799385,5735758.089661667,619997.0941774823,-111.799385,30U,-7.812,2.492,0.057,0.01184164760067683,-0.025517247469618157,-1.876489642635042
1440170711407930,51.7598363977,-1.2612818491,111.792831,5735757.314242768,619997.3605099986,-111.792831,30U,-7.828,2.454,0.081,0.008707782196873366,-0.025696487582716806,-1.8762563513854316
1440170711514596,51.7598293586,-1.2612783077,111.785271,5735756.5372769805,619997.6235651128,-111.785271,30U,-7.837,2.454,0.071,0.007368900000803684,-0.024535300000221156,-1.876246507169945
1440170711621262,51.7598223258,-1.261274712,111.777802,5735755.76110115,619997.8903508354,-111.777802,30U,-7.82,2.506,0.08,0.009636210542766697,-0.024599920351518662,-1.8750785175628795
1440170711727928,51.7598152924,-1.2612711079,111.770203,5735754.984872429,619998.157717908,-111.770203,30U,-7.833,2.46,0.069,0.008812520955137923,-0.02403760367175967,-1.8740720243885116
1440170711834594,51.7598082477,-1.2612675758,111.764336,5735754.207268626,619998.4201463008,-111.764336,30U,-7.845,2.431,0.051,0.006242517493253292,-0.02187851720411236,-1.8742080347206203
1440170711937450,51.7598012029,-1.2612640392,111.75679,5735753.429661119,619998.6828855772,-111.75679,30U,-7.836,2.461,0.071,0.004532197125282297,-0.01848248279889806,-1.874013979676872
1440170712028878,51.7597941634,-1.2612604829,111.750244,5735752.652675434,619998.9469703727,-111.750244,30U,-7.834,2.443,0.047,0.003373065748339674,-0.016345569262848792,-1.873364789678654
1440170712120306,51.7597871243,-1.261256953,111.74987,5735751.875690807,619999.2092323174,-111.74987,30U,-7.832,2.436,-0.026,0.002682032914220371,-0.01700008284864332,-1.8733598367658493
1440170712211735,51.759780089,-1.2612534153,111.751968,5735751.099141611,619999.4720225383,-111.751968,30U,-7.822,2.458,-0.019,0.004108257540090793,-0.018363431314513554,-1.8730719158379872
1440170712303163,51.759773059,-1.2612498659,111.753563,5735750.3232010715,619999.7356061983,-111.753563,30U,-7.824,2.445,0.005,0.005656099081887961,-0.01968042525614883,-1.8722352934827742
1440170712407924,51.7597660264,-1.261246336,111.752571,5735749.5469393255,619999.9978511301,-111.752571,30U,-7.83,2.429,0.016,0.005045312259587908,-0.02103782617050836,-1.8713749689105472
1440170712514590,51.7597589913,-1.2612428264,111.749924,5735748.770366176,620000.2587018618,-111.749924,30U,-7.829,2.427,0.02,0.007153099999388626,-0.02264619999984004,-1.8704036071719867
1440170712606018,51.7597519518,-1.2612393116,111.748116,5735747.993312288,620000.519923185,-111.748116,30U,-7.838,2.426,0.034,0.007376730814937168,-0.0262682508256363,-1.8694728606762903
1440170712697446,51.7597449057,-1.2612358115,111.742821,5735747.2155002635,620000.7801476344,-111.742821,30U,-7.842,2.412,0.056,0.010049314476444667,-0.02820453338506406,-1.8686521343784788
1440170712801255,51.7597378567,-1.2612323153,111.735756,5735746.437359337,620001.0401107059,-111.735756,30U,-7.845,2.422,0.088,0.014418146551464181,-0.027980662522166192,-1.8680395118206168
1440170712907921,51.7597308053,-1.2612288108,111.724518,5735745.658965185,620001.3006529986,-111.724518,30U,-7.855,2.41,0.119,0.01425520821849555,-0.02451358977984243,-1.8670514767422728
1440170713014587,51.7597237448,-1.2612253383,111.713577,5735744.879506416,620001.5590111709,-111.713577,30U,-7.856,2.401,0.106,0.01622828804148997,-0.022737772357256034,-1.866352787356419
1440170713121253,51.7597166856,-1.2612218556,111.705406,5735744.100209009,620001.8180698717,-111.705406,30U,-7.85,2.404,0.074,0.017554487175976838,-0.02144560259660036,-1.865189607632426
1440170713227919,51.7597096278,-1.2612183839,111.702072,5735743.321049208,620002.0763658225,-111.702072,30U,-7.864,2.379,0.017,0.014773111696765264,-0.020468521846922848,-1.8642845753169448
1440170713334585,51.7597025606,-1.2612149461,111.697899,5735742.540788299,620002.3323473268,-111.697899,30U,-7.86,2.385,0.04,0.01556292924152294,-0.019323884684162445,-1.8638768934562828
1440170713441251,51.7596954964,-1.261211494,111.694206,5735741.760884551,620002.5893077943,-111.694206,30U,-7.857,2.38,0.044,0.01710194825914301,-0.01867428282663816,-1.8632582345550295
1440170713539584,51.7596884346,-1.261208057,111.694084,5735740.981222868,620002.8452199174,-111.694084,30U,-7.859,2.371,-0.001,0.0166493999995617,-0.0212835999992209,-1.86308570717022
1440170713619584,51.759681369,-1.2612046239,111.692688,5735740.201132194,620003.1008730488,-111.692688,30U,-7.856,2.375,0.022,0.0171777403355735,-0.022806933123261416,-1.8627827773009087
1440170713699583,51.7596743061,-1.26120119,111.689674,5735739.421343109,620003.3565743008,-111.689674,30U,-7.859,2.375,0.048,0.01825393154937697,-0.02184671075317501,-1.862437240593524
1440170713801249,51.7596672433,-1.2611977511,111.6828,5735738.64157338,620003.6126204114,-111.6828,30U,-7.86,2.375,0.077,0.021116534671174976,-0.01840153488023084,-1.8620894998843596
1440170713907916,51.7596601818,-1.2611943126,111.676018,5735737.8619475765,620003.8686355423,-111.676018,30U,-7.853,2.381,0.055,0.026802145740060408,-0.015704617094781773,-1.8619906985058268
1440170714014581,51.7596531253,-1.2611908797,111.674103,5735737.082868601,620004.1242510318,-111.674103,30U,-7.854,2.366,-0.003,0.02780886989304675,-0.01556629693110915,-1.8623331675527053
1440170714120294,51.7596460644,-1.2611874684,111.67746,5735736.303264792,620004.378387639,-111.67746,30U,-7.85,2.366,-0.028,0.029192691713324045,-0.01843011355939212,-1.8626573878208972
1440170714211722,51.7596390066,-1.2611840473,111.680954,5735735.524021859,620004.6331923985,-111.680954,30U,-7.849,2.373,-0.004,0.028920601625145034,-0.020734665696078753,-1.862579820344937
1440170714303151,51.75963195,-1.2611806168,111.682457,5735734.744927853,620004.8886427436,-111.682457,30U,-7.846,2.378,-0.007,0.029910657618484784,-0.02156120532434556,-1.8622531652202654
1440170714407912,51.7596248863,-1.2611772023,111.682404,5735733.96501797,620005.1430078222,-111.682404,30U,-7.849,2.367,0.061,0.031131272712551727,-0.022351513674887524,-1.862110920956041
1440170714514578,51.7596178226,-1.2611737947,111.679581,5735733.185096742,620005.3968968033,-111.679581,30U,-7.85,2.365,0.05,0.030025299999753022,-0.021261800000850782,-1.8622037071794801
1440170714621244,51.7596107502,-1.2611703932,111.678871,5735732.4041979965,620005.6503879608,-111.678871,30U,-7.846,2.371,0.064,0.0327694580378525,-0.02030859493820686,-1.8624656388806897
1440170714726006,51.7596036771,-1.2611669865,111.677658,5735731.623229976,620005.904239899,-111.677658,30U,-7.847,2.366,0.063,0.032879986257449444,-0.018007632940300923,-1.8629088003354386
1440170714817434,51.759596607,-1.2611635764,111.678398,5735730.842601179,620006.15831859,-111.678398,30U,-7.841,2.372,0.014,0.032869992210682535,-0.0162060654605107,-1.863404845057084
1440170714908862,51.759589542,-1.2611601516,111.682205,5735730.062563736,620006.4133982802,-111.682205,30U,-7.837,2.388,0.004,0.036728654073368595,-0.018630174872763083,-1.8636345027755374
1440170715014576,51.7595824869,-1.2611567013,111.685867,5735729.283669209,620006.670211554,-111.685867,30U,-7.827,2.393,-0.007,0.038747090978893096,-0.020390910542254507,-1.8639106001449148
1440170715120289,51.7595754308,-1.2611532603,111.690102,5735728.504648185,620006.926385756,-111.690102,30U,-7.829,2.379,0.007,0.04151570367162695,-0.020953305979995996,-1.8646638842849825
1440170715211717,51.7595683791,-1.2611498185,111.688835,5735727.726117798,620007.1826035718,-111.688835,30U,-7.814,2.396,0.062,0.04367792323566505,-0.019142923158058545,-1.865452957116947
1440170715303145,51.7595613441,-1.2611463587,111.687004,5735726.9494741885,620007.4400193633,-111.687004,30U,-7.787,2.387,0.023,0.04387093826389196,-0.018074663833896203,-1.865592406288734
1440170715407906,51.7595543339,-1.2611429177,111.689568,5735726.175557572,620007.6960720742,-111.689568,30U,-7.751,2.379,0.001,0.04491349050085665,-0.018439990522491487,-1.8661479971415076
1440170715514572,51.7595473642,-1.2611394575,111.692238,5735725.406176421,620007.953342465,-111.692238,30U,-7.714,2.389,-0.014,0.04866820000002456,-0.018292000000815038,-1.866591307176136
1440170715621238,51.7595404219,-1.2611360146,111.69519,5735724.639813867,620008.2093463955,-111.69519,30U,-7.686,2.35,0.007,0.043576739182506714,-0.020419513008508163,-1.8673494983617553
1440170715726000,51.7595335062,-1.2611326083,111.697205,5735723.876349192,620008.462754084,-111.697205,30U,-7.656,2.35,-0.001,0.0428860356937626,-0.022853989037726886,-1.8683500554793508
1440170715817428,51.7595266414,-1.2611291563,111.697495,5735723.11862013,620008.7191806502,-111.697495,30U,-7.613,2.39,0.021,0.046370047757066844,-0.02426791749264044,-1.8684982715097835
1440170715908856,51.7595198028,-1.2611256981,111.69101,5735722.36381489,620008.9759656786,-111.69101,30U,-7.612,2.35,0.034,0.045545657342948916,-0.023903724611815145,-1.869347813560065
1440170716014570,51.7595129636,-1.261122306,111.682877,5735721.608834171,620009.2281907811,-111.682877,30U,-7.6,2.336,0.092,0.04308641507942709,-0.023931174115310268,-1.8712819743471556
1440170716120283,51.7595061387,-1.2611188894,111.673683,5735720.855484027,620009.4820687895,-111.673683,30U,-7.572,2.372,0.044,0.0422127313923316,-0.02208386079137106,-1.872418594191644
1440170716211712,51.7594993324,-1.2611154174,111.669754,5735720.104293497,620009.7397207239,-111.669754,30U,-7.56,2.396,0.085,0.044936387201296876,-0.021709429346641322,-1.8729410290944306
1440170716303140,51.7594925172,-1.2611119617,111.66243,5735719.352086424,620009.9962714581,-111.66243,30U,-7.566,2.374,0.061,0.047109494387517645,-0.01986133430369278,-1.8745092255613185
1440170716407901,51.7594856923,-1.2611085029,111.661705,5735718.598805759,620010.2530619152,-111.661705,30U,-7.557,2.39,0.026,0.04718204076938597,-0.021048233659595125,-1.876417482398544
1440170716514566,51.7594788754,-1.2611050196,111.66246,5735717.846455074,620010.5115219865,-111.66246,30U,-7.547,2.409,0.018,0.04673689999956407,-0.022010299999706856,-1.877814507165119
1440170716621232,51.759472061,-1.2611015164,111.663116,5735717.094415163,620010.7713488067,-111.663116,30U,-7.547,2.423,0.034,0.048158305481645076,-0.022273663703425286,-1.878845474166563
1440170716725994,51.7594652522,-1.2610979883,111.660431,5735716.343038996,620011.0328792084,-111.660431,30U,-7.547,2.438,0.068,0.05049457676440921,-0.022245981327629394,-1.880152553774109
1440170716817422,51.7594584662,-1.2610944386,111.653885,5735715.594233888,620011.2958398516,-111.653885,30U,-7.55,2.443,0.067,0.0499580654077048,-0.02158798951007515,-1.8814749884742548
1440170716908850,51.7594516907,-1.2610908998,111.64621,5735714.8465785235,620011.5580205093,-111.64621,30U,-7.555,2.44,0.045,0.04765061095776905,-0.019948562906610363,-1.8829994240913677
1440170717014564,51.7594449142,-1.2610873353,111.637909,5735714.098854258,620011.8219774595,-111.637909,30U,-7.552,2.468,0.057,0.047971838316161086,-0.016582864123230186,-1.8839649738137056
1440170717121230,51.7594381355,-1.2610837338,111.630928,5735713.350946235,620012.0884937048,-111.630928,30U,-7.546,2.491,0.04,0.05013991421382186,-0.014606376895682425,-1.8844045980969264
1440170717227896,51.7594313496,-1.2610801335,111.628242,5735712.602235566,620012.3549463014,-111.628242,30U,-7.557,2.474,-0.001,0.05121322727496905,-0.015468551953248763,-1.884953806437705
1440170717329562,51.7594245483,-1.2610765412,111.630478,5735711.851799169,620012.6208877227,-111.630478,30U,-7.554,2.477,-0.022,0.0510250878309889,-0.017079749699130235,-1.8856606104875697
1440170717409561,51.7594177345,-1.261072937,111.635506,5735711.099992289,620012.8876835892,-111.635506,30U,-7.54,2.487,-0.014,0.05151239915544037,-0.017611362155734396,-1.886046229361905
1440170717489560,51.7594109333,-1.2610693204,111.639038,5735710.349607026,620013.1553018475,-111.639038,30U,-7.529,2.486,0.028,0.05227890000023598,-0.01756229999925639,-1.8863038071647626
1440170717587893,51.7594041403,-1.2610657267,111.639938,5735709.600095985,620013.4213180933,-111.639938,30U,-7.504,2.482,0.003,0.05323435399990624,-0.016560159166406917,-1.8868737309056995
1440170717694559,51.7593973786,-1.2610621401,111.642776,5735708.854054034,620013.6867614376,-111.642776,30U,-7.484,2.463,0.001,0.049305744269610055,-0.0157693076851097,-1.8871801756237785
1440170717801226,51.7593906683,-1.2610585672,111.64267,5735708.113705559,620013.9511231121,-111.64267,30U,-7.462,2.466,-0.001,0.05156319247258751,-0.01615699433478567,-1.8873140411731295
1440170717907892,51.7593840084,-1.2610549646,111.638603,5735707.379010769,620014.2174008257,-111.638603,30U,-7.428,2.491,-0.003,0.05534558748216264,-0.016397655811375787,-1.8872899313519218
1440170718014558,51.7593773639,-1.2610513826,111.636276,5735706.645994672,620014.4822161556,-111.636276,30U,-7.426,2.441,-0.024,0.05672735594002827,-0.01637394306304517,-1.887458778099138
1440170718121224,51.7593707153,-1.2610478553,111.635269,5735705.912432631,620014.7432675475,-111.635269,30U,-7.404,2.441,-0.005,0.058313319537560804,-0.01737728415882124,-1.8884277797685776
1440170718227890,51.7593640884,-1.2610442809,111.633286,5735705.181361285,620015.0075118677,-111.633286,30U,-7.377,2.475,-0.004,0.06215588631073352,-0.0197575149744062,-1.8880233833855122
1440170718331699,51.7593574647,-1.2610407009,111.63398,5735704.45065503,620015.2721342308,-111.63398,30U,-7.36,2.456,-0.006,0.06580979821627272,-0.024464404221604993,-1.8879451859329583
1440170718423127,51.7593508272,-1.2610371561,111.636391,5735703.718356215,620015.534364086,-111.636391,30U,-7.349,2.432,0.027,0.06454540691702425,-0.026750680837670408,-1.8887252128979428
1440170718514555,51.7593442039,-1.2610336245,111.636398,5735702.987614823,620015.7956454142,-111.636398,30U,-7.335,2.437,0.076,0.06440769999921893,-0.02715019999937015,-1.8896589071674794
1440170718621221,51.7593375892,-1.2610300859,111.62989,5735702.257841337,620016.0573870828,-111.62989,30U,-7.31,2.452,0.117,0.06587094972393655,-0.025125214765099824,-1.890550188347943
1440170718725982,51.7593310067,-1.2610265408,111.62458,5735701.531659405,620016.3194920031,-111.62458,30U,-7.291,2.452,0.077,0.06684866511896334,-0.024325598767388525,-1.891883469990137
1440170718817410,51.7593244847,-1.2610230106,111.617493,5735700.81218095,620016.5804083021,-111.617493,30U,-7.274,2.43,0.06,0.06595532800870876,-0.024589129582892177,-1.8930440477772814
1440170718908838,51.7593180111,-1.2610194838,111.605003,5735700.098079299,620016.8409616875,-111.605003,30U,-7.243,2.44,0.074,0.06327748686746087,-0.021284224827093117,-1.8944936205330032
1440170719000266,51.7593115609,-1.2610159339,111.594231,5735699.386617904,620017.1030472361,-111.594231,30U,-7.219,2.453,0.054,0.06349445536331948,-0.01781878898544157,-1.8957628803566415
1440170719091694,51.7593051143,-1.2610123819,111.584831,5735698.675560319,620017.3652682299,-111.584831,30U,-7.191,2.454,0.03,0.06360657503346959,-0.016803584211297275,-1.8975194092293663
1440170719194551,51.7592986886,-1.2610088384,111.580833,5735697.966812973,620017.626847278,-111.580833,30U,-7.156,2.458,-0.016,0.06461589892418994,-0.017851675898160328,-1.8996505153603531
1440170719301217,51.7592922826,-1.2610052667,111.584099,5735697.260302811,620017.8903202564,-111.584099,30U,-7.129,2.466,-0.041,0.06229929441460834,-0.019518250616429013,-1.9013851600208258
1440170719407883,51.7592858835,-1.2610016811,111.588036,5735696.554582859,620018.1547342548,-111.588036,30U,-7.097,2.489,0.029,0.06261402306047452,-0.01983905636959628,-1.9025060176746664
1440170719514549,51.7592795179,-1.2609980969,111.588814,5735695.852586031,620018.4189628717,-111.588814,30U,-7.08,2.464,0.047,0.06054570000060688,-0.018647799999929198,-1.903001807176815
1440170719621215,51.7592731635,-1.2609945397,111.591537,5735695.151790296,620018.6812985645,-111.591537,30U,-7.051,2.481,0.003,0.06516595302883484,-0.01976980527058481,-1.9035415652229193
1440170719727881,51.7592668489,-1.2609909464,111.592865,5735694.455479991,620018.9460200726,-111.592865,30U,-7.03,2.496,0.022,0.07153469763971289,-0.0212260712819574,-1.9028916281016084
1440170719834547,51.7592605787,-1.2609873753,111.588966,5735693.764070732,620019.209091868,-111.588966,30U,-7.029,2.445,0.016,0.07529444392871859,-0.025167087018525613,-1.9026926064093144
1440170719937403,51.7592543278,-1.2609838673,111.578308,5735693.074703924,620019.4677579692,-111.578308,30U,-7.03,2.409,0.069,0.06910352330220004,-0.02409467841317676,-1.903054196009387
1440170720028831,51.7592480761,-1.260980371,111.564789,5735692.385228913,620019.7256188301,-111.564789,30U,-7.016,2.426,0.068,0.06614387416676448,-0.01652849019156409,-1.902370819810778
1440170720120259,51.7592418147,-1.2609768269,111.551613,5735691.694753873,620019.9868041968,-111.551613,30U,-6.999,2.468,0.11,0.06827096249745336,-0.01025351159182432,-1.9008096154121261
1440170720211688,51.7592355659,-1.2609732777,111.540794,5735691.005688441,620020.248308171,-111.540794,30U,-6.987,2.428,0.009,0.06942087015487439,-0.007513522921905717,-1.8999819185659883
1440170720303116,51.7592293358,-1.2609697965,111.544991,5735690.3185906755,620020.5050698849,-111.544991,30U,-6.946,2.4,-0.123,0.07045063367500466,-0.012322178966756135,-1.9009370654802127
1440170720407877,51.759223159,-1.2609663291,111.553879,5735689.637397512,620020.7607379712,-111.553879,30U,-6.898,2.391,-0.091,0.0671479642793157,-0.017402265237919275,-1.9004944591448856
1440170720514543,51.7592170251,-1.2609629108,111.556213,5735688.960894309,620021.0129039239,-111.556213,30U,-6.835,2.335,-0.041,0.060623499999801975,-0.01919779999936729,-1.900414407175282
1440170720605971,51.7592109757,-1.2609595673,111.552452,5735688.29366496,620021.2596838449,-111.552452,30U,-6.662,2.31,0.02,0.06001043750377676,-0.02047408001547743,-1.901209681790397
1440170720697399,51.7592051024,-1.260956263,111.546638,5735687.645954548,620021.5032916076,-111.546638,30U,-6.456,2.259,-0.008,0.05997012108571542,-0.021566833595794883,-1.9012267552818185
1440170720801208,51.7591993988,-1.2609530722,111.545464,5735687.016929079,620021.7386166721,-111.545464,30U,-6.26,2.172,-0.042,0.06217213771368002,-0.02571931054299613,-1.9024776624098672
1440170720907874,51.7591938699,-1.2609499772,111.541779,5735686.407173713,620021.9668672652,-111.541779,30U,-6.061,2.122,0.03,0.06136817965094902,-0.027102416156942897,-1.9042741595842616
1440170721014540,51.7591885085,-1.2609469562,111.53569,5735685.815923638,620022.1895669142,-111.53569,30U,-5.881,2.061,0.036,0.05787048447334449,-0.023655049068501407,-1.9044515325964864
1440170721121206,51.7591832922,-1.2609440381,111.534706,5735685.240640271,620022.4047806024,-111.534706,30U,-5.715,1.984,-0.026,0.05809902111271442,-0.0216217961449872,-1.9053762967667323
1440170721227872,51.7591782286,-1.2609411783,111.533798,5735684.682242178,620022.615566057,-111.533798,30U,-5.541,1.976,0.038,0.05955572423307153,-0.02233805780245587,-1.9062657528563969
1440170721334538,51.7591733087,-1.2609383411,111.526611,5735684.139787251,620022.824410832,-111.526611,30U,-5.381,1.929,0.017,0.06128056984019753,-0.023122623079026308,-1.9055627203757797
1440170721441204,51.7591685251,-1.2609356349,111.527641,5735683.612274172,620023.0238537644,-111.527641,30U,-5.248,1.818,-0.004,0.05604454276543715,-0.022585293991934114,-1.906457810772242
1440170721539537,51.7591638673,-1.2609330522,111.531235,5735683.098547616,620023.2144402771,-111.531235,30U,-5.098,1.779,-0.039,0.053075400000547175,-0.020614600000865915,-1.9076813071727752
1440170721619537,51.7591593585,-1.2609304621,111.533005,5735682.601402987,620023.4051423741,-111.533005,30U,-4.938,1.789,-0.003,0.05401201214294322,-0.01950763254638668,-1.9071046363903756
1440170721699536,51.7591549786,-1.2609279199,111.529427,5735682.118514034,620023.5921970495,-111.529427,30U,-4.805,1.722,0.036,0.05898492580641722,-0.02011463307060608,-1.9071398309372887
1440170721801202,51.7591507268,-1.2609254666,111.519753,5735681.649724317,620023.7727769772,-111.519753,30U,-4.654,1.66,0.048,0.06223916060843133,-0.021018538735912105,-1.9079732475066382
1440170721907869,51.7591466077,-1.2609231373,111.512482,5735681.195487622,620023.9444476679,-111.512482,30U,-4.512,1.56,-0.041,0.057158747042654875,-0.02145632338974115,-1.9093545183205198
1440170722014534,51.7591426184,-1.2609209161,111.515381,5735680.755507613,620024.1083140844,-111.515381,30U,-4.358,1.529,-0.057,0.0529484881989835,-0.023048847889371463,-1.909946899806354
1440170722120247,51.7591387758,-1.260918707,111.521057,5735680.331821665,620024.2709564583,-111.521057,30U,-4.198,1.516,-0.043,0.05104128762105875,-0.02468585150808624,-1.9092493200310259
1440170722211676,51.7591350644,-1.2609165478,111.522812,5735679.922643874,620024.4298072773,-111.522812,30U,-4.067,1.468,0.025,0.05204477629140438,-0.0252575917126596,-1.909176971560768
1440170722303104,51.7591314757,-1.2609144559,111.517227,5735679.52700035,620024.5836882902,-111.517227,30U,-3.923,1.423,0.073,0.05615554529222095,-0.024010056307653387,-1.9096579451548825
1440170722407865,51.7591280103,-1.2609124501,111.51136,5735679.144926875,620024.7313004986,-111.51136,30U,-3.79,1.349,0.04,0.05637573041941902,-0.022182239325495255,-1.910138593157825
1440170722514531,51.7591246618,-1.2609105476,111.510094,5735678.7756834235,620024.8714738803,-111.510094,30U,-3.66,1.283,-0.01,0.05249999999935733,-0.02139820000040425,-1.9106940071738387
1440170722621197,51.7591214312,-1.2609087251,111.511955,5735678.419419545,620025.0058137403,-111.511955,30U,-3.528,1.244,-0.013,0.04880389742950494,-0.02195024935672338,-1.9110072244326406
1440170722725959,51.7591183226,-1.2609069355,111.512657,5735678.076668697,620025.1375596188,-111.512657,30U,-3.393,1.224,-0.001,0.04837995360665401,-0.02304581712512537,-1.9108811102221106
1440170722817387,51.7591153307,-1.2609051973,111.512802,5735677.746811045,620025.2654488672,-111.512802,30U,-3.264,1.182,0.002,0.05059731132967778,-0.024839502701504246,-1.9112800797656662
1440170722908815,51.7591124526,-1.2609035152,111.511101,5735677.429516352,620025.3891648237,-111.511101,30U,-3.14,1.146,0.036,0.053546161196733374,-0.025000797138521023,-1.9113291626479287
1440170723014529,51.7591096883,-1.2609018914,111.508179,5735677.124780996,620025.508555661,-111.508179,30U,-3.013,1.097,0.024,0.055713205271448345,-0.02413516863287035,-1.911583049393578
1440170723120242,51.7591070318,-1.2609003622,111.506958,5735676.831878001,620025.6211321902,-111.506958,30U,-2.9,1.018,-0.006,0.05453892840198647,-0.02295142651475301,-1.9127286230389282
1440170723211670,51.7591044781,-1.260898909,111.508278,5735676.550281945,620025.7281912734,-111.508278,30U,-2.782,0.999,-0.009,0.05363933967943089,-0.023660535221280397,-1.9131806059985823
1440170723303098,51.7591020256,-1.2608974878,111.50827,5735676.27988731,620025.8327736387,-111.50827,30U,-2.677,0.958,0.007,0.051416246078428096,-0.024696271806144383,-1.9132489902152439
1440170723407859,51.7590996635,-1.2608961336,111.50676,5735676.019435465,620025.9324925384,-111.50676,30U,-2.576,0.922,0.022,0.05086872879588834,-0.02507821668037379,-1.9142912374192695
1440170723514525,51.7590973978,-1.2608948135,111.504425,5735675.769647794,620026.0296025241,-111.504425,30U,-2.465,0.9,0.028,0.05028539999952615,-0.02530360000022288,-1.9148428071730732
1440170723621191,51.7590952323,-1.2608935425,111.500633,5735675.530922194,620026.1230583498,-111.500633,30U,-2.352,0.856,0.049,0.04933979554208737,-0.024832393181336062,-1.9150004081181466
1440170723725953,51.759093173,-1.2608923368,111.496666,5735675.303899242,620026.211726127,-111.496666,30U,-2.229,0.808,0.022,0.04876297970188305,-0.023990844925779287,-1.9149280653725687
1440170723817381,51.7590912256,-1.2608911991,111.495567,5735675.089208373,620026.2954044054,-111.495567,30U,-2.101,0.771,0.007,0.050614115656421946,-0.024446343194967527,-1.915231253253904
1440170723908809,51.7590893968,-1.2608901009,111.494354,5735674.887641568,620026.3760422327,-111.494354,30U,-1.967,0.747,0.02,0.05356538156705312,-0.02483849821914116,-1.9155387150276975
1440170724014523,51.7590876913,-1.2608890603,111.493004,5735674.699691711,620026.4523780429,-111.493004,30U,-1.83,0.685,-0.001,0.05487437167657551,-0.024925245083259925,-1.9158455186727374
1440170724120236,51.7590861033,-1.2608881312,111.493843,5735674.5246251,620026.520707521,-111.493843,30U,-1.702,0.607,-0.01,0.05520277718322725,-0.025338712457320015,-1.9165547614886191
1440170724211664,51.7590846373,-1.2608872877,111.49427,5735674.36298479,620026.5828061175,-111.49427,30U,-1.559,0.562,0.003,0.053615629688720495,-0.025630418515637694,-1.9167581978865362
1440170724303092,51.7590833001,-1.260886511,111.493355,5735674.215557921,620026.6399532069,-111.493355,30U,-1.418,0.513,0.017,0.05268355704124379,-0.02571804676055674,-1.9167890716090867
1440170724407853,51.7590820841,-1.2608858011,111.491158,5735674.081499324,620026.6921689429,-111.491158,30U,-1.286,0.471,0.023,0.0525178168875937,-0.02526282351686137,-1.9173590161718017
1440170724514519,51.7590809845,-1.260885153,111.488838,5735673.96028344,620026.7398111095,-111.488838,30U,-1.161,0.425,0.026,0.05186869999947269,-0.025109100000489822,-1.917827907165664
1440170724621185,51.7590799937,-1.2608845777,111.486687,5735673.851046994,620026.782140738,-111.486687,30U,-1.041,0.373,0.015,0.05005892567610696,-0.025230316443638382,-1.9181131939378993
1440170724725947,51.7590791218,-1.2608840653,111.485634,5735673.754929466,620026.8198142548,-111.485634,30U,-0.9,0.337,0.01,0.04955895764454437,-0.024999826068741144,-1.917841791574023
1440170724817375,51.7590783733,-1.2608836063,111.484718,5735673.672446919,620026.8534753295,-111.484718,30U,-0.765,0.298,0.01,0.051515599448752704,-0.02386859116189777,-1.9175730673655236
1440170724908803,51.7590777428,-1.260883211,111.483711,5735673.602981884,620026.8824274682,-111.483711,30U,-0.638,0.251,0.012,0.0546285380947707,-0.02270836862954141,-1.9178161397020614
1440170725014517,51.7590772229,-1.2608828847,111.482475,5735673.5457027145,620026.9063245361,-111.482475,30U,-0.52,0.204,0.015,0.05749623989054579,-0.02197705677976663,-1.917920071318851
1440170725121183,51.7590768001,-1.2608826222,111.48069,5735673.4991166815,620026.9255611922,-111.48069,30U,-0.425,0.159,0.02,0.0585924960133141,-0.021131438238370624,-1.917640957008235
1440170725227849,51.7590764514,-1.2608824218,111.478851,5735673.460668839,620026.9403157508,-111.478851,30U,-0.352,0.122,0.016,0.05836294251196072,-0.020206628113605653,-1.9175946755714077
1440170725329515,51.7590761649,-1.2608822605,111.477386,5735673.429073683,620026.9522070253,-111.477386,30U,-0.286,0.105,0.014,0.05759892617302593,-0.01934446894900748,-1.9177054714110657
1440170725409514,51.7590759353,-1.2608821201,111.476181,5735673.403771769,620026.9625050712,-111.476181,30U,-0.226,0.091,0.011,0.05721022850996481,-0.018681645683092604,-1.9175360462442819
1440170725489513,51.7590757542,-1.2608820039,111.475159,5735673.383823536,620026.9710044287,-111.475159,30U,-0.176,0.07,0.011,0.05744610000023599,-0.018390300000358878,-1.9174235071697672
1440170725587846,51.7590756163,-1.2608819171,111.473991,5735673.368631033,620026.9773602956,-111.473991,30U,-0.131,0.051,0.012,0.057753334724147565,-0.018120436533426387,-1.9175200367579321
1440170725694512,51.7590755185,-1.2608818559,111.47303,5735673.357855773,620026.9818431353,-111.47303,30U,-0.086,0.034,0.007,0.057710687726048135,-0.017822722397324874,-1.9174804876843485
1440170725801179,51.7590754603,-1.2608818204,111.472504,5735673.351441989,620026.9844473726,-111.472504,30U,-0.043,0.018,0.005,0.057618522344149554,-0.01779185510107671,-1.917409779596695
1440170725907844,51.7590754385,-1.2608818064,111.47184,5735673.34904073,620026.9854713411,-111.47184,30U,-0.006,0.005,0.009,0.05755230028674419,-0.01769381981212986,-1.917452298068748
1440170726014511,51.7590754471,-1.2608818074,111.471146,5735673.34999546,620026.9853795221,-111.471146,30U,0.02,-0.002,0.007,0.05765449803236808,-0.01751441618087892,-1.9174506285216923
1440170726121177,51.7590754592,-1.2608818096,111.47052,5735673.351337435,620026.9851956095,-111.47052,30U,0.005,0.0,0.005,0.05782459391522058,-0.01710436302164691,-1.9173862857021804
1440170726227843,51.7590754582,-1.2608818081,111.470222,5735673.351228696,620026.985301778,-111.470222,30U,-0.002,0.001,0.001,0.057742157068385785,-0.016776428533981726,-1.917422297970755
1440170726331652,51.7590754599,-1.2608818089,111.4702,5735673.35141643,620026.9852420605,-111.4702,30U,0.007,-0.001,0.002,0.05763398769967016,-0.016972624651663194,-1.9174405612007672
1440170726423080,51.7590754656,-1.260881812,111.469688,5735673.352045206,620026.9850130107,-111.469688,30U,0.005,-0.001,0.008,0.05754664490335028,-0.01696612351836567,-1.917405046961895
1440170726514508,51.7590754675,-1.2608818115,111.469269,5735673.352257321,620026.9850424767,-111.469269,30U,0.002,0.003,0.001,0.05759379999964115,-0.01682790000055505,-1.91743470717447
1440170726621174,51.7590754673,-1.2608818082,111.469566,5735673.35224051,620026.9852707443,-111.469566,30U,0.002,0.003,0.003,0.057619959270232064,-0.017080324547753985,-1.9174089448580733
1440170726725935,51.7590754687,-1.260881808,111.469437,5735673.352396527,620026.9852808337,-111.469437,30U,0.004,-0.0,0.006,0.05770644689187038,-0.017002942748646294,-1.9173822775361
1440170726817363,51.7590754704,-1.2608818106,111.469414,5735673.352581301,620026.9850968964,-111.469414,30U,0.003,-0.001,0.003,0.0576392224499877,-0.01693407146644131,-1.9174192408345836
1440170726908791,51.7590754695,-1.2608818114,111.469498,5735673.352479897,620026.9850440739,-111.469498,30U,0.0,0.002,0.004,0.05759153250103821,-0.017018924662284295,-1.9174077325000152
1440170727000219,51.7590754687,-1.2608818116,111.469482,5735673.352390602,620026.9850323935,-111.469482,30U,0.003,0.001,0.005,0.05761142861222978,-0.01701945916587706,-1.9173858122467142
1440170727091647,51.7590754694,-1.2608818113,111.469322,5735673.352468942,620026.98505124,-111.469322,30U,0.003,0.001,0.005,0.05763161838379465,-0.01697781222049507,-1.9174007081431879
1440170727194504,51.7590754715,-1.2608818101,111.468834,5735673.352704449,620026.9851284843,-111.468834,30U,0.001,0.001,0.004,0.05765778161628296,-0.016958520429557,-1.9173860265033331
1440170727301170,51.759075474,-1.2608818085,111.468216,5735673.352985097,620026.9852322727,-111.468216,30U,0.001,0.0,0.004,0.057603655074566364,-0.017026369393879272,-1.9173810836785319
1440170727407836,51.7590754761,-1.2608818073,111.46772,5735673.353220608,620026.9853095162,-111.46772,30U,0.003,0.001,0.005,0.0575828673549451,-0.016973816107658385,-1.9173923448919314
1440170727514502,51.7590754769,-1.2608818068,111.467522,5735673.353310395,620026.9853418998,-111.467522,30U,0.002,0.002,0.003,0.05760599999946558,-0.01695829999970846,-1.9173677071784385
1440170727621168,51.7590754769,-1.2608818068,111.467522,5735673.353310395,620026.9853418998,-111.467522,30U,0.001,0.001,0.003,0.057632353055708664,-0.016987759192241388,-1.9173713571331432
1440170727727833,51.7590754769,-1.2608818068,111.467522,5735673.353310395,620026.9853418998,-111.467522,30U,0.002,0.0,0.004,0.05761507957049892,-0.016984583661660495,-1.9173678856907146
1440170727834500,51.7590754769,-1.2608818068,111.467522,5735673.353310395,620026.9853418998,-111.467522,30U,0.001,0.001,0.004,0.0575792877527171,-0.016948340807166718,-1.9173559367303228
1440170727937356,51.7590754769,-1.2608818068,111.467522,5735673.353310395,620026.9853418998,-111.467522,30U,0.001,0.002,0.002,0.05759660620109902,-0.016972155240124884,-1.9173599694182795
1440170728028784,51.7590754769,-1.2608818068,111.467522,5735673.353310395,620026.9853418998,-111.467522,30U,0.001,0.001,0.003,0.057624059191761993,-0.016977191817032507,-1.9173503061061699
1440170728120212,51.7590754769,-1.2608818068,111.467522,5735673.353310395,620026.9853418998,-111.467522,30U,0.001,-0.0,0.002,0.057618989771248505,-0.01695005305544807,-1.9173488550917897
1440170728211641,51.7590754769,-1.2608818068,111.467522,5735673.353310395,620026.9853418998,-111.467522,30U,-0.0,0.0,0.002,0.057581520404076186,-0.016953344898260978,-1.9173490754919675
1440170728303069,51.7590754769,-1.2608818068,111.467522,5735673.353310395,620026.9853418998,-111.467522,30U,0.0,0.001,0.002,0.05758901633839543,-0.016970555101322702,-1.9173440877423908
1440170728407830,51.7590754769,-1.2608818068,111.467522,5735673.353310395,620026.9853418998,-111.467522,30U,0.0,0.0,0.002,0.057609908268135675,-0.016953142693140487,-1.9173400020662383
1440170728514496,51.7590754769,-1.2608818068,111.467522,5735673.353310395,620026.9853418998,-111.467522,30U,-0.001,0.0,0.002,0.057620200000005124,-0.01694099999945672,-1.9173321071740865
1440170728605924,51.7590754769,-1.2608818068,111.467522,5735673.353310395,620026.9853418998,-111.467522,30U,-0.002,-0.0,0.002,0.05759741835865052,-0.01695875101024047,-1.9173263999997927
1440170728697352,51.7590754769,-1.2608818068,111.467522,5735673.353310395,620026.9853418998,-111.467522,30U,-0.001,0.0,0.002,0.05758294694544964,-0.016944732651352157,-1.9173221387609705
1440170728801161,51.7590754769,-1.2608818068,111.467522,5735673.353310395,620026.9853418998,-111.467522,30U,-0.001,0.0,0.002,0.057607826540633,-0.016935177549656143,-1.9173144428538067
1440170728907827,51.7590754769,-1.2608818068,111.467522,5735673.353310395,620026.9853418998,-111.467522,30U,-0.003,-0.0,0.001,0.05760852245227499,-0.016942702067232546,-1.9173116224366424
1440170729014493,51.7590754769,-1.2608818068,111.467522,5735673.353310395,620026.9853418998,-111.467522,30U,-0.002,-0.001,0.002,0.057593773458419206,-0.01693768161542188,-1.9173100244829926
1440170729121159,51.7590754769,-1.2608818068,111.467522,5735673.353310395,620026.9853418998,-111.467522,30U,-0.003,-0.001,0.001,0.05758956939483815,-0.016915334697186694,-1.917297936734019
1440170729227825,51.7590754769,-1.2608818068,111.467522,5735673.353310395,620026.9853418998,-111.467522,30U,-0.003,-0.001,0.001,0.057607334696377806,-0.01691818979753423,-1.9172923775461919
1440170729334491,51.7590754769,-1.2608818068,111.467522,5735673.353310395,620026.9853418998,-111.467522,30U,-0.003,-0.001,0.001,0.057615367349112635,-0.01691081835755053,-1.9172875101894271
1440170729441157,51.7590754769,-1.2608818068,111.467522,5735673.353310395,620026.9853418998,-111.467522,30U,-0.003,-0.001,0.001,0.057604716250459535,-0.016901630577848888,-1.9172784530127134
1440170729539490,51.7590754769,-1.2608818068,111.467522,5735673.353310395,620026.9853418998,-111.467522,30U,-0.003,-0.001,0.0,0.05758680000062885,-0.01689169999998023,-1.917276407172671
1440170729619490,51.7590754769,-1.2608818068,111.467522,5735673.353310395,620026.9853418998,-111.467522,30U,-0.003,-0.001,0.0,0.05759273878884138,-0.01690401020163896,-1.917271685690525
1440170729699489,51.7590754769,-1.2608818068,111.467522,5735673.353310395,620026.9853418998,-111.467522,30U,-0.003,-0.002,0.001,0.05760507550554211,-0.01689675510181254,-1.9172663060970783
1440170729801155,51.7590754769,-1.2608818068,111.467522,5735673.353310395,620026.9853418998,-111.467522,30U,-0.003,-0.002,0.0,0.0575995040655039,-0.016890010201869046,-1.9172612244836946
1440170729907821,51.7590754769,-1.2608818068,111.467522,5735673.353310395,620026.9853418998,-111.467522,30U,-0.003,-0.002,0.001,0.05758478360603606,-0.01688404490385051,-1.9172539897972394
1440170730014487,51.7590754769,-1.2608818068,111.467522,5735673.353310395,620026.9853418998,-111.467522,30U,-0.003,-0.001,0.001,0.05758742449514319,-0.016885599999195353,-1.917247730592756
1440170730120200,51.7590754769,-1.2608818068,111.467522,5735673.353310395,620026.9853418998,-111.467522,30U,-0.004,-0.001,0.001,0.057595316338204625,-0.016870377549873396,-1.9172423428486216
1440170730211629,51.7590754769,-1.2608818068,111.467522,5735673.353310395,620026.9853418998,-111.467522,30U,-0.004,-0.002,0.001,0.05759950611102978,-0.016875034697437626,-1.9172377530515676
1440170730303057,51.7590754769,-1.2608818068,111.467522,5735673.353310395,620026.9853418998,-111.467522,30U,-0.004,-0.002,0.0,0.05758670000024404,-0.01686919590786459,-1.9172325775394705
1440170730407818,51.7590754769,-1.2608818068,111.467522,5735673.353310395,620026.9853418998,-111.467522,30U,-0.003,-0.002,0.0,0.05758217961493466,-0.016861820385555767,-1.9172269326385238
1440170730514484,51.7590754769,-1.2608818068,111.467522,5735673.353310395,620026.9853418998,-111.467522,30U,-0.004,-0.002,0.0,0.057596700000329015,-0.016853300000561466,-1.91722040716661
1440170730621150,51.7590754769,-1.2608818068,111.467522,5735673.353310395,620026.9853418998,-111.467522,30U,-0.004,-0.002,-0.0,0.05759474285268301,-0.016857267348626748,-1.9172192224371136
1440170730725912,51.7590754769,-1.2608818068,111.467522,5735673.353310395,620026.9853418998,-111.467522,30U,-0.004,-0.002,-0.0,0.057587495908780185,-0.01684640000018867,-1.9172128775369641
1440170730817340,51.7590754769,-1.2608818068,111.467522,5735673.353310395,620026.9853418998,-111.467522,30U,-0.004,-0.001,-0.001,0.057582734697704634,-0.016844728559450555,-1.9172070305967035
1440170730908768,51.7590754769,-1.2608818068,111.467522,5735673.353310395,620026.9853418998,-111.467522,30U,-0.004,-0.001,-0.001,0.05759112245163843,-0.016840644904389253,-1.9172037754703821
1440170731014481,51.7590754769,-1.2608818068,111.467522,5735673.353310395,620026.9853418998,-111.467522,30U,-0.004,-0.001,-0.0,0.05759282040392787,-0.01683404285266372,-1.9171969775351188
1440170731120194,51.7590754769,-1.2608818068,111.467522,5735673.353310395,620026.9853418998,-111.467522,30U,-0.004,-0.001,-0.0,0.057582755100603594,-0.01682703060667607,-1.9171925755005856
1440170731211623,51.7590754769,-1.2608818068,111.467522,5735673.353310395,620026.9853418998,-111.467522,30U,-0.004,-0.001,-0.001,0.05758515714663856,-0.016827255101396436,-1.9171842326522286
1440170731303051,51.7590754769,-1.2608818068,111.467522,5735673.353310395,620026.9853418998,-111.467522,30U,-0.005,-0.001,-0.0,0.057581634696962244,-0.016824110201343914,-1.9171802326368355
1440170731407812,51.7590754769,-1.2608818068,111.467522,5735673.353310395,620026.9853418998,-111.467522,30U,-0.005,-0.001,-0.001,0.05758525908782951,-0.016818289807541194,-1.917173685662465
1440170731514478,51.7590754769,-1.2608818068,111.467522,5735673.353310395,620026.9853418998,-111.467522,30U,-0.004,-0.001,-0.001,0.057577300000722656,-0.016816900000112503,-1.9171649071799266
1440170731621144,51.7590754769,-1.2608818068,111.467522,5735673.353310395,620026.9853418998,-111.467522,30U,-0.005,-0.001,-0.001,0.057575220404267,-0.016815042852851323,-1.917162034682137
1440170731725906,51.7590754769,-1.2608818068,111.467522,5735673.353310395,620026.9853418998,-111.467522,30U,-0.005,-0.001,-0.002,0.057579012247258685,-0.01681050815584208,-1.9171563897986437
1440170731817334,51.7590754769,-1.2608818068,111.467522,5735673.353310395,620026.9853418998,-111.467522,30U,-0.005,-0.001,-0.002,0.05757514285405234,-0.0168013673481866,-1.9171532101927191
1440170731908762,51.7590754769,-1.2608818068,111.467522,5735673.353310395,620026.9853418998,-111.467522,30U,-0.005,-0.001,-0.002,0.05757545716341601,-0.016800665287749657,-1.9171532407534344
1440170732014476,51.7590754769,-1.2608818068,111.467522,5735673.353310395,620026.9853418998,-111.467522,30U,-0.005,-0.001,-0.003,0.057560365303119344,-0.016794232651643957,-1.9171467754953795
1440170732120189,51.7590754769,-1.2608818068,111.467522,5735673.353310395,620026.9853418998,-111.467522,30U,-0.005,-0.001,-0.003,0.057575277549837364,-0.01679936939474268,-1.917147789793474
1440170732211617,51.7590754769,-1.2608818068,111.467522,5735673.353310395,620026.9853418998,-111.467522,30U,-0.004,-0.001,-0.002,0.05754818368684793,-0.016778759166379695,-1.9171359632504763
1440170732303045,51.7590754769,-1.2608818068,111.467522,5735673.353310395,620026.9853418998,-111.467522,30U,-0.004,0.0,-0.003,0.057588546944310405,-0.0167661265413216,-1.91713347142645
1440170732407806,51.7590754769,-1.2608818068,111.467522,5735673.353310395,620026.9853418998,-111.467522,30U,-0.004,0.001,-0.003,0.05760337355644867,-0.016784583748972622,-1.9171394305739284
1440170732514472,51.7590754769,-1.2608818068,111.467522,5735673.353310395,620026.9853418998,-111.467522,30U,-0.004,-0.0,-0.002,0.05761329999963233,-0.01678769999944547,-1.9171238071718628
1440170732621138,51.7590754769,-1.2608818068,111.467522,5735673.353310395,620026.9853418998,-111.467522,30U,-0.004,-0.001,-0.003,0.05757835714665059,-0.016765628560488764,-1.9171216938748443
1440170732725900,51.7590754769,-1.2608818068,111.467522,5735673.353310395,620026.9853418998,-111.467522,30U,-0.004,0.0,-0.004,0.0575774326509818,-0.016778004091566722,-1.9171281652939114
1440170732817328,51.7590754769,-1.2608818068,111.467522,5735673.353310395,620026.9853418998,-111.467522,30U,-0.004,-0.0,-0.002,0.057587046945519395,-0.016776806111530786,-1.9171094305981082
1440170732908756,51.7590754769,-1.2608818068,111.467522,5735673.353310395,620026.9853418998,-111.467522,30U,-0.004,-0.001,-0.003,0.05758332038482304,-0.016752330577522564,-1.917109120383287
1440170733014469,51.7590754769,-1.2608818068,111.467522,5735673.353310395,620026.9853418998,-111.467522,30U,-0.004,0.0,-0.003,0.05757789590848917,-0.016751332650616155,-1.9170981163092458
1440170733121136,51.7590754769,-1.2608818068,111.467522,5735673.353310395,620026.9853418998,-111.467522,30U,-0.004,-0.0,-0.003,0.05756481020119324,-0.016754755101652974,-1.9170922999995135
1440170733227802,51.7590754769,-1.2608818068,111.467522,5735673.353310395,620026.9853418998,-111.467522,30U,-0.004,-0.001,-0.004,0.05756751835878039,-0.01674288570733145,-1.917090397939695
1440170733329468,51.7590754769,-1.2608818068,111.467522,5735673.353310395,620026.9853418998,-111.467522,30U,-0.004,-0.001,-0.004,0.05755133671664411,-0.01673036734897948,-1.9170818326491241
1440170733409467,51.7590754769,-1.2608818068,111.467522,5735673.353310395,620026.9853418998,-111.467522,30U,-0.004,0.0,-0.004,0.05755320826810761,-0.01674890206670258,-1.91709374696473
1440170733489466,51.7590754769,-1.2608818068,111.467522,5735673.353310395,620026.9853418998,-111.467522,30U,-0.003,0.001,-0.004,0.05756559999933168,-0.01674580000052056,-1.9170787071658595
1440170733587799,51.7590754769,-1.2608818068,111.467522,5735673.353310395,620026.9853418998,-111.467522,30U,-0.004,-0.0,-0.003,0.057568453055898666,-0.01672989590936858,-1.9170745897945276
1440170733694465,51.7590754769,-1.2608818068,111.467522,5735673.353310395,620026.9853418998,-111.467522,30U,-0.004,0.0,-0.005,0.05756731631248486,-0.016728889798613304,-1.9170726959028497
1440170733801132,51.7590754769,-1.2608818068,111.467522,5735673.353310395,620026.9853418998,-111.467522,30U,-0.004,0.0,-0.005,0.057558093889742895,-0.016735436743313032,-1.9170676673474754
1440170733907798,51.7590754769,-1.2608818068,111.467522,5735673.353310395,620026.9853418998,-111.467522,30U,-0.004,0.0,-0.004,0.05757305096175209,-0.01672811625123553,-1.9170764101903908
1440170734014464,51.7590754769,-1.2608818068,111.467522,5735673.353310395,620026.9853418998,-111.467522,30U,-0.004,0.0,-0.005,0.05757097144034559,-0.016724314294060825,-1.9170599530445414
1440170734121130,51.7590754769,-1.2608818068,111.467522,5735673.353310395,620026.9853418998,-111.467522,30U,-0.004,0.0,-0.005,0.057562579569180095,-0.016723712247971333,-1.9170632673375245
1440170734227796,51.7590754769,-1.2608818068,111.467522,5735673.353310395,620026.9853418998,-111.467522,30U,-0.003,0.0,-0.005,0.05755825103569809,-0.016721785706419096,-1.917072475502672
1440170734331605,51.7590754769,-1.2608818068,111.467522,5735673.353310395,620026.9853418998,-111.467522,30U,-0.003,0.001,-0.005,0.05756672040471836,-0.016717557147141973,-1.9170586734564006
1440170734423033,51.7590754769,-1.2608818068,111.467522,5735673.353310395,620026.9853418998,-111.467522,30U,-0.003,0.0,-0.005,0.05758428374897428,-0.01672252658646926,-1.9170619101869515
1440170734514461,51.7590754769,-1.2608818068,111.467522,5735673.353310395,620026.9853418998,-111.467522,30U,-0.003,0.0,-0.006,0.05756690000084371,-0.016713200000732207,-1.9170543071662107
1440170734621127,51.7590754769,-1.2608818068,111.467522,5735673.353310395,620026.9853418998,-111.467522,30U,-0.003,0.0,-0.006,0.05754326530363725,-0.016712357146329838,-1.917048587739705
1440170734725888,51.7590754769,-1.2608818068,111.467522,5735673.353310395,620026.9853418998,-111.467522,30U,-0.003,0.001,-0.006,0.05755063063147791,-0.016708744899463505,-1.9170481306030676
1440170734817316,51.7590754769,-1.2608818068,111.467522,5735673.353310395,620026.9853418998,-111.467522,30U,-0.002,0.001,-0.007,0.057583979595681525,-0.01670284285392239,-1.9170382958996253
1440170734908744,51.7590754769,-1.2608818068,111.467522,5735673.353310395,620026.9853418998,-111.467522,30U,-0.002,-0.0,-0.007,0.057579457163100936,-0.016701642837087218,-1.917037679606413
1440170735000172,51.7590754769,-1.2608818068,111.467522,5735673.353310395,620026.9853418998,-111.467522,30U,-0.002,-0.0,-0.006,0.05756251631321201,-0.016696499999298745,-1.9170273938575324
1440170735091600,51.7590754769,-1.2608818068,111.467522,5735673.353310395,620026.9853418998,-111.467522,30U,-0.002,-0.0,-0.007,0.05756680409151065,-0.01669509999914722,-1.9170229469331312
1440170735194457,51.7590754769,-1.2608818068,111.467522,5735673.353310395,620026.9853418998,-111.467522,30U,-0.002,0.0,-0.007,0.05758461429339066,-0.016692742853452586,-1.9170225530472256
1440170735301123,51.7590754769,-1.2608818068,111.467522,5735673.353310395,620026.9853418998,-111.467522,30U,-0.002,-0.001,-0.007,0.05758395305620491,-0.016689520403185408,-1.9170095407973473
1440170735407789,51.7590754769,-1.2608818068,111.467522,5735673.353310395,620026.9853418998,-111.467522,30U,-0.002,-0.001,-0.008,0.05756844889503373,-0.01668907961504683,-1.9170106897999537
1440170735514455,51.7590754769,-1.2608818068,111.467522,5735673.353310395,620026.9853418998,-111.467522,30U,-0.002,0.0,-0.008,0.05756529999992255,-0.016683899999680358,-1.9170065071707614
1440170735621121,51.7590754769,-1.2608818068,111.467522,5735673.353310395,620026.9853418998,-111.467522,30U,-0.001,0.0,-0.008,0.05758161224679209,-0.01668251020272364,-1.9170012428388583
1440170735727787,51.7590754769,-1.2608818068,111.467522,5735673.353310395,620026.9853418998,-111.467522,30U,-0.002,0.0,-0.008,0.057588442852873824,-0.016681755101730728,-1.916999320393594
1440170735834453,51.7590754769,-1.2608818068,111.467522,5735673.353310395,620026.9853418998,-111.467522,30U,-0.002,-0.0,-0.008,0.05757052244915952,-0.016677542852555467,-1.9169891775348187
1440170735937309,51.7590754769,-1.2608818068,111.467522,5735673.353310395,620026.9853418998,-111.467522,30U,-0.002,0.0,-0.009,0.05756373471185487,-0.0166778673563873,-1.9169866939312932
1440170736028737,51.7590754769,-1.2608818068,111.467522,5735673.353310395,620026.9853418998,-111.467522,30U,-0.001,0.001,-0.009,0.057576971439000306,-0.016679677550800947,-1.9169791856993839
1440170736120165,51.7590754769,-1.2608818068,111.467522,5735673.353310395,620026.9853418998,-111.467522,30U,-0.001,-0.0,-0.009,0.057587334697953164,-0.01667809590899818,-1.9169785448842958
1440170736211594,51.7590754769,-1.2608818068,111.467522,5735673.353310395,620026.9853418998,-111.467522,30U,-0.0,-0.001,-0.01,0.057582712221354526,-0.016678720403512506,-1.9169698061079976
1440170736303022,51.7590754769,-1.2608818068,111.467522,5735673.353310395,620026.9853418998,-111.467522,30U,0.0,-0.001,-0.01,0.057567522449832154,-0.01667406530321949,-1.9169653734429362
1440170736407783,51.7590754769,-1.2608818068,111.467522,5735673.353310395,620026.9853418998,-111.467522,30U,0.0,-0.001,-0.011,0.057574757162467585,-0.01666482245139863,-1.9169668326429108
1440170736514449,51.7590754769,-1.2608818068,111.467522,5735673.353310395,620026.9853418998,-111.467522,30U,0.0,-0.001,-0.011,0.057581999999610674,-0.016661900000540592,-1.9169591071698695
1440170736605877,51.7590754769,-1.2608818068,111.467522,5735673.353310395,620026.9853418998,-111.467522,30U,0.0,-0.001,-0.011,0.05757699181746465,-0.016665177550852252,-1.9169599897828726
1440170736697305,51.7590754769,-1.2608818068,111.467522,5735673.353310395,620026.9853418998,-111.467522,30U,0.0,-0.001,-0.012,0.05755957959603267,-0.016660387753028884,-1.9169555775381635
1440170736801114,51.7590754769,-1.2608818068,111.467522,5735673.353310395,620026.9853418998,-111.467522,30U,0.0,0.0,-0.012,0.057565324495618596,-0.01665658164197056,-1.9169501305924608
1440170736907779,51.7590754769,-1.2608818068,111.467522,5735673.353310395,620026.9853418998,-111.467522,30U,0.0,0.0,-0.012,0.05757476129715259,-0.01666267961468285,-1.9169415754771597
1440170737014446,51.7590754769,-1.2608818068,111.467522,5735673.353310395,620026.9853418998,-111.467522,30U,-0.0,-0.001,-0.012,0.057577616311978976,-0.01665722040455152,-1.9169383428481321
1440170737121112,51.7590754769,-1.2608818068,111.467522,5735673.353310395,620026.9853418998,-111.467522,30U,0.0,-0.001,-0.011,0.05755346121169477,-0.016658679595799298,-1.9169342550950381
1440170737227778,51.7590754769,-1.2608818068,111.467522,5735673.353310395,620026.9853418998,-111.467522,30U,0.0,-0.001,-0.012,0.057543279596138495,-0.0166570102023324,-1.9169297530531393
1440170737334444,51.7590754769,-1.2608818068,111.467522,5735673.353310395,620026.9853418998,-111.467522,30U,0.0,-0.0,-0.012,0.0575570061377212,-0.016652767348808703,-1.9169227571451786
1440170737441110,51.7590754769,-1.2608818068,111.467522,5735673.353310395,620026.9853418998,-111.467522,30U,0.0,-0.001,-0.012,0.057565687740523834,-0.016651675481300632,-1.9169209386866308
1440170737539443,51.7590754769,-1.2608818068,111.467522,5735673.353310395,620026.9853418998,-111.467522,30U,-0.0,-0.0,-0.012,0.057550699999589026,-0.0166582000002648,-1.916922907173681
1440170737619443,51.7590754756,-1.2608818062,111.468651,5735673.353166815,620026.9853867549,-111.468651,30U,-0.007,0.003,-0.006,0.057585812273426594,-0.016568911985624355,-1.9169024244433652
1440170737699442,51.7590754564,-1.2608817961,111.468651,5735673.351048274,620026.9861346842,-111.468651,30U,-0.037,0.011,0.003,0.057490910122758435,-0.015904383293920167,-1.9168511408230886
1440170737801108,51.7590754073,-1.2608817721,111.468399,5735673.345627542,620026.987921162,-111.468399,30U,-0.071,0.023,-0.0,0.0573470101240139,-0.015244648728455898,-1.9169124204152304
1440170737907775,51.759075326,-1.2608817252,111.468666,5735673.336663653,620026.9913733855,-111.468666,30U,-0.109,0.041,-0.005,0.057269010192117005,-0.014796052026946126,-1.9168650874524353
1440170738014440,51.7590752073,-1.2608816542,111.469429,5735673.323580308,620026.9965879599,-111.469429,30U,-0.154,0.056,-0.01,0.057338132730175774,-0.014469238604402069,-1.9168210347137966
1440170738120153,51.759075046,-1.2608815597,111.470451,5735673.3057982465,620027.0035372684,-111.470451,30U,-0.205,0.075,-0.01,0.05742569798092613,-0.014144924338012567,-1.91687977757459
1440170738211581,51.7590748371,-1.2608814377,111.471497,5735673.282768025,620027.0125106159,-111.471497,30U,-0.26,0.094,-0.011,0.057447344872032936,-0.013848126356651353,-1.9168847918182645
1440170738303010,51.7590745743,-1.2608812843,111.472488,5735673.253795455,620027.0237938511,-111.472488,30U,-0.326,0.118,-0.009,0.05727471822685846,-0.01349510792018202,-1.9168541857070485
1440170738407771,51.7590742466,-1.2608810946,111.473213,5735673.217665337,620027.0377543017,-111.473213,30U,-0.403,0.144,-0.006,0.05700641938302321,-0.012973096359222789,-1.9168784103360141
1440170738514437,51.7590738463,-1.2608808627,111.473869,5735673.173531089,620027.054819553,-111.473869,30U,-0.488,0.175,-0.007,0.05662490000086681,-0.012459300000220844,-1.9168991071658692
1440170738621103,51.7590733674,-1.2608805855,111.474724,5735673.120730574,620027.0752194496,-111.474724,30U,-0.579,0.207,-0.009,0.05610784450477681,-0.012147230501351082,-1.9169065735098763
1440170738725865,51.7590728027,-1.2608802615,111.475777,5735673.058465577,620027.0990766056,-111.475777,30U,-0.678,0.241,-0.011,0.055164772829005955,-0.012072336716215994,-1.9169971734989875
1440170738817293,51.7590721463,-1.2608798834,111.476616,5735672.986091993,620027.1269104463,-111.476616,30U,-0.784,0.281,-0.005,0.053767458405842905,-0.011967028429091248,-1.9169565999171327
1440170738908721,51.759071391,-1.2608794468,111.476761,5735672.902816379,620027.1590437149,-111.476761,30U,-0.898,0.322,0.002,0.0522928342674156,-0.011608474193952353,-1.9167609320669827
1440170739014434,51.7590705287,-1.2608789477,111.476364,5735672.807744547,620027.1957739391,-111.476364,30U,-1.02,0.366,0.004,0.050749946184711084,-0.010931375085960602,-1.9166122693369807
1440170739120147,51.7590695549,-1.2608783813,111.476196,5735672.700383967,620027.2374443042,-111.476196,30U,-1.146,0.416,-0.002,0.04953047915077281,-0.010284795698877804,-1.9165476632170981
1440170739211576,51.7590684736,-1.2608777423,111.476463,5735672.581188186,620027.2844099632,-111.476463,30U,-1.258,0.467,-0.002,0.050429107788650826,-0.009367729687270392,-1.9163608835259769
1440170739303004,51.759067287,-1.2608770193,111.476082,5735672.450420623,620027.3374518075,-111.476082,30U,-1.385,0.529,0.007,0.05449052452087047,-0.006862606740697562,-1.9162294062153613
1440170739407765,51.7590659799,-1.2608762228,111.476433,5735672.306373658,620027.3958855318,-111.476433,30U,-1.525,0.566,-0.017,0.05710149203141533,-0.005123407266550478,-1.9167125913685308
1440170739514431,51.7590645459,-1.260875376,111.4786,5735672.148297391,620027.4581270535,-111.4786,30U,-1.663,0.603,-0.023,0.057621899999565795,-0.005378899999599997,-1.9168054071753005
1440170739621097,51.7590629892,-1.2608744768,111.480232,5735671.976662344,620027.5243101573,-111.480232,30U,-1.801,0.637,-0.009,0.055205788014067954,-0.004804082952342964,-1.916535040769055
1440170739725859,51.7590613123,-1.26087352,111.480972,5735671.791755092,620027.594787073,-111.480972,30U,-1.926,0.689,-0.007,0.05267159310243668,-0.0031640010754824884,-1.9165004673150094
1440170739817287,51.7590595261,-1.2608724725,111.481789,5735671.594842258,620027.6718131596,-111.481789,30U,-2.052,0.753,-0.006,0.051267207160159256,-0.00155795242614019,-1.916771204603721
1440170739908715,51.7590576163,-1.260871353,111.481674,5735671.384302817,620027.7541358367,-111.481674,30U,-2.201,0.788,0.017,0.04883212984755993,-0.0010088654957002845,-1.91888160365977
1440170740014429,51.7590555874,-1.2608701672,111.481483,5735671.160627816,620027.8413498078,-111.481483,30U,-2.307,0.862,-0.031,0.049728177393056315,-0.0011579720960921919,-1.922273050580492
1440170740120142,51.7590534692,-1.2608688453,111.48777,5735670.927246076,620027.9381930188,-111.48777,30U,-2.413,0.95,-0.083,0.05491884610596028,-0.0033766422246829836,-1.9253974614100735
1440170740211570,51.7590512411,-1.2608674421,111.495613,5735670.681776561,620028.0409382946,-111.495613,30U,-2.55,0.982,-0.062,0.060130347128157235,-0.005512629216046916,-1.930889107577976
1440170740302998,51.7590488863,-1.2608659911,111.498184,5735670.422295873,620028.1473183188,-111.498184,30U,-2.687,1.024,0.009,0.062095023813885854,-0.00518602147880988,-1.9372548704334531
1440170740407759,51.7590464117,-1.2608644708,111.495178,5735670.14960672,620028.2587985313,-111.495178,30U,-2.815,1.075,0.038,0.05871430010009516,-0.002855626063393409,-1.9427301393915861
1440170740514425,51.759043839,-1.2608628493,111.495277,5735669.866174778,620028.3775228416,-111.495277,30U,-2.913,1.164,-0.028,0.055320900000606056,-0.002287899999162573,-1.9473810071739004
1440170740621091,51.7590411651,-1.2608611205,111.498779,5735669.571665346,620028.5039204389,-111.498779,30U,-3.037,1.217,-0.052,0.05317370254478106,-0.002944941987593926,-1.953050258814431
1440170740725853,51.7590383883,-1.260859303,111.506134,5735669.265858766,620028.6367122272,-111.506134,30U,-3.141,1.297,-0.092,0.05530873674345304,-0.0058812713355799505,-1.960566042902885
1440170740817281,51.7590355173,-1.2608573472,111.513863,5735668.949804158,620028.7792980887,-111.513863,30U,-3.252,1.396,-0.041,0.05867180096978062,-0.008898900682267211,-1.96789254046636
1440170740908709,51.7590325383,-1.2608552762,111.514572,5735668.621928864,620028.9301204653,-111.514572,30U,-3.377,1.453,0.009,0.06049683709266161,-0.009146289235498494,-1.9748559703453252
1440170741014423,51.7590294516,-1.2608531144,111.512466,5735668.282226087,620029.0874946946,-111.512466,30U,-3.488,1.537,0.023,0.06214644301133873,-0.008235272960938834,-1.9820913404288294
1440170741121089,51.7590262679,-1.2608508297,111.511368,5735667.9319385635,620029.253607657,-111.511368,30U,-3.597,1.61,-0.006,0.061585438316522405,-0.00780516097521442,-1.9887806442703537
1440170741227755,51.7590229844,-1.2608484503,111.513626,5735667.57070851,620029.4265206689,-111.513626,30U,-3.708,1.678,-0.031,0.06128524085963865,-0.007511681615252826,-1.9951367419811257
1440170741329421,51.7590196059,-1.2608459583,111.518211,5735667.199099171,620029.6074563003,-111.518211,30U,-3.818,1.763,-0.041,0.06018410749979676,-0.008280555835559774,-2.0005571616811335
1440170741409420,51.7590161298,-1.260843347,111.520523,5735666.816832442,620029.796883827,-111.520523,30U,-3.913,1.846,-0.002,0.0608692948003908,-0.009743206345111968,-2.0046032891964605
1440170741489419,51.7590125628,-1.2608406216,111.51873,5735666.424644846,620029.9944266229,-111.51873,30U,-4.028,1.919,0.031,0.0634130999992837,-0.008367000000245046,-2.0081041071747587
1440170741587752,51.7590088958,-1.2608378027,111.515831,5735666.021490505,620030.1986871962,-111.515831,30U,-4.135,1.969,0.018,0.06402131974768668,-0.0060190618930536875,-2.0115862917387095
1440170741694418,51.7590051326,-1.2608349036,111.515518,5735665.607770115,620030.4087376212,-111.515518,30U,-4.233,2.036,-0.011,0.06633777031224697,-0.0038929887750121395,-2.0151770487150245
1440170741801085,51.7590012879,-1.2608318987,111.518753,5735665.18516054,620030.6263056046,-111.518753,30U,-4.322,2.106,-0.041,0.06656903876190606,-0.003049411539293337,-2.0179038806095853
1440170741907750,51.7589973573,-1.2608288146,111.522919,5735664.753128696,620030.8495671176,-111.522919,30U,-4.425,2.154,-0.019,0.06621714996012448,-0.0022529936410154894,-2.0194087148178417
1440170742014417,51.7589933414,-1.2608256547,111.523819,5735664.311735715,620031.0782859365,-111.523819,30U,-4.508,2.209,-0.054,0.06527225785532924,-0.00042642433714373986,-2.0200544655575023
1440170742121083,51.7589892455,-1.2608224233,111.527351,5735663.861563908,620031.3121512583,-111.527351,30U,-4.604,2.248,-0.037,0.06554705355291471,0.000201774062561804,-2.0207375904112457
1440170742227749,51.75898507,-1.2608191227,111.53186,5735663.402653979,620031.551003299,-111.53186,30U,-4.684,2.316,-0.055,0.06720634458460915,0.0013711672180332574,-2.021374895973895
1440170742331558,51.7589808225,-1.2608157333,111.537865,5735662.9358833525,620031.7961745244,-111.537865,30U,-4.77,2.358,-0.069,0.06660441177571656,0.0015313161029595003,-2.0210369139939903
1440170742422986,51.7589764899,-1.2608123,111.546158,5735662.459721329,620032.044601078,-111.546158,30U,-4.869,2.382,-0.081,0.06604792366139185,-0.0005162795645924646,-2.0208928436790363
1440170742514413,51.7589720757,-1.2608088224,111.553223,5735661.97455779,620032.2963012817,-111.553223,30U,-4.95,2.427,-0.056,0.06557069999967768,-0.00208100000058077,-2.0210846071752897
1440170742621079,51.7589675948,-1.2608052707,111.55854,5735661.4820987545,620032.5532921585,-111.55854,30U,-5.018,2.475,-0.083,0.06629749053213727,-0.0019617211381919696,-2.019920333583641
1440170742725841,51.7589630506,-1.2608016653,111.568039,5735660.982688751,620032.8141568622,-111.568039,30U,-5.09,2.501,-0.093,0.06859130826036962,-0.004269127877807298,-2.0175645170095917
1440170742817269,51.7589584395,-1.2607980431,111.577171,5735660.475866707,620033.0763584309,-111.577171,30U,-5.174,2.498,-0.083,0.0668070617090742,-0.00712905879929141,-2.0151059885246476
1440170742908697,51.7589537545,-1.2607944223,111.581039,5735659.960824224,620033.3386594222,-111.581039,30U,-5.248,2.507,-0.016,0.06513038894859513,-0.0074906447463901765,-2.012611835827635
1440170743000125,51.7589490094,-1.2607907722,111.583061,5735659.43914648,620033.6031418864,-111.583061,30U,-5.311,2.535,-0.039,0.06431256700781324,-0.006605810517222837,-2.0105452215498247
1440170743091553,51.7589442061,-1.2607870781,111.587273,5735658.911068954,620033.870815252,-111.587273,30U,-5.378,2.566,-0.04,0.06471148347765167,-0.006514293863735249,-2.0087772112729616
1440170743194410,51.7589393402,-1.2607833353,111.590965,5735658.37611008,620034.142015541,-111.590965,30U,-5.452,2.594,-0.034,0.06563317002330626,-0.00702797762980182,-2.0074530487666697
1440170743301076,51.7589343964,-1.2607795873,111.59301,5735657.832496803,620034.4137813441,-111.59301,30U,-5.541,2.588,-0.025,0.061409630423068406,-0.00796780102268724,-2.0080101902048573
1440170743407742,51.7589293933,-1.2607758061,111.596649,5735657.282343647,620034.687995648,-111.596649,30U,-5.586,2.657,-0.03,0.06256093049893069,-0.008245993912904584,-2.008498439622838
1440170743514408,51.7589243518,-1.2607719084,111.59919,5735656.728111925,620034.9703516659,-111.59919,30U,-5.644,2.702,-0.039,0.06176319999960895,-0.005057299999450026,-2.007121707171157
1440170743621074,51.7589192409,-1.2607679959,111.60305,5735656.166186856,620035.2539131694,-111.60305,30U,-5.728,2.706,-0.032,0.06535128520845158,-0.0023136195392844333,-2.0054437851528686
1440170743727739,51.7589140625,-1.2607640637,111.605186,5735655.596787799,620035.5390132752,-111.605186,30U,-5.795,2.724,-0.009,0.06559538780412019,-0.0009005589825026919,-2.0049423203112315
1440170743834406,51.7589088302,-1.2607601261,111.60733,5735655.021403624,620035.8246290534,-111.60733,30U,-5.838,2.736,-0.064,0.06079534038811106,-0.0003693436406632381,-2.0042569603190348
1440170743937262,51.7589035605,-1.260756152,111.617897,5735654.441920424,620036.1128629979,-111.617897,30U,-5.892,2.751,-0.135,0.05696763574801755,-0.002061349560189381,-2.0025973503650714
1440170744028690,51.7588982386,-1.2607521618,111.631302,5735653.856658764,620036.4023465299,-111.631302,30U,-5.947,2.774,-0.119,0.05727668583775333,-0.004513552320916625,-2.001177858428821
1440170744120118,51.7588928796,-1.2607480969,111.639595,5735653.267394315,620036.6970836684,-111.639595,30U,-5.985,2.825,-0.059,0.06009434707514235,-0.005477079229340917,-1.9992711195568056
1440170744211547,51.7588874614,-1.2607440375,111.642715,5735652.671537414,620036.9915983186,-111.642715,30U,-6.067,2.791,-0.049,0.06018815441916797,-0.0038636024133235696,-1.9988336736539314
1440170744302975,51.7588819845,-1.260739985,111.649391,5735652.069141362,620037.2857925391,-111.649391,30U,-6.12,2.815,-0.074,0.058190007186109394,-0.005599988959513835,-1.9992802796904923
1440170744407736,51.7588764611,-1.2607358876,111.655357,5735651.461648134,620037.5832087637,-111.655357,30U,-6.172,2.849,-0.046,0.05510282707959541,-0.007885211000521307,-1.9993821285011653
1440170744514402,51.7588708961,-1.2607317298,111.659943,5735650.849628149,620037.8849036739,-111.659943,30U,-6.21,2.894,-0.055,0.05620049999956396,-0.009290100000794369,-1.9994889071688438
1440170744605830,51.75886529,-1.2607275158,111.666031,5735650.233130101,620038.1905860978,-111.666031,30U,-6.264,2.921,-0.047,0.05719276527604945,-0.010338563231603258,-1.9998982696768561
1440170744697258,51.7588596335,-1.26072327,111.668465,5735649.611079611,620038.4985968268,-111.668465,30U,-6.323,2.936,-0.002,0.05632699748265249,-0.009156165853022665,-2.000393826945494
1440170744801067,51.7588539251,-1.2607190065,111.668129,5735648.983286663,620038.8079667791,-111.668129,30U,-6.374,2.964,0.018,0.05650114266899596,-0.0066473121691805895,-2.0016104496634743
1440170744907733,51.7588481776,-1.2607146847,111.668922,5735648.351241522,620039.1214638712,-111.668922,30U,-6.417,3.005,-0.04,0.057297085973852954,-0.005244956605073918,-2.0028717038538204
1440170745014399,51.7588423878,-1.2607103083,111.672249,5735647.714582238,620039.4388412506,-111.672249,30U,-6.469,3.033,-0.045,0.05757132071912614,-0.005948159506620977,-2.004364855979981
1440170745121065,51.7588365513,-1.2607059012,111.67775,5735647.072780167,620039.7584612145,-111.67775,30U,-6.516,3.061,-0.058,0.0578028307624963,-0.006731626566175519,-2.006155547718045
1440170745227731,51.7588306797,-1.2607014284,111.68441,5735646.427182911,620040.0827084015,-111.68441,30U,-6.555,3.107,-0.076,0.05663410309408731,-0.007408401364066979,-2.0070543758418204
1440170745334397,51.758824769,-1.2606969126,111.689926,5735645.777308281,620040.4100268611,-111.689926,30U,-6.597,3.129,-0.034,0.055057054261382826,-0.00845052769531563,-2.0075887289173906
1440170745441063,51.7588188217,-1.2606923725,111.69236,5735645.123403516,620040.7391194518,-111.69236,30U,-6.637,3.141,-0.023,0.05344208182560555,-0.006830184579488012,-2.0084186169022313
1440170745539396,51.7588128445,-1.2606878003,111.695518,5735644.466226535,620041.0705066943,-111.695518,30U,-6.67,3.167,-0.065,0.05244500000063526,-0.004617799999380207,-2.0092380071679536
1440170745619396,51.7588068309,-1.2606832014,111.70047,5735643.805045613,620041.4038331667,-111.70047,30U,-6.71,3.182,-0.056,0.051015264149300944,-0.006721912299178368,-2.0105970987565795
1440170745699395,51.7588007904,-1.2606785714,111.706245,5735643.140924451,620041.7393773259,-111.706245,30U,-6.732,3.217,-0.055,0.05049155496941014,-0.011150920719284743,-2.0116582185548735
1440170745801061,51.7587947343,-1.2606739004,111.715363,5735642.475135975,620042.0777924146,-111.715363,30U,-6.753,3.237,-0.115,0.05232413356930555,-0.016043421295806173,-2.012244043240134
1440170745907726,51.7587886505,-1.2606691966,111.721565,5735641.806321092,620042.4185446344,-111.721565,30U,-6.786,3.262,-0.012,0.052807266483025306,-0.017035377741516505,-2.012690322865218
1440170746014393,51.7587825313,-1.2606644735,111.71772,5735641.133601294,620042.7607227523,-111.71772,30U,-6.824,3.268,0.066,0.05396858187772741,-0.012513232808645143,-2.012948661300017
1440170746120106,51.7587763848,-1.2606597112,111.710983,5735640.457910107,620043.1056786166,-111.710983,30U,-6.848,3.316,0.054,0.057409659139883905,-0.006363320771589345,-2.012990213994129
1440170746211535,51.7587702138,-1.2606549044,111.710495,5735639.779567635,620043.4537705632,-111.710495,30U,-6.887,3.317,-0.036,0.058992994676479345,-0.006329285025561057,-2.012742349105638
1440170746302963,51.7587640062,-1.2606500993,111.714851,5735639.097152234,620043.8018423534,-111.714851,30U,-6.922,3.32,-0.057,0.05895427159741742,-0.00851945384194565,-2.013024571428773
1440170746407724,51.7587577728,-1.2606452692,111.724457,5735638.411908883,620044.1517079511,-111.724457,30U,-6.951,3.349,-0.112,0.05858919734626382,-0.01136981363961121,-2.0127911952863475
1440170746514390,51.758751502,-1.2606404211,111.731438,5735637.722536067,620044.502915045,-111.731438,30U,-7.0,3.35,-0.024,0.05693969999928347,-0.012243199999396649,-2.0129612071630127
1440170746621056,51.7587451989,-1.2606355527,111.731346,5735637.029604722,620044.8556088354,-111.731346,30U,-7.026,3.371,0.004,0.05568426540861566,-0.009703708104242703,-2.013281918621276
1440170746725818,51.7587388667,-1.2606306646,111.732468,5735636.333469724,620045.2097394277,-111.732468,30U,-7.059,3.39,-0.012,0.05453110983482835,-0.008254528035385426,-2.0139862390152556
1440170746817246,51.7587325111,-1.2606257344,111.733986,5735635.634801818,620045.5668375661,-111.733986,30U,-7.087,3.417,-0.021,0.053394585260882525,-0.007393754629052084,-2.0143932368988375
1440170746908674,51.7587261288,-1.2606207782,111.737335,5735634.933207525,620045.9258009181,-111.737335,30U,-7.113,3.436,-0.059,0.053887376896495975,-0.007492254538608449,-2.0148034789655265
1440170747014387,51.7587197244,-1.2606157908,111.744072,5735634.2292069495,620046.286976144,-111.744072,30U,-7.143,3.444,-0.055,0.0517849713873346,-0.009116069997454885,-2.015480163833583
1440170747120100,51.7587132951,-1.2606107891,111.748962,5735633.5224609,620046.649204376,-111.748962,30U,-7.161,3.47,-0.047,0.05168510301572629,-0.009428177418838633,-2.016331283923307
1440170747211529,51.7587068477,-1.2606057595,111.753433,5735632.813747965,620047.0134061355,-111.753433,30U,-7.186,3.479,-0.029,0.05225795239972858,-0.008810405403154337,-2.0170544719897254
1440170747302957,51.758700382,-1.2606007016,111.75589,5735632.103046562,620047.3796095615,-111.75589,30U,-7.201,3.507,-0.026,0.05332517293533606,-0.007188097297916385,-2.0182472250438033
1440170747407718,51.7586938982,-1.260595616,111.759308,5735631.390377943,620047.7477727156,-111.759308,30U,-7.228,3.516,-0.044,0.053774353980060724,-0.0071346728567793,-2.01931213828032
1440170747514384,51.7586873956,-1.2605905091,111.763596,5735630.675653733,620048.1174557817,-111.763596,30U,-7.242,3.542,-0.059,0.05474310000065246,-0.007261099999608313,-2.0204458071744686
1440170747621050,51.758680882,-1.2605853499,111.770515,5735629.959792368,620048.4907774341,-111.770515,30U,-7.256,3.576,-0.068,0.0553018955414774,-0.007563231050919821,-2.020524740562555
1440170747725812,51.7586743444,-1.2605801792,111.777,5735629.241281005,620048.8649564798,-111.777,30U,-7.29,3.571,-0.048,0.056235719197507486,-0.008356765434889914,-2.020050524202625
1440170747817240,51.7586677815,-1.2605750053,111.780975,5735628.519961416,620049.2394235698,-111.780975,30U,-7.313,3.577,-0.048,0.056575044689982215,-0.008320489614617229,-2.0193868649362163
1440170747908668,51.7586611952,-1.2605698236,111.786461,5735627.796052467,620049.61449112,-111.786461,30U,-7.344,3.577,-0.059,0.05628342925439529,-0.008596680188067524,-2.018618332849312
1440170748014382,51.7586545834,-1.2605646319,111.791306,5735627.069324244,620049.990316527,-111.791306,30U,-7.369,3.596,-0.039,0.05929771953838673,-0.00904010590137332,-2.0177842524963414
1440170748120095,51.7586479475,-1.2605594198,111.794952,5735626.339949555,620050.3676137993,-111.794952,30U,-7.402,3.596,-0.046,0.059599048570764375,-0.009302937162732833,-2.016816315914078
1440170748211523,51.7586412784,-1.2605542189,111.800217,5735625.606864407,620050.744226306,-111.800217,30U,-7.437,3.595,-0.037,0.059571914765915016,-0.01113247786522149,-2.016187832222853
1440170748302951,51.7586345852,-1.2605489971,111.803848,5735624.871133617,620051.1223451863,-111.803848,30U,-7.458,3.622,-0.038,0.06059667980618459,-0.0119474698401424,-2.0150468175694947
1440170748407712,51.7586278672,-1.2605437508,111.806709,5735624.132685267,620051.5022207402,-111.806709,30U,-7.492,3.624,-0.029,0.06042358552970763,-0.012368537143965217,-2.013756990785951
1440170748514378,51.7586211153,-1.2605385097,111.80793,5735623.390458493,620051.8818274578,-111.80793,30U,-7.53,3.622,-0.007,0.06118709999921601,-0.013258600000835083,-2.0130030071702794
1440170748621044,51.7586143337,-1.2605332597,111.808693,5735622.644943565,620052.2621272649,-111.808693,30U,-7.563,3.627,-0.008,0.05969748507774501,-0.01397488612607454,-2.012466801689508
1440170748725806,51.7586075226,-1.2605280015,111.809921,5735621.896161579,620052.6430713232,-111.809921,30U,-7.594,3.638,-0.007,0.05913082858618638,-0.014925021112676302,-2.011733691391385
1440170748817234,51.7586006835,-1.2605227286,111.809273,5735621.144290041,620053.0251042331,-111.809273,30U,-7.623,3.651,0.007,0.06033932082398184,-0.01471413089348937,-2.0108599361614985
1440170748908662,51.7585938187,-1.260517435,111.808556,5735620.389594601,620053.4086339639,-111.808556,30U,-7.656,3.655,0.0,0.060242250897588216,-0.015317943280614688,-2.009583700413919
1440170749014376,51.7585869193,-1.2605121487,111.807793,5735619.631039437,620053.7917517947,-111.807793,30U,-7.696,3.653,0.007,0.06009096346640804,-0.017308831575867822,-2.0082833175823533
1440170749121042,51.7585799884,-1.2605068504,111.807045,5735618.869001054,620054.1757814314,-111.807045,30U,-7.727,3.667,0.008,0.06121059884522948,-0.01910880322607379,-2.006746707229057
1440170749227707,51.7585730277,-1.2605015366,111.805885,5735618.103674266,620054.5609599072,-111.805885,30U,-7.765,3.671,0.027,0.06249402669846622,-0.02174517060048939,-2.0051292930183147
1440170749329373,51.7585660326,-1.2604962288,111.8013,5735617.334512133,620054.945815669,-111.8013,30U,-7.8,3.661,0.059,0.06245571628679795,-0.0234189982945188,-2.003616689023107
1440170749409373,51.7585590102,-1.2604909305,111.794525,5735616.562298457,620055.3300883458,-111.794525,30U,-7.826,3.661,0.075,0.06348280421369426,-0.02318173447481815,-2.0021821061847462
1440170749489372,51.7585519648,-1.2604856263,111.785492,5735615.7875367785,620055.7148293116,-111.785492,30U,-7.853,3.667,0.095,0.0640079000000799,-0.021004000000125995,-2.0006278071638266
1440170749587705,51.7585448948,-1.2604803227,111.776123,5735615.010038464,620056.0995942358,-111.776123,30U,-7.876,3.66,0.082,0.06529742483642724,-0.019745575321855634,-1.999131684958518
1440170749694371,51.7585378052,-1.2604750252,111.769684,5735614.2303504925,620056.4839902902,-111.769684,30U,-7.896,3.657,0.045,0.06600456475221717,-0.01959950220318746,-1.997873393255138
1440170749801038,51.7585306967,-1.2604697344,111.766533,5735613.448549723,620056.8679742113,-111.766533,30U,-7.922,3.648,0.022,0.06519767217491235,-0.020616598636733565,-1.9966514952794936
1440170749907703,51.7585235674,-1.2604644518,111.762657,5735612.664422391,620057.2514475213,-111.762657,30U,-7.939,3.656,0.052,0.06739690103035062,-0.021899386753495606,-1.9954751333454595
1440170750014370,51.758516426,-1.260459156,111.758286,5735611.87897122,620057.6358639976,-111.758286,30U,-7.951,3.659,0.047,0.06980969916094303,-0.023791390611742236,-1.9941971115500972
1440170750121036,51.7585092751,-1.2604538693,111.752541,5735611.092448638,620058.0196777778,-111.752541,30U,-7.959,3.64,0.068,0.07128254946191034,-0.02487882237075642,-1.993103552521274
1440170750227702,51.7585021232,-1.2604486088,111.744965,5735610.3057717495,620058.4016862125,-111.744965,30U,-7.955,3.622,0.085,0.07105388292641084,-0.024336787017298862,-1.9918130828631535
1440170750331511,51.758494992,-1.2604433747,111.736671,5735609.521353399,620058.7818179349,-111.736671,30U,-7.914,3.609,0.082,0.07241607437686802,-0.02406086939414496,-1.9901420724534225
1440170750422938,51.758487894,-1.2604381745,111.730179,5735608.740571325,620059.1595221958,-111.730179,30U,-7.879,3.58,0.049,0.07346422602800819,-0.02596433709328147,-1.988566442245278
1440170750514366,51.7584808271,-1.2604330316,111.726212,5735607.963153466,620059.5331896855,-111.726212,30U,-7.849,3.53,0.013,0.06903510000063548,-0.03076079999919675,-1.987414907166068
1440170750621032,51.7584737907,-1.2604279703,111.722672,5735607.188993102,620059.9011450007,-111.722672,30U,-7.802,3.471,0.076,0.06553632252865384,-0.036708526330805354,-1.9864998994910605
1440170750725794,51.7584668069,-1.2604229292,111.709831,5735606.420648962,620060.2675668505,-111.709831,30U,-7.736,3.488,0.175,0.06918785677913435,-0.030548744767498127,-1.9848440885080136
1440170750817222,51.7584598678,-1.2604179144,111.691544,5735605.657232476,620060.6320552167,-111.691544,30U,-7.717,3.424,0.22,0.07041457039045632,-0.017669249855809102,-1.9828607199778052
1440170750908650,51.7584529566,-1.2604130007,111.672722,5735604.896752242,620060.9894925649,-111.672722,30U,-7.648,3.396,0.074,0.07100179438471785,-0.007096986152481876,-1.9818903963436307
1440170751000195,51.7584461178,-1.2604080868,111.676056,5735604.1443237,620061.346751762,-111.676056,30U,-7.577,3.382,-0.118,0.0725404066097225,-0.009810701730162397,-1.9795735988390308
1440170751091749,51.7584393269,-1.2604032295,111.691704,5735603.397128791,620061.6999779165,-111.691704,30U,-7.535,3.326,-0.163,0.07362886108106381,-0.018564567611077398,-1.9776912889565836
1440170751194637,51.7584325791,-1.260398434,111.703194,5735602.6546251625,620062.0488248948,-111.703194,30U,-7.483,3.295,-0.054,0.075917004564129,-0.023804399055057508,-1.9757814846057238
1440170751301303,51.7584258737,-1.2603937033,111.702667,5735601.916730031,620062.3930875154,-111.702667,30U,-7.44,3.244,0.038,0.07537763621863082,-0.021867363651347546,-1.9737806151704134
1440170751407970,51.7584192077,-1.2603890466,111.69651,5735601.183094631,620062.7321388212,-111.69651,30U,-7.393,3.198,0.081,0.07508663529776556,-0.018715451698412766,-1.9718611756596045
1440170751514636,51.7584125909,-1.2603844424,111.689644,5735600.45484418,620063.0674365736,-111.689644,30U,-7.33,3.168,0.031,0.07557899999966405,-0.016215899999891936,-1.969832707175753
1440170751621302,51.7584060253,-1.2603798881,111.689774,5735599.732205366,620063.3991548956,-111.689774,30U,-7.282,3.122,-0.027,0.0735614766326313,-0.01623174581624552,-1.9676519703385578
1440170751727968,51.7583995017,-1.2603754023,111.691727,5735599.014124474,620063.7260345649,-111.691727,30U,-7.232,3.078,-0.031,0.07074770070759671,-0.017328102728287487,-1.9655830069348408
1440170751834635,51.7583930247,-1.2603709709,111.694588,5735598.301136259,620064.0490364454,-111.694588,30U,-7.18,3.042,-0.013,0.06982358460602749,-0.018079875924604066,-1.963268878492453
1440170751937491,51.7583865965,-1.2603665933,111.696716,5735597.593486369,620064.3681961081,-111.696716,30U,-7.127,3.005,-0.014,0.0708930170445199,-0.018603596295546025,-1.9614222320570756
1440170752028920,51.7583802137,-1.2603622756,111.696671,5735596.890786654,620064.6831015948,-111.696671,30U,-7.074,2.967,0.007,0.07184174794166372,-0.018446744899572813,-1.9600910931556041
1440170752120348,51.7583738738,-1.2603580148,111.696869,5735596.192764038,620064.9939665706,-111.696869,30U,-7.031,2.921,-0.005,0.07137338599549502,-0.020478673092004823,-1.9591288772041238
1440170752211777,51.7583675786,-1.2603537923,111.69651,5735595.499649312,620065.3020698837,-111.69651,30U,-6.973,2.916,-0.005,0.07380009082055553,-0.024865517308734778,-1.9581892156015146
1440170752303205,51.7583613364,-1.2603495846,111.696594,5735594.812404174,620065.6090113012,-111.696594,30U,-6.924,2.888,0.019,0.07464226797758299,-0.028883739339337088,-1.9566305358914389
1440170752407966,51.7583551342,-1.2603454386,111.693726,5735594.129505733,620065.9115886361,-111.693726,30U,-6.885,2.843,0.06,0.07407799705964185,-0.028495403118256102,-1.9552878042512765
1440170752514632,51.7583489721,-1.2603413401,111.685829,5735593.450988486,620066.2107815944,-111.685829,30U,-6.833,2.823,0.109,0.07298860000054873,-0.025986300000683974,-1.9536061071730824
1440170752606061,51.7583428524,-1.2603372858,111.673729,5735592.77711364,620066.506811812,-111.673729,30U,-6.787,2.778,0.103,0.07217583454040927,-0.02230151943404914,-1.9518103788336763
1440170752697489,51.7583367745,-1.2603332868,111.667381,5735592.107796197,620066.7989148435,-111.667381,30U,-6.737,2.749,0.032,0.07269123737201323,-0.022932201102177054,-1.9506315054930219
1440170752801298,51.7583307428,-1.2603293229,111.665413,5735591.443558717,620067.088473061,-111.665413,30U,-6.69,2.723,0.035,0.07161919716727223,-0.024792889666081796,-1.9495486606215973
1440170752907964,51.7583247525,-1.2603254118,111.662399,5735590.78383827,620067.3742776804,-111.662399,30U,-6.643,2.685,0.023,0.07186231028517334,-0.02451132445417441,-1.9486682223689251
1440170753014631,51.7583188076,-1.2603215349,111.659081,5735590.129110304,620067.6576017148,-111.659081,30U,-6.588,2.675,0.059,0.07452618636290696,-0.02441387065308379,-1.948032056715717
1440170753121297,51.7583129101,-1.2603176801,111.652611,5735589.4796171505,620067.9392749052,-111.652611,30U,-6.541,2.645,0.071,0.07477445127213561,-0.023040989169168562,-1.9472544425113438
1440170753227964,51.7583070563,-1.2603138767,111.646736,5735588.834899108,620068.2172850076,-111.646736,30U,-6.486,2.614,0.044,0.07476919336478954,-0.021474780749235815,-1.9468173691839048
1440170753334630,51.7583012509,-1.2603101122,111.643318,5735588.195499428,620068.4924822028,-111.643318,30U,-6.431,2.592,0.03,0.07441262234378904,-0.0202691258321188,-1.9464648058333114
1440170753441296,51.7582954973,-1.2603063658,111.639717,5735587.561830449,620068.7662929269,-111.639717,30U,-6.373,2.579,0.029,0.07447292423215432,-0.018724011894367305,-1.9457473875112408
1440170753539629,51.7582897928,-1.2603026561,111.636925,5735586.933561297,620069.0374407113,-111.636925,30U,-6.322,2.546,0.027,0.07469260000071815,-0.018000800000713975,-1.9451471071713573
1440170753619629,51.7582841365,-1.2602989878,111.635849,5735586.310584145,620069.3056035845,-111.635849,30U,-6.267,2.52,-0.003,0.07362171106751164,-0.017801220719357153,-1.944696318086725
1440170753699628,51.7582785273,-1.2602953661,111.636314,5735585.692768108,620069.570425599,-111.636314,30U,-6.213,2.487,-0.012,0.072584882585469,-0.01764083485362507,-1.944176336418735
1440170753801295,51.7582729725,-1.2602917749,111.637154,5735585.080951495,620069.8329984855,-111.637154,30U,-6.149,2.471,-0.0,0.07335726160493754,-0.018027651193124206,-1.9435254384064042
1440170753907961,51.7582674757,-1.2602882219,111.6371,5735584.475521972,620070.0927812961,-111.6371,30U,-6.083,2.442,0.001,0.07415528894985844,-0.01797641966918046,-1.9428413441095276
1440170754014628,51.7582620418,-1.2602847199,111.637047,5735583.877003379,620070.3488776742,-111.637047,30U,-6.009,2.397,-0.002,0.07410978151070398,-0.018173863754872968,-1.9418335892715501
1440170754120341,51.7582566791,-1.2602812832,111.637405,5735583.286295181,620070.6002787218,-111.637405,30U,-5.925,2.35,0.004,0.07314120406448336,-0.01907443923422775,-1.940943007671411
1440170754211770,51.7582513986,-1.2602779039,111.63739,5735582.704633658,620070.8475004523,-111.63739,30U,-5.824,2.32,0.0,0.07325125344950938,-0.01956662635760149,-1.9399508095639213
1440170754303199,51.7582462111,-1.2602745747,111.637947,5735582.13323185,620071.0910180027,-111.637947,30U,-5.721,2.278,-0.012,0.07413771237949746,-0.019530306556776983,-1.939159232533546
1440170754407960,51.7582411101,-1.2602713149,111.638672,5735581.571335147,620071.3295166746,-111.638672,30U,-5.632,2.226,-0.003,0.07382956606837224,-0.02072611077974521,-1.9398118432723783
1440170754514626,51.7582360908,-1.2602681187,111.637634,5735581.018419301,620071.5634094717,-111.637634,30U,-5.541,2.198,0.024,0.07382379999968781,-0.02055680000009546,-1.9415289071789361
1440170754621292,51.7582311429,-1.2602649351,111.634804,5735580.473422855,620071.7962433452,-111.634804,30U,-5.475,2.193,0.026,0.07295091429283429,-0.019159795515991635,-1.942728382124282
1440170754726054,51.7582262524,-1.2602617694,111.633415,5735579.934780191,620072.0276896693,-111.633415,30U,-5.411,2.182,0.005,0.07330633548394228,-0.01862386341486735,-1.9437072413435235
1440170754817482,51.7582214119,-1.2602586333,111.632584,5735579.401649121,620072.2569606293,-111.632584,30U,-5.36,2.154,0.014,0.07278643808044856,-0.01913348817166698,-1.9450385171137148
1440170754908911,51.7582166209,-1.2602555241,111.630692,5735578.873978488,620072.4842438835,-111.630692,30U,-5.298,2.143,0.01,0.07315967242653365,-0.019614629017193057,-1.9464076669301003
1440170755014625,51.7582118911,-1.2602524142,111.631798,5735578.353114842,620072.711413133,-111.631798,30U,-5.238,2.143,0.008,0.07362826254832211,-0.020984273564608316,-1.94755992335389
1440170755120338,51.758207206,-1.2602493453,111.6306,5735577.837154628,620072.9356343345,-111.6306,30U,-5.187,2.102,0.004,0.07309603899784162,-0.021010967584883414,-1.9500276608068332
1440170755211767,51.7582025712,-1.2602463047,111.629623,5735577.326741511,620073.1577690868,-111.629623,30U,-5.129,2.097,0.02,0.07186318098630394,-0.021459583661293215,-1.953270712050382
1440170755303194,51.7581979905,-1.2602432681,111.626694,5735576.822338077,620073.3794843084,-111.626694,30U,-5.065,2.1,0.035,0.07072339126610144,-0.02125950162562805,-1.9569441469314266
1440170755407957,51.7581934675,-1.260240226,111.622307,5735576.324360312,620073.6014260679,-111.622307,30U,-5.0,2.101,0.039,0.07062955687645373,-0.020105403418710355,-1.9613179006900745
1440170755514623,51.7581890022,-1.2602371863,111.620186,5735575.832795208,620073.8230491639,-111.620186,30U,-4.937,2.099,0.015,0.07059309999921509,-0.02059059999926569,-1.9673081071750327
1440170755621289,51.7581845965,-1.2602341374,111.61834,5735575.347873157,620074.0451491007,-111.61834,30U,-4.867,2.107,0.023,0.0707734066620757,-0.020312752609191083,-1.9747623452642882
1440170755726051,51.7581802583,-1.2602310666,111.616287,5735574.870493596,620074.268581377,-111.616287,30U,-4.786,2.13,0.024,0.07129029420338644,-0.020158185864916703,-1.9838083768115444
1440170755817479,51.7581759978,-1.2602279721,111.613541,5735574.401793794,620074.4934431537,-111.613541,30U,-4.692,2.139,0.019,0.07168314673443299,-0.020685655494561927,-1.995007527105913
1440170755908907,51.7581718337,-1.2602248705,111.611954,5735573.943825976,620074.7185392159,-111.611954,30U,-4.573,2.143,0.022,0.07051801017869844,-0.021266217601975175,-2.0085178014154415
1440170756014621,51.7581677876,-1.2602217524,111.60952,5735573.4990076795,620074.9444609733,-111.60952,30U,-4.428,2.165,0.016,0.0699284521905348,-0.02124409037531426,-2.023648428895639
1440170756120335,51.7581638809,-1.2602185982,111.608139,5735573.069750983,620075.1725042975,-111.608139,30U,-4.27,2.18,0.011,0.06775948492006377,-0.021763698137927945,-2.040202831803857
1440170756211764,51.7581601123,-1.2602154315,111.606728,5735572.655872468,620075.4010439408,-111.606728,30U,-4.118,2.188,0.022,0.06683700049888695,-0.022519367741657033,-2.0585225184530342
1440170756303192,51.7581564863,-1.2602122406,111.603302,5735572.257891823,620075.6308754097,-111.603302,30U,-3.955,2.217,0.046,0.0673865951473516,-0.02240751591846058,-2.0784722539084886
1440170756407953,51.7581529977,-1.260209015,111.598816,5735571.875248064,620075.8627371282,-111.598816,30U,-3.812,2.23,0.033,0.06667142146530676,-0.02178312067148028,-2.099780674133773
1440170756514619,51.7581496402,-1.26020576,111.595894,5735571.507231865,620076.0962800431,-111.595894,30U,-3.663,2.261,0.028,0.0662289000001051,-0.021819900000043545,-2.1221194071761906
1440170756621286,51.7581464113,-1.2602024697,111.592216,5735571.153574925,620076.3319179588,-111.592216,30U,-3.526,2.273,0.045,0.06408217314438765,-0.021618064884119177,-2.1453024739795095
1440170756726048,51.7581433089,-1.2601991559,111.588547,5735570.814024283,620076.568842098,-111.588547,30U,-3.381,2.296,0.03,0.06375492436342432,-0.02130720207098766,-2.169427870121199
1440170756817476,51.7581403343,-1.2601958068,111.584419,5735570.488743935,620076.8078633568,-111.584419,30U,-3.244,2.318,0.054,0.06134238756970745,-0.02071037275143556,-2.193472022879177
1440170756908904,51.7581374801,-1.2601924406,111.580017,5735570.176880988,620077.0477453398,-111.580017,30U,-3.109,2.324,0.035,0.05803559512163997,-0.020372557099663503,-2.217008121968153
1440170757014618,51.758134759,-1.2601890665,111.578178,5735569.87983262,620077.2878194363,-111.578178,30U,-2.952,2.325,-0.004,0.05297887264640344,-0.02178714416504227,-2.2409846906556656
1440170757121284,51.7581321797,-1.2601856994,111.579239,5735569.598541792,620077.5270342776,-111.579239,30U,-2.793,2.32,-0.003,0.04955578638827481,-0.023981637397677162,-2.2657516908616055
1440170757227951,51.7581297462,-1.260182335,111.578743,5735569.333460407,620077.7656760045,-111.578743,30U,-2.629,2.321,0.01,0.04741816018891339,-0.024788057514353472,-2.290063861458428
1440170757329617,51.7581274586,-1.2601789777,111.576126,5735569.084592344,620078.0034406914,-111.576126,30U,-2.469,2.302,0.048,0.04768896726985131,-0.023984961420870816,-2.3124581769717905
1440170757409617,51.7581253071,-1.260175665,111.570122,5735568.8507860415,620078.2377663692,-111.570122,30U,-2.326,2.263,0.058,0.052015602095430345,-0.02013577545160333,-2.3350827985934233
1440170757489616,51.7581232758,-1.2601724205,111.565086,5735568.630234461,620078.4670665236,-111.565086,30U,-2.202,2.212,0.04,0.05375269999942648,-0.01869179999995406,-2.36020200716744
1440170757587949,51.7581213623,-1.2601692414,111.561829,5735568.422675315,620078.6915407524,-111.561829,30U,-2.058,2.175,0.026,0.052343600130533595,-0.019903761892961287,-2.3864235691004088
1440170757694615,51.7581195777,-1.2601661079,111.559395,5735568.229375597,620078.9125260529,-111.559395,30U,-1.923,2.143,0.026,0.050104405821802596,-0.021120031340592912,-2.4127464328229564
1440170757801282,51.7581179129,-1.2601630353,111.556557,5735568.049298136,620079.1289906759,-111.556557,30U,-1.789,2.094,0.023,0.049110211853519235,-0.021865498112543326,-2.4412204997763087
1440170757907948,51.7581163667,-1.2601600247,111.554993,5735567.882307672,620079.3408618865,-111.554993,30U,-1.658,2.06,0.014,0.04834156676876313,-0.022801531514231397,-2.4724186563454476
1440170758014615,51.7581149376,-1.260157052,111.553017,5735567.728277076,620079.5498068663,-111.553017,30U,-1.534,2.037,0.024,0.045992235745711686,-0.023994121137423417,-2.5042220556444117
1440170758121281,51.7581136173,-1.2601541162,111.550629,5735567.586284979,620079.7559166448,-111.550629,30U,-1.407,2.014,0.024,0.045655213218675626,-0.025782284919654647,-2.535366761225956
1440170758227947,51.7581124234,-1.2601512086,111.549004,5735567.458302939,620079.9597449364,-111.549004,30U,-1.259,1.987,0.009,0.050094337345469746,-0.02880208756952511,-2.565164699337788
1440170758331756,51.758111351,-1.2601483735,111.54705,5735567.343713107,620080.1582474831,-111.54705,30U,-1.146,1.912,0.028,0.052368265905430283,-0.030804112220813935,-2.594036151965853
1440170758423185,51.7581103653,-1.260145671,111.544167,5735567.23854655,620080.3473689586,-111.544167,30U,-1.05,1.817,0.031,0.05422278625933766,-0.029906267342235154,-2.621913911315218
1440170758514613,51.7581094809,-1.2601430991,111.540527,5735567.1444301745,620080.52720865,-111.540527,30U,-0.929,1.726,0.04,0.05363119999961567,-0.028870700000203406,-2.647872707174874
1440170758621279,51.7581086981,-1.2601406722,111.536598,5735567.06137363,620080.6967719797,-111.536598,30U,-0.823,1.622,0.041,0.05171747893967331,-0.028815665328770404,-2.671756485677051
1440170758726041,51.7581080072,-1.260138394,111.531944,5735566.988292125,620080.8558293335,-111.531944,30U,-0.721,1.52,0.048,0.051571451508488964,-0.02831929960616938,-2.693784305208013
1440170758817469,51.7581074069,-1.2601362658,111.527878,5735566.925038949,620081.0042944446,-111.527878,30U,-0.626,1.415,0.035,0.05227161625955653,-0.027931018357723842,-2.714292263612379
1440170758908897,51.7581068786,-1.2601342903,111.524712,5735566.869541216,620081.142030324,-111.524712,30U,-0.562,1.311,0.028,0.05197635438086724,-0.027840838273886774,-2.733309761327917
1440170759000325,51.7581064016,-1.2601324556,111.522095,5735566.819516553,620081.2699131389,-111.522095,30U,-0.504,1.221,0.025,0.05114776847622552,-0.027726893889928977,-2.750727406684712
1440170759091754,51.7581059797,-1.2601307419,111.519691,5735566.775420137,620081.3892992537,-111.519691,30U,-0.441,1.144,0.023,0.04957779139825487,-0.028032822711370312,-2.7659434136473355
1440170759194611,51.758105611,-1.2601291364,111.516914,5735566.737061753,620081.5010770711,-111.516914,30U,-0.388,1.072,0.036,0.049457671545475326,-0.028324207972935486,-2.7793963294388737
1440170759301277,51.7581052781,-1.2601276267,111.512672,5735566.702526827,620081.6061485094,-111.512672,30U,-0.358,1.01,0.045,0.04950426540845594,-0.027410897272833194,-2.7925371232878877
1440170759407943,51.7581049747,-1.2601262017,111.50843,5735566.671133035,620081.7052963204,-111.50843,30U,-0.32,0.956,0.039,0.04992943229346949,-0.02611561652212703,-2.804839881937659
1440170759514609,51.7581047064,-1.2601248547,111.505005,5735566.643514162,620081.7989680318,-111.505005,30U,-0.286,0.899,0.03,0.04997569999979146,-0.0249598000001635,-2.8153825071734695
1440170759621276,51.7581044584,-1.2601235967,111.502663,5735566.618006244,620081.8864437697,-111.502663,30U,-0.268,0.837,0.019,0.04912219742917308,-0.024279442643456287,-2.825415109432921
1440170759727942,51.7581042319,-1.2601224218,111.500595,5735566.594752441,620081.9681275262,-111.500595,30U,-0.237,0.786,0.023,0.04848510600620595,-0.02378477311908881,-2.835074484446287
1440170759834609,51.7581040361,-1.2601213102,111.497955,5735566.574808454,620082.0453613393,-111.497955,30U,-0.206,0.749,0.028,0.04845354684049835,-0.023004379175939983,-2.843585792070414
1440170759937465,51.7581038553,-1.2601202483,111.495071,5735566.55645073,620082.1191254336,-111.495071,30U,-0.204,0.718,0.029,0.048150621165213014,-0.02239641731564195,-2.8517697919563556
1440170760028893,51.7581036734,-1.2601192193,111.492393,5735566.537916515,620082.1906219345,-111.492393,30U,-0.201,0.704,0.025,0.04744927487511106,-0.02224982247617245,-2.860278884042077
1440170760120322,51.7581035018,-1.2601182012,111.489731,5735566.520509778,620082.261338872,-111.489731,30U,-0.183,0.7,0.028,0.045881909258251,-0.0223475184364608,-2.868204091759974
1440170760211750,51.7581033427,-1.2601171957,111.486923,5735566.504472376,620082.3311530882,-111.486923,30U,-0.176,0.685,0.027,0.04445483619117928,-0.022348214187532495,-2.875670877562274
1440170760303178,51.7581031894,-1.2601162198,111.484505,5735566.489031237,620082.3989091456,-111.484505,30U,-0.167,0.66,0.019,0.043620428218964086,-0.022265436821724646,-2.8837151697582595
1440170760407940,51.758103049,-1.2601152825,111.482872,5735566.474961103,620082.463967095,-111.482872,30U,-0.147,0.631,0.015,0.043197181110606594,-0.022672887246492322,-2.8918449447601624
1440170760514606,51.7581029292,-1.2601143983,111.481354,5735566.463094396,620082.5253058238,-111.481354,30U,-0.125,0.585,0.015,0.04298469999937186,-0.023086400000858286,-2.8988374071789433
1440170760606034,51.7581028233,-1.2601135965,111.480011,5735566.452637785,620082.5809210426,-111.480011,30U,-0.114,0.519,0.013,0.0425827057705519,-0.02332116336238876,-2.9048488113159863
1440170760697462,51.7581027274,-1.2601128946,111.47863,5735566.443128757,620082.6296153776,-111.47863,30U,-0.099,0.45,0.015,0.041719434251770895,-0.02332023057989668,-2.9107149866932365
1440170760801272,51.7581026508,-1.2601122859,111.476875,5735566.43561256,620082.6718265386,-111.476875,30U,-0.073,0.39,0.02,0.041232616207980584,-0.02308805491681904,-2.9158641901512783
1440170760907939,51.7581025964,-1.2601117596,111.47496,5735566.430429476,620082.708292168,-111.47496,30U,-0.055,0.335,0.017,0.04099515851536129,-0.022851036349039556,-2.91989889240971
1440170761014605,51.7581025504,-1.260111312,111.473305,5735566.426050945,620082.7393042238,-111.473305,30U,-0.051,0.282,0.017,0.040725432442492854,-0.022687183503685447,-2.9234905549151997
1440170761121271,51.7581025099,-1.2601109356,111.471367,5735566.4221668225,620082.7653879947,-111.471367,30U,-0.039,0.239,0.021,0.04020406294278686,-0.02224038953530677,-2.9266876259832038
1440170761227937,51.7581024827,-1.2601106167,111.469482,5735566.419667069,620082.787468259,-111.469482,30U,-0.024,0.201,0.016,0.039727271283223835,-0.02192446934094294,-2.929102152134618
1440170761334603,51.7581024652,-1.2601103519,111.46814,5735566.418156946,620082.8057892089,-111.46814,30U,-0.018,0.164,0.012,0.03949683042157215,-0.021838779544212296,-2.931066784694933
1440170761441270,51.7581024519,-1.2601101389,111.467102,5735566.417028601,620082.8205241661,-111.467102,30U,-0.013,0.13,0.009,0.03917429116026791,-0.02172870605793465,-2.9329138803431527
1440170761539603,51.7581024462,-1.2601099717,111.466156,5735566.416670014,620082.8320781856,-111.466156,30U,-0.002,0.1,0.01,0.039024100000061505,-0.021671600000074787,-2.934271107169646
1440170761619603,51.7581024486,-1.2601098469,111.465202,5735566.417142388,620082.8406845836,-111.465202,30U,0.005,0.072,0.009,0.03880628969350742,-0.021612506083755402,-2.9350736126140395
1440170761699602,51.7581024546,-1.2601097619,111.464371,5735566.417949576,620082.8465347302,-111.464371,30U,0.008,0.045,0.008,0.03869355302852278,-0.021528302019494468,-2.935750565634482
1440170761801268,51.7581024653,-1.260109712,111.463699,5735566.419221643,620082.8499500683,-111.463699,30U,0.015,0.025,0.007,0.03863800403822982,-0.021493971361691813,-2.9361962776784933
1440170761907935,51.7581024821,-1.2601096878,111.463043,5735566.421129753,620082.851575599,-111.463043,30U,0.02,0.007,0.005,0.03865080826755063,-0.021426461153560047,-2.9362589589445576
1440170762014601,51.7581025007,-1.2601096844,111.462494,5735566.423203789,620082.8517608943,-111.462494,30U,0.019,-0.0,0.007,0.03860104686585176,-0.021351303986023532,-2.9362019408181306
1440170762120315,51.7581025165,-1.260109679,111.461914,5735566.42496974,620082.8520916421,-111.461914,30U,0.018,0.007,0.003,0.03849187959640966,-0.021145546918047726,-2.9362735102257704
1440170762211744,51.7581025343,-1.2601096686,111.461937,5735566.426966337,620082.8527621479,-111.461937,30U,0.021,0.005,-0.001,0.03854670002693165,-0.02130750217686188,-2.9362064856380496
1440170762303172,51.7581025519,-1.2601096632,111.461884,5735566.428932456,620082.8530881199,-111.461884,30U,0.018,0.002,0.003,0.03855774896466109,-0.021438004038666428,-2.9362009245478142
1440170762407933,51.7581025682,-1.2601096584,111.461563,5735566.430753022,620082.8533761345,-111.461563,30U,0.018,0.004,0.002,0.038542040769264346,-0.02133815096137836,-2.936268293785702
1440170762514599,51.7581025859,-1.2601096496,111.461372,5735566.432735863,620082.853936485,-111.461372,30U,0.018,0.006,0.002,0.038531499999854585,-0.021425900000534934,-2.936189107167795
1440170762621266,51.7581025877,-1.260109646,111.461365,5735566.432941961,620082.8541801547,-111.461365,30U,0.018,0.003,0.004,0.0385409346965215,-0.021458157119919757,-2.9362221163530444
1440170762726028,51.7581025906,-1.2601096456,111.461296,5735566.433265118,620082.854200066,-111.461296,30U,0.019,0.002,0.004,0.038539775504682856,-0.02140406734879984,-2.9362207326211065
1440170762817456,51.7581025933,-1.2601096429,111.461258,5735566.4335698215,620082.8543792359,-111.461258,30U,0.017,0.005,0.003,0.03855631224801809,-0.02141025717295467,-2.936190028579466
1440170762908884,51.7581025945,-1.2601096385,111.461281,5735566.433710513,620082.8546797078,-111.461281,30U,0.017,0.004,0.003,0.03854547134655417,-0.021458932787872573,-2.9362204796007254
1440170763014597,51.7581025967,-1.2601096364,111.46122,5735566.4339586245,620082.8548187972,-111.46122,30U,0.018,0.001,0.004,0.038546424495293295,-0.021434342826587932,-2.9361885591518626
1440170763120311,51.758102603,-1.2601096351,111.461075,5735566.434661364,620082.8548917986,-111.461075,30U,0.016,0.002,0.003,0.03853931020164961,-0.021395830632168863,-2.9362021755300085
1440170763211740,51.7581026205,-1.2601096315,111.460678,5735566.436613401,620082.855093814,-111.460678,30U,0.016,0.003,0.003,0.03854318775252487,-0.02144258777942765,-2.936211379558725
1440170763303169,51.7581026426,-1.2601096269,111.460182,5735566.439078635,620082.8553526379,-111.460182,30U,0.016,0.001,0.004,0.03853564285299346,-0.021440071414326668,-2.9361820530531033
1440170763407930,51.7581026608,-1.2601096231,111.459778,5735566.441108847,620082.8555665992,-111.459778,30U,0.016,0.001,0.003,0.03853707754854519,-0.02141014283643537,-2.9362086939333385
1440170763514596,51.7581026677,-1.2601096217,111.459618,5735566.441878475,620082.8556449099,-111.459618,30U,0.015,0.001,0.003,0.03854719999918516,-0.021423500000025845,-2.936192807178543
1440170763621262,51.758102681,-1.2601096207,111.459351,5735566.443359165,620082.8556786362,-111.459351,30U,0.014,-0.0,0.003,0.03855248570613555,-0.021437265303625913,-2.936174702040453
1440170763726024,51.7581026937,-1.2601096216,111.459084,5735566.444770005,620082.8555828303,-111.459084,30U,0.015,-0.001,0.002,0.038537322449655166,-0.021406320403057885,-2.9361955224396197
1440170763817452,51.7581027069,-1.2601096218,111.458885,5735566.446237597,620082.8555340072,-111.458885,30U,0.015,-0.001,0.001,0.03854155714725527,-0.02140282654012939,-2.9361714979475595
1440170763908881,51.7581027192,-1.2601096213,111.458786,5735566.447606258,620082.8555358791,-111.458786,30U,0.013,-0.001,0.001,0.038552265288504306,-0.021424567356129902,-2.9361739837502
1440170764014595,51.7581027311,-1.2601096218,111.458694,5735566.448928789,620082.8554698009,-111.458694,30U,0.014,-0.002,0.001,0.03854125916544675,-0.0214097510100183,-2.936179008151691
1440170764120308,51.7581027435,-1.2601096248,111.458633,5735566.450302809,620082.8552298654,-111.458633,30U,0.014,-0.002,0.0,0.0385259551010383,-0.021388499999728406,-2.936166620398072
1440170764211737,51.7581027559,-1.2601096276,111.458618,5735566.451677157,620082.8550037313,-111.458618,30U,0.014,-0.002,0.0,0.038536561238264544,-0.0213989244953034,-2.9361691428526266
1440170764303166,51.7581027686,-1.2601096302,111.458588,5735566.453085195,620082.8547906039,-111.458588,30U,0.014,-0.003,0.0,0.03855905714653132,-0.02139618366166199,-2.9361594081565507
1440170764407927,51.7581027807,-1.2601096331,111.458572,5735566.454426018,620082.8545583653,-111.458572,30U,0.014,-0.003,0.0,0.03855672851079003,-0.02137663471216661,-2.9361567224438976
1440170764514593,51.7581027936,-1.2601096374,111.458595,5735566.455853499,620082.8542273864,-111.458595,30U,0.014,-0.004,-0.0,0.038552799999791255,-0.021380699999382864,-2.9361626071705365
1440170764621259,51.7581027946,-1.2601096326,111.458427,5735566.455972607,620082.854555993,-111.458427,30U,0.014,-0.005,-0.001,0.03855004896470037,-0.021383832650714696,-2.9361534734436816
1440170764726021,51.7581027957,-1.2601096292,111.458328,5735566.456100532,620082.8547877175,-111.458328,30U,0.014,-0.006,-0.001,0.03854977550476784,-0.021366567349353813,-2.93615467143768
1440170764817449,51.758102797,-1.2601096259,111.458244,5735566.456250534,620082.8550120102,-111.458244,30U,0.014,-0.006,-0.002,0.03855728979820549,-0.021363571439332887,-2.936155532635493
1440170764908878,51.758102798,-1.2601096225,111.458191,5735566.456367339,620082.8552439996,-111.458191,30U,0.014,-0.007,-0.002,0.038562538703143266,-0.021370587739720396,-2.9361418734095137
1440170765014592,51.7581027983,-1.2601096201,111.458138,5735566.4564046515,620082.8554088335,-111.458138,30U,0.014,-0.008,-0.002,0.03855367959686504,-0.021356744899868312,-2.936147293878572
1440170765121258,51.7581028034,-1.2601096246,111.458237,5735566.456964395,620082.8550847458,-111.458237,30U,0.014,-0.007,-0.002,0.03854085305525508,-0.021349397953835333,-2.936145955088863
1440170765227924,51.7581028179,-1.2601096381,111.458519,5735566.458554659,620082.8541146062,-111.458519,30U,0.014,-0.008,-0.002,0.0385628693941673,-0.02135740204600228,-2.9361371877415245
1440170765329590,51.7581028363,-1.2601096552,111.458885,5735566.4605727,620082.8528856752,-111.458885,30U,0.014,-0.009,-0.002,0.03855829184408893,-0.02133938161572322,-2.9361370081471447
1440170765409590,51.7581028513,-1.2601096691,111.459183,5735566.46221791,620082.8518866036,-111.459183,30U,0.013,-0.009,-0.003,0.03857354283652548,-0.021336885815836818,-2.9361345245087125
1440170765489590,51.758102857,-1.2601096745,111.45929,5735566.462842894,620082.8514988135,-111.45929,30U,0.012,-0.01,-0.003,0.03856009999995801,-0.02136309999972199,-2.936139307164648
1440170765587923,51.7581028683,-1.2601096901,111.459572,5735566.46407384,620082.8503922378,-111.459572,30U,0.013,-0.012,-0.003,0.03857504489829567,-0.021355663256498996,-2.936130177539318
1440170765694589,51.7581028799,-1.2601097064,111.459915,5735566.465336996,620082.8492365566,-111.459915,30U,0.013,-0.012,-0.004,0.038606300025902256,-0.021351714293732053,-2.9361359469346
1440170765801255,51.7581028918,-1.2601097221,111.460258,5735566.466634502,620082.8481214882,-111.460258,30U,0.013,-0.012,-0.003,0.03865245512707155,-0.021357942853724304,-2.9361146632552364
1440170765907921,51.7581029026,-1.2601097377,111.460594,5735566.467809845,620082.8470162391,-111.460594,30U,0.012,-0.012,-0.004,0.03866276115493291,-0.021353626586416284,-2.936114336773947
1440170766014588,51.7581029127,-1.2601097536,111.46096,5735566.468906849,620082.8458921431,-111.46096,30U,0.013,-0.013,-0.004,0.03862831833180055,-0.021353432650665787,-2.936114793858225
1440170766121255,51.7581029245,-1.2601097722,111.461319,5735566.470188459,620082.8445772032,-111.461319,30U,0.013,-0.013,-0.004,0.0386212571729606,-0.02134648164130027,-2.936094699987266
1440170766227921,51.7581029364,-1.2601097911,111.461823,5735566.4714806955,620082.8432412939,-111.461823,30U,0.014,-0.014,-0.005,0.03866531224685001,-0.02136491429391404,-2.9361096550853083
1440170766331730,51.7581029481,-1.2601098115,111.462273,5735566.472748223,620082.8418023968,-111.462273,30U,0.013,-0.015,-0.004,0.038659536716735714,-0.021345891817751535,-2.936089795908774
1440170766423158,51.7581029582,-1.2601098286,111.462608,5735566.4738432495,620082.8405954863,-111.462608,30U,0.009,-0.005,0.001,0.03852586385871567,-0.021241543617049684,-2.93616385417338
1440170766514586,51.7581029606,-1.2601098057,111.462021,5735566.474147849,620082.8421695054,-111.462021,30U,-0.003,0.037,0.009,0.03785619999994507,-0.0204951000000249,-2.9369274071675413
1440170766621253,51.7581029554,-1.2601097161,111.461243,5735566.473717101,620082.8483668258,-111.461243,30U,-0.009,0.087,0.006,0.037638079569326854,-0.01966673023870307,-2.9380012863000515
1440170766726015,51.7581029431,-1.2601095525,111.460976,5735566.472618626,620082.8596899104,-111.460976,30U,-0.02,0.136,-0.001,0.037446322239321574,-0.01926028769969053,-2.939384849952971
1440170766817443,51.7581029175,-1.2601093212,111.461159,5735566.470152574,620082.8757204302,-111.461159,30U,-0.036,0.182,-0.002,0.03702732022025456,-0.019227989771017136,-2.941722697419893
1440170766908871,51.7581028818,-1.2601090212,111.461288,5735566.46667645,620082.8965189079,-111.461288,30U,-0.042,0.23,-0.001,0.03663126371499629,-0.019114289521969776,-2.9447034252579884
1440170767000299,51.7581028414,-1.2601086518,111.461533,5735566.462791923,620082.9221193263,-111.461533,30U,-0.05,0.276,-0.003,0.03605048746441047,-0.01902374080714139,-2.9479419753672094
1440170767091727,51.7581027913,-1.2601082198,111.461807,5735566.4579317635,620082.9520656648,-111.461807,30U,-0.062,0.32,-0.002,0.03553193230986865,-0.019030867321580505,-2.951880396188389
1440170767194555,51.7581027327,-1.2601077244,111.461983,5735566.4522307385,620082.9864099496,-111.461983,30U,-0.068,0.363,-0.002,0.03482461180137034,-0.018946185681131014,-2.9564891943973337
1440170767301183,51.7581026712,-1.2601071667,111.462433,5735566.446309789,620083.0250614095,-111.462433,30U,-0.072,0.404,-0.006,0.0340894079197235,-0.018982493968018446,-2.9614512149931977
1440170767407845,51.7581026047,-1.2601065535,111.462906,5735566.439924188,620083.0675563312,-111.462906,30U,-0.077,0.438,-0.004,0.033563252950610696,-0.019140630863562928,-2.9668448737517705
1440170767514511,51.7581025346,-1.2601058928,111.463333,5735566.433216452,620083.113338901,-111.463333,30U,-0.081,0.47,-0.005,0.032776600000200815,-0.0192180000003069,-2.9727320071648515
1440170767621177,51.7581024612,-1.2601051882,111.463692,5735566.426214016,620083.162159875,-111.463692,30U,-0.083,0.502,-0.001,0.03227377518928395,-0.019232838735502147,-2.9789428339835835
1440170767727843,51.7581023884,-1.2601044357,111.463936,5735566.419357172,620083.2142849595,-111.463936,30U,-0.083,0.533,-0.004,0.0314000422507423,-0.019268824600735538,-2.9852721830225857
1440170767834510,51.7581023103,-1.2601036442,111.464302,5735566.411975146,620083.2691155938,-111.464302,30U,-0.092,0.556,-0.003,0.030383366980852665,-0.01941490406542087,-2.9919736057846644
1440170767937366,51.7581022316,-1.2601028214,111.464775,5735566.404577932,620083.3261079136,-111.464775,30U,-0.081,0.575,-0.006,0.02985804611331603,-0.01930614418898744,-2.9990953779023966
1440170768028794,51.7581021642,-1.260101976,111.465363,5735566.39847456,620083.3846299356,-111.465363,30U,-0.071,0.588,-0.005,0.03040693952339381,-0.01897459362694888,-3.006292903924463
1440170768120222,51.7581021033,-1.2601011133,111.465683,5735566.393122516,620083.4443286296,-111.465683,30U,-0.07,0.604,-0.0,0.03205555604458857,-0.018372877130673128,-3.0138815736431583
1440170768211651,51.758102038,-1.2601002163,111.465149,5735566.387337636,620083.5064061279,-111.465149,30U,-0.076,0.635,0.011,0.03348316781975123,-0.017468921898016344,-3.0220965391432357
1440170768303080,51.7581019684,-1.2600992631,111.463753,5735566.3811671045,620083.5723735393,-111.463753,30U,-0.081,0.679,0.017,0.033841846786590454,-0.016415040205278175,-3.030399018715774
1440170768407841,51.7581018953,-1.2600982425,111.462158,5735566.374718325,620083.6430016827,-111.462158,30U,-0.084,0.726,0.014,0.03283586691181033,-0.015438399491502334,-3.0389376280890574
1440170768514507,51.7581018208,-1.2600971541,111.460999,5735566.368225487,620083.7183125911,-111.460999,30U,-0.083,0.774,0.01,0.03132369999940769,-0.014648299999275971,-3.0482920071647035
1440170768605935,51.7581017537,-1.2600959967,111.460327,5735566.362669185,620083.7983657313,-111.460327,30U,-0.068,0.823,0.004,0.0304471672700025,-0.014071681431891676,-3.05830123405495
1440170768697363,51.758101701,-1.2600947652,111.460609,5735566.358836261,620083.8834944962,-111.460609,30U,-0.057,0.877,-0.007,0.03068971872524236,-0.014073075661984692,-3.0690545388399793
1440170768801173,51.7581016496,-1.2600934471,111.46138,5735566.355290491,620083.9745962982,-111.46138,30U,-0.059,0.941,-0.008,0.03143613524777584,-0.014480322607541514,-3.0814301580047054
1440170768907839,51.7581016027,-1.2600920329,111.4618,5735566.35240338,620084.0723182667,-111.4618,30U,-0.045,1.008,0.0,0.03268587756228,-0.014619617745295558,-3.0947505598647713
1440170769014505,51.758101573,-1.2600905191,111.46138,5735566.351593007,620084.1768682504,-111.46138,30U,-0.03,1.077,0.008,0.033550322607288796,-0.013869436165338417,-3.1086875895515336
1440170769121171,51.758101546,-1.2600889064,111.46035,5735566.351245733,620084.2882364104,-111.46035,30U,-0.037,1.151,0.013,0.03407036984031748,-0.01265455439234314,-3.1247750052710375
1440170769227837,51.7581015202,-1.2600871774,111.459549,5735566.351223396,620084.4076275466,-111.459549,30U,-0.025,1.233,-0.003,0.034518865197538905,-0.011649061028092014,3.139814452635625
1440170769334504,51.7581015145,-1.2600853197,111.461113,5735566.353648211,620084.5358472676,-111.461113,30U,0.007,1.332,-0.023,0.033893924154685576,-0.012147837240630927,3.11925243356874
1440170769441170,51.7581015404,-1.2600833119,111.462952,5735566.359834291,620084.674341932,-111.462952,30U,0.042,1.436,-0.013,0.03267380653705131,-0.01318503785828604,3.0972900506551317
1440170769539503,51.7581015919,-1.2600811488,111.46299,5735566.369122956,620084.8234863225,-111.46299,30U,0.068,1.549,0.016,0.030612099999434036,-0.013844699999567668,3.0724109000001603
1440170769619503,51.758101683,-1.2600788293,111.460197,5735566.383072904,620084.9833192088,-111.460197,30U,0.127,1.652,0.032,0.028609815526215457,-0.01355301211710882,3.0441458269081676
1440170769699502,51.7581018332,-1.2600763665,111.457359,5735566.403831098,620085.1528847901,-111.457359,30U,0.193,1.747,0.022,0.027439644191262387,-0.013189071256591533,3.01275909032333
1440170769801169,51.7581020422,-1.2600737706,111.457008,5735566.431347377,620085.3314799333,-111.457008,30U,0.261,1.84,-0.014,0.026294585077702024,-0.01307644085946906,2.9777612783109784
1440170769907835,51.7581023201,-1.2600710328,111.45948,5735566.466759414,620085.5196851501,-111.45948,30U,0.35,1.94,-0.031,0.025615629225620155,-0.013821007280635551,2.9399556317501285
1440170770014501,51.7581026913,-1.2600681553,111.462288,5735566.512777026,620085.7172838746,-111.462288,30U,0.464,2.031,-0.021,0.025639288985754675,-0.015175631339503242,2.900458545632585
1440170770120216,51.7581031594,-1.2600651469,111.463089,5735566.569786063,620085.923659244,-111.463089,30U,0.558,2.131,0.004,0.023205984578609524,-0.0164077332290304,2.858540619643785
1440170770211644,51.758103723,-1.2600620003,111.461151,5735566.6376428595,620086.1393187628,-111.461151,30U,0.688,2.215,0.035,0.02159027660698026,-0.016359137897512758,2.8147026417517744
1440170770303072,51.7581044214,-1.2600587394,111.456711,5735566.720678472,620086.3625087591,-111.456711,30U,0.847,2.295,0.053,0.020157789614089972,-0.013989194466182082,2.7709507908998696
1440170770407833,51.7581052576,-1.2600553625,111.451958,5735566.819229321,620086.5933385908,-111.451958,30U,1.0,2.369,0.034,0.0208988711537923,-0.012404974764986209,2.7272353809519503
1440170770514499,51.7581062245,-1.2600518904,111.449448,5735566.93247159,620086.8303916339,-111.449448,30U,1.151,2.434,0.027,0.021720499999757323,-0.012141500000731484,2.683325700000222
1440170770621165,51.7581073309,-1.2600483208,111.446846,5735567.061387689,620087.0738032669,-111.446846,30U,1.296,2.503,0.024,0.019548600445243248,-0.011904465459698683,2.6381549897717473
1440170770725927,51.7581085781,-1.2600446694,111.444016,5735567.2060963325,620087.3224865396,-111.444016,30U,1.469,2.544,0.028,0.016920399291864802,-0.011357395541698125,2.5923983632840777
1440170770817355,51.758109996,-1.2600409819,111.443504,5735567.369847342,620087.5732082453,-111.443504,30U,1.672,2.553,-0.012,0.017222645187586424,-0.01251811148736067,2.5466258897984657
1440170770908783,51.7581115943,-1.2600372838,111.443848,5735567.553677435,620087.8241828268,-111.443848,30U,1.866,2.57,0.017,0.018572579085987084,-0.014013625663591316,2.500817046784109
1440170771014497,51.7581133681,-1.2600335644,111.439613,5735567.75705932,620088.0761617143,-111.439613,30U,2.062,2.577,0.045,0.021239454864596764,-0.013865637136826198,2.4539685560713314
1440170771120211,51.7581153069,-1.2600298188,111.436134,5735567.978833394,620088.3295109258,-111.436134,30U,2.241,2.607,0.041,0.01972253063145748,-0.0154928496975474,2.405305359479977
1440170771211640,51.7581174258,-1.260026063,111.433861,5735568.220652532,620088.5830861935,-111.433861,30U,2.455,2.595,0.006,0.013959728849092181,-0.01786115237277354,2.356785719144772
1440170771303068,51.7581197292,-1.2600223401,111.434723,5735568.482935074,620088.8339014013,-111.434723,30U,2.653,2.551,-0.044,0.010192471938821581,-0.020658334696881834,2.308492363860754
1440170771407829,51.7581222348,-1.2600187255,111.43985,5735568.76752522,620089.0767060389,-111.43985,30U,2.903,2.457,-0.044,0.01333514814342556,-0.02486858436535733,2.2604009295192276
1440170771514495,51.7581249328,-1.260015222,111.442009,5735569.073328538,620089.311332873,-111.442009,30U,3.13,2.395,0.036,0.016427099999313133,-0.028867799999515532,2.212540599999252
1440170771621161,51.7581278515,-1.2600118113,111.434044,5735569.403522296,620089.5389697423,-111.434044,30U,3.345,2.328,0.106,0.0190946466301274,-0.028821735667684648,2.165735528271627
1440170771725923,51.7581309579,-1.2600085068,111.423454,5735569.754414622,620089.7587794345,-111.423454,30U,3.551,2.254,0.113,0.020240680670645293,-0.026920588617662774,2.119145048281901
1440170771817351,51.7581342471,-1.2600053106,111.412376,5735570.125457146,620089.9706300232,-111.412376,30U,3.763,2.165,0.111,0.016410221635702087,-0.024260112666459513,2.072207622528125
1440170771908780,51.7581377273,-1.2600022711,111.403374,5735570.5174820665,620090.1711595473,-111.403374,30U,3.963,2.051,0.036,0.013084440691287308,-0.021987367785307015,2.0276539960587074
1440170772014494,51.758141391,-1.2599994197,111.401428,5735570.929603629,620090.358220914,-111.401428,30U,4.177,1.902,0.011,0.012045141463559662,-0.023240482847361566,1.9843079140312707
1440170772120207,51.7581452437,-1.2599967631,111.395302,5735571.362422438,620090.5313371457,-111.395302,30U,4.384,1.787,0.133,0.009200287830618289,-0.023822451744257133,1.9425561332800587
1440170772211636,51.7581492742,-1.2599942938,111.377846,5735571.814705327,620090.6910555552,-111.377846,30U,4.578,1.636,0.194,0.009419025465510548,-0.019100815395139477,1.9034411842114578
1440170772303064,51.7581534776,-1.2599920378,111.360985,5735572.285864575,620090.8355948211,-111.360985,30U,4.763,1.496,0.136,0.01187703603447128,-0.014863210699586602,1.8682347478361672
1440170772407686,51.7581578363,-1.25998998,111.354073,5735572.7739678165,620090.9660437315,-111.354073,30U,4.923,1.369,-0.011,0.013579373650416088,-0.01459914200676874,1.8385264796292335
1440170772514192,51.7581623108,-1.2599880796,111.360451,5735573.274689575,620091.0853228025,-111.360451,30U,5.075,1.279,-0.074,0.013802400000848798,-0.018616600000292367,1.8140755000002693
1440170772620858,51.7581669387,-1.259986271,111.364334,5735573.79231923,620091.1978594875,-111.364334,30U,5.22,1.227,0.016,0.010259936297153898,-0.021896870233060327,1.7918939130072897
1440170772725620,51.7581716916,-1.2599845734,111.36042,5735574.323666902,620091.3024041018,-111.36042,30U,5.358,1.125,0.064,0.007509672620856062,-0.023101202595520714,1.7716730693422609
1440170772817048,51.7581765675,-1.2599830143,111.352417,5735574.8684649,620091.3970641133,-111.352417,30U,5.488,1.045,0.093,0.005350123340760344,-0.02320304232873645,1.7527515267240574
1440170772908476,51.758181558,-1.2599815601,111.344864,5735575.425834413,620091.484180628,-111.344864,30U,5.615,0.968,0.06,0.005015493448943926,-0.022776120448837516,1.734637278728478
1440170773014189,51.7581866639,-1.2599802421,111.339149,5735575.9958128715,620091.5615914374,-111.339149,30U,5.745,0.88,0.055,0.002482121453073661,-0.021410519694908776,1.7187834042490744
1440170773120855,51.7581918839,-1.2599790138,111.331902,5735576.578332269,620091.6325090687,-111.331902,30U,5.869,0.82,0.084,-0.00029885927105835475,-0.01919493742377457,1.7043194007074036
1440170773227521,51.7581972126,-1.2599778773,111.323311,5735577.172788638,620091.6968029252,-111.323311,30U,5.987,0.746,0.096,-0.0014949652771622105,-0.016988531156605532,1.6906778093102304
1440170773329187,51.7582026459,-1.2599768774,111.314651,5735577.778652261,620091.7513921347,-111.314651,30U,6.1,0.651,0.065,-0.001785360661279481,-0.014845156359305502,1.678267216129669
1440170773409187,51.7582081736,-1.2599759806,111.31012,5735578.394843998,620091.7986156752,-111.31012,30U,6.198,0.602,0.013,0.0009677554258135106,-0.013513778471644816,1.666355144280744
1440170773489186,51.7582137824,-1.2599751668,111.309265,5735579.019917898,620091.8398959887,-111.309265,30U,6.302,0.534,0.002,0.006744499999546499,-0.012842100000262592,1.65465869999994
1440170773587519,51.7582194927,-1.2599744463,111.308929,5735579.656125612,620091.8744681213,-111.308929,30U,6.4,0.474,0.014,0.0064708365075187855,-0.012945063126868682,1.6445555545236172
1440170773694185,51.7582252869,-1.2599737861,111.307945,5735580.301564243,620091.9046561811,-111.307945,30U,6.491,0.44,0.021,0.005998332861873846,-0.014632196958042552,1.636726894203225
1440170773800851,51.7582311565,-1.259973179,111.306442,5735580.955300397,620091.930979613,-111.306442,30U,6.568,0.404,-0.0,0.0026510463945309992,-0.01703883810634067,1.6302716907162815
1440170773907518,51.7582370965,-1.2599726472,111.307426,5735581.616741487,620091.9519196079,-111.307426,30U,6.649,0.331,-0.018,0.006821626085229494,-0.020074611859279744,1.6250361760754257
1440170774014183,51.7582431097,-1.2599722126,111.307274,5735582.286162829,620091.9659573714,-111.307274,30U,6.729,0.302,0.018,0.011161385497058873,-0.021768371571159427,1.6202123766848107
1440170774120849,51.7582491949,-1.2599717717,111.302696,5735582.963601402,620091.9802388632,-111.302696,30U,6.808,0.306,0.062,0.013045906294534821,-0.021224246788061195,1.614553994780329
1440170774227515,51.7582553442,-1.2599713473,111.295319,5735583.648141126,620091.9932115638,-111.295319,30U,6.872,0.277,0.072,0.012042911250425536,-0.020123936087416913,1.608758529714282
1440170774331324,51.7582615453,-1.2599709838,111.287712,5735584.338341062,620092.0018439635,-111.287712,30U,6.923,0.232,0.072,0.010700611591470035,-0.017887947311476655,1.6036330953054012
1440170774422752,51.7582677907,-1.2599706901,111.282692,5735585.0333525045,620092.0055417547,-111.282692,30U,6.973,0.186,0.03,0.011746685780692205,-0.01656488460695945,1.598916984056085
1440170774514180,51.7582740808,-1.2599704618,111.279762,5735585.73322718,620092.0046075324,-111.279762,30U,7.024,0.144,0.046,0.014635199999478802,-0.017521199999919402,1.5944163000006193
1440170774620846,51.7582804131,-1.2599702782,111.2761,5735586.437721161,620092.0004764843,-111.2761,30U,7.068,0.115,0.027,0.01761636645626816,-0.018606972357476655,1.5905153612910068
1440170774725608,51.7582867801,-1.2599701207,111.275681,5735587.146031024,620091.9944521413,-111.275681,30U,7.105,0.102,-0.015,0.0191487772349705,-0.02037520506084475,1.5867387348284836
1440170774817036,51.7582931837,-1.2599699861,111.275146,5735587.858373332,620091.9867503007,-111.275146,30U,7.144,0.087,0.022,0.01792732554350655,-0.02115341243107207,1.5835900414372226
1440170774908464,51.7582996221,-1.2599698757,111.270081,5735588.574545772,620091.9772860245,-111.270081,30U,7.183,0.07,0.064,0.017383639717696513,-0.019598137973558957,1.581053437608195
1440170774999892,51.7583060938,-1.2599698089,111.263962,5735589.294349591,620091.9647244548,-111.263962,30U,7.218,0.032,0.066,0.01821258185101988,-0.018681703724016882,1.5786179028587615
1440170775091319,51.758312592,-1.2599697733,111.258789,5735590.017049003,620091.9499393877,-111.258789,30U,7.24,0.023,0.043,0.01843873472318809,-0.018163238762854823,1.576193865984138
1440170775194176,51.7583191055,-1.2599697408,111.256325,5735590.741444769,620091.9348997847,-111.256325,30U,7.253,0.016,0.005,0.0183205875689382,-0.01940226425309692,1.5732685882512163
1440170775300842,51.7583256288,-1.2599697387,111.255226,5735591.466880299,620091.9177362055,-111.255226,30U,7.26,-0.015,0.027,0.01933000411744322,-0.020541535956086765,1.5705410415675327
1440170775407508,51.7583321588,-1.2599697814,111.25145,5735592.192987144,620091.8974631022,-111.25145,30U,7.272,-0.033,0.032,0.02049291356149374,-0.018901614469748564,1.5680930984765762
1440170775514174,51.7583386986,-1.2599698455,111.249184,5735592.920148577,620091.8756871334,-111.249184,30U,7.284,-0.05,0.037,0.020971800000131602,-0.019860999999837196,1.565610599999223
1440170775620840,51.758345251,-1.2599699297,111.244904,5735593.648678111,620091.8524905887,-111.244904,30U,7.298,-0.066,0.044,0.022694628455191913,-0.020927809021713647,1.564116076972785
1440170775727506,51.7583518127,-1.2599700408,111.242905,5735594.378197572,620091.8274129407,-111.242905,30U,7.308,-0.081,-0.022,0.024692860687530398,-0.02354242504532136,1.563384573276419
1440170775834172,51.758358385,-1.2599701612,111.241882,5735595.108880508,620091.801665356,-111.241882,30U,7.318,-0.079,0.039,0.025699608575249236,-0.025761028010151878,1.5634494063728803
1440170775937028,51.7583649675,-1.2599702684,111.235893,5735595.840719482,620091.7768016671,-111.235893,30U,7.331,-0.057,0.077,0.024033318174606355,-0.02397713418989829,1.5641345630132752
1440170776028456,51.7583715607,-1.2599703587,111.22715,5735596.573776193,620091.7530758929,-111.22715,30U,7.341,-0.061,0.09,0.024378976423229677,-0.021759168371473844,1.5649579167576684
1440170776119884,51.7583781654,-1.2599704522,111.218536,5735597.308106509,620091.7290987672,-111.218536,30U,7.354,-0.062,0.079,0.02611948014702019,-0.02067592842906537,1.5657383207451867
1440170776211313,51.7583847781,-1.2599705344,111.213097,5735598.043345082,620091.7058802516,-111.213097,30U,7.362,-0.039,0.021,0.02517851403122295,-0.021082607186174867,1.5663838899287172
1440170776302741,51.7583914006,-1.259970589,111.211182,5735598.779718922,620091.6845404682,-111.211182,30U,7.374,-0.041,0.013,0.023861461998048852,-0.022786437739308538,1.5666549574092887
1440170776407502,51.7583980348,-1.2599706574,111.208977,5735599.517371155,620091.6622172722,-111.208977,30U,7.389,-0.049,0.034,0.023920118826327677,-0.02387833628457077,1.5671929281596995
1440170776514168,51.758404678,-1.2599707346,111.204178,5735600.256009756,620091.6392628907,-111.204178,30U,7.401,-0.044,0.049,0.02469789999936896,-0.023887499999672678,1.5674166999995969
1440170776605596,51.7584113356,-1.259970791,111.197716,5735600.996283977,620091.6177057518,-111.197716,30U,7.413,-0.049,0.082,0.028683693679824193,-0.023052276108721455,1.566991840833584
1440170776697025,51.7584180032,-1.2599708704,111.190659,5735601.73763239,620091.5945348011,-111.190659,30U,7.426,-0.054,0.065,0.03225283422451837,-0.02182415095713096,1.5670457368207966
1440170776800833,51.7584246813,-1.2599709469,111.183998,5735602.480153246,620091.5715361256,-111.183998,30U,7.434,-0.05,0.061,0.036830704851797486,-0.021727369577295926,1.5670258631527942
1440170776907499,51.758431368,-1.2599710287,111.178703,5735603.223621748,620091.5481488678,-111.178703,30U,7.443,-0.06,0.058,0.041676538366229476,-0.02198939820536568,1.5672096866104643
1440170777014165,51.7584380607,-1.2599711118,111.174828,5735603.967755351,620091.5246559738,-111.174828,30U,7.452,-0.043,0.036,0.041124814267724415,-0.020752340151485523,1.568497166090225
1440170777120831,51.7584447632,-1.259971151,111.171341,5735604.713051062,620091.5041667051,-111.171341,30U,7.463,-0.024,0.037,0.039748712117268506,-0.01909669331316403,1.5700352336747647
1440170777227497,51.758451477,-1.2599711935,111.166245,5735605.4595979685,620091.4834197134,-111.166245,30U,7.475,-0.03,0.054,0.041362965041061635,-0.018295077288557667,1.5720204947806729
1440170777334163,51.7584581956,-1.2599712419,111.162117,5735606.206668953,620091.462252814,-111.162117,30U,7.476,-0.024,0.027,0.04793332074438259,-0.018679665013644268,1.5733851942046877
1440170777440829,51.7584649159,-1.2599712593,111.161324,5735606.953980033,620091.4432207745,-111.161324,30U,7.485,0.01,0.012,0.04897871738108117,-0.018138851441277654,1.574073040847755
1440170777539162,51.758471644,-1.2599712221,111.160797,5735607.702248427,620091.4279360921,-111.160797,30U,7.5,0.041,0.033,0.04462090000043118,-0.01681269999965793,1.5747924000003883
1440170777619161,51.7584783858,-1.2599711743,111.157089,5735608.452057802,620091.4133465821,-111.157089,30U,7.507,0.02,0.058,0.04190484028324962,-0.015762508786424483,1.5762293766066882
1440170777699160,51.7584851344,-1.2599711605,111.154404,5735609.202567399,620091.3963926214,-111.154404,30U,7.517,0.012,-0.012,0.04220683593017242,-0.014724233175104507,1.5782249519801566
1440170777800826,51.7584918942,-1.2599711243,111.156822,5735609.954359388,620091.3809548087,-111.156822,30U,7.532,0.036,-0.022,0.042743472173911445,-0.015812592000657474,1.579411796407057
1440170777907493,51.7584986715,-1.2599710481,111.156082,5735610.708163354,620091.3682310375,-111.156082,30U,7.55,0.067,0.029,0.04143952265904463,-0.014357658343965254,1.5802833349326582
1440170778014159,51.7585054637,-1.2599709557,111.154816,5735611.463650967,620091.3565857215,-111.154816,30U,7.567,0.072,0.009,0.03783615882571272,-0.012554001127356414,1.5813105577752509
1440170778119872,51.7585122737,-1.2599708421,111.154396,5735612.221152963,620091.3463562245,-111.154396,30U,7.585,0.081,-0.001,0.03551564390245136,-0.01240472486176259,1.5824767210069552
1440170778211301,51.7585190961,-1.2599707272,111.156754,5735612.9800360575,620091.3361835373,-111.156754,30U,7.601,0.09,-0.029,0.03280737511164855,-0.01298329446639518,1.5835117268818026
1440170778302729,51.7585259318,-1.2599705998,111.159279,5735613.74041878,620091.3268382064,-111.159279,30U,7.612,0.08,-0.032,0.03294172397059448,-0.01335942250205755,1.5839679796742798
1440170778407490,51.7585327819,-1.2599704658,111.161652,5735614.502413741,620091.3179101405,-111.161652,30U,7.632,0.104,0.001,0.0296060666756909,-0.013317385594270127,1.5833560858018527
1440170778514156,51.7585396428,-1.2599703232,111.160988,5735615.265623894,620091.3095469164,-111.160988,30U,7.631,0.098,-0.005,0.025991999999929565,-0.011497500000843625,1.5815164999999711
1440170778620822,51.7585464934,-1.259970199,111.163055,5735616.027658323,620091.2999411984,-111.163055,30U,7.612,0.07,-0.02,0.024651672200000332,-0.009777368213867993,1.579055878336419
1440170778725583,51.7585533116,-1.2599701294,111.167984,5735616.785999764,620091.2866533976,-111.167984,30U,7.563,0.035,-0.055,0.02456038510443327,-0.010586935982981056,1.5766490211652284
1440170778817011,51.7585600808,-1.2599700806,111.172897,5735617.538857849,620091.2720601615,-111.172897,30U,7.504,0.039,-0.049,0.022428513952002044,-0.01236506391257381,1.574025457618708
1440170778908439,51.7585667945,-1.2599700464,111.179222,5735618.285519943,620091.2566066099,-111.179222,30U,7.442,0.011,-0.08,0.020691480302302327,-0.014028224260680112,1.5715078927836392
1440170779014153,51.7585734533,-1.2599700567,111.186172,5735619.0260035405,620091.2382276984,-111.186172,30U,7.381,-0.016,-0.047,0.019316502098506143,-0.015443122554916424,1.5703263587723155
1440170779119866,51.7585800576,-1.2599700809,111.188469,5735619.760403504,620091.2190341298,-111.188469,30U,7.319,-0.009,-0.014,0.01960914547542663,-0.014505268895246245,1.5692041275897322
1440170779211295,51.7585866061,-1.2599701054,111.190781,5735620.488597664,620091.199967912,-111.190781,30U,7.256,-0.023,-0.038,0.019444638999031667,-0.015103887123176429,1.5674289869133273
1440170779302723,51.7585930999,-1.2599701408,111.193138,5735621.210690891,620091.1802946029,-111.193138,30U,7.196,-0.024,-0.026,0.019092612352891093,-0.01702963372681251,1.5657220112507015
1440170779407484,51.7585995373,-1.2599701869,111.195206,5735621.926494466,620091.1600325155,-111.195206,30U,7.132,-0.035,-0.034,0.016928804692822652,-0.018507928303128737,1.5638910277805136
1440170779514150,51.7586059188,-1.2599702564,111.198578,5735622.636043078,620091.1383038749,-111.198578,30U,7.075,-0.057,-0.024,0.016163599999342755,-0.019385599999497193,1.5625905999997378
1440170779620816,51.7586122485,-1.2599703447,111.198601,5735623.339800246,620091.1154152558,-111.198601,30U,7.012,-0.069,0.016,0.016949459217642054,-0.01956752444294804,1.5610352845269875
1440170779725577,51.7586185199,-1.2599704469,111.195343,5735624.037051202,620091.091722063,-111.195343,30U,6.954,-0.071,0.037,0.01774369202652826,-0.017164178574016132,1.5581916161296878
1440170779817005,51.7586247371,-1.2599705652,111.193474,5735624.728248266,620091.0670615933,-111.193474,30U,6.891,-0.083,0.003,0.01455501232703513,-0.01576142816756344,1.5532265436929815
1440170779908433,51.7586309127,-1.2599707051,111.192825,5735625.414783582,620091.0410208502,-111.192825,30U,6.854,-0.121,0.023,0.012117857357040938,-0.014707162491917858,1.5464757945856815
1440170780014147,51.758637057,-1.2599709357,111.191696,5735626.097688794,620091.0088037949,-111.191696,30U,6.824,-0.196,-0.004,0.011745271570069913,-0.013529669315747776,1.5400965868341483
1440170780119860,51.7586431773,-1.259971263,111.195435,5735626.77776583,620090.9699769904,-111.195435,30U,6.799,-0.252,-0.013,0.014889709441953015,-0.015384398636181159,1.5351211018626085
1440170780211289,51.7586492788,-1.2599716369,111.198074,5735627.455675458,620090.9279841271,-111.198074,30U,6.78,-0.266,-0.016,0.01785003464463696,-0.017098624679262986,1.5309093121958859
1440170780302717,51.7586553641,-1.2599720385,111.199478,5735628.131737933,620090.8841226303,-111.199478,30U,6.764,-0.286,-0.012,0.01892077332768415,-0.017209365277504628,1.5274219270394562
1440170780407477,51.7586614416,-1.2599724573,111.199249,5735628.806904677,620090.8390948344,-111.199249,30U,6.766,-0.292,0.03,0.018459291874343198,-0.01663753105728045,1.5249025285597297
1440170780514143,51.7586675237,-1.2599729028,111.196167,5735629.482539008,620090.7922122276,-111.196167,30U,6.773,-0.316,0.022,0.018437000000301962,-0.015128599999273644,1.5232365000003625
1440170780620809,51.7586736128,-1.2599733791,111.193214,5735630.158901069,620090.7431854956,-111.193214,30U,6.776,-0.348,0.016,0.02115905247825785,-0.014199881590130607,1.5224199897984318
1440170780725571,51.7586797035,-1.2599738818,111.192924,5735630.835397591,620090.6923326174,-111.192924,30U,6.779,-0.335,0.0,0.02255119048000696,-0.013144304458377111,1.5226081776037403
1440170780816999,51.7586857968,-1.2599743571,111.19355,5735631.512228368,620090.643363768,-111.19355,30U,6.78,-0.318,-0.019,0.023598869499476344,-0.01140770144249038,1.5229975818773118
1440170780908427,51.7586918879,-1.2599748249,111.195183,5735632.18882684,620090.5949183505,-111.195183,30U,6.774,-0.317,-0.003,0.02312122467585105,-0.010181199399980346,1.5237645635864963
1440170781014141,51.75869797,-1.2599752809,111.195427,5735632.864443887,620090.5473111575,-111.195427,30U,6.763,-0.309,-0.015,0.024209058982839905,-0.008643968632749237,1.5246637412543427
1440170781120807,51.758704039,-1.2599757271,111.199249,5735633.538620268,620090.5004150439,-111.199249,30U,6.746,-0.306,-0.051,0.02361790645139967,-0.00946000527100327,1.5255340740366832
1440170781227473,51.7587100931,-1.2599761714,111.204529,5735634.2111428045,620090.4536895946,-111.204529,30U,6.729,-0.306,-0.053,0.023966991606885393,-0.010512892447208384,1.5267172088116365
1440170781329139,51.7587161312,-1.2599766131,111.209602,5735634.881890323,620090.407186036,-111.209602,30U,6.711,-0.3,-0.056,0.02410443136714211,-0.011067364306566648,1.5282907336744833
1440170781409138,51.7587221542,-1.2599770401,111.215225,5735635.550982831,620090.3617370193,-111.215225,30U,6.695,-0.285,-0.047,0.025779993735188435,-0.012924876210662472,1.530582056334122
1440170781489138,51.7587281613,-1.2599774499,111.217812,5735636.21833548,620090.3175171972,-111.217812,30U,6.666,-0.272,-0.021,0.02777389999967891,-0.013191300000158427,1.5337487000004077
1440170781587470,51.7587341287,-1.259977818,111.220375,5735636.8813419035,620090.276280501,-111.220375,30U,6.611,-0.238,-0.039,0.027926567872851013,-0.013102332337211522,1.5376051063985359
1440170781694136,51.7587400489,-1.2599781284,111.223938,5735637.539194399,620090.2391510148,-111.223938,30U,6.561,-0.191,-0.025,0.02618328093358887,-0.012690069105944956,1.542470541567916
1440170781800802,51.7587459191,-1.2599783804,111.225609,5735638.191582738,620090.2061844757,-111.225609,30U,6.502,-0.158,-0.017,0.025795707711115654,-0.011302459060743515,1.547718380278817
1440170781907469,51.7587517325,-1.259978586,111.228012,5735638.837730963,620090.1765707853,-111.228012,30U,6.441,-0.129,-0.026,0.026697497311311293,-0.011249098154827192,1.552679698627494
1440170782014135,51.7587574876,-1.2599787561,111.232086,5735639.477454312,620090.1495616955,-111.232086,30U,6.376,-0.101,-0.047,0.02689546842360605,-0.012510976527273312,1.5576771802785572
1440170782120801,51.7587631902,-1.2599788584,111.237968,5735640.111450973,620090.1273708903,-111.237968,30U,6.314,-0.042,-0.055,0.02364443551013519,-0.01636327138696019,1.5625008983996607
1440170782227466,51.7587688363,-1.2599788864,111.242966,5735640.739286816,620090.1104575556,-111.242966,30U,6.251,-0.015,-0.034,0.021131121112045535,-0.019860423079507618,1.566335228508562
1440170782331275,51.7587744216,-1.2599789009,111.244865,5735641.360383546,620090.0946371977,-111.244865,30U,6.183,-0.01,-0.028,0.021309846262257723,-0.01936080996588441,1.5700760061107075
1440170782422703,51.7587799498,-1.2599789199,111.246674,5735641.975122985,620090.0786577933,-111.246674,30U,6.121,-0.004,-0.013,0.023505588548498452,-0.01773084374509713,1.573995252849444
1440170782514131,51.7587854239,-1.2599788884,111.244324,5735642.583929319,620090.0663070143,-111.244324,30U,6.064,0.053,0.053,0.023930300000315662,-0.015327600000615742,1.5769323000007367
1440170782620797,51.7587908419,-1.25997879,111.239655,5735643.186607134,620090.0587219554,-111.239655,30U,5.994,0.077,0.037,0.023213217650635457,-0.013086053762979244,1.5791688093368343
1440170782725559,51.7587961995,-1.2599786879,111.239525,5735643.7825741805,620090.0515524971,-111.239525,30U,5.93,0.069,-0.032,0.022637945161455446,-0.012843061997821025,1.5817538238659792
1440170782816987,51.7588014976,-1.2599785805,111.244255,5735644.37193318,620090.0449066705,-111.244255,30U,5.863,0.082,-0.058,0.022243908103370826,-0.01414962480988482,1.5842058583787118
1440170782908415,51.7588067376,-1.2599784541,111.249603,5735644.954862378,620090.0397262184,-111.249603,30U,5.799,0.1,-0.05,0.022576085608620657,-0.015355496229859555,1.5864845787069726
1440170782999843,51.7588119211,-1.2599783004,111.25267,5735645.531553371,620090.0365796897,-111.25267,30U,5.741,0.111,-0.02,0.023467660346483083,-0.01549710241218137,1.5881782519273158
1440170783091271,51.7588170494,-1.2599781384,111.253166,5735646.102119445,620090.0341524169,-111.253166,30U,5.672,0.113,0.003,0.024534466430970403,-0.015686507815026483,1.5894853555732817
1440170783194127,51.7588221175,-1.2599779622,111.252922,5735646.666014278,620090.0328648345,-111.252922,30U,5.605,0.132,-0.002,0.02331628137976496,-0.014819948204145134,1.590201961500436
1440170783300793,51.7588271255,-1.2599777658,111.25351,5735647.223258874,620090.0331307448,-111.25351,30U,5.544,0.135,-0.008,0.02275684070241662,-0.013422615762202886,1.5906793921058395
1440170783407459,51.7588320728,-1.259977574,111.255226,5735647.773745674,620090.0332402567,-111.255226,30U,5.472,0.132,-0.022,0.022515425170285812,-0.012863570632313581,1.5913499633002017
1440170783514125,51.7588369612,-1.2599773816,111.256203,5735648.31768341,620090.0335474538,-111.256203,30U,5.409,0.127,0.006,0.024172000000170592,-0.011604999999139198,1.5919432000008602
1440170783620791,51.758841792,-1.2599772025,111.257599,5735648.855193764,620090.0330896284,-111.257599,30U,5.342,0.125,-0.022,0.024483792026595872,-0.011075742775348812,1.5926626984272774
1440170783727457,51.7588465615,-1.2599770095,111.261292,5735649.385910057,620090.0337537068,-111.261292,30U,5.273,0.14,-0.051,0.025005755048203276,-0.011130359375848773,1.5933507308414447
1440170783834124,51.7588512707,-1.2599768044,111.265915,5735649.909940537,620090.0354128164,-111.265915,30U,5.21,0.145,-0.036,0.02512500616334763,-0.010962147101194244,1.5937824777608556
1440170783936980,51.7588559191,-1.2599765967,111.270042,5735650.427213952,620090.0374126763,-111.270042,30U,5.137,0.14,-0.046,0.02440565735702605,-0.011152613039396696,1.594182061375819
1440170784028408,51.7588605064,-1.2599763942,111.274376,5735650.937684101,620090.0392157913,-111.274376,30U,5.073,0.142,-0.035,0.02403477193788016,-0.011156359217593836,1.5948416493580608
1440170784119836,51.7588650376,-1.2599761902,111.277702,5735651.441918045,620090.0412712728,-111.277702,30U,5.01,0.142,-0.026,0.024076740467158148,-0.010871534146032083,1.5953606512453327
1440170784211264,51.7588695085,-1.2599759757,111.28054,5735651.939463539,620090.0442113674,-111.28054,30U,4.941,0.146,-0.03,0.024938416418154283,-0.010682381458136016,1.595655828718154
1440170784302692,51.7588739174,-1.2599757696,111.284164,5735652.430100411,620090.04673627,-111.284164,30U,4.875,0.145,-0.039,0.02500567815423242,-0.01059449346982703,1.596018361394671
1440170784407453,51.7588782655,-1.2599755602,111.287773,5735652.913981371,620090.0496502301,-111.287773,30U,4.807,0.142,-0.039,0.02591342380394689,-0.009775513389640044,1.596353744123788
1440170784514119,51.7588825541,-1.2599753509,111.291885,5735653.391245392,620090.0527151604,-111.291885,30U,4.744,0.154,-0.038,0.025368400000005623,-0.00931479999985236,1.5966724999999662
1440170784605547,51.7588867865,-1.2599751299,111.295441,5735653.862278885,620090.0567366375,-111.295441,30U,4.677,0.146,-0.028,0.026393257015636114,-0.009191815761573671,1.5966339142399193
1440170784696975,51.7588909603,-1.2599749209,111.298744,5735654.326775929,620090.0600854617,-111.298744,30U,4.614,0.145,-0.032,0.025669090112722677,-0.008689567192053304,1.5965278202718878
1440170784800784,51.7588950763,-1.2599747133,111.302063,5735654.784842941,620090.0634910302,-111.302063,30U,4.549,0.138,-0.033,0.0256660671117011,-0.00817797697285911,1.5960944874381084
1440170784907450,51.7588991334,-1.2599745181,111.306488,5735655.236339486,620090.0661971366,-111.306488,30U,4.486,0.135,-0.053,0.025669911415799444,-0.007639288598910856,1.5954050915098972
1440170785014116,51.7589031322,-1.2599743334,111.311867,5735655.681335416,620090.0683333116,-111.311867,30U,4.419,0.126,-0.06,0.026245650668853295,-0.00834905583561831,1.594645171046819
1440170785120782,51.7589070737,-1.2599741549,111.316849,5735656.119949013,620090.070193652,-111.316849,30U,4.352,0.121,-0.041,0.02550120781525252,-0.008805407788976932,1.5940358506431755
1440170785227448,51.7589109509,-1.2599739785,111.321358,5735656.551408586,620090.0720796747,-111.321358,30U,4.277,0.12,-0.052,0.026296980226195796,-0.008840577995528358,1.5930530544184178
1440170785334114,51.7589147587,-1.2599738104,111.326149,5735656.9751367755,620090.0735770449,-111.326149,30U,4.199,0.114,-0.048,0.026080652662362407,-0.008786191685987207,1.5915342031463076
1440170785440780,51.7589184921,-1.2599736446,111.331154,5735657.390587428,620090.0751130952,-111.331154,30U,4.111,0.114,-0.053,0.025646750961202662,-0.009521965302443099,1.5895711997635835
1440170785539113,51.7589221368,-1.259973489,111.336525,5735657.7961572865,620090.0761805808,-111.336525,30U,4.005,0.099,-0.054,0.02450670000011773,-0.01091230000033845,1.5874458000005482
1440170785619113,51.758925685,-1.2599733571,111.340904,5735658.190956711,620090.0758685446,-111.340904,30U,3.889,0.08,-0.035,0.025158529346317175,-0.01182362677595336,1.5856948031740352
1440170785699112,51.7589291238,-1.2599732488,111.344559,5735658.5735513065,620090.0742181176,-111.344559,30U,3.768,0.071,-0.044,0.025876750458757123,-0.011562936953300896,1.5839457071594305
1440170785800779,51.758932456,-1.2599731494,111.349442,5735658.944276653,620090.072236336,-111.349442,30U,3.654,0.069,-0.047,0.02531997214853768,-0.012457751849541093,1.5823534462097535
1440170785907444,51.7589356918,-1.2599730592,111.353203,5735659.304266564,620090.0698754329,-111.353203,30U,3.554,0.059,-0.028,0.026571499507260964,-0.013021700923532177,1.5809340852307927
1440170786014110,51.758938838,-1.2599729797,111.356262,5735659.654274772,620090.0670138478,-111.356262,30U,3.456,0.054,-0.031,0.027070159376151946,-0.012905791791019482,1.5792514909259543
1440170786119823,51.7589419027,-1.2599729053,111.35878,5735659.995211265,620090.064016553,-111.35878,30U,3.364,0.052,-0.023,0.026751934854992637,-0.012448658982589506,1.5776299175711699
1440170786211252,51.7589448826,-1.2599728318,111.361099,5735660.326715982,620090.0611821509,-111.361099,30U,3.271,0.048,-0.019,0.02755973283580957,-0.012132781248595719,1.5761388461061157
1440170786302680,51.7589477768,-1.259972773,111.362534,5735660.648666114,620090.0575606754,-111.362534,30U,3.174,0.033,-0.018,0.027685802334494906,-0.011034229897433311,1.5747960096257705
1440170786407441,51.7589505834,-1.2599727258,111.3657,5735660.960855472,620090.0533711029,-111.3657,30U,3.077,0.029,-0.047,0.028406956669965035,-0.01062599551614421,1.5736007860878067
1440170786514107,51.7589533051,-1.2599726776,111.369888,5735661.263605061,620090.0494758103,-111.369888,30U,2.988,0.036,-0.027,0.02872060000028916,-0.01153469999913518,1.5720571000004258
1440170786620773,51.7589559505,-1.2599726161,111.371223,5735661.557891507,620090.0467008166,-111.371223,30U,2.901,0.037,-0.007,0.028618286441597435,-0.011408083451430412,1.5704357298717797
1440170786725535,51.7589585141,-1.2599725769,111.372093,5735661.8430445595,620090.0426039171,-111.372093,30U,2.806,0.012,-0.013,0.02891210941500084,-0.010863103593134384,1.5693018974821678
1440170786816962,51.7589609942,-1.2599725547,111.373505,5735662.118883892,620090.037555381,-111.373505,30U,2.716,0.02,-0.019,0.029371703146402778,-0.009581658798701737,1.5683035544456283
1440170786908390,51.7589633909,-1.259972536,111.376671,5735662.385442855,620090.0324865953,-111.376671,30U,2.625,0.012,-0.036,0.030124677820395115,-0.00965214291523388,1.5669736225807058
1440170787014104,51.7589657058,-1.2599725191,111.379501,5735662.642902179,620090.0275106331,-111.379501,30U,2.535,0.021,-0.025,0.029288418490175865,-0.009898269342343228,1.565814005613023
1440170787119817,51.758967946,-1.2599724938,111.38205,5735662.892068218,620090.0233125703,-111.38205,30U,2.453,0.016,-0.023,0.029590461290659082,-0.00973302263341525,1.5648747157096936
1440170787211246,51.758970112,-1.2599724791,111.384239,5735663.1329653,620090.0185798674,-111.384239,30U,2.37,0.009,-0.025,0.029808910543053704,-0.010094151482273578,1.5636427013641367
1440170787302674,51.7589722015,-1.2599724719,111.386894,5735663.365342748,620090.0135325629,-111.386894,30U,2.284,0.006,-0.028,0.03081377395689126,-0.010523651061634063,1.562482144295796
1440170787407435,51.7589742119,-1.2599724687,111.389526,5735663.58891719,620090.0084190919,-111.389526,30U,2.192,0.004,-0.023,0.030814476832396964,-0.010280764000523,1.5614122811746212
1440170787514101,51.7589761341,-1.2599724635,111.391144,5735663.80268653,620090.0036776701,-111.391144,30U,2.089,0.008,-0.01,0.03106469999930102,-0.00982970000035351,1.5606084999992647
1440170787620767,51.7589779587,-1.2599724503,111.392433,5735664.005615304,620089.9997473056,-111.392433,30U,1.97,0.012,-0.012,0.03071683291433626,-0.009763512142674848,1.5595238870970907
1440170787725529,51.7589796705,-1.259972441,111.393204,5735664.1959935855,620089.9958470953,-111.393204,30U,1.839,0.0,-0.005,0.03193527833725017,-0.009337683425318289,1.5583810280618098
1440170787816956,51.7589812534,-1.2599724529,111.394241,5735664.372002467,620089.9908258644,-111.394241,30U,1.684,-0.008,-0.022,0.03330516787304187,-0.009193204432793022,1.5577392507212708
1440170787908384,51.758982689,-1.259972452,111.397491,5735664.531651732,620089.9870788174,-111.397491,30U,1.516,0.01,-0.04,0.03436414398115375,-0.009975472140482836,1.5570123752593445
1440170788014098,51.7589839777,-1.2599724341,111.400452,5735664.674992784,620089.9848947382,-111.400452,30U,1.358,0.016,-0.02,0.03427004662972895,-0.010348593757496857,1.5561992261217303
1440170788119811,51.7589851265,-1.2599724131,111.401604,5735664.802781174,620089.9832957974,-111.401604,30U,1.202,0.014,-0.004,0.03385041822770136,-0.00979159756037359,1.5555273139786865
1440170788211240,51.7589861382,-1.2599723962,111.401817,5735664.91531643,620089.9817776862,-111.401817,30U,1.054,0.011,0.0,0.033795840729557956,-0.009337656988816109,1.5549818752157343
1440170788302668,51.7589870196,-1.259972378,111.401688,5735665.013363643,620089.9806950218,-111.401688,30U,0.912,0.016,-0.0,0.03411997791833221,-0.009072403987126344,1.5544410201150034
1440170788407429,51.7589877737,-1.2599723574,111.40213,5735665.097258245,620089.9801157564,-111.40213,30U,0.774,0.015,-0.007,0.034382205056660425,-0.009029597361213523,1.5540589766890125
1440170788514095,51.7589884056,-1.2599723306,111.40287,5735665.167573643,620089.9802886003,-111.40287,30U,0.644,0.025,-0.006,0.0341787999996206,-0.009004700000323718,1.553595099999911
1440170788620761,51.7589889266,-1.2599722931,111.403473,5735665.22557388,620089.9814941217,-111.403473,30U,0.517,0.024,-0.007,0.03405730406468161,-0.009054204170161433,1.5530762039336972
1440170788725522,51.7589893345,-1.259972265,111.404068,5735665.270981204,620089.9823510313,-111.404068,30U,0.394,0.018,-0.005,0.03388047964783802,-0.009148220325378766,1.5530066510358422
1440170788816950,51.7589896341,-1.259972237,111.40448,5735665.304344719,620089.9834883993,-111.40448,30U,0.279,0.024,-0.003,0.03427285329195375,-0.008998710149013262,1.5529530590605503
1440170788908378,51.7589898341,-1.2599722003,111.404465,5735665.326646413,620089.9854904386,-111.404465,30U,0.174,0.03,0.002,0.03439904697081537,-0.008789205342515967,1.5526392236602327
1440170789014092,51.7589899447,-1.2599721599,111.404144,5735665.339012354,620089.9879850296,-111.404144,30U,0.082,0.029,0.003,0.03439605908756368,-0.008519036586081375,1.552546147022733
1440170789120758,51.7589899789,-1.2599721191,111.403824,5735665.34288279,620089.9907099408,-111.403824,30U,-0.001,0.031,0.003,0.03410377537413281,-0.008263681510640618,1.552751881694644
1440170789227424,51.7589899435,-1.2599720715,111.403641,5735665.339024464,620089.9940888025,-111.403641,30U,-0.07,0.036,0.001,0.03390063052648583,-0.007993228351059088,1.5526804835561638
1440170789329090,51.7589898762,-1.2599720247,111.403534,5735665.3316173395,620089.997497097,-111.403534,30U,-0.066,0.031,0.0,0.03376349792846949,-0.007310038237709424,1.55259259800608
1440170789409090,51.7589898303,-1.2599719838,111.403618,5735665.326580317,620090.0004414433,-111.403618,30U,-0.032,0.03,-0.004,0.03374908360673378,-0.006245103769262786,1.552745675766336
1440170789489089,51.7589897949,-1.2599719451,111.404625,5735665.322707336,620090.0032061044,-111.404625,30U,-0.037,0.032,-0.01,0.03375469999947221,-0.006066200000309621,1.5526863000002862
1440170789587422,51.7589897547,-1.2599719008,111.404991,5735665.318309786,620090.0063699652,-111.404991,30U,-0.048,0.029,0.004,0.033778330631806845,-0.006437832598398948,1.5526202449516915
1440170789694087,51.7589897133,-1.2599718595,111.40448,5735665.313773848,620090.0093299756,-111.40448,30U,-0.041,0.031,0.001,0.03379007141281579,-0.006007442668991155,1.5527493183836767
1440170789800753,51.758989678,-1.2599718149,111.405067,5735665.309921703,620090.0125015386,-111.405067,30U,-0.036,0.032,-0.009,0.03373796323093273,-0.006153339050383283,1.5526744203521554
1440170789907419,51.7589896426,-1.2599717742,111.405502,5735665.306052016,620090.0154042224,-111.405502,30U,-0.04,0.028,0.001,0.03371794105635461,-0.006428307696134979,1.5526831738433247
1440170790014086,51.7589896019,-1.2599717358,111.405273,5735665.301589147,620090.0181622441,-111.405273,30U,-0.043,0.03,-0.0,0.03379136939498188,-0.006144936637429114,1.5527511142663906
1440170790120752,51.7589895646,-1.2599716923,111.405579,5735665.297512779,620090.0212632011,-111.405579,30U,-0.037,0.03,-0.004,0.03374609588230705,-0.006206542932517465,1.552669704065855
1440170790227418,51.7589895311,-1.2599716523,111.405846,5735665.293853232,620090.024112536,-111.405846,30U,-0.038,0.027,-0.002,0.033728875531901056,-0.0062901612381014915,1.5527195755576868
1440170790331227,51.7589894928,-1.2599716132,111.406082,5735665.289658411,620090.0269124971,-111.406082,30U,-0.043,0.029,-0.002,0.0337388183584904,-0.006280020377728568,1.5527398958833705
1440170790422655,51.7589894528,-1.2599715728,111.406212,5735665.285276681,620090.0298066826,-111.406212,30U,-0.04,0.029,-0.002,0.03374284903757292,-0.006172457020490486,1.5526817612977466
1440170790514083,51.7589894128,-1.2599715382,111.40667,5735665.2808854,620090.0323006043,-111.40667,30U,-0.038,0.027,-0.005,0.033744500000362915,-0.006254100000824351,1.5527491999997387
1440170790620749,51.7589893771,-1.2599714985,111.407005,5735665.276980705,620090.0351350736,-111.407005,30U,-0.041,0.029,-0.002,0.03373936325726419,-0.006292201993999983,1.552728912220955
1440170790725510,51.7589893385,-1.2599714599,111.407227,5735665.2727517,620090.0379013242,-111.407227,30U,-0.042,0.027,-0.003,0.03373493265169154,-0.0061962714133060775,1.5527133102288435
1440170790816938,51.758989301,-1.2599714226,111.407608,5735665.268642881,620090.0405749421,-111.407608,30U,-0.039,0.027,-0.004,0.03375234694482934,-0.006228387778868045,1.5527545877526
1440170790908366,51.758989264,-1.2599713842,111.40802,5735665.264591475,620090.0433231466,-111.40802,30U,-0.041,0.027,-0.005,0.03374299999982657,-0.006278234712172231,1.5527272428362147
1440170790999794,51.7589892241,-1.2599713473,111.408401,5735665.260215104,620090.045975528,-111.408401,30U,-0.042,0.026,-0.003,0.033746361238675866,-0.00624879179134392,1.5527431306312278
1440170791091222,51.7589891864,-1.2599713101,111.408768,5735665.25608388,620090.0486427763,-111.408768,30U,-0.041,0.026,-0.005,0.03375789999956923,-0.0062112673747416625,1.5527512244682244
1440170791194079,51.7589891496,-1.259971273,111.409325,5735665.2520525735,620090.0513007342,-111.409325,30U,-0.04,0.026,-0.005,0.033748555101837656,-0.0062738510367578385,1.55273324694512
1440170791300745,51.7589891111,-1.2599712372,111.409828,5735665.247830079,620090.0538734895,-111.409828,30U,-0.042,0.026,-0.005,0.03376261835757565,-0.0062522999729536,1.5527566367429617
1440170791407411,51.7589890717,-1.2599712015,111.410324,5735665.243507333,620090.0564417306,-111.410324,30U,-0.041,0.026,-0.005,0.033752377547432454,-0.006229061154818732,1.552751283606961
1440170791514076,51.7589890314,-1.2599711674,111.410904,5735665.239081867,620090.0589019426,-111.410904,30U,-0.04,0.025,-0.006,0.03374770000045992,-0.006245999999324345,1.5527509999996842
1440170791620742,51.7589890312,-1.2599711632,111.410851,5735665.239066542,620090.0591923206,-111.410851,30U,-0.041,0.025,-0.005,0.03375779388878669,-0.006270440808261768,1.5527790428540384
1440170791727408,51.7589890299,-1.2599711585,111.410713,5735665.238929714,620090.0595201224,-111.410713,30U,-0.041,0.025,-0.005,0.033755108156935096,-0.006228616312280301,1.552759195908772
1440170791834075,51.7589890291,-1.2599711544,111.410675,5735665.2388475,620090.0598051911,-111.410675,30U,-0.039,0.024,-0.007,0.033755055100671165,-0.006234518384001356,1.5527721632827447
1440170791936931,51.7589890287,-1.2599711507,111.410675,5735665.238809109,620090.0600615938,-111.410675,30U,-0.04,0.024,-0.006,0.03376198980691614,-0.006254616393135468,1.552785316249794
1440170792028359,51.7589890269,-1.2599711468,111.410622,5735665.238615358,620090.0603355131,-111.410622,30U,-0.04,0.024,-0.006,0.03376699999968146,-0.006249077550611691,1.5527696795954433
1440170792119787,51.7589890111,-1.2599711327,111.410889,5735665.236881518,620090.0613504938,-111.410889,30U,-0.039,0.023,-0.006,0.03377098775239103,-0.00623001429308588,1.5527907714404319
1440170792211216,51.7589889655,-1.2599710936,111.411652,5735665.231874891,620090.0641698241,-111.411652,30U,-0.039,0.023,-0.006,0.03376848775324245,-0.0062549061369899205,1.5527813061114915
1440170792302644,51.7589889079,-1.2599710447,111.412636,5735665.225549924,620090.0676973055,-111.412636,30U,-0.04,0.022,-0.006,0.033762571439634695,-0.006250726514999695,1.5527880285856992
1440170792407405,51.7589888607,-1.2599710058,111.413445,5735665.220365039,620090.0705070781,-111.413445,30U,-0.039,0.022,-0.007,0.033773557163283965,-0.006232636777696036,1.5527988632214313
1440170792514070,51.7589888426,-1.2599709919,111.41375,5735665.218375093,620090.0715143599,-111.41375,30U,-0.038,0.022,-0.007,0.03377839999991797,-0.006248399999833433,1.5527849999996244
1440170792605499,51.7589888078,-1.2599709622,111.41449,5735665.2145540165,620090.0736563292,-111.41449,30U,-0.039,0.021,-0.008,0.03378226734934376,-0.006253287752515741,1.5527957693949488
1440170792696926,51.7589887721,-1.2599709327,111.415245,5735665.210632525,620090.075786884,-111.415245,30U,-0.039,0.021,-0.008,0.033776977551341604,-0.0062360816160711725,1.552798695908933
1440170792800735,51.7589887369,-1.259970903,111.416023,5735665.206766966,620090.0779299147,-111.416023,30U,-0.038,0.02,-0.008,0.033774122449248746,-0.006233506136668431,1.5527933000001484
1440170792907401,51.7589887021,-1.2599708736,111.416809,5735665.202945397,620090.0800511803,-111.416809,30U,-0.038,0.02,-0.008,0.03378288980705885,-0.00624659999988795,1.5528028367776325
1440170793014067,51.7589886668,-1.2599708437,111.417572,5735665.199069047,620090.0822082781,-111.417572,30U,-0.039,0.02,-0.007,0.033784599999342343,-0.006231010202391678,1.5527957877523217
1440170793120734,51.758988632,-1.2599708136,111.41832,5735665.19524863,620090.0843778518,-111.41832,30U,-0.038,0.02,-0.007,0.033774173459986796,-0.0062268979536012365,1.5528023693941668
1440170793227399,51.7589885974,-1.259970784,111.41906,5735665.19144963,620090.0865123892,-111.41906,30U,-0.039,0.02,-0.007,0.0337828326510165,-0.006236412247754012,1.5528089020463653
1440170793334065,51.758988562,-1.2599707552,111.419785,5735665.187560349,620090.0885938401,-111.419785,30U,-0.039,0.02,-0.008,0.03378671224741765,-0.006227953055748615,1.5528073102013678
1440170793440731,51.7589885265,-1.2599707274,111.420578,5735665.183658299,620090.0906065457,-111.420578,30U,-0.039,0.02,-0.009,0.03378687754755111,-0.0062158245184304114,1.5528150326445174
1440170793539064,51.7589884898,-1.2599707002,111.421463,5735665.179621816,620090.0925810275,-111.421463,30U,-0.039,0.019,-0.008,0.033784800000111984,-0.006227600000075547,1.5528140999999065
1440170793619064,51.7589884902,-1.2599706962,111.421356,5735665.179672884,620090.0928560119,-111.421356,30U,-0.04,0.019,-0.008,0.03378329795404975,-0.006225712246720603,1.5528169897973993
1440170793699063,51.7589884901,-1.2599706928,111.421242,5735665.179667362,620090.0930909151,-111.421242,30U,-0.04,0.018,-0.009,0.03378884489839192,-0.006218465302817776,1.5528213224498586
1440170793800730,51.7589884904,-1.2599706894,111.421188,5735665.179706322,620090.0933247567,-111.421188,30U,-0.039,0.018,-0.009,0.0337861551016685,-0.006217426540442854,1.5528176999997971
1440170793907396,51.7589884901,-1.2599706858,111.421127,5735665.179678888,620090.0935739927,-111.421127,30U,-0.04,0.018,-0.009,0.03378408360703122,-0.006227189807558755,1.5528220367782144
1440170794014062,51.7589884894,-1.2599706824,111.421066,5735665.179606641,620090.0938104882,-111.421066,30U,-0.04,0.018,-0.009,0.0337758040652564,-0.006216877550617298,1.5528229000006095
1440170794119775,51.7589884737,-1.2599706701,111.421455,5735665.177880955,620090.094700984,-111.421455,30U,-0.04,0.017,-0.009,0.03377324694497205,-0.006218416339350941,1.552825424495454
1440170794211203,51.7589884285,-1.2599706383,111.422638,5735665.172906791,620090.0970154714,-111.422638,30U,-0.041,0.017,-0.01,0.033783022450336674,-0.006221446944772067,1.5528344571468011
1440170794302631,51.7589883712,-1.2599705987,111.424133,5735665.166599876,620090.0999003518,-111.424133,30U,-0.041,0.017,-0.01,0.033796669394433515,-0.006221389797456368,1.552833591843974
1440170794407392,51.7589883243,-1.259970566,111.425362,5735665.161438144,620090.1022814608,-111.425362,30U,-0.041,0.017,-0.01,0.03378805096207782,-0.006214169422700746,1.552842642836986
1440170794514058,51.7589883061,-1.2599705522,111.425842,5735665.159436911,620090.103282106,-111.425842,30U,-0.041,0.017,-0.01,0.033780499999272594,-0.006222099999854273,1.5528447000007248
1440170794620724,51.758988269,-1.2599705266,111.42688,5735665.15535331,620090.105147232,-111.42688,30U,-0.041,0.016,-0.011,0.03378312040345028,-0.00622369795350423,1.552845399999928
1440170794725486,51.7589882316,-1.2599705018,111.428001,5735665.151235028,620090.1069579447,-111.428001,30U,-0.041,0.016,-0.011,0.033793120403535264,-0.006216542854062631,1.5528497326506416
1440170794816914,51.7589881946,-1.2599704772,111.429123,5735665.147160904,620090.1087537946,-111.429123,30U,-0.041,0.016,-0.012,0.03378182651408129,-0.006214434697039085,1.5528500020457026
1440170794908342,51.7589881581,-1.2599704531,111.430275,5735665.143141556,620090.1105138117,-111.430275,30U,-0.041,0.015,-0.011,0.033767908269024205,-0.006247807982405827,1.5528502632220078
1440170795014056,51.7589881278,-1.2599704302,111.430794,5735665.13980971,620090.112174565,-111.430794,30U,-0.022,0.015,0.002,0.0338715204294739,-0.005849597508721802,1.5528518428531908
1440170795119769,51.75898812,-1.259970407,111.430473,5735665.1389805,620090.1137963209,-111.430473,30U,0.008,0.015,0.004,0.0338730898243013,-0.005223420140948873,1.5528118224237721
1440170795211197,51.7589881409,-1.2599703854,111.430435,5735665.141340279,620090.1152315073,-111.430435,30U,0.039,0.013,-0.003,0.033908169394159346,-0.004802667139508416,1.552781997954771
1440170795302625,51.7589881901,-1.2599703671,111.431236,5735665.1468417635,620090.1163638664,-111.431236,30U,0.072,0.011,-0.013,0.03394545921931151,-0.004532150984012861,1.5527780367171033
1440170795407386,51.7589882697,-1.25997035,111.432838,5735665.155721942,620090.1173327506,-111.432838,30U,0.109,0.01,-0.016,0.034053079901888876,-0.0045566347105965915,1.5527067323586548
1440170795514052,51.7589883881,-1.2599703342,111.434052,5735665.168914786,620090.1181089694,-111.434052,30U,0.162,0.008,-0.008,0.034152499999641435,-0.004303099999603033,1.5526038000004578
1440170795620718,51.758988562,-1.25997032,111.43483,5735665.188276945,620090.1186275091,-111.43483,30U,0.229,0.007,-0.007,0.03431858783160517,-0.003767379228180567,1.552533306083902
1440170795725480,51.7589888023,-1.2599703078,111.435532,5735665.215019912,620090.1188318431,-111.435532,30U,0.311,0.005,-0.006,0.03437224896382344,-0.0030870832948457186,1.5524567938374982
1440170795816908,51.7589891243,-1.2599703017,111.436203,5735665.250838389,620090.1183984298,-111.436203,30U,0.409,0.0,-0.007,0.03435504893777658,-0.002336162890836271,1.5524672306585887
1440170795908336,51.7589895388,-1.2599703025,111.437126,5735665.296932088,620090.1172434031,-111.437126,30U,0.514,0.0,-0.012,0.034294367784128844,-0.001740862219654861,1.5524801487514444
1440170796014049,51.7589900495,-1.2599703062,111.438591,5735665.353719061,620090.1156329919,-111.438591,30U,0.623,-0.005,-0.015,0.03478539826908064,-0.001487314162128512,1.552464320430271
1440170796119763,51.7589906619,-1.2599703184,111.440048,5735665.421801719,620090.113166137,-111.440048,30U,0.74,-0.008,-0.015,0.03498392268565487,-0.0010934793335989914,1.5525771245208153
1440170796211191,51.7589913828,-1.25997033,111.441582,5735665.501951251,620090.1104528011,-111.441582,30U,0.864,-0.01,-0.016,0.03536192037735317,-0.0004507199311967391,1.5526908838440219
1440170796302619,51.7589922157,-1.2599703502,111.443535,5735665.5945417285,620090.1068487922,-111.443535,30U,0.988,-0.014,-0.024,0.03517888353085027,0.00025439818995170283,1.5531961819296058
1440170796407380,51.7589931599,-1.2599703698,111.446144,5735665.699510456,620090.1029908706,-111.446144,30U,1.113,-0.012,-0.03,0.034899013611350546,0.0006525885993306473,1.5536366683566076
1440170796514046,51.7589942163,-1.2599703948,111.449104,5735665.816947642,620090.0984625822,-111.449104,30U,1.237,-0.019,-0.031,0.03467499999971849,0.00075779999973796,1.5540735999999633
1440170796620712,51.7589953838,-1.2599704257,111.452576,5735665.946730135,620090.0932323398,-111.452576,30U,1.36,-0.022,-0.038,0.034520161422158434,0.0005993469447807958,1.554735586125684
1440170796725474,51.7589966654,-1.2599704578,111.456245,5735666.08919929,620090.0876165356,-111.456245,30U,1.491,-0.02,-0.035,0.03482737351089493,0.0004971999219156356,1.5554390451612803
1440170796816902,51.7589980625,-1.2599704889,111.459648,5735666.244514422,620090.0817632794,-111.459648,30U,1.617,-0.023,-0.035,0.03505309412609395,0.0004005591405691541,1.555854565538214
1440170796908330,51.758999573,-1.2599705362,111.463188,5735666.412413676,620090.0744911514,-111.463188,30U,1.744,-0.038,-0.034,0.03571635011847159,0.0005019657179711312,1.5567271057868128
1440170797014043,51.7590011975,-1.2599705946,111.466301,5735666.592972173,620090.0661505171,-111.466301,30U,1.87,-0.033,-0.029,0.0364967595077843,0.0006337694732246172,1.5579262535003773
1440170797120709,51.7590029343,-1.2599706312,111.469414,5735666.786055035,620090.0590163535,-111.469414,30U,1.995,-0.018,-0.032,0.037083469368190757,0.0007709818258064499,1.5584381042221793
1440170797227375,51.7590047838,-1.2599706584,111.473114,5735666.991686326,620090.052231862,-111.473114,30U,2.119,-0.02,-0.045,0.036075717965021244,0.000746503593519205,1.5588639167324085
1440170797329041,51.759006743,-1.2599706976,111.478394,5735667.209497192,620090.0443281622,-111.478394,30U,2.241,-0.032,-0.058,0.03626455150724628,-0.00023342499419082448,1.5598878271181045
1440170797409041,51.7590088146,-1.2599707759,111.48333,5735667.439743265,620090.033427889,-111.48333,30U,2.368,-0.034,-0.04,0.03737569510003855,-0.0007755714902151514,1.5606928397035338
1440170797489040,51.7590109996,-1.259970842,111.486427,5735667.682620222,620090.0230686613,-111.486427,30U,2.496,-0.037,-0.026,0.038795399999618924,-0.00020719999973626928,1.5609653000004817
1440170797587373,51.7590133005,-1.2599708944,111.489349,5735667.938408549,620090.0133473628,-111.489349,30U,2.626,-0.031,-0.029,0.03954463317638718,0.00012037529567819583,1.5616841269341581
1440170797694039,51.7590157169,-1.2599709368,111.492172,5735668.207057672,620090.0040097123,-111.492172,30U,2.748,-0.025,-0.038,0.039681438289549315,0.0002676308155734013,1.5621082774720605
1440170797800705,51.7590182418,-1.2599709694,111.497299,5735668.487788816,620089.9950604816,-111.497299,30U,2.872,-0.022,-0.059,0.03937694125419584,0.0006166163389387734,1.56141139735036
1440170797907371,51.7590208763,-1.2599710164,111.502594,5735668.780684462,620089.9848266826,-111.502594,30U,2.99,-0.041,-0.042,0.038691278728371754,0.0018643948281672192,1.5599662345547112
1440170798014037,51.7590236227,-1.2599710782,111.507294,5735669.085999724,620089.9732746085,-111.507294,30U,3.122,-0.039,-0.058,0.037944703042282465,0.003996451062293639,1.5581457517968813
1440170798120703,51.759026487,-1.2599711509,111.513,5735669.404408264,620089.9606574808,-111.513,30U,3.252,-0.064,-0.054,0.03920305148108043,0.0031591484650046694,1.555520437398887
1440170798227369,51.7590294696,-1.2599712545,111.517181,5735669.7359216325,620089.945594018,-111.517181,30U,3.386,-0.076,-0.029,0.03983250062910652,0.0026119674794865023,1.5532018092585775
1440170798331178,51.7590325727,-1.2599713729,111.519829,5735670.080810991,620089.9291894616,-111.519829,30U,3.519,-0.088,-0.028,0.04134885344843001,0.00299250018338351,1.5517800606081136
1440170798422606,51.759035792,-1.2599715035,111.523659,5735670.438602436,620089.9116346503,-111.523659,30U,3.645,-0.084,-0.041,0.0417296021455486,0.002862222880876513,1.5503151678356741
1440170798514034,51.7590391266,-1.2599716315,111.527336,5735670.80922025,620089.8939533357,-111.527336,30U,3.776,-0.092,-0.042,0.042037699999352474,0.0033907000000871225,1.5483359000001766
1440170798620700,51.7590425741,-1.2599717817,111.534088,5735671.192356704,620089.8744404113,-111.534088,30U,3.898,-0.115,-0.081,0.04247187440297185,0.002033652111730064,1.5468843667981367
1440170798725462,51.7590461259,-1.2599719563,111.546288,5735671.5870517995,620089.8529668729,-111.546288,30U,4.012,-0.115,-0.161,0.04058012292108038,-0.0013224083927979343,1.5455025787314969
1440170798816889,51.7590497916,-1.2599721242,111.557434,5735671.994424325,620089.8316534914,-111.557434,30U,4.141,-0.124,-0.071,0.04130927429758729,-0.0031110402828065263,1.5442283769469949
1440170798908317,51.7590535705,-1.2599723233,111.561798,5735672.414334034,620089.807886606,-111.561798,30U,4.267,-0.139,-0.024,0.0415589094124518,-0.0017951849433607025,1.5431053264283208
1440170798999745,51.7590574603,-1.2599725272,111.562752,5735672.846568619,620089.7834942112,-111.562752,30U,4.388,-0.139,-0.008,0.042638456595955554,0.0004571667446119517,1.5417050155785195
1440170799091173,51.7590614589,-1.2599727485,111.565392,5735673.290873801,620089.7576123399,-111.565392,30U,4.51,-0.162,-0.052,0.044490212615363144,0.0013678525829656494,1.5403422706527405
1440170799194030,51.7590655639,-1.2599729858,111.570541,5735673.74698499,620089.7303439768,-111.570541,30U,4.623,-0.161,-0.053,0.04473013561522147,0.0005892531594284566,1.5387719072915187
1440170799300696,51.7590697712,-1.2599732278,111.575554,5735674.214464846,620089.702479826,-111.575554,30U,4.739,-0.173,-0.041,0.046414635142415485,0.0010671453974378559,1.5370358826637833
1440170799407362,51.759074076,-1.259973495,111.582191,5735674.692745825,620089.6726178953,-111.582191,30U,4.843,-0.194,-0.085,0.048087247129099744,0.00023450817519520939,1.535351744459887
1440170799514028,51.7590784772,-1.2599737918,111.589806,5735675.181698354,620089.6404574576,-111.589806,30U,4.951,-0.207,-0.076,0.04837469999979923,-0.0006791000005701256,1.5338096999995297
1440170799620694,51.7590829747,-1.2599740913,111.598747,5735675.681355608,620089.6078551753,-111.598747,30U,5.058,-0.214,-0.081,0.049173552084350224,-0.0017081694468901183,1.5323766626798918
1440170799727360,51.7590875699,-1.2599744169,111.603973,5735676.191834739,620089.5731924747,-111.603973,30U,5.166,-0.232,-0.036,0.04886692654143412,-0.00020068303106644356,1.5312561157889057
1440170799834026,51.7590922562,-1.2599747491,111.60881,5735676.712433902,620089.5378325846,-111.60881,30U,5.263,-0.233,-0.059,0.04944637550403039,0.0010320370575724266,1.5302900546030667
1440170799936882,51.7590970297,-1.2599751165,111.614601,5735677.242672295,620089.4998121373,-111.614601,30U,5.361,-0.266,-0.051,0.05164493593501707,0.00047953848142909933,1.5294093917963323
1440170800028310,51.7591018871,-1.2599755058,111.620247,5735677.782204839,620089.4600577379,-111.620247,30U,5.45,-0.266,-0.056,0.05336814489977959,-1.0279675134981242e-05,1.528850142644435
1440170800119738,51.7591068247,-1.2599758815,111.625992,5735678.330678523,620089.4210290927,-111.625992,30U,5.537,-0.252,-0.071,0.05395338492068451,-0.000220368083082229,1.5283886404146945
1440170800211167,51.7591118364,-1.2599762591,111.634247,5735678.887389469,620089.3816727189,-111.634247,30U,5.617,-0.263,-0.079,0.0521251482304745,-0.0006348254654899146,1.5275472996072272
1440170800302595,51.7591169218,-1.2599766349,111.643745,5735679.452299283,620089.3422450162,-111.643745,30U,5.705,-0.264,-0.089,0.04885692627780442,-0.0005726025438315056,1.5269496345926137
1440170800407356,51.7591220876,-1.2599770382,111.651108,5735680.026104804,620089.3007061882,-111.651108,30U,5.788,-0.293,-0.063,0.04967036686271449,-0.0015065388591194745,1.5264261369867704
1440170800514022,51.7591273285,-1.2599774685,111.65551,5735680.608217464,620089.2571048021,-111.65551,30U,5.872,-0.292,-0.03,0.048940599999337524,-0.0014629999995176008,1.5253383000007015
1440170800605450,51.7591326422,-1.25997789,111.659195,5735681.198440433,620089.2139175537,-111.659195,30U,5.953,-0.295,-0.057,0.04746662937326869,0.0006878947286335591,1.5241011687389858
1440170800696877,51.7591380278,-1.2599783332,111.66803,5735681.796623407,620089.1690419964,-111.66803,30U,6.031,-0.314,-0.113,0.04679061264168454,0.00049393388379572,1.5225381010756938
1440170800800686,51.7591434864,-1.2599787951,111.678123,5735682.402893651,620089.1226822473,-111.678123,30U,6.118,-0.333,-0.073,0.04716249619717636,-0.0013996380794799987,1.5208594789674452
1440170800907353,51.7591490138,-1.259979306,111.684273,5735683.016734209,620089.0727584168,-111.684273,30U,6.186,-0.361,-0.061,0.04960411999894448,-0.0035814378588417055,1.5197185497392276
1440170801014019,51.7591545897,-1.259979817,111.692764,5735683.635968109,620089.0226990064,-111.692764,30U,6.23,-0.342,-0.122,0.05252387259366749,-0.005560939050096176,1.5177216068706192
1440170801120685,51.7591601908,-1.2599803368,111.705353,5735684.257989919,620088.9719654421,-111.705353,30U,6.23,-0.372,-0.122,0.055104522003738596,-0.007843080303975868,1.5156986622351676
1440170801227351,51.7591657825,-1.2599808692,111.715431,5735684.878945643,620088.9203872895,-111.715431,30U,6.212,-0.36,-0.072,0.05355661206423338,-0.007852136007631693,1.5134428700756337
1440170801334017,51.7591713444,-1.2599814082,111.718903,5735685.496576554,620088.8684327432,-111.718903,30U,6.16,-0.385,-0.024,0.05436730721132347,-0.005312782611335211,1.511005492630265
1440170801440683,51.7591768528,-1.2599819949,111.721893,5735686.108179386,620088.8133283388,-111.721893,30U,6.096,-0.426,-0.052,0.05707027207568383,-0.004147013768191205,1.5088793759610224
1440170801539016,51.7591823008,-1.2599826152,111.727905,5735686.713010031,620088.7560654394,-111.727905,30U,6.025,-0.427,-0.087,0.060147599999283194,-0.004561099999352137,1.5066510999992504
1440170801619015,51.7591876881,-1.2599832253,111.73761,5735687.311107249,620088.699667518,-111.73761,30U,5.961,-0.423,-0.114,0.06091350999253112,-0.005690705323688848,1.5031996082090944
1440170801699014,51.7591930164,-1.2599838417,111.749908,5735687.902632921,620088.6429913852,-111.749908,30U,5.896,-0.428,-0.125,0.05854460810388488,-0.009460067924832758,1.4992498937846954
1440170801800680,51.7591982873,-1.2599844783,111.760529,5735688.4877420915,620088.585073543,-111.760529,30U,5.832,-0.462,-0.078,0.06050779084711497,-0.013622925910655958,1.4949600426440213
1440170801907347,51.7592034958,-1.259985175,111.766304,5735689.065813029,620088.5231737271,-111.766304,30U,5.761,-0.494,-0.051,0.060827273986284416,-0.01446365716362724,1.491104240948374
1440170802014013,51.7592086443,-1.2599858968,111.772324,5735689.637170261,620088.4597009486,-111.772324,30U,5.696,-0.506,-0.067,0.06180426897397314,-0.015502345791406734,1.4874587040907714
1440170802119726,51.7592137356,-1.2599866223,111.776917,5735690.2021603985,620088.3961246117,-111.776917,30U,5.636,-0.495,-0.014,0.0610858761089175,-0.01593173202210428,1.4833720364288623
1440170802211155,51.7592187722,-1.2599873481,111.777229,5735690.761067058,620088.3326727201,-111.777229,30U,5.572,-0.516,0.013,0.05751291293013297,-0.014777556463939466,1.4791687470758477
1440170802302583,51.7592237478,-1.2599881258,111.7761,5735691.313104676,620088.2658010309,-111.7761,30U,5.497,-0.552,-0.008,0.05669618203480908,-0.012742257670712057,1.4761957351952586
1440170802407344,51.7592286601,-1.2599889253,111.779182,5735691.85806704,620088.1975928717,-111.779182,30U,5.436,-0.552,-0.037,0.05833245955990312,-0.011477189663679358,1.4726593613973642
1440170802514009,51.7592335133,-1.2599897468,111.78299,5735692.396420888,620088.1280232987,-111.78299,30U,5.365,-0.579,-0.035,0.05980270000022675,-0.011617399999733267,1.4682714000006163
1440170802620675,51.7592383057,-1.2599905861,111.787048,5735692.927984083,620088.0573866679,-111.787048,30U,5.301,-0.577,-0.042,0.05889070285935411,-0.011414551009829113,1.4639219078946035
1440170802725437,51.7592430434,-1.2599914279,111.789429,5735693.453460177,620087.9867226589,-111.789429,30U,5.24,-0.58,-0.021,0.05587795371156416,-0.011105079386427054,1.4596822018104136
1440170802816865,51.7592477206,-1.259992278,111.793503,5735693.972194624,620087.9156463981,-111.793503,30U,5.168,-0.599,-0.071,0.054183701336869866,-0.011746335877083767,1.4555366590615668
1440170802908293,51.7592523348,-1.2599931754,111.800201,5735694.483845192,620087.8414730987,-111.800201,30U,5.101,-0.639,-0.052,0.05381288004461135,-0.013380678198556486,1.4517369552744792
1440170803014007,51.7592568883,-1.2599941172,111.804169,5735694.988672428,620087.7643967904,-111.804169,30U,5.033,-0.647,-0.047,0.053584486099870425,-0.01359597970077592,1.4483965184634866
1440170803119720,51.7592613846,-1.2599950497,111.808578,5735695.487153978,620087.6881140644,-111.808578,30U,4.973,-0.644,-0.033,0.054604812771342826,-0.013873198269664981,1.444686469473727
1440170803211149,51.7592658303,-1.2599959893,111.810753,5735695.9799968,620087.6114756332,-111.810753,30U,4.922,-0.654,-0.014,0.05489858554907694,-0.013918526226140503,1.4409356245209861
1440170803302577,51.7592702369,-1.2599969448,111.811905,5735696.468465277,620087.5338436877,-111.811905,30U,4.887,-0.662,-0.012,0.054263397561248095,-0.012970089404758358,1.4372651225540485
1440170803407337,51.7592746168,-1.259997917,111.813614,5735696.953937045,620087.4551301182,-111.813614,30U,4.863,-0.683,-0.02,0.054688211401060546,-0.012017245604325648,1.4340210587734419
1440170803514003,51.759278977,-1.2599989185,111.815567,5735697.437169809,620087.3744468172,-111.815567,30U,4.843,-0.692,-0.02,0.053897300000864776,-0.011453999999252213,1.4311595000008177
1440170803620669,51.7592833281,-1.2599999254,111.818047,5735697.919381703,620087.2934150165,-111.818047,30U,4.843,-0.707,-0.022,0.05456919766640243,-0.011303824416109389,1.428310153789153
1440170803725431,51.7592876784,-1.2600009673,111.819412,5735698.401447007,620087.2099699749,-111.819412,30U,4.84,-0.724,-0.017,0.053206302123945066,-0.010364579149576057,1.4264290910561568
1440170803816859,51.7592920288,-1.2600020221,111.822586,5735698.883502189,620087.1256344432,-111.822586,30U,4.847,-0.733,-0.04,0.05431294744300425,-0.010519182350287854,1.425205728009251
1440170803908287,51.7592963885,-1.2600030991,111.826851,5735699.366555039,620087.039742211,-111.826851,30U,4.857,-0.752,-0.039,0.05757330336952318,-0.012834711208215468,1.4241735813170757
1440170804014001,51.7593007618,-1.2600041881,111.82975,5735699.851100539,620086.9529857782,-111.82975,30U,4.879,-0.751,-0.018,0.05966237023303745,-0.013322565040339662,1.423754087804565
1440170804119714,51.7593051592,-1.2600052829,111.831192,5735700.338316563,620086.8657651519,-111.831192,30U,4.909,-0.753,-0.019,0.059312520324888054,-0.011912962102979171,1.4243153963280428
1440170804211143,51.759309592,-1.2600063576,111.833725,5735700.829502386,620086.7798377278,-111.833725,30U,4.955,-0.736,-0.031,0.0576424633623477,-0.010692362968202904,1.4245589141877972
1440170804302571,51.759314066,-1.2600074225,111.837006,5735701.325286049,620086.694477306,-111.837006,30U,5.002,-0.74,-0.028,0.055104046342176236,-0.009994964752495297,1.424309528613128
1440170804407332,51.7593185894,-1.2600085223,111.83593,5735701.826505842,620086.6065773506,-111.83593,30U,5.065,-0.776,0.035,0.05423186948683579,-0.007108901166219391,1.4249350535366838
1440170804513997,51.7593231699,-1.2600096496,111.834076,5735702.334030234,620086.5166281125,-111.834076,30U,5.135,-0.779,-0.009,0.05596059999965452,-0.004245300000577907,1.4254512000007225
1440170804620663,51.7593278141,-1.2600107932,111.837196,5735702.848611632,620086.4253849994,-111.837196,30U,5.199,-0.804,-0.047,0.06106101607712972,-0.005743553790464809,1.4250711956725672
1440170804725425,51.75933251,-1.2600119576,111.842506,5735703.368908152,620086.3325693042,-111.842506,30U,5.252,-0.805,-0.043,0.061782638920057614,-0.00717531046429223,1.4244553242855318
1440170804816853,51.7593372577,-1.2600131074,111.847305,5735703.8949892,620086.2406237386,-111.847305,30U,5.311,-0.784,-0.063,0.057507234487448974,-0.006404942198512343,1.4240408895103738
1440170804908281,51.7593420549,-1.2600142448,111.854553,5735704.4265953805,620086.1494025826,-111.854553,30U,5.363,-0.791,-0.077,0.05303082240824097,-0.006505661025431915,1.4229950711899104
1440170805013995,51.7593468953,-1.2600154201,111.861839,5735704.962943271,620086.0554513161,-111.861839,30U,5.413,-0.837,-0.045,0.05075946692960079,-0.007187660581630951,1.421540021924354
1440170805120661,51.7593517825,-1.2600166707,111.86219,5735705.504371636,620085.9561793911,-111.86219,30U,5.465,-0.886,0.014,0.053096236638256716,-0.005406411959702399,1.4210075264358681
1440170805227326,51.7593567108,-1.2600179526,111.863472,5735706.050319047,620085.854638401,-111.863472,30U,5.512,-0.87,-0.039,0.05546440422325342,-0.0052334761870467955,1.4201561765019892
1440170805328992,51.7593616872,-1.2600192003,111.868835,5735706.6016717935,620085.7553299674,-111.868835,30U,5.567,-0.858,-0.062,0.05478406260243474,-0.005709961946242488,1.4179723151589139
1440170805408992,51.7593667124,-1.260020461,111.875214,5735707.158430006,620085.6549949339,-111.875214,30U,5.619,-0.885,-0.059,0.05407042129329323,-0.006378744761061348,1.4161860406118219
1440170805488991,51.7593717813,-1.2600217667,111.881195,5735707.719973843,620085.5514384926,-111.881195,30U,5.665,-0.912,-0.063,0.050957400000699156,-0.007256999999538563,1.4148235999999061
1440170805587324,51.7593768986,-1.2600230882,111.885178,5735708.286874052,620085.4466632834,-111.885178,30U,5.721,-0.916,-0.023,0.04965217841656966,-0.006247778547427992,1.4132282603190989
1440170805693990,51.759382063,-1.2600244418,111.88839,5735708.858959229,620085.3395478844,-111.88839,30U,5.766,-0.962,-0.051,0.05054359682703632,-0.005755357933906921,1.411624023892243
1440170805800657,51.7593872715,-1.2600258465,111.893509,5735709.435864468,620085.2287890547,-111.893509,30U,5.827,-0.971,-0.038,0.050334019250781195,-0.007317137345243289,1.4105089442433933
1440170805907322,51.7593925339,-1.2600272566,111.896835,5735710.018754839,620085.1175145776,-111.896835,30U,5.885,-0.978,-0.033,0.0513194284306512,-0.007936938000750411,1.4088023715406401
1440170806013989,51.7593978466,-1.2600286918,111.901772,5735710.607197563,620085.0043744964,-111.901772,30U,5.939,-1.007,-0.065,0.05067731387330236,-0.010114195698614813,1.406937260530577
1440170806120655,51.7594032105,-1.2600301673,111.907845,5735711.201267698,620084.8883174638,-111.907845,30U,6.0,-1.028,-0.044,0.04941425722558756,-0.013048662286360781,1.4058198667461816
1440170806227320,51.7594086305,-1.2600316502,111.910683,5735711.801564326,620084.7716009266,-111.910683,30U,6.06,-1.024,-0.017,0.04814331452930445,-0.014601298163837373,1.4042740297673901
1440170806331129,51.7594140985,-1.2600331676,111.911934,5735712.407142057,620084.6523761929,-111.911934,30U,6.114,-1.068,-0.004,0.046971295463141514,-0.013821482769410316,1.4036091880927728
1440170806422557,51.7594196182,-1.2600347185,111.911018,5735713.018413996,620084.5307024556,-111.911018,30U,6.174,-1.072,0.023,0.04652486605390099,-0.011464619355602208,1.4045978611692436
1440170806513985,51.7594251929,-1.260036259,111.909637,5735713.635819411,620084.4096005232,-111.909637,30U,6.236,-1.056,0.008,0.04718350000077632,-0.009805999999907755,1.4057474000001966
1440170806620651,51.7594308239,-1.2600378124,111.90847,5735714.259464505,620084.287459,-111.90847,30U,6.297,-1.076,0.017,0.04791369344356642,-0.009817145161129519,1.4076138339366713
1440170806725413,51.7594365075,-1.260039356,111.90905,5735714.888975192,620084.165854244,-111.90905,30U,6.354,-1.047,-0.053,0.04813079441340592,-0.010567198820669792,1.41014125622904
1440170806816841,51.7594422474,-1.2600408626,111.915085,5735715.524807718,620084.0466535216,-111.915085,30U,6.419,-1.038,-0.072,0.04565480521829237,-0.01336813737258106,1.412116088880966
1440170806908269,51.7594480431,-1.2600423681,111.921196,5735716.166847371,620083.9273806853,-111.921196,30U,6.481,-1.044,-0.029,0.04292654642805621,-0.016713996022714766,1.4147756832838176
1440170806999697,51.7594538912,-1.2600439009,111.920998,5735716.814669288,620083.8060848559,-111.920998,30U,6.536,-1.065,0.034,0.04591480658360408,-0.016707425098936444,1.418510422502282
1440170807091124,51.7594597955,-1.2600454193,111.918045,5735717.468764713,620083.6856336908,-111.918045,30U,6.602,-1.031,0.014,0.047465554419746404,-0.01544288192986311,1.4220304955672438
1440170807193981,51.7594657583,-1.2600469009,111.9161,5735718.129426304,620083.5675669214,-111.9161,30U,6.668,-1.013,0.03,0.0471507967996693,-0.015414022003110173,1.4251577792297183
1440170807300647,51.7594717803,-1.2600483461,111.912605,5735718.796731242,620083.4518550842,-111.912605,30U,6.733,-0.987,0.033,0.045750391686380294,-0.015429590008425404,1.4283055772356574
1440170807407313,51.7594778561,-1.2600497806,111.911469,5735719.470036704,620083.3367389389,-111.911469,30U,6.792,-0.992,-0.017,0.04576600001403724,-0.016866196116231403,1.4318121356769145
1440170807513979,51.7594839888,-1.2600512092,111.91214,5735720.149679523,620083.2218790106,-111.91214,30U,6.858,-0.979,-0.0,0.04598079999938677,-0.01910060000056583,1.435696600000315
1440170807620645,51.7594901822,-1.2600526074,111.911049,5735720.83612262,620083.1089559712,-111.911049,30U,6.924,-0.951,0.016,0.04581217151781085,-0.02050396595846576,1.439381312090702
1440170807727311,51.7594964351,-1.2600539718,111.908035,5735721.52923815,620082.9982076416,-111.908035,30U,6.99,-0.934,0.041,0.045328586965240544,-0.02210290868127281,1.4428871488592572
1440170807833978,51.759502747,-1.2600553068,111.902313,5735722.228963262,620082.8893316997,-111.902313,30U,7.055,-0.907,0.074,0.0449982927348308,-0.021715623499212695,1.4465122507998387
1440170807936834,51.7595091124,-1.2600566168,111.896378,5735722.934679079,620082.782039094,-111.896378,30U,7.111,-0.902,0.052,0.04513515415929593,-0.02138880429090217,1.4499495227014285
1440170808028262,51.7595155258,-1.2600579149,111.890709,5735723.645752395,620082.6754403801,-111.890709,30U,7.165,-0.886,0.073,0.04506597073193554,-0.021557562890264493,1.4538076326508624
1440170808119689,51.7595219894,-1.2600591762,111.883308,5735724.362468861,620082.5712480779,-111.883308,30U,7.218,-0.852,0.065,0.043152358301285824,-0.02048878909016255,1.4571574525037572
1440170808211118,51.7595284976,-1.2600603897,111.878204,5735725.084223836,620082.4702361608,-111.878204,30U,7.266,-0.833,0.052,0.04183599724570792,-0.020069368659823294,1.4595951704960242
1440170808302546,51.7595350489,-1.2600615968,111.873116,5735725.810782341,620082.3695515777,-111.873116,30U,7.312,-0.831,0.05,0.0415068803568157,-0.019577656752952963,1.4614027313142928
1440170808407307,51.759541641,-1.2600628055,111.86731,5735726.541875434,620082.2686483482,-111.86731,30U,7.358,-0.833,0.059,0.04113827467277613,-0.01867068309901856,1.4625628275232083
1440170808513973,51.7595482755,-1.2600640011,111.862411,5735727.277705247,620082.1685366794,-111.862411,30U,7.409,-0.814,0.04,0.03968920000086172,-0.018475299999335903,1.4633160999992403
1440170808605401,51.7595549525,-1.2600651854,111.859566,5735728.018279935,620082.0690920871,-111.859566,30U,7.453,-0.825,0.036,0.039612455730387214,-0.018928437005597803,1.4638283146605893
1440170808696829,51.7595616676,-1.2600663938,111.855087,5735728.7630519075,620081.9678832811,-111.855087,30U,7.492,-0.841,0.026,0.04019287715728143,-0.0186941489897251,1.4647541842124272
1440170808800638,51.759568422,-1.2600675954,111.851814,5735729.512205485,620081.8670394962,-111.851814,30U,7.541,-0.82,0.036,0.03985012662021062,-0.018552702124548067,1.465553896302731
1440170808907305,51.7595752169,-1.2600687848,111.847221,5735730.265883009,620081.766930204,-111.847221,30U,7.583,-0.826,0.054,0.041116231291732475,-0.01759455850094198,1.466560255397415
1440170809013970,51.75958205,-1.260069986,111.843811,5735731.023789189,620081.6659052601,-111.843811,30U,7.626,-0.827,0.029,0.04240476247024874,-0.01854938090784385,1.4683821786260915
1440170809120636,51.7595889238,-1.2600711776,111.840134,5735731.786237275,620081.5654348512,-111.840134,30U,7.67,-0.816,0.04,0.04446884733836711,-0.019757165617085817,1.4702575111202671
1440170809227302,51.7595958364,-1.2600723458,111.836647,5735732.553038696,620081.4664763613,-111.836647,30U,7.713,-0.802,0.024,0.04627737264652425,-0.020085675792878125,1.4718041845271586
1440170809333968,51.7596027853,-1.2600735095,111.834061,5735733.323884318,620081.3677321284,-111.834061,30U,7.754,-0.796,0.05,0.04476080716057671,-0.02090706705938937,1.4735267214267123
1440170809440634,51.7596097679,-1.2600746387,111.826973,5735734.0985344015,620081.2712793573,-111.826973,30U,7.784,-0.767,0.076,0.04209612105633862,-0.018611988348225753,1.4754840382230463
1440170809538967,51.7596167777,-1.2600757535,111.821144,5735734.876233008,620081.1757481878,-111.821144,30U,7.813,-0.767,0.044,0.03959350000085128,-0.016279600000677623,1.4777385000001222
1440170809618967,51.7596238143,-1.2600768719,111.816452,5735735.656906017,620081.0798974981,-111.816452,30U,7.843,-0.773,0.04,0.040299232074725376,-0.014451125989322576,1.4800381153421196
1440170809698966,51.759630877,-1.2600779585,111.814507,5735736.440533873,620080.986172106,-111.814507,30U,7.874,-0.727,-0.027,0.041412104800114174,-0.015910723682393584,1.4812666349067052
1440170809800632,51.7596379652,-1.260079019,111.818321,5735737.227040464,620080.8941802446,-111.818321,30U,7.904,-0.736,-0.024,0.0434074958563419,-0.021666943377854665,1.4818371883030954
1440170809907297,51.7596450802,-1.2600800798,111.818901,5735738.016526895,620080.8020965949,-111.818901,30U,7.934,-0.726,0.009,0.042553663922895044,-0.02449870271822552,1.4828501943062118
1440170810013964,51.7596522238,-1.2600811259,111.815399,5735738.809218031,620080.710951534,-111.815399,30U,7.967,-0.723,0.074,0.04234320330428618,-0.024423339863636654,1.483655269866611
1440170810119677,51.7596593986,-1.2600821901,111.804565,5735739.605349005,620080.6184746304,-111.804565,30U,8.0,-0.744,0.121,0.04664422465165668,-0.02234572992427245,1.4848179883559334
1440170810211106,51.7596666011,-1.2600832617,111.793404,5735740.404548214,620080.5254135777,-111.793404,30U,8.028,-0.736,0.072,0.049365617361994046,-0.022801442355831883,1.4857181658530947
1440170810302534,51.7596738309,-1.2600843082,111.78801,5735741.206824682,620080.43401227,-111.78801,30U,8.063,-0.707,0.048,0.04597940516715516,-0.026100264462909487,1.486576477996117
1440170810407295,51.7596810914,-1.2600853238,111.782722,5735742.0125660645,620080.344661942,-111.782722,30U,8.096,-0.702,0.062,0.04328878096743028,-0.027370168213558112,1.4877361943847356
1440170810513961,51.7596883799,-1.2600863572,111.773956,5735742.821391919,620080.254008965,-111.773956,30U,8.129,-0.716,0.128,0.04203620000056145,-0.025257699999867714,1.4898680000000535
1440170810620627,51.7596957005,-1.2600873585,111.760345,5735743.633840348,620080.1654860657,-111.760345,30U,8.161,-0.672,0.129,0.03883632748537666,-0.020841112379444103,1.4919044905320196
1440170810725389,51.7597030473,-1.2600883144,111.750717,5735744.449277138,620080.0800267309,-111.750717,30U,8.19,-0.661,0.085,0.037915158431590615,-0.018763866772325263,1.492966145528547
1440170810816816,51.7597104176,-1.2600892864,111.744064,5735745.267300769,620079.9933940029,-111.744064,30U,8.214,-0.662,0.035,0.03525284154199894,-0.01747206333533563,1.4944368904266203
1440170810908244,51.7597178134,-1.2600902295,111.740814,5735746.088207748,620079.9086880294,-111.740814,30U,8.242,-0.646,0.028,0.03353027675382872,-0.017544326013934054,1.495597346841823
1440170811013958,51.759725232,-1.2600911687,111.738068,5735746.911656653,620079.8241907216,-111.738068,30U,8.268,-0.651,0.034,0.032099221583678214,-0.016691148229890842,1.497165396931437
1440170811119671,51.7597326747,-1.2600921049,111.735733,5735747.7377905715,620079.7398365203,-111.735733,30U,8.295,-0.639,0.017,0.03172866598463706,-0.016481302464597523,1.498675280173016
1440170811211100,51.7597401393,-1.2600930285,111.733459,5735748.566380656,620079.6562937605,-111.733459,30U,8.318,-0.632,0.035,0.03146614662932284,-0.01690162189832652,1.4998741864150424
1440170811302528,51.759747624,-1.2600939269,111.731789,5735749.397247479,620079.574436743,-111.731789,30U,8.341,-0.616,0.001,0.031140945606518963,-0.01679765357900834,1.500797498425972
1440170811407289,51.7597551288,-1.260094817,111.730278,5735750.230363222,620079.4930991973,-111.730278,30U,8.364,-0.619,0.024,0.031755544217433394,-0.01703274555462104,1.5014294610907215
1440170811513955,51.7597626556,-1.2600957207,111.727715,5735751.06590311,620079.4107647635,-111.727715,30U,8.389,-0.608,0.025,0.030991299999584818,-0.0185333999995155,1.502295899999868
1440170811620621,51.7597702038,-1.2600965933,111.726189,5735751.903874021,620079.3305197812,-111.726189,30U,8.411,-0.6,0.027,0.030573971807121004,-0.0194855630482361,1.5026528591402064
1440170811725382,51.7597777673,-1.2600974786,111.723106,5735752.743525481,620079.2493577959,-111.723106,30U,8.429,-0.619,0.044,0.03033246113360201,-0.01711347191246636,1.5026236713603345
1440170811816810,51.7597853491,-1.2600983784,111.716774,5735753.585188145,620079.1671466316,-111.716774,30U,8.447,-0.616,0.071,0.03310306609000642,-0.012997401521170748,1.5023417363498106
1440170811908238,51.7597929443,-1.2600992707,111.712296,5735754.428353326,620079.0854175069,-111.712296,30U,8.458,-0.618,0.022,0.03353546767718342,-0.01039631262480672,1.5014230907942863
1440170812013952,51.7598005482,-1.2601001771,111.714569,5735755.272462787,620079.0026922786,-111.714569,30U,8.468,-0.629,-0.055,0.03115939950153506,-0.011288509677267243,1.5010061592191681
1440170812119665,51.7598081643,-1.2601010943,111.720314,5735756.117911185,620078.9191893922,-111.720314,30U,8.483,-0.643,-0.057,0.032237826277906806,-0.014069962628153654,1.5010731369779595
1440170812211094,51.7598157905,-1.2601020342,111.724861,5735756.964445396,620078.8340932025,-111.724861,30U,8.492,-0.646,-0.02,0.03309418510428069,-0.0167175030681151,1.5016989453447316
1440170812302522,51.7598234259,-1.2601029491,111.725311,5735757.812043866,620078.7506978714,-111.725311,30U,8.502,-0.627,0.006,0.03538103490741641,-0.01796335777515685,1.5026303455552446
1440170812407283,51.7598310683,-1.2601038641,111.722794,5735758.660420621,620078.6672770862,-111.722794,30U,8.51,-0.63,0.044,0.03699268623120923,-0.016697007603877077,1.5044351695157316
1440170812513949,51.7598387189,-1.2601047531,111.7183,5735759.509752076,620078.5856288208,-111.7183,30U,8.522,-0.59,0.056,0.034282400000361396,-0.014069900000504103,1.5065762999993828
1440170812620615,51.7598463761,-1.2601055969,111.714279,5735760.359891913,620078.50708231,-111.714279,30U,8.519,-0.577,0.025,0.032145943667272324,-0.012362495672796804,1.5086966236031878
1440170812725376,51.7598540251,-1.2601064249,111.715813,5735761.209145875,620078.4296479286,-111.715813,30U,8.504,-0.561,-0.054,0.029781258773351568,-0.014093328979242292,1.5108193765011082
1440170812816804,51.7598616604,-1.2601072229,111.721344,5735762.0569257075,620078.3543202089,-111.721344,30U,8.491,-0.538,-0.052,0.02889328929929313,-0.01849291046399098,1.5124202619987746
1440170812908232,51.7598692719,-1.2601079995,111.724953,5735762.902094063,620078.2805324612,-111.724953,30U,8.457,-0.531,-0.01,0.030138709220383603,-0.021066110142098797,1.5141272537585722
1440170813013946,51.7598768561,-1.2601087526,111.72464,5735763.744265179,620078.2084388928,-111.72464,30U,8.426,-0.528,0.049,0.029462422344992502,-0.022899739575066223,1.515309403460969
1440170813120612,51.7598844185,-1.2601094736,111.718193,5735764.584064851,620078.1386183953,-111.718193,30U,8.411,-0.476,0.068,0.027224777628583215,-0.02055693789681433,1.5171990597955216
1440170813227278,51.7598919654,-1.2601101809,111.712845,5735765.422163383,620078.0697844692,-111.712845,30U,8.391,-0.489,0.027,0.0289238399160205,-0.02020695940153229,1.5186186883823256
1440170813328944,51.7598994965,-1.2601109094,111.706413,5735766.25846995,620077.9995294707,-111.706413,30U,8.363,-0.502,0.017,0.032103323576913964,-0.018665619617860518,1.5206581441641138
1440170813408943,51.7599070237,-1.2601115956,111.706741,5735767.09441246,620077.9322039483,-111.706741,30U,8.377,-0.464,-0.001,0.03656225649084119,-0.020799706994611904,1.5218547263780677
1440170813488942,51.7599145489,-1.2601122732,111.702423,5735767.930146717,620077.8654772302,-111.702423,30U,8.374,-0.464,0.057,0.036774799999342016,-0.01940350000031254,1.522609200000163
1440170813587275,51.7599220692,-1.2601129105,111.698051,5735768.765402417,620077.8015446191,-111.698051,30U,8.364,-0.403,0.047,0.029031246368158826,-0.01523185208433602,1.5240609005251728
1440170813693941,51.7599295866,-1.2601135094,111.693832,5735769.600398843,620077.7402696894,-111.693832,30U,8.359,-0.437,0.045,0.025882166667466337,-0.012482849907586916,1.5253231886433316
1440170813800608,51.7599370943,-1.2601141563,111.69297,5735770.434237541,620077.6757080402,-111.69297,30U,8.348,-0.442,-0.024,0.02490511209074629,-0.013634698269907061,1.526537308498078
1440170813907273,51.7599445934,-1.2601147544,111.698586,5735771.267200211,620077.614536895,-111.698586,30U,8.345,-0.39,-0.07,0.025049077261830425,-0.017883217788599,1.526336791653772
1440170814013940,51.7599520928,-1.2601153297,111.703018,5735772.100233783,620077.554938387,-111.703018,30U,8.346,-0.407,-0.014,0.025717075477846688,-0.02206248137895343,1.5259937347765111
1440170814120606,51.7599595916,-1.2601159304,111.700478,5735772.933158815,620077.493588636,-111.700478,30U,8.344,-0.415,0.051,0.024170552216394803,-0.022488127773980335,1.5264799882237414
1440170814227272,51.7599670934,-1.2601165209,111.69429,5735773.76643426,620077.432934836,-111.69429,30U,8.354,-0.41,0.078,0.02557223957596136,-0.020825510963291004,1.5269350552849033
1440170814331081,51.759974601,-1.2601171196,111.685516,5735774.600341203,620077.3716997798,-111.685516,30U,8.353,-0.413,0.084,0.02876014602652802,-0.01812981468666152,1.5271705469444057
1440170814422509,51.7599821099,-1.2601177284,111.678612,5735775.434376084,620077.3097642876,-111.678612,30U,8.356,-0.412,0.055,0.030730116822967363,-0.016310559645787173,1.5270334056930468
1440170814513936,51.7599896255,-1.2601183253,111.674889,5735776.269175646,620077.2486322466,-111.674889,30U,8.372,-0.413,0.007,0.02928179999919411,-0.014624299999421077,1.5264695999995992
1440170814620602,51.7599971544,-1.2601189218,111.67424,5735777.105454909,620077.1874925336,-111.67424,30U,8.386,-0.419,0.018,0.02764079606663514,-0.01349244985528973,1.5260230407291355
1440170814725364,51.7600046958,-1.2601195363,111.6754,5735777.943094617,620077.125077494,-111.6754,30U,8.4,-0.428,0.002,0.029436269080079538,-0.014265834802253973,1.525558972856668
1440170814816792,51.7600122474,-1.2601201653,111.677208,5735778.781844759,620077.0616347651,-111.677208,30U,8.413,-0.428,-0.026,0.02763922525634571,-0.01581577010210836,1.5241131051661676
1440170814908220,51.760019815,-1.2601207826,111.679222,5735779.622393466,620076.9989570101,-111.679222,30U,8.433,-0.423,-0.006,0.02487539073056109,-0.01686011725138377,1.5218999227087924
1440170814999648,51.7600274022,-1.2601214321,111.677101,5735780.465068804,620076.9340051559,-111.677101,30U,8.452,-0.476,0.065,0.02761173401504686,-0.015303155126806491,1.5194623499087208
1440170815091076,51.7600350031,-1.2601221568,111.672157,5735781.309143859,620076.8638274451,-111.672157,30U,8.47,-0.501,0.036,0.027008118227044475,-0.011973745318245571,1.5175224192236931
1440170815193933,51.7600426279,-1.2601228679,111.670158,5735782.155899136,620076.7945248685,-111.670158,30U,8.497,-0.486,-0.012,0.02334218421261954,-0.011056844060483562,1.5149576087603596
1440170815300599,51.7600502744,-1.2601236172,111.672661,5735783.005004702,620076.7225285666,-111.672661,30U,8.524,-0.554,-0.024,0.025912212089915072,-0.014140691502678777,1.512905852451273
1440170815407265,51.760057939,-1.2601244335,111.677856,5735783.85601279,620076.6458606182,-111.677856,30U,8.546,-0.553,-0.052,0.026321239847267582,-0.018716522129786965,1.5111635888561472
1440170815513930,51.7600656304,-1.2601252315,111.68042,5735784.710031342,620076.5703844563,-111.68042,30U,8.578,-0.555,0.017,0.024558400000103307,-0.020031099999921403,1.5083494000001743
1440170815620596,51.7600733517,-1.2601260543,111.675362,5735785.567334132,620076.4931175446,-111.675362,30U,8.609,-0.588,0.085,0.023692080960170066,-0.01719022648911011,1.506135743928508
1440170815727262,51.7600810995,-1.2601269408,111.6661,5735786.427479015,620076.4113844355,-111.6661,30U,8.635,-0.639,0.068,0.025799526987192525,-0.01361393729396592,1.504547062732902
1440170815833929,51.7600888723,-1.2601278714,111.663712,5735787.290331451,620076.3265416955,-111.663712,30U,8.664,-0.629,0.009,0.021853303305073422,-0.01782512226518894,1.5032187949643725
1440170815936785,51.7600966694,-1.2601287823,111.663895,5735788.155918638,620076.2429939916,-111.663895,30U,8.692,-0.646,0.0,0.022435216709225422,-0.020604447413625746,1.501476829783897
1440170816028213,51.7601044961,-1.2601297489,111.664032,5735789.024705828,620076.1555239456,-111.664032,30U,8.735,-0.674,0.042,0.0238404400988752,-0.020911296669354706,1.5008431811694871
1440170816119641,51.7601123612,-1.2601307094,111.652718,5735789.897773386,620076.0683729958,-111.652718,30U,8.76,-0.666,0.097,0.02318145567766877,-0.015858604248372824,1.4997064526625448
1440170816211069,51.7601202493,-1.2601316826,111.647591,5735790.773377784,620075.9802846253,-111.647591,30U,8.791,-0.68,0.02,0.023771564071119983,-0.01552156254889493,1.4987265259371012
1440170816302497,51.7601281643,-1.2601326754,111.646584,5735791.651941365,620075.8907723201,-111.646584,30U,8.824,-0.691,0.001,0.023146751166849673,-0.017234747363451604,1.4978706017832322
1440170816407258,51.7601361074,-1.2601336901,111.646065,5735792.533593787,620075.7996741766,-111.646065,30U,8.855,-0.71,0.019,0.02431200599307568,-0.01880343200765787,1.4975633078385537
1440170816513924,51.7601440797,-1.2601347215,111.642021,5735793.418465943,620075.707346126,-111.642021,30U,8.889,-0.707,0.05,0.024051400000332516,-0.018706699999696715,1.497663200000745
1440170816605352,51.7601520822,-1.260135741,111.636635,5735794.306716124,620075.6157591846,-111.636635,30U,8.919,-0.703,0.052,0.025851354759241982,-0.017904782979098203,1.4983629863103258
1440170816696780,51.7601601103,-1.2601367688,111.630875,5735795.197799524,620075.5235315674,-111.630875,30U,8.948,-0.707,0.053,0.02793643086808037,-0.016078952425974933,1.4998602723046701
1440170816800590,51.7601681644,-1.2601377751,111.626122,5735796.091809692,620075.4327186933,-111.626122,30U,8.976,-0.681,0.041,0.02879277117825622,-0.014273111776291909,1.5012608842900903
1440170816907255,51.7601762424,-1.2601387546,111.623665,5735796.988521815,620075.3436918826,-111.623665,30U,9.001,-0.675,0.015,0.029039476611363604,-0.014405344917447969,1.5023476643012736
1440170817013922,51.7601843402,-1.2601397297,111.623291,5735797.88744307,620075.2549162017,-111.623291,30U,9.021,-0.667,-0.004,0.02912788832934788,-0.015173868003689356,1.5034262759760813
1440170817120588,51.7601924566,-1.2601406995,111.623734,5735798.788441493,620075.1664569443,-111.623734,30U,9.042,-0.666,0.005,0.029168418935960356,-0.016176024521812816,1.5045916741147825
1440170817227253,51.7602005911,-1.2601416548,111.62265,5735799.6914766235,620075.078950322,-111.62265,30U,9.059,-0.653,0.018,0.029495918463141334,-0.017225512929353728,1.5057156393133937
1440170817333919,51.7602087418,-1.2601425991,111.620461,5735800.596331411,620074.9921598418,-111.620461,30U,9.078,-0.647,0.03,0.029996952320154233,-0.018264316652870746,1.5066651105687343
1440170817440585,51.7602169091,-1.260143525,111.617851,5735801.503062518,620074.9065951135,-111.617851,30U,9.1,-0.627,0.036,0.02916468432231484,-0.019460220748814757,1.5072020847501044
1440170817538918,51.7602250933,-1.2601444327,111.613129,5735802.411702981,620074.8222415362,-111.613129,30U,9.116,-0.631,0.041,0.029815400000098528,-0.019552499999484392,1.5074837000006016
1440170817618918,51.7602332946,-1.2601453547,111.608078,5735803.322221531,620074.7368557773,-111.608078,30U,9.134,-0.641,0.059,0.02953713789710437,-0.020126677891461383,1.5077990899552118
1440170817698917,51.7602415074,-1.2601462726,111.60183,5735804.234025707,620074.6517224661,-111.60183,30U,9.144,-0.629,0.055,0.029218537686842252,-0.01986094935736362,1.507796065198389
1440170817800583,51.7602497258,-1.2601471911,111.597,5735805.14645165,620074.5665329125,-111.597,30U,9.147,-0.64,0.05,0.029737809756318272,-0.020262565984199912,1.5078095715701776
1440170817907250,51.7602579476,-1.2601481169,111.591476,5735806.05924368,620074.4808305905,-111.591476,30U,9.15,-0.636,0.045,0.030266085064852805,-0.02170331436918613,1.5080070162510268
1440170818013915,51.7602661729,-1.2601490504,111.588547,5735806.9724122565,620074.394587633,-111.588547,30U,9.153,-0.643,0.035,0.030855691581896286,-0.02875780228147138,1.5081404510356653
1440170818119628,51.7602743951,-1.2601499738,111.5821,5735807.8852527235,620074.3090499142,-111.5821,30U,9.151,-0.632,0.092,0.03229902735292141,-0.03227997741923911,1.508188787779201
1440170818211057,51.7602826269,-1.2601508878,111.569572,5735808.799176249,620074.224135432,-111.569572,30U,9.174,-0.63,0.184,0.03196764387648813,-0.028800544611199887,1.5081897612121566
1440170818302485,51.7602908754,-1.2601518011,111.544968,5735809.714958077,620074.1392249708,-111.544968,30U,9.169,-0.635,0.226,0.028921883110459026,-0.017817303357691612,1.5083624963277988
1440170818407246,51.7602991273,-1.2601527159,111.531509,5735810.63111554,620074.0542019941,-111.531509,30U,9.185,-0.633,0.068,0.02871467048850161,-0.01319724239247586,1.5086219719196545
1440170818513912,51.7603073873,-1.2601536426,111.529869,5735811.548154183,620073.9683363386,-111.529869,30U,9.195,-0.636,-0.026,0.02866229999933993,-0.015234799999547846,1.5086044999992354
1440170818620578,51.7603156569,-1.260154557,111.533623,5735812.466280659,620073.8832940474,-111.533623,30U,9.207,-0.629,-0.033,0.027472077236345153,-0.018681964882868843,1.5082281100978627
1440170818725340,51.760323935,-1.2601554678,111.533775,5735813.385358319,620073.7984776575,-111.533775,30U,9.216,-0.632,0.037,0.02648250555965553,-0.019196042250352336,1.5080005651720272
1440170818816768,51.7603322198,-1.2601563883,111.528465,5735814.305165092,620073.7129741241,-111.528465,30U,9.224,-0.638,0.069,0.025541683450974878,-0.01738710506194503,1.507871142932501
1440170818908196,51.7603405097,-1.2601573212,111.521423,5735815.225518607,620073.6266013669,-111.521423,30U,9.23,-0.641,0.071,0.024417005679808732,-0.014378087218656327,1.5081788739861635
1440170819013909,51.7603488067,-1.2601582469,111.518059,5735816.1466735415,620073.5407066589,-111.518059,30U,9.239,-0.639,0.014,0.02332952244928958,-0.014771741803543336,1.5081923530557664
1440170819119622,51.7603571125,-1.2601591731,111.517189,5735817.068806271,620073.45475412,-111.517189,30U,9.246,-0.642,0.008,0.024745098505488988,-0.017640203829834014,1.5081728121958722
1440170819211051,51.7603654246,-1.2601601017,111.519157,5735817.991635651,620073.3686192654,-111.519157,30U,9.258,-0.641,-0.008,0.025469992367706477,-0.021368518095132124,1.508111730658458
1440170819302478,51.7603737493,-1.2601610252,111.516098,5735818.91587463,620073.282802949,-111.516098,30U,9.269,-0.635,0.071,0.025059047888024096,-0.022430350275739922,1.508184485811375
1440170819407240,51.7603820834,-1.2601619563,111.508186,5735819.84114644,620073.1964372452,-111.508186,30U,9.28,-0.644,0.086,0.026064963236236447,-0.022361229875709487,1.5085666151843602
1440170819513906,51.7603904265,-1.2601628907,111.499222,5735820.767413674,620073.1098199547,-111.499222,30U,9.288,-0.642,0.077,0.026903700000242375,-0.022438700000694638,1.508920299999755
1440170819620572,51.7603987794,-1.2601638133,111.490959,5735821.69479016,620073.0239909921,-111.490959,30U,9.293,-0.636,0.076,0.027287777576060598,-0.022684727354188992,1.509073342958146
1440170819725334,51.7604071267,-1.2601647375,111.483223,5735822.621541258,620072.9380664923,-111.483223,30U,9.278,-0.638,0.076,0.026915896511153628,-0.02265590138979797,1.5094888758456
1440170819816762,51.7604154455,-1.2601656527,111.476212,5735823.5451377975,620072.8528387093,-111.476212,30U,9.235,-0.628,0.072,0.026898954601849847,-0.02313230419698498,1.509925902255098
1440170819908190,51.7604237233,-1.2601665568,111.469604,5735824.464193151,620072.7684857235,-111.469604,30U,9.187,-0.617,0.058,0.026820706358469608,-0.02360181267437392,1.5102651826831717
1440170820013903,51.7604319562,-1.2601674498,111.462868,5735825.37827362,620072.6850178833,-111.462868,30U,9.135,-0.611,0.069,0.027570579543983915,-0.023256338474210884,1.5106431858377507
1440170820119616,51.7604401417,-1.2601683334,111.456596,5735826.287098384,620072.602324504,-111.456596,30U,9.08,-0.609,0.065,0.028428643824072366,-0.022978203593501886,1.5109527348542877
1440170820211045,51.7604482781,-1.2601692133,111.449844,5735827.190469012,620072.5200167465,-111.449844,30U,9.025,-0.607,0.059,0.03042145599226932,-0.02268365987416656,1.5112440409913512
1440170820302473,51.7604563634,-1.2601700898,111.444267,5735828.088162594,620072.4380792113,-111.444267,30U,8.969,-0.596,0.058,0.030073285155437526,-0.02264521167049919,1.5115332144250806
1440170820407234,51.7604643988,-1.2601709424,111.438843,5735828.980346331,620072.3579234005,-111.438843,30U,8.912,-0.586,0.056,0.03061288783407707,-0.02233926436602107,1.5117414782640821
1440170820513900,51.760472383,-1.2601718045,111.433594,5735829.866820665,620072.2772478606,-111.433594,30U,8.859,-0.601,0.049,0.03225110000079641,-0.022500499999404688,1.5120802000000448
1440170820620566,51.7604803244,-1.2601726596,111.428505,5735830.748546894,620072.1971689565,-111.428505,30U,8.819,-0.574,0.032,0.03257217243678272,-0.02083360750031244,1.5123863202998131
1440170820725328,51.7604882417,-1.2601734841,111.424095,5735831.627643431,620072.1192656817,-111.424095,30U,8.8,-0.571,0.049,0.03368121925035284,-0.019316523682993,1.5122375612642887
1440170820816755,51.7604961439,-1.2601743293,111.418938,5735832.505026674,620072.0399740029,-111.418938,30U,8.787,-0.587,0.032,0.03423417563683094,-0.018624753972608838,1.512842351587319
1440170820908183,51.760504033,-1.2601751692,111.417519,5735833.380961841,620071.9610828442,-111.417519,30U,8.773,-0.575,0.001,0.0349185042773209,-0.021293296894956012,1.5140286633781288
1440170821013897,51.7605119176,-1.2601759925,111.415619,5735834.256423912,620071.8833491901,-111.415619,30U,8.774,-0.56,0.042,0.03586041932863244,-0.02280064880698088,1.5155607375823021
1440170821120563,51.7605198036,-1.2601768007,111.410881,5735835.132066535,620071.8066538732,-111.410881,30U,8.776,-0.55,0.063,0.036508958589565536,-0.02259145095677512,1.5171782539209855
1440170821227229,51.7605276921,-1.2601775761,111.402176,5735836.008041176,620071.7322154299,-111.402176,30U,8.779,-0.522,0.093,0.035622762863955305,-0.020758811120257584,1.518667729294656
1440170821328895,51.7605355814,-1.260178324,111.395691,5735836.884150058,620071.6596726243,-111.395691,30U,8.779,-0.513,0.044,0.03473436650854177,-0.02099980909981814,1.5199612415939883
1440170821408895,51.7605434717,-1.2601790676,111.39093,5735837.760377227,620071.5874239184,-111.39093,30U,8.78,-0.505,0.059,0.03289201715930396,-0.022756197724865517,1.5214613570340858
1440170821488894,51.760551363,-1.2601797883,111.38607,5735838.6367533095,620071.5167528768,-111.38607,30U,8.783,-0.487,0.044,0.03154359999914717,-0.023612000000647518,1.5226852999997975
1440170821587227,51.7605592579,-1.2601804915,111.37928,5735839.513558546,620071.4472799528,-111.37928,30U,8.785,-0.486,0.092,0.031482842040540374,-0.022479884238347975,1.5236707474425206
1440170821693893,51.7605671574,-1.2601811797,111.369873,5735840.390900029,620071.3788299713,-111.369873,30U,8.791,-0.468,0.087,0.030652348833110757,-0.020095550038499842,1.5242327368206847
1440170821800559,51.7605750605,-1.2601818613,111.362106,5735841.268652723,620071.3108259107,-111.362106,30U,8.797,-0.467,0.067,0.029699146840500987,-0.01914266517221516,1.5243906755044223
1440170821907225,51.7605829685,-1.2601825479,111.357788,5735842.146942099,620071.2424638194,-111.357788,30U,8.803,-0.48,0.033,0.030554981825498508,-0.01950453629913239,1.5246834320083489
1440170822013891,51.7605908836,-1.2601832398,111.354637,5735843.026012314,620071.1737171604,-111.354637,30U,8.815,-0.477,0.031,0.03169709443930906,-0.020365310726483343,1.5248439999991885
1440170822120557,51.7605988108,-1.26018393,111.350517,5735843.906430926,620071.1050557274,-111.350517,30U,8.828,-0.471,0.046,0.030997995698696695,-0.02090790222910705,1.5248769489635978
1440170822227223,51.7606067504,-1.2601846048,111.345276,5735844.788253853,620071.0374241453,-111.345276,30U,8.843,-0.466,0.059,0.031097177340840203,-0.021578621401209867,1.5246040854711582
1440170822331032,51.7606147019,-1.2601852911,111.339378,5735845.671381205,620070.9689674048,-111.339378,30U,8.854,-0.475,0.063,0.029132831340899636,-0.022839983871782384,1.5244336530556646
1440170822422460,51.7606226663,-1.2601859788,111.33297,5735846.555940814,620070.9003798418,-111.33297,30U,8.866,-0.475,0.065,0.028089935254873674,-0.02485735911621218,1.5242624849577115
1440170822513888,51.7606306376,-1.2601866698,111.325218,5735847.441262317,620070.8315462582,-111.325218,30U,8.877,-0.478,0.099,0.02734699999922748,-0.024723799999554163,1.5239864999997548
1440170822620554,51.7606386234,-1.260187365,111.315117,5735848.328189397,620070.7623843823,-111.315117,30U,8.892,-0.476,0.096,0.027489734119777016,-0.021756770076151438,1.523671409887474
1440170822725315,51.7606466196,-1.2601880612,111.303452,5735849.21627138,620070.6931259218,-111.303452,30U,8.892,-0.471,0.108,0.025654019067222672,-0.01883257765528133,1.5231947463158795
1440170822816743,51.7606546078,-1.2601887537,111.29895,5735850.103469806,620070.6241440305,-111.29895,30U,8.883,-0.486,0.013,0.025372577785909477,-0.01973365706878703,1.5225894466830843
1440170822908171,51.7606625855,-1.2601894717,111.298515,5735850.989458583,620070.5534302919,-111.298515,30U,8.874,-0.498,0.014,0.024899719239778455,-0.022641007645315358,1.5221707272223508
1440170822999599,51.7606705549,-1.2601901925,111.29567,5735851.874519741,620070.4825453656,-111.29567,30U,8.863,-0.493,0.04,0.024723469786750343,-0.024597807606024515,1.5213307197748738
1440170823091027,51.7606785155,-1.2601909108,111.288994,5735852.7586063985,620070.4118563216,-111.288994,30U,8.853,-0.502,0.089,0.025976275766702327,-0.025184120116046822,1.5199956665362224
1440170823193884,51.7606864685,-1.2601916512,111.279793,5735853.641811508,620070.3396623677,-111.279793,30U,8.848,-0.516,0.094,0.025821587280476628,-0.024247662444016216,1.5184750114349141
1440170823300550,51.7606944204,-1.2601924068,111.269135,5735854.524869266,620070.2664224165,-111.269135,30U,8.847,-0.527,0.101,0.02555003115658364,-0.022912389168215308,1.5170132706537998
1440170823407216,51.7607023678,-1.2601931912,111.259529,5735855.407379182,620070.1912069726,-111.259529,30U,8.841,-0.553,0.085,0.02640022453407103,-0.021948453158105008,1.515758647957139
1440170823513882,51.7607103101,-1.2601940012,111.25222,5735856.289279802,620070.1142384581,-111.25222,30U,8.837,-0.561,0.063,0.026868000000741837,-0.021426400000713716,1.5147117000002424
1440170823620548,51.7607182502,-1.2601948153,111.246147,5735857.170929019,620070.0369928625,-111.246147,30U,8.834,-0.561,0.066,0.02587662821938697,-0.021398674927182997,1.5135486442958554
1440170823727213,51.7607261854,-1.2601956393,111.239784,5735858.052017027,620069.9590770995,-111.239784,30U,8.827,-0.577,0.053,0.02674453535360522,-0.02093857618650733,1.512641452636335
1440170823833880,51.7607341137,-1.2601964838,111.234863,5735858.932303965,620069.8797649852,-111.234863,30U,8.819,-0.586,0.06,0.027303299344113283,-0.021568307789892906,1.5119956487548891
1440170823936736,51.760742037,-1.2601973317,111.228363,5735859.812029273,620069.8002315257,-111.228363,30U,8.814,-0.581,0.06,0.026395828925840536,-0.020427486738927445,1.5114890796804012
1440170824028164,51.7607499557,-1.2601981778,111.222694,5735860.691245997,620069.720834504,-111.222694,30U,8.81,-0.591,0.065,0.02579551770235598,-0.01992282806169629,1.51087834683939
1440170824119592,51.7607578686,-1.2601990401,111.216507,5735861.569791058,620069.6403349505,-111.216507,30U,8.799,-0.594,0.045,0.024845715185268756,-0.019615120561251614,1.5110455267500464
1440170824211020,51.7607657607,-1.2601999014,111.21405,5735862.446024673,620069.5599596079,-111.21405,30U,8.759,-0.594,0.018,0.02565789556740973,-0.02142973742454537,1.5117796066344191
1440170824302449,51.7607736118,-1.2602007548,111.21125,5735863.3177118385,620069.4802382269,-111.21125,30U,8.715,-0.578,0.033,0.024084707343669458,-0.022128935116599684,1.5127997188311064
1440170824407210,51.7607814205,-1.2602015754,111.207573,5735864.1847378565,620069.4028928315,-111.207573,30U,8.662,-0.558,0.043,0.02252567567398768,-0.02340373008440918,1.513579529017471
1440170824513876,51.7607891811,-1.2602023827,111.201942,5735865.046436745,620069.3265928784,-111.201942,30U,8.61,-0.55,0.058,0.020536500000516354,-0.023338400000207333,1.514521899999398
1440170824605304,51.7607968951,-1.2602031736,111.198189,5735865.902980421,620069.2515483131,-111.198189,30U,8.556,-0.541,0.024,0.019446441175402725,-0.026057783529397725,1.5155602046425245
1440170824696731,51.7608045595,-1.2602039466,111.192024,5735866.754037734,620069.1778706079,-111.192024,30U,8.5,-0.517,0.082,0.016019290610932876,-0.02711293815882721,1.5166283739042068
1440170824800541,51.7608121738,-1.2602046925,111.185524,5735867.599568224,620069.1061959657,-111.185524,30U,8.446,-0.526,0.071,0.02002556553817405,-0.02616434933148452,1.5173764699972219
1440170824907206,51.7608197375,-1.2602054494,111.174263,5735868.439453568,620069.03389649,-111.174263,30U,8.387,-0.515,0.122,0.022704335061938977,-0.020767479622618854,1.5182466591651453
1440170825013873,51.7608272502,-1.2602061755,111.164589,5735869.273718095,620068.9638577957,-111.164589,30U,8.332,-0.488,0.053,0.022481555389361425,-0.016312567191560656,1.5186243369781338
1440170825120539,51.7608347105,-1.2602068908,111.162277,5735870.102173194,620068.8947034266,-111.162277,30U,8.27,-0.509,-0.003,0.023540419773711893,-0.018012930868046728,1.5193758271169526
1440170825227205,51.7608421142,-1.2602076177,111.164398,5735870.924314915,620068.8248987386,-111.164398,30U,8.212,-0.49,-0.043,0.02250188927276263,-0.02109722074422601,1.5200145858372465
1440170825333871,51.7608494678,-1.2602083143,111.167458,5735871.740935084,620068.757317936,-111.167458,30U,8.155,-0.478,-0.007,0.022157779202744327,-0.02468674206582773,1.5198661549969246
1440170825440537,51.7608567723,-1.2602089997,111.163925,5735872.552113463,620068.690640306,-111.163925,30U,8.101,-0.47,0.067,0.023976319761673442,-0.026187343552196696,1.5193306118947838
1440170825538869,51.7608640251,-1.2602097004,111.157341,5735873.357517285,620068.6230440253,-111.157341,30U,8.04,-0.482,0.073,0.023746100000076723,-0.025988799999832557,1.5188673999998499
1440170825618869,51.7608712272,-1.2602103866,111.149132,5735874.15730682,620068.5565828884,-111.149132,30U,7.987,-0.467,0.089,0.02210115232153994,-0.02356975756637804,1.5185422344875146
1440170825698868,51.7608783797,-1.260211065,111.140114,5735874.951593362,620068.4907916228,-111.140114,30U,7.928,-0.48,0.082,0.022913289693532155,-0.021155850327915206,1.5181659080253698
1440170825800535,51.7608854779,-1.2602117776,111.132965,5735875.739785096,620068.4227843472,-111.132965,30U,7.869,-0.487,0.067,0.0208151011808416,-0.02019649779676674,1.5180718059266494
1440170825907200,51.7608925217,-1.2602124682,111.129448,5735876.521963426,620068.356439593,-111.129448,30U,7.809,-0.474,0.009,0.020294026886125305,-0.019866975703508736,1.5173552511690582
1440170826013867,51.7608995132,-1.2602131593,111.129036,5735877.298324841,620068.2901991031,-111.129036,30U,7.756,-0.487,0.027,0.02295739761424598,-0.020902774141096085,1.5165737547869418
1440170826119581,51.7609064522,-1.2602138739,111.126022,5735878.0688092355,620068.2224762177,-111.126022,30U,7.693,-0.483,0.028,0.02210790023566705,-0.021377525334485278,1.5157716667712007
1440170826211009,51.7609133384,-1.2602145642,111.123703,5735878.833461941,620068.1565703279,-111.123703,30U,7.633,-0.475,0.022,0.021777000550539785,-0.02227493086831277,1.5146779158137553
1440170826302437,51.7609201722,-1.2602152682,111.12088,5735879.592264883,620068.0898580574,-111.12088,30U,7.576,-0.498,0.027,0.023093226856227462,-0.02347208943012863,1.5139381405447876
1440170826407197,51.7609269544,-1.2602159986,111.117004,5735880.345286114,620068.0214608801,-111.117004,30U,7.519,-0.501,0.047,0.023345455511161815,-0.024873757098890566,1.5135035065523432
1440170826513863,51.7609336872,-1.2602167118,111.111748,5735881.0928420685,620067.9543817196,-111.111748,30U,7.465,-0.486,0.058,0.0231984000007629,-0.025677999999355484,1.512716600000357
1440170826620529,51.7609403709,-1.2602174276,111.1064,5735881.834933514,620067.8872534148,-111.1064,30U,7.41,-0.504,0.053,0.02483148117000741,-0.026916263808713398,1.511870032205797
1440170826725291,51.760947008,-1.2602181543,111.100304,5735882.571824799,620067.8194965662,-111.100304,30U,7.358,-0.491,0.07,0.024573804825860125,-0.028765319039313928,1.5111987893790677
1440170826816719,51.7609536022,-1.2602188815,111.091988,5735883.30394451,620067.7518190434,-111.091988,30U,7.316,-0.508,0.093,0.024570335694247127,-0.028784209835620366,1.5105546752695536
1440170826908147,51.7609601615,-1.2602196022,111.083038,5735884.032193822,620067.6846826775,-111.083038,30U,7.285,-0.489,0.107,0.021122509907098283,-0.02730054343082714,1.5099772133259133
1440170827013861,51.7609666943,-1.2602203352,111.071671,5735884.757475916,620067.6167678296,-111.071671,30U,7.26,-0.515,0.113,0.021784170469572064,-0.021878468868964055,1.5102733410694258
1440170827119574,51.7609732057,-1.2602210798,111.06131,5735885.480359099,620067.5481092747,-111.06131,30U,7.23,-0.528,0.058,0.025954325570532767,-0.018420330264623055,1.5103312673482583
1440170827211002,51.7609796956,-1.2602218387,111.054916,5735886.200827806,620067.478520958,-111.054916,30U,7.21,-0.506,0.081,0.02489364337864246,-0.01832604044003368,1.5099215669287949
1440170827302430,51.7609861544,-1.2602225532,111.053497,5735886.917911092,620067.4120791254,-111.053497,30U,7.169,-0.487,-0.029,0.02521769937120925,-0.020127932809373507,1.5093856997120307
1440170827407191,51.7609925761,-1.2602232739,111.055817,5735887.630858416,620067.3453078839,-111.055817,30U,7.125,-0.51,-0.002,0.02731981135089703,-0.023036876768534484,1.5089871487525348
1440170827513857,51.7609989613,-1.260224027,111.052849,5735888.339693369,620067.2763976274,-111.052849,30U,7.088,-0.518,0.052,0.02863440000018493,-0.022688900000098204,1.5090307000004837
1440170827620523,51.7610053179,-1.2602247644,111.04615,5735889.045373671,620067.208646689,-111.04615,30U,7.058,-0.498,0.064,0.02997367251470721,-0.021528248884690723,1.5088307160505774
1440170827725285,51.7610116496,-1.2602254863,111.03994,5735889.74831045,620067.1420314495,-111.03994,30U,7.033,-0.507,0.065,0.032692758222659365,-0.021146809782443935,1.5083027243371023
1440170827816713,51.7610179596,-1.2602262231,111.034912,5735890.448809527,620067.0744455728,-111.034912,30U,7.009,-0.506,0.037,0.034029800471687646,-0.02125040451054506,1.5079293589831129
1440170827908141,51.7610242484,-1.2602269619,111.03096,5735891.146947734,620067.0067779376,-111.03096,30U,6.985,-0.511,0.041,0.03534228341264894,-0.02146554049795554,1.5076966645732748
1440170828013855,51.7610305114,-1.2602276992,111.027855,5735891.84221929,620066.9392822746,-111.027855,30U,6.954,-0.508,0.023,0.03831204901573578,-0.022890262051510134,1.5072555057965762
1440170828119568,51.7610367441,-1.2602284413,111.024902,5735892.534113391,620066.871535774,-111.024902,30U,6.916,-0.518,0.041,0.04240102766810767,-0.025770208260503132,1.50668718756831
1440170828210996,51.7610429358,-1.260229192,111.020203,5735893.221433877,620066.8033045914,-111.020203,30U,6.863,-0.513,0.042,0.04424846622116604,-0.028036726986727083,1.5060034115653838
1440170828302424,51.7610490804,-1.2602299157,111.014938,5735893.903560994,620066.737061596,-111.014938,30U,6.813,-0.491,0.058,0.0418918108052262,-0.027702018279332306,1.5047514281922696
1440170828407185,51.7610551773,-1.2602306437,111.008377,5735894.580376489,620066.6706484291,-111.008377,30U,6.76,-0.516,0.094,0.04236109958580489,-0.02649594229978792,1.5044977716328596
1440170828513851,51.7610612267,-1.260231397,110.998299,5735895.251868034,620066.6026153889,-110.998299,30U,6.71,-0.521,0.119,0.04437000000007919,-0.02395990000077665,1.5043619000003212
1440170828620517,51.7610672257,-1.2602321592,110.988777,5735895.917740128,620066.5341019048,-110.988777,30U,6.649,-0.529,0.083,0.0457120547334901,-0.022232245712079903,1.5039439019400185
1440170828725279,51.7610731742,-1.2602329066,110.983955,5735896.578020666,620066.4667437295,-110.983955,30U,6.597,-0.501,0.047,0.046038031183391365,-0.022619441306389508,1.5034462341983048
1440170828816707,51.7610790754,-1.2602336254,110.980896,5735897.23308823,620066.4014846837,-110.980896,30U,6.539,-0.498,0.018,0.045738144531250136,-0.024205367899451262,1.5023506831361941
1440170828908135,51.7610849306,-1.2602343581,110.97789,5735897.883017418,620066.3353884782,-110.97789,30U,6.485,-0.512,0.038,0.04551215189950589,-0.024777124740503052,1.5016169538081834
1440170829013849,51.7610907357,-1.2602351043,110.97393,5735898.527352946,620066.2684935934,-110.97393,30U,6.429,-0.518,0.033,0.04675941704725874,-0.024680290243317565,1.50107650789466
1440170829120515,51.7610964914,-1.2602358472,110.969398,5735899.166200311,620066.2019575071,-110.969398,30U,6.374,-0.512,0.059,0.048250028272479956,-0.02468409168562014,1.500205425990824
1440170829227180,51.7611021982,-1.2602365864,110.962372,5735899.799615782,620066.1358064947,-110.962372,30U,6.321,-0.502,0.078,0.046748150852689345,-0.023667653920135114,1.499329464909109
1440170829328846,51.7611078543,-1.26023732,110.956146,5735900.427402309,620066.070176448,-110.956146,30U,6.264,-0.514,0.053,0.047302441227476,-0.02282744704959227,1.4986139731181187
1440170829408846,51.761113459,-1.2602380683,110.952271,5735901.04944863,620066.0036683608,-110.952271,30U,6.215,-0.519,0.037,0.04706156325675481,-0.02438164478905521,1.497696174830934
1440170829488845,51.7611190129,-1.2602388117,110.948288,5735901.665853735,620065.9376331992,-110.948288,30U,6.158,-0.502,0.043,0.0451761000006814,-0.026089600000270306,1.497110300000619
1440170829587178,51.7611245059,-1.2602395498,110.942627,5735902.275495101,620065.8721253588,-110.942627,30U,6.09,-0.518,0.061,0.04800491723080553,-0.02417245879836172,1.4960652033563482
1440170829693844,51.7611298977,-1.2602403029,110.938828,5735902.873857692,620065.8058508984,-110.938828,30U,6.031,-0.52,0.035,0.04890520401175808,-0.020912439392266523,1.4947327320216566
1440170829800510,51.7611351556,-1.2602410616,110.93412,5735903.457320531,620065.7395452445,-110.93412,30U,5.965,-0.525,0.065,0.04828535803877693,-0.019077493522021496,1.4940741160499271
1440170829907176,51.7611405477,-1.2602417944,110.926529,5735904.055749905,620065.6746708702,-110.926529,30U,5.9,-0.484,0.068,0.04484525423750139,-0.017805965067061467,1.492845152299047
1440170830013842,51.7611458645,-1.2602425175,110.9217,5735904.64582141,620065.6106656572,-110.9217,30U,5.823,-0.529,-0.005,0.045404443037658726,-0.018883065066825133,1.4918347651711996
1440170830120508,51.761151094,-1.2602433045,110.924805,5735905.2260794025,620065.5424824593,-110.924805,30U,5.746,-0.539,-0.042,0.045279655074901934,-0.022949675635353994,1.4917023386039292
1440170830227174,51.7611562474,-1.2602440558,110.927208,5735905.797933365,620065.476964749,-110.927208,30U,5.666,-0.5,-0.005,0.04655608893305899,-0.025572404982559905,1.4908321992651563
1440170830330983,51.7611613226,-1.2602447814,110.925858,5735906.361133304,620065.4134280178,-110.925858,30U,5.58,-0.502,0.025,0.04581924954176734,-0.026213418725842933,1.4895862362185464
1440170830422411,51.7611663178,-1.2602455032,110.921242,5735906.915442989,620065.3503657694,-110.921242,30U,5.492,-0.498,0.065,0.04530743235821189,-0.02546411601515728,1.488790637272387
1440170830513839,51.7611712313,-1.2602462337,110.913857,5735907.460652794,620065.2869199142,-110.913857,30U,5.408,-0.506,0.075,0.04482799999978263,-0.022821800000145526,1.4884541999996277
1440170830620505,51.7611760569,-1.2602469573,110.907539,5735907.99609892,620065.2241834224,-110.907539,30U,5.327,-0.492,0.058,0.04653765053831198,-0.02282103731918767,1.48828969979071
1440170830725267,51.7611808036,-1.2602476769,110.902832,5735908.522777452,620065.1619322959,-110.902832,30U,5.241,-0.493,0.038,0.047032174928080164,-0.02465522984598634,1.4881397754267687
1440170830816695,51.7611854763,-1.2602483738,110.898247,5735909.041264086,620065.1014439791,-110.898247,30U,5.157,-0.47,0.041,0.04605347891457719,-0.025100234330028285,1.4881010409123097
1440170830908123,51.761190073,-1.2602490524,110.89563,5735909.551329164,620065.0424201449,-110.89563,30U,5.068,-0.466,0.006,0.04460657540258165,-0.024643829004501135,1.4883821949438438
1440170830999551,51.76119459,-1.2602497238,110.895424,5735910.05254295,620064.9841046209,-110.895424,30U,4.982,-0.462,0.012,0.044574524417053465,-0.024127519722187497,1.4885559001047581
1440170831090978,51.7611990317,-1.260250392,110.891312,5735910.545388166,620064.9262097013,-110.891312,30U,4.901,-0.464,0.062,0.045456819590094226,-0.022248688486888213,1.4889611086279213
1440170831193835,51.7612034,-1.2602510652,110.883057,5735911.030062605,620064.868164484,-110.883057,30U,4.82,-0.459,0.085,0.04725091077924593,-0.01961600036776491,1.4900554639387815
1440170831300501,51.7612077009,-1.2602517068,110.874741,5735911.507293759,620064.8124787335,-110.874741,30U,4.748,-0.423,0.057,0.04811287212124537,-0.01653391332224912,1.491103626803662
1440170831407167,51.7612119336,-1.2602523101,110.871216,5735911.977003694,620064.7596169246,-110.871216,30U,4.668,-0.411,0.022,0.047819691287635024,-0.015451457863451513,1.491378072348057
1440170831513833,51.7612160924,-1.2602529019,110.871078,5735912.438514412,620064.7077447701,-110.871078,30U,4.584,-0.411,-0.02,0.0472845000002384,-0.015965099999924764,1.4918786000002455
1440170831620499,51.7612201742,-1.2602534989,110.872871,5735912.891453681,620064.6557180642,-110.872871,30U,4.499,-0.41,-0.014,0.04750469593451518,-0.01718260629432944,1.4933194478620178
1440170831727165,51.7612241829,-1.2602540816,110.873009,5735913.336287308,620064.6048721105,-110.873009,30U,4.421,-0.397,0.01,0.04836243571949844,-0.01712003286168801,1.495575636192093
1440170831833831,51.7612281188,-1.2602546424,110.872047,5735913.773061166,620064.5557305723,-110.872047,30U,4.34,-0.375,0.003,0.048788192105174814,-0.017844454104452026,1.4982246216634463
1440170831936687,51.7612319855,-1.2602551588,110.871765,5735914.202212639,620064.509836574,-110.871765,30U,4.263,-0.351,0.003,0.05199876576109302,-0.01982028904311712,1.500060421687355
1440170832028115,51.76123578,-1.2602556848,110.871651,5735914.623319212,620064.4634716534,-110.871651,30U,4.18,-0.364,-0.001,0.054987937004690374,-0.02200602373534529,1.502516068895504
1440170832119543,51.7612394965,-1.2602561874,110.870987,5735915.035790211,620064.4189284554,-110.870987,30U,4.086,-0.329,0.023,0.05672269171340858,-0.02356191804305159,1.505054792945271
1440170832210972,51.7612431238,-1.2602566173,110.868019,5735915.438461291,620064.3796387727,-110.868019,30U,3.986,-0.268,0.02,0.05068948667740639,-0.020607357434248852,1.5069450704425038
1440170832302399,51.7612466648,-1.2602569943,110.868118,5735915.831622348,620064.34422856,-110.868118,30U,3.893,-0.266,-0.01,0.04757966422775603,-0.01937832491390551,1.5089758460788387
1440170832407161,51.7612501232,-1.2602573961,110.867424,5735916.215556935,620064.3073260958,-110.867424,30U,3.803,-0.279,0.012,0.04486923525515533,-0.019971393591716957,1.510915697232703
1440170832513827,51.7612535054,-1.2602577909,110.864403,5735916.591029121,620064.2711088486,-110.864403,30U,3.724,-0.273,0.054,0.045496200000295035,-0.01997680000040242,1.5114812999991791
1440170832605255,51.7612568166,-1.2602582014,110.857811,5735916.958579809,620064.2339965478,-110.857811,30U,3.647,-0.291,0.072,0.05039676511846205,-0.018279274639432467,1.5122690270653532
1440170832696683,51.761260061,-1.2602586143,110.850647,5735917.318697963,620064.1968958518,-110.850647,30U,3.574,-0.276,0.079,0.0544499959615292,-0.016448662444409422,1.5133341986105986
1440170832800492,51.7612632384,-1.2602589862,110.845909,5735917.671432787,620064.1628022284,-110.845909,30U,3.492,-0.233,0.003,0.05613753401444849,-0.016038056071655066,1.5136451425379072
1440170832907157,51.7612663411,-1.2602592927,110.850403,5735918.015968164,620064.1334198902,-110.850403,30U,3.416,-0.197,-0.072,0.05291560009944085,-0.018158416980127583,1.5128084659256438
1440170833013824,51.7612693821,-1.2602596019,110.856133,5735918.353637666,620064.1040149261,-110.856133,30U,3.351,-0.231,-0.032,0.0497967751385343,-0.02030426441155885,1.51350347844207
1440170833120490,51.7612723641,-1.2602599389,110.856407,5735918.684700226,620064.0728480759,-110.856407,30U,3.283,-0.231,0.02,0.05156867639658103,-0.021564863518749783,1.514338456936238
1440170833227156,51.7612752803,-1.2602602626,110.852173,5735919.008467302,620064.0427735992,-110.852173,30U,3.21,-0.217,0.058,0.05092133380494161,-0.02036798213965375,1.5134029017303305
1440170833333822,51.7612781375,-1.2602605794,110.847481,5735919.325684564,620064.0133318049,-110.847481,30U,3.151,-0.225,0.026,0.05258807870502968,-0.01843162310513415,1.5139785987411802
1440170833440488,51.7612809394,-1.2602609154,110.845535,5735919.6367205065,620063.9827117764,-110.845535,30U,3.083,-0.23,0.022,0.0557861146765651,-0.0203074621706531,1.514718945970252
1440170833538821,51.7612836792,-1.2602612194,110.842659,5735919.940903215,620063.9544647475,-110.842659,30U,3.014,-0.187,0.043,0.05501520000055629,-0.020438699999405965,1.5137973000000118
1440170833618821,51.7612863566,-1.2602614828,110.837563,5735920.238213485,620063.9291849806,-110.837563,30U,2.945,-0.182,0.038,0.05114597146602905,-0.01706132491446073,1.5132573531337168
1440170833698820,51.7612889739,-1.2602617633,110.835922,5735920.528812103,620063.902884629,-110.835922,30U,2.879,-0.203,-0.014,0.049336147049968464,-0.016356747836653758,1.5135862695785258
1440170833800486,51.7612915325,-1.260262066,110.835976,5735920.81284636,620063.8752080399,-110.835976,30U,2.813,-0.205,0.004,0.05026730209757224,-0.018222316575021196,1.5133221037773337
1440170833907152,51.7612940345,-1.2602623601,110.833107,5735921.090600494,620063.8482750794,-110.833107,30U,2.755,-0.204,0.05,0.05124517907169051,-0.01700685336478424,1.5134546261719066
1440170834013818,51.7612964885,-1.2602626701,110.827927,5735921.36299055,620063.8203722418,-110.827927,30U,2.699,-0.218,0.05,0.05460813999547032,-0.015780181536644573,1.5153028456603215
1440170834119531,51.7612988756,-1.2602629509,110.826515,5735921.627988971,620063.7946619166,-110.826515,30U,2.621,-0.155,-0.018,0.051373666352299355,-0.016324567742139483,1.5148596805142012
1440170834210959,51.7613012069,-1.2602631485,110.828751,5735921.886919047,620063.7748410685,-110.828751,30U,2.568,-0.146,-0.01,0.04784849761358131,-0.016776271806905555,1.5133944593493363
1440170834302388,51.7613034947,-1.2602634214,110.824982,5735922.140887682,620063.7499393494,-110.824982,30U,2.516,-0.22,0.064,0.047133761710727425,-0.016246111986092503,1.5150287847358792
1440170834407149,51.7613057289,-1.2602637125,110.817886,5735922.388865694,620063.7239238939,-110.817886,30U,2.457,-0.168,0.044,0.046173828602784586,-0.015818104563758706,1.5152767701882242
1440170834513815,51.7613079094,-1.2602639246,110.814201,5735922.631001983,620063.7035025102,-110.814201,30U,2.392,-0.147,-0.016,0.048462599999464125,-0.016450900000143712,1.5128077000001188
1440170834620481,51.7613100304,-1.260264171,110.817711,5735922.866465025,620063.6808720183,-110.817711,30U,2.331,-0.188,-0.038,0.04739837684169947,-0.018386282638138553,1.512038655495018
1440170834725242,51.7613121046,-1.2602644402,110.81987,5735923.096686074,620063.6567923143,-110.81987,30U,2.285,-0.177,0.011,0.047153655388930016,-0.01917697566273831,1.5129145184892292
1440170834816670,51.7613141363,-1.2602646735,110.818283,5735923.322239954,620063.6353027385,-110.818283,30U,2.233,-0.153,0.057,0.04679253989009513,-0.01840278271734219,1.5119106276164842
1440170834908098,51.7613161124,-1.2602648987,110.817047,5735923.541624096,620063.6145196322,-110.817047,30U,2.166,-0.157,0.005,0.0451676861662926,-0.01751937719724724,1.5107012456831401
1440170835013812,51.7613180308,-1.2602651258,110.818298,5735923.754588503,620063.5937584911,-110.818298,30U,2.103,-0.155,-0.004,0.044855911854959234,-0.018395533176389436,1.5105283978227189
1440170835119525,51.7613198925,-1.2602653483,110.817039,5735923.961255083,620063.5734652104,-110.817039,30U,2.04,-0.155,0.035,0.044302947338737485,-0.018656097612843106,1.5099950507479485
1440170835210954,51.7613216894,-1.2602655783,110.812996,5735924.160703145,620063.5528262879,-110.812996,30U,1.955,-0.164,0.021,0.0450874591663449,-0.01777440023601511,1.5093839424604347
1440170835302382,51.7613234071,-1.2602658071,110.813606,5735924.351345637,620063.5324802926,-110.813606,30U,1.869,-0.143,-0.023,0.04523602522954082,-0.018609265854504127,1.5087231302117532
1440170835407143,51.7613250515,-1.2602660094,110.814934,5735924.533880331,620063.5141574658,-110.814934,30U,1.789,-0.143,0.005,0.04571177953695497,-0.019666646619978606,1.5081806118296985
1440170835513809,51.7613266262,-1.2602662222,110.812065,5735924.708646655,620063.4952949735,-110.812065,30U,1.716,-0.138,0.054,0.04533089999948368,-0.019284099999856343,1.508128600000462
1440170835620475,51.7613281328,-1.2602663948,110.805962,5735924.875906007,620063.4793872567,-110.805962,30U,1.637,-0.106,0.055,0.0432977577752226,-0.017695574796543274,1.5067775767897154
1440170835725236,51.7613295663,-1.2602665558,110.80191,5735925.03505527,620063.4644739632,-110.80191,30U,1.551,-0.124,0.026,0.04166415871966514,-0.016257242277109042,1.506258398189602
1440170835816664,51.7613309219,-1.2602667498,110.800255,5735925.185487232,620063.4474900871,-110.800255,30U,1.466,-0.135,0.012,0.04121119601419965,-0.015493620141729766,1.50658752226576
1440170835908092,51.7613322027,-1.2602669332,110.798805,5735925.32761841,620063.431436137,-110.798805,30U,1.383,-0.118,0.018,0.04231524813003754,-0.015093090587982094,1.5055574225812536
1440170836013806,51.7613334094,-1.2602671064,110.796898,5735925.461525987,620063.4162826504,-110.796898,30U,1.302,-0.121,0.02,0.04389546380856456,-0.014559497587593305,1.504762242826528
1440170836119519,51.7613345453,-1.2602672756,110.794876,5735925.58756674,620063.4015930285,-110.794876,30U,1.226,-0.108,0.019,0.044137432599596266,-0.013883569078912184,1.5049376775773147
1440170836210948,51.7613356143,-1.2602674187,110.793098,5735925.706210754,620063.3888819899,-110.793098,30U,1.156,-0.093,0.02,0.044520157513828276,-0.013264440387384384,1.5045021158411436
1440170836302376,51.7613366313,-1.2602675644,110.790604,5735925.8190677585,620063.3761294875,-110.790604,30U,1.11,-0.109,0.029,0.0450800839494687,-0.012117815631454509,1.5036831446621357
1440170836407136,51.7613376156,-1.2602677281,110.788132,5735925.92825868,620063.3622216013,-110.788132,30U,1.08,-0.109,0.017,0.04589452559938718,-0.01113989279706482,1.5035382710611385
1440170836513802,51.761338577,-1.2602678743,110.787247,5735926.034931789,620063.3495821033,-110.787247,30U,1.06,-0.091,0.003,0.04665950000016293,-0.011194900000506052,1.5030886999999034
1440170836620468,51.7613395236,-1.2602680039,110.78672,5735926.13998637,620063.3381273954,-110.78672,30U,1.047,-0.092,0.01,0.04707136346725499,-0.011499393941390766,1.5023187874902055
1440170836725230,51.7613404585,-1.2602681476,110.785126,5735926.243716625,620063.3257307203,-110.785126,30U,1.033,-0.104,0.021,0.04738191243178975,-0.011291418121858032,1.5021072877531745
1440170836816658,51.7613413811,-1.2602682982,110.783104,5735926.346067684,620063.3128905257,-110.783104,30U,1.02,-0.099,0.02,0.04810488423795118,-0.010995730527693584,1.5019606222139077
1440170836908086,51.7613422916,-1.2602684369,110.781082,5735926.447092734,620063.3009036226,-110.781082,30U,1.005,-0.093,0.021,0.04919119801235036,-0.010706610829161205,1.5012364180953388
1440170837013800,51.7613431879,-1.2602685762,110.778877,5735926.5465376675,620063.2889129882,-110.778877,30U,0.989,-0.095,0.021,0.04983111075307201,-0.010021146604156072,1.5006580630998816
1440170837120466,51.7613440686,-1.2602687156,110.776939,5735926.644247618,620063.27695684,-110.776939,30U,0.97,-0.095,0.018,0.0509310413855824,-0.00950055082636079,1.5004415488067622
1440170837227132,51.7613449298,-1.2602688509,110.775414,5735926.739795792,620063.265335356,-110.775414,30U,0.944,-0.093,0.013,0.05206126393862776,-0.0093336775508551,1.499854295541584
1440170837328798,51.7613457636,-1.2602689892,110.774384,5735926.832291973,620063.2535795423,-110.774384,30U,0.91,-0.096,0.009,0.05378473178633289,-0.009472785810970143,1.4993316325207733
1440170837408797,51.7613465643,-1.2602691297,110.773506,5735926.921103603,620063.2417597257,-110.773506,30U,0.871,-0.094,0.009,0.055886752120526975,-0.009655920671673176,1.4992009465424407
1440170837488796,51.7613473295,-1.2602692586,110.772507,5735927.005986503,620063.2308345786,-110.772507,30U,0.831,-0.08,0.012,0.05730129999977339,-0.009686099999272777,1.4988578000006347
1440170837587129,51.7613480586,-1.2602693673,110.771011,5735927.08688811,620063.2213991585,-110.771011,30U,0.791,-0.072,0.018,0.05802955119304797,-0.009660520376961062,1.498105540440397
1440170837693795,51.7613487533,-1.2602694733,110.76918,5735927.163968661,620063.2122413218,-110.76918,30U,0.755,-0.074,0.019,0.05808749580307361,-0.009649863283101983,1.4976292223183303
1440170837800461,51.7613494175,-1.2602695806,110.767303,5735927.237655281,620063.2030746919,-110.767303,30U,0.723,-0.072,0.019,0.0577738284290937,-0.00968568985038922,1.4974548999217265
1440170837907128,51.7613500534,-1.2602696848,110.765465,5735927.308199861,620063.1941970648,-110.765465,30U,0.691,-0.07,0.019,0.0576555533160297,-0.009780130721008048,1.4972946973609444
1440170838013794,51.7613506594,-1.2602697861,110.763443,5735927.375424148,620063.1855988844,-110.763443,30U,0.656,-0.068,0.021,0.057910671597414844,-0.009694112168823507,1.497002538604361
1440170838120460,51.7613512299,-1.2602698824,110.761765,5735927.43870884,620063.1774399229,-110.761765,30U,0.612,-0.063,0.014,0.05811105927164796,-0.009683836769745194,1.496647967112837
1440170838227125,51.7613517579,-1.2602699658,110.760521,5735927.497288498,620063.1702839115,-110.760521,30U,0.562,-0.053,0.009,0.058123497796894616,-0.009749220561218781,1.4961807670864566
1440170838330934,51.7613522389,-1.2602700388,110.759842,5735927.550658578,620063.1639702701,-110.759842,30U,0.509,-0.048,0.006,0.057661173091216225,-0.01012308193080027,1.49576263860468
1440170838422362,51.761352675,-1.2602701072,110.75901,5735927.599043065,620063.1580931834,-110.75901,30U,0.462,-0.044,0.012,0.056657031994106904,-0.010651017252687172,1.4955439954374792
1440170838513790,51.7613530711,-1.260270169,110.757919,5735927.6429901635,620063.1527776652,-110.757919,30U,0.418,-0.042,0.009,0.055937799999181505,-0.010818699999682635,1.4953901999995796
1440170838620456,51.7613534266,-1.260270233,110.757225,5735927.682418665,620063.1474180424,-110.757225,30U,0.373,-0.044,0.005,0.055219207920499704,-0.01109153695264582,1.4952973938113199
1440170838725218,51.7613537413,-1.2602702952,110.756729,5735927.717312907,620063.1422908752,-110.756729,30U,0.328,-0.041,0.007,0.05499240201942923,-0.011429820455631842,1.4951217896937825
1440170838816646,51.761354019,-1.2602703509,110.755791,5735927.748103214,620063.1377104175,-110.755791,30U,0.29,-0.035,0.01,0.054959840729298354,-0.011325426462726404,1.494982236690613
1440170838908074,51.7613542651,-1.2602703996,110.754936,5735927.775390927,620063.1336968481,-110.754936,30U,0.258,-0.031,0.008,0.05464171289588894,-0.011403131292608044,1.4949174896650634
1440170838999502,51.7613544835,-1.2602704427,110.75396,5735927.799607439,620063.1301432083,-110.75396,30U,0.228,-0.028,0.011,0.05418066913272715,-0.011501471413780731,1.4948932612382615
1440170839090930,51.7613546754,-1.2602704834,110.752762,5735927.820880937,620063.1268254912,-110.752762,30U,0.199,-0.028,0.012,0.05372848143198936,-0.011358318306000299,1.4949315612634753
1440170839193786,51.761354842,-1.2602705228,110.751732,5735927.839343053,620063.123664605,-110.751732,30U,0.171,-0.026,0.009,0.05347327540068541,-0.011363242932253718,1.4949847632571631
1440170839300452,51.7613549834,-1.260270559,110.750847,5735927.855008037,620063.1207913978,-110.750847,30U,0.143,-0.023,0.009,0.05323415704124549,-0.011434993862862163,1.4949489387615815
1440170839407118,51.761355099,-1.2602705932,110.750046,5735927.867807189,620063.118124653,-110.750046,30U,0.114,-0.023,0.008,0.053122867069205854,-0.011444422452622017,1.4949805287969278
1440170839513784,51.7613551896,-1.2602706264,110.749275,5735927.87782783,620063.1155932402,-110.749275,30U,0.086,-0.02,0.008,0.0529662999995851,-0.011512499999225767,1.4950444000005505
1440170839620450,51.7613552557,-1.2602706537,110.748405,5735927.885133627,620063.113533971,-110.748405,30U,0.061,-0.018,0.01,0.05289892651531094,-0.01153276934209656,1.495028273458459
1440170839727116,51.7613552982,-1.2602706797,110.747581,5735927.889817094,620063.111627022,-110.747581,30U,0.035,-0.017,0.008,0.05286990201971751,-0.011518926514461778,1.4950565041172217
1440170839833783,51.7613553201,-1.2602707035,110.74675,5735927.892213332,620063.1099265417,-110.74675,30U,0.013,-0.014,0.008,0.0528197448733374,-0.011499002071340463,1.49511983063151
1440170839936639,51.7613553242,-1.2602707231,110.745888,5735927.892637011,620063.1085631154,-110.745888,30U,0.0,-0.012,0.01,0.052765957162860457,-0.011463062649318463,1.4951088570204463
1440170840028067,51.7613553279,-1.2602707441,110.744934,5735927.893013902,620063.1071041405,-110.744934,30U,0.01,-0.014,0.008,0.052799444952298116,-0.011227601993845234,1.495109932677336
1440170840119495,51.7613553392,-1.2602707662,110.744438,5735927.894234151,620063.1055490937,-110.744438,30U,0.013,-0.015,0.004,0.05292538371360517,-0.01134079200112176,1.4951452897981783
1440170840210923,51.761355348,-1.2602707872,110.743843,5735927.895178197,620063.1040765886,-110.743843,30U,0.006,-0.013,0.01,0.05296386939472758,-0.011512155048861744,1.4951315081565508
1440170840302351,51.7613553528,-1.2602708049,110.742783,5735927.895682846,620063.1028424202,-110.742783,30U,0.006,-0.011,0.009,0.05294681020278872,-0.011279626436576123,1.4951321510363638
1440170840407112,51.7613553609,-1.2602708232,110.742195,5735927.896553491,620063.101558092,-110.742195,30U,0.012,-0.012,0.004,0.05293876942205556,-0.011335286244804614,1.4951399183170218
1440170840513778,51.7613553708,-1.2602708441,110.741608,5735927.897620028,620063.1000895697,-110.741608,30U,0.01,-0.013,0.007,0.052982000000661,-0.011437699999358036,1.495133700000367
1440170840605206,51.7613553699,-1.26027085,110.741402,5735927.89751023,620063.099684812,-110.741402,30U,0.006,-0.011,0.006,0.05303815302846412,-0.011367555049168778,1.4951368571473949
1440170840696634,51.7613553694,-1.2602708528,110.741257,5735927.897450017,620063.0994929177,-110.741257,30U,0.01,-0.009,0.006,0.052982136715791966,-0.011332777576605637,1.4951386530545432
1440170840800443,51.761355371,-1.2602708558,110.741226,5735927.897623008,620063.0992816503,-110.741226,30U,0.01,-0.01,0.005,0.05292862651441143,-0.011410520456410299,1.4951348142936107
1440170840907110,51.761355371,-1.2602708607,110.741173,5735927.897614941,620063.0989435132,-110.741173,30U,0.007,-0.01,0.007,0.05297692273838318,-0.011418644618503141,1.4951410122597264
1440170841013775,51.7613553699,-1.2602708653,110.740997,5735927.897485042,620063.0986289962,-110.740997,30U,0.008,-0.009,0.006,0.053025100000713116,-0.01135434080710009,1.4951430224496738
1440170841120441,51.7613553731,-1.2602708707,110.740784,5735927.897832012,620063.0982478654,-110.740784,30U,0.01,-0.007,0.005,0.05300194689220715,-0.01139811022818681,1.4951467897987145
1440170841227107,51.7613553826,-1.2602708855,110.740181,5735927.898864108,620063.0972013499,-110.740181,30U,0.008,-0.007,0.005,0.052937153055182,-0.011418795908878692,1.4951543428541698
1440170841333773,51.7613553945,-1.2602709043,110.739426,5735927.900156513,620063.095872437,-110.739426,30U,0.007,-0.008,0.005,0.05297419798096951,-0.011380134670322816,1.4951546612371316
1440170841440439,51.7613554043,-1.2602709196,110.738808,5735927.901221146,620063.0947906219,-110.738808,30U,0.009,-0.008,0.005,0.053026347113512826,-0.011372961297283952,1.4951630041343584
1440170841538772,51.7613554081,-1.2602709255,110.738564,5735927.901634018,620063.0943733958,-110.738564,30U,0.009,-0.007,0.005,0.05303370000064657,-0.011414099999297106,1.495171199999813
1440170841618772,51.7613554081,-1.2602709255,110.738564,5735927.901634018,620063.0943733958,-110.738564,30U,0.008,-0.006,0.005,0.05300564285379105,-0.011395271413506528,1.4951713734593606
1440170841698771,51.7613554081,-1.2602709255,110.738564,5735927.901634018,620063.0943733958,-110.738564,30U,0.01,-0.007,0.004,0.05299503265169299,-0.01139479798072962,1.4951668448989288
1440170841800437,51.7613554081,-1.2602709255,110.738564,5735927.901634018,620063.0943733958,-110.738564,30U,0.009,-0.006,0.003,0.05301921224767324,-0.011430314293053034,1.4951736224487469
1440170841907104,51.7613554081,-1.2602709255,110.738564,5735927.901634018,620063.0943733958,-110.738564,30U,0.009,-0.006,0.003,0.05302896129733705,-0.011430855095539066,1.4951757550962306
1440170842013769,51.7613554081,-1.2602709255,110.738564,5735927.901634018,620063.0943733958,-110.738564,30U,0.009,-0.005,0.003,0.053037561211749386,-0.011415140807197908,1.495179479595693
1440170842119482,51.7613554081,-1.2602709255,110.738564,5735927.901634018,620063.0943733958,-110.738564,30U,0.009,-0.005,0.002,0.053024767347939004,-0.011439146945375782,1.4951895244943731
1440170842210911,51.7613554081,-1.2602709255,110.738564,5735927.901634018,620063.0943733958,-110.738564,30U,0.008,-0.005,0.003,0.05302411020180503,-0.01144667345960885,1.495184638762782
1440170842302339,51.7613554081,-1.2602709255,110.738564,5735927.901634018,620063.0943733958,-110.738564,30U,0.008,-0.005,0.002,0.05304313674283937,-0.011421253054958148,1.495191579596878
1440170842407100,51.7613554081,-1.2602709255,110.738564,5735927.901634018,620063.0943733958,-110.738564,30U,0.009,-0.004,0.002,0.05304488774092077,-0.011435640912266414,1.4951947101922118
1440170842513766,51.7613554081,-1.2602709255,110.738564,5735927.901634018,620063.0943733958,-110.738564,30U,0.008,-0.004,0.002,0.05303510000079809,-0.011450099999952109,1.4951929999999285
1440170842620432,51.7613554081,-1.2602709255,110.738564,5735927.901634018,620063.0943733958,-110.738564,30U,0.008,-0.004,0.002,0.053023499999791945,-0.011436853055649227,1.495199267348118
1440170842725194,51.7613554081,-1.2602709255,110.738564,5735927.901634018,620063.0943733958,-110.738564,30U,0.008,-0.005,0.001,0.05303714694388879,-0.011441414293880401,1.4951949714400756
1440170842816621,51.7613554081,-1.2602709255,110.738564,5735927.901634018,620063.0943733958,-110.738564,30U,0.008,-0.004,0.0,0.05304541020174169,-0.011457879595653364,1.4952046693934802
1440170842908049,51.7613554081,-1.2602709255,110.738564,5735927.901634018,620063.0943733958,-110.738564,30U,0.007,-0.004,0.0,0.05303594283600185,-0.011451773414657605,1.4952093469701235
1440170843013763,51.7613554081,-1.2602709255,110.738564,5735927.901634018,620063.0943733958,-110.738564,30U,0.007,-0.004,0.0,0.05302134080759575,-0.011443067349320173,1.495215499999247
1440170843119476,51.7613554081,-1.2602709255,110.738564,5735927.901634018,620063.0943733958,-110.738564,30U,0.008,-0.005,0.0,0.053019873484858974,-0.01145542449509979,1.4952181938887674
1440170843210905,51.7613554081,-1.2602709255,110.738564,5735927.901634018,620063.0943733958,-110.738564,30U,0.007,-0.004,-0.001,0.05304285714632918,-0.011455483661761435,1.4952248795958691
1440170843302332,51.7613554081,-1.2602709255,110.738564,5735927.901634018,620063.0943733958,-110.738564,30U,0.007,-0.003,-0.001,0.053051197954396744,-0.011452118358040312,1.4952314142935939
1440170843407094,51.7613554081,-1.2602709255,110.738564,5735927.901634018,620063.0943733958,-110.738564,30U,0.007,-0.003,-0.001,0.05303877548094322,-0.01145338168145811,1.4952401285096186
1440170843513760,51.7613554081,-1.2602709255,110.738564,5735927.901634018,620063.0943733958,-110.738564,30U,0.007,-0.004,-0.002,0.053042700000374,-0.011458599999500746,1.4952408999992532
1440170843620426,51.7613554081,-1.2602709255,110.738564,5735927.901634018,620063.0943733958,-110.738564,30U,0.007,-0.004,-0.002,0.0530561102027751,-0.011459120404323814,1.495248589797765
1440170843725188,51.7613554081,-1.2602709255,110.738564,5735927.901634018,620063.0943733958,-110.738564,30U,0.007,-0.003,-0.002,0.05304522856009046,-0.011459663257571721,1.4952471428534924
1440170843816615,51.7613554081,-1.2602709255,110.738564,5735927.901634018,620063.0943733958,-110.738564,30U,0.006,-0.003,-0.002,0.05302979590854937,-0.011467287752843667,1.4952479693943022
1440170843908043,51.7613554081,-1.2602709255,110.738564,5735927.901634018,620063.0943733958,-110.738564,30U,0.006,-0.004,-0.002,0.0530239265861864,-0.011470706058723515,1.4952505326441827
1440170844013757,51.7613554081,-1.2602709255,110.738564,5735927.901634018,620063.0943733958,-110.738564,30U,0.005,-0.004,-0.002,0.05305699388915533,-0.011467826515039806,1.4952559122481015
1440170844119470,51.7613554081,-1.2602709255,110.738564,5735927.901634018,620063.0943733958,-110.738564,30U,0.006,-0.003,-0.003,0.05305466325675736,-0.01147772244986814,1.4952606673487796
1440170844210898,51.7613554081,-1.2602709255,110.738564,5735927.901634018,620063.0943733958,-110.738564,30U,0.005,-0.003,-0.003,0.05303600611116855,-0.011481422450143929,1.4952590897980287
1440170844302326,51.7613554081,-1.2602709255,110.738564,5735927.901634018,620063.0943733958,-110.738564,30U,0.005,-0.003,-0.004,0.05302210409069218,-0.011478853054958962,1.495260326540082
1440170844407088,51.7613554081,-1.2602709255,110.738564,5735927.901634018,620063.0943733958,-110.738564,30U,0.005,-0.003,-0.004,0.05303211639360307,-0.011483524519459045,1.4952665856730065
1440170844513754,51.7613554081,-1.2602709255,110.738564,5735927.901634018,620063.0943733958,-110.738564,30U,0.004,-0.003,-0.004,0.053047999999825624,-0.011493300000389051,1.4952680000005658
1440170844620420,51.7613554081,-1.2602709255,110.738564,5735927.901634018,620063.0943733958,-110.738564,30U,0.004,-0.003,-0.004,0.0530480673485908,-0.01149248161550279,1.4952765755048032
1440170844725181,51.7613554081,-1.2602709255,110.738564,5735927.901634018,620063.0943733958,-110.738564,30U,0.004,-0.004,-0.005,0.05305140000069227,-0.01149243469756184,1.4952847673490195
1440170844816609,51.7613554081,-1.2602709255,110.738564,5735927.901634018,620063.0943733958,-110.738564,30U,0.004,-0.004,-0.005,0.05306195919205229,-0.011498204091098486,1.495281197955222
1440170844908037,51.7613554081,-1.2602709255,110.738564,5735927.901634018,620063.0943733958,-110.738564,30U,0.004,-0.004,-0.005,0.053083202067362535,-0.01150753057735177,1.4952820020668054
1440170845013751,51.7613554081,-1.2602709255,110.738564,5735927.901634018,620063.0943733958,-110.738564,30U,0.004,-0.004,-0.005,0.0530728795967543,-0.011505279596544876,1.4952875102020065
1440170845120417,51.7613554081,-1.2602709255,110.738564,5735927.901634018,620063.0943733958,-110.738564,30U,0.004,-0.004,-0.006,0.0530580265149526,-0.011515814293954173,1.495289477551102
1440170845227083,51.7613554081,-1.2602709255,110.738564,5735927.901634018,620063.0943733958,-110.738564,30U,0.004,-0.004,-0.006,0.053054281642261746,-0.011520312222112057,1.4952957244946472
1440170845328749,51.7613554081,-1.2602709255,110.738564,5735927.901634018,620063.0943733958,-110.738564,30U,0.004,-0.004,-0.007,0.05306414694481638,-0.011519110201638906,1.4952930326506526
1440170845408749,51.7613554081,-1.2602709255,110.738564,5735927.901634018,620063.0943733958,-110.738564,30U,0.003,-0.003,-0.007,0.0530651979332227,-0.011519391875090896,1.4952968143271015
1440170845488748,51.7613554081,-1.2602709255,110.738564,5735927.901634018,620063.0943733958,-110.738564,30U,0.003,-0.003,-0.008,0.05306209999998035,-0.011529299999298729,1.4953001000001755
1440170845587081,51.7613554081,-1.2602709255,110.738564,5735927.901634018,620063.0943733958,-110.738564,30U,0.003,-0.003,-0.008,0.05305900000026817,-0.011535122449099306,1.495303822448876
1440170845693746,51.7613554081,-1.2602709255,110.738564,5735927.901634018,620063.0943733958,-110.738564,30U,0.002,-0.003,-0.008,0.05306216734874553,-0.011527300000328929,1.4953128877518427
1440170845800412,51.7613554081,-1.2602709255,110.738564,5735927.901634018,620063.0943733958,-110.738564,30U,0.002,-0.003,-0.009,0.053081704091408125,-0.011529485707567125,1.4953079755052099
1440170845907078,51.7613554081,-1.2602709255,110.738564,5735927.901634018,620063.0943733958,-110.738564,30U,0.002,-0.003,-0.009,0.05308467961598339,-0.011540379614680433,1.4953048571638325
1440170846013745,51.7613554081,-1.2602709255,110.738564,5735927.901634018,620063.0943733958,-110.738564,30U,0.001,-0.003,-0.009,0.05307652651458622,-0.011532051009955,1.4953113265408642
1440170846120411,51.7613554081,-1.2602709255,110.738564,5735927.901634018,620063.0943733958,-110.738564,30U,0.001,-0.003,-0.009,0.05308152449528277,-0.011533375505417753,1.495311120403517
1440170846227077,51.7613554081,-1.2602709255,110.738564,5735927.901634018,620063.0943733958,-110.738564,30U,0.001,-0.003,-0.009,0.05308538979743734,-0.011543936742303654,1.4953174551004718
1440170846330886,51.7613554081,-1.2602709255,110.738564,5735927.901634018,620063.0943733958,-110.738564,30U,0.0,-0.003,-0.009,0.053099400000402065,-0.011540853056183988,1.4953219204031898
1440170846422314,51.7613554081,-1.2602709255,110.738564,5735927.901634018,620063.0943733958,-110.738564,30U,0.001,-0.002,-0.009,0.05308649793315937,-0.01153814076914783,1.4953210571633417
1440170846513742,51.7613554081,-1.2602709255,110.738564,5735927.901634018,620063.0943733958,-110.738564,30U,0.001,-0.003,-0.01,0.053086099999835254,-0.011539100000359393,1.4953264000001545
1440170846620408,51.7613554081,-1.2602709255,110.738564,5735927.901634018,620063.0943733958,-110.738564,30U,0.001,-0.003,-0.01,0.053108369394035716,-0.011535010201739122,1.4953206448991192
1440170846725169,51.7613554081,-1.2602709255,110.738564,5735927.901634018,620063.0943733958,-110.738564,30U,0.001,-0.002,-0.01,0.053109789798831526,-0.011534934697050352,1.4953200122469357
1440170846816597,51.7613554081,-1.2602709255,110.738564,5735927.901634018,620063.0943733958,-110.738564,30U,0.001,-0.002,-0.01,0.053099126514289594,-0.011534865302759292,1.4953299428527298
1440170846908025,51.7613554081,-1.2602709255,110.738564,5735927.901634018,620063.0943733958,-110.738564,30U,0.001,-0.002,-0.01,0.053089857163134704,-0.011538718317795935,1.4953344877407166
1440170846999453,51.7613554081,-1.2602709255,110.738564,5735927.901634018,620063.0943733958,-110.738564,30U,0.001,-0.003,-0.011,0.053116924521554115,-0.011536032652266853,1.4953375367419082
1440170847090881,51.7613554081,-1.2602709255,110.738564,5735927.901634018,620063.0943733958,-110.738564,30U,0.002,-0.002,-0.011,0.05314094489987335,-0.011538651035353268,1.4953417428527602
1440170847193738,51.7613554081,-1.2602709255,110.738564,5735927.901634018,620063.0943733958,-110.738564,30U,0.001,-0.002,-0.011,0.05312747550463066,-0.011547738762310212,1.495340324495236
1440170847300404,51.7613554081,-1.2602709255,110.738564,5735927.901634018,620063.0943733958,-110.738564,30U,0.001,-0.002,-0.011,0.05311331020123663,-0.01154012449466768,1.4953482367429414
1440170847407070,51.7613554081,-1.2602709255,110.738564,5735927.901634018,620063.0943733958,-110.738564,30U,0.001,-0.003,-0.012,0.05312015716279879,-0.011545969422563697,1.4953480428368613
1440170847513735,51.7613554081,-1.2602709255,110.738564,5735927.901634018,620063.0943733958,-110.738564,30U,0.001,-0.003,-0.011,0.05312809999914498,-0.011562300000626368,1.49535209999957
1440170847620401,51.7613554081,-1.2602709255,110.738564,5735927.901634018,620063.0943733958,-110.738564,30U,0.0,-0.003,-0.011,0.05312739590889012,-0.011549965303271589,1.4953607734586665
1440170847727067,51.7613554081,-1.2602709255,110.738564,5735927.901634018,620063.0943733958,-110.738564,30U,0.001,-0.003,-0.011,0.053116969393969184,-0.011551157146729874,1.495354810202683
1440170847833734,51.7613554081,-1.2602709255,110.738564,5735927.901634018,620063.0943733958,-110.738564,30U,0.0,-0.004,-0.011,0.05312917348484537,-0.01156456939465687,1.4953619897978205
1440170847936590,51.7613554081,-1.2602709255,110.738564,5735927.901634018,620063.0943733958,-110.738564,30U,0.0,-0.004,-0.011,0.0531521326436382,-0.011570630577573857,1.495362142837016
1440170848028018,51.7613554081,-1.2602709255,110.738564,5735927.901634018,620063.0943733958,-110.738564,30U,-0.0,-0.003,-0.011,0.05315148570593502,-0.011559799999732457,1.4953659142928168
1440170848119446,51.7613554081,-1.2602709255,110.738564,5735927.901634018,620063.0943733958,-110.738564,30U,-0.0,-0.003,-0.012,0.05313219181711119,-0.01157714694410509,1.4953722224502952
1440170848210875,51.7613554081,-1.2602709255,110.738564,5735927.901634018,620063.0943733958,-110.738564,30U,-0.001,-0.004,-0.012,0.053136108182363695,-0.011574434697211502,1.4953729102025228
1440170848302303,51.7613554081,-1.2602709255,110.738564,5735927.901634018,620063.0943733958,-110.738564,30U,-0.001,-0.004,-0.012,0.05314322040430156,-0.011569244899594175,1.4953774999995766
1440170848407064,51.7613554081,-1.2602709255,110.738564,5735927.901634018,620063.0943733958,-110.738564,30U,-0.0,-0.004,-0.012,0.05315384490413686,-0.011566710192828086,1.4953821101925477
1440170848513729,51.7613554081,-1.2602709255,110.738564,5735927.901634018,620063.0943733958,-110.738564,30U,-0.001,-0.004,-0.013,0.053134499999339,-0.011579400000108464,1.495379799999701
1440170848605157,51.7613554081,-1.2602709255,110.738564,5735927.901634018,620063.0943733958,-110.738564,30U,-0.001,-0.004,-0.013,0.05313907959668857,-0.011573195907886998,1.4953855265401683
1440170848696585,51.7613554081,-1.2602709255,110.738564,5735927.901634018,620063.0943733958,-110.738564,30U,-0.0,-0.005,-0.013,0.053148979596388736,-0.011568736743491797,1.4953875408072046
1440170848800394,51.7613554081,-1.2602709255,110.738564,5735927.901634018,620063.0943733958,-110.738564,30U,-0.0,-0.005,-0.013,0.05315668570674717,-0.011589569394869331,1.495385655101121
1440170848907061,51.7613554081,-1.2602709255,110.738564,5735927.901634018,620063.0943733958,-110.738564,30U,-0.001,-0.004,-0.013,0.05314755302883534,-0.011584703991128093,1.495390777548228
1440170849013727,51.7613554081,-1.2602709255,110.738564,5735927.901634018,620063.0943733958,-110.738564,30U,-0.0,-0.005,-0.014,0.05314343876244428,-0.011571726541369683,1.4953846571462892
1440170849120393,51.7613554081,-1.2602709255,110.738564,5735927.901634018,620063.0943733958,-110.738564,30U,0.0,-0.005,-0.013,0.053146353081813334,-0.011590357145736557,1.4953953571473226
1440170849227059,51.7613554081,-1.2602709255,110.738564,5735927.901634018,620063.0943733958,-110.738564,30U,-0.0,-0.005,-0.013,0.05317640818211278,-0.011590559165852147,1.495391177549767
1440170849333725,51.7613554081,-1.2602709255,110.738564,5735927.901634018,620063.0943733958,-110.738564,30U,0.0,-0.005,-0.013,0.05314014080748834,-0.011575902046128203,1.4953881102016746
1440170849440391,51.7613554081,-1.2602709255,110.738564,5735927.901634018,620063.0943733958,-110.738564,30U,0.0,-0.005,-0.014,0.05317389173149066,-0.011572979614468785,1.4953988224514287
1440170849538723,51.7613554081,-1.2602709255,110.738564,5735927.901634018,620063.0943733958,-110.738564,30U,0.0,-0.004,-0.015,0.05313589999949052,-0.011585400000508521,1.495394400000034
1440170849618723,51.7613554081,-1.2602709255,110.738564,5735927.901634018,620063.0943733958,-110.738564,30U,-0.0,-0.006,-0.014,0.053147332625166736,-0.011577195909317255,1.4954014510359646
1440170849698722,51.7613554081,-1.2602709255,110.738564,5735927.901634018,620063.0943733958,-110.738564,30U,-0.0,-0.004,-0.015,0.05316854492579915,-0.011573948989533964,1.4954168551007578
1440170849800388,51.7613554081,-1.2602709255,110.738564,5735927.901634018,620063.0943733958,-110.738564,30U,-0.001,-0.004,-0.015,0.05314692856050095,-0.01158011020250637,1.4954155673479665
1440170849907054,51.7613554081,-1.2602709255,110.738564,5735927.901634018,620063.0943733958,-110.738564,30U,-0.0,-0.004,-0.015,0.05316471019308642,-0.01157546735617003,1.495418814327091
1440170850013721,51.7613554081,-1.2602709255,110.738564,5735927.901634018,620063.0943733958,-110.738564,30U,0.0,-0.004,-0.015,0.05314488979776846,-0.011584697954034209,1.4954163755052234
1440170850119434,51.7613554081,-1.2602709255,110.738564,5735927.901634018,620063.0943733958,-110.738564,30U,-0.0,-0.005,-0.016,0.05315626325678304,-0.01158686734767989,1.495416546945425
1440170850210862,51.7613554081,-1.2602709255,110.738564,5735927.901634018,620063.0943733958,-110.738564,30U,0.0,-0.004,-0.015,0.053166242880149,-0.011573234671649684,1.4954284653032135
1440170850302290,51.7613554081,-1.2602709255,110.738564,5735927.901634018,620063.0943733958,-110.738564,30U,-0.0,-0.004,-0.016,0.05316979181694204,-0.011568583686843041,1.4954310632572207
1440170850407051,51.7613554081,-1.2602709255,110.738564,5735927.901634018,620063.0943733958,-110.738564,30U,-0.0,-0.003,-0.016,0.053155418318457534,-0.011584677547644594,1.4954283469716356
1440170850513717,51.7613554081,-1.2602709255,110.738564,5735927.901634018,620063.0943733958,-110.738564,30U,-0.001,-0.004,-0.017,0.053148300000084595,-0.011578200000726584,1.4954377999994954
1440170850620383,51.7613554081,-1.2602709255,110.738564,5735927.901634018,620063.0943733958,-110.738564,30U,-0.001,-0.004,-0.016,0.05316262654048557,-0.011575489797613551,1.495438504091496
1440170850725145,51.7613554081,-1.2602709255,110.738564,5735927.901634018,620063.0943733958,-110.738564,30U,-0.001,-0.004,-0.017,0.05318694694439389,-0.011580151036229547,1.4954370142924092
1440170850816573,51.7613554081,-1.2602709255,110.738564,5735927.901634018,620063.0943733958,-110.738564,30U,-0.001,-0.003,-0.017,0.0531654061099644,-0.011587885707155856,1.4954531693933233
1440170850908001,51.7613554081,-1.2602709255,110.738564,5735927.901634018,620063.0943733958,-110.738564,30U,-0.0,-0.003,-0.018,0.05316504682870189,-0.011578973556831008,1.4954459530293343
1440170851013715,51.7613554081,-1.2602709255,110.738564,5735927.901634018,620063.0943733958,-110.738564,30U,-0.001,-0.004,-0.018,0.053148500027034175,-0.01160228775224561,1.4954466265414204
1440170851119428,51.7613554081,-1.2602709255,110.738564,5735927.901634018,620063.0943733958,-110.738564,30U,-0.001,-0.004,-0.018,0.05319267550420736,-0.0115754306065173,1.4954515122468317
1440170851210856,51.7613554081,-1.2602709255,110.738564,5735927.901634018,620063.0943733958,-110.738564,30U,-0.001,-0.003,-0.019,0.05320517959623802,-0.011590795935473144,1.4954513367435036
1440170851302284,51.7613554081,-1.2602709255,110.738564,5735927.901634018,620063.0943733958,-110.738564,30U,-0.001,-0.002,-0.019,0.05316963467098685,-0.011588659165521844,1.4954584142927305
1440170851407045,51.7613554081,-1.2602709255,110.738564,5735927.901634018,620063.0943733958,-110.738564,30U,-0.002,-0.003,-0.02,0.05314700812482556,-0.011581546971509244,1.4954617856736883
1440170851513711,51.7613554081,-1.2602709255,110.738564,5735927.901634018,620063.0943733958,-110.738564,30U,-0.001,-0.004,-0.02,0.0531743999992941,-0.011585099999354056,1.4954643000002443
1440170851620377,51.7613554081,-1.2602709255,110.738564,5735927.901634018,620063.0943733958,-110.738564,30U,-0.001,-0.003,-0.021,0.05321155714626187,-0.01158854285328983,1.4954681755055939
1440170851725139,51.7613554081,-1.2602709255,110.738564,5735927.901634018,620063.0943733958,-110.738564,30U,-0.001,-0.002,-0.021,0.053204085707638675,-0.011582724494541015,1.495468232651164
1440170851816567,51.7613554081,-1.2602709255,110.738564,5735927.901634018,620063.0943733958,-110.738564,30U,-0.001,-0.003,-0.021,0.053175716312653325,-0.011579504091545052,1.495474259192786
1440170851907995,51.7613554081,-1.2602709255,110.738564,5735927.901634018,620063.0943733958,-110.738564,30U,-0.001,-0.003,-0.022,0.05319728788407628,-0.011581453029162254,1.4954784673561454
1440170852013708,51.7613554081,-1.2602709255,110.738564,5735927.901634018,620063.0943733958,-110.738564,30U,-0.001,-0.003,-0.023,0.053210181641806395,-0.01157801633798407,1.4954806000001384
1440170852119421,51.7613554081,-1.2602709255,110.738564,5735927.901634018,620063.0943733958,-110.738564,30U,-0.001,-0.002,-0.023,0.05321208161595676,-0.011578600000520547,1.4954884795962247
1440170852210850,51.7613554081,-1.2602709255,110.738564,5735927.901634018,620063.0943733958,-110.738564,30U,-0.001,-0.003,-0.023,0.053182846944324146,-0.011574420404710257,1.4954842734591924
1440170852302278,51.7613554081,-1.2602709255,110.738564,5735927.901634018,620063.0943733958,-110.738564,30U,-0.001,-0.003,-0.023,0.053198467347914176,-0.011570114293473151,1.4954875591916075
1440170852407039,51.7613554081,-1.2602709255,110.738564,5735927.901634018,620063.0943733958,-110.738564,30U,-0.0,-0.003,-0.024,0.05321015923003347,-0.011577316392886177,1.4954960735569613
1440170852513705,51.7613554081,-1.2602709255,110.738564,5735927.901634018,620063.0943733958,-110.738564,30U,-0.0,-0.003,-0.025,0.05320129999983687,-0.011576899999214553,1.495492500000554
1440170852620371,51.7613554081,-1.2602709255,110.738564,5735927.901634018,620063.0943733958,-110.738564,30U,-0.0,-0.003,-0.025,0.053194946945509074,-0.01156647755091077,1.495503693889623
1440170852725133,51.7613554081,-1.2602709255,110.738564,5735927.901634018,620063.0943733958,-110.738564,30U,-0.0,-0.003,-0.026,0.053196469394470265,-0.011573693888719835,1.4955031999998418
1440170852816561,51.7613554081,-1.2602709255,110.738564,5735927.901634018,620063.0943733958,-110.738564,30U,0.0,-0.003,-0.027,0.05321093265174753,-0.011572202045852414,1.495504846944884
1440170852907989,51.7613554081,-1.2602709255,110.738564,5735927.901634018,620063.0943733958,-110.738564,30U,-0.0,-0.002,-0.026,0.05321000413484015,-0.011565800000132513,1.4955056245187364
1440170853013702,51.7613554081,-1.2602709255,110.738564,5735927.901634018,620063.0943733958,-110.738564,30U,-0.0,-0.002,-0.026,0.05321069999935825,-0.0115565408085392,1.4955025714404557
1440170853120368,51.7613554081,-1.2602709255,110.738564,5735927.901634018,620063.0943733958,-110.738564,30U,-0.0,-0.002,-0.026,0.05320893060550653,-0.011563410201072905,1.495510653054912
1440170853227034,51.7613554081,-1.2602709255,110.738564,5735927.901634018,620063.0943733958,-110.738564,30U,-0.001,-0.002,-0.026,0.05321730000032191,-0.011558067348552149,1.495508373459432
1440170853328700,51.7613554081,-1.2602709255,110.738564,5735927.901634018,620063.0943733958,-110.738564,30U,-0.0,-0.003,-0.026,0.05319287755050288,-0.01154884080857848,1.495507169393433
1440170853408700,51.7613554081,-1.2602709255,110.738564,5735927.901634018,620063.0943733958,-110.738564,30U,0.0,-0.003,-0.027,0.053212365287810745,-0.011555983750056509,1.4955109101925255
1440170853488699,51.7613554081,-1.2602709255,110.738564,5735927.901634018,620063.0943733958,-110.738564,30U,0.0,-0.003,-0.027,0.05320759999964606,-0.011559799999732457,1.4955115000003663
1440170853587032,51.761355408,-1.2602709294,110.741241,5735927.901616477,620063.0941045312,-110.741241,30U,-0.0,-0.002,-0.027,0.05323349999983126,-0.011544595909528901,1.4955231897985626
1440170853693698,51.7613554083,-1.2602709325,110.743988,5735927.901644736,620063.0938898126,-110.743988,30U,0.0,-0.002,-0.028,0.05323238164171581,-0.011555583687430697,1.4955188428536021
1440170853800364,51.7613554106,-1.2602709367,110.746613,5735927.901893596,620063.0935938782,-110.746613,30U,0.01,-0.003,-0.023,0.05322427749854949,-0.011460701889046946,1.4955538020725363
1440170853907030,51.7613554335,-1.2602709421,110.748596,5735927.904431331,620063.093160484,-110.748596,30U,0.041,-0.003,-0.02,0.05315487533780059,-0.011032149960638442,1.4955628630785023
1440170854013696,51.7613554843,-1.2602709504,110.750847,5735927.91006695,620063.0924529491,-110.750847,30U,0.072,-0.008,-0.026,0.0530828223971637,-0.010866100000574145,1.4954954734586594
1440170854120362,51.7613555628,-1.2602709649,110.753555,5735927.9187727785,620063.0912440796,-110.753555,30U,0.102,-0.012,-0.029,0.05301309181780947,-0.010821138736029141,1.4955486306584722
1440170854227028,51.7613556676,-1.2602709822,110.7565,5735927.930398725,620063.0897722156,-110.7565,30U,0.131,-0.011,-0.03,0.05293515914042997,-0.010834363258087122,1.4955886979552173
1440170854330837,51.7613557986,-1.2602709999,110.759331,5735927.944937618,620063.0882032402,-110.759331,30U,0.16,-0.013,-0.028,0.052811946839977926,-0.010815055127376596,1.4955509000001428
1440170854422265,51.7613559554,-1.260271023,110.76223,5735927.962336747,620063.0861931767,-110.76223,30U,0.188,-0.017,-0.031,0.052599436063381896,-0.01080576749913378,1.4956002615835617
1440170854513693,51.7613561371,-1.2602710487,110.765305,5735927.982500633,620063.0839376338,-110.765305,30U,0.216,-0.017,-0.031,0.05246689999939019,-0.01085719999948622,1.4956820000002444
1440170854620359,51.7613563432,-1.2602710763,110.768341,5735928.005374826,620063.0814862438,-110.768341,30U,0.243,-0.021,-0.03,0.05232434072941578,-0.0108438428271691,1.495677075504891
1440170854725121,51.7613565747,-1.2602711086,110.77137,5735928.031065924,620063.078643132,-110.77137,30U,0.272,-0.023,-0.032,0.05220538567970844,-0.010850581693509364,1.4956915163381779
1440170854816548,51.7613568322,-1.2602711429,110.774536,5735928.059645095,620063.0755930282,-110.774536,30U,0.301,-0.024,-0.032,0.052144604012549084,-0.01091057141402997,1.4957163306318673
1440170854907976,51.7613571163,-1.2602711804,110.777779,5735928.091177086,620063.07225153,-110.777779,30U,0.331,-0.026,-0.033,0.051960695436916664,-0.010934679615571841,1.495751651104286
1440170854999404,51.7613574265,-1.2602712207,110.781105,5735928.125606952,620063.0686475679,-110.781105,30U,0.359,-0.028,-0.034,0.0517461120643806,-0.011044277681142557,1.495780420403072
1440170855090832,51.761357762,-1.2602712631,110.784508,5735928.162846886,620063.0648315696,-110.784508,30U,0.387,-0.031,-0.034,0.0515492632302108,-0.011137634723239849,1.4957608163133895
1440170855193689,51.7613581235,-1.2602713106,110.788002,5735928.202969786,620063.0605946545,-110.788002,30U,0.418,-0.034,-0.036,0.051457369367438624,-0.011272436821503239,1.495746589797808
1440170855300355,51.7613585182,-1.2602713625,110.791283,5735928.2467774935,620063.0559660266,-110.791283,30U,0.462,-0.037,-0.032,0.05150608777782979,-0.01127949176522571,1.495808932703871
1440170855407021,51.7613589558,-1.2602714189,110.794525,5735928.2953485465,620063.050913053,-110.794525,30U,0.512,-0.04,-0.035,0.051483487739729175,-0.011228657307177451,1.49584725302901
1440170855513687,51.7613594408,-1.2602714828,110.798058,5735928.349178433,620063.0452167699,-110.798058,30U,0.567,-0.047,-0.037,0.05172549999993124,-0.011361300000314468,1.4958557000002195
1440170855620353,51.761359978,-1.260271559,110.801849,5735928.408793045,620063.0385332087,-110.801849,30U,0.629,-0.057,-0.038,0.05225936556489865,-0.011553604196079608,1.4960324572777375
1440170855727019,51.7613605756,-1.2602716466,110.805611,5735928.47510575,620063.0309027197,-110.805611,30U,0.701,-0.061,-0.037,0.05286932494056296,-0.011707542880132002,1.4962796694724292
1440170855833685,51.7613612413,-1.2602717357,110.809242,5735928.54898914,620063.0229880508,-110.809242,30U,0.781,-0.063,-0.036,0.0537441452663525,-0.011807185811051486,1.4963359632837259
1440170855936541,51.7613619824,-1.2602718358,110.812775,5735928.631239381,620063.0141142649,-110.812775,30U,0.87,-0.074,-0.035,0.054382889886131054,-0.011890967355535123,1.4965029846085305
1440170856027969,51.7613628093,-1.2602719536,110.816109,5735928.72300199,620063.0037914189,-110.816109,30U,0.972,-0.085,-0.033,0.05496131250960602,-0.011941244924397632,1.4969474818772028
1440170856119397,51.7613637335,-1.2602720801,110.819199,5735928.825570652,620062.9926100714,-110.819199,30U,1.085,-0.089,-0.029,0.05580804125319389,-0.012076400104514027,1.497246279648094
1440170856210826,51.7613647599,-1.2602722145,110.822144,5735928.939491601,620062.9806124287,-110.822144,30U,1.197,-0.096,-0.03,0.05626848570694248,-0.012334669499323835,1.4973190041704834
1440170856302253,51.7613658849,-1.2602723612,110.825073,5735929.064357246,620062.9675044091,-110.825073,30U,1.306,-0.103,-0.029,0.055933665066346776,-0.012329669263661894,1.497720359481388
1440170856407015,51.7613671054,-1.2602725151,110.828438,5735929.199831246,620062.9536461757,-110.828438,30U,1.409,-0.109,-0.042,0.05543113370985435,-0.012239963794189637,1.4981732172524227
1440170856513681,51.761368417,-1.2602726875,110.833328,5735929.34540569,620062.9382696158,-110.833328,30U,1.51,-0.127,-0.055,0.055393500000734334,-0.012998700000755672,1.4985289000003177
1440170856605109,51.7613698197,-1.2602728853,110.838699,5735929.501069218,620062.9208985774,-110.838699,30U,1.61,-0.143,-0.051,0.05592771295603607,-0.013989247311261176,1.4991418595864945
1440170856696536,51.761371311,-1.2602730934,110.843437,5735929.666568672,620062.9025817077,-110.843437,30U,1.708,-0.144,-0.045,0.058182432101108565,-0.014406265381406191,1.4997751757401163
1440170856800346,51.7613728909,-1.2602733094,110.847549,5735929.841908004,620062.8834846248,-110.847549,30U,1.808,-0.153,-0.036,0.060215498557136156,-0.014479730553461996,1.5000841226075898
1440170856907011,51.7613745628,-1.2602735325,110.850372,5735930.027466633,620062.8636535149,-110.850372,30U,1.912,-0.15,-0.02,0.06053223948210876,-0.014550120670051283,1.5004374724908103
1440170857013678,51.7613763271,-1.2602737487,110.852135,5735930.22331209,620062.8440534219,-110.852135,30U,2.012,-0.148,-0.023,0.05955505840566985,-0.014675632913031728,1.5009981493831228
1440170857120344,51.7613781829,-1.2602739616,110.854179,5735930.42933836,620062.8244383066,-110.854179,30U,2.117,-0.143,-0.014,0.05666707101975396,-0.015074049120891993,1.5013861101227952
1440170857227010,51.7613801288,-1.260274167,110.856522,5735930.64539667,620062.8051017146,-110.856522,30U,2.212,-0.142,-0.034,0.05219594482028394,-0.015276589824563721,1.5009896752685523
1440170857333676,51.7613821592,-1.2602743896,110.861038,5735930.870823604,620062.7843540179,-110.861038,30U,2.307,-0.167,-0.052,0.04962231778085548,-0.015787047363470617,1.5007460326247373
1440170857440342,51.7613842772,-1.2602746582,110.865288,5735931.105916485,620062.760199574,-110.865288,30U,2.405,-0.2,-0.029,0.049664496023660396,-0.01598994468154176,1.500704173127923
1440170857538675,51.7613864847,-1.2602749592,110.866806,5735931.350908996,620062.733571846,-110.866806,30U,2.505,-0.21,-0.006,0.05202270000043236,-0.014916700000649347,1.5003875000002653
1440170857618674,51.7613887827,-1.2602752601,110.866005,5735931.605965848,620062.7067109252,-110.866005,30U,2.608,-0.202,0.022,0.05284919779664765,-0.012546582139367901,1.4998569078945576
1440170857698673,51.7613911712,-1.2602755457,110.865173,5735931.871112064,620062.6806657265,-110.865173,30U,2.705,-0.195,-0.011,0.05225252412730357,-0.01038596682438237,1.4994987733535081
1440170857800339,51.7613936443,-1.2602758419,110.86734,5735932.145648886,620062.6536646084,-110.86734,30U,2.798,-0.212,-0.025,0.0506738822191444,-0.009353031995622653,1.4992696773413487
1440170857907006,51.7613962023,-1.2602761568,110.870972,5735932.429596345,620062.6251478132,-110.870972,30U,2.893,-0.221,-0.047,0.04937566237761111,-0.00878042330997751,1.4988226905873916
1440170858013672,51.7613988457,-1.2602764987,110.874321,5735932.722996378,620062.5945412521,-110.874321,30U,2.987,-0.246,-0.016,0.05026215468178514,-0.008012082481488596,1.4985091487811248
1440170858119385,51.7614015791,-1.2602768484,110.874214,5735933.026392141,620062.5631576672,-110.874214,30U,3.097,-0.23,0.011,0.04864764665543255,-0.005042294545168638,1.4977366381324146
1440170858210814,51.7614044114,-1.2602771791,110.873039,5735933.340817494,620062.5328228483,-110.873039,30U,3.202,-0.236,0.004,0.048799730658373994,-0.0028362277201045075,1.4963400074489672
1440170858302242,51.7614073353,-1.2602775515,110.874016,5735933.665360699,620062.4993674057,-110.874016,30U,3.302,-0.277,-0.026,0.049016953160725296,-0.0017504181224570034,1.4953402282717434
1440170858407003,51.7614103482,-1.2602779734,110.878136,5735933.999719782,620062.4622599797,-110.878136,30U,3.402,-0.292,-0.055,0.04922665352263862,-0.0014961527433347312,1.4949629142482024
1440170858513669,51.761413451,-1.2602783865,110.885376,5735934.3440908035,620062.4255213207,-110.885376,30U,3.504,-0.273,-0.087,0.04784250000079167,-0.0023405999995057144,1.4939087000004283
1440170858620335,51.761416645,-1.2602787897,110.89328,5735934.698620142,620062.3892238882,-110.89328,30U,3.602,-0.294,-0.075,0.046971504878217135,-0.00410238649334252,1.4927138241285614
1440170858725096,51.7614199274,-1.2602792369,110.899849,5735935.062907689,620062.3496556056,-110.899849,30U,3.703,-0.32,-0.046,0.04629629281323133,-0.005168700183795935,1.4924289938890796
1440170858816524,51.7614232972,-1.2602797137,110.904686,5735935.436865943,620062.3078128365,-110.904686,30U,3.795,-0.331,-0.065,0.04636103134077249,-0.005701753737819516,1.492403326358024
1440170858907952,51.7614267526,-1.2602801821,110.91169,5735935.82035729,620062.2663226399,-110.91169,30U,3.893,-0.315,-0.062,0.04369133854489955,-0.007108294020277829,1.4918425090487377
1440170859013666,51.7614302944,-1.2602806576,110.918022,5735936.21344518,620062.2241132772,-110.918022,30U,3.986,-0.348,-0.061,0.04511939724652378,-0.00794031652184996,1.491978586047188
1440170859119379,51.7614339162,-1.2602811839,110.923409,5735936.615345946,620062.1781861022,-110.923409,30U,4.075,-0.362,-0.053,0.045549461658063436,-0.007646548807315997,1.492477716285803
1440170859210808,51.7614376211,-1.260281691,110.929039,5735937.026519571,620062.1333634139,-110.929039,30U,4.169,-0.345,-0.048,0.04686176325757012,-0.007919165618409971,1.491738242354912
1440170859302236,51.7614414045,-1.2602822012,110.932999,5735937.446417794,620062.0881185485,-110.932999,30U,4.249,-0.351,-0.038,0.043718487778459506,-0.008769598558045157,1.491442826724933
1440170859406997,51.7614452588,-1.2602827093,110.93663,5735937.874204005,620062.0428305094,-110.93663,30U,4.323,-0.358,-0.034,0.043467246033913325,-0.010260987182585803,1.4918541657170943
1440170859513662,51.7614491775,-1.2602832408,110.940071,5735938.309113381,620061.9957568498,-110.940071,30U,4.397,-0.366,-0.037,0.04031900000021003,-0.010998299999673044,1.4915720000002228
1440170859620328,51.7614531589,-1.260283765,110.944099,5735938.751007417,620061.9490206082,-110.944099,30U,4.467,-0.365,-0.037,0.03897683915601658,-0.011210775321650648,1.4911107589816945
1440170859725090,51.7614571992,-1.2602843135,110.949013,5735939.199411503,620061.9004512324,-110.949013,30U,4.527,-0.389,-0.062,0.04037850569031451,-0.011382763415429003,1.4906287810378618
1440170859816518,51.7614612985,-1.2602849011,110.954842,5735939.654312396,620061.8490271475,-110.954842,30U,4.594,-0.418,-0.052,0.042820629530658655,-0.011974059454821651,1.4894083992925706
1440170859907946,51.7614654634,-1.2602854967,110.958527,5735940.116495258,620061.7968769756,-110.958527,30U,4.672,-0.398,-0.027,0.044218101002038455,-0.012684210700616457,1.4875479071741997
1440170860013660,51.7614696945,-1.2602860819,110.958801,5735940.586057103,620061.74526886,-110.958801,30U,4.739,-0.415,0.004,0.04320772659240534,-0.012059072568202676,1.4856213545495898
1440170860119373,51.7614739842,-1.2602866927,110.958603,5735941.062093495,620061.6917386987,-110.958603,30U,4.805,-0.423,-0.001,0.04039742189861485,-0.009660912981794981,1.4848239770780158
1440170860210802,51.7614783327,-1.2602873196,110.961441,5735941.544642319,620061.6369415314,-110.961441,30U,4.87,-0.447,-0.033,0.038828867190680745,-0.009185461394758279,1.4835911298718116
1440170860302230,51.7614827329,-1.2602879782,110.967537,5735942.032888326,620061.5798196786,-110.967537,30U,4.925,-0.46,-0.065,0.03653389889777225,-0.010517159768502864,1.4824219362179456
1440170860406990,51.7614871832,-1.2602886605,110.972786,5735942.526666756,620061.5209294459,-110.972786,30U,4.979,-0.489,-0.038,0.04163715397318731,-0.011114416758298882,1.4812500509469777
1440170860513656,51.7614916808,-1.2602894026,110.975159,5735943.025606801,620061.4577870956,-110.975159,30U,5.026,-0.523,-0.009,0.04860139999952669,-0.012314600000143056,1.4793972999991394
1440170860620322,51.7614962204,-1.2602901235,110.978241,5735943.5292524155,620061.3959962867,-110.978241,30U,5.075,-0.477,-0.057,0.04819495657039622,-0.013127963755659451,1.4766064760561037
1440170860725084,51.7615008089,-1.2602908088,110.98407,5735944.038394629,620061.3365324184,-110.98407,30U,5.132,-0.48,-0.05,0.042918920770394976,-0.014618190505790397,1.4741526111467715
1440170860816512,51.761505443,-1.2602915172,110.987808,5735944.552569824,620061.2753535139,-110.987808,30U,5.18,-0.493,-0.033,0.033911210359854914,-0.015065985497289583,1.4720072906372226
1440170860907940,51.7615101187,-1.2602922566,110.990883,5735945.0713201715,620061.2119250284,-110.990883,30U,5.224,-0.541,-0.024,0.028737736620269624,-0.014477991859951817,1.4701191543029346
1440170861013654,51.7615148341,-1.260293102,110.990501,5735945.594310911,620061.1410764523,-110.990501,30U,5.261,-0.616,-0.002,0.031814651508210834,-0.012351888985791853,1.4696485098867287
1440170861120320,51.7615195867,-1.2602939875,110.992386,5735946.121372512,620061.0673620043,-110.992386,30U,5.312,-0.59,-0.029,0.03631405266115505,-0.011835908602049106,1.4681810271695976
1440170861226985,51.7615243864,-1.26029482,110.994629,5735946.653759185,620060.997180001,-110.994629,30U,5.362,-0.57,0.003,0.03825664634163,-0.012130444191640777,1.4655266457126657
1440170861328651,51.7615292165,-1.2602956547,110.995308,5735947.189522912,620060.926765543,-110.995308,30U,5.384,-0.578,-0.009,0.034007262233950515,-0.01059792756395529,1.4637109849208223
1440170861408651,51.7615340582,-1.2602964901,110.998528,5735947.726575482,620060.8562720175,-110.998528,30U,5.388,-0.574,-0.056,0.029080422709312482,-0.008851763986982644,1.4620115105279874
1440170861488650,51.7615389038,-1.260297346,111.004456,5735948.26402801,620060.7843535065,-111.004456,30U,5.387,-0.613,-0.065,0.028203399999663745,-0.007464900000223259,1.4602232000002178
1440170861586983,51.7615437443,-1.2602982567,111.00959,5735948.80082317,620060.7086669387,-111.00959,30U,5.385,-0.639,-0.022,0.03046479748305806,-0.005121845083423541,1.458589927616191
1440170861693649,51.761548582,-1.260299189,111.012001,5735949.337271397,620060.6314972542,-111.012001,30U,5.38,-0.646,-0.033,0.03526968088179323,-0.0025278585094898613,1.4566613478108537
1440170861800315,51.7615534149,-1.2603001332,111.016518,5735949.873166243,620060.5535191299,-111.016518,30U,5.374,-0.654,-0.068,0.03957994245950005,-0.0015062470487951873,1.4543209701540776
1440170861906982,51.7615582443,-1.260301091,111.026329,5735950.40864948,620060.474611805,-111.026329,30U,5.37,-0.668,-0.125,0.04197442916106721,-0.0042577681143913665,1.4522745706165126
1440170862013648,51.7615630701,-1.2603020555,111.037514,5735950.943721346,620060.3952516958,-111.037514,30U,5.367,-0.662,-0.111,0.042995713323657925,-0.007143884866886948,1.4505199478894222
1440170862120314,51.7615678909,-1.2603030276,111.049034,5735951.4782246705,620060.3153804097,-111.049034,30U,5.363,-0.679,-0.101,0.043635361474210294,-0.009194849882087913,1.4482691600059872
1440170862226979,51.7615727107,-1.2603040246,111.059555,5735952.012575796,620060.2337935094,-111.059555,30U,5.363,-0.705,-0.106,0.046472143273520464,-0.012270104433075711,1.4462827441640662
1440170862330788,51.7615775295,-1.2603050673,111.068687,5735952.546740487,620060.1490556444,-111.068687,30U,5.364,-0.728,-0.067,0.04950308609995235,-0.017176142748442688,1.4449583808279733
1440170862422216,51.7615823562,-1.2603061005,111.070381,5735953.081799347,620060.0649524047,-111.070381,30U,5.371,-0.7,-0.004,0.04975266585995431,-0.018589432931212797,1.4430376103849278
1440170862513644,51.7615871818,-1.2603071132,111.072258,5735953.6167696295,620059.9822667459,-111.072258,30U,5.368,-0.711,-0.026,0.04871450000017368,-0.01817570000007103,1.4410557000005146
1440170862620310,51.7615920025,-1.2603081569,111.07608,5735954.15114397,620059.8974548756,-111.07608,30U,5.365,-0.721,-0.04,0.04448128759498039,-0.01613441064692949,1.4404319364283333
1440170862725072,51.7615968259,-1.2603092067,111.078117,5735954.685808526,620059.8122149146,-111.078117,30U,5.369,-0.73,0.014,0.045479825387575334,-0.01296920600635746,1.439343293128075
1440170862816500,51.7616016517,-1.2603102748,111.074974,5735955.220709854,620059.7257057673,-111.074974,30U,5.368,-0.749,0.036,0.04846245428716086,-0.00852076296803901,1.4379197850251548
1440170862907928,51.7616064765,-1.2603113692,111.071625,5735955.7554566795,620059.6373844001,-111.071625,30U,5.366,-0.752,0.02,0.05058004410321873,-0.004409695550826932,1.4369459754029774
1440170862999356,51.761611297,-1.2603124624,111.074593,5735956.289727296,620059.5491572642,-111.074593,30U,5.363,-0.75,-0.061,0.05366748552391899,-0.003738902832294767,1.4356918948335071
1440170863090783,51.7616161138,-1.2603135226,111.08503,5735956.823640777,620059.4632171957,-111.08503,30U,5.359,-0.72,-0.134,0.04820765153337921,-0.006864884735710618,1.4338001930236863
1440170863193640,51.7616209269,-1.260314586,111.097382,5735957.357137527,620059.3770661352,-111.097382,30U,5.347,-0.742,-0.116,0.04078288447347968,-0.011828561132417353,1.4327699444538675
1440170863300306,51.761625729,-1.2603156724,111.107521,5735957.889373146,620059.289357107,-111.107521,30U,5.33,-0.768,-0.081,0.03891238219197167,-0.014675400550367096,1.4317389137688499
1440170863406972,51.7616305123,-1.2603168125,111.114891,5735958.419429685,620059.1979922842,-111.114891,30U,5.316,-0.802,-0.055,0.04271139643088782,-0.01483882943255661,1.4307354949291275
1440170863513638,51.7616352801,-1.2603179969,111.119873,5735958.9476895975,620059.1036115808,-111.119873,30U,5.297,-0.817,-0.032,0.04728100000073225,-0.01510589999918545,1.4299887000000135
1440170863620304,51.7616400347,-1.2603191333,111.121704,5735959.474560609,620059.0125782556,-111.121704,30U,5.29,-0.758,0.008,0.047101443614774516,-0.012903573695706353,1.4289509381071601
1440170863726971,51.7616447857,-1.2603202179,111.120361,5735960.0011165505,620058.925129066,-111.120361,30U,5.279,-0.751,-0.005,0.044236722712207466,-0.010453083530580982,1.428041224232195
1440170863833637,51.7616495246,-1.2603213189,111.122223,5735960.526299902,620058.8365802744,-111.122223,30U,5.26,-0.768,-0.032,0.04149724272199002,-0.012067515210996107,1.4278139651982722
1440170863936493,51.7616542458,-1.2603224532,111.127335,5735961.049460083,620058.7457805184,-111.127335,30U,5.247,-0.794,-0.05,0.04167940841183139,-0.014165474286193847,1.4277708019247985
1440170864027921,51.7616589604,-1.2603235976,111.131805,5735961.571869676,620058.6543013137,-111.131805,30U,5.24,-0.784,-0.069,0.04291807537304789,-0.015951163284048202,1.4273999730927178
1440170864119348,51.761663666,-1.2603247288,111.141083,5735962.093300143,620058.5637568958,-111.141083,30U,5.232,-0.776,-0.099,0.04264356058271487,-0.021972836139048327,1.4268115507728454
1440170864210776,51.7616683659,-1.2603258577,111.146774,5735962.614100521,620058.4733863311,-111.146774,30U,5.224,-0.785,-0.011,0.0464674398118992,-0.025691532652311593,1.4264527486747727
1440170864302205,51.7616730557,-1.2603270013,111.144112,5735963.1337535195,620058.3820281717,-111.144112,30U,5.21,-0.79,0.035,0.04735109089981991,-0.022861579228552382,1.4261589898771259
1440170864406966,51.7616777298,-1.2603281387,111.142372,5735963.651670784,620058.2911395226,-111.142372,30U,5.19,-0.788,-0.007,0.0500448757808644,-0.017649795185509253,1.4260452794720075
1440170864513632,51.7616823946,-1.2603292781,111.141823,5735964.168550541,620058.2001375475,-111.141823,30U,5.189,-0.785,0.032,0.052868900000014,-0.014092000000028691,1.4257534999999053
1440170864605060,51.7616870544,-1.2603304024,111.135651,5735964.684899124,620058.1101908585,-111.135651,30U,5.181,-0.767,0.075,0.05272057332792361,-0.010497752897535238,1.425236458930707
1440170864696488,51.7616917054,-1.2603315194,111.128899,5735965.200281111,620058.0207712813,-111.128899,30U,5.168,-0.778,0.039,0.05175842092911712,-0.006733645842306906,1.4250749530295979
1440170864800297,51.7616963493,-1.2603326419,111.129646,5735965.714864478,620057.930991017,-111.129646,30U,5.168,-0.765,-0.056,0.04881060965164885,-0.005526310412230329,1.4247618159721662
1440170864906964,51.7617009945,-1.2603337639,111.140701,5735966.229593241,620057.841241822,-111.140701,30U,5.172,-0.798,-0.125,0.04980077392172473,-0.008262974093788202,1.424318402210875
1440170865013629,51.7617056479,-1.2603349419,111.152878,5735966.745141709,620057.747606494,-111.152878,30U,5.186,-0.818,-0.101,0.05089258221950199,-0.012054499423335346,1.4245678041968755
1440170865120295,51.7617103219,-1.2603361143,111.158859,5735967.262990249,620057.6543029712,-111.158859,30U,5.213,-0.796,-0.037,0.05202841505314274,-0.013727443457164472,1.4245313752693394
1440170865226961,51.7617150196,-1.2603372571,111.161537,5735967.78352311,620057.5629791996,-111.161537,30U,5.237,-0.786,-0.017,0.0514988688429708,-0.014984073879367912,1.4238310649613026
1440170865333627,51.7617197354,-1.2603383974,111.163544,5735968.3060729215,620057.4717799426,-111.163544,30U,5.254,-0.795,-0.031,0.051353618174060714,-0.015629798374512487,1.423275773353956
1440170865440293,51.7617244671,-1.2603395622,111.166489,5735968.830350587,620057.378847849,-111.166489,30U,5.272,-0.808,-0.028,0.05170745325008705,-0.015934471202918885,1.4232826900937816
1440170865538626,51.7617292151,-1.2603407419,111.168053,5735969.3564163875,620057.2848443239,-111.168053,30U,5.296,-0.811,-0.01,0.0520957000003546,-0.01474399999928641,1.423533799999647
1440170865618626,51.7617339849,-1.2603419149,111.168663,5735969.884917518,620057.1912453293,-111.168663,30U,5.317,-0.812,0.007,0.05344109598684954,-0.014719005716772579,1.4240099820087209
1440170865698625,51.7617387738,-1.260343086,111.166809,5735970.415545821,620057.0977267941,-111.166809,30U,5.335,-0.802,0.016,0.0520040994750698,-0.013493140073667701,1.4247935902968278
1440170865800291,51.761743576,-1.2603442481,111.166977,5735970.947667986,620057.0047940543,-111.166977,30U,5.345,-0.806,-0.012,0.052003414555511454,-0.012355962523179482,1.426022537582272
1440170865906957,51.7617483869,-1.2603454196,111.169212,5735971.480742173,620056.9111895849,-111.169212,30U,5.35,-0.812,-0.04,0.053334233009296336,-0.011247323518006398,1.4278196653807773
1440170866013623,51.7617532037,-1.2603465961,111.17421,5735972.01446425,620056.8172244453,-111.17421,30U,5.36,-0.803,-0.038,0.054634594649074504,-0.011732073669519012,1.4303261995272796
1440170866119337,51.7617580187,-1.2603477416,111.176659,5735972.548037188,620056.7254033126,-111.176659,30U,5.349,-0.779,-0.029,0.05600448617803221,-0.011958771702260399,1.4337272326514645
1440170866210765,51.7617628163,-1.2603488506,111.17942,5735973.079735224,620056.6361471104,-111.17942,30U,5.314,-0.75,-0.034,0.056220398084722914,-0.011979359506633156,1.4380893924200204
1440170866302193,51.7617675717,-1.2603499065,111.183922,5735973.606827767,620056.5506671449,-111.183922,30U,5.262,-0.708,-0.061,0.05585490167856584,-0.012679072016711602,1.443238966195042
1440170866406954,51.7617722817,-1.2603509083,111.190369,5735974.128960598,620056.4690409094,-111.190369,30U,5.209,-0.684,-0.071,0.05779616937306686,-0.014558644790050184,1.449241633924198
1440170866513620,51.7617769428,-1.260351879,111.19593,5735974.645706639,620056.3896905297,-111.19593,30U,5.157,-0.651,-0.041,0.05966040000065805,-0.016014200000376937,1.4565897999999182
1440170866620286,51.7617815555,-1.260352779,111.199356,5735975.157186678,620056.3153473521,-111.199356,30U,5.105,-0.603,-0.025,0.0664357683453956,-0.01738476601182408,1.4647690741416202
1440170866725048,51.761786126,-1.2603536224,111.201271,5735975.664066983,620056.2450219295,-111.201271,30U,5.067,-0.552,-0.005,0.07025806677228051,-0.017819066981484825,1.4749181449255726
1440170866816475,51.7617906676,-1.2603543636,111.202606,5735976.167901667,620056.1818256931,-111.202606,30U,5.036,-0.474,-0.023,0.07133200757949042,-0.01658239493858468,1.48764150356726
1440170866907903,51.7617951886,-1.2603549935,111.203735,5735976.669628721,620056.1263645841,-111.203735,30U,5.017,-0.399,-0.009,0.0701740630648364,-0.013526175023468284,1.5036432213498179
1440170867013617,51.7617996936,-1.2603555199,111.206131,5735977.169746854,620056.0780881438,-111.206131,30U,4.996,-0.328,-0.028,0.06944662554405909,-0.011917089141689692,1.5228295559933496
1440170867119330,51.7618041835,-1.2603559475,111.206886,5735977.668348416,620056.0366696494,-111.206886,30U,4.992,-0.265,-0.002,0.07314989488611512,-0.009314674166849278,1.545075914739703
1440170867210759,51.7618086637,-1.2603562374,111.209595,5735978.166097957,620056.0047791409,-111.209595,30U,4.976,-0.124,-0.064,0.0762682049312591,-0.008591126487555827,1.5698403032524035
1440170867302186,51.7618131244,-1.2603562949,111.217346,5735978.662061547,620055.9889775668,-111.217346,30U,4.95,0.041,-0.08,0.07768172509781009,-0.012281256858357823,1.5952400280622863
1440170867406948,51.7618175556,-1.2603561376,111.225189,5735979.1550981505,620055.9880769297,-111.225189,30U,4.908,0.171,-0.075,0.07436769881326245,-0.013290942536633498,1.622521504863611
1440170867513614,51.761821955,-1.2603557913,111.231567,5735979.6449095225,620056.0003029485,-111.231567,30U,4.876,0.301,-0.055,0.07309579999943515,-0.010195300000528342,1.6536747999992931
1440170867620280,51.7618263192,-1.2603552551,111.238411,5735980.131119041,620056.0257267458,-111.238411,30U,4.835,0.446,-0.094,0.06952017477117166,-0.007587513874398684,1.6872893387099537
1440170867725041,51.7618306475,-1.2603544523,111.246475,5735980.613775126,620056.0696430024,-111.246475,30U,4.803,0.646,-0.041,0.06585792667221546,-0.007682622265388561,1.721204932493896
1440170867816469,51.7618349482,-1.2603534017,111.245316,5735981.093769841,620056.1307323631,-111.245316,30U,4.761,0.803,0.054,0.06455178644101547,-0.0054149689739217115,1.7548452116711764
1440170867907897,51.761839198,-1.2603521458,111.246643,5735981.568442116,620056.2061238465,-111.246643,30U,4.698,0.936,-0.052,0.06511914281484014,-0.0033770174442922236,1.789373889242415
1440170868013611,51.7618433989,-1.260350688,111.2547,5735982.038008768,620056.2955775184,-111.2547,30U,4.64,1.068,-0.114,0.0698700097829359,-0.001817927983268249,1.8260919815622803
1440170868119324,51.7618475413,-1.2603490143,111.269966,5735982.5014252635,620056.4000849392,-111.269966,30U,4.577,1.251,-0.161,0.07087528161603572,-0.0018495475478399522,1.8649328863097558
1440170868210753,51.7618516201,-1.2603470428,111.283333,5735982.958259273,620056.5253112939,-111.283333,30U,4.501,1.46,-0.093,0.06877074324646057,-0.0024109688178421402,1.9046793236032746
1440170868302181,51.7618556324,-1.2603447925,111.28936,5735983.408157023,620056.6699531423,-111.28936,30U,4.426,1.63,-0.054,0.06563899111000471,0.0005297486491665527,1.9459970289267439
1440170868406942,51.761859574,-1.2603422993,111.295174,5735983.850592348,620056.8315442752,-111.295174,30U,4.338,1.81,-0.063,0.057424894377233304,0.003768785844875285,1.9894383384446934
1440170868513608,51.7618634327,-1.2603395565,111.303711,5735984.284219566,620057.0105794022,-111.303711,30U,4.256,1.979,-0.11,0.0552896000005844,0.005613700000827457,2.0353501999998604
1440170868620274,51.7618672167,-1.2603365456,111.31514,5735984.709981021,620057.2083133911,-111.31514,30U,4.17,2.171,-0.112,0.05735381683653818,0.0056864369255262195,2.0822536170724284
1440170868725035,51.7618709176,-1.2603332448,111.32753,5735985.126978472,620057.4262728714,-111.32753,30U,4.065,2.383,-0.138,0.05527647477030757,0.0036516913720010986,2.129793037739147
1440170868816463,51.7618745101,-1.2603296176,111.34198,5735985.532458483,620057.6670437049,-111.34198,30U,3.927,2.617,-0.149,0.048175535693161346,-0.001386188355843303,2.177061420744245
1440170868907891,51.7618779756,-1.2603256572,111.357285,5735985.924363822,620057.9311444797,-111.357285,30U,3.796,2.835,-0.147,0.039636056941706646,-0.005556046728141887,2.2231207991195303
1440170869013605,51.7618813515,-1.2603214417,111.36982,5735986.306725032,620058.2130865431,-111.36982,30U,3.731,2.968,-0.102,0.042356682822438534,-0.00761665161218998,2.270016805218662
1440170869120271,51.7618846653,-1.2603170325,111.379501,5735986.682499218,620058.5085599219,-111.379501,30U,3.633,3.131,-0.095,0.046858043901592934,-0.00866612942558233,2.318373127826462
1440170869226937,51.7618878544,-1.2603123242,111.386826,5735987.044898373,620058.8250040024,-111.386826,30U,3.467,3.362,-0.032,0.05170831757203923,-0.010077398164522121,2.3656323472333947
1440170869328603,51.7618908941,-1.2603072996,111.389091,5735987.391204021,620059.1636712254,-111.389091,30U,3.308,3.557,-0.019,0.05259430671349788,-0.011648783005868817,2.411773606372672
1440170869408603,51.7618937938,-1.2603020065,111.391525,5735987.722382817,620059.5212381314,-111.391525,30U,3.149,3.741,-0.007,0.048979561139564094,-0.014389013482428638,2.4579502557120168
1440170869488602,51.7618965713,-1.2602965108,111.395294,5735988.0403057495,620059.8931099504,-111.395294,30U,3.042,3.873,-0.089,0.050568200000463394,-0.016541300000702516,2.5054075999999865
1440170869586935,51.7618992435,-1.2602907867,111.403313,5735988.346894683,620060.2810222226,-111.403313,30U,2.902,4.034,-0.053,0.06045257039061909,-0.019513963571168656,2.5532672904798743
1440170869693600,51.7619017572,-1.2602848244,111.408859,5735988.636249575,620060.6857923521,-111.408859,30U,2.692,4.199,-0.052,0.06589136511944982,-0.018590878625829466,2.599857871859267
1440170869800266,51.761904084,-1.2602786236,111.412132,5735988.905212663,620061.1075163899,-111.412132,30U,2.498,4.354,-0.012,0.06969657033792877,-0.015721433071598706,2.6470443316277863
1440170869906933,51.7619062365,-1.2602722081,111.410416,5735989.155145971,620061.5445185476,-111.410416,30U,2.28,4.499,0.038,0.06600173910953674,-0.011237746692197183,2.694397429984368
1440170870013599,51.7619081779,-1.2602655722,111.405693,5735989.381966491,620061.9972897994,-111.405693,30U,2.06,4.649,0.06,0.05982659061157078,-0.004759656018603127,2.740609857330704
1440170870120265,51.7619099598,-1.2602587501,111.400665,5735989.591356173,620062.4633332232,-111.400665,30U,1.913,4.764,0.02,0.060340801756796104,-0.000131280200111119,2.7864226588512877
1440170870226931,51.7619115958,-1.2602517591,111.404205,5735989.784798949,620062.9414189241,-111.404205,30U,1.727,4.883,-0.087,0.06508180582216494,-0.00015669297069167358,2.8304265045625474
1440170870330740,51.7619130559,-1.2602445995,111.415886,5735989.958958135,620063.4316057954,-111.415886,30U,1.534,4.992,-0.136,0.07374440175711812,-0.003657883582021017,2.872553926383362
1440170870422167,51.7619143368,-1.2602372986,111.431793,5735990.113421807,620063.9320187127,-111.431793,30U,1.302,5.087,-0.175,0.07539552156566177,-0.007815787784120318,2.913774562778765
1440170870513595,51.7619153893,-1.2602298771,111.448242,5735990.242684542,620064.4413597734,-111.448242,30U,1.055,5.176,-0.123,0.07616430000055405,-0.011326800000195812,2.9536053000004996
1440170870620261,51.7619162658,-1.260222327,111.454811,5735990.352586724,620064.9600420181,-111.454811,30U,0.898,5.249,-0.031,0.07349461856851987,-0.008152523787434396,2.994000220142419
1440170870725023,51.7619169768,-1.2602146661,111.457054,5735990.444266719,620065.4868092728,-111.457054,30U,0.689,5.328,-0.025,0.07120997547940522,-0.0042297723315670175,3.034988303251818
1440170870816451,51.7619174966,-1.2602068899,111.460938,5735990.514873933,620066.0220402597,-111.460938,30U,0.478,5.404,-0.051,0.07389975171789431,-0.004965717780923757,3.0740723607920195
1440170870907879,51.7619178331,-1.2601990147,111.466919,5735990.565260064,620066.564589215,-111.466919,30U,0.272,5.468,-0.072,0.07202221479084306,-0.00708884072006144,3.109840165854032
1440170870999307,51.7619179873,-1.2601910599,111.473495,5735990.59550438,620067.1131147634,-111.473495,30U,0.083,5.51,-0.104,0.07103068801552395,-0.007294999972983428,-3.1396174028302823
1440170871090735,51.7619179871,-1.2601830427,111.486191,5735990.608681226,620067.6663559714,-111.486191,30U,-0.077,5.561,-0.134,0.07138299063661652,-0.007863130710999961,-3.107223915704826
1440170871193592,51.7619178291,-1.2601749465,111.496735,5735990.60443983,620068.2254673779,-111.496735,30U,-0.276,5.617,-0.051,0.0691365912928287,-0.007542915263092304,-3.0763479227602484
1440170871300258,51.7619174955,-1.2601667816,111.499641,5735990.580783764,620068.7897854457,-111.499641,30U,-0.458,5.656,-0.014,0.06757430535029149,-0.004587428586079115,-3.047176035577557
1440170871406924,51.7619170096,-1.2601585599,111.501984,5735990.540284545,620069.3584271821,-111.501984,30U,-0.617,5.694,-0.029,0.06607837530922397,-0.0026525449673880175,-3.018402634482219
1440170871513589,51.7619163887,-1.2601503031,111.509674,5735990.484830318,620069.9298492471,-111.509674,30U,-0.781,5.724,-0.099,0.06302740000029941,-0.004072199999421007,-2.990258807175849
1440170871620255,51.7619156026,-1.260141991,111.520439,5735990.411095909,620070.5055257089,-111.520439,30U,-0.964,5.754,-0.109,0.058800367191631536,-0.005552494335596926,-2.9644097236729037
1440170871726921,51.7619146657,-1.2601336373,111.529915,5735990.320660137,620071.084472975,-111.529915,30U,-1.111,5.781,-0.104,0.05532798832898645,-0.0057201867290271645,-2.940326230041668
1440170871833588,51.761913606,-1.2601252426,111.540176,5735990.216635792,620071.6665753563,-111.540176,30U,-1.249,5.811,-0.091,0.05389255056378036,-0.007205071806479934,-2.916632720388134
1440170871936444,51.7619124142,-1.2601168063,111.545761,5735990.097989643,620072.2518989383,-111.545761,30U,-1.412,5.833,-0.032,0.050130538802498986,-0.007382774193750452,-2.894368292853663
1440170872027872,51.7619110754,-1.2601083485,111.549057,5735989.9630316235,620072.8390962235,-111.549057,30U,-1.558,5.845,-0.043,0.046843739286018,-0.007088408391533746,-2.8731738539906284
1440170872119300,51.7619096178,-1.2600998735,111.554665,5735989.814890674,620073.4277956665,-111.554665,30U,-1.686,5.858,-0.065,0.044345015000971655,-0.007077454418914232,-2.8519436907161713
1440170872210728,51.7619080485,-1.2600913793,111.561317,5735989.6543596545,620074.018116448,-111.561317,30U,-1.808,5.87,-0.06,0.04175332819328812,-0.006550389771977981,-2.8304623271068503
1440170872302156,51.7619063562,-1.2600828808,111.568436,5735989.480157401,620074.6090603529,-111.568436,30U,-1.958,5.864,-0.073,0.03821627894075588,-0.0077781424074742506,-2.808614808796812
1440170872406917,51.7619045271,-1.2600744006,111.574394,5735989.290712054,620075.1991044504,-111.574394,30U,-2.112,5.844,-0.043,0.03269244085547884,-0.010670195958507014,-2.7867915385380573
1440170872513583,51.7619025715,-1.2600659611,111.577538,5735989.087132161,620075.7866756655,-111.577538,30U,-2.233,5.818,-0.059,0.02621459999958727,-0.011404599999390903,-2.764881607166701
1440170872605012,51.7619005032,-1.2600575417,111.587685,5735988.870986282,620076.373158925,-111.587685,30U,-2.368,5.805,-0.114,0.02174594434858003,-0.015629254365856618,-2.74208683678223
1440170872696439,51.7618983028,-1.260049149,111.59668,5735988.640106151,620076.9581502649,-111.59668,30U,-2.518,5.785,-0.054,0.023963201757059707,-0.022599880828994414,-2.719951655835605
1440170872800248,51.7618959786,-1.2600407826,111.598061,5735988.395415436,620077.5416552674,-111.598061,30U,-2.659,5.763,0.023,0.025685111224710348,-0.028214913139123683,-2.6985639539592357
1440170872906915,51.761893519,-1.2600324702,111.596901,5735988.135578534,620078.1217932298,-111.596901,30U,-2.806,5.723,-0.006,0.027295752027300862,-0.035071086967953524,-2.6776310789692697
1440170873013581,51.7618909319,-1.2600242105,111.596802,5735987.861476119,620078.6986329053,-111.596802,30U,-2.953,5.688,0.05,0.026625350983342125,-0.043102653999778764,-2.6558268859620915
1440170873120247,51.7618882232,-1.2600159994,111.587395,5735987.573771053,620079.2724415683,-111.587395,30U,-3.061,5.663,0.128,0.02792509252509035,-0.04572730388111364,-2.632178559811111
1440170873226912,51.7618854052,-1.2600078291,111.571808,5735987.273844018,620079.8437248414,-111.571808,30U,-3.214,5.62,0.178,0.030578381615350286,-0.044331860162929386,-2.606154089951869
1440170873333578,51.7618824482,-1.2599997243,111.552414,5735986.958351514,620080.410857064,-111.552414,30U,-3.366,5.575,0.206,0.03927703629699575,-0.0415379168365549,-2.579738826840658
1440170873440244,51.7618793421,-1.2599917006,111.530991,5735986.626144673,620080.9727885373,-111.530991,30U,-3.552,5.501,0.213,0.041333074258275294,-0.038290125985616034,-2.5538546845425087
1440170873538577,51.7618760644,-1.2599838098,111.513145,5735986.2746360535,620081.5260044149,-111.513145,30U,-3.736,5.416,0.14,0.041104700000848315,-0.037336399999786246,-2.5282799071775295
1440170873618577,51.7618726354,-1.25997601,111.501396,5735985.906152139,620082.0733422217,-111.501396,30U,-3.884,5.366,0.116,0.04174375158739038,-0.039338929583554325,-2.50195524850602
1440170873698576,51.7618690767,-1.2599682772,111.490166,5735985.523134495,620082.6164008081,-111.490166,30U,-4.036,5.314,0.112,0.044080613322021796,-0.04129030107461627,-2.4733620270345162
1440170873800242,51.7618653661,-1.2599606421,111.47847,5735985.123063796,620083.153120578,-111.47847,30U,-4.226,5.232,0.127,0.04681703734543875,-0.0425293373719371,-2.443236569336434
1440170873906908,51.761861472,-1.2599531472,111.463417,5735984.702355934,620083.680652594,-111.463417,30U,-4.438,5.122,0.165,0.04645740279687144,-0.042752810256132284,-2.412465848857844
1440170874013575,51.761857396,-1.2599458019,111.446144,5735984.261173362,620084.1983439518,-111.446144,30U,-4.623,5.034,0.187,0.047961955389271664,-0.04119587621215734,-2.381474815886653
1440170874119288,51.7618531487,-1.2599385859,111.42749,5735983.8007282885,620084.7075673658,-111.42749,30U,-4.832,4.927,0.174,0.0479592366637159,-0.03992207762838319,-2.350283701878126
1440170874210716,51.7618487149,-1.2599315307,111.4114,5735983.319278508,620085.2061894558,-111.4114,30U,-5.031,4.824,0.141,0.0476257759505121,-0.04212777999030226,-2.3196046489541904
1440170874302144,51.7618441007,-1.2599246342,111.395241,5735982.817505836,620085.6943389552,-111.395241,30U,-5.232,4.708,0.16,0.046674519539251384,-0.04562660385488076,-2.2889133160681703
1440170874406905,51.7618393136,-1.2599178991,111.379822,5735982.296239863,620086.1718096436,-111.379822,30U,-5.419,4.599,0.159,0.05042712583464016,-0.04921722069871001,-2.2578729484335187
1440170874513571,51.761834362,-1.2599113355,111.362427,5735981.756398098,620086.6378822651,-111.362427,30U,-5.607,4.473,0.189,0.051957300000086006,-0.04971939999960302,-2.226841407173241
1440170874620237,51.7618292333,-1.2599049616,111.339691,5735981.196549363,620087.0913343321,-111.339691,30U,-5.801,4.334,0.248,0.05474284642002011,-0.04554360165226801,-2.195841169195949
1440170874724998,51.7618239327,-1.2598987926,111.312706,5735980.6172469035,620087.5311031393,-111.312706,30U,-5.99,4.193,0.283,0.05745049727176526,-0.039871851246536985,-2.165258993983551
1440170874816427,51.7618184696,-1.2598928274,111.286674,5735980.019537867,620087.9572396524,-111.286674,30U,-6.168,4.046,0.232,0.06100540251838109,-0.035269963546592245,-2.135364408927615
1440170874907855,51.7618128509,-1.25988708,111.268616,5735979.404166518,620088.3687594641,-111.268616,30U,-6.335,3.898,0.138,0.06665394923770976,-0.03412381774566103,-2.1067771798870187
1440170875013568,51.7618070845,-1.2598815432,111.256157,5735978.772023237,620088.7661384598,-111.256157,30U,-6.491,3.761,0.1,0.06975790650491812,-0.034868099580421,-2.0790544852226183
1440170875119281,51.7618011757,-1.2598762196,111.245804,5735978.123693139,620089.1491831549,-111.245804,30U,-6.653,3.598,0.116,0.0713625971414947,-0.036407891922016704,-2.051999814282221
1440170875210710,51.761795132,-1.2598711171,111.232941,5735977.459997257,620089.5173284897,-111.232941,30U,-6.796,3.452,0.143,0.07159468452581878,-0.03544037639694487,-2.0254844472008964
1440170875302138,51.7617889584,-1.2598662368,111.218147,5735976.781489809,620089.870485286,-111.218147,30U,-6.943,3.291,0.154,0.06945070768417459,-0.03323464125425179,-1.9997474499293384
1440170875406899,51.7617826567,-1.2598615855,111.200455,5735976.088359768,620090.2081795176,-111.200455,30U,-7.077,3.142,0.171,0.06815174018373232,-0.02993078314797054,-1.975281331047407
1440170875513565,51.7617762422,-1.2598571507,111.185844,5735975.382329168,620090.5312331654,-111.185844,30U,-7.207,2.995,0.122,0.06516080000006885,-0.028640499999224477,-1.9531017071763355
1440170875620231,51.7617697094,-1.2598529227,111.175056,5735974.662802345,620090.8403301884,-111.175056,30U,-7.332,2.845,0.112,0.06038410637226841,-0.028600573355073003,-1.9349072426824547
1440170875724993,51.7617630749,-1.2598488805,111.166008,5735973.931659902,620091.1368756781,-111.166008,30U,-7.433,2.743,0.103,0.05553048271685583,-0.028924754341139506,-1.9215989330917649
1440170875816421,51.7617563562,-1.259844962,111.155022,5735973.1909502065,620091.4251085235,-111.155022,30U,-7.511,2.688,0.116,0.05171161285140543,-0.026959467374857996,-1.9126468937031942
1440170875907849,51.7617495763,-1.2598410842,111.143547,5735972.443367681,620091.7106952677,-111.143547,30U,-7.577,2.673,0.126,0.05116385297857162,-0.023309048995398755,-1.9048269964296487
1440170876013562,51.7617427415,-1.2598372334,111.131691,5735971.689635479,620091.9945645877,-111.131691,30U,-7.636,2.65,0.107,0.05296132454759853,-0.019055931942608514,-1.8976825149429006
1440170876119275,51.761735851,-1.259833421,111.123131,5735970.929645867,620092.2759319269,-111.123131,30U,-7.695,2.618,0.063,0.057083009153461664,-0.014905871676028016,-1.8918509746298187
1440170876210704,51.7617289079,-1.2598296585,111.119919,5735970.163724647,620092.5539954782,-111.119919,30U,-7.754,2.581,0.018,0.06234652533498323,-0.012717061971966561,-1.8874192574744215
1440170876302132,51.7617219155,-1.2598259296,111.119438,5735969.392265637,620092.8298712985,-111.119438,30U,-7.803,2.568,-0.026,0.0627023561758106,-0.011749396591179819,-1.8846058210508327
1440170876406893,51.7617148772,-1.2598222332,111.123085,5735968.615648754,620093.1036262712,-111.123085,30U,-7.856,2.546,-0.034,0.06008071016319805,-0.01384558327055953,-1.8825670447396854
1440170876513559,51.7617078013,-1.2598185393,111.127579,5735967.83484641,620093.3773085835,-111.127579,30U,-7.891,2.573,-0.038,0.059950200000607586,-0.01645470000080432,-1.881132907169723
1440170876620225,51.7617006872,-1.2598147955,111.131264,5735967.049878167,620093.6545357966,-111.131264,30U,-7.946,2.585,-0.004,0.05874463724036574,-0.01949463241607464,-1.8789332702842307
1440170876724987,51.761693519,-1.2598110871,111.128922,5735966.258835382,620093.9294638033,-111.128922,30U,-8.009,2.55,0.032,0.05697612161039924,-0.019076725465449546,-1.8776575974751486
1440170876816414,51.7616863008,-1.2598073796,111.125557,5735965.462230812,620094.2044624692,-111.125557,30U,-8.062,2.575,0.075,0.05651691898808406,-0.01833290883772971,-1.8763835317826951
1440170876907842,51.7616790361,-1.2598036618,111.119316,5735964.66047212,620094.4802953845,-111.119316,30U,-8.112,2.566,0.056,0.055387450282885206,-0.01695900426275092,-1.8750761804448381
1440170877013556,51.7616717222,-1.2597999495,111.116257,5735963.853233035,620094.7558794047,-111.116257,30U,-8.166,2.569,0.013,0.052951549384318446,-0.01717279480725696,-1.873646723655943
1440170877120222,51.7616643608,-1.2597962159,111.114632,5735963.040746738,620095.0330594089,-111.114632,30U,-8.216,2.586,0.018,0.05342044301013719,-0.018284871807369187,-1.8719540256453007
1440170877226888,51.7616569524,-1.2597924635,111.113098,5735962.223064714,620095.3116615529,-111.113098,30U,-8.272,2.593,0.02,0.052311317257070326,-0.019277406740714764,-1.8703741665567384
1440170877328554,51.761649492,-1.2597887253,111.109726,5735961.399576592,620095.5894218736,-111.109726,30U,-8.329,2.582,0.039,0.052169410307394505,-0.018961878966179953,-1.869258252600364
1440170877408554,51.7616419851,-1.2597849742,111.105362,5735960.570938634,620095.8681958676,-111.105362,30U,-8.378,2.602,0.046,0.052368407153181314,-0.01748329756769044,-1.8682164172242284
1440170877488553,51.7616344381,-1.2597812007,111.100555,5735959.737878201,620096.1486221212,-111.100555,30U,-8.429,2.611,0.053,0.05540790000029821,-0.015789499999619285,-1.8671936071761233
1440170877586886,51.7616268403,-1.2597774198,111.096748,5735958.899180686,620096.4296939225,-111.096748,30U,-8.479,2.615,0.017,0.057390643325643156,-0.014183777602928731,-1.8667187243098593
1440170877693552,51.7616191987,-1.2597736214,111.096138,5735958.055641165,620096.7120896698,-111.096138,30U,-8.528,2.626,-0.008,0.056119476422619004,-0.015227437897075643,-1.8661173629304904
1440170877800218,51.7616115125,-1.2597698172,111.096756,5735957.207151408,620096.9950041022,-111.096756,30U,-8.575,2.637,-0.023,0.055015938814136627,-0.01661814946217105,-1.8656804569277665
1440170877906884,51.7616037851,-1.2597659873,111.098061,5735956.354122288,620097.2798014411,-111.098061,30U,-8.622,2.658,-0.007,0.0554140204493606,-0.01799013380321752,-1.865539712686768
1440170878013550,51.7615960136,-1.2597621409,111.095711,5735955.496216152,620097.5658545203,-111.095711,30U,-8.673,2.656,0.036,0.05210016304810739,-0.018216030080569757,-1.8663589437610095
1440170878120216,51.7615881965,-1.2597582853,111.09185,5735954.633254174,620097.8526635659,-111.09185,30U,-8.716,2.678,0.036,0.04925862793010055,-0.01766729310260751,-1.8682196192925402
1440170878226882,51.7615803441,-1.2597543739,111.087746,5735953.766458516,620098.1434169832,-111.087746,30U,-8.757,2.722,0.046,0.047223626907496825,-0.017074020299813395,-1.869805368151743
1440170878330691,51.7615724554,-1.2597504144,111.084724,5735952.895705294,620098.4375860721,-111.084724,30U,-8.799,2.748,0.014,0.04460760550812349,-0.017428582375286363,-1.871458415231387
1440170878422119,51.7615645298,-1.2597464155,111.082092,5735952.020913455,620098.7345720661,-111.082092,30U,-8.838,2.779,0.016,0.044304452442616556,-0.017417148178813822,-1.873676623048439
1440170878513547,51.7615565739,-1.2597423666,111.080467,5735951.142834423,620099.0350889271,-111.080467,30U,-8.88,2.814,0.028,0.04314069999930134,-0.016931700000320165,-1.877137607167779
1440170878620213,51.76154858,-1.2597382569,111.076813,5735950.260629687,620099.3399023716,-111.076813,30U,-8.91,2.862,0.043,0.04357622866497386,-0.015435331392918217,-1.8809258347099216
1440170878724975,51.761540561,-1.2597340693,111.074532,5735949.375761973,620099.6501581927,-111.074532,30U,-8.937,2.922,0.009,0.0431115528978186,-0.014377120246909526,-1.8846765366084959
1440170878816402,51.7615325189,-1.2597298127,111.073456,5735948.488439043,620099.9652369206,-111.073456,30U,-8.959,2.961,0.013,0.043150880042315966,-0.0143520876474373,-1.8885959145785387
1440170878907830,51.7615244622,-1.2597254944,111.074394,5735947.599594125,620100.2846122475,-111.074394,30U,-8.972,3.011,-0.02,0.043391119175407035,-0.014702169422577826,-1.8932294785906902
1440170878999258,51.7615163943,-1.2597211029,111.074738,5735946.70962426,620100.6090687384,-111.074738,30U,-8.985,3.055,0.003,0.04292964377137727,-0.014151526120957396,-1.8979495556940704
1440170879090686,51.7615083146,-1.2597166412,111.075134,5735945.818457785,620100.9384009641,-111.075134,30U,-8.994,3.108,-0.005,0.04239161489626682,-0.014057104195887593,-1.9028267331471878
1440170879193543,51.7615002287,-1.2597120935,111.075493,5735944.926743477,620101.2736843849,-111.075493,30U,-9.002,3.168,-0.012,0.04285864468846801,-0.014838500656158765,-1.9073289513767366
1440170879300209,51.7614921327,-1.2597074716,111.076988,5735944.0340281995,620101.6141150647,-111.076988,30U,-9.019,3.215,-0.014,0.04239532200352332,-0.016345574640208218,-1.9117671716638336
1440170879406875,51.7614840221,-1.2597027855,111.077469,5735943.1397950575,620101.9590148765,-111.077469,30U,-9.032,3.266,0.01,0.043659336493167604,-0.01813895539657856,-1.9158258661082803
1440170879513541,51.7614759018,-1.2596980286,111.075935,5735942.244599829,620102.308826268,-111.075935,30U,-9.049,3.304,0.025,0.04190960000032332,-0.019096400000111258,-1.9194366071743436
1440170879620207,51.7614677622,-1.2596932103,111.072495,5735941.347359459,620102.6629260484,-111.072495,30U,-9.066,3.348,0.042,0.04071830721261607,-0.018589928035743025,-1.9227209751609424
1440170879726873,51.7614596066,-1.2596883347,111.067108,5735940.448434173,620103.0210225326,-111.067108,30U,-9.083,3.384,0.043,0.038015541148238824,-0.016854874640103275,-1.925962862968012
1440170879833539,51.7614514352,-1.2596834146,111.063362,5735939.547825138,620103.3822318976,-111.063362,30U,-9.101,3.418,0.031,0.03603206661371309,-0.015555864752594791,-1.929277883421772
1440170879936395,51.7614432522,-1.2596784328,111.061852,5735938.646027742,620103.7477299271,-111.061852,30U,-9.112,3.465,-0.002,0.03574049580095915,-0.015771786611152895,-1.9327044733672876
1440170880027823,51.7614350587,-1.2596733816,111.061485,5735937.743176996,620104.1180450612,-111.061485,30U,-9.125,3.506,-0.003,0.036038463728877854,-0.016472622973643283,-1.9359487323786788
1440170880119251,51.7614268499,-1.2596682749,111.061821,5735936.838716218,620104.4922308382,-111.061821,30U,-9.142,3.548,0.013,0.036689631183393086,-0.017313611985565146,-1.9392615873500765
1440170880210680,51.7614186299,-1.2596631024,111.059273,5735935.93311832,620104.8709871563,-111.059273,30U,-9.152,3.594,0.029,0.037575602569617256,-0.01592514998755994,-1.941967060498663
1440170880302107,51.7614103968,-1.259657876,111.056366,5735935.026152412,620105.2534978715,-111.056366,30U,-9.168,3.631,0.029,0.0388269781545088,-0.014325682664158304,-1.9445928094155733
1440170880406869,51.7614021515,-1.2596525955,111.054497,5735934.1179189095,620105.6397743988,-111.054497,30U,-9.184,3.659,-0.003,0.03994778688153445,-0.013133052886176182,-1.9469768508434209
1440170880513535,51.7613938932,-1.2596472746,111.055519,5735933.208306285,620106.0288734615,-111.055519,30U,-9.199,3.692,-0.021,0.039516599999883606,-0.012940000000012475,-1.9496161071775713
1440170880604963,51.7613856186,-1.2596419035,111.057846,5735932.2969637,620106.4214800928,-111.057846,30U,-9.215,3.722,-0.031,0.03938260836620233,-0.013272069970291102,-1.9519619890582658
1440170880696391,51.761377331,-1.2596364859,111.060204,5735931.3842520425,620106.8173302088,-111.060204,30U,-9.228,3.76,-0.025,0.0395377876215604,-0.013497101915219191,-1.954284048119695
1440170880800199,51.7613690307,-1.2596310236,111.06218,5735930.470201709,620107.2162988017,-111.06218,30U,-9.245,3.785,-0.013,0.03976618982345403,-0.01319576252256711,-1.9566725728271517
1440170880906866,51.7613607159,-1.2596255214,111.063034,5735929.554604627,620107.6180594149,-111.063034,30U,-9.26,3.817,-0.008,0.040086669072642134,-0.012048906552399244,-1.9593261443518275
1440170881013532,51.7613523915,-1.2596199661,111.064911,5735928.638027444,620108.0235099458,-111.064911,30U,-9.27,3.857,-0.021,0.04022063842195952,-0.01184309569861188,-1.9618152073545818
1440170881120198,51.7613440545,-1.2596143591,111.067612,5735927.720134237,620108.4325617473,-111.067612,30U,-9.282,3.889,-0.033,0.040623821663313714,-0.011758914712839645,-1.964049913123281
1440170881226864,51.7613357063,-1.2596086945,111.071182,5735926.801090413,620108.8456182514,-111.071182,30U,-9.298,3.931,-0.033,0.04357315019738866,-0.012015896511937744,-1.9651124493260756
1440170881333530,51.76132734,-1.2596029887,111.07473,5735925.880101638,620109.2615660478,-111.07473,30U,-9.322,3.945,-0.036,0.04354288098533258,-0.013696109466855637,-1.9657284677012503
1440170881440196,51.7613189472,-1.2595972759,111.078545,5735924.956177458,620109.6780673725,-111.078545,30U,-9.354,3.951,-0.042,0.04310869656701395,-0.01701102313090018,-1.9666515604394845
1440170881538528,51.761310529,-1.2595915413,111.080132,5735924.029464573,620110.0961406191,-111.080132,30U,-9.38,3.975,0.005,0.041384099999173585,-0.01971410000001996,-1.9675803071718307
1440170881618528,51.7613020847,-1.259585775,111.077583,5735923.099901442,620110.5164708231,-111.077583,30U,-9.408,3.993,0.048,0.0410276932328543,-0.02036424849117531,-1.9686056762042319
1440170881698527,51.7612936159,-1.2595799774,111.070343,5735922.167665341,620110.9390261362,-111.070343,30U,-9.437,4.011,0.078,0.038810858483778264,-0.01800606577425897,-1.9702360235490772
1440170881800193,51.7612851251,-1.2595741516,111.063866,5735921.233029176,620111.3635860023,-111.063866,30U,-9.457,4.042,0.06,0.038151768869832486,-0.01584585171744979,-1.9727522871591583
1440170881906860,51.7612766219,-1.2595682637,111.05912,5735920.297116362,620111.7924643041,-111.05912,30U,-9.467,4.086,0.021,0.036106403834293664,-0.013277870968249846,-1.9754548997305545
1440170882013526,51.7612681057,-1.2595623266,111.058876,5735919.359838932,620112.2247724382,-111.058876,30U,-9.483,4.119,-0.005,0.034520126356748435,-0.01238476367771519,-1.978507689508204
1440170882119239,51.7612595837,-1.2595563289,111.061722,5735918.422016346,620112.6612779842,-111.061722,30U,-9.48,4.164,-0.043,0.035182698085811516,-0.013974950301831135,-1.9818350937013258
1440170882210668,51.7612510674,-1.2595502753,111.066391,5735917.484919739,620113.1016260879,-111.066391,30U,-9.472,4.192,-0.039,0.03431486551205891,-0.016551790427835337,-1.9856883716369125
1440170882302096,51.761242567,-1.2595441843,111.06897,5735916.549652944,620113.5445130357,-111.06897,30U,-9.441,4.224,-0.006,0.03496798442095613,-0.01791565145501898,-1.989939663461023
1440170882406857,51.7612341022,-1.2595380386,111.067871,5735915.6184352245,620113.9910803759,-111.067871,30U,-9.401,4.26,0.022,0.03469175166289781,-0.01759587376361299,-1.9941230060917878
1440170882513522,51.7612256673,-1.2595318513,111.065491,5735914.690611127,620114.4404392383,-111.065491,30U,-9.37,4.294,0.022,0.0351682999991285,-0.016420299999325157,-1.998275907178432
1440170882620188,51.7612172565,-1.2595256023,111.063583,5735913.765568758,620114.8939920722,-111.063583,30U,-9.35,4.337,0.016,0.03591059944878149,-0.015750202281373114,-2.002363749092626
1440170882724950,51.7612088614,-1.2595192918,111.063416,5735912.842373662,620115.3517473728,-111.063416,30U,-9.336,4.374,-0.003,0.035534634854476915,-0.01580883897204302,-2.0062507020914793
1440170882816378,51.7612004742,-1.2595129307,111.064148,5735911.92014047,620115.8129736611,-111.064148,30U,-9.328,4.415,-0.003,0.035716504222317896,-0.015698497455552154,-2.0101617285039715
1440170882907806,51.7611920964,-1.2595065053,111.063408,5735910.999058564,620116.2786123618,-111.063408,30U,-9.32,4.453,0.009,0.03512324595462579,-0.015140027858455668,-2.01350308918755
1440170883013519,51.7611837185,-1.2595000301,111.062683,5735910.078047598,620116.7476880796,-111.062683,30U,-9.325,4.491,0.012,0.03406782050943759,-0.013786474691729096,-2.016560805558439
1440170883119234,51.7611753367,-1.2594935001,111.062271,5735909.156693228,620117.2205559415,-111.062271,30U,-9.328,4.527,0.002,0.033394719222959855,-0.012638513479595105,-2.019331709669513
1440170883210662,51.7611669492,-1.2594869195,111.063858,5735908.234788363,620117.6969308936,-111.063858,30U,-9.338,4.559,-0.031,0.03140168966702325,-0.0127407291375331,-2.022151256612986
1440170883302090,51.7611585517,-1.25948029,111.067223,5735907.3118520165,620118.176707038,-111.067223,30U,-9.351,4.599,-0.033,0.03115897516312468,-0.014499880906765706,-2.02504471580682
1440170883406850,51.7611501422,-1.2594735951,111.069923,5735906.387688956,620118.6610283159,-111.069923,30U,-9.365,4.646,-0.009,0.03092262393245667,-0.016257946828130827,-2.0278123544068634
1440170883513516,51.7611417166,-1.2594668438,111.069794,5735905.461828411,620119.1492845408,-111.069794,30U,-9.39,4.683,0.018,0.029522100000642846,-0.015954599999661,-2.030521507163299
1440170883620182,51.7611332678,-1.2594600311,111.066483,5735904.533489055,620119.6418395988,-111.066483,30U,-9.411,4.724,0.036,0.029030939654468055,-0.013746999082544242,-2.0331649585533866
1440170883724944,51.7611248024,-1.2594531524,111.064178,5735903.603412423,620120.1389934135,-111.064178,30U,-9.426,4.78,0.004,0.03071814219750925,-0.012068722711803112,-2.0360083973438967
1440170883816372,51.7611163202,-1.2594462066,111.064804,5735902.671578092,620120.6408224266,-111.064804,30U,-9.448,4.813,-0.012,0.030063797666051405,-0.01230318958901756,-2.0388670342520934
1440170883907800,51.7611078184,-1.2594392054,111.06752,5735901.73765541,620121.1465266794,-111.06752,30U,-9.468,4.86,-0.032,0.030437711065643223,-0.01248714232846137,-2.0418272939682782
1440170884013514,51.7610993024,-1.2594321251,111.069748,5735900.802283932,620121.6577273316,-111.069748,30U,-9.487,4.91,-0.012,0.03130207836321515,-0.012526185523597393,-2.0445329872377904
1440170884119227,51.7610907662,-1.2594249838,111.071808,5735899.864766609,620122.1731912671,-111.071808,30U,-9.508,4.952,-0.02,0.03208467542675213,-0.01340841686296609,-2.047395905543362
1440170884210655,51.7610822122,-1.2594177771,111.073517,5735898.925377583,620122.6932157548,-111.073517,30U,-9.531,4.997,-0.011,0.03168391038620045,-0.014793163519251378,-2.050113515851194
1440170884302083,51.7610736367,-1.2594105094,111.074104,5735897.983698145,620123.217506982,-111.074104,30U,-9.555,5.041,0.01,0.03137636997136105,-0.015507541463802328,-2.052931221856278
1440170884406844,51.7610650436,-1.2594031725,111.072845,5735897.040175508,620123.7466204672,-111.072845,30U,-9.572,5.084,0.019,0.029888330340439667,-0.01631248972861247,-2.0556775862715497
1440170884513510,51.761056431,-1.2593957777,111.070847,5735896.094579769,620124.2797814644,-111.070847,30U,-9.592,5.133,0.027,0.02933849999922218,-0.015981899999997724,-2.059007607167006
1440170884620176,51.7610478025,-1.2593883121,111.067352,5735895.147332519,620124.8178706266,-111.067352,30U,-9.606,5.185,0.037,0.029188496433985103,-0.014265892525528326,-2.0638220784656647
1440170884724938,51.7610391656,-1.2593807636,111.06501,5735894.199287741,620125.3617030458,-111.06501,30U,-9.612,5.245,0.016,0.027918807947010425,-0.012921234329850775,-2.0697519156174993
1440170884816366,51.7610305325,-1.2593731023,111.065346,5735893.251851398,620125.9133096846,-111.065346,30U,-9.599,5.337,-0.021,0.0293888478367857,-0.012802253553990253,-2.075809152083245
1440170884907794,51.7610219096,-1.2593653095,111.068115,5735892.305766015,620126.4739640093,-111.068115,30U,-9.593,5.418,-0.02,0.03134729700971962,-0.014367966017672098,-2.0815709413948755
1440170885013508,51.7610132837,-1.25935742,111.069809,5735891.359506355,620127.0412995825,-111.069809,30U,-9.6,5.479,-0.014,0.0325408526360007,-0.015679709520225182,-2.0876934115310903
1440170885120174,51.7610046594,-1.2593494206,111.069542,5735890.413605707,620127.6162151034,-111.069542,30U,-9.593,5.561,0.023,0.033784773931874276,-0.01676811793930885,-2.093720786896865
1440170885226839,51.7609960365,-1.2593413147,111.066574,5735889.468036236,620128.1984764804,-111.066574,30U,-9.595,5.63,0.035,0.03351153561426966,-0.015192519066805724,-2.0995308621734217
1440170885328505,51.7609874165,-1.2593331017,111.06208,5735888.522965739,620128.7881211399,-111.06208,30U,-9.582,5.71,0.03,0.03496198877515255,-0.012854637686390696,-2.1048668516581306
1440170885408505,51.7609788033,-1.2593247842,111.060936,5735887.578823643,620129.3849593137,-111.060936,30U,-9.586,5.774,-0.016,0.03639914707895395,-0.011058031865249958,-2.1101389062591336
1440170885488504,51.7609701918,-1.2593163773,111.063103,5735886.635017925,620129.98796252,-111.063103,30U,-9.58,5.841,-0.028,0.0373353000007892,-0.010854499999567994,-2.1156711071767877
1440170885586837,51.7609615885,-1.2593078668,111.067566,5735885.692294818,620130.5980934233,-111.067566,30U,-9.564,5.912,-0.055,0.037290374953571494,-0.012131914713566054,-2.120869304610021
1440170885693503,51.7609529946,-1.2592992611,111.073418,5735884.750773935,620131.2147691738,-111.073418,30U,-9.556,5.977,-0.041,0.03906595418234823,-0.015078237528869672,-2.125516102197254
1440170885800169,51.7609444103,-1.2592905676,111.07592,5735883.810465331,620131.837478584,-111.07592,30U,-9.55,6.024,-0.008,0.0391142845536868,-0.016828202544654235,-2.129456959183909
1440170885906835,51.7609358261,-1.259281815,111.074295,5735882.870265275,620132.4642663387,-111.074295,30U,-9.549,6.061,0.019,0.037215026014492766,-0.01705805873671447,-2.133216478224065
1440170886013501,51.7609272459,-1.2592730007,111.071228,5735881.930611754,620133.0953015076,-111.071228,30U,-9.544,6.109,0.04,0.03619210062979461,-0.016892095331018445,-2.137019024569564
1440170886120167,51.7609186697,-1.2592641221,111.067513,5735880.991509049,620133.730763517,-111.067513,30U,-9.54,6.15,0.032,0.03361442918950505,-0.016016403777008886,-2.1408295366501293
1440170886226833,51.7609100991,-1.259255177,111.064468,5735880.053138723,620134.3707999368,-111.064468,30U,-9.53,6.202,0.026,0.032480630605175344,-0.015333667060056316,-2.144493681579898
1440170886330642,51.7609015396,-1.2592461546,111.063362,5735879.1161301965,620135.0161414626,-111.063362,30U,-9.52,6.249,0.009,0.032132911278039716,-0.015682663467294904,-2.1480944937994595
1440170886422070,51.7608929828,-1.2592370732,111.06263,5735878.179519197,620135.6655475394,-111.06263,30U,-9.519,6.291,0.008,0.031173125027336143,-0.016158446905999595,-2.1518619723089487
1440170886513498,51.7608844365,-1.2592279205,111.062248,5735877.244193394,620136.3198462696,-111.062248,30U,-9.501,6.354,0.016,0.03311709999977837,-0.01672919999947192,-2.155532307171083
1440170886620164,51.7608758965,-1.2592186972,111.060028,5735876.309684574,620136.9790004967,-111.060028,30U,-9.505,6.38,0.028,0.031575277393458306,-0.016816220796507443,-2.159179106180987
1440170886724926,51.7608673661,-1.259209419,111.058105,5735875.376333853,620137.6419180328,-111.058105,30U,-9.478,6.435,0.016,0.031902375163298774,-0.017315416024202515,-2.1628028690787864
1440170886816354,51.7608588541,-1.2592000731,111.055428,5735874.445140937,620138.309458827,-111.055428,30U,-9.468,6.46,0.033,0.030509881850911198,-0.01698847303888677,-2.166245689783494
1440170886907782,51.7608503504,-1.2591906914,111.053024,5735873.514930091,620138.9794483249,-111.053024,30U,-9.451,6.5,0.03,0.03288496510933738,-0.016599372827850987,-2.1704155311929374
1440170886999210,51.7608418724,-1.2591812408,111.050522,5735872.587690836,620139.6541245145,-111.050522,30U,-9.422,6.547,0.017,0.03412120160008671,-0.015386671229400179,-2.174845347230994
1440170887090637,51.7608334137,-1.2591717302,111.049171,5735871.662696791,620140.3328902129,-111.049171,30U,-9.393,6.594,-0.009,0.03584221387425404,-0.015407337451416231,-2.179373055383403
1440170887193494,51.7608249868,-1.259162136,111.050102,5735870.741376913,620141.0173408355,-111.050102,30U,-9.364,6.653,-0.014,0.03845756435859094,-0.01633208413346289,-2.183659063464398
1440170887300160,51.7608165812,-1.2591524755,111.04985,5735869.822535037,620141.7063104128,-111.04985,30U,-9.342,6.691,0.021,0.039668464778999026,-0.016389646446569164,-2.1880169370306874
1440170887406826,51.7608081945,-1.2591427586,111.048294,5735868.905887968,620142.3991221347,-111.048294,30U,-9.321,6.725,0.019,0.03769734703595107,-0.016253995086799717,-2.192426145372854
1440170887513492,51.7607998285,-1.2591329865,111.046928,5735867.991633892,620143.0956884149,-111.046928,30U,-9.294,6.77,0.013,0.036848900000006644,-0.016955099999611454,-2.1968783071754827
1440170887620158,51.7607914833,-1.2591231535,111.045036,5735867.079793329,620143.796402336,-111.045036,30U,-9.277,6.807,0.02,0.03373136328407427,-0.01651003398922272,-2.2013250166742484
1440170887726825,51.7607831574,-1.2591132654,111.041794,5735866.170189913,620144.5008676325,-111.041794,30U,-9.248,6.854,0.01,0.031852277892183985,-0.01497444104419767,-2.205770324638718
1440170887833490,51.7607748559,-1.2591033038,111.04113,5735865.263421112,620145.2103405223,-111.04113,30U,-9.229,6.898,0.002,0.029850695200149664,-0.01458337744596381,-2.2098075939797726
1440170887936346,51.7607665705,-1.2590932742,111.041054,5735864.35855485,620145.9244634961,-111.041054,30U,-9.209,6.952,-0.001,0.028780646541748896,-0.014129590301064884,-2.213573616343614
1440170888027774,51.7607583025,-1.2590831762,111.04097,5735863.455736364,620146.643260706,-111.04097,30U,-9.198,6.987,0.005,0.027511686415577667,-0.012664337477672698,-2.2170068977593087
1440170888119202,51.7607500442,-1.2590730214,111.0411,5735862.554090249,620147.3659520986,-111.0411,30U,-9.176,7.04,-0.015,0.030752281563735225,-0.011063114346062239,-2.220233044284775
1440170888210631,51.7607418024,-1.2590627947,111.044182,5735861.654397591,620148.0935616507,-111.044182,30U,-9.169,7.078,-0.052,0.0324065292675885,-0.012122205481843795,-2.2225665213425305
1440170888302059,51.7607335631,-1.2590525202,111.049309,5735860.755061799,620148.8244634268,-111.049309,30U,-9.168,7.11,-0.037,0.034153868004417116,-0.014805729661227606,-2.223660575783062
1440170888406820,51.76072532,-1.2590422056,111.051231,5735859.855369589,620149.5581427879,-111.051231,30U,-9.181,7.125,-0.007,0.03451838754804652,-0.015812444553496938,-2.2238906806025103
1440170888513486,51.7607170606,-1.259031877,111.049957,5735858.9538878845,620150.2928317982,-111.049957,30U,-9.201,7.137,0.035,0.03532600000036397,-0.015533799999994446,-2.2243786071694855
1440170888604914,51.76070878,-1.2590215406,111.047661,5735858.050061559,620151.0281156162,-111.047661,30U,-9.222,7.14,-0.003,0.03265715667369127,-0.015217223891699098,-2.2250732084880855
1440170888696342,51.7607004881,-1.2590111851,111.048454,5735857.145010175,620151.7647477556,-111.048454,30U,-9.22,7.176,0.001,0.0392840968536971,-0.01891909110953791,-2.2256807532548346
1440170888800151,51.7606921971,-1.2590007769,111.046547,5735856.240145803,620152.5050145165,-111.046547,30U,-9.244,7.18,0.037,0.03834133495990583,-0.01956679087408211,-2.226054296510235
1440170888906817,51.760683887,-1.258990345,111.037941,5735855.333196544,620153.2469677499,-111.037941,30U,-9.238,7.231,0.085,0.03985420075799151,-0.016641197046325107,-2.226468408460568
1440170889013483,51.7606755785,-1.2589798678,111.033401,5735854.426499952,620153.9920430856,-111.033401,30U,-9.262,7.236,0.031,0.045331207317058364,-0.016157574717848483,-2.2269154252254615
1440170889120149,51.7606672532,-1.2589693731,111.032158,5735853.517964034,620154.7383709378,-111.032158,30U,-9.277,7.251,0.025,0.04677659908245167,-0.01681045525840311,-2.2282628356570164
1440170889226815,51.7606589102,-1.2589588613,111.02935,5735852.607488045,620155.4859260928,-111.02935,30U,-9.284,7.272,0.042,0.046442641149378586,-0.016116037345982263,-2.2296587147545637
1440170889333481,51.7606505658,-1.2589483052,111.025963,5735851.696929459,620156.2365423125,-111.025963,30U,-9.286,7.301,0.035,0.047777596380811235,-0.013992349724763715,-2.2307005659782893
1440170889440147,51.7606422124,-1.2589377208,111.023178,5735850.785416752,620156.9891356373,-111.023178,30U,-9.302,7.313,0.019,0.04675921381937532,-0.011300489701028735,-2.232114235147089
1440170889538480,51.7606338528,-1.2589271084,111.024567,5735849.873260807,620157.7436779323,-111.024567,30U,-9.3,7.343,-0.056,0.046296300000497184,-0.011899899999516048,-2.233504307167696
1440170889618480,51.7606254942,-1.2589164456,111.031616,5735848.961299216,620158.5016958765,-111.031616,30U,-9.299,7.375,-0.068,0.04874813168153618,-0.018524367583787886,-2.2345969271919284
1440170889698479,51.7606171267,-1.2589057487,111.036049,5735848.048404181,620159.262090915,-111.036049,30U,-9.318,7.397,0.004,0.051848248020112966,-0.02538353860545565,-2.236008467966612
1440170889800145,51.7606087484,-1.2588950124,111.02739,5735847.134373147,620160.025233841,-111.02739,30U,-9.333,7.422,0.163,0.0512138167058187,-0.024632903278290232,-2.2365921941203397
1440170889906810,51.7606003535,-1.2588842486,111.01046,5735846.218541509,620160.7903188528,-111.01046,30U,-9.34,7.454,0.187,0.05278391896927527,-0.020063346799174358,-2.237000266777675
1440170890013477,51.7605919511,-1.2588734616,110.99794,5735845.301914159,620161.5570250518,-110.99794,30U,-9.371,7.446,0.081,0.05145379693153254,-0.016597724442912295,-2.237552488429407
1440170890119190,51.7605835292,-1.2588626604,110.991577,5735844.383141799,620162.3247632225,-110.991577,30U,-9.373,7.472,0.046,0.05290110739496843,-0.014801098112407516,-2.2383926432961196
1440170890210619,51.7605751067,-1.2588518258,110.990318,5735843.464357859,620163.0948081533,-110.990318,30U,-9.39,7.478,-0.003,0.043419671990534134,-0.01246582397115163,-2.2392115515542623
1440170890302047,51.7605666675,-1.2588409846,110.992294,5735842.543727762,620163.865353157,-110.992294,30U,-9.394,7.498,-0.061,0.03741130566537756,-0.011001333594843175,-2.2399187717255273
1440170890406808,51.7605582343,-1.2588301106,111.00042,5735841.623819062,620164.6381459925,-111.00042,30U,-9.392,7.5,-0.104,0.032341890688072285,-0.0145823901516032,-2.240751286535612
1440170890513474,51.7605497957,-1.2588192422,111.00843,5735840.703300736,620165.4105669938,-111.00843,30U,-9.392,7.512,-0.017,0.02964270000048092,-0.019085299999283892,-2.2424695071765854
1440170890620140,51.7605413653,-1.2588083407,111.006737,5735839.783748955,620166.1852506907,-111.006737,30U,-9.371,7.531,0.045,0.03186358463075191,-0.020189858012768108,-2.243853309014588
1440170890724901,51.7605329528,-1.2587974028,110.999611,5735838.86624786,620166.9623990569,-110.999611,30U,-9.354,7.56,0.09,0.034215478442917106,-0.017889179334159646,-2.244893437336542
1440170890816329,51.7605245466,-1.2587864417,110.991348,5735837.949485706,620167.7411319774,-110.991348,30U,-9.35,7.58,0.088,0.03813602919044137,-0.014884781721230837,-2.245767479795264
1440170890907757,51.760516157,-1.2587754564,110.988472,5735837.034609572,620168.5214911122,-110.988472,30U,-9.332,7.59,-0.009,0.041302628096013,-0.0138926200981043,-2.2465532331506175
1440170891013471,51.7605077684,-1.2587644666,110.991714,5735836.119852174,620169.3021584093,-110.991714,30U,-9.335,7.596,-0.024,0.043783061656875025,-0.0149424698917748,-2.2476571615994057
1440170891119184,51.7604993872,-1.2587534559,110.995705,5735835.205952261,620170.0842486208,-110.995705,30U,-9.325,7.61,-0.033,0.04610250222875268,-0.017446601678082724,-2.2484418514034727
1440170891210613,51.7604910056,-1.2587424299,110.999435,5735834.292033195,620170.8673960078,-110.999435,30U,-9.331,7.615,-0.009,0.045156762286640055,-0.022785217335282375,-2.249081969703838
1440170891302041,51.760482618,-1.2587313939,110.99691,5735833.377463482,620171.6512496936,-110.99691,30U,-9.339,7.625,0.071,0.04305870338384509,-0.02707034392901238,-2.2497076432578877
1440170891406802,51.7604742207,-1.2587203516,110.983742,5735832.461825571,620172.4355641716,-110.983742,30U,-9.349,7.621,0.165,0.04085931717301211,-0.025863478872150535,-2.2506273183272874
1440170891513468,51.7604658183,-1.2587092962,110.965111,5735831.545642215,620173.2207964886,-110.965111,30U,-9.347,7.643,0.189,0.039832199999633514,-0.020203899999923836,-2.252081307167442
1440170891620134,51.7604574216,-1.2586982109,110.951103,5735830.630142121,620174.0080773158,-110.951103,30U,-9.341,7.666,0.085,0.03876911384708205,-0.015621845973761993,-2.2538053151282282
1440170891724895,51.7604490364,-1.258687087,110.9478,5735829.715984623,620174.7979916326,-110.9478,30U,-9.319,7.698,-0.002,0.03963588124813749,-0.015990671571032643,-2.2552132086534677
1440170891816323,51.7604406658,-1.258675921,110.949783,5735828.8035202315,620175.5907727384,-110.949783,30U,-9.319,7.714,-0.027,0.043082461500264284,-0.016353513113231282,-2.255882555563937
1440170891907751,51.7604322977,-1.2586647292,110.950256,5735827.891376493,620176.3853279187,-110.950256,30U,-9.309,7.735,-0.001,0.0462956495180303,-0.017630233945405274,-2.2565242506122014
1440170892013465,51.7604239234,-1.2586535376,110.952293,5735826.9785430655,620177.1798860434,-110.952293,30U,-9.326,7.73,0.004,0.04458777980525927,-0.021499007814681063,-2.2575431759762705
1440170892119178,51.7604155518,-1.2586423286,110.94783,5735826.0660386905,620177.9756380377,-110.94783,30U,-9.31,7.74,0.048,0.04364397422028329,-0.022887190322641172,-2.258108826871946
1440170892210607,51.7604071866,-1.2586311279,110.939255,5735825.1542324815,620178.7708005441,-110.939255,30U,-9.3,7.724,0.112,0.04275753228456613,-0.02219488027751921,-2.2590085843311885
1440170892302035,51.7603988485,-1.2586199547,110.929115,5735824.24539477,620179.5639936214,-110.929115,30U,-9.256,7.71,0.083,0.04381099973736897,-0.019614416680436262,-2.260225745553056
1440170892406796,51.7603905537,-1.2586087902,110.921959,5735823.341358079,620180.3564716189,-110.921959,30U,-9.207,7.702,0.053,0.04508254595454479,-0.01709001836821895,-2.2613399214582013
1440170892513461,51.7603822967,-1.2585976448,110.921165,5735822.441493633,620181.1475314436,-110.921165,30U,-9.167,7.686,-0.021,0.043902400000084725,-0.018335100000867154,-2.2623574071699837
1440170892620127,51.760374079,-1.2585865259,110.924721,5735821.545956047,620181.9366584434,-110.924721,30U,-9.123,7.664,-0.025,0.043495797901326634,-0.022010715840109107,-2.2632423515311726
1440170892724889,51.7603658988,-1.2585754436,110.924309,5735820.654528509,620182.7231604041,-110.924309,30U,-9.081,7.636,0.033,0.043024107369673624,-0.023808147442841474,-2.264411757926711
1440170892816317,51.7603577558,-1.2585644063,110.918686,5735819.767163808,620183.5064584416,-110.918686,30U,-9.039,7.606,0.077,0.040879650274505804,-0.023798891764595945,-2.266080680538684
1440170892907745,51.7603496608,-1.2585534082,110.910393,5735818.885072531,620184.2869241264,-110.910393,30U,-8.975,7.582,0.077,0.04002614368090349,-0.022406517796077295,-2.268079471286856
1440170893013459,51.7603416244,-1.2585424338,110.902344,5735818.009459007,620185.0655989464,-110.902344,30U,-8.91,7.566,0.081,0.04127735984742116,-0.019171293600241446,-2.270082288893583
1440170893120125,51.7603336505,-1.2585314819,110.89695,5735817.140758914,620185.8425553502,-110.89695,30U,-8.833,7.56,0.015,0.046407144007751686,-0.016083860450656504,-2.2723053664235944
1440170893226791,51.7603257424,-1.2585205496,110.898323,5735816.279344019,620186.6179846991,-110.898323,30U,-8.768,7.537,-0.042,0.04791439040066063,-0.016453644532137802,-2.2746330277650295
1440170893328457,51.7603178928,-1.258509648,110.903435,5735815.424384216,620187.3911403727,-110.903435,30U,-8.7,7.522,-0.047,0.04918293999397587,-0.01900753189074489,-2.276865556060954
1440170893408456,51.7603100999,-1.2584987778,110.906136,5735814.57567818,620188.1619788405,-110.906136,30U,-8.647,7.491,-0.008,0.0487329061220375,-0.020373070423685795,-2.2787382806300562
1440170893488455,51.7603023567,-1.2584879489,110.9049,5735813.732431151,620188.9298354993,-110.9049,30U,-8.585,7.46,0.016,0.047629300000655336,-0.021049400000302376,-2.2802937071685787
1440170893586788,51.7602946613,-1.2584771678,110.902802,5735812.894421125,620189.6942668288,-110.902802,30U,-8.536,7.43,0.022,0.04626182601625636,-0.02227775200629839,-2.2817687863754283
1440170893693454,51.760287017,-1.258466423,110.898979,5735812.062034034,620190.4560576684,-110.898979,30U,-8.476,7.407,0.048,0.04533872646251133,-0.022860844741643266,-2.282865241237094
1440170893800120,51.7602794217,-1.2584557163,110.89312,5735811.235033375,620191.215089375,-110.89312,30U,-8.423,7.382,0.062,0.047119691187438424,-0.02198795819528638,-2.283849069879954
1440170893906786,51.7602718787,-1.2584450486,110.886909,5735810.4137846455,620191.9712910723,-110.886909,30U,-8.369,7.345,0.068,0.04818024582717633,-0.02054179790382755,-2.284855111555098
1440170894013453,51.7602643814,-1.2584344309,110.882164,5735809.597535755,620192.7239211826,-110.882164,30U,-8.317,7.317,0.033,0.04876707642247913,-0.018617589378576105,-2.2858085229139142
1440170894120119,51.7602569309,-1.2584238504,110.879768,5735808.7864301205,620193.4738600997,-110.879768,30U,-8.267,7.291,0.005,0.04943026475193234,-0.018219831025453492,-2.286618451453055
1440170894226785,51.7602495183,-1.2584133085,110.880783,5735807.979475702,620194.2210348422,-110.880783,30U,-8.226,7.264,-0.016,0.05036824893779596,-0.020846016391613726,-2.2875098168805623
1440170894330594,51.7602421394,-1.2584028043,110.881264,5735807.176206912,620194.9655186712,-110.881264,30U,-8.195,7.242,0.012,0.049743309598383974,-0.02386460713372083,-2.2886363006032466
1440170894422022,51.7602347906,-1.2583923316,110.877838,5735806.376233625,620195.7077490014,-110.877838,30U,-8.162,7.219,0.066,0.04767741310293664,-0.02597744962454267,-2.2898637652890863
1440170894513449,51.760227474,-1.2583818891,110.8694,5735805.579791518,620196.4478099659,-110.8694,30U,-8.12,7.201,0.096,0.04624190000059339,-0.02655770000044355,-2.291628107163114
1440170894620115,51.7602201948,-1.2583714657,110.859558,5735804.787477153,620197.1864537547,-110.859558,30U,-8.08,7.19,0.114,0.044289434015302845,-0.025934211827255447,-2.293818817597054
1440170894724877,51.7602129531,-1.2583610559,110.847054,5735803.999310717,620197.9240596493,-110.847054,30U,-8.028,7.188,0.113,0.044829792341223355,-0.02378673220579562,-2.296023772378604
1440170894816305,51.7602057629,-1.2583506429,110.838051,5735803.216876786,620198.6617498251,-110.838051,30U,-7.979,7.185,0.077,0.04545306123822555,-0.023276391633619203,-2.2976155946868975
1440170894907733,51.760198609,-1.2583402476,110.831116,5735802.438450579,620199.3981223516,-110.831116,30U,-7.941,7.168,0.063,0.045741264731403095,-0.02351151703054175,-2.2991266841900995
1440170894999161,51.7601914911,-1.2583298748,110.824364,5735801.66399082,620200.1328467799,-110.824364,30U,-7.905,7.153,0.065,0.04632181114656103,-0.022249553501736092,-2.300619692745476
1440170895090589,51.7601844021,-1.2583195199,110.81723,5735800.892715527,620200.8662594073,-110.81723,30U,-7.869,7.144,0.071,0.046328703200449746,-0.020521576972899552,-2.3022591130448116
1440170895193445,51.7601773427,-1.25830918,110.811203,5735800.124707321,620201.5985584991,-110.811203,30U,-7.837,7.135,0.038,0.04628376485731381,-0.020231308758707565,-2.3039571356361233
1440170895300111,51.7601703149,-1.2582988482,110.808266,5735799.360199992,620202.3302149068,-110.808266,30U,-7.804,7.13,0.03,0.04543501980116362,-0.021394582192918926,-2.3056628846254994
1440170895406777,51.7601633131,-1.2582885261,110.804573,5735798.598568142,620203.0611330871,-110.804573,30U,-7.778,7.123,0.045,0.04301502371107917,-0.022519369579488736,-2.307414316683023
1440170895513443,51.7601563386,-1.2582782145,110.799614,5735797.839955022,620203.7912543791,-110.799614,30U,-7.744,7.119,0.055,0.04158800000017335,-0.023969300000298028,-2.309003607164344
1440170895620109,51.7601493939,-1.2582679065,110.793167,5735797.08465002,620204.521048305,-110.793167,30U,-7.709,7.114,0.08,0.040192266089585045,-0.024541813900602158,-2.310660443737766
1440170895726776,51.7601424805,-1.258257621,110.784424,5735796.332788794,620205.2492066014,-110.784424,30U,-7.676,7.091,0.09,0.03826273189108867,-0.022743857906714706,-2.3126340461734247
1440170895833442,51.7601356057,-1.2582473619,110.77562,5735795.585176724,620205.9754407399,-110.77562,30U,-7.621,7.078,0.076,0.0362125435090076,-0.020886338316188857,-2.315234789234543
1440170895936298,51.7601287844,-1.2582371238,110.770248,5735794.84347968,620206.7000837955,-110.770248,30U,-7.559,7.063,0.033,0.03479655743482432,-0.021169179264295686,-2.3183878891929575
1440170896027726,51.7601220223,-1.2582269016,110.767601,5735794.108339944,620207.4234725715,-110.767601,30U,-7.492,7.051,0.033,0.033975786650315455,-0.02143854230344373,-2.3219524489866394
1440170896119154,51.7601153186,-1.2582167018,110.763123,5735793.3796578385,620208.1451606296,-110.763123,30U,-7.428,7.032,0.055,0.032443342565495,-0.019155083556362244,-2.3260802697791982
1440170896210582,51.7601086809,-1.2582065167,110.758888,5735792.658291221,620208.8656591529,-110.758888,30U,-7.342,7.033,0.036,0.032914049488922785,-0.01669425009186934,-2.3306596819667935
1440170896302010,51.7601021177,-1.2581963377,110.757355,5735791.94519952,620209.5855390424,-110.757355,30U,-7.268,7.019,-0.013,0.03378137028501482,-0.015769522789958693,-2.335441025188374
1440170896406771,51.760095624,-1.2581861721,110.759415,5735791.239814671,620210.3043098057,-110.759415,30U,-7.184,7.014,-0.025,0.033482859280446066,-0.016493681330999682,-2.340588558418682
1440170896513437,51.7600892003,-1.2581760201,110.762283,5735790.542191947,620211.0219563094,-110.762283,30U,-7.109,7.006,-0.03,0.032352200000643296,-0.017589199999799153,-2.346161407164497
1440170896604865,51.7600828523,-1.2581658694,110.763878,5735789.8529854985,620211.7393122255,-110.763878,30U,-7.017,7.011,-0.008,0.03328986779496544,-0.018076344924559746,-2.3517637662340114
1440170896696293,51.7600765839,-1.2581557195,110.763573,5735789.172629856,620212.4564016985,-110.763573,30U,-6.94,7.002,0.013,0.032616891528167366,-0.016718888644865683,-2.357531409327593
1440170896800102,51.7600703853,-1.2581455866,110.762299,5735788.50000849,620213.1721327986,-110.762299,30U,-6.851,6.993,0.003,0.03197081198592904,-0.014302558142400161,-2.3637144747647096
1440170896906768,51.7600642684,-1.2581354506,110.762352,5735787.836477889,620213.8878610068,-110.762352,30U,-6.764,7.004,-0.017,0.03194931604311324,-0.013032347335976231,-2.3700556140264077
1440170897013434,51.7600582274,-1.2581253006,110.768578,5735787.181411022,620214.604353929,-110.768578,30U,-6.672,7.02,-0.074,0.038002063047293824,-0.01892945473326458,-2.376429613492051
1440170897120100,51.7600522649,-1.2581151329,110.773628,5735786.5351031255,620215.3218599911,-110.773628,30U,-6.616,7.008,-0.035,0.030992233516860514,-0.023070841542494062,-2.3830601243643788
1440170897226766,51.760046336,-1.2581049857,110.774368,5735785.892498071,620216.0378622899,-110.774368,30U,-6.565,7.019,0.057,0.024410623682685952,-0.0237163541040529,-2.3905610608845262
1440170897333432,51.7600404907,-1.2580947881,110.763359,5735785.259273041,620216.757120789,-110.763359,30U,-6.453,7.047,0.078,0.02255369103067958,-0.019511143115606776,-2.397200695552786
1440170897440098,51.7600347144,-1.2580845717,110.75798,5735784.633752335,620217.4774935658,-110.75798,30U,-6.4,7.052,0.037,0.018232937544055416,-0.017679099635405367,-2.4042706189475362
1440170897538431,51.7600289972,-1.2580743355,110.755478,5735784.0148366615,620218.1990759219,-110.755478,30U,-6.322,7.085,0.021,0.016584300000369815,-0.01736329999965962,-2.411163507173445
1440170897618431,51.7600233491,-1.2580640577,110.754417,5735783.403674016,620218.9233457046,-110.754417,30U,-6.246,7.108,-0.006,0.015930558851923664,-0.017402975531074304,-2.4173817255139194
1440170897698430,51.7600177639,-1.25805375,110.754517,5735782.799555636,620219.6495119657,-110.754517,30U,-6.185,7.124,0.01,0.016435453789139673,-0.01743943870895153,-2.422945982475066
1440170897800097,51.7600122339,-1.2580434198,110.753525,5735782.201613038,620220.3770844867,-110.753525,30U,-6.124,7.139,0.019,0.01740601670620938,-0.016933649173556817,-2.428285490630813
1440170897906763,51.7600067568,-1.2580330769,110.751556,5735781.609574289,620221.1053930813,-110.751556,30U,-6.068,7.144,0.019,0.0181639761173399,-0.016009398062043295,-2.433555330984954
1440170898013428,51.7600013303,-1.2580227233,110.750496,5735781.023180322,620221.8343058378,-110.750496,30U,-6.009,7.151,0.004,0.018911463833956463,-0.014959269263529227,-2.438116432818647
1440170898119141,51.7599959601,-1.2580123654,110.750023,5735780.443054462,620222.5633659512,-110.750023,30U,-5.943,7.147,-0.004,0.020026477865407295,-0.014622333097129885,-2.4421257204302687
1440170898210570,51.7599906442,-1.2580020285,110.75238,5735779.86893259,620223.290832786,-110.75238,30U,-5.889,7.124,-0.032,0.020388557723231088,-0.01586569255231862,-2.446190863534689
1440170898301998,51.7599853819,-1.2579917257,110.755409,5735779.300715269,620224.015804175,-110.755409,30U,-5.82,7.106,-0.025,0.022566407394889864,-0.01798704975057871,-2.4504640103018795
1440170898406759,51.7599801866,-1.2579814436,110.756744,5735778.739914747,620224.739169246,-110.756744,30U,-5.746,7.088,-0.008,0.024210980981300097,-0.018949607709798155,-2.4538428811305035
1440170898513425,51.7599750509,-1.2579711977,110.756058,5735778.185682549,620225.4598780044,-110.756058,30U,-5.689,7.056,0.022,0.025771800000780946,-0.019485600000347023,-2.4558508071763256
1440170898620091,51.7599699613,-1.2579610016,110.753494,5735777.636494968,620226.1770277759,-110.753494,30U,-5.636,7.022,0.021,0.026925932389972044,-0.01897222029856142,-2.457358080325132
1440170898724853,51.7599649132,-1.2579508634,110.751503,5735777.091827101,620226.8900718011,-110.751503,30U,-5.597,6.98,0.022,0.02762055371179057,-0.019011356858340454,-2.458775402694949
1440170898816281,51.7599599016,-1.2579407769,110.749176,5735776.551133137,620227.5994512173,-110.749176,30U,-5.557,6.95,0.019,0.02830953487995823,-0.018511046944702663,-2.459663728841003
1440170898907709,51.7599549218,-1.2579307295,110.746925,5735776.013911174,620228.3060480288,-110.746925,30U,-5.529,6.923,0.026,0.028582602638752355,-0.01812065067659896,-2.4600795334989107
1440170899013422,51.7599499622,-1.2579207249,110.744415,5735775.478865119,620229.0096377155,-110.744415,30U,-5.509,6.896,0.022,0.030173254419293898,-0.017189070758259376,-2.460212428453211
1440170899119135,51.7599450203,-1.257910747,110.742348,5735774.945743497,620229.7113379713,-110.742348,30U,-5.491,6.882,0.022,0.032014573984130455,-0.01657212473186089,-2.4597212199167506
1440170899210564,51.7599400888,-1.2579007928,110.740562,5735774.413739446,620230.4113752175,-110.740562,30U,-5.488,6.862,0.005,0.03262258575909978,-0.01639679824210249,-2.4585138502363324
1440170899301992,51.7599351556,-1.2578908696,110.739944,5735773.881495334,620231.1092778263,-110.739944,30U,-5.491,6.841,-0.001,0.03296314980353423,-0.017153576213682395,-2.4569448950050057
1440170899406753,51.7599302231,-1.257880973,110.739426,5735773.34928531,620231.8053430642,-110.739426,30U,-5.491,6.822,0.017,0.03358183348846265,-0.01847371027142271,-2.455478558134926
1440170899513419,51.7599252824,-1.2578711061,110.737663,5735772.816114529,620232.499380644,-110.737663,30U,-5.505,6.803,0.022,0.03306769999991706,-0.01898130000049446,-2.45492810717208
1440170899620085,51.7599203373,-1.2578612565,110.734764,5735772.282426012,620233.1922361923,-110.734764,30U,-5.5,6.798,0.038,0.031863343824184355,-0.019470367374010197,-2.455016173484169
1440170899724847,51.7599153961,-1.2578514116,110.730438,5735771.749163545,620233.8847571791,-110.730438,30U,-5.494,6.798,0.04,0.031042585260470906,-0.018862508392144914,-2.454962063146089
1440170899816274,51.7599104589,-1.2578415631,110.726677,5735771.216351931,620234.5775161226,-110.726677,30U,-5.496,6.802,0.041,0.030705139155988014,-0.019856751823059283,-2.454817848928738
1440170899907702,51.7599055205,-1.2578317089,110.721733,5735770.68341636,620235.2706717554,-110.721733,30U,-5.5,6.802,0.045,0.029865137478569333,-0.02056201974756275,-2.454684283593472
1440170900013416,51.759900576,-1.2578218575,110.717354,5735770.149797911,620235.9636505131,-110.717354,30U,-5.506,6.803,0.044,0.02806085580933407,-0.019941497220386344,-2.4545447977697705
1440170900119129,51.7598956232,-1.2578120028,110.710983,5735769.615261979,620236.6568792016,-110.710983,30U,-5.512,6.81,0.063,0.026818831890560935,-0.017319566221686882,-2.4541262873977363
1440170900210558,51.7598906702,-1.2578021368,110.704247,5735769.080722532,620237.350888379,-110.704247,30U,-5.514,6.812,0.052,0.02633648801401607,-0.014974378730707387,-2.4532161116667632
1440170900301986,51.7598857107,-1.2577922738,110.700912,5735768.545455391,620238.0447079428,-110.700912,30U,-5.53,6.804,0.02,0.025777034539913653,-0.014280930264910214,-2.4522316853359003
1440170900406747,51.7598807397,-1.257782422,110.700912,5735768.008891008,620238.7377852963,-110.700912,30U,-5.533,6.804,-0.009,0.026850384050516925,-0.014053363428211138,-2.4514861836713275
1440170900513413,51.7598757661,-1.2577725674,110.701302,5735767.472042197,620239.4310629318,-110.701302,30U,-5.542,6.803,-0.003,0.028829799999890732,-0.013699099999517138,-2.450731507177396
1440170900620079,51.7598707866,-1.2577627118,110.702583,5735766.934539012,620240.1244254017,-110.702583,30U,-5.533,6.809,-0.013,0.035476765853859824,-0.016185734015334463,-2.450421718164124
1440170900724841,51.7598658161,-1.2577528535,110.701904,5735766.398041228,620240.8179504344,-110.701904,30U,-5.544,6.797,0.016,0.0329230576445738,-0.015246557277408883,-2.4496375526569643
1440170900816268,51.7598608183,-1.2577430246,110.701431,5735765.858459134,620241.5095192551,-110.701431,30U,-5.573,6.787,0.023,0.029223014765296894,-0.012893821164110681,-2.449074415960436
1440170900907696,51.7598558316,-1.2577331729,110.69632,5735765.320149116,620242.2026321591,-110.69632,30U,-5.539,6.807,0.036,0.03086578005795704,-0.009505648515972177,-2.4473884759519233
1440170901013410,51.7598508421,-1.2577233388,110.700073,5735764.781498794,620242.8945380762,-110.700073,30U,-5.581,6.775,-0.068,0.030447802622210106,-0.01140827537307095,-2.4459901322051265
1440170901120076,51.7598458229,-1.2577135384,110.707283,5735764.239490179,620243.5841974173,-110.707283,30U,-5.59,6.765,-0.056,0.029867933988213878,-0.015578034408209825,-2.4446431092541188
1440170901226742,51.759840798,-1.2577037434,110.711426,5735763.696838876,620244.2734993971,-110.711426,30U,-5.599,6.758,-0.028,0.029637808340006414,-0.017038997796985908,-2.442748903224943
1440170901328408,51.7598357666,-1.2576939583,110.710236,5735763.153448503,620244.9621355972,-110.710236,30U,-5.607,6.749,0.041,0.028794036191152738,-0.016001111381871824,-2.441098797182169
1440170901408408,51.7598307255,-1.2576841946,110.705437,5735762.608944237,620245.6493209067,-110.705437,30U,-5.61,6.74,0.04,0.03148366402953154,-0.014003336427542694,-2.4400239507358275
1440170901488407,51.7598256897,-1.257674433,110.70417,5735762.0650259955,620246.3363473606,-110.70417,30U,-5.597,6.744,-0.007,0.03613150000040258,-0.016238899999389263,-2.439136107173312
1440170901586740,51.7598206548,-1.2576646772,110.705788,5735761.521198368,620247.022971316,-110.705788,30U,-5.614,6.727,-0.011,0.03684398064464757,-0.020511392001075112,-2.4384262914181964
1440170901693405,51.7598156021,-1.2576549503,110.706398,5735760.975343711,620247.707648326,-110.706398,30U,-5.628,6.716,0.017,0.037012066456235164,-0.022914482034409274,-2.4376031382051533
1440170901800072,51.7598105497,-1.2576452153,110.701416,5735760.429535863,620248.3928836669,-110.701416,30U,-5.609,6.735,0.077,0.039735396642612546,-0.023481920744141405,-2.436535984541836
1440170901906738,51.7598054998,-1.2576354819,110.691902,5735759.884003483,620249.0780020979,-110.691902,30U,-5.638,6.703,0.1,0.03858895131176576,-0.021520569458671226,-2.434351189133451
1440170902013404,51.7598004221,-1.2576257966,110.68425,5735759.335300352,620249.7598751631,-110.68425,30U,-5.661,6.678,0.059,0.038524941069978884,-0.01884185116730116,-2.4319780108792144
1440170902120070,51.7597953414,-1.2576161155,110.675865,5735758.78625677,620250.4414665062,-110.675865,30U,-5.656,6.679,0.093,0.03608078814649828,-0.01450562520246771,-2.428576314303021
1440170902226736,51.759790237,-1.2576064836,110.670189,5735758.234496565,620251.1197256789,-110.670189,30U,-5.699,6.624,0.015,0.03159294579082724,-0.010575704326732218,-2.425396263877869
1440170902330545,51.759785113,-1.2575968964,110.671074,5735757.680483106,620251.7949523329,-110.671074,30U,-5.704,6.612,-0.039,0.02972935218921441,-0.010025783057351361,-2.4227783925219906
1440170902421973,51.7597799876,-1.2575873275,110.676445,5735757.12628387,620252.468919972,-110.676445,30U,-5.705,6.599,-0.084,0.028312476946571723,-0.01308896569648321,-2.420215039090933
1440170902513401,51.7597748499,-1.2575777944,110.683174,5735756.570657859,620253.140449884,-110.683174,30U,-5.734,6.565,-0.053,0.02498239999986687,-0.016678499999843905,-2.4175532071672534
1440170902620067,51.759769694,-1.2575682951,110.686676,5735756.012952249,620253.8096957644,-110.686676,30U,-5.74,6.557,-0.009,0.025764748230067056,-0.01855450700268881,-2.413676056478532
1440170902724828,51.7597645369,-1.2575588051,110.684593,5735755.455097945,620254.4783031893,-110.684593,30U,-5.751,6.54,0.047,0.028693106792004243,-0.019579925019500767,-2.4073269553738523
1440170902816256,51.7597593453,-1.2575493822,110.679771,5735754.893296471,620255.1423718595,-110.679771,30U,-5.801,6.475,0.046,0.029625570967446713,-0.019993183399109573,-2.400565947455083
1440170902907684,51.7597541091,-1.2575400537,110.675735,5735754.326379629,620255.8000446404,-110.675735,30U,-5.842,6.407,0.038,0.027875530405085478,-0.01953469266867101,-2.394167808410369
1440170902999112,51.7597488531,-1.2575308229,110.672523,5735753.757099888,620256.4510279009,-110.672523,30U,-5.857,6.341,0.026,0.025557566901863123,-0.020167203094534496,-2.387938709059019
1440170903090540,51.7597435907,-1.2575216854,110.669571,5735753.186954668,620257.0955896792,-110.669571,30U,-5.854,6.282,0.018,0.02636062305348585,-0.022834524337019824,-2.382710728105699
1440170903193397,51.7597383295,-1.2575126429,110.668213,5735752.616786329,620257.733592463,-110.668213,30U,-5.854,6.218,0.018,0.029964688093788695,-0.025643752138227213,-2.3785928794612605
1440170903300063,51.7597330755,-1.2575036681,110.664597,5735752.047307123,620258.3669042785,-110.664597,30U,-5.843,6.179,0.055,0.034733677707371145,-0.026830226907882428,-2.374501030306011
1440170903406729,51.7597278251,-1.2574947538,110.655136,5735751.4781285785,620258.9960315635,-110.655136,30U,-5.851,6.125,0.099,0.035128547943752766,-0.025725158149972553,-2.3699705172698677
1440170903513395,51.7597225619,-1.2574859281,110.645599,5735750.907380575,620259.619078711,-110.645599,30U,-5.854,6.07,0.073,0.03581009999927692,-0.02489320000043527,-2.365265607164954
1440170903620061,51.7597173066,-1.2574771664,110.638176,5735750.337405644,620260.2376883622,-110.638176,30U,-5.839,6.027,0.07,0.038759589351479794,-0.025323920088541677,-2.359953180550172
1440170903726727,51.7597120538,-1.2574684934,110.630943,5735749.767562543,620260.8501703185,-110.630943,30U,-5.85,5.952,0.056,0.041058280408993515,-0.025583353789004833,-2.354459154119689
1440170903833393,51.7597067884,-1.2574599461,110.624428,5735749.19611104,620261.4540113269,-110.624428,30U,-5.861,5.857,0.082,0.04001494437433235,-0.025610982665223166,-2.349097858320757
1440170903936249,51.7597015269,-1.2574515138,110.616089,5735748.624903681,620262.0499059479,-110.616089,30U,-5.847,5.788,0.08,0.03798970189598357,-0.022034178777718554,-2.34346730527232
1440170904027677,51.7596962798,-1.2574431783,110.608528,5735748.055138141,620262.6390822623,-110.608528,30U,-5.829,5.716,0.064,0.03662598237660502,-0.017925218515711033,-2.3372184496665023
1440170904119105,51.759691044,-1.2574349504,110.602272,5735747.486451869,620263.2208031963,-110.602272,30U,-5.814,5.651,0.048,0.043854320219629504,-0.014491529792528908,-2.3312849785471785
1440170904210533,51.7596858327,-1.2574268038,110.601715,5735746.920356154,620263.7968486352,-110.601715,30U,-5.791,5.584,-0.058,0.04747213776503301,-0.01645287739360904,-2.325135970190995
