timestamp,latitude,longitude,altitude,northing,easting,down,utm_zone,velocity_north,velocity_east,velocity_down,roll,pitch,yaw
1423231060972100,51.758563264,-1.2793819914,-585.557129,5735586.107605123,618751.6104053098,585.557129,30U,154.308,71.183,-12.697,0.1435317999997237,-0.04725150000065608,0.1370722000004691
1423231061078696,51.7570127524,-1.2875192115,-652.86969,5735400.462523894,618194.0931217974,652.86969,30U,159.343,71.48,-12.689,0.14353093731489042,-0.04725230000024399,0.1370572040913934
1423231061183388,51.7555505656,-1.2925536438,-681.454468,5735229.711043766,617850.4514020071,681.454468,30U,161.245,71.552,-12.681,0.1435327543981186,-0.0472456293413709,0.13704917945321046
1423231061274756,51.7552305691,-1.2931412436,-685.561462,5735193.176012036,617810.7300288226,685.561462,30U,161.47,71.516,-12.672,0.14351854566220612,-0.04724964157057789,0.13704923748017211
1423231061366124,51.7553116662,-1.2931252405,-680.758911,5735202.220401967,617811.6234508287,680.758911,30U,161.395,71.474,-12.663,0.1435268832955198,-0.047251050110625456,0.1370284376933444
1423231061471768,51.7553413826,-1.2935858896,-670.665039,5735204.78109988,617779.7534753288,670.665039,30U,161.364,71.44,-12.654,0.1435055666119808,-0.04724407479405945,0.1370207291325437
1423231061577411,51.7552589114,-1.2948037576,-650.543457,5735193.6438147165,617695.9142632224,650.543457,30U,161.283,71.406,-12.645,0.1434930122736663,-0.0472419625198042,0.1370131458270421
1423231061668779,51.7549756303,-1.2971978749,-616.293945,5735158.280450218,617531.4145558095,616.293945,30U,160.908,71.356,-12.635,0.14348982527801754,-0.04724650835201406,0.13699590000006504
1423231061760146,51.7541243128,-1.3006131909,-562.010376,5735058.11023333,617297.9034483288,562.010376,30U,159.826,71.247,-12.626,0.14349721669329454,-0.047241004091444085,0.13699294991715427
1423231061864839,51.7530688166,-1.3021503789,-484.856171,5734938.260926402,617194.5408265451,484.856171,30U,157.336,70.976,-12.617,0.1435053498892116,-0.04723554988866239,0.13699132934229188
1423231061971434,51.7520677301,-1.3029536713,-414.180145,5734825.642936918,617141.6874914751,414.180145,30U,152.934,70.409,-12.607,0.14348449999921706,-0.0472447000006681,0.1369792000003769
1423231062078030,51.7513089329,-1.3028466349,-387.89975,5734741.43145681,617151.038900721,387.89975,30U,146.285,69.196,-12.597,0.14347417070262608,-0.04724679165211291,0.1369729792140811
1423231062182722,51.7509078768,-1.3018730297,-380.018951,5734698.395473778,617219.2787004155,380.018951,30U,141.185,67.845,-12.588,0.14347648329704624,-0.04724650835201406,0.13696217923186152
1423231062274090,51.7509761906,-1.3009962585,-373.376007,5734707.4017916275,617279.6198697425,373.376007,30U,139.72,67.438,-12.579,0.14346906252009525,-0.04724892078450341,0.13694763322328843
1423231062365458,51.7508569657,-1.3014608073,-366.682159,5734693.396351576,617247.8637319305,366.682159,30U,139.954,67.518,-12.57,0.14347242054753873,-0.04724942505550288,0.13694425395344262
1423231062471101,51.7505252967,-1.3025348685,-357.76239,5734654.786595939,617174.586192541,357.76239,30U,140.573,67.715,-12.56,0.14345573747928964,-0.04725242078575488,0.13693792487644807
1423231062577697,51.7499178664,-1.30433529,-348.430817,5734584.345555941,617051.8834946486,348.430817,30U,141.563,68.029,-12.551,0.1434538499179209,-0.047253300000601565,0.13693286694020107
1423231062684292,51.7489276707,-1.3070330248,-341.078857,5734469.903425735,616868.2271638949,341.078857,30U,143.021,68.479,-12.542,0.14344620812992676,-0.04725941670418738,0.13691588736145605
1423231062785891,51.7479060793,-1.3093390593,-359.67337,5734352.603365514,616711.6819848566,359.67337,30U,144.918,68.88,-12.533,0.1434322623557914,-0.04725953747922629,0.13691006694147337
1423231062865838,51.747875349,-1.3088768285,-402.028625,5734349.925619955,616743.6683196704,402.028625,30U,145.759,68.864,-12.522,0.1434224460463742,-0.04724817065769886,0.13690938736087718
1423231062945785,51.7481591746,-1.3076951682,-440.978516,5734383.380788128,616824.5042951113,440.978516,30U,146.175,68.746,-12.513,0.14346070000013178,-0.04725219999985918,0.1368996999998758
1423231063044053,51.7487799875,-1.3056942754,-472.97226,5734455.625813121,616961.0184191233,472.97226,30U,146.175,68.516,-12.504,0.1434965335522267,-0.04726443747888396,0.13689207086726402
1423231063150648,51.7496598703,-1.3029458275,-496.394592,5734557.885255603,617148.4592446336,496.394592,30U,145.759,68.165,-12.495,0.14348905801906106,-0.04725514582416656,0.1368916083515216
1423231063257244,51.7502480331,-1.3012635177,-499.388702,5734625.996095517,617263.0586113932,499.388702,30U,145.192,67.918,-12.487,0.14344149132351805,-0.04725405842993735,0.1368891873965895
1423231063363839,51.75033457,-1.301295244,-491.869415,5734635.568577411,617260.6445766783,491.869415,30U,145.268,67.947,-12.476,0.1434182916478823,-0.04726501670304815,0.1368739835175708
1423231063470435,51.7502794826,-1.3018183603,-480.59671,5734628.60166234,617224.6792436187,480.59671,30U,145.551,68.045,-12.467,0.14343507937829064,-0.04725758314156039,0.13686949590954478
1423231063577031,51.7499935424,-1.3030414785,-467.11731,5734594.838227635,617140.9935415604,467.11731,30U,145.925,68.191,-12.458,0.14345543747988052,-0.04725381669485465,0.13685452471258594
1423231063683626,51.7493528739,-1.3052313121,-454.254089,5734520.077087855,616991.495138331,454.254089,30U,146.347,68.39,-12.448,0.1434430334074333,-0.04727592098963452,0.13684550000074164
1423231063787367,51.7487801136,-1.3071102735,-490.62085,5734453.370313181,616863.2757805862,490.62085,30U,148.92,69.045,-12.439,0.1434596126024119,-0.04726652896801316,0.13683901293130724
1423231063878734,51.7491577431,-1.3062909623,-556.232361,5734496.678207714,616918.855332417,556.232361,30U,151.968,69.546,-12.429,0.14344380406454582,-0.047247841537471164,0.13683877516684856
1423231063970102,51.749726458,-1.3048320678,-598.691772,5734562.262577589,617018.0879216657,598.691772,30U,153.918,69.761,-12.419,0.14340439999989768,-0.04725100000047729,0.1368351999995022
1423231064076697,51.750525977,-1.3025818779,-624.762268,5734654.786734529,617171.3396336316,624.762268,30U,155.145,69.844,-12.41,0.14338970867521106,-0.047249366611407544,0.13682364140643255
1423231064181389,51.7515021722,-1.2995854834,-640.079712,5734768.163751905,617375.6331716725,640.079712,30U,155.864,69.856,-12.4,0.1434428796753421,-0.04724589164864952,0.13681457923109586
1423231064272757,51.75212031,-1.2977138081,-642.312744,5734839.918357671,617503.2173002423,642.312744,30U,155.865,69.805,-12.391,0.14344863273085165,-0.04725994599099101,0.136804270703923
1423231064364125,51.7523600753,-1.2974109305,-639.456299,5734867.069832084,617523.5000814837,639.456299,30U,155.807,69.767,-12.382,0.14332452801213713,-0.047267628898942364,0.1367974293413771
1423231064455492,51.7526247545,-1.2973314829,-635.982178,5734896.631946874,617528.2965412528,635.982178,30U,155.827,69.74,-12.372,0.1432343957450856,-0.047247683305921176,0.13679763747887172
1423231064546860,51.7528126754,-1.2977788049,-632.340332,5734916.809334562,617496.934094148,632.340332,30U,155.907,69.722,-12.362,0.143300779707959,-0.04725042929701052,0.13678635008204257
1423231064649649,51.752787437,-1.2991966984,-629.167603,5734911.719545952,617399.135212479,629.167603,30U,156.064,69.719,-12.354,0.14339062978494108,-0.04726342076874414,0.1367782124163373
1423231064756245,51.7527947956,-1.3004392658,-632.839294,5734910.53864005,617313.3529204628,632.839294,30U,156.519,69.734,-12.344,0.1433561700443323,-0.047251578886047606,0.1367789877264976
1423231064862840,51.7533054563,-1.2990819257,-641.849243,5734969.51152246,617405.7134632659,641.849243,30U,156.901,69.715,-12.333,0.14330947516693054,-0.04722299999919214,0.13677574582453592
1423231064969435,51.7537774402,-1.2973385064,-649.087097,5735024.8070278745,617524.8192307925,649.087097,30U,157.141,69.682,-12.325,0.14335479999926673,-0.04723889999929236,0.13675769999971624
1423231065076031,51.7543012808,-1.2949843174,-654.273865,5735086.857511227,617685.9421785477,654.273865,30U,157.267,69.638,-12.314,0.1434575507402468,-0.04724869165244322,0.13676092504179735
1423231065182626,51.7549192503,-1.2919861184,-657.550476,5735160.421717742,617891.2643222391,657.550476,30U,157.285,69.583,-12.304,0.1434674453800408,-0.04724852076900148,0.13675121241715502
1423231065289222,51.7553278834,-1.2901068905,-657.274719,5735208.903578572,618019.8988228843,657.274719,30U,157.137,69.522,-12.297,0.1434104828126801,-0.047242983305287825,0.13674627103225012
1423231065392011,51.7555465093,-1.2895679092,-655.586487,5735234.0885033,618056.5275145025,655.586487,30U,157.049,69.476,-12.286,0.14334326230651487,-0.047252162305983315,0.136738032962989
1423231065483379,51.7558614707,-1.2888984231,-653.883728,5735270.198161071,618101.911457032,653.883728,30U,157.014,69.436,-12.277,0.14338512537078213,-0.04723916235544019,0.13672938772586665
1423231065574747,51.7562003038,-1.2883845584,-652.307556,5735308.710854793,618136.4921233742,652.307556,30U,157.034,69.403,-12.269,0.1434255626843101,-0.04723344991723303,0.13673777070283427
1423231065666114,51.7564456416,-1.2886091644,-651.01947,5735335.630274387,618120.350559865,651.01947,30U,157.118,69.378,-12.258,0.14338947021436602,-0.047229108129720684,0.13672018736059577
1423231065757481,51.7567008478,-1.2886519432,-651.165833,5735363.941624306,618116.7322025585,651.165833,30U,157.244,69.351,-12.247,0.14334297479493655,-0.047235925206010054,0.13671110409120973
1423231065862173,51.7571388294,-1.2864611768,-652.381226,5735416.198239799,618266.783359803,652.381226,30U,157.224,69.302,-12.233,0.1433361130818515,-0.04725019593427222,0.13670903318474842
1423231065968769,51.7574508798,-1.2844289212,-653.427429,5735454.197645481,618406.2215850701,653.427429,30U,157.149,69.248,-12.213,0.14339799999970368,-0.047233899999249866,0.13668480000017882
1423231066060137,51.7577112133,-1.2823122447,-654.134583,5735486.586904252,618551.6194562088,654.134583,30U,157.022,69.186,-12.183,0.14339022504134225,-0.047224483469715146,0.13669428739706246
1423231066151505,51.7579966955,-1.2798644617,-654.434998,5735522.316005375,618719.8002643097,654.434998,30U,156.838,69.119,-12.159,0.14335853680679111,-0.04725869593556619,0.13668033340766234
1423231066255245,51.7581801338,-1.2783687802,-653.708435,5735545.151233135,618822.5399533994,653.708435,30U,156.646,69.058,-12.149,0.1433373003298579,-0.04722652029164151,0.13668355417368674
1423231066361841,51.7582580535,-1.2777857949,-652.675598,5735554.766365709,618862.5686406008,652.675598,30U,156.554,69.01,-12.145,0.14337502461283944,-0.04722433791623685,0.13666437878748314
1423231066468436,51.7583432631,-1.2767715716,-651.729553,5735565.8956331555,618932.338768426,651.729553,30U,156.51,68.969,-12.136,0.14334975433792035,-0.04724135793600598,0.1366520751238278
1423231066575032,51.75840535,-1.2754274188,-650.863525,5735574.992859633,619024.9385829574,650.863525,30U,156.513,68.932,-12.131,0.1433420414068152,-0.0472214166940906,0.13665002487682887
1423231066681627,51.758407145,-1.2742982926,-650.087219,5735577.035775266,619102.8573465978,650.087219,30U,156.567,68.9,-12.122,0.14335793022982687,-0.0472532832960553,0.13663288736149448
1423231066788223,51.7584156836,-1.2729364071,-649.230408,5735580.210208499,619196.8215609508,649.230408,30U,156.602,68.864,-12.123,0.14338887479354637,-0.04724019148883363,0.13662356661213845
1423231066894819,51.7585575493,-1.2705656084,-648.027527,5735599.86390519,619360.0613784961,648.027527,30U,156.481,68.808,-12.13,0.14336230384341814,-0.047241368144436774,0.13660700428751238
1423231066993087,51.7586880782,-1.2689564873,-646.696472,5735617.014218868,619470.7653792559,646.696472,30U,156.313,68.745,-12.13,0.14329620000065368,-0.047324100000784367,0.13660230000035037
1423231067073033,51.7588332154,-1.2679122213,-645.186768,5735634.865523795,619542.4486281868,645.186768,30U,156.095,68.676,-12.125,0.14332573780805208,-0.04739076727073796,0.13659380409185348
1423231067152980,51.7590045467,-1.266932842,-643.476379,5735655.524392873,619609.5842674724,643.476379,30U,155.833,68.599,-12.119,0.14332537472197182,-0.04740231263944786,0.1365805625284007
1423231067254579,51.7591149099,-1.2663704001,-641.746765,5735668.720041964,619648.1073130843,641.746765,30U,155.62,68.531,-12.113,0.14328094991753365,-0.04745938363538838,0.1365667707027773
1423231067361174,51.759159082,-1.2661784392,-640.066101,5735673.947197548,619661.2379496602,640.066101,30U,155.524,68.482,-12.103,0.14325366230554398,-0.04749741219558106,0.13655730022162477
1423231067467770,51.7592033028,-1.2659110921,-638.320374,5735679.30350698,619679.5709015229,638.320374,30U,155.47,68.438,-12.095,0.1432851378088939,-0.047473720785645886,0.13655168330528755
1423231067573413,51.759229508,-1.2656423902,-636.630249,5735682.658657352,619698.0449586645,636.630249,30U,155.458,68.396,-12.087,0.14326729558022214,-0.04746895842963435,0.13654473747954993
1423231067664781,51.759217381,-1.265528185,-635.140015,5735681.497499302,619705.9584331762,635.140015,30U,155.488,68.359,-12.078,0.14324667472280397,-0.04748817923105042,0.13653314988958007
1423231067756149,51.7589878756,-1.2653592459,-633.775452,5735656.252330117,619718.2241445056,633.775452,30U,155.489,68.318,-12.071,0.1432368710321173,-0.0474930833060519,0.13651937070363115
1423231067860842,51.7585535981,-1.2647410157,-632.281677,5735608.972902968,619762.0381023075,632.281677,30U,155.348,68.254,-12.064,0.14325415846250775,-0.04750273362942124,0.13649954988943416
1423231067967437,51.7580786065,-1.2642659155,-630.822449,5735556.931075474,619796.0828638712,630.822449,30U,155.168,68.184,-12.054,0.14327220000079877,-0.0475020999998536,0.13648990000065178
1423231068074032,51.7576345005,-1.2638600213,-629.228943,5735508.210443638,619825.2704012253,629.228943,30U,154.943,68.106,-12.046,0.14325922078476716,-0.04749005417368865,0.13647862913209066
1423231068178724,51.7573013925,-1.2634404275,-627.375793,5735471.856169407,619855.1100206532,627.375793,30U,154.675,68.02,-12.037,0.14324568329724904,-0.04749666659266994,0.13648596703557275
1423231068270092,51.7573005506,-1.2632027388,-625.338989,5735472.153172464,619871.5160482586,625.338989,30U,154.466,67.948,-12.028,0.14323875008151524,-0.04748801276678235,0.13647929541502327
1423231068361460,51.757398071,-1.2631393128,-622.963867,5735483.102304184,619875.6350375488,622.963867,30U,154.366,67.898,-12.019,0.14322617472245522,-0.04749401670289987,0.136464370879442
1423231068467104,51.7575050574,-1.263083291,-619.897339,5735495.091948784,619879.2179466623,619.897339,30U,154.301,67.852,-12.01,0.14322545008269374,-0.04748992913306505,0.13645969999962718
1423231068572748,51.7575836687,-1.2630699903,-616.330139,5735503.855885061,619879.9276660858,616.330139,30U,154.275,67.803,-11.997,0.14324139656614795,-0.04745836938616281,0.13647682210195897
1423231068664116,51.7575911377,-1.2631530624,-612.704651,5735504.549944767,619874.1748002784,612.704651,30U,154.289,67.739,-11.979,0.14343952749475164,-0.04701867324424632,0.13690110443490897
1423231068755483,51.7570964249,-1.2639353251,-609.261169,5735448.24930926,619821.4978596597,609.261169,30U,154.273,67.655,-11.97,0.14352629999950242,-0.04645565906634104,0.1372315181749939
1423231068860175,51.7560796144,-1.2654631322,-606.124756,5735332.664652498,619718.7469599006,606.124756,30U,154.109,67.531,-11.965,0.14357681847790696,-0.04606743865483723,0.13754128410977706
1423231068966770,51.7549498346,-1.2671232351,-603.82312,5735204.30232135,619607.1590711761,603.82312,30U,153.905,67.386,-11.957,0.14384120000004927,-0.04577319999985653,0.13839459999997866
1423231069073366,51.7538654907,-1.2685815784,-601.85675,5735081.325896223,619509.37071307,601.85675,30U,153.672,67.221,-11.944,0.14411094453151987,-0.04543792976942684,0.1394672033107682
1423231069178058,51.7530067326,-1.2695453727,-599.573486,5734984.247796427,619445.1163926398,599.573486,30U,153.397,67.019,-11.918,0.14471866940054012,-0.04441102239509632,0.14084289563871713
1423231069269426,51.7529302674,-1.2695227941,-596.820862,5734975.781356494,619446.8765349807,596.820862,30U,153.19,66.816,-11.894,0.1454250168792538,-0.04223061954759731,0.1431658359413202
1423231069360793,51.7531021868,-1.2694081212,-592.855164,5734995.08768193,619454.3376659139,592.855164,30U,153.089,66.638,-11.883,0.14600428093119713,-0.03953360923875394,0.14635713348110238
1423231069466438,51.7532666041,-1.269393255,-585.960632,5735013.396275596,619454.9298750064,585.960632,30U,152.989,66.455,-11.881,0.14679786484586607,-0.037211169651914615,0.15053636596096287
1423231069572082,51.7533569706,-1.269589446,-575.24115,5735023.124310532,619441.1503428747,575.24115,30U,152.865,66.263,-11.874,0.14780029447136553,-0.03542822253140855,0.15585827794804696
1423231069663449,51.7532966408,-1.2701594701,-561.196045,5735015.481957052,619401.9664843855,561.196045,30U,152.673,66.033,-11.858,0.14902723835968368,-0.03390012217316125,0.16218757812306592
1423231069754816,51.7525184156,-1.2716648032,-544.505005,5734926.475165012,619300.1193035638,544.505005,30U,152.355,65.687,-11.834,0.15017378939290596,-0.03199355639068407,0.16910342480440002
1423231069859508,51.751154809,-1.2733145522,-527.413879,5734772.136364604,619189.8417308234,527.413879,30U,151.806,65.074,-11.816,0.15061371086555553,-0.029591067480160212,0.17684846341407068
1423231069966104,51.7497323716,-1.2747761101,-515.907898,5734611.564995804,619092.7019101218,515.907898,30U,151.109,63.936,-11.822,0.14984520000010956,-0.0271883999997646,0.18554390000004545
1423231070072700,51.7484500065,-1.2757882263,-510.855774,5734467.305843167,619026.2113149051,510.855774,30U,150.374,61.725,-11.836,0.14891684089142762,-0.02540349438596369,0.19533682049206677
1423231070177392,51.7474770337,-1.2762256754,-506.650543,5734358.391372045,618998.5724683434,506.650543,30U,149.849,59.497,-11.823,0.1486499855134236,-0.023708672358490827,0.205849220103673
1423231070268760,51.7473433894,-1.2761076122,-501.052948,5734343.721889494,619007.0734990954,501.052948,30U,149.585,58.805,-11.799,0.14967641003543525,-0.02119069711797492,0.21714096146923514
1423231070360128,51.7473287831,-1.2763965471,-491.219391,5734341.626226276,618987.166969769,491.219391,30U,149.526,58.693,-11.78,0.15107706171487834,-0.018008436215871847,0.2299059368062581
1423231070465771,51.7471694824,-1.2770199852,-469.697815,5734322.894209536,618944.550059902,469.697815,30U,149.496,58.695,-11.775,0.15123596823604576,-0.01476175634728701,0.24372221685912393
1423231070572366,51.746826896,-1.2780643581,-427.264648,5734283.093974447,618873.3570604761,427.264648,30U,149.416,58.76,-11.775,0.15021291989813781,-0.011491774851403513,0.25802374290805224
1423231070678962,51.7462520433,-1.2796725969,-359.671387,5734216.547087268,618763.8482511819,359.671387,30U,149.249,58.852,-11.766,0.147583713820828,-0.008758134516442407,0.27339646755348423
1423231070780561,51.7455400872,-1.2810629375,-267.965759,5734135.110313293,618669.7377710531,267.965759,30U,150.141,60.423,-11.756,0.14449662871782115,-0.005915118561614411,0.2894905828990911
1423231070860508,51.7452285432,-1.2806588694,-166.177444,5734101.122056591,618698.4480020324,166.177444,30U,151.35,61.971,-11.792,0.1438054055433296,-0.0035664005173948843,0.3063051691057422
1423231070940455,51.7450984081,-1.2797812523,-92.556244,5734088.078624882,618759.3732675766,92.556244,30U,151.977,62.666,-11.819,0.14443600000084544,-0.0025351999996235967,0.32431989999991434
1423231071038723,51.7452122466,-1.2784384496,-68.108902,5734102.9251574185,618851.7715548129,68.108902,30U,152.351,62.996,-11.807,0.14677559112324903,-0.0021262184830242886,0.3433826455264084
1423231071145319,51.7455729246,-1.27676036,-61.286587,5734145.77026341,618966.6664334196,61.286587,30U,152.56,63.129,-11.786,0.15024060842621934,-0.0018345556547668534,0.36326856186235496
1423231071251914,51.7459752285,-1.2757295184,-54.401943,5734192.190673457,619036.7696825798,54.401943,30U,152.581,63.065,-11.759,0.15011508272675034,-0.00013587061675672806,0.3837274296980278
1423231071358509,51.746147342,-1.2754265622,-45.165604,5734211.825201805,619057.2305640794,45.165604,30U,152.545,62.984,-11.768,0.1469968101259001,0.0025699073902359535,0.40507233333304615
1423231071465105,51.7462339847,-1.2751308048,-32.086933,5734221.94317316,619077.4191151671,32.086933,30U,152.476,62.899,-11.796,0.14470079678917674,0.005293782876812855,0.42810755533920886
1423231071571700,51.7461656339,-1.2750073986,-16.80727,5734214.5435908325,619086.1176996295,16.80727,30U,152.431,62.836,-11.798,0.14362069790360577,0.006716077139890174,0.4523933748293213
1423231071678296,51.745871194,-1.2752898549,-2.143462,5734181.338938299,619067.393727967,2.143462,30U,152.397,62.804,-11.785,0.14672634841071458,0.0091895287501897,0.4766782839609319
1423231071782037,51.745606122,-1.2754980478,-129.100082,5734151.521456677,619053.7188197041,129.100082,30U,152.422,62.834,-11.761,0.1532883287955727,0.01450741676549159,0.5015822115298761
1423231071873404,51.7458491996,-1.2746611667,-349.190796,5734179.919397268,619110.8507619938,349.190796,30U,152.492,62.829,-11.753,0.16085494153710994,0.02136968743606036,0.5269971980048836
1423231071964772,51.7462001809,-1.2738120721,-461.474823,5734220.337518333,619168.5412073982,461.474823,30U,152.568,62.824,-11.758,0.16232209999999128,0.026527899999212914,0.5528892999992595
1423231072071367,51.7467220428,-1.2728191749,-514.96051,5734279.9943608055,619235.7074843484,514.96051,30U,152.645,62.816,-11.734,0.15788941763039355,0.03226474637067992,0.5791162087763168
1423231072176059,51.7474183146,-1.2716327087,-541.301331,5734359.364207333,619315.7744813507,541.301331,30U,152.663,62.762,-11.775,0.15170304456745146,0.037286549963286654,0.6054815960096833
1423231072267427,51.7479487575,-1.2708683667,-545.449158,5734419.603300223,619367.1377763808,545.449158,30U,152.611,62.671,-11.802,0.1470644874335998,0.04013507767661909,0.6324476356487325
1423231072358795,51.7482716085,-1.2704753004,-541.497986,5734456.149652488,619393.4190663502,541.497986,30U,152.573,62.617,-11.8,0.146766239024289,0.043245969475539506,0.6597391807099697
1423231072450162,51.748632939,-1.2698199768,-535.929382,5734497.4047009945,619437.701324983,535.929382,30U,152.518,62.572,-11.824,0.15248928495867808,0.045228593155073576,0.6881288741799503
1423231072541530,51.748931907,-1.2690071627,-529.132446,5734531.983036212,619493.0184598948,529.132446,30U,152.49,62.571,-11.842,0.15653844741482423,0.04541606496698159,0.7174686728839049
1423231072644319,51.7490679989,-1.2683095971,-522.052368,5734548.260271145,619540.8097231886,522.052368,30U,152.431,62.597,-11.918,0.15928285062805037,0.044494940797827925,0.7474740277898009
1423231072750915,51.7491722315,-1.2675720539,-534.052917,5734561.060554938,619591.444346226,534.052917,30U,152.34,62.576,-11.917,0.1612000818261165,0.04217809424249499,0.7792880870536913
1423231072857510,51.7495118728,-1.2665459114,-555.441223,5734600.51367545,619661.3774227264,555.441223,30U,152.264,62.543,-11.854,0.16125494545528282,0.042738618181132865,0.8113180508502564
1423231072964105,51.7498170222,-1.2658768559,-567.478821,5734635.545986069,619706.7526276094,567.478821,30U,152.148,62.478,-11.8,0.16078380000042716,0.045600200000829795,0.8439755999996271
1423231073070701,51.7501849682,-1.2654295842,-574.037048,5734677.197998666,619736.6525508229,574.037048,30U,152.029,62.401,-11.808,0.15843384689141574,0.04865225002416654,0.8775090622201963
1423231073177297,51.7506838827,-1.2649766727,-577.375732,5734733.423973034,619766.594781498,577.375732,30U,151.929,62.304,-11.821,0.15641197782733313,0.0514982173691569,0.9107206775306312
1423231073283892,51.7511460492,-1.2646802942,-577.057922,5734785.306456358,619785.8291447457,577.057922,30U,151.864,62.255,-11.802,0.1560902553242683,0.05520773353782113,0.943972814913019
1423231073386681,51.7516756602,-1.2644817995,-575.208374,5734844.528501603,619798.1284264592,575.208374,30U,151.844,62.297,-11.789,0.1558350307470957,0.05934744966727606,0.976538983148394
1423231073478049,51.7526098517,-1.2640759976,-573.017456,5734949.083012524,619823.6651799214,573.017456,30U,151.799,62.353,-11.828,0.15535578013678278,0.0626232120304907,1.0080063542815216
1423231073569417,51.7538205799,-1.2634673413,-570.589905,5735084.723641547,619862.4694353696,570.589905,30U,151.741,62.427,-11.848,0.1527105846793164,0.06496521334612619,1.038424970932021
1423231073660784,51.7549903601,-1.2628508312,-568.140869,5735215.823862461,619901.9218969776,568.140869,30U,151.669,62.521,-11.838,0.15017456843981622,0.06774106673972015,1.0676163388026354
1423231073752151,51.7560150805,-1.2622950097,-568.9375,5735330.693084162,619937.5680151739,568.9375,30U,151.688,62.609,-11.828,0.1480070025884494,0.07120300911288761,1.095744199013212
1423231073856843,51.7568413747,-1.2618415865,-572.026855,5735423.327921966,619966.6713347037,572.026855,30U,151.766,62.624,-11.853,0.1481880232079111,0.07400077021435582,1.1233389563938845
1423231073963439,51.7572800847,-1.2616159142,-573.867615,5735472.486460419,619981.0830678697,573.867615,30U,151.821,62.637,-11.869,0.1484021000003771,0.07664780000064873,1.15032569999944
1423231074054807,51.757444963,-1.2615531336,-574.717712,5735490.925246928,619984.9787227222,574.717712,30U,151.868,62.65,-11.854,0.1481327763742542,0.07988879389894449,1.1755417764535552
1423231074146175,51.7575736315,-1.2615295574,-574.841553,5735505.272781824,619986.2647094118,574.841553,30U,151.884,62.647,-11.841,0.14663935794575614,0.0833225467856659,1.19849354597263
1423231074249915,51.7576823007,-1.261521637,-573.89856,5735517.3705129195,619986.5232470043,573.89856,30U,151.825,62.63,-11.837,0.14303992296027154,0.08654621172346168,1.2200197493523814
1423231074356511,51.7577781382,-1.2615260372,-572.466736,5735528.021009064,619985.9655157165,572.466736,30U,151.735,62.635,-11.845,0.14017526097478406,0.08936911625979091,1.2409168927576233
1423231074463106,51.7579082374,-1.2615261067,-570.922119,5735542.488747423,619985.6158336456,570.922119,30U,151.642,62.659,-11.865,0.1364293737222859,0.09171607666844188,1.2608397127960407
1423231074569701,51.7580362509,-1.2615302236,-569.305908,5735556.7178845545,619984.9923582533,569.305908,30U,151.533,62.67,-11.874,0.13406545328606817,0.09355402200045286,1.2802056581297045
1423231074676297,51.75813482,-1.2615405427,-567.693298,5735567.662415241,619984.0189099298,567.693298,30U,151.392,62.663,-11.882,0.13250057538822008,0.09578522261568859,1.2998673283080948
1423231074782893,51.7578126967,-1.2617368237,-567.054382,5735531.517381252,619971.3268954032,567.054382,30U,151.428,62.842,-11.883,0.13211019558031656,0.09821834492565155,1.3196743979115528
1423231074889489,51.7569454402,-1.262282933,-567.210632,5735434.174805708,619935.936287209,567.210632,30U,151.525,63.088,-11.885,0.13229198144811546,0.10058593791509728,1.3392165878043414
1423231074987757,51.7559060725,-1.2630269194,-567.072144,5735317.367385388,619887.3434379931,567.072144,30U,151.514,63.249,-11.878,0.12961510000059137,0.10313190000060642,1.3572762999994383
1423231075067703,51.7547865847,-1.2638785472,-566.645691,5735191.473772256,619831.5311413768,566.645691,30U,151.451,63.373,-11.86,0.12274469327002024,0.10446190561441608,1.3736322216722736
1423231075147650,51.7537493242,-1.2646767713,-565.976746,5735074.812732719,619779.1841999993,565.976746,30U,151.352,63.423,-11.846,0.12008780073982539,0.1065522312634921,1.3885180248334863
1423231075249249,51.7535483965,-1.2648560625,-564.882324,5735052.173890657,619767.3412575028,564.882324,30U,151.204,63.414,-11.855,0.1173424387736079,0.10774334763680922,1.4012524690159485
1423231075355844,51.7538412688,-1.2647454664,-563.580322,5735084.924741138,619774.1996430675,563.580322,30U,151.044,63.399,-11.863,0.11852869253571059,0.1075519766441605,1.413825473317871
1423231075462440,51.7542843745,-1.2645829337,-562.232727,5735134.467797315,619784.2449799974,562.232727,30U,150.891,63.402,-11.858,0.11901300851213716,0.10871440838984942,1.4256016630710087
1423231075568084,51.7547835232,-1.2644200138,-560.857361,5735190.243850653,619794.168500359,560.857361,30U,150.737,63.405,-11.861,0.11919500764695334,0.10912480587985358,1.4358785256916762
1423231075659452,51.7552320999,-1.2643035255,-559.487549,5735240.319738941,619801.0210436312,559.487549,30U,150.585,63.405,-11.828,0.11688398861858378,0.10857023422082336,1.4442175707323484
1423231075750819,51.7519794513,-1.2657140329,-558.513733,5734876.288849093,619712.2734116198,558.513733,30U,150.436,63.417,-11.821,0.11559961311788575,0.1096258258423003,1.4517483986339301
1423231075855511,51.7428200817,-1.2695260406,-557.883911,5733851.460173622,619473.3269122797,557.883911,30U,150.311,63.427,-11.81,0.11653177657135275,0.1086679502593794,1.4592606846270324
1423231075962107,51.7329241738,-1.2740053636,-557.16217,5732743.647861896,619190.130466533,557.16217,30U,150.187,63.452,-11.775,0.11991780000010639,0.10796229999955934,1.4655408999999262
1423231076068702,51.7243179271,-1.2783640242,-556.331787,5731779.469676256,618911.7446808075,556.331787,30U,150.042,63.443,-11.784,0.12358146310031906,0.10617244296521035,1.4711216075532112
1423231076173394,51.7179302396,-1.2819133832,-555.398254,5731063.342524894,618683.3371067286,555.398254,30U,149.893,63.435,-11.77,0.12474545306723751,0.1048601649660458,1.4762059802657506
1423231076264762,51.7164295853,-1.2826961048,-554.269287,5730895.188204716,618633.198864647,554.269287,30U,149.734,63.431,-11.736,0.12253731473357347,0.10694924661249884,1.4797581287246702
1423231076356130,51.7166267002,-1.2825859047,-553.077209,5730917.287694956,618640.295166798,553.077209,30U,149.553,63.416,-11.727,0.11550488196585103,0.11238795343607648,1.4809399762756672
1423231076461774,51.7164278326,-1.2827655196,-551.913818,5730894.88045202,618628.4085350818,551.913818,30U,149.378,63.369,-11.724,0.10657176968690676,0.11989204999002646,1.4810328199850156
1423231076567418,51.7153572859,-1.283626218,-550.798706,5730774.430563307,618571.7549141741,550.798706,30U,149.212,63.289,-11.696,0.10418188067302686,0.12510885300833172,1.4815947476361202
1423231076658785,51.7125801376,-1.2859664105,-549.756775,5730461.795598254,618417.353337764,549.756775,30U,149.057,63.226,-11.633,0.10584663399884943,0.12886279571280074,1.4815862521796639
1423231076750153,51.7058771337,-1.2930474677,-548.801392,5729704.915969955,617945.6134315442,548.801392,30U,148.911,63.174,-11.61,0.11300783704359228,0.13223399136702682,1.4824341167590944
1423231076854845,51.7012899003,-1.2988335132,-547.771973,5729185.454290575,617557.7316394711,547.771973,30U,148.742,63.129,-11.635,0.12107727686671979,0.13195696356262498,1.4837546577228962
1423231076961440,51.698801345,-1.3021962216,-546.691528,5728903.301815078,617331.8075781298,546.691528,30U,148.558,63.127,-11.694,0.1229998999994559,0.131131999999834,1.4830800999993003
1423231077068036,51.6977784727,-1.3037012129,-545.55365,5728787.134345203,617230.4512518429,545.55365,30U,148.351,63.111,-11.8,0.11759582130759864,0.12960517680372013,1.4807824573558324
1423231077172728,51.6978220012,-1.303817956,-544.358704,5728791.787484757,617222.2712434523,544.358704,30U,148.159,63.059,-11.846,0.10960072638624574,0.12380764515962836,1.478681266149026
1423231077264096,51.6985749917,-1.302958329,-543.132568,5728876.905250958,617279.728686878,543.132568,30U,147.987,62.975,-11.756,0.10523907912838901,0.11798843878817351,1.4777105945712479
1423231077355464,51.6990524329,-1.3024411107,-541.927612,5728930.83064612,617314.2355130555,541.927612,30U,147.826,62.905,-11.639,0.10496614907607285,0.11546027257888186,1.47711140886871
1423231077461108,51.6997258917,-1.3016560523,-540.719299,5729006.985228174,617366.742696629,540.719299,30U,147.666,62.852,-11.582,0.10707190890559838,0.1154759995278414,1.4767050279799627
1423231077566751,51.7005220488,-1.3006980254,-539.513245,5729097.063417544,617430.8828405314,539.513245,30U,147.525,62.799,-11.486,0.110768946612392,0.11828673746471213,1.4774416926829947
1423231077658119,51.7013259501,-1.2997184249,-538.312988,5729188.038394818,617496.491290476,538.312988,30U,147.375,62.75,-11.517,0.11260019733961256,0.12149660923821697,1.4784378037697978
1423231077749486,51.7003995143,-1.3014548719,-537.203979,5729082.219506096,617378.9013430432,537.203979,30U,147.217,62.719,-11.585,0.11382633632745824,0.1208763267653712,1.4783129579144694
1423231077854179,51.698063877,-1.3051581712,-536.185303,5728816.534093357,617129.0313212178,536.185303,30U,147.068,62.68,-11.593,0.11236176304451967,0.11867965306672185,1.4774344590542088
1423231077960774,51.6963028919,-1.3077427412,-535.153503,5728616.558077132,616954.9662456352,535.153503,30U,146.929,62.622,-11.551,0.11107409999975465,0.1177138999995633,1.4770202000005452
1423231078067370,51.6950798662,-1.3094350792,-534.101624,5728477.84031271,616841.1636028494,534.101624,30U,146.78,62.558,-11.526,0.11211758764767729,0.11693919977072942,1.4772400013158782
1423231078172062,51.6942997038,-1.3104786891,-533.024231,5728389.411764427,616771.0488507469,533.024231,30U,146.624,62.502,-11.52,0.11442216991921879,0.11468127353952315,1.4773339148562075
1423231078263430,51.6942320428,-1.3106364879,-531.88446,5728381.635054748,616760.3174788909,531.88446,30U,146.469,62.46,-11.508,0.11769252202355164,0.1125855267651454,1.4775957680926501
1423231078354798,51.694498875,-1.3103947782,-530.711548,5728411.695002134,616776.3352629498,530.711548,30U,146.31,62.421,-11.506,0.11917375905394445,0.11013812054619376,1.4776120352541744
1423231078460441,51.6948336706,-1.3100607083,-529.534058,5728449.4607086,616798.5608361635,529.534058,30U,146.158,62.381,-11.468,0.11962503931088025,0.1079042076456672,1.4772787391028297
1423231078567036,51.6952061348,-1.3096660561,-528.357056,5728491.512443376,616824.8758342066,528.357056,30U,146.002,62.324,-11.441,0.12070188544377755,0.10690730832628612,1.476771061512138
1423231078673632,51.6955736694,-1.3092623848,-527.183838,5728533.030561173,616851.8263705891,527.183838,30U,145.837,62.269,-11.443,0.11995947235748229,0.10652007080567724,1.4758668705832378
1423231078775231,51.6953786072,-1.3097035529,-526.065796,5728510.632379493,616821.8403210053,526.065796,30U,145.674,62.222,-11.43,0.12007306987994056,0.10627631358972363,1.474898108633026
1423231078855178,51.6946827284,-1.3107712114,-525.006165,5728431.538463537,616749.846828511,525.006165,30U,145.512,62.169,-11.393,0.12046312771648499,0.10764065624575037,1.4737775827784936
1423231078935125,51.6941286138,-1.3115171631,-523.943787,5728368.724878971,616699.7197637284,523.943787,30U,145.358,62.114,-11.36,0.12079230000038232,0.10965930000071648,1.472488099999345
1423231079033393,51.6937324448,-1.3120021689,-522.871765,5728323.893308062,616667.2195711506,522.871765,30U,145.202,62.081,-11.347,0.11802742062102371,0.11051547678924939,1.4696915447528387
1423231079139989,51.6934816688,-1.3122927937,-521.787048,5728295.5411039945,616647.7789593452,521.787048,30U,145.046,62.008,-11.329,0.1191244991865688,0.11090706489208474,1.467403466962221
1423231079246584,51.6934960589,-1.312313305,-520.669312,5728297.108592373,616646.3243931277,520.669312,30U,144.882,61.937,-11.307,0.12211826205632492,0.11273612872524319,1.4654658018890956
1423231079353179,51.6936193979,-1.3122308343,-519.53595,5728310.956398831,616651.7069251533,519.53595,30U,144.724,61.873,-11.318,0.12650628026528557,0.11403790613422267,1.4623623450845782
1423231079459775,51.6937437649,-1.31214757,-518.401794,5728324.9197996,616657.1416287228,518.401794,30U,144.576,61.827,-11.305,0.12910170561535075,0.11305959259740794,1.4584889016601927
1423231079566371,51.6938694454,-1.3120636259,-517.268372,5728339.030362282,616662.6199039754,517.268372,30U,144.422,61.791,-11.307,0.12885015363678473,0.11172109814717554,1.4540462160284897
1423231079672966,51.6939968084,-1.3119783955,-516.13385,5728353.330091329,616668.1827166965,516.13385,30U,144.261,61.728,-11.31,0.12717985070150223,0.11020945351058893,1.4486454655573429
1423231079776706,51.6941262138,-1.3118916196,-514.998169,5728367.859424334,616673.8470533008,514.998169,30U,144.091,61.651,-11.331,0.12572956595442017,0.10808128646693857,1.442206631506472
1423231079868074,51.6942581532,-1.3118029186,-513.861267,5728382.6736372365,616679.6378819289,513.861267,30U,143.937,61.584,-11.298,0.1262293274210298,0.10471759682107214,1.4345166118253647
1423231079959442,51.6943941291,-1.3117111057,-512.729248,5728397.941714436,616685.6333556368,512.729248,30U,143.79,61.531,-11.252,0.12515979999997415,0.10336749999967647,1.4253583999996544
1423231080066037,51.6945351494,-1.3116157537,-511.59787,5728413.77642406,616691.8604018893,511.59787,30U,143.636,61.449,-11.236,0.1255339948007466,0.10163149584465334,1.4158336134108727
1423231080170729,51.6946811083,-1.3115165161,-510.466187,5728430.166555419,616698.3432347875,510.466187,30U,143.453,61.35,-11.248,0.12658502993303328,0.09921617945353238,1.405779258093681
1423231080262097,51.6948342815,-1.3114114678,-509.332153,5728447.368258599,616705.2090375611,509.332153,30U,143.289,61.276,-11.222,0.12881040495687576,0.09701990127267146,1.3952813349549853
1423231080353465,51.6949962216,-1.3112990874,-508.201111,5728465.556626096,616712.5589507975,508.201111,30U,143.137,61.23,-11.16,0.13014829874331943,0.0968664762006207,1.3829358983746436
1423231080444832,51.6951682525,-1.3111779136,-507.072754,5728484.881222291,616720.4905469359,507.072754,30U,142.981,61.155,-11.13,0.1307349358776013,0.09710551027811104,1.3691069469573915
1423231080536200,51.6953513712,-1.3110470365,-505.942047,5728505.454377479,616729.0641297762,505.942047,30U,142.809,61.065,-11.137,0.13127209967154135,0.09543442840936471,1.353860994693132
1423231080638989,51.6955454801,-1.3109053175,-504.808838,5728527.26706242,616738.3586222394,504.808838,30U,142.644,60.978,-11.123,0.13233408115284936,0.09376127450143837,1.3375178750190868
1423231080745585,51.6957482846,-1.3107538625,-503.6745,5728550.06233965,616748.3034861692,503.6745,30U,142.476,60.885,-11.116,0.13464648797628298,0.09173619123725994,1.3202957645096263
1423231080852180,51.6959559047,-1.3105953114,-502.540649,5728573.404511882,616758.7262554439,502.540649,30U,142.313,60.796,-11.084,0.13730726659201317,0.08924222224662298,1.3016866903184539
1423231080958775,51.6961677701,-1.3104292943,-501.408264,5728597.230753257,616769.6539505569,501.408264,30U,142.147,60.706,-11.069,0.14025650000040787,0.08713339999956005,1.282308599999489
1423231081065371,51.6963733261,-1.3102663328,-500.278442,5728620.350489655,616780.3866158793,500.278442,30U,141.981,60.627,-11.051,0.14089175073980464,0.08545550045064042,1.262363970653115
1423231081171966,51.6965615415,-1.3101178528,-499.155457,5728641.518704128,616790.1630531348,499.155457,30U,141.82,60.54,-11.012,0.14060341736795082,0.08504667161893473,1.2420840189956865
1423231081278562,51.696734256,-1.3099833194,-498.03717,5728660.940831999,616799.0155151292,498.03717,30U,141.622,60.439,-11.041,0.139034749073989,0.08359635063358141,1.2214071252773715
1423231081381351,51.6968898751,-1.3098655996,-496.918884,5728678.434962423,616806.7500008724,496.918884,30U,141.428,60.383,-11.055,0.13967121212082953,0.08058089497404979,1.1988595450842263
1423231081472719,51.69702924,-1.3097648207,-495.806091,5728694.094432514,616813.3555684215,495.806091,30U,141.228,60.292,-11.021,0.1387693637937952,0.07875923071383724,1.1738179424794062
1423231081564086,51.6971559486,-1.3096785762,-494.700653,5728708.3231964735,616818.9892739658,494.700653,30U,141.017,60.192,-10.962,0.13961412672941334,0.07755284792286364,1.1483715254345503
1423231081655454,51.6972738687,-1.3096020013,-493.601685,5728721.559158758,616823.9773553362,493.601685,30U,140.809,60.128,-10.946,0.14006860879460722,0.07559424005935814,1.1204096515144266
1423231081746821,51.6968987777,-1.3102250231,-492.620056,5728678.849901948,616781.8886545195,492.620056,30U,140.611,60.066,-10.931,0.13987577446555377,0.07125043977572343,1.0884852097990934
1423231081851514,51.6963344742,-1.3107867172,-491.696472,5728615.1975404695,616744.524354627,491.696472,30U,140.395,59.965,-10.875,0.1404256730962689,0.06786488433082877,1.0551024891352914
1423231081958109,51.6960521079,-1.3109538395,-490.714569,5728583.529469841,616733.7016315521,490.714569,30U,140.191,59.869,-10.842,0.14056049999915163,0.06604450000084185,1.0208571000006172
1423231082049477,51.6959279787,-1.3109864909,-489.69812,5728569.673354812,616731.764591058,489.69812,30U,139.997,59.761,-10.811,0.1451645641944868,0.06430033233702323,0.9870203500536628
1423231082140845,51.6958983964,-1.3109619943,-488.659393,5728566.422801915,616733.5336209188,488.659393,30U,139.797,59.679,-10.804,0.14864113880247373,0.061817081078219545,0.9529532250561868
1423231082244585,51.6959852931,-1.3108893509,-487.588379,5728576.202399065,616738.3302255806,487.588379,30U,139.608,59.632,-10.796,0.14968767761230545,0.05878197370071551,0.9161199286033803
1423231082351181,51.6961169069,-1.3107992697,-486.503906,5728590.982695233,616744.2168119058,486.503906,30U,139.377,59.553,-10.791,0.15087183244668564,0.05529474441964118,0.8771256844044709
1423231082457776,51.6962493044,-1.3107073149,-485.419556,5728605.853147768,616750.2308237845,485.419556,30U,139.131,59.463,-10.775,0.15311667325682998,0.05129476629651134,0.8381656344833365
1423231082564372,51.6963808334,-1.3106145901,-484.335358,5728620.6282575615,616756.300245696,484.335358,30U,138.907,59.416,-10.783,0.15654724085483465,0.04627367262704984,0.7990375185688281
1423231082670967,51.6965099625,-1.3105223505,-483.25061,5728635.135716297,616762.3422764335,483.25061,30U,138.704,59.38,-10.794,0.1573813536587121,0.03952179157424611,0.7582082114561489
1423231082777563,51.6966206649,-1.3104468442,-482.177429,5728647.567257737,616767.2753199317,482.177429,30U,138.506,59.33,-10.76,0.15591065067646606,0.03175965652731036,0.7164499851149972
1423231082884159,51.6967128022,-1.3103864278,-481.118744,5728657.910116343,616771.2133172821,481.118744,30U,138.277,59.263,-10.731,0.15381650288199192,0.024324949297212597,0.6754260724311091
1423231082982426,51.6968055112,-1.3103221948,-480.061127,5728668.322660434,616775.4135771838,480.061127,30U,138.074,59.211,-10.718,0.15215859999966336,0.016941899999429463,0.6352156000005184
1423231083062373,51.6969012898,-1.3102533562,-479.003601,5728679.083934208,616779.9241920385,479.003601,30U,137.87,59.148,-10.686,0.15206932452695893,0.010143757886517559,0.5960491078178332
1423231083142320,51.6970019184,-1.3101799625,-477.947144,5728690.39184877,616784.737085249,477.947144,30U,137.676,59.089,-10.646,0.15044336777601308,0.004446534737202222,0.558361931263983
1423231083243919,51.6971198724,-1.3100973941,-476.884521,5728703.641134539,616790.1393748845,476.884521,30U,137.495,59.042,-10.634,0.14886502088609338,-0.0009434147708498833,0.5212889430587174
1423231083350514,51.6972464738,-1.310010264,-475.817474,5728717.85936771,616795.8346086408,475.817474,30U,137.296,58.989,-10.628,0.14617805853723748,-0.00699479674778649,0.484854706208456
1423231083457110,51.6973731433,-1.3099222816,-474.75119,5728732.0865449635,616801.5885314464,474.75119,30U,137.103,58.944,-10.608,0.14394494970989732,-0.012311845669870543,0.44961509567241315
1423231083562754,51.6974989492,-1.3098340152,-473.687103,5728746.21814656,616807.3642694107,473.687103,30U,136.899,58.896,-10.58,0.1431245919610466,-0.016688074944188187,0.4155732282805112
1423231083654121,51.6976231044,-1.309746088,-472.626373,5728760.165645083,616813.1207833427,472.626373,30U,136.715,58.852,-10.551,0.14342463747305634,-0.02117345883256553,0.38217907509226245
1423231083745489,51.6977368362,-1.309666025,-471.575989,5728772.941421505,616818.3606518711,471.575989,30U,136.537,58.802,-10.53,0.1447757105077172,-0.025770818982624327,0.34892608999996655
1423231083850182,51.6978400125,-1.3095931905,-470.535095,5728784.531801136,616823.1281532145,470.535095,30U,136.379,58.741,-10.516,0.14466391611283447,-0.03029746496604761,0.3158650985220953
1423231083956777,51.697943096,-1.3095188224,-469.494934,5728796.11432039,616828.0018491853,469.494934,30U,136.224,58.675,-10.511,0.1439242000000565,-0.03469460000009449,0.2828455000005668
1423231084063372,51.6980473734,-1.309442492,-468.453766,5728807.83275441,616833.008050046,468.453766,30U,136.052,58.608,-10.51,0.1420172522993964,-0.03957174813691661,0.2500015544954651
1423231084168064,51.6981539268,-1.3093641535,-467.41098,5728819.807512863,616838.1471321022,467.41098,30U,135.878,58.55,-10.507,0.14019128359124552,-0.04482106459715128,0.21723107634931665
1423231084259432,51.6982701179,-1.3092818021,-466.362885,5728832.860469976,616843.5386702082,466.362885,30U,135.706,58.492,-10.495,0.1382143180893775,-0.05000641441915979,0.1845950114647636
1423231084350800,51.6983894441,-1.3091988384,-465.314331,5728846.263055366,616848.9644146981,465.314331,30U,135.532,58.435,-10.466,0.13661195410235755,-0.05462250340071576,0.1528780024382075
1423231084456444,51.6985069883,-1.3091172019,-464.268982,5728859.4653536165,616854.3030046684,464.268982,30U,135.358,58.39,-10.443,0.1353855460912063,-0.058188435634055034,0.12280407310617769
1423231084562088,51.6986228264,-1.3090368879,-463.225403,5728872.47581248,616859.5545707641,463.225403,30U,135.204,58.349,-10.432,0.13376217409259752,-0.06165951877473541,0.0937574752669773
1423231084653455,51.6987369684,-1.3089578572,-462.182861,5728885.295606473,616864.7217974294,462.182861,30U,135.022,58.303,-10.426,0.13264913872870235,-0.06514887073222735,0.06652207176672999
1423231084744823,51.6988535993,-1.3088774318,-461.14035,5728898.394419855,616869.9789615603,461.14035,30U,134.842,58.255,-10.409,0.13198272828757587,-0.06858693006179842,0.04265976746231214
1423231084849515,51.6989787561,-1.308791917,-460.09729,5728912.449519007,616875.5658210195,460.09729,30U,134.702,58.209,-10.389,0.13098160790859745,-0.07150638033931506,0.020975574648139497
1423231084956110,51.6991065615,-1.3087048881,-459.054169,5728926.801589567,616881.2504508604,459.054169,30U,134.554,58.163,-10.377,0.12915489999940316,-0.07417280000055934,0.0003344000005380025
1423231085062706,51.6992367811,-1.3086157173,-458.011017,5728941.425570557,616887.0768358335,458.011017,30U,134.382,58.12,-10.363,0.12734577571693603,-0.07608140234665414,-0.018384233022948778
1423231085167398,51.6993684421,-1.3085238395,-456.967987,5728956.214186344,616893.0865305191,456.967987,30U,134.225,58.079,-10.356,0.1258717385816054,-0.07760345188400423,-0.03538717058447654
1423231085258766,51.6994934234,-1.3084344282,-455.927734,5728970.256037698,616898.9429623409,455.927734,30U,134.081,58.036,-10.342,0.12489585725709643,-0.07905581755922818,-0.05184165261460124
1423231085350134,51.6996004959,-1.30835108,-454.895813,5728982.296621134,616904.4265449446,454.895813,30U,133.927,57.987,-10.324,0.12441048196529766,-0.08029542239406219,-0.06740351581599838
1423231085455778,51.6996919981,-1.3082701613,-453.872559,5728992.601810065,616909.782349823,453.872559,30U,133.773,57.938,-10.308,0.12425558558766879,-0.08120646369315267,-0.08135841159357371
1423231085561422,51.6997678137,-1.3081918427,-452.85788,5729001.158397409,616914.9988949113,452.85788,30U,133.635,57.889,-10.302,0.12399352273718305,-0.08192029233197347,-0.09411104707753927
1423231085652789,51.6998282309,-1.3081159723,-451.851074,5729007.998675448,616920.0859405075,451.851074,30U,133.497,57.842,-10.296,0.1231457841827419,-0.08255670081284026,-0.10586768551451516
1423231085744156,51.6998971791,-1.3080413125,-450.845184,5729015.785717517,616925.0673253083,450.845184,30U,133.355,57.798,-10.289,0.12161747146155782,-0.08303767366344451,-0.1161130528712149
1423231085848848,51.7000161105,-1.3079611519,-449.822327,5729029.140005483,616930.2999499711,449.822327,30U,133.219,57.754,-10.273,0.11957646334029999,-0.08334188824867449,-0.1253937309686058
1423231085955444,51.7001452733,-1.3078792773,-448.796814,5729043.634837856,616935.6246064914,448.796814,30U,133.083,57.711,-10.26,0.11792360000019347,-0.08341029999965005,-0.1347436071803027
1423231086062040,51.7002875179,-1.3077962251,-447.767944,5729059.58633711,616940.9968748821,447.767944,30U,132.928,57.667,-10.248,0.11737174860086343,-0.08348432880309851,-0.14386679310502945
1423231086166732,51.7004466604,-1.3077122031,-446.735779,5729077.41854364,616946.3925505097,446.735779,30U,132.781,57.62,-10.233,0.11724566637174653,-0.08327990546861318,-0.15225053362976254
1423231086258100,51.7005957574,-1.3076278612,-445.704437,5729094.13415018,616951.836192631,445.704437,30U,132.652,57.571,-10.234,0.11701642551296738,-0.08311419214590969,-0.16048436935918622
1423231086349468,51.7007157408,-1.307544488,-444.679169,5729107.610605885,616957.2879330408,444.679169,30U,132.513,57.527,-10.234,0.11622219903962636,-0.08336923200267023,-0.16857992557365561
1423231086455111,51.7008355372,-1.3074610869,-443.65451,5729121.066317354,616962.7420525171,443.65451,30U,132.362,57.483,-10.216,0.11549784352421665,-0.08349621570656308,-0.17577073787957645
1423231086561707,51.700954798,-1.3073777412,-442.632172,5729134.462384713,616968.1936941072,442.632172,30U,132.218,57.436,-10.194,0.11544636040407992,-0.0831490140615369,-0.18229996978774138
1423231086668302,51.7010732554,-1.3072945288,-441.611206,5729147.768902153,616973.6381658504,441.611206,30U,132.084,57.384,-10.192,0.11600537620022047,-0.08310928617897131,-0.1890334126377843
1423231086769901,51.701187454,-1.3072122564,-440.593536,5729160.600315751,616979.0286376138,440.593536,30U,131.945,57.334,-10.192,0.11609698050937908,-0.08356858692544236,-0.195371027042997
1423231086849848,51.7012974591,-1.3071308616,-439.579773,5729172.96398704,616984.3692549261,439.579773,30U,131.811,57.282,-10.182,0.1152540995570574,-0.0839036103471172,-0.20044905838793345
1423231086929795,51.7014075388,-1.307049388,-438.566864,5729185.33608684,616989.7150970573,438.566864,30U,131.682,57.231,-10.171,0.11371790000016155,-0.08402789999917393,-0.20477040718018552
1423231087028063,51.7015183687,-1.3069677585,-437.554718,5729197.791869493,616995.0697487092,437.554718,30U,131.543,57.183,-10.156,0.11233660176715768,-0.08404214942394723,-0.20884741830360806
1423231087134658,51.7016305016,-1.3068859362,-436.543182,5729210.392868835,617000.4343331936,436.543182,30U,131.397,57.136,-10.142,0.11182302372441054,-0.0837901005169819,-0.21230040243928644
1423231087241254,51.7017474698,-1.3068035878,-435.529358,5729223.53243199,617005.8227677263,435.529358,30U,131.259,57.089,-10.141,0.11177433715057027,-0.08337307249147882,-0.21482304393798526
1423231087347849,51.7018669536,-1.3067210077,-434.513519,5729236.952122691,617011.2206922937,434.513519,30U,131.13,57.045,-10.145,0.11152754722781912,-0.0832200374725906,-0.21681073850760008
1423231087454445,51.7019864465,-1.3066384507,-433.497772,5729250.372794776,617016.616966557,433.497772,30U,130.998,57.001,-10.137,0.11120790964097349,-0.08334024730756505,-0.21879827208280866
1423231087561040,51.7021054766,-1.3065559574,-432.483154,5729263.741905061,617022.0100027546,432.483154,30U,130.86,56.96,-10.123,0.11097543421061554,-0.08348492995557942,-0.22078548386468175
1423231087667636,51.7022236328,-1.3064735478,-431.469727,5729277.013704688,617027.3994799318,431.469727,30U,130.726,56.938,-10.12,0.11149838972591938,-0.08364307804915638,-0.22256164464240122
1423231087771376,51.7023364411,-1.3063915753,-430.459442,5729289.690091538,617032.7725244502,430.459442,30U,130.607,56.946,-10.111,0.11239140331147182,-0.08403030411342406,-0.22430014572653875
1423231087862744,51.7024438549,-1.3063099363,-429.45163,5729301.766049415,617038.1364173938,429.45163,30U,130.504,57.022,-10.123,0.11344377479698817,-0.0850672096814238,-0.22605415277128196
1423231087954112,51.7025512172,-1.3062280872,-428.442902,5729313.836623373,617043.5149334586,428.442902,30U,130.405,57.127,-10.124,0.11400600000055042,-0.08656279999938839,-0.22741620718023162
1423231088060707,51.702659186,-1.306145986,-427.434509,5729325.975054333,617048.9092764243,427.434509,30U,130.305,57.219,-10.111,0.11407873665646848,-0.08714748198966223,-0.22828085910958862
1423231088165399,51.7027683287,-1.3060636786,-426.427338,5729338.24436701,617054.3148098933,426.427338,30U,130.192,57.234,-10.092,0.11393392438983188,-0.08609528920840799,-0.2289166770879736
1423231088256767,51.7028819117,-1.3059811329,-425.418976,5729351.007856088,617059.7253202444,425.418976,30U,130.061,57.195,-10.093,0.11381205727746621,-0.08472076019651073,-0.22967869315566725
1423231088348135,51.7029936606,-1.3058986338,-424.409515,5729363.567313997,617065.1373159057,424.409515,30U,129.927,57.139,-10.093,0.11387753155902551,-0.08418638174385334,-0.23049435764958218
1423231088439502,51.7031004028,-1.3058163249,-423.400757,5729375.569698352,617070.549065106,423.400757,30U,129.791,57.078,-10.086,0.11404457512281567,-0.08420560949866115,-0.23126524241413826
1423231088530870,51.7032020735,-1.3057342056,-422.392944,5729387.007803912,617075.9607786224,422.392944,30U,129.655,57.014,-10.078,0.11403437921475813,-0.08449699854060949,-0.2319930758035152
1423231088633659,51.7032987211,-1.305652266,-421.386261,5729397.887028874,617081.3730176049,421.386261,30U,129.521,56.95,-10.068,0.11404162845551426,-0.08488795772277552,-0.23274360687343776
1423231088740255,51.70340091,-1.3055702825,-420.380066,5729409.3825561935,617086.7739588642,420.380066,30U,129.387,56.889,-10.061,0.11400753764434807,-0.08527869510850021,-0.2334971928263113
1423231088846850,51.7035232966,-1.305487965,-419.372681,5729423.124730428,617092.1458032737,419.372681,30U,129.254,56.837,-10.055,0.11397426208345682,-0.08592046851506681,-0.23423768181800592
1423231088953445,51.703651975,-1.3054056065,-418.365601,5729437.566662565,617097.5042035154,418.365601,30U,129.123,56.795,-10.043,0.11397719999967734,-0.0864615000005172,-0.23497370717900778
1423231089060041,51.7037889007,-1.3053231601,-417.358673,5729452.925891154,617102.8473482286,417.358673,30U,128.995,56.767,-10.038,0.1139891751225543,-0.08692346204772097,-0.23571377171186433
1423231089166637,51.7039349965,-1.3052405827,-416.351929,5729469.305106276,617108.1758291791,416.351929,30U,128.869,56.75,-10.029,0.11395204515908965,-0.0874117202516889,-0.23636811367245217
1423231089273232,51.7040702678,-1.305158232,-415.346954,5729484.480215099,617113.516562359,415.346954,30U,128.746,56.74,-10.022,0.11394294157058046,-0.08767438478698095,-0.23687044895167514
1423231089376021,51.7041835298,-1.3050762951,-414.344177,5729497.2071007285,617118.8855100841,414.344177,30U,128.625,56.733,-10.015,0.11382270680008699,-0.08789431034706732,-0.23731570827822246
1423231089467389,51.7042886095,-1.3049944889,-413.342987,5729509.023862314,617124.2665307805,413.342987,30U,128.503,56.726,-10.006,0.11377771260292431,-0.08805213813781997,-0.2377510649888211
1423231089558757,51.7043852984,-1.3049128049,-412.343323,5729519.907327,617129.6607534909,412.343323,30U,128.38,56.718,-10.001,0.11372576219182433,-0.08811507970752452,-0.23804345172729238
1423231089650124,51.7044741898,-1.3048312141,-411.34494,5729529.923519792,617135.0686527676,411.34494,30U,128.26,56.71,-9.996,0.11371206208499846,-0.08822691396921804,-0.23828211485599418
1423231089741491,51.7045604883,-1.3047496319,-410.350464,5729539.651359054,617140.4826330772,410.350464,30U,128.14,56.704,-9.988,0.11363518706841903,-0.08831961260330833,-0.23852300573691582
1423231089846183,51.7046629686,-1.3046678133,-409.358093,5729551.179096856,617145.8711243885,409.358093,30U,128.016,56.697,-9.982,0.11361298329685311,-0.08833316319301313,-0.23867783835941248
1423231089952779,51.7047716047,-1.3045859193,-408.36499,5729563.39152374,617151.2488968384,408.36499,30U,127.893,56.686,-9.976,0.11363839999966047,-0.08832970000075559,-0.23872410717925455
1423231090044147,51.704885821,-1.3045039824,-407.371399,5729576.224577403,617156.615189502,407.371399,30U,127.77,56.667,-9.967,0.11365773747982769,-0.08827752847389266,-0.23875913371728325
1423231090135515,51.7050050717,-1.3044220376,-406.377533,5729589.617505468,617161.9689920451,406.377533,30U,127.642,56.629,-9.958,0.11365218285254615,-0.08806312646026448,-0.23879139593477483
1423231090239255,51.7051251168,-1.3043401716,-405.382324,5729603.09865541,617167.3152671267,405.382324,30U,127.505,56.562,-9.952,0.11358378690378164,-0.08779415400834975,-0.23876693322370057
1423231090345851,51.7052386861,-1.3042584507,-404.38678,5729615.859431057,617172.6682187918,404.38678,30U,127.371,56.506,-9.947,0.11353523769433481,-0.08805288277905467,-0.2387835503324666
1423231090452446,51.705349326,-1.304176816,-403.392731,5729628.294307809,617178.0227553437,403.392731,30U,127.242,56.462,-9.929,0.11355117905001166,-0.08816133599939319,-0.2387933081820805
1423231090559041,51.7054561611,-1.3040952638,-402.400299,5729640.305941865,617183.3813957394,402.400299,30U,127.111,56.411,-9.923,0.11355668330534564,-0.08789444909550688,-0.23879858772627327
1423231090665637,51.7055585701,-1.3040138015,-401.408813,5729651.8252290385,617188.7452357864,401.408813,30U,126.977,56.352,-9.916,0.11351750362197145,-0.08796839319987206,-0.23881887923133488
1423231090772233,51.7056602967,-1.3039324001,-400.419189,5729663.268537707,617194.1066057896,400.419189,30U,126.845,56.302,-9.905,0.11352030851094172,-0.08808114599169897,-0.2388070207854638
1423231090878829,51.7057708537,-1.3038510192,-399.430664,5729675.693813023,617199.443711515,399.430664,30U,126.714,56.253,-9.896,0.1135156205460989,-0.08801709053890316,-0.23881452121226052
1423231090977097,51.7058837926,-1.3037697059,-398.442749,5729688.3838675665,617204.7699623241,398.442749,30U,126.581,56.197,-9.887,0.11352710000070428,-0.08793460000050458,-0.23883180718006508
1423231091057043,51.705999559,-1.3036884707,-397.455322,5729701.388237857,617210.0834800986,397.455322,30U,126.448,56.143,-9.878,0.11351730818174713,-0.08802003404541331,-0.23881590818178383
1423231091136990,51.7061183317,-1.303607312,-396.468384,5729714.726810084,617215.383912164,396.468384,30U,126.317,56.093,-9.867,0.11350327900879878,-0.08804522845610581,-0.2388308541761883
1423231091238589,51.7062362757,-1.3035262374,-395.481781,5729727.9730970645,617220.6806458448,395.481781,30U,126.184,56.041,-9.858,0.11348762487672096,-0.08796876661132019,-0.2388464585943077
1423231091345184,51.7063490623,-1.3034452445,-394.496033,5729740.645725262,617225.9850376379,394.496033,30U,126.051,55.986,-9.849,0.11348503747148343,-0.08799987967436165,-0.23885620428595805
1423231091451780,51.7064598493,-1.3033643247,-393.511353,5729753.095874741,617231.2895199761,393.511353,30U,125.919,55.935,-9.84,0.11348412078616305,-0.08804503764449469,-0.23887073338752668
1423231091557423,51.7065679952,-1.3032834691,-392.527893,5729765.252221124,617236.5963671086,392.527893,30U,125.787,55.884,-9.831,0.113476916693584,-0.0880132954146925,-0.23887949574496845
1423231091648791,51.7066730251,-1.3032026719,-391.545776,5729777.061961989,617241.9072086714,391.545776,30U,125.654,55.83,-9.822,0.11347273340640235,-0.08799157516565187,-0.23888022934175968
1423231091740159,51.7067772977,-1.3031219402,-390.565186,5729788.787387482,617247.2154565528,390.565186,30U,125.521,55.777,-9.813,0.11347229999926117,-0.08802478772539313,-0.23888674566116702
1423231091844851,51.7068874123,-1.3030413025,-389.585693,5729801.162333514,617252.5020776507,389.585693,30U,125.389,55.726,-9.803,0.11347076659312295,-0.08801888736060408,-0.2388876458234554
1423231091951447,51.7069991373,-1.3029607472,-388.606903,5729813.71623943,617257.7788137597,388.606903,30U,125.257,55.673,-9.793,0.11345009999935177,-0.08799909999913287,-0.23889570717987507
1423231092058042,51.7071127578,-1.3028802837,-387.628662,5729826.480794942,617263.0442775807,387.628662,30U,125.124,55.62,-9.784,0.11344127070329717,-0.0880152419001221,-0.23890310851211288
1423231092162734,51.7072283688,-1.3027999165,-386.65094,5729839.466557375,617268.2979118468,386.65094,30U,124.991,55.568,-9.775,0.1134438792305093,-0.0880258248331959,-0.23890697923176948
1423231092254102,51.7073435521,-1.3027196238,-385.673553,5729852.404643394,617273.5474761785,385.673553,30U,124.858,55.515,-9.766,0.11345273731576992,-0.08801011227447605,-0.23892894173600088
1423231092345470,51.7074553674,-1.3026393735,-384.697113,5729864.9681255715,617278.8027933973,384.697113,30U,124.726,55.463,-9.757,0.11343318329609306,-0.08801770022255347,-0.23893538736084688
1423231092451114,51.7075658224,-1.3025591834,-383.721802,5729877.380243566,617284.0574420074,383.721802,30U,124.594,55.41,-9.747,0.1134172248763321,-0.08802617921531922,-0.2389368792141863
1423231092556758,51.7076744776,-1.3024790456,-382.74762,5729889.59213502,617289.3131052031,382.74762,30U,124.462,55.358,-9.738,0.11341514173511273,-0.08802491260195579,-0.23894945433762685
1423231092648125,51.7077810031,-1.3023989524,-381.774628,5729901.567125431,617294.5711690629,381.774628,30U,124.329,55.306,-9.729,0.11342404175888993,-0.08802361670371281,-0.23895242505556533
1423231092739493,51.7078869045,-1.3023189297,-380.803223,5729913.472604917,617299.8259501352,380.803223,30U,124.198,55.253,-9.719,0.11341346235661719,-0.0880263000008301,-0.23895073747925827
1423231092844185,51.7079966056,-1.30223904,-379.832672,5729925.800426118,617305.061686053,379.832672,30U,124.066,55.2,-9.711,0.11339928329653798,-0.08802290857302074,-0.23895800857328198
1423231092950780,51.7081073488,-1.3021592429,-378.862854,5729938.2439922765,617310.2883010245,378.862854,30U,123.933,55.147,-9.702,0.11339540000003882,-0.0880294000005423,-0.23896710717887615
1423231093057376,51.708219319,-1.3020795457,-377.893585,5729950.823853629,617315.504811964,377.893585,30U,123.801,55.095,-9.693,0.11341243338903002,-0.08803080000069381,-0.2389823960728827
1423231093162068,51.7083325712,-1.3019999554,-376.924927,5729963.546115236,617320.7105925295,376.924927,30U,123.669,55.042,-9.684,0.11339827494477996,-0.08803353340795926,-0.23899610000023433
1423231093253436,51.7084455499,-1.3019204327,-375.956696,5729976.237859312,617325.912382402,375.956696,30U,123.536,54.989,-9.675,0.11338807070277525,-0.08803177495906728,-0.23899759148879993
1423231093344803,51.7085562915,-1.301840931,-374.98941,5729988.680796644,617331.1184823879,374.98941,30U,123.404,54.937,-9.666,0.11336357494389165,-0.08803060428645282,-0.23899851670354436
1423231093450448,51.7086660856,-1.3017614836,-374.023163,5730001.018284947,617336.3232554785,374.023163,30U,123.271,54.884,-9.657,0.11337687921527914,-0.0880391333876214,-0.2390072499174783
1423231093556092,51.7087746418,-1.3016820825,-373.058044,5730013.218042846,617341.5280062921,373.058044,30U,123.139,54.831,-9.647,0.11337357921479732,-0.08803787921496486,-0.23900645842986112
1423231093647459,51.7088817431,-1.3016027199,-372.094116,5730025.255951169,617346.7338358094,372.094116,30U,123.007,54.779,-9.639,0.11336284582387,-0.08803896681514292,-0.23902099571353333
1423231093738826,51.7089883991,-1.3015234323,-371.131592,5730037.244224796,617351.9356098737,371.131592,30U,122.875,54.726,-9.629,0.11336003747914777,-0.08804690834772816,-0.23902473780766
1423231093843518,51.7090975505,-1.3014442972,-370.169983,5730049.50976261,617357.1203630052,370.169983,30U,122.743,54.674,-9.62,0.11335634175841931,-0.08805155417508687,-0.23904395011106797
1423231093950114,51.7092073546,-1.3013652587,-369.209076,5730061.847735156,617362.2967260131,369.209076,30U,122.61,54.62,-9.611,0.11335809999961713,-0.08804390000049098,-0.2390558071798743
1423231094056710,51.7093179352,-1.3012863263,-368.248901,5730074.271894441,617367.4637219103,368.248901,30U,122.478,54.567,-9.602,0.11334859590865916,-0.08804967921499533,-0.2390655166943399
1423231094161402,51.7094293294,-1.3012075053,-367.289368,5730086.7863576645,617372.6208882612,367.289368,30U,122.345,54.515,-9.592,0.11334222483380683,-0.08805567923110336,-0.23907437516706362
1423231094252770,51.7095404921,-1.3011287471,-366.330414,5730099.274981559,617377.7742879891,366.330414,30U,122.213,54.462,-9.583,0.1133368042565385,-0.08805384582730132,-0.23907918739760384
1423231094344138,51.7096501182,-1.3010499999,-365.372345,5730111.592714456,617382.9308786981,365.372345,30U,122.081,54.408,-9.574,0.11333220428596058,-0.08805903340660516,-0.2390893584626448
1423231094449781,51.7097590735,-1.3009713048,-364.415314,5730123.835772407,617388.0855799173,364.415314,30U,121.949,54.356,-9.565,0.1133260374792079,-0.08806160000053669,-0.2390918458256096
1423231094556376,51.7098671699,-1.3008926527,-363.459412,5730135.983252188,617393.2395076291,363.459412,30U,121.816,54.304,-9.555,0.11332050409083805,-0.08805878739721111,-0.23909159574436242
1423231094662972,51.709974269,-1.3008140374,-362.5047,5730148.019772848,617398.393448866,362.5047,30U,121.684,54.251,-9.546,0.11331683747172953,-0.08806223340670218,-0.23910339999950558
1423231094764571,51.7100827178,-1.3007355515,-361.549042,5730160.206185936,617403.5349292997,361.549042,30U,121.551,54.198,-9.536,0.11331432094954892,-0.08806511669411712,-0.23910762929705698
1423231094844518,51.7102008301,-1.3006575001,-360.583191,5730173.466545215,617408.621341523,360.583191,30U,121.419,54.145,-9.527,0.11331283318551597,-0.08806802054674666,-0.2391224205470793
1423231094924465,51.7103336724,-1.3005801106,-359.599609,5730188.36391008,617413.623851615,359.599609,30U,121.286,54.091,-9.518,0.11329629999916173,-0.08806669999921866,-0.23913650717975726
1423231095022733,51.710446277,-1.3005020243,-358.643738,5730201.0118476,617418.7268796266,358.643738,30U,121.154,54.039,-9.509,0.11328972487612124,-0.08807129181736366,-0.239144471031613
1423231095129328,51.7105499613,-1.3004236878,-357.700409,5730212.668202354,617423.870268181,357.700409,30U,121.022,53.986,-9.5,0.11328133747299864,-0.08807088329687231,-0.23914780406419622
1423231095235924,51.7106436085,-1.3003450656,-356.77179,5730223.20883661,617429.0593655206,356.77179,30U,120.89,53.933,-9.491,0.11327320818312844,-0.08806728739675974,-0.23916083747968245
1423231095342519,51.7107325529,-1.3002663515,-355.850494,5730233.226644868,617434.2669699122,355.850494,30U,120.758,53.881,-9.481,0.11326652483396635,-0.08807280000000355,-0.23916492527641003
1423231095449115,51.7108311597,-1.3001880719,-354.916504,5730244.318276847,617439.4195069701,354.916504,30U,120.626,53.828,-9.472,0.1132633207847055,-0.08806790851231665,-0.2391790751231682
1423231095555710,51.7109394775,-1.3001102283,-353.969788,5730256.489134675,617444.5167438084,353.969788,30U,120.494,53.774,-9.463,0.11326170409145535,-0.08808047512378643,-0.23919022929727024
1423231095662306,51.7110477221,-1.3000324627,-353.023926,5730268.651732412,617449.6087554886,353.023926,30U,120.362,53.722,-9.454,0.11325950406553598,-0.08808443747148341,-0.23919737923053724
1423231095766046,51.7111558477,-1.2999547736,-352.078979,5730280.800979222,617454.6957643563,352.078979,30U,120.23,53.669,-9.445,0.11326178330671412,-0.08808465843016672,-0.23919821669361757
1423231095857414,51.7112638551,-1.2998771603,-351.134979,5730292.936965177,617459.7778167777,351.134979,30U,120.098,53.616,-9.435,0.11325122076781259,-0.08808319999988248,-0.23920728780504005
1423231095948782,51.7113717437,-1.2997996232,-350.191925,5730305.059622895,617464.8548867549,350.191925,30U,119.966,53.564,-9.426,0.11324829999945195,-0.08809470000050383,-0.2392265000002376
1423231096055378,51.7114795129,-1.2997221619,-349.249786,5730317.168886278,617469.9270035587,349.249786,30U,119.834,53.511,-9.417,0.11324575843005125,-0.08809319999996747,-0.23923370442093853
1423231096160069,51.711587164,-1.2996447765,-348.308563,5730329.264899716,617474.9941569914,348.308563,30U,119.702,53.458,-9.407,0.11323227472310868,-0.08809242076805232,-0.23924502076928927
1423231096251437,51.7116946964,-1.2995674679,-347.368286,5730341.347595021,617480.0562865143,347.368286,30U,119.57,53.405,-9.398,0.11322068330563179,-0.08809970000054632,-0.239260420950725
1423231096342805,51.7118021103,-1.2994902345,-346.428925,5730353.41699699,617485.1135022233,346.428925,30U,119.438,53.353,-9.389,0.11321393340706533,-0.08809995824120777,-0.2392663040646797
1423231096434172,51.7119094052,-1.299413077,-345.490448,5730365.473048883,617490.1657571371,345.490448,30U,119.306,53.301,-9.38,0.11323180409158522,-0.08810119590828557,-0.2392754126029426
1423231096525540,51.7120165817,-1.299335995,-344.552948,5730377.5158180455,617495.2130774134,344.552948,30U,119.174,53.248,-9.371,0.11321841652959516,-0.08809866661204016,-0.2392817126027518
1423231096628329,51.7121236397,-1.2992589891,-343.616272,5730389.545292374,617500.2554219424,343.616272,30U,119.042,53.195,-9.362,0.11320603318467816,-0.08810039593487756,-0.23928385417584921
1423231096734925,51.7122305786,-1.2991820596,-342.680542,5730401.561404649,617505.2927716348,342.680542,30U,118.91,53.143,-9.353,0.11319392504153226,-0.08810763338767993,-0.23929606661114458
1423231096841520,51.7123373989,-1.2991052056,-341.745697,5730413.564211902,617510.3251874498,341.745697,30U,118.777,53.09,-9.344,0.1131988625273716,-0.08810550406504855,-0.2392957580194795
1423231096948115,51.7124441001,-1.2990284281,-340.811768,5730425.553656908,617515.352601681,340.811768,30U,118.646,53.037,-9.335,0.1132087000006513,-0.08810600000035551,-0.23930939999985995
1423231097054711,51.7125506828,-1.2989517275,-339.878754,5730437.529805725,617520.374985221,339.878754,30U,118.514,52.984,-9.325,0.11320174566119759,-0.08811198739773304,-0.23931600000082362
1423231097161307,51.7126571473,-1.2988751032,-338.946655,5730449.492692668,617525.3923788209,338.946655,30U,118.382,52.931,-9.317,0.11318982076889648,-0.08811152076824955,-0.2393184751656823
1423231097267902,51.7127634927,-1.2987985561,-338.015472,5730461.442216181,617530.4047227205,338.015472,30U,118.25,52.878,-9.307,0.11318969590804182,-0.08811497921495685,-0.23933490000025123
1423231097370691,51.7128697196,-1.2987220848,-337.085175,5730473.378445231,617535.4121121605,337.085175,30U,118.118,52.825,-9.298,0.11318992483415315,-0.0881168000000284,-0.23933390406476548
1423231097462059,51.7129758276,-1.2986456897,-336.155823,5730485.301334674,617540.4145206243,336.155823,30U,117.986,52.772,-9.289,0.11318162078621029,-0.08811741669466631,-0.23934840851181313
1423231097553426,51.7130818172,-1.2985693707,-335.227417,5730497.210940253,617545.4119538043,335.227417,30U,117.854,52.72,-9.279,0.11317007086742703,-0.08811491243865968,-0.2393486333887606
1423231097644794,51.713187688,-1.2984931278,-334.299896,5730509.107217473,617550.4044128159,334.299896,30U,117.721,52.667,-9.271,0.11317322076784786,-0.08811757923194355,-0.23935341263781396
1423231097736161,51.7132934393,-1.2984169611,-333.37326,5730520.990088312,617555.3918926468,333.37326,30U,117.589,52.614,-9.261,0.1131707833055917,-0.08811998330605111,-0.23938007921453192
1423231097840854,51.7133990719,-1.2983408703,-332.44754,5730532.8596422,617560.374412027,332.44754,30U,117.456,52.562,-9.253,0.11316300406419229,-0.08811556252842748,-0.23938893340770828
1423231097947449,51.7135045855,-1.2982648557,-331.522797,5730544.715845277,617565.3519510888,331.522797,30U,117.324,52.509,-9.243,0.11316690000036587,-0.08812460000037395,-0.23939729999952486
1423231098038817,51.7136099801,-1.2981889182,-330.598999,5730556.558696077,617570.3244477389,330.598999,30U,117.192,52.455,-9.233,0.11315730000007487,-0.0881227792153024,-0.23939779999970368
1423231098130185,51.7137152567,-1.2981130566,-329.676117,5730568.38830772,617575.291982362,329.676117,30U,117.06,52.403,-9.224,0.11314670406429812,-0.08811942505550856,-0.23939978329587253
1423231098233925,51.7138204138,-1.2980372718,-328.754181,5730580.204511932,617580.2544967543,328.754181,30U,116.928,52.35,-9.215,0.11314418330620339,-0.0881175207861029,-0.23940018330613846
1423231098340521,51.7139254526,-1.2979615624,-327.83316,5730592.007444402,617585.2120845948,327.83316,30U,116.796,52.298,-9.205,0.11314859164835613,-0.08812422076825276,-0.23940402121185977
1423231098447116,51.7140303725,-1.2978859292,-326.913055,5730603.797037098,617590.1646922556,326.913055,30U,116.664,52.245,-9.196,0.11314016235558613,-0.08813087921505708,-0.23942060851214744
1423231098553711,51.7141351743,-1.2978103715,-325.993896,5730615.573380098,617595.1123660951,325.993896,30U,116.533,52.193,-9.187,0.1131331040905021,-0.08811989148776982,-0.23941389590952175
1423231098660307,51.7142398577,-1.2977348896,-325.075684,5730627.336439539,617600.0550862472,325.075684,30U,116.4,52.14,-9.177,0.11311498329680973,-0.08812412934267055,-0.2394230167034867
1423231098766903,51.7143444217,-1.2976594844,-324.158386,5730639.086102747,617604.9927932121,324.158386,30U,116.268,52.087,-9.168,0.11312270409062315,-0.08813187512261754,-0.2394260959093462
1423231098873499,51.7144488676,-1.2975841546,-323.242035,5730650.822516375,617609.9255735007,323.242035,30U,116.137,52.034,-9.158,0.11312037923177436,-0.08812938736171767,-0.23943719593460816
1423231098971766,51.7145531947,-1.2975089018,-322.32663,5730662.5455999775,617614.8533184803,322.32663,30U,116.004,51.981,-9.149,0.11311949999947438,-0.0881212999998921,-0.23945169999942864
1423231099051713,51.7146574025,-1.297433726,-321.41217,5730674.255297939,617619.7760295268,321.41217,30U,115.872,51.928,-9.14,0.113108524876955,-0.08813702929631952,-0.23945573322320127
1423231099131660,51.7147614923,-1.2973586258,-320.498718,5730685.951757062,617624.693800056,320.498718,30U,115.74,51.876,-9.13,0.11309761670352039,-0.08812920406549431,-0.239464516704363
1423231099233259,51.7148654626,-1.2972836018,-319.586182,5730697.634809561,617629.6065925936,319.586182,30U,115.607,51.823,-9.121,0.11309498330536641,-0.08813198772602489,-0.2394752417351632
1423231099339854,51.7149693146,-1.2972086541,-318.6745,5730709.304588703,617634.5143971937,318.6745,30U,115.476,51.77,-9.112,0.11309012483407296,-0.08813569999945597,-0.23948951263795826
1423231099446450,51.7150730477,-1.2971337826,-317.763824,5730720.961027909,617639.4172223997,317.763824,30U,115.344,51.718,-9.102,0.1130850040904075,-0.08814430409044122,-0.2394971999999899
1423231099552094,51.7151766624,-1.2970589866,-316.854034,5730732.604183893,617644.3151153487,316.854034,30U,115.212,51.665,-9.093,0.11307841669421169,-0.08813786661104683,-0.2395124459903128
1423231099643461,51.7152801587,-1.2969842664,-315.945251,5730744.234056157,617649.208055393,315.945251,30U,115.08,51.612,-9.083,0.11306422483388777,-0.08813456659311172,-0.23952585824173045
1423231099734829,51.7153835359,-1.2969096237,-315.037323,5730755.850564101,617654.095926996,315.037323,30U,114.948,51.559,-9.074,0.11306396252137317,-0.08814596661254685,-0.23952720000024483
1423231099839521,51.7154867951,-1.2968350567,-314.130432,5730767.453832933,617658.9788517217,314.130432,30U,114.816,51.506,-9.064,0.11306192076889167,-0.08813880406578532,-0.23954189593434602
1423231099946117,51.7155899357,-1.2967605661,-313.224457,5730779.043794789,617663.8567828496,313.224457,30U,114.685,51.453,-9.055,0.1130651999999554,-0.08813270000012863,-0.23955279999927556
1423231100052712,51.7156929574,-1.2966861526,-312.319397,5730790.620415162,617668.7296728817,312.319397,30U,114.552,51.4,-9.046,0.11304001243793488,-0.08814031669377881,-0.23956154156984596
1423231100157404,51.715795861,-1.2966118151,-311.415253,5730802.183784773,617673.5975958047,311.415253,30U,114.421,51.347,-9.037,0.11303522076911855,-0.08814122076909536,-0.23956303340747742
1423231100248772,51.7158986457,-1.2965375543,-310.512085,5730813.733813513,617678.4605054202,310.512085,30U,114.289,51.294,-9.027,0.11301862504063591,-0.08813551669450595,-0.2395781792141559
1423231100340140,51.716001312,-1.2964633696,-309.609802,5730825.270557937,617683.3184419532,309.609802,30U,114.157,51.242,-9.018,0.11302358329589336,-0.0881461460463566,-0.2395815541765291
1423231100445784,51.7161038594,-1.2963892612,-308.708527,5730836.7939621005,617688.1713929632,308.708527,30U,114.025,51.189,-9.008,0.11301361669442894,-0.08813577070274399,-0.23958343764335543
1423231100551427,51.7162062887,-1.2963152291,-307.808197,5730848.3041149555,617693.0193564505,307.808197,30U,113.893,51.135,-8.999,0.1130093207846413,-0.08812961669449074,-0.2395927459904018
1423231100642795,51.7163085991,-1.2962412737,-306.908813,5730859.800926874,617697.8623069401,306.908813,30U,113.761,51.083,-8.989,0.11301176252819012,-0.08814076659253609,-0.23959814153790332
1423231100734163,51.7164107908,-1.296167395,-306.010406,5730871.2844200805,617702.7002439905,306.010406,30U,113.629,51.03,-8.979,0.11301272078550796,-0.08814070818334734,-0.23960707921541383
1423231100838855,51.7165128642,-1.2960935927,-305.112976,5730882.754639529,617707.5331873606,305.112976,30U,113.497,50.976,-8.97,0.1130146000007122,-0.0881329167036992,-0.23961502889868666
1423231100945450,51.7166148183,-1.2960198676,-304.216492,5730894.211472703,617712.3610844661,304.216492,30U,113.365,50.923,-8.96,0.11300090000035144,-0.0881330999999226,-0.2396136999997582
1423231101052046,51.7167166522,-1.2959462223,-303.321106,5730905.654815311,617717.1837581233,303.321106,30U,113.231,50.866,-8.949,0.11300142520482995,-0.08805725351634332,-0.2395679248759657
1423231101156738,51.7168183682,-1.2958726616,-302.426727,5730917.084915362,617722.0008708735,302.426727,30U,113.099,50.805,-8.939,0.11300560813072844,-0.08799014131483951,-0.23964541803406098
1423231101248106,51.7169199633,-1.2957991887,-301.533325,5730928.501434063,617726.8122095474,301.533325,30U,112.963,50.745,-8.93,0.11300175826426578,-0.08795893731490803,-0.23971224140626288
1423231101339474,51.7170214369,-1.2957258047,-300.640808,5730939.904302892,617731.6176998038,300.640808,30U,112.829,50.682,-8.92,0.11299412889952522,-0.08789515395370662,-0.23968118329665822
1423231101445118,51.717122791,-1.2956525118,-299.749237,5730951.293740695,617736.4171845643,299.749237,30U,112.697,50.619,-8.911,0.11296877888574858,-0.08792476285011079,-0.23973981326082922
1423231101550762,51.7172240247,-1.2955793121,-298.858734,5730962.669643985,617741.2105211939,298.858734,30U,112.561,50.554,-8.9,0.11294834582575795,-0.08789159967097007,-0.23984485875896447
1423231101642129,51.7173251359,-1.2955062049,-297.969116,5730974.031780331,617745.9977635829,297.969116,30U,112.425,50.49,-8.892,0.11294860812954591,-0.08790011352494231,-0.23986989637800366
1423231101733496,51.7174261261,-1.2954331905,-297.080505,5730985.380316044,617750.7788872003,297.080505,30U,112.292,50.426,-8.881,0.11293799999915366,-0.08793923322309544,-0.2399503924763061
1423231101838189,51.7175269974,-1.2953602621,-296.192749,5730996.715495609,617755.5543563815,296.192749,30U,112.16,50.371,-8.873,0.11293361219429027,-0.08800597198871651,-0.2400892640802465
1423231101944784,51.7176277495,-1.2952874098,-295.305939,5731008.037301623,617760.3248558249,295.305939,30U,112.027,50.32,-8.862,0.11288810000085889,-0.08807790000043086,-0.24018249999998437
1423231102051380,51.717728383,-1.2952146312,-294.420197,5731019.345804665,617765.0905498264,294.420197,30U,111.897,50.269,-8.855,0.11287996661121029,-0.08801876694161234,-0.24024622553493705
1423231102156072,51.7178288989,-1.2951419293,-293.535278,5731030.641111088,617769.851228641,293.535278,30U,111.764,50.211,-8.843,0.11284994538077033,-0.08801127383647181,-0.2403496927562643
1423231102247440,51.717929294,-1.2950693184,-292.651459,5731041.922841934,617774.6059128983,292.651459,30U,111.629,50.145,-8.834,0.11284882078484812,-0.08789248330673574,-0.24047270916968777
1423231102338808,51.7180295681,-1.294996805,-291.768433,5731053.190964453,617779.3541542209,291.768433,30U,111.494,50.077,-8.825,0.1128000325211443,-0.08796705417628861,-0.24061995979218911
1423231102444451,51.7181297206,-1.2949243891,-290.886444,5731064.4454119,617784.095954254,290.886444,30U,111.359,50.01,-8.814,0.11274415367933067,-0.08798635842887753,-0.24077825941699704
1423231102551047,51.7182297513,-1.2948520695,-290.005554,5731075.686163955,617788.831396492,290.005554,30U,111.223,49.943,-8.804,0.11270479148862193,-0.08797189999918098,-0.2409353887130204
1423231102657642,51.7183296605,-1.2947798476,-289.125641,5731086.913251698,617793.560383539,289.125641,30U,111.088,49.875,-8.794,0.11266142439036242,-0.08802833022890255,-0.24113299364302077
1423231102759241,51.7184294472,-1.2947077242,-288.246826,5731098.126562611,617798.2828628214,288.246826,30U,110.952,49.807,-8.782,0.11265420409065595,-0.08806294958859809,-0.2413227261921262
1423231102839188,51.7185291121,-1.2946356989,-287.36908,5731109.326175164,617802.998860235,287.36908,30U,110.816,49.738,-8.772,0.11262813252111463,-0.08808105912840744,-0.24152436452392273
1423231102919135,51.7186286552,-1.2945637742,-286.49234,5731120.512085303,617807.7082031841,286.49234,30U,110.681,49.669,-8.762,0.11261709999995212,-0.08812680000011339,-0.24176119999968237
1423231103017403,51.7187280758,-1.2944919507,-285.616699,5731131.6842141915,617812.4108521322,285.616699,30U,110.545,49.598,-8.751,0.11257645793661361,-0.08815218347010645,-0.24201027251289853
1423231103123999,51.7188273751,-1.2944202294,-284.742157,5731142.842693643,617817.1067349745,284.742157,30U,110.409,49.527,-8.741,0.11252199955719165,-0.0881715090174576,-0.24227320694765142
1423231103230594,51.718926552,-1.2943486111,-283.868591,5731153.98740002,617821.7957994001,283.868591,30U,110.273,49.456,-8.73,0.11245924566274156,-0.088247367269792,-0.2425704145769867
1423231103337189,51.7190256066,-1.2942770947,-282.996124,5731165.118346196,617826.4781212169,282.996124,30U,110.137,49.385,-8.719,0.11245447065832895,-0.08834631803454607,-0.24285819815267284
1423231103443785,51.7191245378,-1.2942056806,-282.124786,5731176.235409179,617831.1536757427,282.124786,30U,110.0,49.315,-8.708,0.11243578737992523,-0.08844673377805971,-0.2431191729718842
1423231103550380,51.7192233472,-1.2941343687,-281.254517,5731187.33876704,617835.8224658142,281.254517,30U,109.865,49.244,-8.698,0.11242339181770346,-0.08849183371774044,-0.24340360639505246
1423231103656976,51.7193220347,-1.2940631581,-280.385223,5731198.4284100905,617840.4845539435,280.385223,30U,109.728,49.174,-8.688,0.11241532845590042,-0.08859223880252834,-0.24366836045772364
1423231103760716,51.7194205994,-1.2939920483,-279.516907,5731209.504239033,617845.1399770931,279.516907,30U,109.593,49.105,-8.677,0.11239479999970355,-0.08876349689663908,-0.2439050265213541
1423231103852084,51.7195190421,-1.29392104,-278.649902,5731220.5663416805,617849.7886849194,278.649902,30U,109.456,49.032,-8.663,0.11237647043670738,-0.08882377427883634,-0.2441166306727075
1423231103943452,51.7196173603,-1.2938501456,-277.784454,5731231.614419969,617854.4298275225,277.784454,30U,109.316,48.947,-8.647,0.11232750000077221,-0.08858870000086227,-0.24424900000015978
1423231104050047,51.7197155518,-1.2937793803,-276.92038,5731242.648204675,617859.0623608329,276.92038,30U,109.174,48.855,-8.635,0.11227976595433385,-0.08829896104031265,-0.24425207037465324
1423231104154739,51.7198136158,-1.2937087515,-276.057526,5731253.667594858,617863.6857759033,276.057526,30U,109.032,48.758,-8.622,0.11219140340052927,-0.08811020229068206,-0.24415945306767017
1423231104246107,51.7199115519,-1.2936382631,-275.196014,5731264.672539705,617868.2998045007,275.196014,30U,108.889,48.661,-8.607,0.11217142111370589,-0.08782168885669997,-0.243997969058226
1423231104337475,51.7200093585,-1.2935679144,-274.335876,5731275.66286239,617872.9044992415,274.335876,30U,108.745,48.565,-8.596,0.1121742053955737,-0.08742210502531544,-0.24367101293407162
1423231104428842,51.7201070371,-1.2934977034,-273.476715,5731286.638732927,617877.4999944733,273.476715,30U,108.604,48.471,-8.587,0.11236491338127282,-0.08712671014031985,-0.24327203423451876
1423231104520210,51.7202045898,-1.2934276254,-272.618652,5731297.600392411,617882.0866094677,272.618652,30U,108.465,48.38,-8.574,0.1123171085111187,-0.08687348575235797,-0.2428391715034281
1423231104622999,51.7203020172,-1.2933576835,-271.761963,5731308.547902533,617886.6641286492,271.761963,30U,108.323,48.282,-8.56,0.11245221263860916,-0.08655698787844633,-0.24228030192224562
1423231104729595,51.7203993148,-1.293287888,-270.906677,5731319.4807462,617891.2318524008,270.906677,30U,108.18,48.178,-8.547,0.11215386365120954,-0.08616527691141296,-0.24151329064369295
1423231104836190,51.7204964855,-1.2932182478,-270.052582,5731330.399231499,617895.7891585609,270.052582,30U,108.037,48.067,-8.534,0.11183517294911637,-0.08585678063559278,-0.2407414423509247
1423231104942785,51.7205935244,-1.2931487702,-269.199738,5731341.302801697,617900.3355557768,269.199738,30U,107.889,47.954,-8.522,0.11154500000023095,-0.08569619999984282,-0.2398530000008494
1423231105049381,51.7206904296,-1.2930794557,-268.348145,5731352.191244662,617904.871014572,268.348145,30U,107.74,47.842,-8.512,0.11152735826451167,-0.08565500524309008,-0.23883414677123807
1423231105155976,51.7207872028,-1.2930103041,-267.497559,5731363.0647497345,617909.3955444542,267.497559,30U,107.595,47.728,-8.5,0.11169371256461894,-0.08590724013234052,-0.23781131212097179
1423231105262572,51.7208838456,-1.2929413152,-266.648224,5731373.92349514,617913.9091551899,266.648224,30U,107.45,47.617,-8.487,0.11217383602107213,-0.08622783912507795,-0.2368480973472309
1423231105365361,51.7209803594,-1.2928724857,-265.800232,5731384.767641863,617918.4120711804,265.800232,30U,107.309,47.507,-8.475,0.11207984907568515,-0.08641016452301788,-0.23581547782790852
1423231105456729,51.7210767472,-1.2928038151,-264.953339,5731395.597524301,617922.9043192677,264.953339,30U,107.166,47.398,-8.46,0.11161146260240448,-0.08663252165487416,-0.23465067923074898
1423231105548097,51.7211730037,-1.2927353004,-264.108185,5731406.412557879,617927.3861205602,264.108185,30U,107.02,47.291,-8.443,0.11128315777157999,-0.08668622487745267,-0.23321973219421763
1423231105639464,51.7212691304,-1.2926669422,-263.264862,5731417.21290841,617931.8574298263,263.264862,30U,106.877,47.182,-8.424,0.11143632113849072,-0.08665418647400307,-0.23219958950488298
1423231105730831,51.7213651284,-1.2925987383,-262.422913,5731427.998701739,617936.3183962641,262.422913,30U,106.733,47.079,-8.418,0.11201358643239337,-0.08663527119596322,-0.2317618561253367
1423231105835523,51.7214609977,-1.2925306799,-261.581512,5731438.769952065,617940.7696277883,261.581512,30U,106.591,46.978,-8.406,0.11235559090927681,-0.08656333459024762,-0.231328765778877
1423231105942119,51.7215567424,-1.2924627691,-260.742401,5731449.52711191,617945.2109687909,260.742401,30U,106.455,46.874,-8.375,0.11233889999926341,-0.08590289999940032,-0.23083409999998614
1423231106033487,51.7216523641,-1.2923950117,-259.906403,5731460.270349801,617949.6420146148,259.906403,30U,106.317,46.767,-8.347,0.11165220275324693,-0.08516071307461487,-0.23068077103274523
1423231106124855,51.7217478583,-1.2923274068,-259.072327,5731470.999166732,617954.0628392412,259.072327,30U,106.172,46.664,-8.338,0.1103179350331866,-0.08465222379935598,-0.23064462010299785
1423231106228595,51.7218432239,-1.2922599475,-258.238403,5731481.7134515075,617958.4739222105,258.238403,30U,106.031,46.566,-8.34,0.1091414762316337,-0.08400592861819792,-0.2306102047496026
1423231106335191,51.7219384603,-1.292192625,-257.403809,5731492.413151599,617962.875872986,257.403809,30U,105.884,46.474,-8.351,0.1077001557277187,-0.08386155048126881,-0.23078136903226604
1423231106441786,51.7220335653,-1.292125436,-256.569244,5731503.0980276605,617967.2689253206,256.569244,30U,105.739,46.382,-8.336,0.10767179556552509,-0.08474434116724683,-0.23107056156687875
1423231106548382,51.7221285402,-1.2920583752,-255.736938,5731513.768232805,617971.6534419879,255.736938,30U,105.598,46.295,-8.312,0.10751592662236913,-0.08502632273791925,-0.23146940721649215
1423231106654977,51.7222233978,-1.2919914395,-254.906143,5731524.425195459,617976.0296038748,254.906143,30U,105.473,46.209,-8.308,0.10557345809247351,-0.08461672261554652,-0.23194054508440154
1423231106761573,51.7223181333,-1.2919246212,-254.075073,5731535.068394257,617980.3979553853,254.075073,30U,105.325,46.135,-8.308,0.10376365836409522,-0.08473286400076811,-0.232011273807083
1423231106868168,51.7224127369,-1.2918579069,-253.245483,5731545.696761026,617984.7594476261,253.245483,30U,105.185,46.065,-8.28,0.10273824220256828,-0.08465407797432145,-0.2322266829263041
1423231106966437,51.722507219,-1.291791287,-252.418976,5731556.311467813,617989.1147166493,252.418976,30U,105.05,46.002,-8.252,0.10289849999953048,-0.08325220000036596,-0.23361609999989194
1423231107046383,51.7226679199,-1.2917215286,-251.576797,5731574.295189357,617993.5143251106,251.576797,30U,104.908,45.936,-8.243,0.10321181755891375,-0.0813698317000032,-0.2350173573208028
1423231107126330,51.7231313282,-1.2916341524,-250.664398,5731625.970320978,617998.3425252556,250.664398,30U,104.768,45.875,-8.239,0.10431884730244864,-0.08048668610481244,-0.23589253325917273
1423231107227929,51.7379070457,-1.2900649312,-244.951248,5733271.660918255,618068.2108799544,244.951248,30U,104.646,45.816,-8.226,0.1044326359995465,-0.079255603532947,-0.23722570366280707
1423231107334524,51.7434126891,-1.288793805,-241.828186,5733885.981579271,618141.6112936896,241.828186,30U,104.505,45.767,-8.221,0.10427400206913763,-0.07720640709478367,-0.23888683252096787
1423231107441120,51.748780411,-1.2865122048,-238.240219,5734486.604442437,618285.099329929,238.240219,30U,104.36,45.734,-8.231,0.1039059855873096,-0.07594160886852944,-0.23969190487868783
1423231107546764,51.7529145709,-1.2827799779,-234.246994,5734952.408616936,618531.8993016646,234.246994,30U,104.235,45.703,-8.225,0.10488227502390288,-0.07620167465045317,-0.2405727548737294
1423231107638131,51.7553900064,-1.2777966135,-230.924759,5735235.803196012,618869.3537618003,230.924759,30U,104.103,45.679,-8.197,0.10621749416133572,-0.07625864545402265,-0.2424192773104447
1423231107729499,51.7567469028,-1.2723584105,-228.701462,5735395.575796575,619241.1066124577,228.701462,30U,103.959,45.653,-8.195,0.10809555917265876,-0.07602206056740103,-0.24430620709513004
1423231107834192,51.7577040913,-1.2674943953,-227.105591,5735509.984623026,619574.2664051331,227.105591,30U,103.805,45.62,-8.189,0.10996870184760038,-0.07677569623074236,-0.24564131515108265
1423231107940787,51.7581741826,-1.2652346217,-225.913651,5735565.969054516,619728.9770875156,225.913651,30U,103.658,45.569,-8.17,0.11105319999961194,-0.07738660000057428,-0.24698260717910112
1423231108047382,51.7585054523,-1.2644079744,-224.744446,5735604.165716879,619785.1493332714,224.744446,30U,103.501,45.486,-8.165,0.11183688655351855,-0.07752649459260387,-0.24843855945881402
1423231108152074,51.7588429225,-1.2638755861,-223.388535,5735642.569077457,619820.9970779374,223.388535,30U,103.37,45.431,-8.184,0.1097332620837183,-0.07729265757504586,-0.24988005461957258
1423231108243442,51.7590264923,-1.2636028051,-221.978851,5735663.431393491,619839.3360289431,221.978851,30U,103.253,45.464,-8.196,0.10759406621900344,-0.07802207796264103,-0.2511789821973535
1423231108334810,51.7590596533,-1.2635630299,-220.471146,5735667.1844652025,619841.9931552745,220.471146,30U,103.134,45.553,-8.185,0.10593428773081152,-0.08012125181143277,-0.2518495247595894
1423231108440454,51.759084429,-1.2635457448,-218.62175,5735669.968083566,619843.120415425,218.62175,30U,103.031,45.638,-8.169,0.1065328951219924,-0.08145120576524191,-0.2523504407248473
1423231108546098,51.7590715566,-1.2635951753,-216.602615,5735668.45536743,619839.7432476052,216.602615,30U,102.934,45.685,-8.172,0.10890477977309432,-0.08176337643910309,-0.2535320974328172
1423231108637465,51.7589712387,-1.2637949699,-214.707993,5735656.971102811,619826.2207982421,214.707993,30U,102.836,45.701,-8.173,0.11058763968911979,-0.08229449940939186,-0.2549427063570146
1423231108728833,51.7583050066,-1.2648420256,-212.970795,5735581.162082684,619755.7249679874,212.970795,30U,102.721,45.688,-8.156,0.11167522275945348,-0.08321953162206817,-0.25563514011107397
1423231108833525,51.7570956515,-1.2665438279,-211.237534,5735443.881107451,619641.476382217,211.237534,30U,102.59,45.634,-8.142,0.11140341226952999,-0.08411667952784477,-0.25609978521803023
1423231108940120,51.7558316476,-1.2681623591,-209.869934,5735300.662016067,619533.1127900822,209.869934,30U,102.44,45.574,-8.14,0.11137460000073761,-0.08493589999921096,-0.25686640717994924
1423231109046716,51.7547669952,-1.2693413646,-208.567963,5735180.334287901,619454.5519961682,208.567963,30U,102.28,45.504,-8.143,0.11187534257975164,-0.08586539921979212,-0.25754083815948026
1423231109151408,51.7541001388,-1.2699024247,-207.028046,5735105.256864498,619417.5881076785,207.028046,30U,102.13,45.422,-8.133,0.11246841123487379,-0.08702368470022348,-0.25834372084282864
1423231109242776,51.7541481572,-1.269735316,-205.445587,5735110.8704291005,619428.9950514237,205.445587,30U,102.0,45.377,-8.123,0.11238244777924308,-0.08783439985751344,-0.25918205943789097
1423231109334144,51.7542772149,-1.2696798052,-203.827866,5735125.313362327,619432.4858298665,203.827866,30U,101.884,45.386,-8.124,0.1119879784188107,-0.08848731862601468,-0.2598440378422749
1423231109439788,51.7543926405,-1.2697519435,-201.914337,5735138.031302601,619427.2024321822,201.914337,30U,101.771,45.402,-8.114,0.11185055727947178,-0.08906104685834453,-0.26033572202459
1423231109545432,51.7544044035,-1.2700773077,-199.94339,5735138.806723726,619404.7153256978,199.94339,30U,101.662,45.417,-8.097,0.11210520916873823,-0.08953379362660893,-0.2610029217943614
1423231109636799,51.7541661781,-1.2708713284,-198.225357,5735111.014956893,619350.5414859013,198.225357,30U,101.558,45.421,-8.078,0.11218876319210058,-0.08947889711718485,-0.2617086184031451
1423231109728166,51.7520583774,-1.2725648355,-196.721436,5734873.844268837,619239.209724927,196.721436,30U,101.438,45.401,-8.066,0.11222474958791406,-0.08913074352420605,-0.2621690101566769
1423231109832858,51.74849149,-1.273923356,-195.122742,5734474.963739161,619154.8292710526,195.122742,30U,101.285,45.322,-8.062,0.11222870768747964,-0.08885671670349729,-0.2623250934227743
1423231109939454,51.7453668307,-1.2749096628,-193.797668,5734125.871212083,619094.9654080801,193.797668,30U,101.131,45.223,-8.065,0.11208899999926898,-0.08937379999919162,-0.2628380071792455
1423231110046050,51.7431106998,-1.2753673224,-192.423462,5733874.228219724,619069.3043238184,192.423462,30U,100.956,45.101,-8.052,0.11229608871332147,-0.09000156515232628,-0.26356088593841387
1423231110150742,51.7418078356,-1.2752762042,-190.706955,5733729.490324241,619079.0204758852,190.706955,30U,100.774,44.954,-8.031,0.11262837553552367,-0.09015551559466185,-0.26363748263082815
1423231110242110,51.7418160923,-1.2748758188,-188.864105,5733731.062159986,619106.640376517,188.864105,30U,100.624,44.844,-8.013,0.113094423417705,-0.08994230637220575,-0.263830020149189
1423231110333478,51.741964769,-1.2748744782,-186.797958,5733747.598122916,619106.3419088767,186.797958,30U,100.503,44.803,-8.004,0.11341080332655781,-0.08966879867001239,-0.26456168610532504
1423231110439121,51.7419990456,-1.2750820361,-184.074692,5733751.07103194,619091.9225390963,184.074692,30U,100.375,44.776,-7.994,0.11387403377608754,-0.08948888196606658,-0.2649841261647098
1423231110545716,51.7417861556,-1.2756220617,-181.027603,5733726.514874184,619055.200323727,181.027603,30U,100.26,44.753,-7.985,0.11431227759113619,-0.08943782111437974,-0.2650659057362562
1423231110652312,51.7411491064,-1.2766773324,-178.166443,5733653.949344665,618984.0206817794,178.166443,30U,100.146,44.737,-7.977,0.11475516740633114,-0.08956544804191514,-0.2655583858829581
1423231110753911,51.7395465038,-1.278137638,-175.59227,5733473.3491603695,618887.4100811132,175.59227,30U,100.006,44.698,-7.969,0.11537270477122416,-0.08987857775500165,-0.2662224910164141
1423231110833858,51.7380188767,-1.2787198098,-173.116302,5733302.518944272,618851.2248815149,173.116302,30U,99.815,44.552,-7.962,0.1161774120479525,-0.09033207147165608,-0.26659444892816797
1423231110913805,51.7368791916,-1.2789809318,-171.353577,5733175.353525549,618836.1861948236,171.353577,30U,99.601,44.353,-7.949,0.11707269999997849,-0.0907038000000224,-0.2669610071804247
1423231111012073,51.7362148518,-1.2788470902,-169.772598,5733101.692854299,618847.170354707,169.772598,30U,99.365,44.104,-7.95,0.1179814474931182,-0.09111857923685211,-0.2675276505977219
1423231111118668,51.7360109101,-1.2783259588,-167.74704,5733079.862346844,618883.687685012,167.74704,30U,99.131,43.836,-7.96,0.11837889187023504,-0.09207108647497318,-0.268240940280615
1423231111225264,51.7362440053,-1.2778406786,-165.364563,5733106.574858205,618916.5825936217,165.364563,30U,98.948,43.666,-7.955,0.11848924288655302,-0.09335704603475503,-0.26888432783748706
1423231111331859,51.7363021167,-1.2779043361,-162.040054,5733112.93344545,618912.0347435747,162.040054,30U,98.826,43.637,-7.933,0.11837938854381626,-0.09450427568340641,-0.2690894178126974
1423231111438455,51.736206727,-1.2782004255,-156.336731,5733101.842961099,618891.8413428143,156.336731,30U,98.723,43.626,-7.904,0.11816985713151984,-0.09518104552805343,-0.26937228795318136
1423231111545050,51.7358835542,-1.2788124068,-148.232254,5733064.907016538,618850.4343590168,148.232254,30U,98.611,43.627,-7.892,0.11791379459210279,-0.09562964551950884,-0.26998434584816106
1423231111651646,51.7352531802,-1.2798491271,-138.830597,5732993.117152847,618780.5053089455,138.830597,30U,98.469,43.623,-7.887,0.11801608233562955,-0.09625023577244154,-0.27037715144206803
1423231111755387,51.7343864026,-1.2809540145,-128.930237,5732894.927841539,618706.4868893696,128.930237,30U,98.264,43.537,-7.88,0.1184178373356596,-0.09700036352993523,-0.2704720134257288
1423231111846754,51.73397852,-1.2810918011,-119.67012,5732849.344600461,618698.041625468,119.67012,30U,97.897,43.164,-7.869,0.11904272609019385,-0.09779541973454796,-0.2708396260907278
1423231111938122,51.7337647682,-1.2809673843,-114.055489,5732825.776507813,618707.1926626159,114.055489,30U,97.36,42.575,-7.855,0.11946520000023941,-0.09854309999937827,-0.2714657071791579
1423231112044717,51.7337851935,-1.2805361009,-111.418404,5732828.7497374145,618736.9191743102,111.418404,30U,96.649,41.747,-7.843,0.11978715990997042,-0.09936510592198285,-0.27196377759101925
1423231112149409,51.7340315013,-1.279812203,-108.870979,5732857.319045947,618786.2583168338,108.870979,30U,96.017,40.914,-7.83,0.1196987050265031,-0.1001744486326342,-0.27226466430111396
1423231112240777,51.7343042932,-1.2793290543,-106.112198,5732888.441929952,618818.9039419496,106.112198,30U,95.691,40.467,-7.811,0.11928889654497891,-0.1008266319298606,-0.27251704796572046
1423231112332145,51.7342676665,-1.2794631599,-102.916214,5732884.150419654,618809.7401458408,102.916214,30U,95.604,40.464,-7.796,0.11917057849157933,-0.10127947124927464,-0.27288534959420574
1423231112423512,51.7340792725,-1.279822226,-98.505104,5732862.61517848,618785.4409705031,98.505104,30U,95.557,40.549,-7.792,0.11932612069513665,-0.10177640280936448,-0.2733754734661323
1423231112514880,51.7337173804,-1.2804497687,-93.652527,5732821.349009306,618743.0581471435,93.652527,30U,95.53,40.673,-7.792,0.1197119721625201,-0.1030260236245181,-0.27419701311704586
1423231112617669,51.7331641273,-1.2813993365,-89.326042,5732758.278814803,618678.9399550228,89.326042,30U,95.5,40.776,-7.783,0.11886605225512213,-0.10487886356320435,-0.2746820065046244
1423231112724265,51.7326746157,-1.2822281037,-85.681366,5732702.494312866,618622.9947139585,85.681366,30U,95.339,40.63,-7.776,0.11787680012203862,-0.10676304981771462,-0.27463631570641467
1423231112830860,51.7327201986,-1.282115185,-82.342682,5732707.747010174,618630.6725564098,82.342682,30U,94.776,39.612,-7.774,0.11680204730213956,-0.10841498189202016,-0.2749227856617846
1423231112937455,51.7329147072,-1.2817644768,-80.266075,5732729.947868372,618654.3800131942,80.266075,30U,94.0,37.993,-7.774,0.11672059999939477,-0.1105047999993497,-0.2756373071788651
1423231113044051,51.7332836638,-1.2811368993,-78.511414,5732771.998937087,618696.7482407958,78.511414,30U,93.086,35.811,-7.753,0.11745420411224926,-0.11292986881560123,-0.27622514175736684
1423231113150647,51.7338209728,-1.2802441121,-76.076302,5732833.203857544,618756.9871470014,76.076302,30U,92.216,33.782,-7.742,0.11766385262392118,-0.11483577124904429,-0.27711550635548443
1423231113257242,51.7341859501,-1.2797133851,-73.260521,5732874.655597462,618792.6766193121,73.260521,30U,91.721,32.836,-7.734,0.11702657329182546,-0.11662722052108994,-0.2781970524069846
1423231113360031,51.7341774237,-1.2798334384,-69.644035,5732873.51194077,618784.4093943324,69.644035,30U,91.682,32.974,-7.713,0.11649601766524462,-0.11818935868485407,-0.2790162617152249
1423231113451399,51.7340369772,-1.2801612127,-64.160561,5732857.359818475,618762.1450428355,64.160561,30U,91.736,33.345,-7.697,0.11620146888445448,-0.11961871803376214,-0.2799287399857765
1423231113542767,51.7337444723,-1.2807321121,-57.67717,5732823.902306032,618723.4913603069,57.67717,30U,91.854,33.927,-7.693,0.1162309306129508,-0.12115947370634783,-0.28128359317670437
1423231113634134,51.733284822,-1.2815870782,-51.521168,5732771.395434901,618665.6600954406,51.521168,30U,92.015,34.772,-7.688,0.11678118521752953,-0.12292710938668401,-0.28265285351082875
1423231113725501,51.7329398484,-1.2822702994,-72.077377,5732731.921220063,618619.3865553779,72.077377,30U,92.951,36.838,-7.672,0.1170681510698092,-0.12489215080433841,-0.2839081671484341
1423231113830194,51.7331252238,-1.2820474343,-110.255684,5732752.898472674,618634.2901878301,110.255684,30U,93.846,38.465,-7.648,0.1171148677009947,-0.12657329209115878,-0.2852190329633036
1423231113936789,51.7334524013,-1.2815940647,-135.668137,5732790.019922925,618664.7387099573,135.668137,30U,94.287,39.37,-7.634,0.11727299999934196,-0.12793209999920413,-0.2866102071802771
1423231114028157,51.7339550282,-1.2808623524,-151.399368,5732847.105490645,618713.946508116,151.399368,30U,94.484,39.855,-7.634,0.11733212652190242,-0.12943731233827893,-0.2881498236241001
1423231114119525,51.734637086,-1.2798534492,-160.624451,5732924.596640157,618781.8223700483,160.624451,30U,94.545,40.081,-7.639,0.11790681677797063,-0.13135643555004872,-0.2898060234298525
1423231114223265,51.7350854674,-1.279248767,-162.006973,5732975.444069478,618822.3986304353,162.006973,30U,94.463,40.077,-7.635,0.11836260164593,-0.13333700399094217,-0.29139298156137144
1423231114329861,51.7351444411,-1.2792979476,-160.245728,5732981.922210858,618818.8481295386,160.245728,30U,94.391,40.202,-7.626,0.11859064582494351,-0.13482855218046436,-0.2929359589054499
1423231114436456,51.7350944381,-1.2795367663,-157.927933,5732975.972651311,618802.489382611,157.927933,30U,94.335,40.38,-7.609,0.11824427457441417,-0.1355447595721559,-0.29413163799005604
1423231114543051,51.7348935793,-1.2800188972,-155.308365,5732952.850924465,618769.7259365388,155.308365,30U,94.289,40.566,-7.596,0.11773163745786541,-0.13535213322351744,-0.29504409823310174
1423231114649647,51.7345035757,-1.2808047722,-152.834366,5732908.20105044,618716.4848309509,152.834366,30U,94.273,40.826,-7.599,0.11705494863314757,-0.1357873707316188,-0.29628710583864
1423231114756243,51.7341995743,-1.281450344,-156.355789,5732873.3439385025,618672.7053201932,156.355789,30U,94.247,41.19,-7.59,0.11676959558028847,-0.1367598893930898,-0.2979457157713018
1423231114862839,51.7344196736,-1.2812066127,-164.007385,5732898.216819923,618688.9580917566,164.007385,30U,94.133,41.33,-7.582,0.11667592690267191,-0.13755867930552218,-0.2995960943088415
1423231114961106,51.7347697092,-1.2807423119,-169.378265,5732937.898376546,618720.1001557398,169.378265,30U,94.011,41.401,-7.57,0.11645249999917587,-0.1387173999995105,-0.3013162071799387
1423231115041053,51.7352955246,-1.2800028232,-172.825531,5732997.575891014,618769.7819442258,172.825531,30U,93.863,41.412,-7.554,0.11588256609693191,-0.13942792783848867,-0.30298063147803594
1423231115121000,51.7360102495,-1.2789855328,-174.803238,5733078.714296372,618838.1482128692,174.803238,30U,93.688,41.355,-7.553,0.11507035048008402,-0.1398713640063167,-0.3044410469329107
1423231115222599,51.7364974057,-1.2783629662,-174.64064,5733133.903356199,618879.8556640428,174.64064,30U,93.535,41.284,-7.555,0.11437177150375887,-0.1407264234385531,-0.3061134746948565
1423231115329194,51.7366146583,-1.2783718625,-173.603836,5733146.92807325,618878.9336874912,173.603836,30U,93.439,41.348,-7.556,0.11386174501056266,-0.14179446459655895,-0.3077789094600508
1423231115435790,51.7366561764,-1.2785536341,-172.470306,5733151.248965894,618866.2742303655,172.470306,30U,93.373,41.484,-7.559,0.11364636054237191,-0.14297989226640143,-0.3090932215828627
1423231115541434,51.7365560361,-1.2789771964,-171.325485,5733139.422718799,618837.2919207946,171.325485,30U,93.332,41.679,-7.549,0.11395866677595609,-0.14381351245982413,-0.3100828144338868
1423231115632801,51.7362420926,-1.2797233019,-170.286819,5733103.295187508,618786.5999295422,170.286819,30U,93.324,41.911,-7.546,0.11356952062087308,-0.14445926895732583,-0.3110249056918943
1423231115724169,51.7359914681,-1.2803505966,-170.393219,5733074.403014728,618743.9447031885,170.393219,30U,93.284,42.077,-7.539,0.11357609280477911,-0.1448937625205789,-0.3119664543601986
1423231115828861,51.7362883714,-1.2800756148,-171.421677,5733107.868099398,618762.1527787985,171.421677,30U,93.15,42.012,-7.527,0.11340590184860627,-0.14451330502641002,-0.31229192320726684
1423231115935457,51.7366962294,-1.2795863806,-172.205246,5733154.020955965,618794.862779085,172.205246,30U,93.011,41.887,-7.523,0.11347090000085498,-0.14464000000048471,-0.31285200717981626
1423231116042052,51.7372799164,-1.2788224977,-172.662521,5733220.174689124,618846.0738665219,172.662521,30U,92.846,41.709,-7.511,0.113362155467611,-0.14501782995556994,-0.31369806320020654
1423231116146744,51.7380674243,-1.2777829888,-172.793777,5733309.4443538645,618915.7786621134,172.793777,30U,92.655,41.477,-7.508,0.11303523547700817,-0.1450787604574266,-0.3141668022177789
1423231116238112,51.7386111699,-1.2771519081,-172.257401,5733370.941089584,618957.9224319976,172.257401,30U,92.495,41.338,-7.504,0.112810535834043,-0.14544171932589353,-0.3142865797085177
1423231116329480,51.7387813744,-1.2771577319,-171.467041,5733389.859388574,618957.0733179767,171.467041,30U,92.393,41.365,-7.493,0.11264057472202468,-0.14546668898704762,-0.3144941024388312
1423231116435123,51.7389161335,-1.2773361375,-170.69371,5733404.554544072,618944.4019156394,170.69371,30U,92.298,41.428,-7.491,0.11262482077805759,-0.14526284098289688,-0.31470307144495613
1423231116540768,51.7389274259,-1.2777604775,-169.955414,5733405.118559872,618915.0750054457,169.955414,30U,92.212,41.523,-7.484,0.11263616268500994,-0.14522729116025185,-0.314667307688578
1423231116632135,51.7387014663,-1.2785198837,-169.273849,5733378.752870837,618863.2371194024,169.273849,30U,92.134,41.646,-7.472,0.11255080251290715,-0.14498211833043123,-0.31465644648893487
1423231116723503,51.7385258657,-1.2791656283,-168.775589,5733358.173072545,618819.1140918022,168.775589,30U,92.09,41.755,-7.467,0.11249382962541454,-0.14505191949090046,-0.3147236207857628
1423231116828195,51.7389482635,-1.2788797604,-168.386292,5733405.611967102,618837.7428672856,168.386292,30U,92.032,41.715,-7.446,0.11255680044334672,-0.14531060362131906,-0.3146693121957333
1423231116934790,51.7394497851,-1.2783751648,-167.972137,5733462.206377968,618871.2648390799,167.972137,30U,91.952,41.63,-7.425,0.11258969999923057,-0.1450374999994995,-0.3147179071799304
1423231117041386,51.7401187716,-1.277592222,-167.50827,5733537.877883148,618923.5634960692,167.50827,30U,91.849,41.497,-7.4,0.11255288330665869,-0.14514938102379965,-0.3147429122730136
1423231117146078,51.7410083421,-1.2765349881,-166.984619,5733638.527653209,618994.2177733734,166.984619,30U,91.734,41.322,-7.373,0.11253062912125732,-0.14532037923140348,-0.3147077914261187
1423231117237446,51.7416389902,-1.2758897527,-166.31337,5733709.712324338,619037.1064059287,166.31337,30U,91.601,41.192,-7.362,0.11251734991803387,-0.14522665335062068,-0.31474767937981135
1423231117328814,51.7419374959,-1.2758670755,-165.611816,5733742.945022916,619037.8873734195,165.611816,30U,91.475,41.167,-7.354,0.11255819660028323,-0.14520745055402115,-0.31476469999997375
1423231117434458,51.7423724066,-1.2759993934,-164.933151,5733791.0939027155,619027.6094267173,164.933151,30U,91.359,41.18,-7.346,0.1125770996714903,-0.145289829791028,-0.31475317103212286
1423231117540102,51.7428527718,-1.2763726536,-164.27861,5733843.904555974,619000.5785112182,164.27861,30U,91.249,41.235,-7.331,0.11253660409189056,-0.14530273698604806,-0.3147721170227215
1423231117631469,51.7431561157,-1.2770966866,-163.649765,5733876.45744512,618949.7974331765,163.649765,30U,91.141,41.326,-7.31,0.11251560813005494,-0.14522177878739154,-0.3147848248330732
1423231117722836,51.7435304444,-1.2777256717,-163.029266,5733917.05971757,618905.3922661567,163.029266,30U,91.051,41.397,-7.268,0.11252887086784222,-0.1452870633429345,-0.31477784173582934
1423231117827528,51.7445278221,-1.2774018885,-162.35939,5734028.502208802,618925.12527782,162.35939,30U,90.951,41.346,-7.187,0.11251499999974766,-0.14532327878703236,-0.3148021042873089
1423231117934124,51.7453751432,-1.276868263,-161.666824,5734123.599752216,618959.737284825,161.666824,30U,90.84,41.262,-7.021,0.11250800000073537,-0.14525910000054496,-0.31480860717989834
1423231118040720,51.7461872297,-1.2760611754,-160.945572,5734215.22538237,619013.3177996061,160.945572,30U,90.72,41.141,-6.681,0.11249103764315407,-0.14528469214733938,-0.3148191253699836
1423231118145412,51.7471644771,-1.27498747,-160.197449,5734325.653787864,619084.8664309441,160.197449,30U,90.595,40.984,-6.388,0.11250685417637347,-0.14532478736062598,-0.31484021263871903
1423231118236780,51.7478476073,-1.2743340008,-159.449432,5734402.689192353,619128.1776497315,159.449432,30U,90.463,40.867,-6.369,0.11250740818227531,-0.1452915788849552,-0.3148447708680026
1423231118328148,51.7482651365,-1.2742868905,-158.739944,5734449.198017548,619130.3310246964,158.739944,30U,90.336,40.843,-6.372,0.11248159549218593,-0.14528148780486322,-0.31486450044336756
1423231118433791,51.7491052266,-1.274374022,-158.052399,5734542.4790586075,619122.1062556399,158.052399,30U,90.212,40.851,-6.369,0.11246897512282986,-0.14532016252085156,-0.31487120409070884
1423231118540386,51.7504507769,-1.2746915976,-157.388718,5734691.594222401,619096.6456018839,157.388718,30U,90.093,40.891,-6.351,0.11247041669323349,-0.14530249557908723,-0.31488083371796394
1423231118646982,51.7519712906,-1.2753702849,-156.75029,5734859.577138742,619045.8013439525,156.75029,30U,89.976,40.959,-6.306,0.11247458736168466,-0.14529311263841396,-0.31489545439695843
1423231118748581,51.7536920893,-1.275972235,-156.10141,5735049.958736381,618999.7300254578,156.10141,30U,89.863,41.0,-6.773,0.11246644157147172,-0.1453149126036228,-0.31490460409183046
1423231118828528,51.7556540658,-1.2756047141,-155.386169,5735268.742864292,619019.9373724512,155.386169,30U,89.74,40.932,-7.095,0.11245070406501553,-0.14531618736069254,-0.31490548351786196
1423231118908475,51.7568771888,-1.2750428491,-154.647354,5735405.679080662,619055.4981349026,154.647354,30U,89.614,40.835,-7.181,0.11244509999953761,-0.14530519999992442,-0.31491260718043307
1423231119006743,51.7574184674,-1.2742212397,-153.876205,5735467.214242038,619110.7767208408,153.876205,30U,89.484,40.704,-7.21,0.11244751669412098,-0.14530801669430177,-0.3149202166937987
1423231119113338,51.7578064477,-1.2731512988,-153.071136,5735512.108047958,619183.5956698518,153.071136,30U,89.35,40.532,-7.219,0.11244713747247179,-0.14531442076809425,-0.31492441241645136
1423231119219934,51.7580351205,-1.2725080466,-152.278503,5735538.58929562,619227.3861297193,152.278503,30U,89.216,40.409,-7.214,0.11242894991819019,-0.14531559999980337,-0.3149367667766855
1423231119326529,51.7581073089,-1.2724466611,-151.522385,5735546.717463537,619231.4323463655,151.522385,30U,89.088,40.381,-7.204,0.11242791670421697,-0.14531326230580324,-0.31494508351840794
1423231119433125,51.7581786132,-1.2724999257,-150.779678,5735554.559887874,619227.568584989,150.779678,30U,88.962,40.379,-7.196,0.11243424157147734,-0.14532500409212187,-0.31495176694087385
1423231119539720,51.7582129757,-1.2727679921,-150.062805,5735557.94303519,619208.9781401559,150.062805,30U,88.84,40.405,-7.186,0.11241468739646616,-0.1453177873965203,-0.3149580916527999
1423231119646316,51.758157928,-1.2733949324,-149.38327,5735550.796834262,619165.8563664029,149.38327,30U,88.72,40.46,-7.176,0.11239960000072173,-0.1453014623057728,-0.3149644957126298
1423231119750057,51.7574881376,-1.273961027,-148.711472,5735475.387010846,619128.5515934955,148.711472,30U,88.6,40.487,-7.173,0.11240009181705166,-0.1453119250415117,-0.3149680250406487
1423231119841424,51.7562437279,-1.2735636138,-147.990036,5735337.649805596,619159.2544711342,147.990036,30U,88.472,40.411,-7.172,0.11242909593418074,-0.14531640406426313,-0.3149819169259981
1423231119932792,51.7549724079,-1.2729927933,-147.253815,5735197.203580406,619201.9977819126,147.253815,30U,88.342,40.308,-7.169,0.1124191000007129,-0.14531109999993969,-0.314997307180001
1423231120039387,51.7538924674,-1.2721866031,-146.485748,5735078.4251616085,619260.4841146143,146.485748,30U,88.208,40.169,-7.163,0.11238117070263078,-0.1453201833059776,-0.31499805810093034
1423231120144079,51.7531689648,-1.2711636738,-145.676483,5734999.640144962,619332.992947471,145.676483,30U,88.071,39.989,-7.156,0.1123666665924317,-0.14533540835234948,-0.3150128207694408
1423231120235447,51.7531752712,-1.2705627573,-144.862411,5735001.324771959,619374.4516689896,144.862411,30U,87.937,39.862,-7.147,0.11238645859298807,-0.14533418330574752,-0.3150149543384583
1423231120326814,51.7533504592,-1.2705067432,-144.059952,5735020.898468245,619377.8557862247,144.059952,30U,87.809,39.83,-7.14,0.11240135395364555,-0.14535058329555456,-0.3150174291210898
1423231120418182,51.7535509082,-1.2705563574,-143.249298,5735043.108470457,619373.9028347499,143.249298,30U,87.684,39.824,-7.13,0.11238137479445219,-0.1453561749587228,-0.315038908511203
1423231120509550,51.7536957097,-1.2708062923,-142.456161,5735058.802294601,619356.270646301,142.456161,30U,87.56,39.843,-7.121,0.1123713040910792,-0.14535153338822215,-0.3150464332242563
1423231120612339,51.753663579,-1.2713983744,-141.707703,5735054.260435132,619315.4902089827,141.707703,30U,87.439,39.892,-7.112,0.11238104198110778,-0.1453545959349139,-0.3150504878056229
1423231120718935,51.7517046135,-1.2719416038,-140.987122,5734835.522495173,619283.1584481661,140.987122,30U,87.316,39.914,-7.104,0.11239552078577805,-0.1453628541731999,-0.31507655842919574
1423231120825530,51.7483026428,-1.2715601279,-140.240173,5734457.825780545,619318.4542121527,140.240173,30U,87.185,39.826,-7.095,0.11238538329563591,-0.14536521670323527,-0.3150808541766678
1423231120932125,51.745599901,-1.2710194863,-139.497528,5734158.148482332,619362.8979913472,139.497528,30U,87.052,39.711,-7.087,0.1123692999993123,-0.14536330000010403,-0.31509800718005393
1423231121038721,51.7437597412,-1.2702691932,-138.727448,5733954.739271557,619419.5447283642,138.727448,30U,86.916,39.559,-7.079,0.11237732929752432,-0.145362879215184,-0.31512080409129417
1423231121145316,51.7426784491,-1.2693404454,-137.907318,5733836.013733713,619486.5133427472,137.907318,30U,86.778,39.366,-7.07,0.11238523340675975,-0.14536936252692453,-0.3151358167031708
1423231121251912,51.7426062869,-1.2688141664,-137.062897,5733828.8509997595,619523.036070437,137.062897,30U,86.643,39.23,-7.062,0.11237450000012446,-0.14537327921506293,-0.31514003338897306
1423231121354701,51.742776789,-1.2687899974,-136.19429,5733847.851482193,619524.2546003017,136.19429,30U,86.515,39.2,-7.052,0.11236015824045238,-0.14537456252773667,-0.3151504582405952
1423231121446069,51.7429362007,-1.2688802746,-135.272232,5733865.431132674,619517.6015089994,135.272232,30U,86.388,39.193,-7.044,0.11234334157073976,-0.14536677086831962,-0.3151548126032048
1423231121537436,51.7430066434,-1.2691653935,-134.339645,5733872.797701515,619497.7322317883,134.339645,30U,86.263,39.21,-7.035,0.11235318363423538,-0.14537217921432058,-0.31516130425587385
1423231121628804,51.7428849445,-1.2697696479,-133.451447,5733858.274373379,619456.3381590421,133.451447,30U,86.141,39.255,-7.025,0.11235995395489944,-0.14537527088008556,-0.31517334604509223
1423231121720171,51.7419086123,-1.2703320094,-132.614212,5733748.779472968,619420.0895956623,132.614212,30U,86.016,39.272,-7.017,0.11233841636503702,-0.14537860834755045,-0.31516862487710573
1423231121824864,51.7406721011,-1.2700217562,-131.788818,5733611.7797634,619444.7697924887,131.788818,30U,85.884,39.161,-7.008,0.11231382505461288,-0.1453716167034293,-0.3151687751656623
1423231121931459,51.7397886465,-1.2695445984,-131.014206,5733514.315575317,619480.0430003251,131.014206,30U,85.749,39.014,-6.999,0.11231719999953277,-0.14537840000061633,-0.3151797071802945
1423231122022827,51.7392388194,-1.2688706562,-130.228958,5733454.275439253,619528.0233718082,130.228958,30U,85.614,38.825,-6.991,0.11232679999982381,-0.14538690000016494,-0.3151831374800769
1423231122114195,51.7389633432,-1.268051044,-129.380203,5733424.984010654,619585.3378723648,129.380203,30U,85.475,38.592,-6.981,0.11230994966794587,-0.1453641291205105,-0.3151956914256923
1423231122217935,51.7390284675,-1.2676125481,-128.477783,5733432.945108638,619615.4404268299,128.477783,30U,85.339,38.435,-6.973,0.11228989181709252,-0.14537637937883607,-0.31518537086796494
1423231122324531,51.7391397087,-1.2676463388,-127.485229,5733445.260402167,619612.8136806544,127.485229,30U,85.21,38.41,-6.964,0.11231456681430899,-0.14539192483449737,-0.3151994045089562
1423231122431126,51.7392280453,-1.2678149721,-126.329285,5733454.8074920075,619600.9377125215,126.329285,30U,85.082,38.412,-6.954,0.11231508330610386,-0.1453638289675124,-0.3152051417360747
1423231122537722,51.7392562975,-1.2681803496,-125.069908,5733457.350358937,619575.6369508961,125.069908,30U,84.957,38.434,-6.946,0.11228431227349059,-0.1453564625209157,-0.31520017512418086
1423231122644317,51.7391823889,-1.2688448453,-123.817795,5733448.042313608,619529.9543175871,123.817795,30U,84.831,38.479,-6.937,0.11228272076883222,-0.14538931308191677,-0.31520861670406874
1423231122750913,51.7388418496,-1.2694629121,-122.633194,5733409.15976919,619488.1804657475,122.633194,30U,84.707,38.483,-6.927,0.11230642111485317,-0.14540077070245322,-0.3152195710327354
1423231122857509,51.7384871724,-1.2692375217,-121.537498,5733370.086691335,619504.6776762357,121.537498,30U,84.574,38.305,-6.919,0.11227926208476013,-0.14536370406476984,-0.3152450462669046
1423231122955777,51.7382413405,-1.268821658,-120.632248,5733343.429997387,619534.038734963,120.632248,30U,84.436,38.063,-6.911,0.11225250000013486,-0.14539060000044074,-0.31522850717959217
1423231123035723,51.7381095499,-1.2682113424,-119.791374,5733329.774258959,619576.5246273763,119.791374,30U,84.3,37.763,-6.9,0.1122527752874271,-0.14542608739789445,-0.3152328752884149
1423231123115670,51.7380798397,-1.2674771364,-118.867661,5733327.673979014,619627.2949549154,118.867661,30U,84.159,37.416,-6.891,0.1122703291196386,-0.14536794131578662,-0.3152690749442644
1423231123217269,51.738170547,-1.2671142342,-117.830421,5733338.356318509,619652.1112418354,117.830421,30U,84.023,37.201,-6.884,0.11226340818229612,-0.14540354615470036,-0.3152379999992138
1423231123323864,51.7382558371,-1.2672100613,-116.545219,5733347.68393101,619645.2697530141,116.545219,30U,83.895,37.191,-6.873,0.11224327065716241,-0.14541495395481327,-0.3152595085729774
1423231123430460,51.7383208477,-1.2674506898,-114.757858,5733354.518895103,619628.4843648411,114.757858,30U,83.766,37.217,-6.865,0.11223324599033911,-0.14539672913251617,-0.3152517454968175
1423231123536104,51.7383485426,-1.2678842304,-112.473412,5733356.887908209,619598.4783887663,112.473412,30U,83.64,37.258,-6.857,0.11224219148866997,-0.14540105842870707,-0.31525481276811557
1423231123627471,51.7383223168,-1.2685964072,-109.911438,5733352.804150302,619549.3769729394,109.911438,30U,83.515,37.285,-6.848,0.1122155582407594,-0.1454149835189455,-0.31528022099036807
1423231123718839,51.7382062127,-1.2692447107,-107.272552,5733338.830487063,619504.9226284893,107.272552,30U,83.387,37.196,-6.838,0.11220715008218135,-0.14540788739766997,-0.3152698333875628
1423231123823531,51.7381194443,-1.26906252,-104.856255,5733329.479775082,619517.7305723833,104.856255,30U,83.249,36.738,-6.83,0.1122108374724533,-0.1453956625269037,-0.31527815439836065
1423231123930127,51.7380740183,-1.2686791566,-103.209831,5733325.056250146,619544.3190608826,103.209831,30U,83.109,36.053,-6.821,0.11222839999989513,-0.1454110000004047,-0.3152832071789051
1423231124036722,51.7380762424,-1.2681039601,-102.111855,5733326.246276125,619584.0265725262,102.111855,30U,82.968,35.175,-6.812,0.11221212045700513,-0.14540257905030854,-0.3152824792142914
1423231124141414,51.7381240962,-1.2674111051,-100.952873,5733332.703848054,619631.7370713074,100.952873,30U,82.824,34.344,-6.803,0.11218923724970534,-0.14540615846229563,-0.31529025846267217
1423231124232782,51.7382163255,-1.2670794695,-99.516083,5733343.504183374,619654.3905657196,99.516083,30U,82.685,33.931,-6.794,0.11217794173534984,-0.14542012929761375,-0.31528113748021164
1423231124324150,51.7382899976,-1.2671948016,-97.325867,5733351.507811789,619646.2330889447,97.325867,30U,82.557,33.972,-6.784,0.11220521263930261,-0.14541900384298956,-0.31530468329652594
1423231124429794,51.7383473403,-1.2674515632,-93.22937,5733357.463600557,619628.3540909572,93.22937,30U,82.43,34.089,-6.776,0.11218750409063423,-0.14540220425655961,-0.3153072793795405
1423231124535437,51.7383805068,-1.2678927167,-86.183357,5733360.428608887,619597.8080694156,86.183357,30U,82.302,34.207,-6.768,0.11217452487634794,-0.14540213338746535,-0.3153224126023951
1423231124626805,51.7383829894,-1.2685965712,-76.001305,5733359.551043279,619549.2055081159,76.001305,30U,82.174,34.121,-6.758,0.11215667923206683,-0.145417883517888,-0.31533046659352537
1423231124718173,51.7383552676,-1.2692286065,-62.763252,5733355.432678936,619505.6412325134,62.763252,30U,82.04,33.395,-6.749,0.11216841243834683,-0.1454147000006805,-0.31534333355347016
1423231124822865,51.7383629251,-1.2690553405,-48.048344,5733356.568082294,619517.5837851943,48.048344,30U,81.892,31.239,-6.74,0.1121505417590629,-0.14540419593554488,-0.31535306681488556
1423231124929460,51.7383907791,-1.2686822217,-37.345509,5733360.276952661,619543.2714077112,37.345509,30U,81.739,27.524,-6.73,0.11215259999966985,-0.14541510000047442,-0.31536830718001224
1423231125036056,51.7384428921,-1.2681167733,-33.509769,5733366.998944247,619582.1738911493,33.509769,30U,81.581,22.445,-6.722,0.11213468330652554,-0.145412425040795,-0.31537571669435366
1423231125140748,51.7385188817,-1.2674301883,-31.597736,5733376.575094508,619629.3767932869,31.597736,30U,81.426,18.979,-6.712,0.11212622934178125,-0.1454138417594554,-0.31539004604648
1423231125232116,51.738608066,-1.267089025,-29.557365,5733387.052426888,619652.6959481611,29.557365,30U,81.282,18.094,-6.703,0.11215821227343124,-0.1454225126023032,-0.3153960040909102
1423231125323484,51.7386750413,-1.2671798414,-27.247166,5733394.351539269,619646.2488490709,27.247166,30U,81.155,18.305,-6.694,0.11211435011078405,-0.14541176659264538,-0.31538577516645916
1423231125429128,51.7387288115,-1.2674073149,-24.477373,5733399.958069496,619630.4015490176,24.477373,30U,81.027,18.738,-6.686,0.11213139590906623,-0.1454329378082272,-0.3154215710316596
1423231125534772,51.738766113,-1.2678143505,-21.655693,5733403.438832727,619602.2004341518,21.655693,30U,80.898,19.349,-6.675,0.11212397479352136,-0.1454403707029992,-0.31541252078564835
1423231125626139,51.738784853,-1.2684760476,-19.25404,5733404.43822772,619556.4660086739,19.25404,30U,80.759,20.141,-6.666,0.11209494560299223,-0.14541684153712597,-0.3154318338504046
1423231125717506,51.7387971646,-1.2690708406,-17.340565,5733404.832764063,619515.3677765495,17.340565,30U,80.594,24.677,-6.658,0.11210803748002705,-0.14544478330550062,-0.3154427163657539
1423231125822198,51.7388438745,-1.2689010699,-15.624323,5733410.305330165,619526.9658285038,15.624323,30U,80.386,29.554,-6.646,0.1121090252770425,-0.14542551648149749,-0.31543627967524834
1423231125928794,51.7389028856,-1.2685421004,-14.332426,5733417.455924546,619551.5940340752,14.332426,30U,80.134,32.043,-6.638,0.11209800000074173,-0.1454454000001385,-0.31548110717950484
1423231126035390,51.7389763563,-1.2679988683,-12.942636,5733426.516674971,619588.905817134,12.942636,30U,79.85,33.307,-6.629,0.11211798297697018,-0.1454593206205887,-0.3154654581001552
1423231126140082,51.7390636826,-1.2673381871,-11.026464,5733437.311127635,619634.2897589224,11.026464,30U,79.606,33.915,-6.617,0.11204999593441478,-0.1454175749454216,-0.31547150495217363
1423231126231450,51.7391482087,-1.2670087634,-8.544476,5733447.251212467,619656.8104026163,8.544476,30U,79.429,33.946,-6.611,0.11208391260360953,-0.14544323371666956,-0.3155141749589486
1423231126322818,51.7392089424,-1.2670953236,-5.034869,5733453.863196023,619650.6737117391,5.034869,30U,79.305,33.974,-6.601,0.11210358329680155,-0.145472479010376,-0.3154890875823178
1423231126428461,51.7392590633,-1.2673135993,0.167115,5733459.078969334,619635.471256872,-0.167115,30U,79.186,34.07,-6.59,0.11206896628282852,-0.14543727888539054,-0.31551221669429186
1423231126535056,51.7392980168,-1.2677040286,6.45439,5733462.770638689,619608.412623133,-6.45439,30U,79.046,34.216,-6.583,0.11202411669492103,-0.14543522095021622,-0.31550972896829865
1423231126641652,51.7393259044,-1.2683369001,12.724434,5733464.834481364,619564.6447388659,-12.724434,30U,78.818,34.414,-6.573,0.11205217516648146,-0.14546414175928948,-0.3155112918705012
1423231126743251,51.7393596909,-1.2689030123,-10.629663,5733467.664073973,619525.4704807523,10.629663,30U,78.307,35.12,-6.562,0.11205727070235655,-0.14544638739747356,-0.3155493461551017
1423231126823198,51.7394274152,-1.2687398653,-48.301121,5733475.4627421405,619536.5556036449,48.301121,30U,77.146,35.736,-6.556,0.11205130000079865,-0.14544609999934163,-0.3155556914270064
1423231126903145,51.7395048812,-1.268394428,-68.801224,5733484.643508451,619560.2004796951,68.801224,30U,74.033,36.043,-6.545,0.11200019999963133,-0.14546379999938733,-0.31555500717939977
1423231127001413,51.7395936088,-1.26786803,-79.624939,5733495.373393503,619596.3092170667,79.624939,30U,64.191,36.186,-6.535,0.11201479181786132,-0.14546084157031205,-0.3155850124383318
1423231127108008,51.7396930823,-1.2672203267,-85.273453,5733507.497481977,619640.7644255708,85.273453,30U,50.651,36.233,-6.527,0.11201583769419828,-0.14545819593565473,-0.3155772790100799
1423231127214604,51.7397804718,-1.2668775827,-85.891235,5733517.777878414,619664.1968109603,85.891235,30U,49.544,36.188,-6.518,0.11201958297704151,-0.14547907921379785,-0.31559800441970154
1423231127321199,51.7398426279,-1.2669190685,-84.559685,5733524.621965513,619661.1683889781,84.559685,30U,50.306,36.153,-6.508,0.11197299186993577,-0.14546222054622743,-0.3155938706579827
1423231127427795,51.7398958255,-1.2670751488,-82.845032,5733530.281858981,619650.2519963913,82.845032,30U,51.438,36.133,-6.5,0.11198202078453293,-0.1454539793790069,-0.3155931833054354
1423231127534390,51.7399395172,-1.2673902898,-80.871857,5733534.6238177335,619628.3791401543,80.871857,30U,52.692,36.126,-6.49,0.11198534190000803,-0.14547790834745186,-0.3156046166938205
1423231127640986,51.7399737825,-1.2679372552,-78.881599,5733537.537540445,619590.5260025767,78.881599,30U,53.947,36.133,-6.481,0.111991812195083,-0.14546303318548978,-0.3156079291210466
1423231127744726,51.7400162006,-1.2685550997,-80.936592,5733541.242034412,619547.7578917126,80.936592,30U,70.266,36.198,-6.472,0.11196619999969146,-0.14547890425501234,-0.3156259918179642
1423231127836094,51.7400908353,-1.2686445874,-85.516037,5733549.395226882,619541.3826499148,85.516037,30U,76.055,36.24,-6.463,0.1119545959355588,-0.14547862076816326,-0.3156140081307566
1423231127927462,51.7401744528,-1.268568197,-88.33989,5733558.81918241,619546.4359370351,88.33989,30U,77.063,36.245,-6.454,0.11197870000067035,-0.1454787999995148,-0.31563070717924024
1423231128034057,51.7402691674,-1.2682987043,-89.917389,5733569.793678622,619564.791658098,89.917389,30U,77.312,36.225,-6.446,0.11196240818287971,-0.14547359181659913,-0.3156501001643684
1423231128140320,51.7403755885,-1.2678600506,-90.651192,5733582.347382419,619594.7952062247,90.651192,30U,77.344,36.188,-6.436,0.11194583296376112,-0.14548747494388634,-0.3156426334067182
1423231128244251,51.7404689399,-1.2675407569,-90.28112,5733593.252118282,619616.5925764363,90.28112,30U,77.243,36.133,-6.426,0.1119216500830712,-0.1454747374786454,-0.31565650425561415
1423231128348182,51.7405394388,-1.2674938092,-89.434799,5733601.169005986,619619.6476202566,89.434799,30U,77.115,36.086,-6.418,0.11193623340678373,-0.14548244604642743,-0.3156607126388851
1423231128440358,51.7406038787,-1.2675131324,-88.491554,5733608.303431388,619618.1433611688,88.491554,30U,76.991,36.044,-6.409,0.11195807921481073,-0.14549418756221996,-0.31567054190039073
1423231128531750,51.7406589602,-1.2676596573,-87.493332,5733614.188583215,619607.8819177203,87.493332,30U,76.866,36.007,-6.4,0.11194352896857818,-0.14549242504147483,-0.3156799207849188
1423231128634566,51.7407019902,-1.2680237197,-86.508057,5733618.376941546,619582.6337198394,86.508057,30U,76.739,35.975,-6.392,0.11192768736195877,-0.1454843582413732,-0.3156812708791257
1423231128741189,51.7407493895,-1.2687977549,-86.43573,5733622.379505189,619529.06988891,86.43573,30U,76.681,35.958,-6.383,0.11190565826468969,-0.1454951292965058,-0.31569316268522013
1423231128847813,51.7408268633,-1.2694634171,-87.064888,5733629.904599399,619482.9087872191,87.064888,30U,76.639,35.928,-6.373,0.11190780000010274,-0.14549831263918042,-0.3157036248345284
1423231128954437,51.7409114894,-1.2699698386,-87.39386,5733638.486218629,619447.7227710073,87.39386,30U,76.559,35.89,-6.365,0.11189549999989348,-0.14549569999997258,-0.3157064071790807
1423231129065384,51.7410070317,-1.2702360611,-87.445343,5733648.675237513,619429.0911280626,87.445343,30U,76.459,35.845,-6.355,0.11188518739737684,-0.14550281669344398,-0.31571617495961807
1423231129177436,51.7411156423,-1.2702423251,-87.27002,5733660.743148709,619428.3722600563,87.27002,30U,76.348,35.795,-6.346,0.11186612483449206,-0.14550218329600514,-0.31572659186999213
1423231129297221,51.7412131831,-1.2700428509,-86.723625,5733671.916865256,619441.8864184981,86.723625,30U,76.221,35.739,-6.337,0.11185699590903812,-0.14550406251993606,-0.3157525291329568
1423231129409915,51.7412925601,-1.2699625204,-86.007187,5733680.875603456,619447.22295245,86.007187,30U,76.091,35.689,-6.328,0.11186210406538903,-0.14550613769372736,-0.31575864582432533
1423231129501336,51.7413734798,-1.2699312084,-85.25769,5733689.92564127,619449.1712515726,85.25769,30U,75.963,35.64,-6.319,0.11186444582600631,-0.1455163541739808,-0.3157732459904652
1423231129592756,51.7414492332,-1.2700172509,-84.49321,5733698.209002354,619443.031246253,84.49321,30U,75.834,35.594,-6.31,0.11185267888600255,-0.14550663322411794,-0.31578089999925474
1423231129684176,51.7415110352,-1.2703171976,-83.739891,5733704.590698878,619422.1605501655,83.739891,30U,75.706,35.55,-6.3,0.11183611263787631,-0.14550486659312242,-0.31578260857361806
1423231129775597,51.7415739743,-1.2711924371,-83.298531,5733710.157479696,619361.5699377778,83.298531,30U,75.585,35.511,-6.292,0.11182817479491709,-0.14550279181726616,-0.3157980625199213
1423231129880349,51.7416680264,-1.2720930383,-83.118973,5733719.143469649,619299.1466130945,83.118973,30U,75.47,35.466,-6.283,0.11184620450860246,-0.14551771714697223,-0.31580389187075375
1423231129987006,51.7417632356,-1.2727645335,-82.860634,5733728.633404757,619252.5374148639,82.860634,30U,75.351,35.418,-6.273,0.1118304000007016,-0.14552940000050332,-0.31583090717996426
1423231130078427,51.7418677646,-1.2731639056,-82.513229,5733739.6048934935,619224.6905514485,82.513229,30U,75.227,35.367,-6.264,0.11180140409185597,-0.14551215400946527,-0.31582890818281345
1423231130169847,51.7419891956,-1.2733043784,-82.082848,5733752.879203455,619214.6730183585,82.082848,30U,75.102,35.314,-6.254,0.11178902076788291,-0.1455219248338568,-0.31583011263802085
1423231130273647,51.7420991921,-1.2731794097,-81.493492,5733765.315727699,619223.0109356963,81.493492,30U,74.972,35.259,-6.244,0.11180160851179928,-0.14552259574365728,-0.31585976677685
1423231130380304,51.7421961662,-1.273098853,-80.82888,5733776.231507354,619228.3170283485,80.82888,30U,74.842,35.206,-6.236,0.11180893318568569,-0.1455108250546863,-0.31585930000075885
1423231130486961,51.7423200517,-1.273055785,-80.15081,5733790.078734373,619230.9641462642,80.15081,30U,74.713,35.155,-6.227,0.11178306235518828,-0.1455292543388146,-0.31587672504163417
1423231130593618,51.7424677358,-1.2731037792,-79.468498,5733806.423680791,619227.2619736085,79.468498,30U,74.583,35.106,-6.217,0.1117763374794073,-0.14552091636516173,-0.31588256644745577
1423231130700275,51.742616732,-1.2733125871,-78.793884,5733822.651732204,619212.4543890659,78.793884,30U,74.454,35.054,-6.207,0.11177363769416457,-0.14549116526282074,-0.31588092099117954
1423231130806932,51.7427794903,-1.2739276878,-78.254868,5733839.7464593975,619169.5618338898,78.254868,30U,74.32,34.984,-6.189,0.11172795335018242,-0.1452466682349585,-0.3159091342106128
1423231130913589,51.7429945686,-1.2745153671,-77.835289,5733862.704638161,619128.4250056656,77.835289,30U,74.181,34.888,-6.173,0.11166844538067795,-0.14491500997737844,-0.31618026585297837
1423231131012466,51.7431753682,-1.2749177156,-77.389809,5733882.153707868,619100.1730934147,77.389809,30U,74.033,34.777,-6.156,0.11154389999948856,-0.14463590000041499,-0.3165676071787899
1423231131094228,51.7433315105,-1.2751383149,-76.909492,5733899.157567507,619084.533325879,76.909492,30U,73.889,34.661,-6.143,0.11132114352408211,-0.1444082741366806,-0.317127250926942
1423231131175989,51.7435108059,-1.2752033787,-76.392975,5733918.990126006,619079.5701669987,76.392975,30U,73.741,34.545,-6.13,0.11088931160364629,-0.14437860066483943,-0.31801294249848977
1423231131277982,51.7436703994,-1.2751137803,-75.797928,5733936.884184005,619085.3359036597,75.797928,30U,73.592,34.44,-6.12,0.11039342273815819,-0.14459310328971764,-0.31898350232458145
1423231131384643,51.7438261751,-1.2750492565,-75.165176,5733954.312751241,619089.3806248626,75.165176,30U,73.454,34.38,-6.114,0.11029501803456719,-0.14534657346617527,-0.3199083287507216
1423231131491304,51.7441240959,-1.2750098255,-74.527321,5733987.507781936,619091.3192298394,74.527321,30U,73.333,34.362,-6.109,0.1105442427230408,-0.14583164895229644,-0.32068880117260024
1423231131597013,51.7446942927,-1.2750246698,-73.888641,5734050.8930058535,619088.7949305905,73.888641,30U,73.229,34.368,-6.107,0.11044285170524909,-0.14637255746359304,-0.32156155633406175
1423231131688438,51.7456281531,-1.2751279942,-73.255379,5734154.575473326,619079.2063238899,73.255379,30U,73.122,34.378,-6.097,0.10992295314111142,-0.14659993769317914,-0.32235802202469044
1423231131779862,51.7471317985,-1.2754108142,-72.683929,5734321.32868103,619055.7291790122,72.683929,30U,73.0,34.374,-6.089,0.10941641356792395,-0.14651272732197096,-0.32262581669351936
1423231131884619,51.7494720041,-1.2756477419,-72.168625,5734581.187717336,619033.2216772054,72.168625,30U,72.874,34.333,-6.08,0.10914568647368034,-0.14615626371027796,-0.32266216067937137
1423231131991280,51.7516922844,-1.2757974472,-71.64489,5734827.852772922,619017.051231622,71.64489,30U,72.74,34.252,-6.068,0.1090519000003019,-0.14586849999992935,-0.3231804071794162
1423231132132739,51.752649697,-1.2758628137,-71.106728,5734934.216537384,619010.0225660335,71.106728,30U,72.597,34.155,-6.057,0.10909119148772264,-0.1456717119451054,-0.32394082130014656
1423231132267941,51.7530763245,-1.2758558404,-70.552025,5734981.671634517,619009.3823082239,70.552025,30U,72.451,34.054,-6.045,0.10891520546945584,-0.1457877396901941,-0.32447363377707655
1423231132359343,51.7533600891,-1.2757812006,-69.956482,5735013.349870248,619013.7879473236,69.956482,30U,72.309,33.949,-6.027,0.10841903303683349,-0.1459313582650687,-0.32504216745576686
1423231132450744,51.7535295469,-1.2757248527,-69.341942,5735032.286612249,619017.2315487398,69.341942,30U,72.16,33.84,-6.008,0.10762255410264636,-0.1458074810796928,-0.32588057435254414
1423231132556454,51.7537659247,-1.2756824897,-68.726105,5735058.642471825,619019.5339447409,68.726105,30U,72.006,33.721,-5.992,0.10684579621614554,-0.14559088297760803,-0.3267488270375197
1423231132662165,51.7540110945,-1.2756688661,-68.11158,5735085.929163545,619019.829629406,68.11158,30U,71.853,33.598,-5.98,0.10651467789885885,-0.14580520738168032,-0.32783417958579597
1423231132753583,51.7541766008,-1.2757002384,-67.501747,5735104.283337929,619017.2292007635,67.501747,30U,71.7,33.478,-5.961,0.10644487834409258,-0.1463241008124471,-0.3293097362902946
1423231132845001,51.7522163315,-1.2758143312,-66.928696,5734886.10261948,619014.5081723126,66.928696,30U,71.547,33.357,-5.942,0.10648363028391902,-0.14689786614000486,-0.33109410857510924
1423231132949750,51.7490774931,-1.2759003586,-66.389366,5734536.903373627,619016.8216499792,66.389366,30U,71.396,33.239,-5.926,0.10630929896519216,-0.14736057058394994,-0.33302384796672985
1423231133056403,51.7471683037,-1.2759452302,-65.846931,5734324.516185854,619018.7428036432,65.846931,30U,71.243,33.123,-5.908,0.10617240000044013,-0.1480254999997597,-0.33511460718002667
1423231133163098,51.7461024863,-1.2759502249,-65.298676,5734205.982406776,619021.1995560087,65.298676,30U,71.086,33.0,-5.885,0.10534025791414366,-0.14835282553506754,-0.3370460188972672
1423231133267883,51.7455391664,-1.2759208246,-64.741989,5734143.385653643,619024.7097993651,64.741989,30U,70.934,32.871,-5.873,0.10494808632679542,-0.1486669674064752,-0.33960240177301737
1423231133359310,51.7454877673,-1.2758603188,-64.161514,5734137.768477526,619029.0217349494,64.161514,30U,70.77,32.737,-5.849,0.1044725621916577,-0.14912316023816594,-0.3427404932402771
1423231133450736,51.7456030403,-1.2758110243,-63.571693,5734150.667997726,619032.1216102631,63.571693,30U,70.599,32.597,-5.823,0.10468409453143906,-0.1492823631930348,-0.3459603565402934
1423231133556419,51.7457444705,-1.2757703518,-62.983406,5734166.462296208,619034.5575162945,62.983406,30U,70.438,32.446,-5.8,0.10497062523822964,-0.14968961349835047,-0.3499665564445567
1423231133662102,51.7458885533,-1.2757449635,-62.398563,5734182.526640856,619035.9313425281,62.398563,30U,70.27,32.294,-5.773,0.10502827380725288,-0.1503681893922542,-0.35465306645422834
1423231133753529,51.7459958865,-1.2757414467,-61.817852,5734194.468508171,619035.891951796,61.817852,30U,70.099,32.136,-5.759,0.10417321877324616,-0.15191319829958194,-0.3596614571321923
1423231133844956,51.7455440282,-1.2757682171,-61.254734,5734144.1753332615,619035.2317949116,61.254734,30U,69.93,32.0,-5.728,0.1033117415489293,-0.1537868764607367,-0.3654907848372764
1423231133949710,51.7449292844,-1.2757754305,-60.709244,5734075.800183656,619036.3498458241,60.709244,30U,69.759,31.864,-5.694,0.10194767472299225,-0.15326366518837492,-0.37276802010387744
1423231134056368,51.7446089593,-1.2757663535,-60.164478,5734040.1928316895,619037.8185084248,60.164478,30U,69.576,31.691,-5.683,0.09693420000040098,-0.1555005000004528,-0.3825292071800093
1423231134163055,51.7444553932,-1.275740028,-59.618679,5734023.15827621,619040.039533939,59.618679,30U,69.407,31.662,-5.647,0.0999505092550912,-0.1583446313934604,-0.3939539886274898
1423231134267830,51.7443971451,-1.2756978422,-59.073269,5734016.749564052,619043.1048915094,59.073269,30U,69.252,31.601,-5.607,0.09970473185543502,-0.15244442897239358,-0.40670310236514673
1423231134359226,51.744437093,-1.2756435746,-58.516026,5734021.280582026,619046.7461583742,58.516026,30U,69.116,31.494,-5.619,0.0999876620910957,-0.14146144823720141,-0.42220216897959495
1423231134450623,51.7445057192,-1.2755980611,-57.953377,5734028.986523044,619049.7076978416,57.953377,30U,68.93,31.404,-5.585,0.09964359763525743,-0.13184447213559888,-0.4377526537320812
1423231134556340,51.7445737848,-1.2755580158,-57.395767,5734036.621199491,619052.2932135131,57.395767,30U,68.764,31.33,-5.553,0.09545103990166114,-0.12391780980794348,-0.4524794057506542
1423231134663010,51.7446367277,-1.2755265552,-56.838436,5734043.67219028,619054.2995594575,56.838436,30U,68.608,31.278,-5.575,0.09233685272912676,-0.11882407840608059,-0.46940833337399746
1423231134769661,51.7446892886,-1.2755064573,-56.281994,5734049.550093547,619055.5487923261,56.281994,30U,68.442,31.243,-5.569,0.08850260162604438,-0.11437240029527382,-0.4890385543232244
1423231134871317,51.7447010628,-1.2754978626,-55.732067,5734050.87348578,619056.1111552448,55.732067,30U,68.272,31.202,-5.547,0.08617420201033554,-0.10947144255132892,-0.5108105678991139
1423231134951330,51.7446973786,-1.2754758025,-55.188187,5734050.499783833,619057.643719044,55.188187,30U,68.102,31.158,-5.544,0.08136037006592461,-0.10511820125642604,-0.5342397099774322
1423231135031344,51.7447071989,-1.275446158,-54.644543,5734051.640246279,619059.6643514938,54.644543,30U,67.919,31.123,-5.521,0.07836059999977593,-0.1021955999998751,-0.5589315071799987
1423231135129722,51.7447314944,-1.2754079488,-54.102219,5734054.404421697,619062.2381712678,54.102219,30U,67.732,31.099,-5.491,0.07562844320864164,-0.09901763850170882,-0.5848005706606968
1423231135236447,51.7447686499,-1.2753615364,-53.560944,5734058.612100577,619065.3444663472,53.560944,30U,67.57,31.063,-5.486,0.07100924848524023,-0.09508896467070521,-0.6124905959345085
1423231135342886,51.7448244419,-1.2753103382,-53.013733,5734064.900088956,619068.732130443,53.013733,30U,67.389,31.015,-5.425,0.06734222537663542,-0.09213427069605833,-0.6411717350753904
1423231135449258,51.7448820903,-1.2752654067,-52.470417,5734071.38429395,619071.6822961861,52.470417,30U,67.227,31.017,-5.49,0.05892528676966721,-0.08805052985880216,-0.6714631170000175
1423231135555961,51.7449365186,-1.2752235774,-51.910416,5734077.5053416435,619074.4267680029,51.910416,30U,67.033,31.071,-5.665,0.06117603961561732,-0.09139966829326895,-0.7025562410196188
1423231135662685,51.7449873424,-1.2751867005,-51.344597,5734083.217463749,619076.8388338853,51.344597,30U,66.831,31.118,-5.61,0.06853612336670258,-0.09644063250833916,-0.7342770467778338
1423231135769410,51.7450343182,-1.2751564893,-50.783527,5734088.490784224,619078.8008623914,50.783527,30U,66.737,31.112,-5.631,0.0757689908348095,-0.09915929512230068,-0.7676749130074586
1423231135873276,51.7450805852,-1.2751334488,-50.22419,5734093.673576885,619080.2697388653,50.22419,30U,66.645,31.057,-5.643,0.08087314856658842,-0.10250995411553711,-0.8047902836276356
1423231135964755,51.7451346633,-1.2751026786,-49.669155,5734099.7376318,619082.2516708289,49.669155,30U,66.463,31.091,-5.624,0.08073322771608024,-0.10473114959418386,-0.8396646758321045
1423231136056233,51.7451916401,-1.2750672539,-49.115372,5734106.131639671,619084.5472856745,49.115372,30U,66.319,31.104,-5.622,0.07555690000013945,-0.10735830000001141,-0.8716390071802224
1423231136162958,51.7452524776,-1.2750266232,-48.560211,5734112.963481737,619087.1921230393,48.560211,30U,66.204,31.096,-5.611,0.07257120597950152,-0.11201811162259417,-0.9056424848788748
1423231136267777,51.7453176671,-1.274980996,-48.008068,5734120.287452219,619090.1704263869,48.008068,30U,66.056,31.106,-5.537,0.06983492084240511,-0.11538794870729455,-0.9416475743537281
1423231136359255,51.7453849371,-1.2749321405,-47.457893,5734127.848059898,619093.3661049203,47.457893,30U,65.887,31.107,-5.497,0.06534202957558462,-0.1155926512124297,-0.9771262997637883
1423231136450734,51.7454532689,-1.2748866301,-46.907143,5734135.521287257,619096.3280617784,46.907143,30U,65.729,31.064,-5.501,0.058080393199645246,-0.11531097516687883,-1.0127108167775498
1423231136542117,51.7455302059,-1.2748427706,-46.356682,5734144.1487734765,619099.153411056,46.356682,30U,65.555,31.031,-5.492,0.04976673688066213,-0.11568677841771134,-1.0493925721365132
1423231136633495,51.7456157706,-1.2748017824,-45.808323,5734153.7310279235,619101.757846058,45.808323,30U,65.366,31.044,-5.474,0.04162964425251231,-0.1161765595802766,-1.0867033445244147
1423231136736346,51.745704178,-1.2747649213,-45.26199,5734163.622671502,619104.0698926768,45.26199,30U,65.191,31.046,-5.468,0.035446422468801184,-0.11652488233580248,-1.1248402722836588
1423231136843022,51.7457969062,-1.2747342242,-44.719498,5734173.984751978,619105.9450540197,44.719498,30U,65.032,31.029,-5.45,0.030431038745216677,-0.11717397237028764,-1.1646689528146383
1423231136949683,51.7458998843,-1.2747002505,-44.182194,5734185.49203687,619108.0194328564,44.182194,30U,64.853,31.018,-5.42,0.023703869105924254,-0.11784871662943805,-1.205586565410601
1423231137056342,51.7459898292,-1.2746630376,-43.64616,5734195.555238273,619110.3516896691,43.64616,30U,64.666,31.038,-5.427,0.017709000000049307,-0.11840210000024566,-1.2462213071801655
1423231137163017,51.7460690298,-1.2746223649,-43.107155,5734204.429256775,619112.9510326835,43.107155,30U,64.486,31.064,-5.448,0.014810497139780502,-0.1196766602823573,-1.2867958204140624
1423231137269689,51.7461503372,-1.2745785151,-42.566895,5734213.54275428,619115.7641415339,42.566895,30U,64.306,31.07,-5.426,0.01204107280087663,-0.12120310517311982,-1.3277372669627456
1423231137376339,51.7462211764,-1.2745320053,-42.026535,5734221.496467638,619118.7883995668,42.026535,30U,64.123,31.074,-5.401,0.009065016299872638,-0.12249980300376956,-1.3685807298912092
1423231137479184,51.7462753999,-1.2744869435,-41.484406,5734227.600048021,619121.7564026649,41.484406,30U,63.95,31.097,-5.426,0.007639698965960573,-0.12439763392472197,-1.4075493963789425
1423231137570615,51.7463243121,-1.2744428911,-40.9417,5734233.1113319155,619124.6686917411,40.9417,30U,63.797,31.09,-5.412,0.003937729121016416,-0.12651659297775797,-1.4451235608269266
1423231137662045,51.7463675065,-1.2744004939,-40.40263,5734237.984059175,619127.4817576404,40.40263,30U,63.643,31.09,-5.367,-0.0016435088483000584,-0.12730771128673654,-1.4821089834411025
1423231137753471,51.7464037524,-1.2743602221,-39.86805,5734242.080600109,619130.1663815888,39.86805,30U,63.489,31.131,-5.337,-0.00574700613375573,-0.12692859785666202,-1.517608155653876
1423231137844896,51.7464457326,-1.2743207104,-39.335526,5734246.813591431,619132.7834439855,39.335526,30U,63.335,31.155,-5.311,-0.00878079844057496,-0.12611253908239708,-1.55127424862953
1423231137949658,51.7465264244,-1.2742748871,-38.796616,5734255.8618659945,619135.7343400249,38.796616,30U,63.18,31.154,-5.307,-0.010635053658025,-0.12528853289029665,-1.5841056569110161
1423231138056326,51.7466159679,-1.2742279631,-38.256958,5734265.89630505,619138.73791586,38.256958,30U,63.022,31.161,-5.294,-0.013629500000461543,-0.124190800000815,-1.6155072071803371
1423231138147804,51.7466726471,-1.2741829862,-37.729168,5734272.272848944,619141.6935436198,37.729168,30U,62.861,31.158,-5.271,-0.01820188540871282,-0.12229563920323466,-1.6452596347463286
1423231138239281,51.7466829734,-1.2741431072,-37.218979,5734273.486333819,619144.4192232752,37.218979,30U,62.703,31.168,-5.28,-0.02226818048803543,-0.12043139297938128,-1.6744353453066205
1423231138343029,51.7466044466,-1.2741132961,-36.741138,5734264.802351568,619146.6837159413,36.741138,30U,62.544,31.188,-5.27,-0.026628918446805174,-0.1194817682136064,-1.702914787397594
1423231138449608,51.7464847715,-1.2740881239,-36.280224,5734251.53484332,619148.7362669982,36.280224,30U,62.387,31.204,-5.25,-0.029115669106467075,-0.11793005070220225,-1.730137939836664
1423231138556272,51.7464524461,-1.2740529814,-35.787857,5734247.997457754,619151.24722876,35.787857,30U,62.226,31.211,-5.254,-0.03239775321454807,-0.11620724286820706,-1.7557429965156646
1423231138662944,51.7465078925,-1.274007837,-35.263313,5734254.237187393,619154.2176595655,35.263313,30U,62.059,31.213,-5.234,-0.03539913775039743,-0.1157154785560806,-1.780046258428387
1423231138769667,51.7465636001,-1.2739626314,-34.74155,5734260.506066001,619157.1916198931,34.74155,30U,61.905,31.232,-5.202,-0.038645201847623545,-0.11476111699987707,-1.8033199860280875
1423231138876376,51.74661917,-1.2739174016,-34.221603,5734266.759672958,619160.1676053145,34.221603,30U,61.751,31.24,-5.208,-0.042152560325120395,-0.11279608963561381,-1.8260649601967773
1423231138983026,51.746674602,-1.2738721738,-33.698841,5734272.997943219,619163.14380779,33.698841,30U,61.599,31.236,-5.241,-0.043366903622153535,-0.11259729194411197,-1.8486774746439223
1423231139081350,51.7467299074,-1.2738269393,-33.175072,5734279.222147632,619166.1207981706,33.175072,30U,61.472,31.247,-5.233,-0.04308869999990662,-0.11399749999925644,-1.8694093999985424
1423231139161357,51.7467851052,-1.2737816981,-32.653442,5734285.434399117,619169.0985264776,32.653442,30U,61.361,31.24,-5.197,-0.04259595779201757,-0.11526861457730964,-1.8872703226650422
1423231139241364,51.7468402065,-1.2737364827,-32.134987,5734291.635878965,619172.0747200485,32.134987,30U,61.25,31.213,-5.177,-0.04356946622272606,-0.11493591204735021,-1.903026296153349
1423231139343024,51.7468952082,-1.2736913164,-31.616755,5734297.826204371,619175.0477786751,31.616755,30U,61.142,31.176,-5.193,-0.044183986431705166,-0.114991472370066,-1.917300222574287
1423231139449681,51.7469501156,-1.273646198,-31.097136,5734304.005966678,619178.0177712777,31.097136,30U,61.041,31.146,-5.197,-0.04502884560303291,-0.1162332171478599,-1.930196186016608
1423231139556333,51.7470049348,-1.2736011242,-30.57836,5734310.175849634,619180.9849096303,30.57836,30U,60.945,31.113,-5.176,-0.04634030909019679,-0.116990290539105,-1.9410540173662616
1423231139662035,51.7470596687,-1.2735560997,-30.061525,5734316.33616805,619183.94886169,30.061525,30U,60.85,31.079,-5.164,-0.04724576959428427,-0.11640900849035661,-1.949189374856137
1423231139753490,51.7471143127,-1.2735111325,-29.545889,5734322.486397299,619186.9090873608,29.545889,30U,60.745,31.03,-5.15,-0.047424216999780604,-0.11587992150772679,-1.9545023117353797
1423231139844944,51.747168863,-1.2734662434,-29.03112,5734328.626080802,619189.864160869,29.03112,30U,60.641,30.972,-5.144,-0.04773285125609546,-0.1156296068663713,-1.9571593144551915
1423231139949702,51.7472233193,-1.2734214422,-28.517519,5734334.755169178,619192.8134065561,28.517519,30U,60.537,30.911,-5.129,-0.04801288957892404,-0.11493636718384058,-1.9578712563878549
1423231140056361,51.747277681,-1.2733767311,-28.004576,5734340.873592095,619195.7566741812,28.004576,30U,60.429,30.845,-5.132,-0.048744299999658985,-0.11428670000038771,-1.958200699990166
1423231140163036,51.7473319445,-1.2733321206,-27.49168,5734346.980932041,619198.6932484576,27.49168,30U,60.324,30.779,-5.119,-0.049728642886330464,-0.11432272175133586,-1.9586971757732294
1423231140267800,51.7473861199,-1.2732875854,-26.981316,5734353.078353529,619201.6248492738,26.981316,30U,60.228,30.738,-5.087,-0.04954383392500754,-0.11296475269739822,-1.957943568433091
1423231140359183,51.747440205,-1.2732431145,-26.473257,5734359.165629876,619204.5522417792,26.473257,30U,60.122,30.68,-5.088,-0.0484965971597533,-0.11105108817739696,-1.9558872691558802
1423231140450566,51.747494188,-1.273198758,-25.962629,5734365.24136696,619207.4719987293,25.962629,30U,60.002,30.589,-5.114,-0.046520852253897675,-0.1113976005168524,-1.954388378701298
1423231140556330,51.7475480651,-1.2731545191,-25.452631,5734371.305136954,619210.3839092868,25.452631,30U,59.891,30.523,-5.086,-0.04511678381319112,-0.11178108196673796,-1.9534320584545772
1423231140662095,51.7476018462,-1.2731103593,-24.945002,5734377.358103711,619213.2906050417,24.945002,30U,59.785,30.471,-5.068,-0.04531505400859715,-0.11144689997876747,-1.9514815917195105
1423231140753502,51.7476555294,-1.2730662912,-24.437685,5734383.400035333,619216.1912212753,24.437685,30U,59.67,30.389,-5.089,-0.045760542423571464,-0.1113686432373791,-1.9491888386386311
1423231140844909,51.7477091068,-1.2730223641,-23.928064,5734389.429972704,619219.0823757262,23.928064,30U,59.558,30.292,-5.098,-0.047948644618278045,-0.11202233978219091,-1.9483928094653202
1423231140949662,51.7477625979,-1.2729785349,-23.419275,5734395.450154771,619221.9669922314,23.419275,30U,59.473,30.252,-5.078,-0.051181353731829915,-0.11142315439730296,-1.9467469932673143
1423231141056322,51.7478160048,-1.272934774,-22.911753,5734401.460863439,619224.8471085404,22.911753,30U,59.366,30.185,-5.073,-0.052334300000497345,-0.11068560000046732,-1.9436715999923218
1423231141163030,51.7478693097,-1.2728911303,-22.404846,5734407.460039299,619227.7193960776,22.404846,30U,59.25,30.101,-5.063,-0.05318635468785617,-0.11131098530117378,-1.9425467701959962
1423231141267817,51.7479225137,-1.2728475817,-21.898817,5734413.447840785,619230.5853775202,21.898817,30U,59.144,30.062,-5.061,-0.05183559401302622,-0.11288359105618277,-1.9424667567632623
1423231141359164,51.7479756289,-1.2728040678,-21.39282,5734419.425712215,619233.4491903435,21.39282,30U,59.047,30.034,-5.054,-0.04885708961444247,-0.11485122263844022,-1.9408616967958174
1423231141450510,51.7480286457,-1.2727606453,-20.888611,5734425.392493318,619236.3069459677,20.888611,30U,58.926,29.936,-5.032,-0.046581612565208305,-0.11531347568439018,-1.9389885144093995
1423231141556214,51.748081553,-1.2727173688,-20.385187,5734431.346860439,619239.1549047427,20.385187,30U,58.81,29.848,-5.041,-0.0453932419072185,-0.11523642564619338,-1.9381482450839949
1423231141661925,51.7481343645,-1.2726741915,-19.880655,5734437.29041359,619241.9962611469,19.880655,30U,58.708,29.791,-5.042,-0.04705974360963794,-0.11604761836047328,-1.9365320025302328
1423231141753401,51.7481870825,-1.2726311031,-19.377529,5734443.223425377,619244.8317201561,19.377529,30U,58.601,29.724,-5.018,-0.048359033776080335,-0.11634233547652444,-1.9345119215053541
1423231141844878,51.7482397025,-1.2725881087,-18.876669,5734449.14538702,619247.6609416192,18.876669,30U,58.491,29.665,-5.001,-0.048320444181544936,-0.11610594255692192,-1.9330930089486025
1423231141949671,51.7482922242,-1.2725451916,-18.377415,5734455.056292444,619250.4850791312,18.377415,30U,58.381,29.614,-4.986,-0.04781096947593707,-0.11620835144200672,-1.9320449733077525
1423231142056367,51.7483446449,-1.2725023544,-17.879091,5734460.955837138,619253.3039603687,17.879091,30U,58.268,29.552,-4.979,-0.0463880000008227,-0.11631279999914058,-1.9308286999872353
1423231142163089,51.7487128853,-1.2724238547,-17.204578,5734502.034830821,619257.7526635571,17.204578,30U,58.15,29.455,-4.97,-0.04576144451095798,-0.11572849064364335,-1.929522883422109
1423231142267901,51.7487944839,-1.2723785461,-16.69519,5734511.183187697,619260.6652435688,16.69519,30U,58.034,29.382,-4.97,-0.046349999186129136,-0.11530015484110145,-1.9283274383547397
1423231142359337,51.7488653048,-1.2723336243,-16.188173,5734519.132365875,619263.5795023503,16.188173,30U,57.924,29.317,-4.985,-0.04704201116566677,-0.1162319146191111,-1.926926778992357
1423231142450772,51.7489108491,-1.2722923162,-15.688614,5734524.264719945,619266.3108931583,15.688614,30U,57.812,29.23,-4.988,-0.04849217923050702,-0.11760807028834319,-1.9261831630338677
1423231142556439,51.7489530023,-1.2722519279,-15.190704,5734529.018459936,619268.9877204996,15.190704,30U,57.707,29.179,-4.962,-0.04881769460456247,-0.1180328968219353,-1.9254952257139646
1423231142663062,51.7489907717,-1.2722126665,-14.69849,5734533.282852599,619271.598304887,14.69849,30U,57.603,29.14,-4.931,-0.04947373227992768,-0.11771892142177703,-1.9237740968308594
1423231142769783,51.7490253655,-1.2721742228,-14.20961,5734537.192762871,619274.1608074574,14.20961,30U,57.479,29.068,-4.908,-0.04945840495202564,-0.11714318610444065,-1.922770445000154
1423231142871488,51.7490085826,-1.2721349588,-13.753558,5734535.390602745,619276.9152769962,13.753558,30U,57.363,29.049,-4.89,-0.04754949829032245,-0.11642813941080685,-1.9218279773618934
1423231142951452,51.7489807232,-1.2720928305,-13.311605,5734532.361351289,619279.8966422771,13.311605,30U,57.239,28.993,-4.899,-0.046359386991035034,-0.11565784589747884,-1.9202227044991862
1423231143031417,51.7489851706,-1.2720500226,-12.850934,5734532.925932796,619282.8398072221,12.850934,30U,57.109,28.908,-4.909,-0.045565100000147525,-0.11551519999983231,-1.9194758071646236
1423231143129726,51.7490081136,-1.2720063114,-12.379323,5734535.548820582,619285.796594141,12.379323,30U,56.992,28.854,-4.902,-0.04511754895157256,-0.11559829689528364,-1.918992291289014
1423231143236372,51.7490423274,-1.2719615735,-11.901367,5734539.426773234,619288.7945522519,11.901367,30U,56.878,28.799,-4.9,-0.04524131485650071,-0.11561772978561974,-1.9182243811501887
1423231143343049,51.7490906863,-1.2719176402,-11.414272,5734544.876436226,619291.6996978914,11.414272,30U,56.76,28.745,-4.898,-0.043884355611671026,-0.11597209609449184,-1.9176677004614704
1423231143449733,51.7491464019,-1.2718743111,-10.923739,5734551.143224321,619294.5437475301,10.923739,30U,56.646,28.68,-4.886,-0.0430861694016456,-0.11646861670284668,-1.9172431549154156
1423231143556285,51.7492104405,-1.2718275749,-10.434331,5734558.341156585,619297.6010385199,10.434331,30U,56.527,28.617,-4.865,-0.04274944264683122,-0.1161103158912605,-1.9167232008061745
1423231143662834,51.7492928349,-1.2717732042,-9.94585,5734567.5928582335,619301.1369325119,9.94585,30U,56.407,28.561,-4.861,-0.04315353489056644,-0.11621761328300986,-1.9156751457747165
1423231143769480,51.7494088258,-1.2717055951,-9.458458,5734580.602358251,619305.4980754,9.458458,30U,56.285,28.502,-4.843,-0.043669426608092525,-0.11657685691098597,-1.9146577265250722
1423231143873274,51.7495948847,-1.271607582,-8.97269,5734601.453597875,619311.773204427,8.97269,30U,56.167,28.443,-4.847,-0.04393570441999518,-0.11629047397249653,-1.9141280382782602
1423231143964709,51.7499388135,-1.2714228671,-8.48694,5734640.002806007,619323.6168222518,8.48694,30U,56.051,28.387,-4.85,-0.043234621138794185,-0.11658713081955312,-1.9136538045697582
1423231144056144,51.7504469728,-1.2711200651,-8.002847,5734697.008718134,619343.1782348618,8.002847,30U,55.935,28.33,-4.831,-0.042347599999856794,-0.11726160000085079,-1.9131976071635595
1423231144162865,51.7507520541,-1.2708944079,-7.521387,5734731.304920215,619357.9497551619,7.521387,30U,55.822,28.274,-4.812,-0.04031172464758297,-0.11752535598302656,-1.9127627428644483
1423231144267680,51.7508623388,-1.2707807173,-7.039514,5734743.755321088,619365.5063442684,7.039514,30U,55.703,28.209,-4.827,-0.03855405225433094,-0.11861722224667894,-1.9125557254872378
1423231144359155,51.7509517102,-1.2706989162,-6.556187,5734753.827853817,619370.916911539,6.556187,30U,55.577,28.141,-4.819,-0.03719566611906195,-0.12132976408694685,-1.9125394726496312
1423231144450630,51.7510396879,-1.2706455719,-6.073573,5734763.698831947,619374.3669459177,6.073573,30U,55.481,28.066,-4.803,-0.03805122224756889,-0.12295057487072884,-1.911722568361082
1423231144542104,51.751156165,-1.2705832512,-5.590704,5734776.753817485,619378.3613966021,5.590704,30U,55.383,27.995,-4.801,-0.04068104966732841,-0.12278221293409095,-1.910579646621357
1423231144633578,51.7512883816,-1.2705217653,-5.107456,5734791.557772369,619382.2566994189,5.107456,30U,55.284,27.929,-4.797,-0.042609864186289044,-0.12290557956528211,-1.9102971466337912
1423231144736456,51.751411666,-1.2704800892,-4.625754,5734805.335989969,619384.8082031322,4.625754,30U,55.208,27.874,-4.774,-0.042403595860760784,-0.122950511234279,-1.9106260042068992
1423231144843134,51.7510744714,-1.2707276488,-4.14678,5734767.432653732,619368.6100067103,4.14678,30U,55.137,27.805,-4.764,-0.04117482156537093,-0.1208820097197313,-1.9112457703799364
1423231144949796,51.7505965479,-1.2709744119,-3.668871,5734713.880735301,619352.8375274632,3.668871,30U,55.05,27.727,-4.77,-0.040444063341016204,-0.11827905225467149,-1.9113185422670707
1423231145056456,51.7503673911,-1.2710611961,-3.19183,5734688.255050676,619347.4514143926,3.19183,30U,54.949,27.65,-4.769,-0.04012000000061326,-0.11707529999951188,-1.9108003071675164
1423231145163153,51.7502655474,-1.2710823873,-2.715902,5734676.894714927,619346.2571729812,2.715902,30U,54.836,27.585,-4.757,-0.04132494177794324,-0.11670268199027221,-1.9107114813404966
1423231145269843,51.750231328,-1.2710733838,-2.240411,5734673.10403304,619346.9688416562,2.240411,30U,54.721,27.538,-4.754,-0.04199944781884938,-0.11638963163381612,-1.9109755042777625
1423231145376492,51.7502633336,-1.2710390465,-1.764049,5734676.719441116,619349.2545897525,1.764049,30U,54.604,27.487,-4.752,-0.04170020670116661,-0.1162425700444354,-1.9106500633088384
1423231145479331,51.7503197266,-1.2709977323,-1.287737,5734683.058299256,619351.9576212569,1.287737,30U,54.476,27.418,-4.73,-0.04175548551449136,-0.11567627915746719,-1.9103879331811464
1423231145570738,51.750381305,-1.2709556675,-0.811912,5734689.975036448,619354.6987850561,0.811912,30U,54.352,27.361,-4.72,-0.041973973352625094,-0.11474189019801903,-1.910411791064076
1423231145662134,51.750445703,-1.2709141039,-0.33513,5734697.2045125,619357.3979123563,0.33513,30U,54.231,27.308,-4.727,-0.04246124519074757,-0.11448837086686683,-1.910205061194954
1423231145753369,51.7505083259,-1.270875239,0.141515,5734704.23217174,619359.9154355774,-0.141515,30U,54.106,27.249,-4.716,-0.04281999275600771,-0.11439648787924123,-1.9100398158124758
1423231145844604,51.7504953867,-1.2708604604,0.615265,5734702.81743454,619360.9696302144,-0.615265,30U,53.977,27.19,-4.695,-0.04323421622240772,-0.1137959238675038,-1.9099561333834953
1423231145949388,51.7504558977,-1.2708500524,1.086139,5734698.443040019,619361.7921452346,-1.086139,30U,53.848,27.136,-4.691,-0.04357501300824326,-0.11343955506209574,-1.91001358712665
1423231146056108,51.7504552037,-1.2708269549,1.555422,5734698.403660038,619363.3882636202,-1.555422,30U,53.717,27.087,-4.688,-0.04393520000064272,-0.11375190000010142,-1.909792007175947
1423231146147583,51.7504756569,-1.2707967858,2.023067,5734700.7275551045,619365.4167390264,-2.023067,30U,53.58,27.034,-4.674,-0.04345545692648272,-0.11396094664894342,-1.9095417202766003
1423231146239057,51.7505079421,-1.2707626338,2.490098,5734704.373762118,619367.6889330794,-2.490098,30U,53.448,26.979,-4.665,-0.04263409948270705,-0.11412475550676439,-1.9096810234166886
1423231146342918,51.7505525244,-1.270724505,2.957511,5734709.393993531,619370.203195947,-2.957511,30U,53.32,26.928,-4.656,-0.042121906536744955,-0.11416516186338742,-1.9098560872186867
1423231146449637,51.7506014157,-1.2706854291,3.425519,5734714.894964312,619372.7714646844,-3.425519,30U,53.188,26.876,-4.642,-0.04179290051814814,-0.11391866932728753,-1.9094560436693226
1423231146556357,51.7506506674,-1.2706465063,3.894714,5734720.4357647225,619375.3282096284,-3.894714,30U,53.055,26.814,-4.63,-0.04138860842374159,-0.11381314780630675,-1.9089409107005275
1423231146663076,51.7506998077,-1.2706079533,4.364104,5734725.963572944,619377.8597173188,-4.364104,30U,52.924,26.763,-4.614,-0.041048113239527444,-0.11330367853565419,-1.9088742958986618
1423231146769776,51.7507482079,-1.2705700269,4.831944,5734731.408053231,619380.349920346,-4.831944,30U,52.797,26.724,-4.593,-0.04013968329682782,-0.11219955890699015,-1.908605269399136
1423231146876479,51.7507900649,-1.2705340246,5.296112,5734736.121740514,619382.7245630837,-5.296112,30U,52.661,26.674,-4.56,-0.038559186203157535,-0.11056639796223622,-1.9078905048851003
1423231146983194,51.7508276351,-1.2704985148,5.754905,5734740.357903681,619385.0765112564,-5.754905,30U,52.512,26.585,-4.555,-0.03793578166963785,-0.10837173503298347,-1.9081845928291545
1423231147081556,51.75086719,-1.2704623705,6.213065,5734744.815817738,619387.4670170487,-6.213065,30U,52.391,26.521,-4.601,-0.039024700000625114,-0.10803100000038753,-1.909088507173983
1423231147161539,51.7509087436,-1.2704255391,6.673709,5734749.497125733,619389.8996737313,-6.673709,30U,52.284,26.486,-4.614,-0.0407103664898636,-0.1094291304906396,-1.9082473654108447
1423231147241521,51.7509519894,-1.2703881511,7.133562,5734754.367529398,619392.3662815487,-7.133562,30U,52.166,26.423,-4.58,-0.04116510273433778,-0.11043998300006004,-1.907329524385783
1423231147343191,51.7509979904,-1.2703500576,7.591391,5734759.545484835,619394.87431431,-7.591391,30U,52.049,26.362,-4.546,-0.04033881305292783,-0.11029160030813666,-1.9080003229389508
1423231147449865,51.7510449479,-1.2703119635,8.052211,5734764.829811461,619397.3798604792,-8.052211,30U,51.951,26.319,-4.578,-0.03922575550589788,-0.11019006511393145,-1.9081845274142142
1423231147556527,51.7510918449,-1.2702740602,8.521859,5734770.107099139,619399.8723910076,-8.521859,30U,51.857,26.244,-4.614,-0.03811022828830577,-0.11161377634001528,-1.9071637395743932
1423231147662233,51.7511385237,-1.2702364489,8.996911,5734775.35964495,619402.3453367163,-8.996911,30U,51.746,26.146,-4.6,-0.03797621768115019,-0.11367980415578087,-1.90698563324463
1423231147753619,51.7511848156,-1.2701991769,9.470695,5734780.568610925,619404.7958778489,-9.470695,30U,51.641,26.09,-4.562,-0.03834376127125339,-0.11506029918651765,-1.9076128017604506
1423231147845004,51.7512296094,-1.2701622757,9.939819,5734785.610373002,619407.2247711377,-9.939819,30U,51.535,26.052,-4.534,-0.038821750247627254,-0.1154473507405494,-1.907227644979488
1423231147949774,51.7512734219,-1.2701252907,10.402912,5734790.543146782,619409.6620316928,-10.402912,30U,51.412,25.982,-4.528,-0.03917587272702152,-0.11521774183371891,-1.906659069313412
1423231148056456,51.7513174416,-1.2700882563,10.85875,5734795.49904467,619412.1021504367,-10.85875,30U,51.283,25.903,-4.526,-0.04048209999953662,-0.11490300000014489,-1.9069414071773432
1423231148163126,51.7513617989,-1.2700511115,11.31,5734800.492667839,619414.5489937664,-11.31,30U,51.16,25.857,-4.514,-0.04229437911472504,-0.11475419508689551,-1.9067906030679758
1423231148267896,51.7514065188,-1.2700138427,11.760921,5734805.526818728,619417.0034343656,-11.760921,30U,51.034,25.805,-4.505,-0.043824392386993795,-0.11484430199605836,-1.9059607323618943
1423231148359363,51.7514520375,-1.2699764945,12.214243,5734810.649932526,619419.4612431144,-12.214243,30U,50.902,25.744,-4.5,-0.04437643308124385,-0.1150628062298151,-1.9060229077093678
1423231148450830,51.7514977156,-1.2699393358,12.673346,5734815.79046366,619421.9055463101,-12.673346,30U,50.774,25.695,-4.493,-0.044552909311882986,-0.11536959068670491,-1.9065059225358558
1423231148556503,51.7515432215,-1.2699023297,13.141534,5734820.9115965115,619424.3397656379,-13.141534,30U,50.646,25.647,-4.48,-0.044538115234427314,-0.11564536792779108,-1.9062479503758536
1423231148662176,51.7515885073,-1.2698655068,13.618912,5734826.007954181,619426.7619154309,-13.618912,30U,50.511,25.58,-4.47,-0.04481201032117479,-0.11574863780823053,-1.9059752587547119
1423231148753650,51.751633531,-1.2698288865,14.102145,5734831.074834218,619429.1707675263,-14.102145,30U,50.378,25.522,-4.465,-0.04533136563238415,-0.11597542025207584,-1.9062731161736184
1423231148845123,51.7516780904,-1.2697923712,14.586061,5734836.089910494,619431.573592025,-14.586061,30U,50.246,25.48,-4.454,-0.04521831128605973,-0.11634998560893778,-1.9064159107925158
1423231148949815,51.7517224259,-1.2697557071,15.060755,5734841.0803325735,619433.9872726871,-15.060755,30U,50.106,25.42,-4.44,-0.045053218108510054,-0.1166371101256091,-1.9061269277794435
1423231149056396,51.7517667292,-1.2697190565,15.516262,5734846.067152968,619436.4001014566,-15.516262,30U,49.957,25.346,-4.422,-0.044740299999142044,-0.11668360000012754,-1.9063016071726742
1423231149163085,51.7518110489,-1.2696823911,15.957316,5734851.055822642,619438.8139034505,-15.957316,30U,49.81,25.282,-4.408,-0.04472057888513325,-0.1164764523637595,-1.9063836945801578
1423231149267866,51.7518553972,-1.2696457062,16.396843,5734856.04770601,619441.2289708783,-16.396843,30U,49.663,25.221,-4.392,-0.04423620532156802,-0.11617381404297286,-1.9060971892015854
1423231149359295,51.7518998822,-1.2696091119,16.841919,5734861.054644185,619443.6374191907,-16.841919,30U,49.521,25.169,-4.386,-0.043749194570738996,-0.11602075024709595,-1.905965700982662
1423231149450724,51.7519442548,-1.2695727403,17.302338,5734866.048719332,619446.0307878114,-17.302338,30U,49.384,25.118,-4.389,-0.04283380982956405,-0.11619200310347359,-1.9062020351789164
1423231149556438,51.7519884486,-1.2695365021,17.794184,5734871.022693571,619448.4154156637,-17.794184,30U,49.248,25.067,-4.382,-0.042137075924566995,-0.11649911539951945,-1.9062918584266975
1423231149662152,51.7520324575,-1.2695004029,18.329742,5734875.975879358,619450.7909323769,-18.329742,30U,49.111,25.011,-4.366,-0.04163308575207259,-0.11676043780803265,-1.906332100326181
1423231149753586,51.7520762805,-1.2694644404,18.910646,5734880.90816924,619453.1574993992,-18.910646,30U,48.973,24.961,-4.356,-0.041746836067634865,-0.11687697834481818,-1.9063130408595104
1423231149845021,51.7521199466,-1.2694284962,19.533667,5734885.822982094,619455.5232124433,-19.533667,30U,48.819,24.906,-4.35,-0.041817207524909125,-0.11668053682162659,-1.9062510662772607
1423231149949828,51.7521636091,-1.2693924077,20.166796,5734890.737632149,619457.8988899459,-20.166796,30U,48.636,24.851,-4.349,-0.041889743975854016,-0.11666161825538642,-1.9062219580076083
1423231150056546,51.7522072181,-1.269356339,20.725161,5734895.646301457,619460.2733371074,-20.725161,30U,48.371,24.795,-4.339,-0.04168989999960816,-0.1169432000007978,-1.9062060071643219
1423231150163193,51.7522507873,-1.2693202761,21.177973,5734900.550536478,619462.6474840912,-21.177973,30U,47.927,24.736,-4.326,-0.04143820997073426,-0.11708765793592565,-1.9061131078435476
1423231150267940,51.7522943137,-1.2692842317,21.607695,5734905.449982788,619465.020462249,-21.607695,30U,47.513,24.672,-4.315,-0.041410866075366856,-0.11699068152252803,-1.9061384257118499
1423231150359399,51.7523377499,-1.2692483785,22.058437,5734910.339086342,619467.38047668,-22.058437,30U,47.378,24.612,-4.3,-0.04169189689538255,-0.11673593059106252,-1.906225850074387
1423231150450857,51.7523809977,-1.2692127724,22.568893,5734915.206835097,619469.723928296,-22.568893,30U,47.263,24.56,-4.294,-0.04211051685140432,-0.1164485819653886,-1.9060194973360094
1423231150556464,51.7524240922,-1.2691773,23.235445,5734920.057318117,619472.0585515606,-23.235445,30U,47.14,24.504,-4.285,-0.042354359415703674,-0.1163191404190299,-1.905823828630648
1423231150663024,51.7524670331,-1.2691419635,24.254177,5734924.890498423,619474.3841954699,-24.254177,30U,46.998,24.451,-4.274,-0.04254003569047311,-0.11607673256599024,-1.905751395250122
1423231150769735,51.75250982,-1.2691067672,25.975204,5734929.706324474,619476.7005643405,-25.975204,30U,46.823,24.393,-4.264,-0.04294992882570199,-0.1159683997786061,-1.9056156733860323
1423231150871430,51.7525525324,-1.2690716131,29.1772,5734934.513797693,619479.0142124733,-29.1772,30U,47.017,24.343,-4.264,-0.04314580507863677,-0.11586213715068235,-1.9054541237207923
1423231150951395,51.7525952894,-1.2690363527,35.582138,5734939.326406001,619481.33507517,-35.582138,30U,47.24,24.297,-4.261,-0.04343750265989028,-0.11587970990400827,-1.9052800571301156
1423231151031358,51.7526379862,-1.2690011248,45.565777,5734944.1322676195,619483.653848897,-45.565777,30U,47.263,24.245,-4.251,-0.04362810000044145,-0.11612170000027415,-1.905266807166393
1423231151129587,51.7526806377,-1.2689659124,50.946526,5734948.933067364,619485.9716676987,-50.946526,30U,47.214,24.191,-4.235,-0.04352206774201632,-0.11616603682091937,-1.9052674204401856
1423231151236119,51.7527232445,-1.2689307104,51.510044,5734953.728880311,619488.2888820095,-51.510044,30U,47.132,24.139,-4.224,-0.04320719327389114,-0.11600049866993159,-1.9051167738293298
1423231151342769,51.7527656958,-1.2688956733,51.943382,5734958.507131698,619490.5951205888,-51.943382,30U,47.018,24.075,-4.221,-0.04289884418168677,-0.11596965941588852,-1.9051299801947275
1423231151449447,51.7528079456,-1.2688608617,52.866592,5734963.262606731,619492.8863222622,-52.866592,30U,46.898,24.012,-4.22,-0.042772006355903454,-0.11618014035536586,-1.9053275365085818
1423231151556108,51.7528500585,-1.2688261788,54.441242,5734968.002647909,619495.168997782,-54.441242,30U,46.784,23.954,-4.217,-0.04240752257407042,-0.11657114895129365,-1.9056500849433364
1423231151662771,51.7528920225,-1.2687916271,56.493553,5734972.725916645,619497.4430063213,-56.493553,30U,46.665,23.899,-4.209,-0.04237499967071111,-0.11713132473339768,-1.9057406958931151
1423231151769488,51.7529338213,-1.2687572255,58.602451,5734977.430569299,619499.70708647,-58.602451,30U,46.542,23.839,-4.191,-0.042229154397795475,-0.11748559726572907,-1.9057243954778327
1423231151873347,51.7529755183,-1.2687228859,45.143024,5734982.123800681,619501.9671516207,-45.143024,30U,46.438,23.779,-4.176,-0.042357804419885084,-0.1174519487663739,-1.9057506965599158
1423231151964819,51.753017222,-1.2686884648,34.242668,5734986.817911783,619504.2328198028,-34.242668,30U,46.345,23.726,-4.167,-0.04232587923070807,-0.11720308425800738,-1.9057568616387925
1423231152056291,51.7530588516,-1.2686540806,31.209936,5734991.50372315,619506.4961322988,-31.209936,30U,46.237,23.668,-4.161,-0.042329200000608,-0.11692029999993997,-1.9056371071637106
1423231152163009,51.7531004249,-1.2686197227,30.267115,5734996.183231618,619508.75777375,-30.267115,30U,46.121,23.609,-4.154,-0.042345172348096365,-0.11678114091234645,-1.9056643376336209
1423231152267817,51.7531419518,-1.2685853818,30.054407,5735000.8575533675,619511.018359924,-30.054407,30U,46.001,23.55,-4.146,-0.04261056881061465,-0.11674629098243941,-1.9056384117449665
1423231152359258,51.753183348,-1.2685511857,30.329788,5735005.517104292,619513.2692926162,-30.329788,30U,45.876,23.497,-4.141,-0.042727171032571946,-0.11681281391889987,-1.9055064116035207
1423231152450699,51.7532245794,-1.2685171803,30.769852,5735010.158017037,619515.5074938828,-30.769852,30U,45.75,23.442,-4.127,-0.04275535217983483,-0.11692011626040297,-1.9054382293389067
1423231152542046,51.7532656906,-1.2684832765,31.237022,5735014.785397384,619517.7389957174,-31.237022,30U,45.621,23.39,-4.116,-0.04221987592380458,-0.1168100867389692,-1.905507533710603
1423231152633387,51.7533066484,-1.2684494963,31.723349,5735019.395517221,619519.9623673728,-31.723349,30U,45.488,23.334,-4.105,-0.04175216642534351,-0.11671760818217096,-1.9055432418904619
1423231152736260,51.7533474209,-1.268415868,32.211082,5735023.984782681,619522.1757398614,-32.211082,30U,45.355,23.277,-4.094,-0.04119215173712945,-0.11660033229802899,-1.905575637906639
1423231152842976,51.7533880511,-1.2683823097,32.396107,5735028.558109836,619524.3846524274,-32.396107,30U,45.221,23.221,-4.088,-0.04095896430842976,-0.11656200916989179,-1.9056267962297286
1423231152949665,51.7534286358,-1.2683486785,32.426361,5735033.12649762,619526.5987124394,-32.426361,30U,45.091,23.171,-4.081,-0.04059979416056047,-0.11670926903216618,-1.9056492828423721
1423231153056349,51.7534691096,-1.2683150895,32.604382,5735037.68248453,619528.8101484107,-32.604382,30U,44.956,23.119,-4.066,-0.04029310000002483,-0.11690519999942768,-1.905631707167365
1423231153163012,51.7535095042,-1.2682815201,32.872265,5735042.229632837,619531.0204365058,-32.872265,30U,44.818,23.065,-4.052,-0.039545911265290445,-0.11693154991756877,-1.905837997876741
1423231153269672,51.7535498432,-1.2682479542,33.19426,5735046.770593394,619533.2306256403,-33.19426,30U,44.684,23.013,-4.042,-0.0389543788611932,-0.11694048736120516,-1.9060748724269319
1423231153376323,51.7535900637,-1.2682145204,33.576565,5735051.298160563,619535.4320060082,-33.576565,30U,44.556,22.957,-4.035,-0.03865500376156507,-0.11680117347861495,-1.9061491456462887
1423231153479168,51.7536301492,-1.2681812663,33.983051,5735055.810421419,619537.6213358997,-33.983051,30U,44.432,22.897,-4.029,-0.03858149460372146,-0.11661117745809627,-1.9060897535055599
1423231153570598,51.7536701457,-1.2681481005,34.392834,5735060.312641233,619539.8048022664,-34.392834,30U,44.31,22.838,-4.022,-0.03885557349981911,-0.11654687954416078,-1.906033358095157
1423231153662028,51.7537100088,-1.2681150575,34.804001,5735064.79982589,619541.9801412222,-34.804001,30U,44.186,22.78,-4.012,-0.03906734942473221,-0.1166279703738778,-1.9061051502417157
1423231153753472,51.7537496941,-1.2680821719,35.21339,5735069.266981112,619544.1450819954,-35.21339,30U,44.065,22.725,-4.005,-0.039082353215714814,-0.11654328241010045,-1.9060909072380086
1423231153844915,51.7537892292,-1.268049373,35.586132,5735073.717292054,619546.3044314103,-35.586132,30U,43.944,22.662,-3.998,-0.03941372210119555,-0.11658256350757613,-1.906027904080871
1423231153949657,51.7538286996,-1.2680165223,35.93108,5735078.160493856,619548.46752286,-35.93108,30U,43.825,22.602,-3.993,-0.03951211167801792,-0.11670720583831481,-1.906014799555435
1423231154056299,51.7538680464,-1.2679837402,36.287846,5735082.589839132,619550.6262020014,-36.287846,30U,43.705,22.546,-3.98,-0.03996030000040799,-0.1167491999994982,-1.9059198071660086
1423231154147737,51.753907319,-1.2679509853,36.65567,5735087.010889322,619552.7831957861,-36.65567,30U,43.581,22.49,-3.972,-0.039789616365712585,-0.11679192177273878,-1.905889133388377
1423231154239175,51.7539465538,-1.2679182294,37.032154,5735091.427738556,619554.9403544314,-37.032154,30U,43.457,22.433,-3.963,-0.03987327560973954,-0.11685915011019635,-1.9059181044926032
1423231154342999,51.7539856972,-1.2678856067,37.421791,5735095.834206204,619557.0885571705,-37.421791,30U,43.333,22.373,-3.954,-0.03977723632819449,-0.11678438297662376,-1.9059762965623919
1423231154449680,51.754024746,-1.2678531473,37.817066,5735100.229887049,619559.2257350277,-37.817066,30U,43.21,22.317,-3.947,-0.039865519364798346,-0.11693138484781877,-1.9059861370254203
1423231154556373,51.7540637516,-1.2678207395,38.212128,5735104.620680186,619561.3594616847,-38.212128,30U,43.085,22.259,-3.935,-0.03990406938748363,-0.1169682279803835,-1.9059742132501298
1423231154663065,51.7541026522,-1.2677884321,38.606689,5735108.999633062,619563.486532273,-38.606689,30U,42.96,22.204,-3.93,-0.03993140916910999,-0.11693479280389615,-1.9060168044151469
1423231154769733,51.7541413731,-1.2677562892,38.999989,5735113.358333477,619565.6027200386,-38.999989,30U,42.833,22.146,-3.918,-0.039916095491428036,-0.11715514715472784,-1.906067700432703
1423231154876404,51.7541799144,-1.2677242428,39.384125,5735117.696904009,619567.7127180364,-39.384125,30U,42.705,22.09,-3.904,-0.039934299999837976,-0.117107032565426,-1.906087037476538
1423231154983084,51.7542183399,-1.2676921363,39.76075,5735122.022696339,619569.8271660903,-39.76075,30U,42.575,22.036,-3.897,-0.03983862305911762,-0.11708688891418664,-1.9060506415322342
1423231155081417,51.7542565819,-1.2676601257,40.138596,5735126.327926054,619571.9354761544,-40.138596,30U,42.444,21.983,-3.887,-0.03937189999980581,-0.11726769999989031,-1.9061217071680383
1423231155161387,51.7542947204,-1.267628147,40.517746,5735130.621594578,619574.041854129,-40.517746,30U,42.31,21.928,-3.875,-0.038842083448604715,-0.11729405433720509,-1.9062891179979724
1423231155241357,51.7543328233,-1.267596148,40.898186,5735134.911338398,619576.1497234324,-40.898186,30U,42.177,21.873,-3.866,-0.038388705248312165,-0.11742009408675333,-1.9064521843892388
1423231155343032,51.7543708524,-1.2675642701,41.282162,5735139.192677612,619578.2494257892,-41.282162,30U,42.045,21.82,-3.859,-0.03801863926823141,-0.11767935254917826,-1.9064888996589828
1423231155449716,51.7544088334,-1.2675325255,41.667431,5735143.46845021,619580.3400513182,-41.667431,30U,41.918,21.762,-3.853,-0.037800885587139565,-0.11801598617845974,-1.906452979665966
1423231155556380,51.7544468502,-1.2675007676,42.052319,5735147.748226746,619582.4314964758,-42.052319,30U,41.803,21.696,-3.848,-0.03764046628264435,-0.11838139837597106,-1.9066447937767674
1423231155662088,51.7544848355,-1.2674690642,42.436401,5735152.024411874,619584.5192596163,-42.436401,30U,41.699,21.634,-3.836,-0.03772545990942428,-0.11862730065742588,-1.9068237834700255
1423231155753491,51.7545226761,-1.2674375253,42.819038,5735156.284236678,619586.5960478194,-42.819038,30U,41.593,21.572,-3.826,-0.03793264671098075,-0.11854360724334284,-1.9067613656963187
1423231155844894,51.7545603293,-1.2674061014,43.198856,5735160.523033789,619588.6653903325,-43.198856,30U,41.482,21.509,-3.821,-0.038060142393247044,-0.11855472929640531,-1.906671087388842
1423231155949638,51.7545978201,-1.2673746281,43.575809,5735164.74385292,619590.7385677069,-43.575809,30U,41.37,21.446,-3.809,-0.03822600088720173,-0.11843056844092072,-1.9067433008753354
1423231156056287,51.7546350484,-1.2673433476,43.952469,5735168.935165185,619592.7991282842,-43.952469,30U,41.258,21.388,-3.803,-0.03829030000017844,-0.11828160000079241,-1.9067146071737404
1423231156162952,51.7546721452,-1.2673121485,44.329113,5735173.111721264,619594.8544146218,-44.329113,30U,41.142,21.325,-3.793,-0.03853876759972911,-0.11823825711374028,-1.906566270366523
1423231156267713,51.7547092398,-1.2672809075,44.705471,5735177.288102306,619596.9125950265,-44.705471,30U,41.024,21.264,-3.784,-0.03858583429334804,-0.1179888517365652,-1.90656935054104
1423231156359140,51.7547463183,-1.2672497811,45.082355,5735181.462505927,619598.9629049442,-45.082355,30U,40.901,21.212,-3.775,-0.03868202520560784,-0.11776412830999833,-1.9065216738007424
1423231156450567,51.7547834618,-1.2672187332,45.458897,5735185.644010146,619601.0076216555,-45.458897,30U,40.767,21.158,-3.763,-0.03861651360018248,-0.11762077679144321,-1.90634823273607
1423231156556327,51.7548208327,-1.2671874646,45.834343,5735189.8511655005,619603.0669661398,-45.834343,30U,40.627,21.105,-3.753,-0.03837379967049722,-0.11738528199034846,-1.9063660672608582
1423231156662086,51.7548583376,-1.2671560395,46.208736,5735194.073480057,619605.1367541855,-46.208736,30U,40.48,21.052,-3.742,-0.03818035612554171,-0.1171514109580687,-1.906443766928056
1423231156753496,51.7548957658,-1.2671246689,46.582085,5735198.287176642,619607.2029797856,-46.582085,30U,40.334,21.006,-3.734,-0.03800207516686014,-0.11705461263806795,-1.9063975824093622
1423231156844905,51.7549329767,-1.2670933458,46.954006,5735202.476631114,619609.2664975972,-46.954006,30U,40.19,20.954,-3.726,-0.037934499013207924,-0.11709091326121462,-1.906364425202738
1423231156949622,51.7549698574,-1.2670619323,47.324562,5735206.629514426,619611.3371234834,-47.324562,30U,40.047,20.901,-3.716,-0.037761115151701476,-0.11714721714655164,-1.9064258963622185
1423231157056241,51.7550061445,-1.2670309865,47.694386,5735210.715619568,619613.377034928,-47.694386,30U,39.91,20.85,-3.709,-0.037741799999531374,-0.11729560000079066,-1.906402807174651
1423231157162956,51.7550420832,-1.2670003152,48.063663,5735214.762531144,619615.3989182945,-48.063663,30U,39.781,20.792,-3.701,-0.03770102798072209,-0.11762108560825572,-1.9063830335367038
1423231157267758,51.7550780307,-1.2669695356,48.432194,5735218.810599828,619617.4282495526,-48.432194,30U,39.658,20.735,-3.69,-0.03763757878724057,-0.11786360132962447,-1.9064395257081603
1423231157359162,51.7551140546,-1.2669388418,48.800072,5735222.867024853,619619.4514538132,-48.800072,30U,39.539,20.675,-3.679,-0.03753611112156944,-0.11796466334238019,-1.906540188044008
1423231157450566,51.755150386,-1.2669080355,49.167179,5735226.95783122,619621.481606459,-49.167179,30U,39.42,20.616,-3.671,-0.03759658056154292,-0.11809871803480733,-1.9065638081258274
1423231157556250,51.7551874561,-1.2668762438,49.533516,5735231.132402763,619623.5778128788,-49.533516,30U,39.301,20.555,-3.662,-0.037690900986990065,-0.1182227710324348,-1.9065404955710221
1423231157661937,51.7552252545,-1.2668431742,49.89875,5735235.390062765,619625.7602877488,-49.89875,30U,39.181,20.498,-3.651,-0.03780356595384904,-0.1181700037618663,-1.9065187873926788
1423231157753407,51.7552634198,-1.2668091063,50.263138,5735239.69016278,619628.0106887026,-50.263138,30U,39.061,20.442,-3.643,-0.03777191219478662,-0.11819543385134901,-1.9064467367977644
1423231157844877,51.7553016042,-1.2667740172,50.62632,5735243.994062897,619630.3315151755,-50.62632,30U,38.938,20.382,-3.633,-0.037604231742899126,-0.11819494157076152,-1.9064756674278054
1423231157949677,51.7553392694,-1.2667379981,50.988392,5735248.241751253,619632.7178953264,-50.988392,30U,38.812,20.325,-3.622,-0.03737806888395694,-0.11815393274218865,-1.9065705882412793
1423231158056381,51.7553754468,-1.2667040328,51.349579,5735252.320619245,619634.9664568515,-51.349579,30U,38.684,20.269,-3.614,-0.03719839999931161,-0.11807560000043803,-1.9065800071723868
1423231158163016,51.7554105227,-1.2666726189,51.710194,5735256.272809476,619637.0418366282,-51.710194,30U,38.556,20.211,-3.607,-0.03704820310395329,-0.1181733466485785,-1.9065356374645026
1423231158267751,51.7554455843,-1.2666413346,52.069729,5735260.2231977945,619639.108306227,-52.069729,30U,38.428,20.154,-3.592,-0.03697370768672932,-0.11813938603024789,-1.906630647377035
1423231158359185,51.755480985,-1.266609992,52.42836,5735264.211392737,619641.1778998179,-52.42836,30U,38.3,20.099,-3.586,-0.0368661078538552,-0.11805302471285153,-1.9067233207823906
1423231158450618,51.7555174605,-1.2665774507,52.786255,5735268.321079507,619643.3273792358,-52.786255,30U,38.171,20.042,-3.577,-0.0367596194379221,-0.11803339164895817,-1.9066908790036803
1423231158556330,51.7555566796,-1.2665390227,53.143051,5735272.745529642,619645.8758823862,-53.143051,30U,38.042,19.985,-3.564,-0.036737795744962054,-0.11792951488437657,-1.9067247672589152
1423231158662993,51.7555999119,-1.2664870265,53.498749,5735277.63853259,619649.3502013702,-53.498749,30U,37.917,19.93,-3.554,-0.03669235351479909,-0.11768898608073487,-1.9067578952487274
1423231158769666,51.7556473147,-1.2664079199,53.853443,5735283.039799562,619654.684549774,-53.853443,30U,37.792,19.875,-3.545,-0.03660646570522882,-0.1174423266806865,-1.906607798434039
1423231158871338,51.7556988558,-1.2662679457,54.207283,5735289.001139802,619664.2088009281,-54.207283,30U,37.668,19.814,-3.537,-0.036503170702520134,-0.1171833484378543,-1.9065536376384904
1423231158951335,51.7557522744,-1.2659764109,54.560345,5735295.419980873,619684.188199028,-54.560345,30U,37.543,19.756,-3.528,-0.03653667538849027,-0.11696999371777045,-1.9066080460438999
1423231159031332,51.7557992438,-1.2654837316,54.912617,5735301.451852769,619718.0668128562,-54.912617,30U,37.42,19.699,-3.521,-0.03665999999913435,-0.11676270000083466,-1.9065382071651205
1423231159129697,51.7558363348,-1.2651669681,55.264339,5735306.096594947,619739.8304762802,-55.264339,30U,37.297,19.639,-3.516,-0.03683379280524717,-0.11667938297747678,-1.9064110289669713
1423231159236412,51.7558714146,-1.2650813987,55.615494,5735310.138174828,619745.6433356497,-55.615494,30U,37.173,19.579,-3.508,-0.03712040354760125,-0.11668221263790512,-1.906440904500816
1423231159343056,51.7559080659,-1.2650189693,55.965649,5735314.31652956,619749.8549996176,-55.965649,30U,37.052,19.522,-3.498,-0.037432183964096345,-0.11668558330676837,-1.9064315078401095
1423231159449683,51.7559497025,-1.264953557,56.314976,5735319.054182521,619754.2593346334,-56.314976,30U,36.932,19.466,-3.491,-0.037508315299372166,-0.11669360901658345,-1.9062849855819024
1423231159556368,51.7560052089,-1.2648613917,56.663616,5735325.378177197,619760.4733444218,-56.663616,30U,36.81,19.405,-3.482,-0.03781260131569243,-0.11675985875840139,-1.9061237163561666
1423231159663055,51.7560883784,-1.264752712,57.011044,5735334.805609874,619767.753895842,-57.011044,30U,36.687,19.346,-3.469,-0.03804228102354936,-0.11662567822773516,-1.9061295918151075
1423231159769704,51.7562154505,-1.2646474843,57.357632,5735349.109631737,619774.6800061296,-57.357632,30U,36.565,19.29,-3.463,-0.03830569859510982,-0.1165587706573595,-1.906099544715397
1423231159873508,51.7564130249,-1.265267172,57.703342,5735370.063687144,619731.3893544043,-57.703342,30U,36.44,19.23,-3.452,-0.038562822430847785,-0.1164100026106999,-1.9060145456623887
1423231159964977,51.7567075354,-1.2658141388,58.048256,5735401.917359565,619692.8615607638,-58.048256,30U,36.317,19.17,-3.444,-0.03888913695451581,-0.11626622439055861,-1.9060589715349683
1423231160056447,51.7570154291,-1.2659775764,58.392307,5735435.88889382,619680.7678539966,-58.392307,30U,36.196,19.115,-3.434,-0.03918079999919408,-0.11617409999946283,-1.9060516071705496
1423231160163144,51.7571475934,-1.2660286366,58.7355,5735450.502620027,619676.8945240022,-58.7355,30U,36.076,19.056,-3.425,-0.03940160164475179,-0.1160709327304208,-1.9059384955756802
1423231160267927,51.757192692,-1.2660380711,59.0779,5735455.502390581,619676.1241686454,-59.0779,30U,35.954,18.993,-3.417,-0.039631181448217,-0.11597646186282809,-1.9059366044939825
1423231160359319,51.7572407518,-1.2660178542,59.419559,5735460.880119851,619677.392343936,-59.419559,30U,35.834,18.935,-3.409,-0.039924998211738935,-0.11591171603632003,-1.905949320456767
1423231160450710,51.7573061918,-1.2659877771,59.760426,5735468.206818162,619679.2950510646,-59.760426,30U,35.712,18.877,-3.402,-0.040253452327555665,-0.11590430879439736,-1.9058317320749132
1423231160542160,51.7574000997,-1.2659559303,60.100437,5735478.7022331115,619681.2446116279,-60.100437,30U,35.588,18.818,-3.392,-0.040436142556905114,-0.11590066202666376,-1.905788900316259
1423231160633613,51.7575144766,-1.2659230505,60.439453,5735491.47562741,619683.21132908,-60.439453,30U,35.465,18.762,-3.382,-0.04050478363541774,-0.11580130801754866,-1.9058112166894872
1423231160736460,51.7576324443,-1.2658905647,60.777561,5735504.6476961365,619685.1413482495,-60.777561,30U,35.341,18.705,-3.372,-0.04050547043644104,-0.11575394538066577,-1.9057676873576375
1423231160843105,51.7571222214,-1.2658842796,61.114716,5735447.917974801,619686.924275144,-61.114716,30U,35.213,18.645,-3.36,-0.04052404206438715,-0.11568611570746773,-1.9057756921357187
1423231160949764,51.7566523765,-1.2658865729,61.450893,5735395.664470885,619688.0083957221,-61.450893,30U,35.088,18.588,-3.349,-0.04059400901717266,-0.11563129098343577,-1.9058324293339493
1423231161056425,51.7565129941,-1.2658753882,61.786224,5735380.182616852,619689.1488692492,-61.786224,30U,34.962,18.533,-3.335,-0.04068090000010907,-0.11564939999964634,-1.9057757071804569
1423231161163110,51.7564728162,-1.2658572746,62.120525,5735375.74430439,619690.5052215054,-62.120525,30U,34.833,18.475,-3.316,-0.040658078556520864,-0.11559514926030019,-1.9057793379714465
1423231161269774,51.7564699896,-1.2658354277,62.454098,5735375.465820666,619692.0204613834,-62.454098,30U,34.706,18.418,-3.306,-0.04063057472267146,-0.11559352956333839,-1.905866554604896
1423231161376293,51.7564939673,-1.265809805,62.786762,5735378.174342241,619693.7254084067,-62.786762,30U,34.579,18.362,-3.295,-0.04060617512270301,-0.11563095760635002,-1.905862241390169
1423231161479049,51.7565272162,-1.2657828384,63.118317,5735381.916086253,619695.4985860179,-63.118317,30U,34.451,18.304,-3.289,-0.040643782852597114,-0.11556107900911257,-1.9058287336167115
1423231161570519,51.7565620659,-1.2657557298,63.449356,5735385.83608312,619697.2773277417,-63.449356,30U,34.325,18.249,-3.283,-0.04056651669376967,-0.11564185499539519,-1.905855099991562
1423231161661981,51.7565979659,-1.2657286254,63.779362,5735389.872873817,619699.0529991655,-63.779362,30U,34.199,18.192,-3.271,-0.040461186080393126,-0.1156784085115145,-1.905863783632909
1423231161753346,51.7566338853,-1.2657017398,64.108292,5735393.911463515,619700.8135158194,-64.108292,30U,34.072,18.134,-3.262,-0.0403110201035425,-0.11571222121144568,-1.9058924792194596
1423231161844712,51.7566512312,-1.2656775002,64.436424,5735395.880220038,619702.4405352551,-64.436424,30U,33.944,18.078,-3.263,-0.040291966447072905,-0.11575777937859488,-1.9058746081823832
1423231161949460,51.7566587171,-1.2656549691,64.763573,5735396.749678418,619703.9757174242,-64.763573,30U,33.816,18.02,-3.261,-0.040176615151459746,-0.1157704374714974,-1.9058772207657404
1423231162056121,51.7566749146,-1.2656315496,65.089737,5735398.5893806275,619705.5491727738,-65.089737,30U,33.688,17.964,-3.255,-0.04010960000073432,-0.11577779999982997,-1.9058923071649023
1423231162147590,51.7566965266,-1.2656073878,65.415031,5735401.032428468,619707.1595369976,-65.415031,30U,33.56,17.907,-3.248,-0.0400247824829119,-0.11580100000009694,-1.9059116084993004
1423231162239059,51.7567214622,-1.2655826696,65.739449,5735403.84599551,619708.7995094121,-65.739449,30U,33.432,17.851,-3.239,-0.039928969992940516,-0.11584940879606011,-1.9059127329625776
1423231162342914,51.756750258,-1.2655571086,66.06292,5735407.0902252,619710.4874361894,-66.06292,30U,33.303,17.794,-3.23,-0.039811107194713674,-0.11587669623700754,-1.9058878417225575
1423231162449627,51.7567805671,-1.2655312557,66.385437,5735410.503223189,619712.19150368,-66.385437,30U,33.173,17.739,-3.22,-0.03968491625950964,-0.11594122121129742,-1.9059182336295148
1423231162556341,51.7568110408,-1.2655054321,66.706894,5735413.934478277,619713.8931112733,-66.706894,30U,33.042,17.683,-3.21,-0.039542893934843615,-0.11594328739664311,-1.9059782670914769
1423231162663054,51.7568415366,-1.2654796887,67.027603,5735417.368060012,619715.5891230119,-67.027603,30U,32.911,17.629,-3.202,-0.03929218231834976,-0.11604055483147618,-1.906026358417285
1423231162769757,51.7568718562,-1.2654540862,67.347321,5735420.781816531,619717.2758742106,-67.347321,30U,32.779,17.573,-3.191,-0.03913575218028081,-0.11610748824843277,-1.9060479417522276
1423231162876452,51.756899504,-1.2654291982,67.665947,5735423.897279712,619718.9203789928,-67.665947,30U,32.645,17.517,-3.181,-0.03894459492239763,-0.11614950441996334,-1.906093062841808
1423231162983120,51.7569250509,-1.2654048459,67.983612,5735426.77823071,619720.5334675054,-67.983612,30U,32.512,17.463,-3.171,-0.0388188153735156,-0.11620013769390872,-1.9061115374660997
1423231163081464,51.7569513117,-1.2653803976,68.300217,5735429.738730062,619722.1512911799,-68.300217,30U,32.379,17.408,-3.16,-0.0386618000003685,-0.11618250000037199,-1.9060919071720437
1423231163161497,51.7569782488,-1.2653558315,68.615875,5735432.774632205,619723.775453889,-68.615875,30U,32.245,17.353,-3.153,-0.0383937317424527,-0.11624565074080609,-1.9061041170067985
1423231163241530,51.757005739,-1.2653311616,68.93071,5735435.872213537,619725.4053152178,-68.93071,30U,32.117,17.295,-3.144,-0.03820568152319458,-0.11633447132311159,-1.9062180514371436
1423231163343149,51.7570341939,-1.2653062457,69.244492,5735439.077480035,619727.0496001682,-69.244492,30U,31.989,17.239,-3.133,-0.03791730653745541,-0.11630226595448442,-1.9063462796951833
1423231163449748,51.7570630163,-1.2652812744,69.557396,5735442.323706394,619728.6967341998,-69.557396,30U,31.861,17.183,-3.125,-0.03779160813067563,-0.11628707065724964,-1.9063436117499823
1423231163556392,51.7570917942,-1.2652563742,69.869423,5735445.564867939,619730.3390768074,-69.869423,30U,31.734,17.124,-3.116,-0.037719253029912,-0.11622174544426173,-1.906324208156743
1423231163662087,51.7571204772,-1.2652315662,70.180595,5735448.795325221,619731.9753051306,-70.180595,30U,31.608,17.067,-3.107,-0.037678620785795855,-0.11620307103213062,-1.906350462673442
1423231163753520,51.7571490075,-1.2652068709,70.490776,5735452.008616856,619733.6041573024,-70.490776,30U,31.482,17.01,-3.097,-0.037621553510897306,-0.11622228285208237,-1.906368333396359
1423231163844954,51.7571767605,-1.2651824818,70.799965,5735455.134965682,619735.2139314285,-70.799965,30U,31.357,16.952,-3.088,-0.03756967070338054,-0.11608116562549582,-1.9063430037470843
1423231163949719,51.7572038233,-1.2651583425,71.108383,5735458.18415034,619736.8082896124,-71.108383,30U,31.232,16.892,-3.08,-0.03755526297200808,-0.11604955033174481,-1.90630152482804
1423231164056387,51.7572309181,-1.2651342419,71.415779,5735461.236830614,619738.3998902783,-71.415779,30U,31.107,16.832,-3.068,-0.03768339999994264,-0.115985499999745,-1.9063158071714683
1423231164163100,51.7572580816,-1.2651101671,71.722015,5735464.297108952,619739.9895266211,-71.722015,30U,30.983,16.777,-3.059,-0.037741808841369365,-0.11580620244611535,-1.9063306373039357
1423231164267901,51.7572853298,-1.2650860999,72.027458,5735467.366794532,619741.5784123564,-72.027458,30U,30.858,16.72,-3.052,-0.037820854398275795,-0.11569128285245668,-1.906225336127282
1423231164359315,51.7573128619,-1.2650619773,72.332138,5735470.468143098,619743.1703683572,-72.332138,30U,30.732,16.659,-3.044,-0.037819991818162216,-0.11565135760631394,-1.9061723333751457
1423231164450729,51.7573404658,-1.2650378841,72.635887,5735473.577428556,619744.7601033432,-72.635887,30U,30.606,16.601,-3.035,-0.03790005099772103,-0.11558662483312333,-1.9062207670298332
1423231164556480,51.7573679788,-1.2650138717,72.938766,5735476.67647324,619746.3445004456,-72.938766,30U,30.48,16.545,-3.026,-0.03796252931689954,-0.11551214487253522,-1.9061967326243032
1423231164662232,51.7573953815,-1.2649899473,73.240784,5735479.763107919,619747.9231141118,-73.240784,30U,30.354,16.486,-3.016,-0.03800902946093532,-0.11546081260295106,-1.9061323415638904
1423231164753658,51.7574226537,-1.2649661198,73.541954,5735482.835071608,619749.4953835863,-73.541954,30U,30.229,16.427,-3.007,-0.038008295490643655,-0.11539930768705763,-1.906170121205225
1423231164845083,51.7574495699,-1.26494246,73.842377,5735485.867171018,619751.0570193453,-73.842377,30U,30.103,16.371,-2.999,-0.03798972487673383,-0.11533847037356573,-1.9061714163617034
1423231164949839,51.7574761497,-1.2649189473,74.141899,5735488.86161961,619752.609391271,-74.141899,30U,29.977,16.313,-2.99,-0.03794943702796701,-0.1152988456015617,-1.9061037954822435
1423231165056498,51.7575026499,-1.2648955102,74.440422,5735491.8470925605,619754.1567544437,-74.440422,30U,29.85,16.252,-2.981,-0.03793060000001884,-0.11528960000084726,-1.9061215071707596
1423231165163195,51.7575291036,-1.2648721313,74.738106,5735494.827299369,619755.7002221387,-74.738106,30U,29.725,16.194,-2.972,-0.03794271227435908,-0.11524853731490434,-1.9061995420633466
1423231165267978,51.7575555202,-1.2648488046,75.03495,5735497.803295223,619757.2401835783,-75.03495,30U,29.6,16.137,-2.964,-0.037871436584688646,-0.1152465625272156,-1.9061975580079595
1423231165359371,51.7575820004,-1.2648254981,75.330879,5735500.786331141,619758.7785807576,-75.330879,30U,29.475,16.078,-2.954,-0.03782322471247964,-0.11520914107631257,-1.9061852877149994
1423231165450763,51.7576084506,-1.264802254,75.625839,5735503.765928917,619760.3127489699,-75.625839,30U,29.349,16.019,-2.946,-0.037787699556572914,-0.11517391219528234,-1.9062488297774505
1423231165556460,51.7576347949,-1.2647790946,75.919998,5735506.733611362,619761.841350058,-75.919998,30U,29.223,15.962,-2.937,-0.037765374721988744,-0.11518769142660984,-1.9062652372512294
1423231165662158,51.7576610226,-1.2647560247,76.213211,5735509.688180684,619763.3640810938,-76.213211,30U,29.096,15.903,-2.927,-0.03775967921522065,-0.1151669037628391,-1.9062429999937767
1423231165753583,51.7576871235,-1.2647330492,76.505608,5735512.628494524,619764.8806309251,-76.505608,30U,28.97,15.844,-2.92,-0.03774030857379764,-0.11516762483340225,-1.9062833923057352
1423231165845007,51.757713007,-1.2647101933,76.79718,5735515.5444362,619766.3895001796,-76.79718,30U,28.844,15.787,-2.91,-0.03776655400954839,-0.11520404582667147,-1.9063054458149244
1423231165949767,51.7577386831,-1.2646874433,77.087868,5735518.437140265,619767.8916079137,-77.087868,30U,28.719,15.728,-2.903,-0.03777635033320033,-0.1152128591285288,-1.9062851999956012
1423231166056431,51.7577642586,-1.2646647726,77.377724,5735521.318527229,619769.3885073019,-77.377724,30U,28.592,15.669,-2.893,-0.03783140000050226,-0.11525220000004073,-1.9062719071665921
1423231166163128,51.757789744,-1.2646421778,77.666435,5735524.189770344,619770.8804052233,-77.666435,30U,28.467,15.611,-2.884,-0.03785685417378333,-0.11528045842873758,-1.9062923959008404
1423231166267912,51.75781515,-1.2646196524,77.954185,5735527.052070183,619772.3677219668,-77.954185,30U,28.342,15.554,-2.875,-0.03786960406576854,-0.11529235033257046,-1.9062843081149001
1423231166359302,51.7578405273,-1.2645971815,78.240936,5735529.911089371,619773.8513516758,-78.240936,30U,28.215,15.496,-2.865,-0.03783532078492843,-0.11527377070228972,-1.9062867126026504
1423231166450691,51.7578658302,-1.2645747854,78.526703,5735532.761712442,619775.3300143336,-78.526703,30U,28.088,15.437,-2.856,-0.03786352121284356,-0.1152789379153465,-1.906314071092461
1423231166556419,51.7578910196,-1.2645524752,78.811485,5735535.599572992,619776.8030473847,-78.811485,30U,27.96,15.38,-2.846,-0.03787747516559181,-0.11528153747156629,-1.9063333126318798
1423231166663102,51.757916092,-1.2645302508,79.09549,5735538.424281955,619778.2704670159,-79.09549,30U,27.833,15.323,-2.838,-0.03791102946080061,-0.1152974710326027,-1.9063285832957522
1423231166769772,51.7579410441,-1.2645081124,79.378777,5735541.235472017,619779.7322681777,-79.378777,30U,27.705,15.265,-2.828,-0.037949083740165146,-0.11527185801865174,-1.9063216331852313
1423231166871432,51.7579658373,-1.2644860704,79.661369,5735544.028833528,619781.1878353116,-79.661369,30U,27.576,15.206,-2.82,-0.038003596237011224,-0.1152870545027104,-1.9063330374632697
1423231166951382,51.757990476,-1.2644641176,79.943008,5735546.804867614,619782.6376536946,-79.943008,30U,27.446,15.148,-2.809,-0.03806304220194869,-0.11529442032447924,-1.9063246999905263
1423231167031333,51.7580150021,-1.2644422461,80.223503,5735549.568246793,619784.0821576633,-80.223503,30U,27.316,15.088,-2.8,-0.03810469999978797,-0.11529320000073821,-1.9063309071667445
1423231167129682,51.7580394212,-1.2644204545,80.502983,5735552.319596111,619785.5214290364,-80.502983,30U,27.186,15.028,-2.791,-0.03815469214623127,-0.1153340459918372,-1.9063471209438831
1423231167236394,51.7580637371,-1.2643987392,80.781395,5735555.0593440635,619786.955706222,-80.781395,30U,27.055,14.97,-2.782,-0.038206758906215194,-0.11527512076857135,-1.906359008119619
1423231167343096,51.758087975,-1.2643770947,81.058891,5735557.790302077,619788.3853021131,-81.058891,30U,26.923,14.914,-2.772,-0.038279808511885435,-0.11528208739688832,-1.906354795575483
1423231167449796,51.7581121108,-1.2643555285,81.335197,5735560.509777756,619789.8097629165,-81.335197,30U,26.788,14.859,-2.76,-0.038291708573387255,-0.11525274900208357,-1.9063516419749644
1423231167556444,51.7581361245,-1.2643340423,81.610397,5735563.215544178,619791.2290242632,-81.610397,30U,26.653,14.803,-2.752,-0.038314883296050664,-0.115245316925871,-1.906363054386237
1423231167663090,51.7581600155,-1.2643126379,81.884636,5735565.907531656,619792.6429635393,-81.884636,30U,26.519,14.747,-2.741,-0.03832061260286506,-0.11530034991829727,-1.9063998333779517
1423231167769748,51.7581837836,-1.2642913148,82.157715,5735568.585718766,619794.0516158023,-82.157715,30U,26.384,14.689,-2.731,-0.03836101308121916,-0.11524860362170795,-1.9063873828448399
1423231167873555,51.758207418,-1.2642700727,82.429955,5735571.248904967,619795.4550303618,-82.429955,30U,26.246,14.631,-2.721,-0.0384184504112977,-0.11529115859383193,-1.906373854169489
1423231167965004,51.7582309213,-1.2642489068,82.701225,5735573.897387275,619796.8535316186,-82.701225,30U,26.105,14.572,-2.711,-0.038473596378886435,-0.11528426252743126,-1.9063756166902341
1423231168056453,51.7582543073,-1.2642278198,82.971733,5735576.532695896,619798.2468967333,-82.971733,30U,25.953,14.512,-2.702,-0.038506899999436094,-0.11530400000041112,-1.9063747071642547
1423231168163163,51.7582775784,-1.2642068119,83.241776,5735579.155097398,619799.6351055714,-83.241776,30U,25.786,14.452,-2.694,-0.03853361260223173,-0.11532868805443572,-1.9063831795334956
1423231168267956,51.7583007368,-1.2641858836,83.510826,5735581.764835604,619801.0181178224,-83.510826,30U,25.628,14.393,-2.683,-0.03857796703673977,-0.11532349977874548,-1.9063907040493269
1423231168359328,51.758323792,-1.2641650371,83.778854,5735584.362963354,619802.3957565353,-83.778854,30U,25.496,14.336,-2.674,-0.03863170442064773,-0.1153438166940557,-1.9063763540045768
1423231168450700,51.7583467361,-1.2641442739,84.045769,5735586.948599654,619803.7679391196,-84.045769,30U,25.366,14.278,-2.665,-0.03868655484116225,-0.11536409637800232,-1.906360795930185
1423231168542134,51.7583695641,-1.264123595,84.3116,5735589.521186825,619805.1346098194,-84.3116,30U,25.234,14.219,-2.654,-0.03871891263811965,-0.11538989186961725,-1.906373946043621
1423231168633572,51.7583922755,-1.2641030003,84.576408,5735592.080669419,619806.4957768777,-84.576408,30U,25.101,14.16,-2.645,-0.038721241734627876,-0.11539139557897825,-1.906387324865002
1423231168736421,51.7584148701,-1.2640824906,84.840294,5735594.6270238785,619807.8513856356,-84.840294,30U,24.963,14.098,-2.635,-0.03878500857279727,-0.11538626252725089,-1.9063713789959036
1423231168843074,51.7584373482,-1.2640620648,85.103409,5735597.160285365,619809.2015112321,-85.103409,30U,24.843,14.057,-2.626,-0.038865688384456774,-0.11541820851202594,-1.9063847166798746
1423231168949728,51.7584597124,-1.2640417176,85.365761,5735599.6807517195,619810.546512568,-85.365761,30U,24.739,14.015,-2.617,-0.03894487110155314,-0.11542248373966195,-1.9063937044972035
1423231169056381,51.7584819619,-1.2640214492,85.627388,5735602.1883336445,619811.8863779781,-85.627388,30U,24.628,13.965,-2.607,-0.03896329999996369,-0.11544159999934649,-1.9063865071782475
1423231169163059,51.7585040973,-1.2640012619,85.888123,5735604.683094075,619813.2209471649,-85.888123,30U,24.514,13.909,-2.596,-0.03897512504197826,-0.11546273731539825,-1.9063887918142384
1423231169269720,51.7585261196,-1.2639811554,86.147827,5735607.165144712,619814.5502382042,-86.147827,30U,24.396,13.852,-2.588,-0.03901464242387343,-0.11543903747203212,-1.9063951374648798
1423231169376264,51.7585480279,-1.2639611307,86.406578,5735609.63438382,619815.8741844855,-86.406578,30U,24.271,13.795,-2.578,-0.039098842063724715,-0.115471187232724,-1.906375058097607
1423231169479039,51.7585698208,-1.2639411883,86.664162,5735612.090654885,619817.1927552283,-86.664162,30U,24.143,13.737,-2.569,-0.039154821211355786,-0.11545242527662292,-1.9063694207539363
1423231169570506,51.7585914981,-1.2639213278,86.920799,5735614.533936317,619818.5059785851,-86.920799,30U,24.013,13.68,-2.56,-0.03918719637782989,-0.11548160022134321,-1.9063907959234585
1423231169661966,51.7586130579,-1.2639015514,87.176506,5735616.964013204,619819.8137077799,-87.176506,30U,23.882,13.623,-2.55,-0.03919849999923978,-0.1154948710312783,-1.9064021708625123
1423231169753326,51.7586345,-1.26388186,87.431358,5735619.380861824,619821.1158812501,-87.431358,30U,23.749,13.566,-2.54,-0.03922481308220701,-0.11547405846340446,-1.9063853207557817
1423231169844686,51.7586558241,-1.2638622536,87.685478,5735621.78444881,619822.4124998093,-87.685478,30U,23.633,13.51,-2.532,-0.039259271032108,-0.11547585008227887,-1.9063798792031466
1423231169949478,51.7586770312,-1.2638427289,87.938919,5735624.1748907855,619823.7037885675,-87.938919,30U,23.52,13.455,-2.521,-0.03931032572103727,-0.11545469933417321,-1.9063807040632046
1423231170056189,51.758698119,-1.2638232861,88.191528,5735626.55193164,619824.9897398308,-88.191528,30U,23.394,13.4,-2.512,-0.039365399999226974,-0.11539899999947315,-1.9063570071694447
1423231170147656,51.7587190862,-1.2638039227,88.443336,5735628.91543091,619826.2705295889,-88.443336,30U,23.261,13.345,-2.5,-0.03944348396349137,-0.11539776235682996,-1.906358320774053
1423231170239122,51.7587399339,-1.2637846342,88.694038,5735631.265518312,619827.5464654999,-88.694038,30U,23.125,13.292,-2.489,-0.03948802121251191,-0.11535463252037428,-1.9063793419733495
1423231170342814,51.7587606596,-1.2637654194,88.94381,5735633.601917796,619828.8176370156,-88.94381,30U,22.986,13.239,-2.481,-0.03951912111402548,-0.11532827545161924,-1.9063896751079195
1423231170449326,51.7587812634,-1.2637462777,89.192825,5735635.924641468,619830.0840852952,-89.192825,30U,22.847,13.185,-2.469,-0.03955376274935826,-0.11537697450107301,-1.9064049546103092
1423231170555955,51.7588017446,-1.2637272065,89.441177,5735638.233615746,619831.3459916394,-89.441177,30U,22.708,13.132,-2.459,-0.03958188780522965,-0.11536180406430808,-1.9064169832798878
1423231170662596,51.7588221004,-1.2637082097,89.689468,5735640.528522846,619832.6030943362,-89.689468,30U,22.57,13.078,-2.449,-0.03961848772616311,-0.11538509214610641,-1.90643137086667
1423231170769307,51.7588423319,-1.2636892935,89.938034,5735642.8094749,619833.854962619,-89.938034,30U,22.437,13.023,-2.439,-0.03963045801971403,-0.11547702505538461,-1.9064564710924148
1423231170876017,51.7588624403,-1.2636704614,90.186829,5735645.076599605,619835.101351789,-90.186829,30U,22.307,12.967,-2.43,-0.039603845661649296,-0.11544408739721786,-1.906467604076474
1423231170982728,51.7588824282,-1.2636517173,90.435585,5735647.33017968,619836.3419858377,-90.435585,30U,22.178,12.91,-2.421,-0.039574945602795536,-0.11549816725835826,-1.9064415792276517
1423231171081102,51.758902296,-1.2636330648,90.682564,5735649.570253692,619837.5766152826,-90.682564,30U,22.048,12.853,-2.409,-0.039521700000310925,-0.11553430000002955,-1.90648530717797
1423231171161135,51.7589220459,-1.2636144975,90.927353,5735651.797076802,619838.8056759903,-90.927353,30U,21.916,12.798,-2.399,-0.03948953305859789,-0.11554877921485218,-1.9065185790352728
1423231171241168,51.7589416813,-1.2635960069,91.171043,5735654.011041075,619840.0297455717,-91.171043,30U,21.784,12.743,-2.389,-0.039444308130653444,-0.11550004900254461,-1.9064973661464646
1423231171342877,51.7589612028,-1.2635775925,91.414703,5735656.212214056,619841.2488569609,-91.414703,30U,21.652,12.686,-2.38,-0.039430228967984655,-0.11548845041176449,-1.906481375108245
1423231171449588,51.7589806128,-1.2635592486,91.660065,5735658.400871999,619842.4633971844,-91.660065,30U,21.52,12.63,-2.369,-0.03939504966826782,-0.11550519933477689,-1.9065271379030317
1423231171556238,51.7589999114,-1.2635409627,91.911636,5735660.577046561,619843.6742286329,-91.911636,30U,21.387,12.575,-2.36,-0.03929095713212145,-0.11543555395367008,-1.906535695479247
1423231171661934,51.7590190933,-1.2635227351,92.179619,5735662.740147856,619844.8813446509,-92.179619,30U,21.253,12.519,-2.35,-0.03923090818210735,-0.1154602962385652,-1.9064947538423598
1423231171753395,51.7590381502,-1.2635045739,92.480522,5735664.889239554,619846.0842082428,-92.480522,30U,21.113,12.464,-2.338,-0.03917248647411338,-0.11542526504050737,-1.9065105293324165
1423231171844856,51.7590570749,-1.2634864847,92.849297,5735667.023511764,619847.2824520273,-92.849297,30U,20.973,12.413,-2.33,-0.039057290830453575,-0.11538691718803601,-1.906507983141384
1423231171949647,51.7590758632,-1.2634684845,93.34861,5735669.1424694825,619848.4749139557,-93.34861,30U,20.831,12.36,-2.317,-0.039004553954794,-0.1154772171463221,-1.9064947085685187
1423231172056342,51.7590945147,-1.2634506037,93.963638,5735671.2460182635,619849.6594971711,-93.963638,30U,20.689,12.306,-2.304,-0.03896260000076059,-0.11541930000079756,-1.9065589071714748
1423231172162993,51.7591130353,-1.2634328351,94.416168,5735673.334826052,619850.8366829493,-94.416168,30U,20.547,12.255,-2.296,-0.038950916693443915,-0.11535547070253024,-1.906559407854077
1423231172267745,51.7591314328,-1.263415142,94.734245,5735675.409820561,619852.0089833605,-94.734245,30U,20.406,12.203,-2.285,-0.038932649445683344,-0.11543116319221892,-1.9065122121788811
1423231172359195,51.7591497117,-1.2633975159,95.060692,5735677.471516184,619853.1769730968,-95.060692,30U,20.265,12.148,-2.272,-0.03890089115885204,-0.11540804893125146,-1.9065531672548037
1423231172450645,51.7591678806,-1.2633799396,95.425034,5735679.52089756,619854.3418163888,-95.425034,30U,20.129,12.093,-2.264,-0.03888560946083797,-0.115309778565653,-1.906625067245257
1423231172556326,51.7591859497,-1.2633623664,95.846825,5735681.559175734,619855.5067090476,-95.846825,30U,19.997,12.037,-2.256,-0.03895248736061634,-0.1154083254996154,-1.9066483832907206
1423231172662008,51.7592039198,-1.26334471,96.324547,5735683.586581499,619856.6776046025,-96.324547,30U,19.868,11.98,-2.243,-0.03900072553493717,-0.11535411979849057,-1.9066288833029468
1423231172753474,51.7592217821,-1.263326799,96.835983,5735685.602417923,619857.8663548203,-96.835983,30U,19.738,11.923,-2.235,-0.039026533407917806,-0.11527384175987954,-1.9066434674661625
1423231172844940,51.7592395203,-1.2633082125,96.521461,5735687.605564072,619859.1020495163,-96.521461,30U,19.598,11.87,-2.22,-0.0391311759461807,-0.1151699147193435,-1.906668966604361
1423231172949693,51.7592571056,-1.2632877523,95.96843,5735689.594786418,619860.4674536658,-95.96843,30U,19.446,11.819,-2.21,-0.03926447243092887,-0.11489735735416384,-1.9066670873559957
1423231173056344,51.7592745204,-1.2632639745,95.829857,5735691.57050084,619862.0622584046,-95.829857,30U,19.293,11.771,-2.198,-0.039425600000506524,-0.11488130000041426,-1.9066265071767965
1423231173163055,51.7592917752,-1.2632429541,95.86657,5735693.523891011,619863.4671953567,-95.86657,30U,19.139,11.724,-2.185,-0.03956138396341122,-0.11479326529623769,-1.9065985751194339
1423231173267860,51.759308893,-1.2632267226,95.986908,5735695.454175735,619864.5420085513,-95.986908,30U,18.982,11.676,-2.175,-0.03960109593555535,-0.11465773747261804,-1.9066021464819625
1423231173359325,51.759325885,-1.2632108215,96.190689,5735697.369927927,619865.5943529223,-96.190689,30U,18.827,11.628,-2.162,-0.03957614843659212,-0.11467370409193581,-1.9066916006449663
1423231173450791,51.7593427724,-1.2631946837,96.429619,5735699.274437192,619866.663308311,-96.429619,30U,18.676,11.58,-2.151,-0.03948149186945769,-0.1145560738361425,-1.906709746030348
1423231173556382,51.7593595936,-1.2631782227,96.678482,5735701.172116037,619867.7547424268,-96.678482,30U,18.523,11.528,-2.139,-0.03945695713213591,-0.11450519120526156,-1.9067052333943002
1423231173661970,51.7593763887,-1.2631618158,96.93557,5735703.066803733,619868.8425113357,-96.93557,30U,18.374,11.478,-2.127,-0.0394009996702208,-0.1144522659544705,-1.9067473338774512
1423231173753409,51.7593931768,-1.2631456464,97.196716,5735704.960322885,619869.9139079147,-97.196716,30U,18.212,11.435,-2.11,-0.03934555055464895,-0.11414432512968477,-1.9068011496563133
1423231173844847,51.7594099577,-1.2631390856,97.325211,5735706.837248991,619870.322227745,-97.325211,30U,18.028,11.399,-2.091,-0.03924963649175108,-0.11354930374085427,-1.9067106659410364
1423231173949601,51.7594266582,-1.2631255757,97.397247,5735708.716655658,619871.2103213575,-97.397247,30U,17.828,11.365,-2.073,-0.03909587383637106,-0.11290403554982532,-1.906648495480485
1423231174056256,51.7594430013,-1.2631096416,97.531769,5735710.560301785,619872.2666561778,-97.531769,30U,17.617,11.339,-2.053,-0.03897300000063953,-0.11223090000078903,-1.9066165071732206
1423231174162921,51.7594587522,-1.2630933901,97.6959,5735712.338613428,619873.3464626309,-97.6959,30U,17.391,11.318,-2.032,-0.03868246430950369,-0.11140898605878137,-1.9065614122600032
1423231174267679,51.7594741873,-1.2630770741,97.875732,5735714.081912366,619874.4315559072,-97.875732,30U,17.156,11.296,-2.019,-0.03837054767180581,-0.1107162580928247,-1.9066115180273808
1423231174359085,51.7594894441,-1.2630607585,98.07325,5735715.8053827975,619875.5170930575,-98.07325,30U,16.916,11.271,-2.008,-0.038345492145688526,-0.11057834189957008,-1.9068557312681975
1423231174450491,51.7595045538,-1.263044466,98.276688,5735717.512457055,619876.6014249183,-98.276688,30U,16.667,11.258,-1.98,-0.03885522017711067,-0.11048418019261977,-1.906904498210959
1423231174556244,51.7595195289,-1.2630281947,98.478271,5735719.204528338,619877.6846495129,-98.478271,30U,16.404,11.243,-1.95,-0.039733196452632215,-0.10986898477509427,-1.9067298539512068
1423231174662952,51.7595343068,-1.263011948,98.677742,5735720.8746295385,619878.7666980304,-98.677742,30U,16.134,11.233,-1.935,-0.04088710904727462,-0.1093899112860298,-1.906887797870932
1423231174769642,51.7595488509,-1.2629957149,98.875809,5735722.518708582,619879.8484265452,-98.875809,30U,15.862,11.232,-1.917,-0.04236009297937611,-0.109359032297821,-1.907056224377771
1423231174871327,51.7595610732,-1.2629794435,99.060913,5735723.904651888,619880.9389473861,-99.060913,30U,15.582,11.239,-1.886,-0.04331770164560383,-0.10910501046368787,-1.9067413680628151
1423231174951319,51.7595739767,-1.2629631365,99.233284,5735725.366407736,619882.0301200076,-99.233284,30U,15.29,11.244,-1.85,-0.04265874020689298,-0.10883620724238807,-1.9066529608879228
1423231175031312,51.7595873631,-1.2629468279,99.403717,5735726.88186802,619883.1201232689,-99.403717,30U,14.999,11.257,-1.798,-0.040285600000833754,-0.10845500000015108,-1.9071655071740468
1423231175129672,51.7596006289,-1.2629305191,99.572517,5735728.383917389,619884.2104591109,-99.572517,30U,14.704,11.243,-1.785,-0.04038591511389872,-0.10724634528965557,-1.9076498951034169
1423231175236381,51.7596136679,-1.2629142443,99.743111,5735729.860689516,619885.2990487044,-99.743111,30U,14.394,11.23,-1.768,-0.04100790480498692,-0.10610229852116657,-1.9081343166303752
1423231175343025,51.7596264578,-1.2628979645,99.917053,5735731.309768606,619886.3886425382,-99.917053,30U,14.094,11.256,-1.75,-0.040770365296568294,-0.10652282541345709,-1.9085645653015602
1423231175449653,51.7596389884,-1.262881651,100.090233,5735732.730067527,619887.481248243,-100.090233,30U,13.8,11.27,-1.72,-0.04082281662938093,-0.10744531529925981,-1.9090176594948958
1423231175556278,51.7596512511,-1.2628653347,100.260994,5735734.120579118,619888.5747562033,-100.260994,30U,13.499,11.266,-1.7,-0.0404099366703152,-0.10728843709502926,-1.9096077797146978
1423231175662907,51.7596632446,-1.2628490159,100.429146,5735735.481158312,619889.6691491792,-100.429146,30U,13.204,11.275,-1.668,-0.039388903411021775,-0.10763892981143285,-1.9099893098236476
1423231175769593,51.7596749783,-1.262832687,100.593117,5735736.812862944,619890.7649267686,-100.593117,30U,12.916,11.272,-1.623,-0.040055732076670285,-0.10698877886110858,-1.91012790717004
1423231175873426,51.7596864475,-1.2628163784,100.75425,5735738.115120374,619891.860003532,-100.75425,30U,12.62,11.255,-1.62,-0.040769130491830466,-0.10558711570751343,-1.9107737764524637
1423231175964891,51.7596976584,-1.2628000689,100.91394,5735739.388654926,619892.9558260802,-100.91394,30U,12.341,11.273,-1.566,-0.042363225573112076,-0.10517944855823122,-1.9108162387249148
1423231176056356,51.7597086216,-1.2627837359,101.069405,5735740.634682543,619894.0539259828,-101.069405,30U,12.063,11.28,-1.57,-0.041182500000043414,-0.10459810000022102,-1.9096826071633586
1423231176163066,51.7597193328,-1.2627674079,101.223282,5735741.852678187,619895.1523478603,-101.223282,30U,11.789,11.275,-1.503,-0.03941091660834135,-0.10574937117517623,-1.9085631984644096
1423231176267853,51.7597298019,-1.2627510908,101.370995,5735743.0437330995,619896.250658345,-101.370995,30U,11.515,11.255,-1.491,-0.03861274375532068,-0.10508278588347458,-1.9067269138917216
1423231176359183,51.7597400189,-1.2627348247,101.51931,5735744.206669293,619897.3461166448,-101.51931,30U,11.238,11.219,-1.479,-0.037220916364582565,-0.10723468600156004,-1.9051120937114872
1423231176450513,51.7597499989,-1.2627185916,101.666321,5735745.343195578,619898.4399249591,-101.666321,30U,10.979,11.198,-1.489,-0.04031615957110019,-0.10854291537267605,-1.9033705657691504
1423231176541970,51.7597597447,-1.2627023934,101.813492,5735746.4536202,619899.5319447699,-101.813492,30U,10.722,11.171,-1.464,-0.04468604125920658,-0.10870303297257544,-1.9014729006021172
1423231176633435,51.7597692597,-1.2626862294,101.957939,5735747.538322416,619900.6222153977,-101.957939,30U,10.466,11.169,-1.433,-0.04370634940272031,-0.10768449247629551,-1.9009374980251614
1423231176736333,51.7597785547,-1.2626700401,102.09687,5735748.59860107,619901.7148143426,-102.09687,30U,10.225,11.181,-1.376,-0.042584335993594395,-0.10750054501123671,-1.9003113414512411
1423231176843042,51.7597876209,-1.2626538722,102.231384,5735749.63340077,619902.8065421669,-102.231384,30U,9.959,11.145,-1.318,-0.04205462222308761,-0.10740496021691953,-1.8995794646296607
1423231176949751,51.7597964556,-1.2626377503,102.358871,5735750.642380815,619903.8957083981,-102.358871,30U,9.71,11.117,-1.282,-0.043494586548577976,-0.10579072276372489,-1.8989964775181514
1423231177056460,51.7598050599,-1.2626216808,102.488327,5735751.625653009,619904.9818684768,-102.488327,30U,9.45,11.081,-1.333,-0.04609729999915509,-0.10385999999949856,-1.8988081071688567
1423231177163170,51.75981344,-1.2626056379,102.623512,5735752.583949244,619906.0667864522,-102.623512,30U,9.207,11.079,-1.384,-0.05032544019654408,-0.10412359675354135,-1.8983414988213099
1423231177269871,51.7598216052,-1.2625895946,102.756371,5735753.51834813,619907.1523009721,-102.756371,30U,8.973,11.074,-1.315,-0.05129084220294091,-0.10355246518891141,-1.897739415364323
1423231177376514,51.7598295567,-1.2625735658,102.883339,5735754.428958617,619908.2373806237,-102.883339,30U,8.733,11.067,-1.234,-0.050009611593568745,-0.10283095544680969,-1.8979612350185455
1423231177479346,51.7598372963,-1.2625575607,103.004005,5735755.315965751,619909.321385765,-103.004005,30U,8.494,11.028,-1.244,-0.05068707479644108,-0.10286687745742706,-1.8981112324367329
1423231177570741,51.7598448183,-1.2625416114,103.128059,5735756.178682879,619910.402116295,-103.128059,30U,8.261,11.008,-1.251,-0.04941937876337785,-0.10612942582815511,-1.8984979507288706
1423231177662137,51.7598521356,-1.2625256941,103.253731,5735757.018583687,619911.4811804895,-103.253731,30U,8.031,10.967,-1.287,-0.05244964208600804,-0.11148955245720076,-1.8985648245550506
1423231177753567,51.7598592594,-1.2625098281,103.379494,5735757.836881956,619912.5572167998,-103.379494,30U,7.841,10.955,-1.251,-0.05102334678477489,-0.1182722072426421,-1.8992682439751634
1423231177844997,51.7598662189,-1.2624939785,103.498001,5735758.63688229,619913.6325563183,-103.498001,30U,7.656,10.924,-1.146,-0.051911123724582224,-0.12023125935178343,-1.899164684445117
1423231177949750,51.7598730117,-1.2624781934,103.608162,5735759.418238708,619914.7038860436,-103.608162,30U,7.476,10.887,-1.095,-0.04964380303003895,-0.11760351389514602,-1.8998798149896041
1423231178056406,51.7598796473,-1.262462438,103.713066,5735760.182064886,619915.7735823614,-103.713066,30U,7.297,10.867,-1.043,-0.048550499999129026,-0.11292100000005639,-1.9002648071685648
1423231178147869,51.7598861145,-1.2624467346,103.813324,5735760.927078645,619916.8401360397,-103.813324,30U,7.109,10.823,-1.009,-0.04680781539219036,-0.10920415947341036,-1.9004203567932623
1423231178239332,51.7598924139,-1.2624310899,103.916534,5735761.6533356905,619917.9030831363,-103.916534,30U,6.921,10.782,-1.079,-0.04472090990427919,-0.10857186090084746,-1.9008740003638862
1423231178343109,51.7598985436,-1.2624155066,104.02578,5735762.360620288,619918.9622423745,-104.02578,30U,6.732,10.741,-1.119,-0.04436092643646913,-0.1098714033336893,-1.9010255445103101
1423231178449728,51.7599045105,-1.2623999778,104.137611,5735763.0497111045,619920.0180716512,-104.137611,30U,6.557,10.704,-1.138,-0.04290224826313322,-0.11132177597904315,-1.9003151467053425
1423231178556383,51.7599103154,-1.2623845202,104.245865,5735763.720669641,619921.0694163971,-104.245865,30U,6.372,10.639,-1.059,-0.044283182319226025,-0.11116342388963787,-1.8989646348237068
1423231178663043,51.7599159592,-1.262369143,104.34713,5735764.373580856,619922.1156393515,-104.34713,30U,6.201,10.602,-1.017,-0.04516020331147078,-0.11059254288622067,-1.897638972939961
1423231178769752,51.7599214503,-1.2623538233,104.447372,5735765.009416534,619923.1582985932,-104.447372,30U,6.031,10.552,-1.013,-0.04732039963049878,-0.11239161079097733,-1.8960111810712996
1423231178876440,51.7599267871,-1.2623385846,104.546921,5735765.627960097,619924.1957766445,-104.546921,30U,5.857,10.495,-1.045,-0.048095117680889636,-0.11490589248195436,-1.8945083041974398
1423231178983037,51.7599319687,-1.262323432,104.649567,5735766.2291030735,619925.2277239526,-104.649567,30U,5.688,10.435,-1.019,-0.04939930665143917,-0.1196572362897097,-1.8934227838758984
1423231179081333,51.7599370006,-1.2623083567,104.747688,5735766.813471561,619926.254733243,-104.747688,30U,5.522,10.388,-0.97,-0.049532300000421546,-0.1222917000003489,-1.8925486071664506
1423231179161364,51.7599418823,-1.262293347,104.837975,5735767.381029198,619927.2776132675,-104.837975,30U,5.353,10.337,-0.921,-0.051209865337988054,-0.12175298476578346,-1.8915980919546351
1423231179241395,51.7599466071,-1.2622784155,104.924438,5735767.931010175,619928.2955122684,-104.924438,30U,5.177,10.291,-0.844,-0.05340039785655414,-0.11931976422694485,-1.8912781749353402
1423231179343095,51.7599511742,-1.2622635405,105.007164,5735768.463361211,619929.3099298896,-105.007164,30U,4.996,10.26,-0.868,-0.05371580933456491,-0.11570629189688035,-1.8912460102974618
1423231179449794,51.75995558,-1.2622487011,105.089539,5735768.977716327,619930.322317987,-105.089539,30U,4.822,10.231,-0.849,-0.05462137982232052,-0.11243113976360405,-1.8907890143333173
1423231179556459,51.7599598178,-1.2622339297,105.171677,5735769.473277159,619931.3304584114,-105.171677,30U,4.624,10.17,-0.86,-0.05822620528512516,-0.10826437666117537,-1.8901283052143962
1423231179662168,51.7599638802,-1.2622192384,105.258888,5735769.949200879,619932.3335357675,-105.258888,30U,4.431,10.13,-0.925,-0.06041994669275015,-0.10869034250032461,-1.8899456829673662
1423231179753597,51.7599677761,-1.262204589,105.346626,5735770.406540041,619933.3341626541,-105.346626,30U,4.252,10.108,-0.895,-0.06009681899543393,-0.11177332121186596,-1.8900844180202367
1423231179845025,51.7599715112,-1.2621899765,105.432854,5735770.845936741,619934.3326690283,-105.432854,30U,4.068,10.059,-0.922,-0.06211448575871803,-0.11479295808512811,-1.889951329613642
1423231179949586,51.7599750719,-1.2621754621,105.519485,5735771.265777929,619935.3248675478,-105.519485,30U,3.876,9.993,-0.864,-0.06694413806385538,-0.1178279107915538,-1.8900774649601093
1423231180056023,51.7599784716,-1.2621610013,105.598572,5735771.667626943,619936.3137936457,-105.598572,30U,3.708,9.985,-0.775,-0.06973409999924542,-0.11774789999950316,-1.8900871071711884
1423231180162731,51.7599817222,-1.2621465557,105.670723,5735772.052870289,619937.3020657704,-105.670723,30U,3.54,9.966,-0.751,-0.06896817715513821,-0.11557266558155548,-1.8902025653088768
1423231180267533,51.7599848237,-1.2621321517,105.742096,5735772.421464551,619938.287862077,-105.742096,30U,3.373,9.925,-0.748,-0.06700577841904409,-0.11553880598637259,-1.8909486955537798
1423231180358997,51.7599877741,-1.2621178302,105.814415,5735772.773120053,619939.2683653797,-105.814415,30U,3.21,9.866,-0.766,-0.06303965287138287,-0.11731837210566623,-1.8926386917074738
1423231180450462,51.7599905913,-1.2621035675,105.888084,5735773.109866361,619940.2451637803,-105.888084,30U,3.064,9.823,-0.775,-0.06549871515131625,-0.11904333340717768,-1.8935186266071897
1423231180556217,51.7599932721,-1.2620893853,105.959869,5735773.431311924,619941.2167682612,-105.959869,30U,2.908,9.767,-0.738,-0.06903008873449266,-0.11757271171538693,-1.8934539972220679
1423231180661971,51.7599958135,-1.2620752542,106.028954,5735773.737171472,619942.1852156648,-106.028954,30U,2.754,9.755,-0.706,-0.06771747041008663,-0.11632947131783311,-1.8939594248861316
1423231180753436,51.7599982216,-1.2620611289,106.09272,5735774.028197861,619943.153615974,-106.09272,30U,2.608,9.74,-0.668,-0.06390221226964912,-0.11480406164119115,-1.8944189927500088
1423231180844900,51.7600004745,-1.2620471007,106.160522,5735774.30180552,619944.1157266548,-106.160522,30U,2.411,9.626,-0.744,-0.06325790464151795,-0.11576869994212186,-1.8955924051648734
1423231180949703,51.7600025674,-1.2620331756,106.230034,5735774.557450786,619945.071146382,-106.230034,30U,2.256,9.607,-0.685,-0.06363788100600794,-0.11688277863940923,-1.8972583856578729
1423231181056410,51.7600045256,-1.2620192589,106.29538,5735774.798102923,619946.0263433278,-106.29538,30U,2.101,9.602,-0.653,-0.06273480000004682,-0.11477380000037335,-1.8969796071660583
1423231181163118,51.7600063418,-1.2620053794,106.358482,5735775.022902759,619946.9793493724,-106.358482,30U,1.928,9.545,-0.654,-0.06159201860399217,-0.11264485363754138,-1.8961837639750327
1423231181267914,51.7600080022,-1.2619915949,106.420181,5735775.230220583,619947.9262123393,-106.420181,30U,1.759,9.488,-0.642,-0.05975373599408456,-0.11109889216615977,-1.895541673749319
1423231181359322,51.7600095111,-1.2619778946,106.484291,5735775.420552339,619948.8676661493,-106.484291,30U,1.585,9.423,-0.675,-0.06259233177168219,-0.11086689560178867,-1.8941590840599352
1423231181450729,51.7600108623,-1.2619642872,106.550209,5735775.593194241,619949.8031268588,-106.550209,30U,1.415,9.364,-0.677,-0.06501657649582081,-0.11243516311928503,-1.892524887129625
1423231181556438,51.7600120637,-1.2619507445,106.613243,5735775.749071192,619950.7345196133,-106.613243,30U,1.253,9.322,-0.634,-0.06573634841533164,-0.11388321017798778,-1.8909444961868798
1423231181662150,51.7600131118,-1.2619372805,106.674149,5735775.887770941,619951.6608875631,-106.674149,30U,1.079,9.268,-0.624,-0.06514704286460969,-0.11529354099793149,-1.889870675732339
1423231181753598,51.7600140036,-1.2619239035,106.733353,5735776.008946215,619952.5816658906,-106.733353,30U,0.902,9.207,-0.587,-0.06476225979354656,-0.11726288078279708,-1.8889841260871176
1423231181845046,51.7600149137,-1.2619104907,106.848038,5735776.132215618,619953.504866221,-106.848038,30U,0.744,9.17,-0.548,-0.06277562557777487,-0.11768761194461755,-1.8879183655456098
1423231181949790,51.7600155469,-1.2618972217,106.935776,5735776.224455634,619954.4188768396,-106.935776,30U,0.571,9.116,-0.541,-0.06064798462697559,-0.11935249829943567,-1.8860608265278238
1423231182056433,51.76001599,-1.2618840561,106.995827,5735776.29538542,619955.3262556904,-106.995827,30U,0.404,9.059,-0.511,-0.05816960000062494,-0.12005990000065078,-1.884294607168213
1423231182163140,51.7600162766,-1.2618709721,107.048248,5735776.34877736,619956.2284181386,-107.048248,30U,0.231,9.001,-0.501,-0.058534828495251184,-0.11830406605345702,-1.882119612830776
1423231182267930,51.7600164016,-1.2618579892,107.098434,5735776.384032227,619957.1240320232,-107.098434,30U,0.059,8.933,-0.439,-0.05888957405718841,-0.11621336770153654,-1.8801245548357293
1423231182359307,51.7600163728,-1.2618451041,107.144707,5735776.402022854,619958.013304412,-107.144707,30U,-0.12,8.866,-0.434,-0.060796405464815115,-0.11377197910731973,-1.877951787660591
1423231182450683,51.7600161921,-1.2618323013,107.192078,5735776.402986024,619958.8972999273,-107.192078,30U,-0.289,8.812,-0.502,-0.060872750110741454,-0.1136750956396861,-1.8760707540152521
1423231182556413,51.7600158545,-1.2618195815,107.243294,5735776.386364549,619959.7759835233,-107.243294,30U,-0.456,8.755,-0.506,-0.06181233302343589,-0.1182971726626461,-1.87426803084999
1423231182663096,51.7600153634,-1.2618069593,107.292046,5735776.352512518,619960.648338657,-107.292046,30U,-0.638,8.666,-0.472,-0.06708176073287239,-0.12247564153477893,-1.8717853378975795
1423231182769732,51.7600147215,-1.2617944384,107.336395,5735776.301724096,619961.5141028443,-107.336395,30U,-0.789,8.643,-0.415,-0.06439547213521299,-0.12366203215163891,-1.8704488693888908
1423231182871377,51.7600139404,-1.2617819448,107.373367,5735776.235410993,619962.3783520606,-107.373367,30U,-0.95,8.596,-0.32,-0.06429642600741392,-0.12191351334010715,-1.8682143930437216
1423231182951393,51.7600130041,-1.2617695693,107.406441,5735776.15164455,619963.2348626477,-107.406441,30U,-1.132,8.501,-0.324,-0.061346399853019665,-0.12017177524092981,-1.8670490000677045
1423231183031408,51.7600119145,-1.2617572767,107.441139,5735776.050693959,619964.0860587172,-107.441139,30U,-1.296,8.471,-0.389,-0.05874399999971188,-0.1205632000001458,-1.865726007176357
1423231183129775,51.7600106772,-1.2617450515,107.479134,5735775.933207465,619964.9329950837,-107.479134,30U,-1.461,8.393,-0.346,-0.06251796586137937,-0.12227128887740166,-1.8631312617646805
1423231183236483,51.7600092867,-1.2617329691,107.514168,5735775.798449407,619965.7704830057,-107.514168,30U,-1.628,8.307,-0.355,-0.06298127272665971,-0.12355702187773861,-1.8613957628877118
1423231183343190,51.7600077662,-1.2617209369,107.546806,5735775.649152087,619966.6048512891,-107.546806,30U,-1.762,8.295,-0.309,-0.06168028974268652,-0.12501330394788565,-1.8594330768232987
1423231183449898,51.7600061118,-1.2617089984,107.577812,5735775.4848102415,619967.4331083561,-107.577812,30U,-1.928,8.185,-0.294,-0.06281535011105363,-0.12668359253481634,-1.857302205823069
1423231183556562,51.7600043169,-1.2616971939,107.605736,5735775.304623618,619968.2524906207,-107.605736,30U,-2.064,8.131,-0.231,-0.061037606546595395,-0.12732906365702276,-1.856175834185429
1423231183663225,51.7600023993,-1.2616854543,107.628586,5735775.110685349,619969.0677194735,-107.628586,30U,-2.211,8.074,-0.236,-0.06176504085596688,-0.12371520106610152,-1.8543005110479638
1423231183769906,51.7600003398,-1.2616738301,107.652824,5735774.900777201,619969.8753608272,-107.652824,30U,-2.366,7.977,-0.262,-0.059904558535874515,-0.12474719024405659,-1.8532552954053993
1423231183875054,51.759998161,-1.2616622733,107.676849,5735774.677491391,619970.6786672435,-107.676849,30U,-2.494,7.966,-0.243,-0.05669163537705847,-0.12703156034622293,-1.8518989722754862
1423231183973553,51.7599958708,-1.2616508256,107.707474,5735774.441637854,619971.4747400832,-107.707474,30U,-2.598,7.831,-0.393,-0.05442960790834401,-0.12935650591345418,-1.850962300805858
1423231184072052,51.7599934716,-1.2616395855,107.755348,5735774.193321447,619972.2567755383,-107.755348,30U,-2.758,7.697,-0.558,-0.05565029999935623,-0.1298151999991852,-1.8502923071636348
1423231184170551,51.7599909101,-1.2616284961,107.814484,5735773.9267084645,619973.0288415519,-107.814484,30U,-2.914,7.627,-0.576,-0.05670978799159376,-0.1311509793140041,-1.8495241998026037
1423231184268171,51.7599882514,-1.2616174597,107.869873,5735773.649199158,619973.7975078038,-107.869873,30U,-3.025,7.586,-0.607,-0.05830979231266367,-0.12741315085054633,-1.8475665511423844
1423231184359634,51.7599854719,-1.2616065591,107.925491,5735773.358032845,619974.5571228579,-107.925491,30U,-3.159,7.476,-0.535,-0.06213321182386834,-0.12264732957504293,-1.8461142323728843
1423231184451098,51.7599825852,-1.2615957563,107.977852,5735773.054784439,619975.3102730343,-107.977852,30U,-3.271,7.439,-0.559,-0.06127667243096603,-0.11685368580893961,-1.8448761803976281
1423231184542561,51.7599795876,-1.2615850292,108.039635,5735772.73907883,619976.05849326,-108.039635,30U,-3.409,7.359,-0.665,-0.06556871077811602,-0.11785545366841858,-1.842760134066985
1423231184634024,51.7599764632,-1.2615744577,108.106781,5735772.409016392,619976.7963118143,-108.106781,30U,-3.548,7.243,-0.69,-0.07147665104835374,-0.12469486101098774,-1.841366026984774
1423231184736921,51.7599732284,-1.2615639813,108.174179,5735772.066520437,619977.5278603112,-108.174179,30U,-3.644,7.243,-0.613,-0.06802495890661676,-0.13142113444116255,-1.8409199711632598
1423231184843629,51.7599699017,-1.2615535368,108.232231,5735771.713752243,619978.2574511268,-108.232231,30U,-3.772,7.169,-0.534,-0.06911950310398965,-0.13147600774643425,-1.8392023915991744
1423231184950336,51.759966451,-1.2615432224,108.280815,5735771.34698054,619978.9783926074,-108.280815,30U,-3.915,7.076,-0.459,-0.07363766748014396,-0.12894391197371027,-1.8378541765708343
1423231185057043,51.7599628714,-1.2615330157,108.326889,5735770.965697262,619979.6922435638,-108.326889,30U,-4.054,7.029,-0.5,-0.07850190000073239,-0.12978899999959087,-1.8364365071772022
1423231185163751,51.7599591681,-1.2615228734,108.378708,5735770.570551915,619980.4019783364,-108.378708,30U,-4.194,6.968,-0.518,-0.08221315704805902,-0.1335868531931287,-1.8339913807788781
1423231185270459,51.7599553364,-1.2615128097,108.430229,5735770.160998463,619981.1066294519,-108.430229,30U,-4.334,6.928,-0.456,-0.07801793577272727,-0.1360054929791248,-1.8327270783360872
1423231185377166,51.7599513765,-1.2615028336,108.47007,5735769.737044342,619981.8055752971,-108.47007,30U,-4.487,6.841,-0.375,-0.08154827433027871,-0.13324948893411576,-1.8310485871659297
1423231185480062,51.7599472719,-1.2614929994,108.507156,5735769.296765312,619982.4951123893,-108.507156,30U,-4.648,6.756,-0.417,-0.08417523983767063,-0.1299022311163526,-1.8297099905249241
1423231185571525,51.7599430316,-1.2614832152,108.548737,5735768.841313414,619983.1815588686,-108.548737,30U,-4.786,6.755,-0.417,-0.08228699275700568,-0.12879026807053257,-1.8278444872730555
1423231185662989,51.7599386597,-1.2614734769,108.591057,5735768.371151343,619983.8651868105,-108.591057,30U,-4.944,6.679,-0.425,-0.08035418605918052,-0.12934722886714262,-1.825989570315765
1423231185754452,51.7599341432,-1.2614638729,108.63298,5735767.884687978,619984.5399302212,-108.63298,30U,-5.106,6.587,-0.417,-0.08087468329568621,-0.13108284944592005,-1.8246769291118379
1423231185845916,51.7599294862,-1.2614543747,108.675499,5735767.382426149,619985.2077450138,-108.675499,30U,-5.255,6.539,-0.414,-0.07996484827218162,-0.13543504447527754,-1.8235051947088758
1423231185950718,51.7599247012,-1.2614449327,108.713219,5735766.865837537,619985.8720209368,-108.713219,30U,-5.391,6.494,-0.337,-0.07995811433814182,-0.13691595565444434,-1.8220861044950591
1423231186057425,51.7599197831,-1.2614355806,108.748184,5735766.334299541,619986.5304458862,-108.748184,30U,-5.55,6.424,-0.326,-0.07650019999988306,-0.1384138000005607,-1.8215558071632454
1423231186157321,51.7599147349,-1.2614263082,108.775925,5735765.788162562,619987.1837158119,-108.775925,30U,-5.685,6.374,-0.266,-0.07535768599525113,-0.1373929974458691,-1.821022643861173
1423231186257218,51.7599095633,-1.261417168,108.801682,5735765.228085304,619987.8281899403,-108.801682,30U,-5.823,6.248,-0.247,-0.07270571714708655,-0.13459009911261002,-1.8213416654043884
1423231186357114,51.7599042687,-1.2614082102,108.8255,5735764.65402966,619988.4604029214,-108.8255,30U,-5.958,6.123,-0.229,-0.07005303182206542,-0.13178865996710803,-1.8216529854379335
1423231186457010,51.759898854,-1.2613994323,108.847481,5735764.066322234,619989.0805195905,-108.847481,30U,-6.09,5.999,-0.211,-0.06739926297046471,-0.12898850746436794,-1.821956906933513
1423231186556907,51.759893322,-1.2613908315,108.867729,5735763.46527901,619989.6887257523,-108.867729,30U,-6.219,5.878,-0.194,-0.06474476297076974,-0.12618971581753496,-1.8222532193520589
1423231186656803,51.7598876758,-1.2613824051,108.886322,5735762.851249157,619990.2851995159,-108.886322,30U,-6.345,5.758,-0.178,-0.06208931512813658,-0.1233921766608611,-1.822542139446011
1423231186756699,51.7598819182,-1.2613741506,108.903305,5735762.224548172,619990.8701059808,-108.903305,30U,-6.467,5.641,-0.162,-0.05943310879508109,-0.12059582416925364,-1.822823560889912
1423231186856595,51.7598760522,-1.2613660654,108.918762,5735761.585513941,619991.443616619,-108.918762,30U,-6.586,5.525,-0.147,-0.05677600677999743,-0.11780073918112752,-1.823097226841109
1423231186956492,51.7598700805,-1.2613581467,108.932732,5735760.934451327,619992.0059174993,-108.932732,30U,-6.702,5.411,-0.133,-0.05411830044291495,-0.11500678669701045,-1.8233636399020658
1423231187056388,51.7598640064,-1.2613503918,108.945297,5735760.271731746,619992.5571861978,-108.945297,30U,-6.815,5.298,-0.119,-0.05145980000022142,-0.11221410000071609,-1.8236228071762735
1423231187156284,51.7598578323,-1.2613427985,108.956497,5735759.597625714,619993.097568173,-108.956497,30U,-6.924,5.188,-0.105,-0.04880039843356311,-0.10942225587608076,-1.8238740350175269
1423231187256181,51.7598515614,-1.2613353636,108.966393,5735758.912494349,619993.6272757709,-108.966393,30U,-7.03,5.079,-0.093,-0.046140537915124694,-0.10663154922440686,-1.8241179105545864
1423231187356077,51.7598451967,-1.2613280847,108.975052,5735758.216675218,619994.1464666593,-108.975052,30U,-7.133,4.972,-0.081,-0.04347979843316702,-0.10384185587599008,-1.8243544224253585
1423231187455973,51.759838741,-1.2613209592,108.982521,5735757.510483973,619994.6553128392,-108.982521,30U,-7.232,4.868,-0.069,-0.040818483739557106,-0.10105305757604696,-1.824583243747128
1423231187555869,51.7598321972,-1.2613139844,108.988853,5735756.79424755,619995.1539929465,-108.988853,30U,-7.329,4.764,-0.058,-0.03815642956390576,-0.09826521175114586,-1.8248047103386964
1423231187655766,51.7598255684,-1.2613071576,108.99411,5735756.06831513,619995.6426850876,-108.99411,30U,-7.422,4.663,-0.047,-0.035493890087238585,-0.09547827257068597,-1.82501883061255
1423231187755662,51.7598188573,-1.2613004761,108.998322,5735755.332991405,619996.121568429,-108.998322,30U,-7.512,4.564,-0.037,-0.03283062956444286,-0.09269212010262241,-1.8252254977021791
1423231187855558,51.759812067,-1.2612939375,109.001556,5735754.588625068,619996.5908003732,-109.001556,30U,-7.598,4.466,-0.028,-0.030166981739123487,-0.0899067809161024,-1.8254244638231898
1423231187955455,51.7598052002,-1.2612875388,109.003845,5735753.835521304,619997.0505807884,-109.003845,30U,-7.682,4.37,-0.018,-0.027502521211709898,-0.08712217427917598,-1.825616130890002
1423231188055351,51.7597982602,-1.2612812775,109.005249,5735753.074051209,619997.5010734496,-109.005249,30U,-7.762,4.276,-0.01,-0.024837800000173903,-0.08433850000062669,-1.8258006071653896
1423231188155247,51.7597912495,-1.2612751512,109.005798,5735752.30449674,619997.9424373473,-109.005798,30U,-7.838,4.184,-0.001,-0.022172273392491938,-0.08155523509079876,-1.8259771720029043
1423231188255143,51.7597841714,-1.2612691569,109.005547,5735751.527229817,619998.3748707607,-109.005547,30U,-7.912,4.094,0.006,-0.01950646703645615,-0.0787726826313528,-1.8261464932004243
1423231188355040,51.7597770286,-1.2612632921,109.004532,5735750.742554804,619998.7985390548,-109.004532,30U,-7.982,4.005,0.014,-0.016839873392065385,-0.07599074343697278,-1.8263084135735972
1423231188454936,51.7597698242,-1.261257554,109.0028,5735749.950821048,619999.2136272339,-109.0028,30U,-8.049,3.919,0.021,-0.014173212859676366,-0.07320933680712471,-1.8264628805531065
1423231188554832,51.759762561,-1.2612519401,109.000374,5735749.152344038,619999.6203003966,-109.000374,30U,-8.113,3.834,0.027,-0.011505912859593365,-0.07042853680660076,-1.8266098013223417
1423231188654728,51.7597552421,-1.2612464476,108.997314,5735748.347473117,620000.0187435497,-108.997314,30U,-8.173,3.751,0.034,-0.008838210871786389,-0.06764819761139657,-1.8267494675956344
1423231188754625,51.7597478702,-1.261241074,108.993629,5735747.536512655,620000.409122056,-108.993629,30U,-8.231,3.67,0.04,-0.006170104508645017,-0.06486819098344536,-1.826881534513378
1423231188854521,51.7597404485,-1.2612358165,108.98938,5735746.719823118,620000.7916206566,-108.98938,30U,-8.284,3.591,0.045,-0.0035016108726505903,-0.06208879761183342,-1.8270063549811466
1423231188954417,51.7597329798,-1.2612306725,108.984589,5735745.897720159,620001.1664113506,-108.984589,30U,-8.335,3.513,0.05,-0.0008328045085607917,-0.05930964515849012,-1.8271236302160263
1423231189054314,51.7597254671,-1.2612256393,108.979271,5735745.070541839,620001.5336725082,-108.979271,30U,-8.382,3.438,0.055,0.0018361000006288345,-0.056530800000032216,-1.8272336071646524
1423231189154210,51.7597179132,-1.2612207144,108.973488,5735744.238603645,620001.8935692277,-108.973488,30U,-8.427,3.364,0.06,0.004505343300915553,-0.053752205957801766,-1.827335817345747
1423231189254106,51.7597103213,-1.261215895,108.967232,5735743.402266047,620002.2462862501,-108.967232,30U,-8.467,3.292,0.065,0.007175249667493067,-0.0509738993346472,-1.8274307841835533
1423231189354002,51.7597026941,-1.2612111784,108.960571,5735742.56183374,620002.5920027394,-108.960571,30U,-8.505,3.222,0.069,0.009845143301893688,-0.04819580595756598,-1.8275184047385515
1423231189453899,51.7596950347,-1.261206562,108.953499,5735741.7176557435,620002.9308899008,-108.953499,30U,-8.539,3.153,0.073,0.012515449668265162,-0.04541779933556589,-1.8275985715333667
1423231189553795,51.759687346,-1.2612020431,108.946045,5735740.870058994,620003.263126369,-108.946045,30U,-8.57,3.087,0.076,0.015186049667084664,-0.042639999334369294,-1.8276710923025286
1423231189653691,51.759679631,-1.2611976191,108.93824,5735740.019381387,620003.5888836132,-108.93824,30U,-8.598,3.022,0.08,0.017856697475708363,-0.03986236013210201,-1.8277364587576466
1423231189753588,51.7596718926,-1.2611932873,108.930107,5735739.165949865,620003.9083402675,-108.930107,30U,-8.622,2.96,0.083,0.02052755801902393,-0.0370846993348759,-1.8277942254906958
1423231189853484,51.7596641338,-1.261189045,108.921661,5735738.310102489,620004.221674704,-108.921661,30U,-8.643,2.899,0.086,0.02319869747468061,-0.03430706013086329,-1.8278447461402902
1423231189953380,51.7596563574,-1.2611848897,108.912918,5735737.452154746,620004.5290520198,-108.912918,30U,-8.661,2.84,0.089,0.02586980384413066,-0.03152935351001766,-1.8278876670329092
1423231190053277,51.7596485666,-1.2611808184,108.9039,5735736.592467435,620004.8306707578,-108.9039,30U,-8.675,2.782,0.091,0.028541299999707892,-0.028751599999156344,-1.8279233071798338
1423231190153173,51.7596407642,-1.2611768289,108.894615,5735735.73135555,620005.1266753126,-108.894615,30U,-8.687,2.727,0.094,0.031212651649004376,-0.025973705957874325,-1.8279513459815333
1423231190253069,51.7596329531,-1.2611729182,108.885086,5735734.869146525,620005.4172650247,-108.885086,30U,-8.695,2.674,0.096,0.03388420384361323,-0.023195599335489408,-1.8279718751550607
1423231190352965,51.7596251364,-1.2611690837,108.87532,5735734.006189379,620005.7026110969,-108.87532,30U,-8.699,2.622,0.099,0.036555697475444356,-0.020417405958023365,-1.8279851417343176
1423231190452862,51.7596173169,-1.2611653228,108.865326,5735733.142799763,620005.9828855282,-108.865326,30U,-8.701,2.572,0.101,0.03922740384371269,-0.01763899933448398,-1.8279909541694188
1423231190557645,51.7596094967,-1.2611616021,108.856773,5735732.279266174,620006.2603876919,-108.856773,30U,-8.701,2.575,0.063,0.04155424870616123,-0.016094008870050417,-1.8279405783297928
1423231190662853,51.7596016739,-1.2611578749,108.852066,5735731.415454157,620006.5383454022,-108.852066,30U,-8.705,2.579,0.039,0.044105116779552714,-0.018439585222132588,-1.8280197341949986
1423231190769559,51.7595938528,-1.2611541355,108.848228,5735730.551851281,620006.817140617,-108.848228,30U,-8.703,2.579,0.032,0.044587338432435404,-0.02010486326723213,-1.8280828254912636
1423231190871261,51.7595860285,-1.2611504017,108.843277,5735729.687883347,620007.0955579461,-108.843277,30U,-8.709,2.582,0.083,0.04726452039947672,-0.02021814200006651,-1.8280641373084847
1423231190951280,51.7595782026,-1.2611466592,108.832405,5735728.823751809,620007.374579994,-108.832405,30U,-8.708,2.589,0.109,0.04952635639335494,-0.017112355283972196,-1.8280864119683435
1423231191031299,51.7595703785,-1.2611429123,108.824913,5735727.9598277025,620007.6539010016,-108.824913,30U,-8.708,2.581,0.055,0.04937479999995572,-0.016461000000613516,-1.8281571071754674
1423231191129640,51.7595625519,-1.2611391845,108.819,5735727.095594164,620007.9319106272,-108.819,30U,-8.706,2.582,0.052,0.05293882932524615,-0.0158109535152263,-1.8284714261908128
1423231191236310,51.7595547351,-1.2611354174,108.816513,5735726.23251513,620008.2126064616,-108.816513,30U,-8.697,2.595,0.032,0.049668983961553656,-0.017925404656821086,-1.8282215063516611
1423231191343008,51.7595469125,-1.2611316991,108.812988,5735725.368710817,620008.4899500564,-108.812988,30U,-8.705,2.555,0.038,0.04692988344954881,-0.02014611285350332,-1.8287286898867652
1423231191449713,51.7595390979,-1.2611279706,108.809685,5735724.505812951,620008.7679764305,-108.809685,30U,-8.687,2.605,0.061,0.050031575019334036,-0.021706562749810004,-1.829556580028118
1423231191556315,51.7595312892,-1.261124195,108.801079,5735723.643648721,620009.0492376358,-108.801079,30U,-8.693,2.589,0.068,0.04802257923154276,-0.021558124390610126,-1.830643222526555
1423231191662917,51.7595234702,-1.261120464,108.791084,5735722.780265693,620009.3274483758,-108.791084,30U,-8.697,2.584,0.12,0.04690184529013023,-0.021373374894400148,-1.8323453178785827
1423231191769622,51.7595156568,-1.2611166884,108.782196,5735721.917578824,620009.6087222185,-108.782196,30U,-8.691,2.635,0.051,0.047196004878205154,-0.019986950997647638,-1.8333423378421028
1423231191873469,51.7595078402,-1.2611128622,108.772072,5735721.054619372,620009.8934965595,-108.772072,30U,-8.7,2.633,0.107,0.049673073564697044,-0.01811799403415001,-1.8342424496380898
1423231191964931,51.7595000161,-1.2611090404,108.764511,5735720.190818649,620010.1779872314,-108.764511,30U,-8.708,2.642,0.045,0.05069027154498969,-0.01879665742839045,-1.8360122671684864
1423231192056393,51.7594921864,-1.2611052044,108.76001,5735719.326418552,620010.4634727893,-108.76001,30U,-8.711,2.662,0.053,0.05088850000084666,-0.020831800000687167,-1.8376495071676138
1423231192163041,51.7594843539,-1.2611013298,108.754219,5735718.46177061,620010.7516296651,-108.754219,30U,-8.718,2.684,0.068,0.05161203263016597,-0.020999451069956706,-1.838709582840136
1423231192267782,51.7594765145,-1.2610974331,108.74501,5735717.596391725,620011.0413300572,-108.74501,30U,-8.724,2.699,0.101,0.053342353363080755,-0.02073789918729878,-1.8399492747093036
1423231192359174,51.7594686711,-1.2610935209,108.735321,5735716.730593539,620011.3321108092,-108.735321,30U,-8.731,2.696,0.089,0.05114831414119885,-0.019812850182809746,-1.8414021121732045
1423231192450566,51.7594608225,-1.2610896148,108.727547,5735715.864207056,620011.6224844769,-108.727547,30U,-8.735,2.707,0.095,0.04938395765003849,-0.0178175572804085,-1.8429196149236493
1423231192542023,51.7594529754,-1.2610856683,108.718262,5735714.99805388,620011.9156422822,-108.718262,30U,-8.727,2.746,0.08,0.05082831322916285,-0.014273487805733922,-1.8438994447728478
1423231192633485,51.7594451323,-1.2610816929,108.713036,5735714.132393102,620012.2107839774,-108.713036,30U,-8.729,2.736,0.025,0.05051064290763691,-0.013569979256892267,-1.8452219661809506
1423231192736367,51.7594372897,-1.2610777273,108.712502,5735713.266771818,620012.5052481355,-108.712502,30U,-8.723,2.747,-0.006,0.050611095934874034,-0.01546608898824158,-1.8470781150614408
1423231192843055,51.7594294532,-1.2610737333,108.712273,5735712.401875641,620012.8016561089,-108.712273,30U,-8.715,2.771,0.006,0.05106960380444585,-0.016296516550347372,-1.8485108545354059
1423231192949701,51.7594216232,-1.2610697072,108.709221,5735711.537755146,620013.1002621788,-108.709221,30U,-8.71,2.783,0.057,0.051723166740812745,-0.015796304064479086,-1.849813713517941
1423231193056341,51.7594138014,-1.2610656697,108.705162,5735710.674565318,620013.3996333187,-108.705162,30U,-8.698,2.791,0.023,0.05076659999949656,-0.014476899999425061,-1.8512635071799866
1423231193163046,51.7594059845,-1.2610616307,108.703018,5735709.811922888,620013.6990950747,-108.703018,30U,-8.693,2.79,0.013,0.04823759136689885,-0.013905919655357481,-1.8524199530572063
1423231193269738,51.7593981784,-1.2610575681,108.701271,5735708.95052034,620014.0001569346,-108.701271,30U,-8.674,2.825,0.018,0.052427898152849484,-0.014310415298788046,-1.8537387067881466
1423231193376333,51.7593903886,-1.2610534731,108.700859,5735708.090983787,620014.30341161,-108.700859,30U,-8.666,2.814,-0.007,0.053570486288596064,-0.014886740275612216,-1.8550477794395253
1423231193479145,51.7593825995,-1.2610494102,108.700966,5735707.231472274,620014.604449284,-108.700966,30U,-8.664,2.814,0.016,0.05584540916437681,-0.01576064826369653,-1.857278212554949
1423231193570606,51.7593748234,-1.2610452863,108.699905,5735706.373506839,620014.9096622264,-108.699905,30U,-8.647,2.874,0.009,0.06105447886264057,-0.01885077686661699,-1.8584864384240847
1423231193662063,51.759367057,-1.2610411216,108.698639,5735705.516687267,620015.2176651759,-108.698639,30U,-8.642,2.869,0.028,0.06435680970634257,-0.023726222373667255,-1.8597633566826675
1423231193753450,51.759359284,-1.2610369723,108.694229,5735704.659108406,620015.5246229592,-108.694229,30U,-8.658,2.86,0.061,0.06442388181763346,-0.02554291884737931,-1.8614211599416024
1423231193844837,51.7593514957,-1.2610328108,108.683022,5735703.799848184,620015.8324633401,-108.683022,30U,-8.666,2.893,0.167,0.06601844227176148,-0.02447432554922861,-1.8630119365358746
1423231193949627,51.7593437032,-1.2610286026,108.669136,5735702.940197762,620016.1435377519,-108.669136,30U,-8.677,2.907,0.116,0.06637973954140199,-0.022357503768798744,-1.86429764463909
1423231194056331,51.7593358957,-1.2610243913,108.659225,5735702.078884365,620016.454865972,-108.659225,30U,-8.697,2.907,0.103,0.06593339999916464,-0.022120099999872026,-1.8660145071695586
1423231194147781,51.7593280779,-1.2610201566,108.648239,5735701.21646407,620016.7678364525,-108.648239,30U,-8.7,2.942,0.092,0.06473041658597516,-0.018223732743902914,-1.8674838280116073
1423231194239230,51.7593202513,-1.261015882,108.639381,5735700.353130834,620017.083583894,-108.639381,30U,-8.714,2.963,0.097,0.06462527738285768,-0.014781765927569242,-1.8687215252661458
1423231194343035,51.7593124151,-1.2610115886,108.633301,5735699.488760976,620017.4006542937,-108.633301,30U,-8.722,2.967,0.025,0.06423327913637478,-0.013726182362532122,-1.8702752958013678
1423231194449691,51.7593045759,-1.2610072671,108.634369,5735698.62410376,620017.7196719493,-108.634369,30U,-8.729,2.991,-0.039,0.06271739977775345,-0.01505552838151087,-1.871942116408603
1423231194556314,51.7592967257,-1.2610029159,108.634918,5735697.758272169,620018.0407684948,-108.634918,30U,-8.738,3.018,0.01,0.061402515741961636,-0.01612171559493471,-1.8733739144868764
1423231194662940,51.7592888646,-1.2609985438,108.63208,5735696.891262843,620018.3633363713,-108.63208,30U,-8.751,3.023,0.031,0.060160428581183055,-0.01606390296147113,-1.8744711869305761
1423231194769645,51.7592809948,-1.2609941509,108.630493,5735696.023320269,620018.6873628442,-108.630493,30U,-8.758,3.053,0.041,0.06621651322910677,-0.01802439039099205,-1.8760988728752048
1423231194876343,51.7592731187,-1.2609897051,108.628426,5735695.15476417,620019.0150567957,-108.628426,30U,-8.77,3.075,0.031,0.07220388795575083,-0.021967060696200493,-1.8779149072652463
1423231194983013,51.759265233,-1.2609852639,108.624168,5735694.28513294,620019.3424588593,-108.624168,30U,-8.782,3.053,0.082,0.0687280359193102,-0.022636480413079328,-1.8803270781122883
1423231195081357,51.7592573369,-1.2609808226,108.614914,5735693.414345349,620019.6698955084,-108.614914,30U,-8.787,3.095,0.095,0.06759209999954252,-0.01611300000009956,-1.882126807165219
1423231195161385,51.7592494398,-1.2609762974,108.602264,5735692.543584643,620020.0031249189,-108.602264,30U,-8.777,3.145,0.105,0.067606523681479,-0.008734073800073495,-1.882724149609826
1423231195241414,51.7592415467,-1.260971759,108.601929,5735691.673290504,620020.337254772,-108.601929,30U,-8.785,3.126,-0.084,0.06733996334091305,-0.008966456392877907,-1.884348130290266
1423231195343061,51.7592336487,-1.2609672205,108.611588,5735690.802451643,620020.6714046262,-108.611588,30U,-8.79,3.143,-0.076,0.06640346787726814,-0.01264449399863005,-1.8861912314732403
1423231195449696,51.7592257428,-1.2609626686,108.61808,5735689.930756322,620021.0065002827,-108.61808,30U,-8.802,3.142,-0.04,0.060593523207190095,-0.015123605025779394,-1.8879055125570254
1423231195556345,51.7592178315,-1.2609580951,108.617645,5735689.058496058,620021.3431010006,-108.617645,30U,-8.799,3.178,0.015,0.05908180583924289,-0.015260579674989084,-1.8893343212702627
1423231195662046,51.7592099191,-1.2609534875,108.618225,5735688.186169604,620021.6820580142,-108.618225,30U,-8.809,3.187,-0.012,0.059273415914073854,-0.01738624054800664,-1.890864224288337
1423231195753507,51.7592020011,-1.2609488499,108.614799,5735687.313269786,620022.0231003121,-108.614799,30U,-8.812,3.214,0.05,0.057974820620802524,-0.017718014486009518,-1.8927755099001333
1423231195844967,51.7591940755,-1.2609441916,108.610443,5735686.439558888,620022.3655914001,-108.610443,30U,-8.829,3.214,0.026,0.05737463065581307,-0.015438686201974547,-1.8943839976069625
1423231195949741,51.7591861357,-1.2609394997,108.604324,5735685.564324179,620022.7104390204,-108.604324,30U,-8.83,3.274,0.069,0.05930853850629794,-0.01358051640823449,-1.8959129685144969
1423231196056416,51.7591781957,-1.2609347526,108.601875,5735684.689158092,620023.0590966848,-108.601875,30U,-8.847,3.264,-0.002,0.05395260000074132,-0.013076600000335586,-1.8968414071787767
1423231196163098,51.7591702321,-1.260930042,108.603127,5735683.811307491,620023.405298148,-108.603127,30U,-8.865,3.263,-0.002,0.05430764607695982,-0.012069845433241699,-1.8987830422860292
1423231196267870,51.7591622625,-1.2609252616,108.602554,5735682.932904543,620023.7563325971,-108.602554,30U,-8.866,3.336,0.012,0.05827682202556654,-0.01180484442044401,-1.900036730142455
1423231196359271,51.7591542883,-1.2609204528,108.604721,5735682.05403681,620024.10933927,-108.604721,30U,-8.888,3.298,-0.042,0.053379188955823116,-0.013348500886097039,-1.9014653375319628
1423231196450673,51.7591462931,-1.260915666,108.610191,5735681.172797563,620024.460883506,-108.610191,30U,-8.905,3.337,-0.028,0.05319685432334613,-0.015675794383684476,-1.9030283186234331
1423231196556397,51.7591382939,-1.2609107985,108.60881,5735680.291246319,620024.8180076495,-108.60881,30U,-8.904,3.375,0.033,0.052579559276475805,-0.015742961714903372,-1.9036823775317588
1423231196662123,51.7591302779,-1.2609059309,108.605774,5735679.407826999,620025.1751833633,-108.605774,30U,-8.934,3.346,0.024,0.05022617370696431,-0.015578682033572728,-1.9050390018705947
1423231196753566,51.7591222451,-1.2609010513,108.604164,5735678.522559187,620025.5332318775,-108.604164,30U,-8.941,3.392,0.035,0.052047942941750046,-0.01775765957190073,-1.9064974294146497
1423231196845008,51.7591142069,-1.2608961154,108.60083,5735677.636783539,620025.8951801491,-108.60083,30U,-8.949,3.417,0.029,0.054308784106681274,-0.018738851891435607,-1.9077961358923756
1423231196949740,51.7591061508,-1.2608911655,108.597107,5735676.749040362,620026.2581421632,-108.597107,30U,-8.976,3.42,0.063,0.05411982010283998,-0.019133424463658625,-1.9094742062811039
1423231197056371,51.7590980758,-1.2608862068,108.591209,5735675.859209896,620026.6217617153,-108.591209,30U,-8.988,3.434,0.056,0.051999500000165386,-0.019275299999153242,-1.9110807071749258
1423231197163075,51.7590899945,-1.2608811835,108.586639,5735674.968785168,620026.9898562079,-108.586639,30U,-8.996,3.489,0.049,0.051603671518683225,-0.019861554401928765,-1.9118904754579353
1423231197267871,51.7590819024,-1.2608761446,108.57988,5735674.07718511,620027.3590560353,-108.57988,30U,-9.013,3.48,0.073,0.05212327479754606,-0.017678525055562316,-1.9132980105623596
1423231197359306,51.7590737905,-1.260871098,108.571587,5735673.183395865,620027.7288398796,-108.571587,30U,-9.032,3.496,0.07,0.05408182239483249,-0.013571522115733724,-1.9149492774585257
1423231197450742,51.7590656699,-1.260866004,108.564796,5735672.288717162,620028.1019180438,-108.564796,30U,-9.028,3.535,0.029,0.054003320621434446,-0.008183251219977625,-1.9164594578720804
1423231197556243,51.7590575455,-1.2608608776,108.568115,5735671.3936692225,620028.4772423678,-108.568115,30U,-9.041,3.543,-0.048,0.0572635373980881,-0.008398434294625994,-1.9178149658459667
1423231197661746,51.7590494227,-1.2608557271,108.575127,5735670.498838903,620028.8542257402,-108.575127,30U,-9.03,3.569,-0.105,0.0601829397680621,-0.009914276667975138,-1.9192470335950622
1423231197753207,51.7590413032,-1.2608505431,108.584129,5735669.604430725,620029.2335123584,-108.584129,30U,-9.035,3.584,-0.052,0.06216546651899084,-0.013231561197747568,-1.9206590090090896
1423231197844667,51.7590331847,-1.2608453582,108.587547,5735668.710135262,620029.6128585613,-108.587547,30U,-9.027,3.578,-0.031,0.06194174200020541,-0.013700568071000147,-1.9223012455542532
1423231197949466,51.7590250684,-1.2608401693,108.588791,5735667.816091063,620029.9924750999,-108.588791,30U,-9.024,3.595,0.002,0.06164930295596178,-0.012516175166728632,-1.924078739758285
1423231198056170,51.7590169603,-1.2608349492,108.587029,5735666.923010132,620030.3742231646,-108.587029,30U,-9.016,3.612,0.021,0.06291000000055835,-0.009457699999984664,-1.9253947071757942
1423231198162874,51.7590088623,-1.2608297068,108.587456,5735666.031089116,620030.7574835195,-108.587456,30U,-9.006,3.623,-0.026,0.06379623207265026,-0.005165974457724535,-1.9268397943131652
1423231198267672,51.7590007714,-1.2608244558,108.591454,5735665.139971845,620031.1413186679,-108.591454,30U,-9.007,3.618,-0.063,0.06363621537372557,-0.0012165102733978027,-1.9285216528343148
1423231198359132,51.7589926879,-1.2608191854,108.600395,5735664.249709458,620031.5264731348,-108.600395,30U,-8.985,3.656,-0.122,0.06428424496186516,0.000939451749455818,-1.9301850100276357
1423231198450593,51.7589846099,-1.2608138817,108.615448,5735663.36011354,620031.9139112156,-108.615448,30U,-8.992,3.671,-0.16,0.06346321522460051,-0.0002446660019137919,-1.9318757247508358
1423231198556344,51.7589765291,-1.2608085552,108.63176,5735662.470243796,620032.3029303063,-108.63176,30U,-8.992,3.687,-0.167,0.06368386090230027,-0.0034759835173291615,-1.933518860454723
1423231198663047,51.7589684413,-1.2608032012,108.64666,5735661.579640896,620032.6938658991,-108.64666,30U,-9.002,3.707,-0.148,0.06349299621570492,-0.006971539460577477,-1.935310740971447
1423231198769751,51.7589603409,-1.2607978203,108.65654,5735660.6876811,620033.0866914397,-108.65654,30U,-9.022,3.72,-0.059,0.06224270140500874,-0.009674792388040226,-1.936886576936457
1423231198871443,51.7589522298,-1.2607924217,108.661903,5735659.794560555,620033.4807669867,-108.661903,30U,-9.028,3.746,-0.044,0.06317818530199912,-0.009367767370674272,-1.9384137465245768
1423231198951415,51.7589441085,-1.2607869808,108.664223,5735658.900375356,620033.8777888933,-108.664223,30U,-9.045,3.756,-0.009,0.05968588684475738,-0.008444505248236063,-1.9398177446320053
1423231199031387,51.7589359765,-1.2607815431,108.66716,5735658.00499501,620034.274618474,-108.66716,30U,-9.045,3.763,-0.053,0.05881260000015524,-0.007412000000855801,-1.9415472071655826
1423231199129737,51.7589278498,-1.2607760598,108.673355,5735657.11027914,620034.6745810446,-108.673355,30U,-9.044,3.79,-0.07,0.055446731307227055,-0.00630977427957767,-1.943033008244187
1423231199236441,51.7589197197,-1.2607705766,108.678261,5735656.215185034,620035.0745458642,-108.678261,30U,-9.036,3.796,-0.048,0.05613269430893516,-0.004565831634078183,-1.9451724603825773
1423231199343128,51.7589116072,-1.260765051,108.687889,5735655.322117974,620035.4773902202,-108.687889,30U,-9.032,3.813,-0.135,0.04946883981136573,-0.0038211072606143884,-1.9464726781234492
1423231199449811,51.7589034882,-1.2607595492,108.699013,5735654.428288934,620035.8786094785,-108.699013,30U,-9.031,3.801,-0.109,0.04394088085711708,-0.004923598743177722,-1.9483931421250755
1423231199556478,51.7588953847,-1.2607539968,108.710709,5735653.5362669015,620036.2832797362,-108.710709,30U,-9.012,3.845,-0.147,0.04253179150034228,-0.005964005247925406,-1.9496324448556333
1423231199663144,51.7588872743,-1.2607484378,108.723,5735652.64348844,620036.6884239044,-108.723,30U,-9.025,3.848,-0.093,0.042933732686860945,-0.010728617195262082,-1.9521855287170127
1423231199769796,51.7588791665,-1.2607428407,108.731216,5735651.751061854,620037.0961906436,-108.731216,30U,-9.014,3.884,-0.077,0.040773896673603725,-0.014462745897554176,-1.9542341600123283
1423231199873594,51.7588710567,-1.2607372086,108.735153,5735650.858470492,620037.5063782202,-108.735153,30U,-9.029,3.906,0.027,0.03947103707147622,-0.014270824911515594,-1.955847213133962
1423231199965026,51.7588629448,-1.2607315285,108.729721,5735649.965724632,620037.9198840503,-108.729721,30U,-9.031,3.926,0.056,0.04099893614264623,-0.008338495195635015,-1.9569998936378532
1423231200056459,51.7588548301,-1.2607258294,108.728149,5735649.072698698,620038.3347086611,-108.728149,30U,-9.031,3.943,-0.031,0.043113300000325115,-0.00460599999934974,-1.958688407169254
1423231200163151,51.7588467122,-1.2607201104,108.735458,5735648.179349691,620038.7509152244,-108.735458,30U,-9.032,3.95,-0.116,0.04202182323132993,-0.005139975045330471,-1.9607111526137686
1423231200267930,51.7588385975,-1.260714376,108.747696,5735647.286381925,620039.1681762153,-108.747696,30U,-9.019,3.975,-0.131,0.04275270022184959,-0.008302888840030163,-1.9627333540915155
1423231200359320,51.758830497,-1.2607086023,108.758606,5735646.395058004,620039.5881118334,-108.758606,30U,-9.004,3.991,-0.08,0.041400531699867786,-0.01163319463605187,-1.9644459872877806
1423231200450710,51.7588224103,-1.2607028212,108.764618,5735645.505280946,620040.0085216756,-108.764618,30U,-8.991,3.992,-0.041,0.03781889903959228,-0.010802299409482349,-1.9664245833547758
1423231200542150,51.7588143313,-1.2606970367,108.767174,5735644.616365806,620040.4291458741,-108.767174,30U,-8.979,4.006,-0.019,0.03826139896568563,-0.00977318758307746,-1.9692723601611413
1423231200633592,51.7588062751,-1.2606912053,108.771286,5735643.730063397,620040.8529463796,-108.771286,30U,-8.947,4.039,-0.057,0.039548573892473404,-0.011799465052144645,-1.972710820579592
1423231200736457,51.758798236,-1.2606853378,108.779236,5735642.845722068,620041.2791929856,-108.779236,30U,-8.945,4.068,-0.069,0.04032562690367878,-0.01362127368773824,-1.9766306174286554
1423231200843129,51.7587901922,-1.2606794096,108.780159,5735641.960958013,620041.7096411966,-108.780159,30U,-8.944,4.123,0.038,0.0396624077883629,-0.012511318704309153,-1.9798030635938826
1423231200949766,51.7587821535,-1.2606734156,108.780075,5735641.076869446,620042.1446169815,-108.780075,30U,-8.951,4.148,-0.03,0.03493592387276897,-0.010204873836588548,-1.9823914957133224
1423231201056398,51.7587741032,-1.2606673848,108.782608,5735640.191551495,620042.5821633011,-108.782608,30U,-8.958,4.189,-0.017,0.038852099999647,-0.009605300000750322,-1.9853060071733135
1423231201163102,51.7587660475,-1.2606612871,108.786308,5735639.305743179,620043.0243409597,-108.786308,30U,-8.973,4.22,-0.031,0.03846149664473689,-0.009723100536101427,-1.9884137122348937
1423231201269794,51.7587579784,-1.2606551742,108.792908,5735638.418469754,620043.4676032818,-108.792908,30U,-8.985,4.233,-0.062,0.03751136688888689,-0.011316666962388595,-1.992241614252527
1423231201376414,51.7587499077,-1.2606489958,108.796875,5735637.531126248,620043.9153902532,-108.796875,30U,-8.97,4.293,-0.039,0.036786361632775225,-0.01164140429833411,-1.9954077115557078
1423231201479233,51.758741848,-1.2606427597,108.801086,5735636.64510102,620044.3671301657,-108.801086,30U,-8.959,4.324,-0.028,0.03757651869992294,-0.01196423628975115,-1.9983034464843532
1423231201570655,51.7587338024,-1.2606364776,108.803658,5735635.760719557,620044.8220073638,-108.803658,30U,-8.945,4.344,-0.02,0.03664420339932034,-0.011766705986538922,-2.0012737132203373
1423231201662076,51.7587257643,-1.2606301807,108.805954,5735634.87719654,620045.2778861915,-108.805954,30U,-8.932,4.356,-0.032,0.035727061741652494,-0.011112618152871472,-2.004692564096697
1423231201753492,51.7587177462,-1.2606238453,108.809715,5735633.995961061,620045.7363690714,-108.809715,30U,-8.904,4.399,-0.034,0.03857497797539084,-0.009768644494525176,-2.008110523354155
1423231201844909,51.7587097551,-1.2606174564,108.813965,5735633.117816251,620046.1984726114,-108.813965,30U,-8.882,4.415,-0.047,0.03630887224119179,-0.008322057915123192,-2.011121011551817
1423231201949701,51.7587017817,-1.2606110589,108.819328,5735632.241653991,620046.6611228572,-108.819328,30U,-8.854,4.43,-0.079,0.03571620546907384,-0.007841886031019265,-2.0141499588927005
1423231202056404,51.7586938444,-1.2606046095,108.828049,5735631.369591747,620047.1272592094,-108.828049,30U,-8.812,4.466,-0.077,0.03673150000026558,-0.00924209999933925,-2.016656107167849
1423231202147844,51.7586859304,-1.2605981554,108.83741,5735630.500128388,620047.5936582692,-108.83741,30U,-8.791,4.453,-0.086,0.034964300264779286,-0.011132657834847312,-2.019441986343532
1423231202239284,51.7586780434,-1.2605917011,108.844017,5735629.633667973,620048.0599996694,-108.844017,30U,-8.751,4.466,-0.056,0.034078958389145715,-0.01201299253538984,-2.022020191269887
1423231202343042,51.7586701967,-1.2605852236,108.849968,5735628.771727399,620048.5278354014,-108.849968,30U,-8.704,4.473,-0.055,0.032261149545542864,-0.012583136207011255,-2.024194036081119
1423231202449643,51.7586623958,-1.2605787478,108.854797,5735627.914877319,620048.9954324847,-108.854797,30U,-8.653,4.472,-0.046,0.032663545898222485,-0.013685677752598855,-2.0263036007999724
1423231202556321,51.7586546429,-1.2605722644,108.859123,5735627.063377694,620049.463426893,-108.859123,30U,-8.597,4.481,-0.046,0.036136376422407385,-0.015138796748579875,-2.0277594754509307
1423231202663005,51.7586469337,-1.2605657775,108.862915,5735626.216743589,620049.9315470804,-108.862915,30U,-8.552,4.474,-0.019,0.03843645191348102,-0.016457889699968083,-2.027980296043783
1423231202769708,51.7586392604,-1.2605593233,108.865021,5735625.374048007,620050.3973155114,-108.865021,30U,-8.517,4.443,-0.018,0.040687724980994634,-0.016725695270123502,-2.0270687977023027
1423231202876402,51.7586316187,-1.2605529074,108.865974,5735624.534803544,620050.8603571245,-108.865974,30U,-8.482,4.42,-0.001,0.04314472339687021,-0.017185988220566356,-2.02589054494837
1423231202983054,51.7586240063,-1.2605465433,108.866539,5735623.698732202,620051.3197463589,-108.866539,30U,-8.454,4.372,-0.012,0.0425937872883425,-0.017563871619378592,-2.025008743227033
1423231203081386,51.7586164182,-1.2605402421,108.867867,5735622.865259677,620051.7747304436,-108.867867,30U,-8.427,4.339,-0.004,0.042310299999435086,-0.018451299999481013,-2.0244608071789187
1423231203161414,51.7586088619,-1.2605339653,108.86795,5735622.035283387,620052.227946435,-108.86795,30U,-8.382,4.331,0.007,0.043788075287938974,-0.019546585960040656,-2.023635534315859
1423231203241441,51.7586013394,-1.2605277185,108.867958,5735621.209016528,620052.6790025614,-108.867958,30U,-8.353,4.297,0.0,0.04418960458199015,-0.020644656467758152,-2.02252216089565
1423231203343114,51.7585938444,-1.2605215141,108.866302,5735620.385738091,620053.1270597843,-108.866302,30U,-8.317,4.28,0.021,0.04740343791604847,-0.02121212557763519,-2.0213567400467247
1423231203449781,51.7585863825,-1.2605153326,108.863205,5735619.566102924,620053.5734489798,-108.863205,30U,-8.288,4.253,0.034,0.049439583000231546,-0.02210900968213135,-2.0201197328779186
1423231203556412,51.7585789438,-1.2605092027,108.861237,5735618.748962844,620054.0162157632,-108.861237,30U,-8.261,4.22,0.015,0.05137596991813127,-0.025053571914005306,-2.019387918608939
1423231203662091,51.758571529,-1.2605031043,108.857712,5735617.934428782,620054.456745416,-108.857712,30U,-8.23,4.2,0.061,0.05277900080772142,-0.027511104133596625,-2.0183777992861573
1423231203753549,51.7585641443,-1.260497033,108.851044,5735617.123197458,620054.8953251429,-108.851044,30U,-8.195,4.186,0.084,0.05613162187741364,-0.02700098322332388,-2.01690030272848
1423231203845007,51.7585567851,-1.2604909975,108.84053,5735616.314743001,620055.3313667391,-108.84053,30U,-8.173,4.154,0.109,0.05914705115454829,-0.02402002443977156,-2.015056786157144
1423231203949742,51.7585494499,-1.2604850061,108.831154,5735615.508884939,620055.7643013848,-108.831154,30U,-8.147,4.116,0.071,0.06171392283776571,-0.022697600295377127,-2.011634084176883
1423231204056374,51.7585421387,-1.260479073,108.826637,5735614.705599894,620056.1931491077,-108.826637,30U,-8.121,4.078,0.019,0.06402160000044067,-0.023822800000274758,-2.00701460717091
1423231204163030,51.7585348423,-1.2604732182,108.824181,5735613.903831849,620056.6165540714,-108.824181,30U,-8.112,4.006,0.032,0.06506276260625493,-0.024984607281119953,-2.002305891497736
1423231204267782,51.7585275553,-1.2604674691,108.820305,5735613.102935182,620057.0326396731,-108.820305,30U,-8.092,3.945,0.046,0.06690907243219676,-0.026451751071018235,-1.9984435493692116
1423231204359203,51.7585202912,-1.2604618059,108.814156,5735612.30444377,620057.4427365322,-108.814156,30U,-8.06,3.89,0.062,0.06797038897796634,-0.02717146416595195,-1.9947985270172195
1423231204450624,51.7585130639,-1.2604562055,108.80777,5735611.509941403,620057.848401952,-108.80777,30U,-8.023,3.84,0.078,0.0660899596459001,-0.02661076127172455,-1.9905540889789086
1423231204556326,51.7585058662,-1.260450685,108.799332,5735610.718599248,620058.2484749214,-108.799332,30U,-7.988,3.789,0.084,0.06636878743453943,-0.02594699674799874,-1.9864406189117776
1423231204662028,51.7584986945,-1.2604452364,108.791656,5735609.9300301345,620058.6435170842,-108.791656,30U,-7.957,3.737,0.066,0.06715173072078545,-0.027157260653809936,-1.982930883854345
1423231204753463,51.7584915529,-1.2604398623,108.787315,5735609.144685718,620059.0333381295,-108.787315,30U,-7.924,3.697,0.027,0.06632778470065634,-0.03114200879477676,-1.980406206134113
1423231204844899,51.758484438,-1.2604345789,108.782715,5735608.362161235,620059.4168290795,-108.782715,30U,-7.893,3.603,0.081,0.06017241887620719,-0.03667886780596388,-1.9777543910913433
