timestamp,latitude,longitude,altitude,northing,easting,down,utm_zone,velocity_north,velocity_east,velocity_down,roll,pitch,yaw
1435671133540635,51.7609149842,-1.2610609452,83.90004,5735877.623398599,620009.7449287018,-83.90004,30U,-0.007,-0.001,0.013,0.002367399999663656,-0.0283864999991603,-0.029570907180225096
1435671133644811,51.7604761009,-1.2629693074,101.498001,5735825.67822474,619879.2146972667,-101.498001,30U,-0.007,-0.001,0.013,0.002144595307791278,-0.028390047206332054,-0.03390563759336646
1435671133751325,51.7594951318,-1.2672347793,140.832047,5735709.585470582,619587.4509383272,-140.832047,30U,-0.006,-0.0,0.013,0.0016405188462186502,-0.028400567419253883,-0.04360682049939685
1435671133858024,51.7587019434,-1.2706837394,172.636612,5735615.728138398,619351.5281618887,-172.636612,30U,-0.006,0.0,0.015,0.001223797611200837,-0.028405544946436927,-0.05144765093259522
1435671133963953,51.7584115438,-1.2719464613,184.280807,5735581.368192858,619265.1507747668,-184.280807,30U,-0.006,0.001,0.015,0.0010708022165226221,-0.02840634831625563,-0.05432668025904563
1435671134062372,51.7583858368,-1.2720582414,185.311584,5735578.326624306,619257.5043228283,-185.311584,30U,-0.006,0.001,0.015,0.001056599999414917,-0.02841009326225032,-0.054583768528464076
1435671134160357,51.7584137673,-1.2719745946,184.940887,5735581.569455496,619263.2033757172,-184.940887,30U,-0.005,0.0,0.015,0.0010708550528750677,-0.028413177526073967,-0.05458790673728182
1435671134251836,51.7584419882,-1.2718894488,184.56163,5735584.847038958,619269.0051053136,-184.56163,30U,-0.005,-0.0,0.015,0.0010640325800276437,-0.028412850575290523,-0.054588342687367716
1435671134343314,51.7582618672,-1.2721072543,184.422653,5735564.460260219,619254.4484718876,-184.422653,30U,-0.005,0.0,0.015,0.0010172606393581201,-0.02842268652489779,-0.056589581804357456
1435671134448130,51.757869996,-1.2725811261,184.564362,5735520.106919924,619222.7776642925,-184.564362,30U,-0.005,0.001,0.015,0.0009753943706663346,-0.028416039318013855,-0.0606303535290381
1435671134554851,51.7575154991,-1.2729570964,184.737473,5735480.070051278,619197.7643928316,-184.737473,30U,-0.004,0.0,0.015,0.0009382999997011098,-0.02842069999986982,-0.06422270717967661
1435671134661382,51.7572200424,-1.273238503,184.954208,5735446.753485049,619179.1214805251,-184.954208,30U,-0.004,-0.0,0.015,0.0008975662681796266,-0.02844025731298298,-0.06698304141273977
1435671134766025,51.7570335016,-1.2733983801,185.167252,5735425.747706064,619168.5788484308,-185.167252,30U,-0.005,0.0,0.015,0.0008679393180896568,-0.028437644946046496,-0.06834250823319231
1435671134857450,51.7574137309,-1.2730416494,185.115555,5735468.614586266,619192.1970831798,-185.115555,30U,-0.005,-0.0,0.015,0.000941648358020525,-0.028428158421827457,-0.06394095452464355
1435671134948875,51.7578393077,-1.2725673857,184.947281,5735516.716643592,619223.8067666116,-184.947281,30U,-0.005,-0.001,0.015,0.0010355686126314481,-0.0284341022767308,-0.05949154450410632
1435671135046920,51.7581071686,-1.2722094004,184.758301,5735547.089759975,619247.8067025117,-184.758301,30U,-0.005,-0.001,0.015,0.001078741577918275,-0.02843587415767671,-0.056828750698060544
1435671135145407,51.7582706074,-1.2719540209,184.548386,5735565.68279184,619265.0004454656,-184.548386,30U,-0.005,-0.001,0.014,0.001096012366594325,-0.028430731471731877,-0.05531735453876355
1435671135251273,51.7583578786,-1.2717901829,184.317169,5735575.6558433445,619276.0773103043,-184.317169,30U,-0.005,-0.002,0.015,0.0011153191045321067,-0.028438612366342916,-0.05464019871978841
1435671135357904,51.7581823629,-1.2719764693,184.232788,5735555.832724248,619263.6837535271,-184.232788,30U,-0.005,-0.002,0.015,0.0011005628989758675,-0.02844161910438652,-0.0565593413343835
1435671135464594,51.7577888634,-1.2724059016,184.368286,5735511.370898863,619235.0841641148,-184.368286,30U,-0.004,-0.001,0.015,0.001038183070472375,-0.02843994494966142,-0.060564062618393755
1435671135568893,51.7574345181,-1.2727447267,184.53212,5735471.411541589,619212.6340675586,-184.53212,30U,-0.004,-0.002,0.015,0.0009777999998622604,-0.02844270000075491,-0.06411350718007504
1435671135660285,51.7571401313,-1.2729971206,184.735413,5735438.26131415,619195.9906842856,-184.735413,30U,-0.004,-0.001,0.014,0.000935384264870033,-0.028456350575136596,-0.06683143578360234
1435671135751677,51.7569543863,-1.2731391874,184.931427,5735417.373102033,619186.675172907,-184.931427,30U,-0.005,-0.001,0.015,0.0009487516840151922,-0.028447541577261204,-0.06816670934040127
1435671135849916,51.757327955,-1.2728151902,184.870514,5735459.445864611,619208.051778879,-184.870514,30U,-0.004,-0.003,0.014,0.0010061843069407367,-0.02845199552312194,-0.06382840288201291
1435671135948376,51.7577506803,-1.2723822609,184.700333,5735507.16334029,619236.8162714599,-184.700333,30U,-0.005,-0.003,0.014,0.0010657989108265274,-0.028450706733605023,-0.05944246816682815
1435671136054588,51.7580189827,-1.2720523596,184.510559,5735537.539694,619258.8768624931,-184.510559,30U,-0.005,-0.004,0.014,0.0011164494670221608,-0.028448557313507303,-0.05681237879932783
1435671136160800,51.7581838046,-1.2718143744,184.300873,5735556.258126587,619274.8665315696,-184.300873,30U,-0.005,-0.004,0.013,0.0011524865245078444,-0.028447260682226055,-0.05532585453831219
1435671136259258,51.7582725628,-1.2716590345,184.070969,5735566.382664673,619285.3530064877,-184.070969,30U,-0.004,-0.004,0.012,0.00116460336812006,-0.028453712366855212,-0.054647582984451465
1435671136357717,51.7580978011,-1.2718227768,183.979904,5735546.680240483,619274.5133013042,-183.979904,30U,-0.004,-0.004,0.013,0.0011288415350947819,-0.02845008426367263,-0.05653019749666647
1435671136456195,51.7577062399,-1.2722074435,184.099106,5735502.5070969155,619248.9980609369,-184.099106,30U,-0.004,-0.004,0.012,0.0010650336642346733,-0.028454240494760218,-0.06049349064024174
1435671136554673,51.7573555628,-1.2725092006,184.245209,5735463.016200627,619229.0965689779,-184.245209,30U,-0.005,-0.004,0.012,0.0010261000007265146,-0.028466600000224985,-0.06398760717904001
1435671136653104,51.7570651622,-1.2727328591,184.428818,5735430.356177819,619214.4259134753,-184.428818,30U,-0.004,-0.004,0.012,0.000988155054022306,-0.028459332580119373,-0.06666261441870946
1435671136751535,51.7568818336,-1.2728573718,184.604874,5735409.765340839,619206.3155843355,-184.604874,30U,-0.004,-0.004,0.012,0.0009815651602603443,-0.02846033484067832,-0.06799268575987343
1435671136849941,51.7572464857,-1.2725644243,184.534393,5735450.795847602,619225.5726907819,-184.534393,30U,-0.005,-0.004,0.012,0.0010411483586915745,-0.02846310000071884,-0.0637227152929538
1435671136948347,51.7576639979,-1.2721712999,184.36235,5735497.8686099835,619251.603743101,-184.36235,30U,-0.005,-0.005,0.012,0.0011080945706568764,-0.028451955038464607,-0.059411444309310085
1435671137054610,51.7579314299,-1.2718687677,184.171783,5735528.103476495,619271.777764375,-184.171783,30U,-0.005,-0.005,0.012,0.0011625854166935749,-0.028453064050341925,-0.05682081926918634
1435671137160871,51.7580969535,-1.2716479215,183.962387,5735546.871951824,619286.5827621252,-183.962387,30U,-0.005,-0.005,0.012,0.0011862415779591794,-0.028451338209436357,-0.055338046691136296
1435671137259230,51.7581869261,-1.2715010862,183.733795,5735557.117652465,619296.4791105146,-183.733795,30U,-0.005,-0.006,0.012,0.0011995224741520004,-0.028457115736207322,-0.05468870434836382
1435671137357374,51.7580139434,-1.2716428497,183.635803,5735537.648987829,619287.1515551393,-183.635803,30U,-0.005,-0.005,0.011,0.0011709820037387017,-0.028461369679553084,-0.05654605476761593
1435671137448852,51.7576265129,-1.2719839871,183.738129,5735494.00632017,619264.6295919482,-183.738129,30U,-0.005,-0.005,0.012,0.0011127863071562218,-0.028466396641441863,-0.06045516911257147
1435671137540331,51.7572815546,-1.2722499512,183.865784,5735455.209849335,619247.1833305148,-183.865784,30U,-0.004,-0.005,0.012,0.001071599999542392,-0.028468699999579607,-0.06391240717937832
1435671137644725,51.7569968656,-1.2724459469,184.029022,5735423.230162594,619234.4068484015,-184.029022,30U,-0.004,-0.005,0.012,0.0010395617915696586,-0.02847662584165487,-0.06654263800232385
1435671137751511,51.7568170576,-1.272553512,184.184372,5735403.058510297,619227.4569448581,-184.184372,30U,-0.004,-0.005,0.012,0.0010348966311988328,-0.028483750575858148,-0.06785066328510908
1435671137858025,51.7571704774,-1.2722898077,184.104004,5735442.792183758,619244.7253112113,-184.104004,30U,-0.005,-0.005,0.012,0.0011128124103005148,-0.028486705629466612,-0.06365936475944424
1435671137963791,51.7575802752,-1.2719347119,183.929977,5735488.944967305,619268.1520783848,-183.929977,30U,-0.004,-0.005,0.012,0.0011928237695831522,-0.028481925839361176,-0.05938783991625542
1435671138062415,51.7578453967,-1.2716586268,183.73848,5735518.879702479,619286.5069368603,-183.73848,30U,-0.004,-0.005,0.012,0.0012321056297677423,-0.02847834157710407,-0.05681900353335232
1435671138160579,51.7580108493,-1.2714545226,183.529236,5735537.612940041,619300.156685903,-183.529236,30U,-0.005,-0.006,0.011,0.001252912366496541,-0.028486540468959494,-0.05534860511455145
1435671138251854,51.7581017164,-1.2713161247,183.301941,5735547.944339073,619309.468381927,-183.301941,30U,-0.005,-0.005,0.011,0.0012741348406531648,-0.02849624831489033,-0.05468856950946179
1435671138343129,51.7579316065,-1.2714366774,183.196716,5735528.829819422,619301.5971032612,-183.196716,30U,-0.004,-0.005,0.012,0.001253569636548891,-0.02848710673754465,-0.05652991203759533
1435671138448013,51.7575506171,-1.2717358813,183.281677,5735485.9719585925,619281.9522211173,-183.281677,30U,-0.003,-0.005,0.011,0.0011944413459698882,-0.028498154004994,-0.06037572389621028
1435671138554841,51.7572134835,-1.2719675841,183.390411,5735448.101609254,619266.8499507004,-183.390411,30U,-0.003,-0.005,0.012,0.001133699999406912,-0.028505600000207354,-0.06377080717901272
1435671138661371,51.756936255,-1.2721371661,183.532623,5735416.994715812,619255.8768407948,-183.532623,30U,-0.003,-0.004,0.012,0.0010993977398565163,-0.028501148316293325,-0.06635248405743316
1435671138766024,51.7567610901,-1.2722284988,183.666748,5735397.365915702,619250.0350534364,-183.666748,30U,-0.003,-0.004,0.012,0.001093506737013577,-0.028510112367474146,-0.0676266037119765
1435671138857541,51.7571010702,-1.2719920938,183.576157,5735435.560446151,619265.4546420965,-183.576157,30U,-0.003,-0.004,0.013,0.0011477427300728995,-0.028511929211592235,-0.06350803222197486
1435671138949057,51.7575006214,-1.2716730005,183.399857,5735480.514956061,619286.4236053259,-183.399857,30U,-0.003,-0.004,0.012,0.0012191247521826805,-0.0284989966342489,-0.05931992786875266
1435671139047120,51.7577619108,-1.2714222277,183.207214,5735509.982199053,619303.0416109285,-183.207214,30U,-0.004,-0.004,0.012,0.0012470629426323716,-0.028503924733707522,-0.056777914791389
1435671139145620,51.7579264514,-1.2712343197,182.997971,5735528.58756529,619315.5759837921,-182.997971,30U,-0.004,-0.004,0.012,0.001272796630393149,-0.028508919105063178,-0.055331382640079745
1435671139251397,51.7580178499,-1.2711042112,182.77182,5735538.964526005,619324.3141917803,-182.77182,30U,-0.004,-0.004,0.012,0.001297331470689353,-0.028510232580517034,-0.054682924561391476
1435671139357940,51.7578517719,-1.2712045045,182.659225,5735520.331499669,619317.8304860063,-182.659225,30U,-0.003,-0.004,0.012,0.0012580055863197106,-0.0285094606824754,-0.05649295246364422
1435671139464887,51.7574796368,-1.2714636912,182.726425,5735478.52368637,619300.9240949857,-182.726425,30U,-0.003,-0.003,0.011,0.001209447130118504,-0.028522044949695905,-0.060289825295269245
1435671139569370,51.7571524725,-1.2716628842,182.815872,5735441.815099987,619288.0393001676,-182.815872,30U,-0.003,-0.003,0.011,0.001162900000073942,-0.028520200000540872,-0.06362070717909847
1435671139660546,51.756884455,-1.2718074522,182.936844,5735411.773389414,619278.7683591014,-182.936844,30U,-0.003,-0.003,0.011,0.0011524718969033836,-0.02851622247371539,-0.06615948853500596
1435671139751721,51.7567150608,-1.2718833575,183.049484,5735392.811529676,619273.9761645591,-183.049484,30U,-0.003,-0.003,0.01,0.0011404483149597482,-0.02851971910473608,-0.06740962392558296
1435671139849948,51.7570395327,-1.2716722082,182.948669,5735429.240216905,619287.6934587392,-182.948669,30U,-0.003,-0.003,0.01,0.001175249466404851,-0.028523277527393608,-0.06337328058118016
1435671139948404,51.7574263071,-1.2713868838,182.770111,5735472.718719178,619306.3654202047,-182.770111,30U,-0.003,-0.004,0.01,0.001246237127879486,-0.028513477524587605,-0.059259696481217185
1435671140054692,51.7576821742,-1.2711601068,182.576355,5735501.5437764935,619321.3416062363,-182.576355,30U,-0.003,-0.004,0.01,0.0012827730493346085,-0.028514776417815562,-0.0567562945776398
1435671140160973,51.7578448952,-1.2709877147,182.367126,5735519.9214506205,619332.8099344607,-182.367126,30U,-0.002,-0.003,0.01,0.0013119842637420824,-0.028518722472863973,-0.055333048951295184
1435671140259296,51.7579364181,-1.2708656744,182.142059,5735530.299073542,619340.9909864889,-182.142059,30U,-0.002,-0.003,0.011,0.001316908998205911,-0.028518625842709935,-0.05468891782482062
1435671140357631,51.75777559,-1.2709468238,182.021927,5735512.28117133,619335.8146673011,-182.021927,30U,-0.003,-0.003,0.011,0.001285048272764813,-0.0285216258420373,-0.05645735804958211
1435671140456363,51.7574148046,-1.2711681954,182.07103,5735471.797321373,619321.4882316664,-182.07103,30U,-0.002,-0.002,0.011,0.0012465426739449862,-0.028523944950026213,-0.060176563415334124
1435671140555095,51.7570997696,-1.2713368239,182.140808,5735436.487535733,619310.680976137,-182.140808,30U,-0.002,-0.002,0.011,0.0012043999992048919,-0.0285267999997592,-0.06344220717985045
1435671140653474,51.7568426986,-1.2714579083,182.240067,5735407.701516049,619303.002015015,-182.240067,30U,-0.002,-0.002,0.011,0.0011784685289879492,-0.028530548315984675,-0.0659246548035454
1435671140751853,51.7566801977,-1.271519273,182.33075,5735389.529995198,619299.1952544091,-182.33075,30U,-0.002,-0.001,0.011,0.001161312366555853,-0.028531438208755717,-0.06715441718742066
1435671140850339,51.7569872715,-1.2713312728,182.21936,5735423.98610379,619311.3606208147,-182.21936,30U,-0.002,-0.002,0.011,0.0012171269942156413,-0.028530751685239775,-0.06321782109226673
1435671140948829,51.7573587797,-1.271077324,182.038132,5735465.715662425,619327.9073032845,-182.038132,30U,-0.002,-0.002,0.011,0.0012786629420631604,-0.028526487632946983,-0.059187535555314155
1435671141054831,51.7576075866,-1.2708730706,181.842834,5735493.718789959,619341.3475776816,-181.842834,30U,-0.002,-0.002,0.011,0.0013028123665366346,-0.028529651684497385,-0.056730796839195276
1435671141160830,51.7577675205,-1.2707153952,181.633179,5735511.762483745,619351.8075580304,-181.633179,30U,-0.002,-0.002,0.011,0.001327079787484848,-0.028528906737830064,-0.05531620063701787
1435671141259256,51.7578587183,-1.2706011301,181.408844,5735522.091260101,619359.4528538589,-181.408844,30U,-0.002,-0.002,0.011,0.001347298891053122,-0.028530077527381584,-0.05468919761157169
1435671141357467,51.7577043985,-1.2706643897,181.280869,5735504.826379389,619355.494060494,-181.280869,30U,-0.002,-0.001,0.012,0.0013281831130794593,-0.028527619103721112,-0.056442005213693046
1435671141449029,51.7573575021,-1.2708503898,181.311584,5735465.944896335,619343.5722559486,-181.311584,30U,-0.001,-0.001,0.011,0.0012726887411201077,-0.028534686524802403,-0.06009965672626475
1435671141540591,51.75705673,-1.2709905519,181.36145,5735432.267763654,619334.6921216368,-181.36145,30U,-0.001,-0.001,0.011,0.001220899999868713,-0.028543499999447337,-0.06330520717973338
1435671141644903,51.7568122865,-1.2710897817,181.438751,5735404.921720767,619328.4882851557,-181.438751,30U,-0.001,-0.001,0.011,0.0012106842648708783,-0.028540334839612855,-0.06573709859798672
1435671141751578,51.7566577704,-1.2711375554,181.507309,5735387.660375979,619325.59854396,-181.507309,30U,-0.001,-0.001,0.011,0.00119789100145376,-0.028540919104287927,-0.06693746887280419
1435671141858134,51.7569457827,-1.2709705709,181.385193,5735419.9624032695,619336.3636081028,-181.385193,30U,-0.001,-0.001,0.011,0.0012449303632166033,-0.02854569663070132,-0.06310445260762089
1435671141963927,51.757299637,-1.2707454912,181.20108,5735459.6815772345,619350.9642857718,-181.20108,30U,-0.001,-0.001,0.011,0.0012922696807553533,-0.02854187415718126,-0.059146033337869726
1435671142062384,51.7575397298,-1.2705621689,181.003967,5735486.681448009,619362.982905062,-181.003967,30U,-0.002,-0.002,0.011,0.0013371404691772646,-0.028543389893606143,-0.056735160890127555
1435671142160405,51.7576958659,-1.2704183129,180.793686,5735504.280229125,619372.4991204779,-180.793686,30U,-0.001,-0.002,0.011,0.0013614382082399144,-0.028545360682745585,-0.05533907705498686
1435671142251884,51.7577862499,-1.2703114728,180.56987,5735514.506384049,619379.6341115204,-180.56987,30U,-0.001,-0.001,0.011,0.0013694292104374753,-0.02854604831629093,-0.05472138861264846
1435671142343364,51.7576397156,-1.2703582117,180.433884,5735498.134324976,619376.7949939012,-180.433884,30U,-0.001,-0.001,0.011,0.0013421393173024497,-0.02854990336812681,-0.056442550117702835
1435671142448215,51.757309245,-1.2705114703,180.44606,5735461.1330296565,619367.089631714,-180.44606,30U,-0.001,-0.001,0.011,0.0013089730070410437,-0.02855887078953841,-0.060013134210258695
1435671142554975,51.7570248016,-1.2706253782,180.4758,5735429.314675431,619359.9784983409,-180.4758,30U,-0.001,-0.0,0.012,0.0012619999992057025,-0.028560299999520294,-0.06314400717899177
1435671142661487,51.7567945815,-1.2707044558,180.53093,5735403.58331107,619355.1280844543,-180.53093,30U,-0.001,-0.001,0.012,0.0012280033694966111,-0.028567444946381634,-0.06551702891733736
1435671142766121,51.7566490939,-1.2707396372,180.577164,5735387.3465832025,619353.0836819359,-180.577164,30U,-0.001,-0.001,0.012,0.0012234550536832187,-0.02857092247302833,-0.06669159582212367
1435671142857611,51.7569166528,-1.2705915419,180.444061,5735417.343208767,619362.5988833291,-180.444061,30U,-0.0,-0.001,0.013,0.0012689494674454896,-0.02856258763398681,-0.06295269085878188
1435671142949100,51.7572506301,-1.2703927599,180.256653,5735454.8089683745,619375.4368828363,-180.256653,30U,-0.0,-0.001,0.012,0.0013143112588738888,-0.028564889892567127,-0.059078460331046134
1435671143047041,51.7574803792,-1.2702286892,180.057419,5735480.627100058,619386.1540481977,-180.057419,30U,0.0,-0.001,0.012,0.0013456887846755843,-0.028568435949566907,-0.056709423832135994
1435671143145413,51.7576316818,-1.2700976788,179.846115,5735497.667380936,619394.7964295333,-179.846115,30U,0.0,-0.001,0.011,0.0013717764182273491,-0.02855906852836134,-0.055341596158509435
1435671143251357,51.7577207311,-1.2699978624,179.622421,5735507.733642029,619401.4501796647,-179.622421,30U,0.001,-0.002,0.011,0.0013759382081886074,-0.028564506736945782,-0.05472068861344536
1435671143358082,51.7575832513,-1.2700295328,179.47818,5735492.393156787,619399.6271706974,-179.47818,30U,0.001,-0.002,0.011,0.0013421539012736796,-0.028567748316021557,-0.05640432086384479
1435671143464770,51.7572716816,-1.2701528164,179.471649,5735457.542784892,619391.9407969706,-179.471649,30U,0.001,-0.001,0.011,0.0012975235825707788,-0.028571394371660824,-0.059898030798523204
1435671143569068,51.7570055116,-1.2702427597,179.481216,5735427.795740161,619386.4355151997,-179.481216,30U,0.001,-0.001,0.011,0.001278300000845208,-0.028572999999523507,-0.06295030717884663
1435671143660468,51.7567909859,-1.2703034357,179.514206,5735403.839786725,619382.8138192453,-179.514206,30U,0.001,-0.001,0.011,0.0012593235821763298,-0.028577725841501762,-0.06527718508037791
1435671143751867,51.7566554961,-1.2703270599,179.538147,5735388.733782792,619381.5407551138,-179.538147,30U,0.001,-0.001,0.011,0.0012396584216780291,-0.028570987633150625,-0.06641939356337895
1435671143850107,51.7569015281,-1.2701957752,179.394165,5735416.309017189,619389.952393357,-179.394165,30U,0.001,-0.001,0.011,0.0012854427293930684,-0.028574042687143916,-0.06278356958000099
1435671143948567,51.7572136406,-1.2700207061,179.203278,5735451.3045225805,619401.2113530443,-179.203278,30U,0.001,-0.001,0.012,0.0013280573132376343,-0.0285749292114295,-0.05899755922385478
1435671144054766,51.7574314882,-1.2698741584,179.001602,5735475.770498122,619410.7504697151,-179.001602,30U,0.001,-0.001,0.011,0.0013809247342892734,-0.02857477415812408,-0.056671264300690916
1435671144160965,51.7575769238,-1.269754967,178.78894,5735492.13902223,619418.5925887008,-178.78894,30U,0.002,-0.001,0.012,0.0013661550530458797,-0.02858435168381033,-0.0553230793147032
1435671144259439,51.7576640959,-1.2696617322,178.564972,5735501.9857816165,619424.7970356938,-178.564972,30U,0.002,-0.001,0.011,0.0013832415785861502,-0.0285797168450446,-0.05471920771728301
1435671144357908,51.7575368875,-1.2696798357,178.412292,5735487.809747308,619423.8832925167,-178.412292,30U,0.001,-0.001,0.011,0.001365135948314323,-0.02858556742082607,-0.05637100060856204
1435671144456217,51.7572465496,-1.2697759875,178.387054,5735455.364872129,619418.0135324585,-178.387054,30U,0.002,-0.001,0.01,0.0013605943712171726,-0.02859664157856321,-0.05978466785704307
1435671144554526,51.7570004109,-1.2698442881,178.376465,5735427.8808405865,619413.9492097895,-178.376465,30U,0.003,-0.001,0.01,0.0013222000004852461,-0.028605599999311854,-0.0627692071800652
1435671144653113,51.7568028742,-1.2698883267,178.387375,5735405.841390343,619411.4310484511,-178.387375,30U,0.003,-0.001,0.01,0.0012699943716340488,-0.02859751347524434,-0.06502499966423045
1435671144751700,51.7566782469,-1.2699014434,178.389191,5735391.9605605565,619410.8545872055,-178.389191,30U,0.002,-0.001,0.01,0.0012694348400198105,-0.02860247415825477,-0.06613255872249425
1435671144850106,51.7569020479,-1.2697849586,178.234207,5735417.039384312,619418.3033062549,-178.234207,30U,0.002,-0.001,0.01,0.0013284685721505988,-0.028607349424851606,-0.06260365277831674
1435671144948506,51.7571906289,-1.2696310459,178.039505,5735449.383459081,619428.1640714933,-178.039505,30U,0.002,-0.001,0.01,0.0013747314718358151,-0.028595182003343,-0.05891194016182806
1435671145054538,51.7573951496,-1.2695002779,177.835083,5735472.34160986,619436.6492149034,-177.835083,30U,0.002,-0.002,0.01,0.0013855157356201817,-0.02859476179089097,-0.056632885665847524
1435671145160583,51.7575337238,-1.269391848,177.620743,5735487.929519581,619443.7666756171,-177.620743,30U,0.002,-0.001,0.009,0.0013964179958792882,-0.02860212247266516,-0.05531552763107699
1435671145259206,51.7576184681,-1.2693047237,177.396164,5735497.496315996,619449.5557813565,-177.396164,30U,0.002,-0.002,0.01,0.0014131865241751747,-0.028596684264080723,-0.05472593918866324
1435671145357605,51.7575026524,-1.2693107824,177.234909,5735484.60694416,619449.4432944886,-177.234909,30U,0.002,-0.001,0.01,0.0013960921114920144,-0.028594929211599465,-0.05633601067183306
1435671145449098,51.7572356513,-1.26938267,177.190964,5735454.796976125,619445.1866774206,-177.190964,30U,0.003,-0.001,0.01,0.0013401179537572772,-0.028597855053632243,-0.05966841276013007
1435671145540590,51.7570110507,-1.269431641,177.160187,5735429.739750453,619442.3996846934,-177.160187,30U,0.002,-0.0,0.01,0.001312300000785085,-0.02860770000041181,-0.06257360717958976
1435671145644757,51.7568315761,-1.269460793,177.149002,5735409.733284073,619440.8613788757,-177.149002,30U,0.003,0.0,0.011,0.0012979157353644217,-0.028606400000645103,-0.06476126256302651
1435671145751272,51.7567185419,-1.269464454,177.128632,5735397.157161564,619440.9069906366,-177.128632,30U,0.003,0.0,0.01,0.001289249423391362,-0.028613412367060477,-0.06584237219843792
1435671145857991,51.7569198097,-1.2693608611,176.962479,5735419.709082522,619447.5252901602,-176.962479,30U,0.003,0.0,0.011,0.0013247663116734275,-0.028613603368912496,-0.06243341128613541
1435671145963941,51.7571835872,-1.2692256211,176.763443,5735449.264325946,619456.1626471828,-176.763443,30U,0.003,-0.0,0.01,0.00136023710057396,-0.028614283155457526,-0.058830840204039045
1435671146062399,51.7573735518,-1.2691089091,176.55574,5735470.580770831,619463.7160272337,-176.55574,30U,0.003,-0.0,0.01,0.0013947089974010035,-0.028615615735285378,-0.0566077193985892
1435671146160416,51.7575043476,-1.2690101782,176.339111,5735485.287824474,619470.1845776422,-176.339111,30U,0.003,-0.0,0.01,0.0014096213645467355,-0.028615434840635053,-0.0553141782053312
1435671146251838,51.7575861259,-1.2689286795,176.113266,5735494.51559822,619475.5932251598,-176.113266,30U,0.002,-0.001,0.01,0.00142151010584302,-0.028620522473659284,-0.05473220323992582
1435671146343260,51.7574826824,-1.2689242042,175.94313,5735483.01934891,619476.1751351471,-175.94313,30U,0.003,-0.0,0.01,0.0014152752661561207,-0.028617370789511966,-0.05630778478654546
1435671146448100,51.7572408082,-1.2689746639,175.880508,5735456.03872897,619473.3311738747,-175.880508,30U,0.003,-0.001,0.01,0.0013654145848934162,-0.02862801236739399,-0.05955569024452967
1435671146554856,51.7570389411,-1.2690065785,175.829697,5735433.537535749,619471.6614514517,-175.829697,30U,0.003,-0.0,0.01,0.0013422999992947055,-0.02863289999964858,-0.062384007179514374
1435671146661490,51.7568783399,-1.2690225649,175.796692,5735415.651467347,619470.9820651832,-175.796692,30U,0.004,-0.001,0.009,0.0013174550541329949,-0.02863363147062875,-0.06451020635919713
1435671146766216,51.7567774697,-1.2690178119,175.754547,5735404.441841131,619471.5763357038,-175.754547,30U,0.004,-0.0,0.009,0.0013172584218488065,-0.02863521910414684,-0.06554813398851617
1435671146857580,51.7569563223,-1.2689253257,175.577332,5735424.482896639,619477.4871342106,-175.577332,30U,0.003,-0.001,0.009,0.001357795522831431,-0.028637777526446802,-0.06225049000835426
1435671146948945,51.7571944841,-1.268806386,175.373672,5735451.162860353,619485.0669800375,-175.373672,30U,0.003,-0.001,0.01,0.0013884281019658027,-0.028639393261511176,-0.05876076046109596
1435671147047016,51.757368916,-1.2687020598,175.162262,5735470.731722428,619491.8064521927,-175.162262,30U,0.002,-0.001,0.01,0.0014153573140842568,-0.028639084264929743,-0.056596214919453006
1435671147145535,51.7574911344,-1.2686119817,174.942917,5735484.470774482,619497.7004068942,-174.942917,30U,0.002,-0.001,0.01,0.0014340932630341249,-0.02862865842196057,-0.05532889731042352
1435671147251372,51.7575694401,-1.2685356191,174.715317,5735493.3039876055,619502.7637148193,-174.715317,30U,0.003,-0.001,0.01,0.0014387000002535695,-0.02862687415790362,-0.05474753918975436
1435671147357970,51.7574791449,-1.2685220831,174.536163,5735483.284761794,619503.9362833323,-174.536163,30U,0.003,-0.001,0.009,0.0014166505332468147,-0.02862845168422001,-0.056278920691946274
1435671147464714,51.7572637747,-1.2685538757,174.455032,5735459.282124147,619502.3107843739,-174.455032,30U,0.004,-0.001,0.009,0.0013792134756096073,-0.028622499999769638,-0.05943646209791828
1435671147569062,51.7570854574,-1.2685709313,174.384369,5735439.424153767,619501.6044994765,-174.384369,30U,0.004,-0.001,0.009,0.0013549999992979143,-0.028625000000663547,-0.06217280718009318
1435671147660472,51.7569442351,-1.2685754119,174.329788,5735423.711989134,619501.6681240544,-174.329788,30U,0.004,-0.001,0.008,0.0013435292102522754,-0.02862750673852837,-0.06422835689075046
1435671147751882,51.7568559142,-1.2685632602,174.266068,5735413.910050484,619502.7399486394,-174.266068,30U,0.005,-0.001,0.008,0.0013360808954963421,-0.02862325505363866,-0.0652300317294163
1435671147850117,51.7570129081,-1.2684802374,174.077774,5735431.504811144,619508.0552154721,-174.077774,30U,0.005,-0.001,0.008,0.0013654404698715526,-0.02862129437170092,-0.06204955299348441
1435671147948571,51.7572251667,-1.2683753694,173.869095,5735455.281163263,619514.7321420603,-173.869095,30U,0.004,-0.001,0.008,0.0014000472073459466,-0.02861996516035853,-0.05866382566332902
1435671148054657,51.75738341,-1.2682818403,173.653641,5735473.032097246,619520.7690944045,-173.653641,30U,0.004,-0.001,0.007,0.0014315123661293844,-0.028616494370682748,-0.05654954076260016
1435671148160751,51.7574964205,-1.2681994084,173.431168,5735485.734676234,619526.1595929831,-173.431168,30U,0.004,-0.001,0.007,0.001446734839885953,-0.028611155052453728,-0.055309451255068864
1435671148259321,51.7575708043,-1.2681277016,173.201416,5735494.124148011,619530.9118952766,-173.201416,30U,0.004,-0.002,0.007,0.001453093262846527,-0.02861748426383861,-0.05475512571364311
1435671148357888,51.7574941821,-1.2681065153,173.013168,5735485.6379911555,619532.5763854013,-173.013168,30U,0.004,-0.001,0.008,0.0014462842639409285,-0.028606265159997753,-0.056246013912144635
1435671148456371,51.7573061942,-1.268122281,172.913757,5735464.706695417,619531.9847893923,-172.913757,30U,0.005,-0.001,0.008,0.0014081527938995591,-0.028606529210860293,-0.059310503633589286
1435671148554854,51.757151812,-1.2681265699,172.823563,5735447.531378372,619532.0964966025,-172.823563,30U,0.005,-0.0,0.008,0.0013889000005982983,-0.028614100000605828,-0.061952107179020444
1435671148653168,51.7570301386,-1.2681211296,172.747742,5735434.009434531,619532.7932756639,-172.747742,30U,0.005,0.0,0.007,0.0013607191046628247,-0.028609558421763343,-0.06394302542063289
1435671148751481,51.7569545473,-1.2681025589,172.662872,5735425.63363459,619534.274546062,-172.662872,30U,0.006,0.0,0.007,0.0013620449475197608,-0.0286084651597372,-0.06491594857263
1435671148849998,51.7570906631,-1.2680275069,172.46344,5735440.893588366,619539.0947304721,-172.46344,30U,0.006,0.0,0.007,0.0013892663120470361,-0.028607165159970496,-0.06185757218454039
1435671148948523,51.7572772899,-1.2679346478,172.249283,5735461.799880686,619545.010414243,-172.249283,30U,0.006,0.0,0.006,0.0014215865250843185,-0.028591894370264246,-0.05858799086647443
1435671149054669,51.7574190566,-1.267850428,172.02919,5735477.703290113,619550.4483029131,-172.02919,30U,0.006,-0.0,0.006,0.0014479179950952212,-0.028589438208550488,-0.05652920933487721
1435671149160811,51.7575224357,-1.2677746863,171.802963,5735489.323862097,619555.4024486126,-171.802963,30U,0.006,-0.0,0.006,0.001461470789150893,-0.028601003369294112,-0.05533267598839666
1435671149259276,51.7575925317,-1.2677071682,171.570343,5735497.229665009,619559.8769494558,-171.570343,30U,0.006,0.0,0.006,0.0014687224733679674,-0.02859879326235297,-0.05478788076673688
1435671149357521,51.7575298085,-1.2676796562,171.372787,5735490.299544456,619561.9413318787,-171.372787,30U,0.006,0.0,0.006,0.001440250533307749,-0.028598867419647556,-0.056228567813871866
1435671149448967,51.7573695111,-1.26768188,171.255325,5735472.469803262,619562.2112915104,-171.255325,30U,0.006,0.001,0.006,0.0014130235819815378,-0.028603677526122098,-0.059194022694561726
1435671149540414,51.7572389837,-1.2676753665,171.145859,5735457.964999923,619563.0056061874,-171.145859,30U,0.007,0.001,0.006,0.0013848999991680417,-0.0286045000003148,-0.0617439071789266
1435671149644668,51.757136673,-1.2676614967,171.04921,5735446.610133634,619564.233075363,-171.04921,30U,0.007,0.002,0.006,0.0013609078463134648,-0.028605722472556126,-0.06366428043041326
1435671149751294,51.7570737699,-1.2676374412,170.943558,5735439.654342498,619566.059407959,-170.943558,30U,0.007,0.002,0.006,0.0013451966314971195,-0.02861105394378483,-0.06460174857303161
1435671149858017,51.7571903802,-1.2675690292,170.733032,5735452.734306635,619570.4727562342,-170.733032,30U,0.007,0.002,0.006,0.0013795213639069637,-0.028608748314973727,-0.061668683484674996
1435671149963968,51.7573522099,-1.2674863014,170.512878,5735470.8664320335,619575.7546055365,-170.512878,30U,0.007,0.002,0.006,0.0014209404687724127,-0.02860178315622396,-0.05850374933173978
1435671150062427,51.7574776118,-1.2674100224,170.287659,5735484.936986582,619580.6875993293,-170.287659,30U,0.007,0.001,0.006,0.001432980894888659,-0.028608986524491353,-0.05651420711643626
1435671150160447,51.7575711768,-1.2673400815,170.057068,5735495.4566877205,619585.2672648787,-170.057068,30U,0.007,0.001,0.006,0.0014470281023241777,-0.028596684264080723,-0.055349178249261874
1435671150251874,51.7576367223,-1.2672763097,169.820923,5735502.850330536,619589.4951924811,-169.820923,30U,0.006,0.001,0.005,0.001450651685103998,-0.02859878652538206,-0.05480787739842139
1435671150343301,51.75758779,-1.2672436927,169.613861,5735497.462228495,619591.875489237,-169.613861,30U,0.006,0.002,0.006,0.0014478629002867233,-0.028600370788669362,-0.056193889092037805
1435671150448016,51.7574548692,-1.2672346694,169.478577,5735482.695382166,619592.849424206,-169.478577,30U,0.006,0.002,0.006,0.0014039718978189795,-0.028599573049282817,-0.05904510691625293
1435671150554629,51.7573476279,-1.2672191684,169.35025,5735470.794882418,619594.2025614079,-169.35025,30U,0.007,0.002,0.005,0.0013772999995921467,-0.02859960000065713,-0.06149100717960482
1435671150661331,51.7572641307,-1.2671982508,169.233215,5735461.543760605,619595.8667857255,-169.233215,30U,0.007,0.003,0.005,0.0013728764172244064,-0.028605802260282885,-0.06333436243539438
1435671150766123,51.7572136469,-1.2671695851,169.10733,5735455.976645454,619597.9785108655,-169.10733,30U,0.007,0.003,0.005,0.0013666651604263597,-0.028596774157263846,-0.06423806878584516
1435671150857548,51.7573124613,-1.2671066464,168.885788,5735467.068646172,619602.0610514315,-168.885788,30U,0.007,0.002,0.004,0.00138898315506518,-0.028596722472828708,-0.06143591278125949
1435671150948973,51.7574508714,-1.2670323695,168.659363,5735482.5825390285,619606.8214304543,-168.659363,30U,0.006,0.003,0.004,0.0014289528355453471,-0.028599851684116585,-0.05837597295689653
1435671151046998,51.7575604313,-1.2669627943,168.428558,5735494.880399934,619611.3335378474,-168.428558,30U,0.006,0.002,0.004,0.0014763337320628674,-0.028586528102406247,-0.05644772737338415
1435671151145463,51.7576442609,-1.2668978438,168.193207,5735504.30930699,619615.5944544455,-168.193207,30U,0.006,0.0,0.004,0.0014851336891327396,-0.028622975308775493,-0.05532040072299358
1435671151251352,51.7577051165,-1.2668374095,167.952988,5735511.175955428,619619.6043933998,-167.952988,30U,0.007,0.002,0.004,0.001467529210957001,-0.02862556852945008,-0.05478468750361078
1435671151358010,51.7576695189,-1.2668007994,167.736252,5735507.2773201745,619622.2250542812,-167.736252,30U,0.007,0.002,0.005,0.0014036516421185434,-0.028597993262765048,-0.05613044973174129
1435671151464719,51.7575630269,-1.2667826257,167.583527,5735495.464537588,619623.7607300096,-167.583527,30U,0.007,0.001,0.004,0.0013455112148774864,-0.0286087696795491,-0.05888142145844607
1435671151569024,51.7574780263,-1.2667597937,167.436768,5735486.049376841,619625.5610965816,-167.436768,30U,0.006,0.002,0.003,0.0013362000002551566,-0.028605500000672364,-0.0612273071788648
1435671151660346,51.7574124462,-1.2667330985,167.299957,5735478.800236714,619627.5767543693,-167.299957,30U,0.006,0.002,0.003,0.0013542764172059642,-0.028591825841656496,-0.06299884106953862
1435671151751667,51.7573738907,-1.2667006406,167.15451,5735474.565857484,619629.918695973,-167.15451,30U,0.007,0.002,0.001,0.0013521089975276673,-0.028641258465212188,-0.06387044405189436
1435671151849954,51.757456884,-1.2666421699,166.92215,5735483.891149545,619633.7346142143,-166.92215,30U,0.007,0.004,0.002,0.001376084264321731,-0.028621564007617062,-0.061167353293444394
1435671151948466,51.7575737333,-1.2665748681,166.68895,5735496.995934166,619638.0704928325,-166.68895,30U,0.007,0.002,0.002,0.001401483156044074,-0.028579069680448616,-0.05825865167674072
1435671152054619,51.7576683666,-1.266510905,166.452133,5735507.624685265,619642.2346567668,-166.452133,30U,0.006,0.001,0.001,0.0014280157351086956,-0.028624767419832754,-0.05638273748003345
1435671152160768,51.757742808,-1.2664502208,166.211502,5735516.002593133,619646.2258906286,-166.211502,30U,0.007,0.002,0.0,0.001444419103873151,-0.028618732579170175,-0.05528451198009707
1435671152259224,51.7577989704,-1.2663927505,165.966705,5735522.342490511,619650.0436303727,-165.966705,30U,0.006,0.002,0.001,0.0014553696800819404,-0.02861356179167905,-0.05477423245081124
1435671152357681,51.7577759091,-1.2663531352,165.740402,5735519.842917553,619652.8385676629,-165.740402,30U,0.006,0.001,-0.0,0.0014660269502192733,-0.028605921365041694,-0.056059295743879606
1435671152456190,51.7576942907,-1.2663276889,165.570923,5735510.80817742,619654.8104631272,-165.570923,30U,0.008,0.001,-0.002,0.0014448618345631872,-0.028644814627668328,-0.05874282030549052
1435671152554698,51.7576300471,-1.2662990191,165.406494,5735503.710915164,619656.9588962083,-165.406494,30U,0.008,0.005,-0.002,0.0014171999995472569,-0.028684300000225024,-0.060971407180215646
1435671152653103,51.7575811748,-1.2662676999,165.250412,5735498.32738711,619659.2495417653,-165.250412,30U,0.008,0.002,0.003,0.0011708572702930494,-0.028632103326658217,-0.06261106691254462
1435671152751507,51.757553853,-1.2662322029,165.085938,5735495.347267492,619661.7715421253,-165.085938,30U,0.002,0.0,-0.003,0.0013977608103178706,-0.028622164093701795,-0.06352868110938079
1435671152849962,51.7576231748,-1.2661773484,164.843018,5735503.146293869,619665.3739635891,-164.843018,30U,0.005,0.005,-0.001,0.0016371428157039452,-0.028698166269376987,-0.060854169071980005
1435671152948418,51.757720715,-1.2661157497,164.602554,5735514.094454887,619669.3672045048,-164.602554,30U,0.012,0.002,0.001,0.0016075638796216977,-0.02858125164221024,-0.058135640548174244
1435671153054594,51.7578016868,-1.2660564522,164.359192,5735523.196331839,619673.2454213086,-164.359192,30U,0.007,0.0,-0.003,0.0013417347971057274,-0.028637502303731723,-0.056353576796398484
1435671153160771,51.7578673356,-1.2659993964,164.11264,5735530.590518374,619677.0094327825,-164.11264,30U,0.003,0.004,-0.0,0.0014156596173280072,-0.02865652243068106,-0.05521219513695064
1435671153259261,51.7579189373,-1.2659445538,163.862442,5735536.418949099,619680.6578368406,-163.862442,30U,0.005,0.004,0.0,0.0016102416632438749,-0.028572407845960216,-0.054802930234731345
1435671153357530,51.7579073056,-1.2659028013,163.626282,5735535.193944505,619683.5700540381,-163.626282,30U,0.008,0.001,-0.002,0.0015827358624084021,-0.028598735991118895,-0.05597435629735565
1435671153448914,51.7578484593,-1.26587174,163.44017,5735528.700832504,619685.8692922364,-163.44017,30U,0.01,0.003,-0.002,0.0014017370141837762,-0.028650615735582818,-0.05853234499644534
1435671153540298,51.7578031072,-1.2658385453,163.258041,5735523.711863595,619688.2800847812,-163.258041,30U,0.003,0.005,0.001,0.0013531999993524305,-0.028626899999248525,-0.06070740718006649
1435671153644555,51.7577694567,-1.2658036218,163.083252,5735520.02702541,619690.7792478134,-163.083252,30U,0.005,0.003,-0.001,0.00153564388071394,-0.02860623484013799,-0.06225123876682068
1435671153751195,51.7577524957,-1.2657657696,162.900375,5735518.202973529,619693.4363982591,-162.900375,30U,0.009,0.004,-0.002,0.0015039965880964102,-0.028643873048716816,-0.06309322720837744
1435671153857818,51.7578103772,-1.2657138464,162.646393,5735524.724978745,619696.8667096945,-162.646393,30U,0.006,0.005,0.0,0.001454691001820985,-0.028613931427980018,-0.0606432309487411
1435671153963661,51.757891133,-1.265656863,162.398331,5735533.7990593305,619700.5857367435,-162.398331,30U,0.006,0.003,-0.002,0.0014587528367759814,-0.028588957312745696,-0.057977919225996634
1435671154061972,51.7579599846,-1.2656014064,162.147888,5735541.546814164,619704.2308641754,-162.147888,30U,0.004,0.004,-0.002,0.0015153988921675298,-0.028637003368203785,-0.05630072178638316
1435671154159860,51.7580176542,-1.265547434,161.894638,5735548.048626159,619707.8031254426,-161.894638,30U,0.006,0.005,-0.001,0.0015354123662793216,-0.02859312132102043,-0.05521476929339381
1435671154251398,51.7580649541,-1.2654949367,161.638504,5735553.394842954,619711.3010033353,-161.638504,30U,0.007,0.003,-0.002,0.0014801100643134933,-0.028577338209110882,-0.054789445969283423
1435671154342935,51.758063398,-1.2654517919,161.392349,5735553.292612366,619714.2826558505,-161.392349,30U,0.005,0.003,-0.002,0.00145545057609277,-0.028609615734885317,-0.05596085851433267
1435671154447812,51.7580247906,-1.2654165404,161.189911,5735549.057086398,619716.8175723188,-161.189911,30U,0.006,0.004,-0.002,0.0014254213223742279,-0.028598759530374517,-0.0583653921182178
1435671154554594,51.7579961754,-1.2653799767,160.990738,5735545.934911926,619719.4166213509,-160.990738,30U,0.006,0.004,-0.001,0.001421000000207869,-0.028584200000735697,-0.060441007179408236
1435671154661262,51.7579760637,-1.2653423681,160.797958,5735543.760097356,619722.0652921615,-160.797958,30U,0.006,0.003,-0.003,0.001384855053449144,-0.02859616741972933,-0.061922680301258616
1435671154766025,51.7579684386,-1.2653027751,160.597214,5735542.977131111,619724.8178848791,-160.597214,30U,0.006,0.004,-0.001,0.0014354325798328865,-0.02861515842236944,-0.06268108110964762
1435671154857447,51.7580170749,-1.2652532153,160.332672,5735548.467153879,619728.1094890509,-160.332672,30U,0.006,0.004,-0.002,0.0014497405115333848,-0.028586771896977482,-0.06039103781474768
1435671154948869,51.7580837053,-1.2651999588,160.076599,5735555.964306184,619731.6086041305,-160.076599,30U,0.007,0.004,-0.003,0.0014537527494670275,-0.028591487633499377,-0.057858273170767825
1435671155046884,51.7581421535,-1.2651476772,159.818497,5735562.549947895,619735.0620733395,-159.818497,30U,0.007,0.004,-0.003,0.0014531438372522622,-0.02860405505305661,-0.05622842745798407
1435671155145339,51.7581928108,-1.2650963313,159.558228,5735568.267658266,619738.4715690514,-159.558228,30U,0.005,0.004,-0.003,0.0014425078898024006,-0.028591101109392565,-0.055231664817082055
1435671155251171,51.7582361736,-1.2650459237,159.295578,5735573.17263574,619741.8356006555,-159.295578,30U,0.006,0.003,-0.004,0.0015176033686765049,-0.028592958422460027,-0.0547871785492203
1435671155357771,51.7582431541,-1.2650020172,159.03949,5735574.020998282,619744.8472246359,-159.03949,30U,0.007,0.003,-0.003,0.0014818134759928422,-0.028606665159791714,-0.05592271915540308
1435671155464554,51.7582218352,-1.2649638173,158.822617,5735571.7129195705,619747.5398938712,-158.822617,30U,0.008,0.004,-0.003,0.0014091909593718767,-0.028596007846021152,-0.05820709766132977
1435671155568948,51.7582074279,-1.2649248889,158.609528,5735570.174652339,619750.2645545986,-158.609528,30U,0.006,0.004,-0.004,0.0014088000003834422,-0.028596900000738903,-0.060150807179664735
1435671155660438,51.7581988249,-1.2648853968,158.402679,5735569.28278725,619753.0127621277,-158.402679,30U,0.007,0.004,-0.003,0.0014450539446992834,-0.028615958421957355,-0.06157745667627096
1435671155751929,51.7581992233,-1.2648446272,158.188156,5735569.3940342795,619755.8253173234,-158.188156,30U,0.009,0.005,-0.002,0.0014191875909714035,-0.0285983202135485,-0.06227793727259195
1435671155850166,51.7582404633,-1.264797018,157.916229,5735574.0583596695,619759.0018243213,-157.916229,30U,0.008,0.004,-0.002,0.001318893219399272,-0.028584791044269583,-0.060138995215402245
1435671155948621,51.7582954589,-1.2647467743,157.653229,5735580.2567235455,619762.3237402034,-157.653229,30U,0.004,0.003,-0.003,0.0013645966747367125,-0.028748986567569017,-0.05774065747800181
1435671156054830,51.7583452494,-1.2646971129,157.3871,5735585.875293311,619765.619235063,-157.3871,30U,0.005,0.004,-0.001,0.0014535348835071592,-0.028796496630668494,-0.056182663450193564
1435671156161043,51.7583900324,-1.2646480087,157.117996,5735590.936084483,619768.8895195598,-157.117996,30U,0.007,0.003,-0.004,0.0014595898513066773,-0.02881422251569233,-0.05522650865545008
1435671156259564,51.7584300805,-1.2645994709,156.846115,5735595.469396728,619772.133238674,-156.846115,30U,0.006,0.002,-0.003,0.0013839977389939182,-0.028871757313682946,-0.054791301022149505
1435671156358078,51.7584442735,-1.2645552973,156.577454,5735597.120292263,619775.1441910577,-156.577454,30U,0.004,0.003,-0.003,0.0014015629420254996,-0.028879623582434854,-0.05587019100890473
1435671156456372,51.7584376411,-1.2645151344,156.34343,5735596.44868579,619777.933467407,-156.34343,30U,0.006,0.003,-0.003,0.0014459865247331723,-0.02888188541569904,-0.05804199198896798
1435671156554666,51.7584354005,-1.2644746456,156.113251,5735596.266012208,619780.7336128344,-156.113251,30U,0.008,0.003,-0.003,0.0014030000007530308,-0.028909099999622167,-0.05987210717879724
1435671156653099,51.7584367681,-1.2644339238,155.889175,5735596.4849776635,619783.5402891274,-155.889175,30U,0.007,0.004,-0.003,0.0013234101070688238,-0.02892173816610064,-0.06122126226241645
1435671156751532,51.7584442381,-1.2643924365,155.658463,5735597.383827677,619786.3836434017,-155.658463,30U,0.006,0.003,-0.003,0.0013255831554339582,-0.02887632921063986,-0.06185884511774104
1435671156850070,51.7584802081,-1.2643464282,155.376755,5735601.459486254,619789.463570229,-155.376755,30U,0.007,0.002,-0.003,0.0013809078901166625,-0.028916478677486278,-0.05987387845585923
1435671156948611,51.7585262748,-1.2642986192,155.105072,5735606.660921766,619792.641038417,-155.105072,30U,0.007,0.002,-0.003,0.0013886651595661254,-0.028911330319221377,-0.05761215752106661
1435671157054707,51.7585692146,-1.2642511507,154.830368,5735611.514068952,619795.8032775715,-154.830368,30U,0.007,0.002,-0.003,0.0013686067379901068,-0.02889566405186926,-0.05611900281181851
1435671157160808,51.7586091186,-1.2642039943,154.552643,5735616.029105307,619798.952007258,-154.552643,30U,0.005,0.002,-0.003,0.001380357313786816,-0.028892703369573954,-0.05524013564868824
1435671157259426,51.7586461418,-1.2641571661,154.271927,5735620.223241335,619802.0857068339,-154.271927,30U,0.005,0.002,-0.003,0.0014233415775655762,-0.02890573594904745,-0.05480662460457497
1435671157357820,51.7586656713,-1.2641131687,153.991486,5735622.467318534,619805.0703490742,-153.991486,30U,0.006,0.002,-0.003,0.001406023581223918,-0.028903816844343153,-0.05582770107298468
1435671157449252,51.7586705253,-1.264071905,153.740921,5735623.074897849,619807.9051788029,-153.740921,30U,0.006,0.002,-0.003,0.0013641336877553774,-0.0288952438376719,-0.057878342479707724
1435671157540683,51.7586779248,-1.2640305607,153.493759,5735623.965686978,619810.738831917,-153.493759,30U,0.006,0.002,-0.003,0.0013404999993492214,-0.028908599999443386,-0.05957760717995968
1435671157644732,51.7586873497,-1.2639891836,153.252213,5735625.081768972,619813.5693859906,-153.252213,30U,0.006,0.003,-0.003,0.0013508067375595846,-0.02892168315506794,-0.0608448712178531
1435671157751117,51.7587006848,-1.2639473995,153.004913,5735626.633360332,619816.4176752043,-153.004913,30U,0.007,0.003,-0.003,0.0013469584226946186,-0.028911544945850152,-0.06145097206847633
1435671157857972,51.75873303,-1.2639027648,152.712631,5735630.303680592,619819.4123608759,-152.712631,30U,0.007,0.003,-0.003,0.0013416550530122038,-0.028912538209236806,-0.0595885459629787
1435671157964052,51.7587724763,-1.2638569552,152.43158,5735634.765620486,619822.4693241601,-152.43158,30U,0.006,0.003,-0.002,0.001354931470690164,-0.028914164051502877,-0.05747289803340787
1435671158062492,51.7588102109,-1.2638113411,152.147842,5735639.036889213,619825.5173218239,-152.147842,30U,0.006,0.003,-0.002,0.0013869696804082266,-0.028913338208824725,-0.05606742080656234
1435671158160497,51.7588462695,-1.2637658996,151.861526,5735643.1214944385,619828.5578401109,-151.861526,30U,0.007,0.002,-0.002,0.0013936336878315448,-0.028919864050748468,-0.05521576822910053
1435671158251976,51.7588807366,-1.2637206511,151.572601,5735647.028799562,619831.5892478456,-151.572601,30U,0.007,0.003,-0.002,0.0013889999992377914,-0.028919477526641663,-0.054820054967274275
1435671158343455,51.758904049,-1.2636771632,151.282089,5735649.692740163,619834.5286837294,-151.282089,30U,0.007,0.003,-0.003,0.0013761202128683345,-0.028916984264463992,-0.0557783706681273
1435671158448241,51.7589175228,-1.2636354728,151.017334,5735651.259614095,619837.3701189589,-151.017334,30U,0.007,0.003,-0.002,0.0013784359488811363,-0.02891945394549814,-0.057691572756161914
1435671158554928,51.7589322582,-1.2635938455,150.755356,5735652.966683926,619840.203857338,-150.755356,30U,0.008,0.003,-0.002,0.001348699999488721,-0.028922799999982943,-0.05928180717961008
1435671158661564,51.7589479373,-1.2635522974,150.498199,5735654.778570686,619843.0296293116,-150.498199,30U,0.009,0.003,-0.002,0.0013397393167933617,-0.028921832579686526,-0.060457979064741915
1435671158766292,51.7589659371,-1.2635105768,150.235733,5735656.848819131,619845.861158601,-150.235733,30U,0.009,0.003,-0.002,0.0013346831555461993,-0.02892011910443871,-0.061022014755933114
1435671158857658,51.7589959353,-1.263467169,149.933289,5735660.256140166,619848.7773492464,-149.933289,30U,0.009,0.004,-0.002,0.0013523089982973118,-0.028924215736023,-0.05929366963101184
1435671158949025,51.7590306871,-1.2634230479,149.642761,5735664.19326571,619851.7301735516,-149.642761,30U,0.008,0.004,-0.002,0.0013771438380026538,-0.028921984264506484,-0.0573181430222124
1435671159047119,51.7590646321,-1.2633790474,149.349823,5735668.040473592,619854.6768069172,-149.349823,30U,0.008,0.004,-0.002,0.0014091393168246394,-0.028906303369549906,-0.05598331296055774
1435671159145662,51.7590977755,-1.2633351484,149.054565,5735671.798373462,619857.6185538669,-149.054565,30U,0.009,0.003,-0.002,0.0014223651600968647,-0.028913247207357523,-0.05519018174589952
1435671159251417,51.7591301633,-1.2632913736,148.757065,5735675.47204349,619860.5537262084,-148.757065,30U,0.009,0.003,-0.002,0.0013832808956182098,-0.028929261791813796,-0.05481485496820747
1435671159357926,51.7591559592,-1.2632486461,148.456543,5735678.4109328715,619863.4340767553,-148.456543,30U,0.009,0.004,-0.003,0.0013934258418069128,-0.0289111359488839,-0.055703723417730375
1435671159464743,51.7591755598,-1.2632070539,148.178207,5735680.6590012945,619866.2524836132,-148.178207,30U,0.01,0.004,-0.004,0.0014063382082375167,-0.028914450575224862,-0.05750189629495731
1435671159569151,51.759195613,-1.2631655955,147.902206,5735682.957183431,619869.0604555884,-147.902206,30U,0.011,0.005,-0.003,0.0013682999998647276,-0.028920799999267815,-0.05897740717932702
1435671159660554,51.7592159388,-1.2631242676,147.630417,5735685.285467541,619871.8586970818,-147.630417,30U,0.012,0.005,-0.004,0.0013244595316601459,-0.028913489893644683,-0.06006498465064448
1435671159751957,51.7592374909,-1.2630829138,147.353561,5735687.750168184,619874.6554753615,-147.353561,30U,0.011,0.004,-0.004,0.0013214797868787522,-0.0289166707893677,-0.06058658328415598
1435671159850134,51.7592660997,-1.2630406504,147.041122,5735691.001115447,619877.4963321346,-147.041122,30U,0.011,0.004,-0.005,0.0013641640512483744,-0.028922070789204155,-0.05899249555769183
1435671159948529,51.7592976989,-1.262998004,146.740936,5735694.585245432,619880.3556954608,-146.740936,30U,0.012,0.004,-0.005,0.0013674258429822199,-0.028914448315023482,-0.0571615396968671
1435671160054674,51.7593290082,-1.2629554516,146.438721,5735698.136983879,619883.2093355106,-146.438721,30U,0.011,0.004,-0.005,0.0013375359485684618,-0.028914941578231348,-0.05591601637199977
1435671160160826,51.759360015,-1.2629129722,146.134598,5735701.6549641,619886.0587349545,-146.134598,30U,0.011,0.004,-0.005,0.0013616617901530828,-0.02891369437118386,-0.05515286153281975
1435671160259344,51.7593907458,-1.2628705911,145.828552,5735705.142091466,619888.9020776972,-145.828552,30U,0.011,0.004,-0.006,0.0013665629417280582,-0.028909555054082048,-0.05479780328292972
1435671160357860,51.7594173547,-1.2628289929,145.635834,5735708.169552019,619891.7023070275,-145.635834,30U,0.012,0.004,-0.006,0.0013533347963665498,-0.028901661790322605,-0.05907268352684149
1435671160456305,51.7594393649,-1.2627883149,145.619766,5735710.6840967685,619894.451211774,-145.619766,30U,0.013,0.005,-0.007,0.0013154988489647867,-0.028912166310989133,-0.0728600997137463
1435671160554750,51.7594610049,-1.2627478226,145.647644,5735713.157169191,619897.1882792201,-145.647644,30U,0.014,0.003,-0.004,0.0012700000003208866,-0.02889129999919165,-0.10016270717967349
1435671160653217,51.7594822971,-1.2627074774,145.723816,5735715.591323746,619899.9161139157,-145.723816,30U,0.015,-0.002,-0.001,0.0012104561189217162,-0.02876557181185884,-0.16864899783226928
1435671160751683,51.7595042961,-1.2626671145,145.789017,5735718.104109582,619902.6432949442,-145.789017,30U,0.02,-0.012,0.0,0.0011334112154835479,-0.028547458380010923,-0.36776839354788315
1435671160850141,51.759530451,-1.2626261788,145.62709,5735721.080001177,619905.3989920428,-145.62709,30U,0.021,-0.021,-0.003,0.0011511337320219285,-0.028421607761321747,-0.5152028011078887
1435671160948600,51.7595586917,-1.2625850069,145.328674,5735724.288236906,619908.1654599763,-145.328674,30U,0.018,-0.042,-0.001,0.0012094865675782822,-0.028157955991010272,-0.5150620437088528
1435671161054746,51.7595870797,-1.2625439205,145.005249,5735727.512714341,619910.9256336734,-145.005249,30U,0.019,-0.076,-0.001,0.0013184652035801592,-0.027810752663486687,-0.5148905190610774
1435671161160892,51.7596155286,-1.262502914,144.662125,5735730.743834456,619913.6801284931,-144.662125,30U,0.018,-0.11,-0.001,0.0014095517695428125,-0.0275947571851954,-0.5148076718541742
1435671161259349,51.7596439958,-1.2624620181,144.305099,5735733.976809368,619916.426938694,-144.305099,30U,0.014,-0.143,0.0,0.0016799248621449103,-0.02712253905970813,-0.5145746009803073
1435671161357588,51.7596724224,-1.2624212503,143.941254,5735737.205060237,619919.1650126703,-143.941254,30U,0.015,-0.179,0.004,0.002095393519737128,-0.02662404579820222,-0.5143071560754605
1435671161449079,51.7597006391,-1.2623806492,143.594681,5735740.409696342,619921.8921352545,-143.594681,30U,0.013,-0.219,0.01,0.002615751899592882,-0.0258771635799364,-0.5140981234538297
1435671161540570,51.7597286054,-1.2623402185,143.271652,5735743.586207725,619924.6081584851,-143.271652,30U,0.008,-0.264,0.014,0.003163699999205203,-0.024749500000715043,-0.5136738071794617
1435671161644792,51.759756315,-1.2622999297,142.970688,5735746.733940625,619927.3150659121,-142.970688,30U,0.002,-0.316,0.021,0.004268869129255031,-0.023404465581863935,-0.5130603019597277
1435671161751372,51.7597838897,-1.2622597899,142.676376,5735749.8664282905,619930.0120448718,-142.676376,30U,-0.0,-0.358,0.027,0.005649341242073397,-0.021820630699588187,-0.512507725585533
1435671161857967,51.7598113859,-1.2622197865,142.384628,5735752.989963462,619932.6998154781,-142.384628,30U,0.001,-0.359,0.017,0.0074315199621776415,-0.020710019955816547,-0.5120310627277781
1435671161963804,51.7598389827,-1.2621798817,142.0728,5735756.124525343,619935.3805117173,-142.0728,30U,0.004,-0.317,0.005,0.008900291645103869,-0.020660520341288183,-0.5117109234530204
1435671162062321,51.7598667092,-1.262140058,141.739456,5735759.273378809,619938.0552641395,-141.739456,30U,0.005,-0.243,-0.003,0.01003676891539098,-0.020821764052055578,-0.5113243964158073
1435671162160399,51.7598945321,-1.262100296,141.388824,5735762.432852583,619940.7254997699,-141.388824,30U,0.014,-0.159,-0.008,0.010297762856429615,-0.020757458378386214,-0.510979965074307
1435671162251881,51.7599224371,-1.2620606306,141.025909,5735765.60129901,619943.3888480576,-141.025909,30U,0.024,-0.077,-0.01,0.009947899785006997,-0.020724316930340006,-0.5109283472077706
1435671162343364,51.7599503837,-1.26202106,140.656708,5735768.774217183,619946.0455405518,-140.656708,30U,0.02,-0.004,-0.006,0.009606123495960635,-0.020805953901505254,-0.5108547605957056
1435671162448144,51.7599782805,-1.2619815946,140.302841,5735771.941425725,619948.6951017958,-140.302841,30U,0.018,0.04,-0.003,0.009603240555866201,-0.020542349209705022,-0.5107308269506736
1435671162554823,51.7600060605,-1.2619422652,139.970627,5735775.095423141,619951.3355838914,-139.970627,30U,0.018,0.024,-0.008,0.009726099999612712,-0.020147300000280588,-0.5107649071799086
1435671162661466,51.7600336768,-1.261903072,139.659088,5735778.230993508,619953.9670973823,-139.659088,30U,0.02,0.001,-0.011,0.009735501109163493,-0.020045036077007458,-0.5107096808521251
1435671162766199,51.7600612073,-1.2618640139,139.354538,5735781.356801597,619956.5895117503,-139.354538,30U,0.02,0.012,-0.008,0.009606877441545581,-0.02045857428700057,-0.5106670404688235
1435671162857562,51.7600886824,-1.261825078,139.051483,5735784.476249286,619959.2036366748,-139.051483,30U,0.017,0.021,-0.002,0.00952368989369292,-0.020279336842510348,-0.5107038494243509
1435671162948926,51.7601161508,-1.2617862577,138.729721,5735787.594763165,619961.8097985572,-138.729721,30U,0.015,0.012,-0.011,0.009619219148142635,-0.020090952921535236,-0.510599951640769
1435671163046941,51.760143612,-1.2617475645,138.388214,5735790.712268702,619964.4072051304,-138.388214,30U,0.019,0.006,-0.009,0.00964592243088008,-0.020462188870862763,-0.5106226393607206
1435671163145400,51.7601710484,-1.2617089723,138.029755,5735793.826851586,619966.9977042108,-138.029755,30U,0.017,0.016,-0.004,0.009565868529196922,-0.02041428191814606,-0.5106466213225976
1435671163251291,51.7601984653,-1.2616705001,137.659805,5735796.939069943,619969.5799705879,-137.659805,30U,0.016,0.017,-0.007,0.009561049423804755,-0.02028751121598044,-0.5105672404268554
1435671163357953,51.7602258372,-1.2616321585,137.283737,5735800.04607056,619972.1533403797,-137.283737,30U,0.017,0.007,-0.008,0.00957824835902083,-0.020322570831489143,-0.5106001910458372
1435671163464740,51.7602531597,-1.2615939462,136.915985,5735803.147366259,619974.717914986,-136.915985,30U,0.016,0.012,-0.008,0.009614991002508547,-0.020454962942469464,-0.5105987932186207
1435671163569109,51.760280432,-1.2615558623,136.563126,5735806.242869535,619977.2737586616,-136.563126,30U,0.018,0.016,-0.005,0.009610300000792814,-0.020352400000662234,-0.5105417071796873
1435671163660423,51.7603076258,-1.2615178909,136.229416,5735809.329459396,619979.8220437025,-136.229416,30U,0.017,0.01,-0.009,0.009556939318278636,-0.02029442925433106,-0.510566444945925
1435671163751737,51.7603347503,-1.2614800494,135.908859,5735812.408130301,619982.3615449858,-135.908859,30U,0.015,0.01,-0.008,0.009594959574194737,-0.020417852835615702,-0.5105319763756954
1435671163850030,51.7603618108,-1.2614423376,135.600906,5735815.479471961,619984.8922622921,-135.600906,30U,0.017,0.014,-0.006,0.009623919105142757,-0.020384603325508854,-0.5105130573137817
1435671163948548,51.7603888031,-1.2614047586,135.293091,5735818.543012191,619987.4139928557,-135.293091,30U,0.017,0.012,-0.008,0.009598640426463304,-0.0203202393176999,-0.5105251134757866
1435671164054706,51.7604157236,-1.2613673113,134.981537,5735821.59835245,619989.9268221591,-134.981537,30U,0.017,0.01,-0.008,0.009567487632746756,-0.020381796673756027,-0.510490011214903
1435671164160859,51.7604425597,-1.2613299732,134.663864,5735824.644128538,619992.4323363404,-134.663864,30U,0.016,0.012,-0.007,0.009580482047105494,-0.020408192110084013,-0.5104956943717213
1435671164259308,51.7604693302,-1.2612927636,134.338287,5735827.68239937,619994.9291537087,-134.338287,30U,0.015,0.013,-0.007,0.009591691001856749,-0.020332947164703425,-0.5104862168446745
1435671164357761,51.7604960342,-1.2612556862,134.003586,5735830.713058758,619997.4170213445,-134.003586,30U,0.017,0.01,-0.008,0.009604935949502966,-0.02035677194048274,-0.5104720516843975
1435671164456305,51.76052268,-1.2612187401,133.657944,5735833.737031184,619999.8959793777,-133.657944,30U,0.016,0.012,-0.008,0.009591934840061217,-0.020395691002566375,-0.5104939483164123
1435671164554849,51.760549271,-1.2611819216,133.302582,5735836.754700823,620002.3662741492,-133.302582,30U,0.015,0.013,-0.008,0.009639899999508476,-0.020361599999413973,-0.5104616071803679
1435671164653219,51.7605757876,-1.2611452137,132.938187,5735839.76391599,620004.8291308065,-132.938187,30U,0.016,0.012,-0.009,0.009630422474207053,-0.020351298891635772,-0.5104443292114073
1435671164751589,51.7606022442,-1.2611086386,132.563553,5735842.766241516,620007.2829791976,-132.563553,30U,0.015,0.012,-0.009,0.009611539317206753,-0.020399605629470942,-0.5104385078472015
1435671164850042,51.7606286419,-1.2610721934,132.182587,5735845.761804484,620009.7280165564,-132.182587,30U,0.015,0.013,-0.008,0.009602441577295893,-0.020380305586616167,-0.510386733688176
1435671164948498,51.7606549745,-1.2610358801,131.79776,5735848.749912112,620012.1641213343,-131.79776,30U,0.015,0.012,-0.009,0.009602338217152262,-0.02035219891080714,-0.5103766617822713
1435671165054707,51.7606812403,-1.2609996995,131.410278,5735851.7303740205,620014.591242858,-131.410278,30U,0.014,0.011,-0.009,0.00961322584282559,-0.02038393820845619,-0.5103515595301992
1435671165160916,51.7607074228,-1.2609636312,131.021027,5735854.701388859,620017.010832686,-131.021027,30U,0.014,0.012,-0.008,0.00959767752656965,-0.020385488741510367,-0.5103322808955529
1435671165259375,51.7607335381,-1.2609276956,130.630722,5735857.664713468,620019.4214403769,-130.630722,30U,0.014,0.012,-0.009,0.00958454831519679,-0.02035686852874887,-0.5103476910026762
1435671165357614,51.7607595817,-1.2608918932,130.241211,5735860.619846585,620021.8230433865,-130.241211,30U,0.013,0.011,-0.009,0.009605924734374757,-0.020380598890942295,-0.510328725841381
1435671165449045,51.7607855447,-1.2608562236,129.864288,5735863.565799115,620024.2156929495,-129.864288,30U,0.014,0.012,-0.008,0.009616851684061463,-0.020384792079376796,-0.5103219584162181
1435671165540475,51.7608114281,-1.2608206862,129.502716,5735866.50268324,620026.5994278481,-129.502716,30U,0.014,0.012,-0.008,0.00959980000052905,-0.020356800000141125,-0.5103055071800536
1435671165644747,51.7608372152,-1.2607852593,129.155411,5735869.428677515,620028.9757898857,-129.155411,30U,0.014,0.011,-0.009,0.00957691010687291,-0.020369560681751765,-0.5102790393177976
1435671165751396,51.7608629274,-1.2607499608,128.812256,5735872.346132285,620031.3434870822,-128.812256,30U,0.013,0.012,-0.008,0.009576321365428313,-0.020375977526118392,-0.5102745651592788
1435671165857993,51.7608885709,-1.2607147899,128.470139,5735875.255738331,620033.7025582304,-128.470139,30U,0.012,0.012,-0.008,0.009613614627133777,-0.020374210106234057,-0.510233250533313
1435671165963824,51.7609141483,-1.2606797534,128.115311,5735878.157773587,620036.0525272008,-128.115311,30U,0.013,0.011,-0.009,0.00960841455476314,-0.020375983168767865,-0.5102178989104278
1435671166062279,51.7609396557,-1.2606448537,127.746498,5735881.051800382,620038.3932387468,-127.746498,30U,0.011,0.012,-0.009,0.009572006736984455,-0.020378906738381955,-0.5102156797434826
1435671166160299,51.7609650663,-1.2606100703,127.366135,5735883.934872118,620040.7261786504,-127.366135,30U,0.01,0.012,-0.009,0.00960656746234378,-0.020354039316870135,-0.5101681842643543
1435671166251778,51.7609903821,-1.2605754347,126.977455,5735886.807159345,620043.0491678772,-126.977455,30U,0.012,0.011,-0.009,0.009624834797370805,-0.020361338208752817,-0.5101970516838057
1435671166343257,51.7610155842,-1.2605409533,126.584465,5735889.666549716,620045.361814942,-126.584465,30U,0.012,0.012,-0.009,0.009578564050685273,-0.02037333031891938,-0.510187952793723
1435671166448052,51.761040684,-1.260506609,126.200035,5735892.514339116,620047.6652696797,-126.200035,30U,0.011,0.012,-0.009,0.00958721356386428,-0.02034624831718755,-0.5101697899009436
1435671166554749,51.7610656914,-1.2604723961,125.82814,5735895.351637855,620049.9598992065,-125.82814,30U,0.01,0.012,-0.01,0.009587600000704624,-0.020360400000032093,-0.5101775071796639
1435671166661307,51.7610906053,-1.2604382887,125.468521,5735898.17836623,620052.2474937774,-125.468521,30U,0.011,0.012,-0.009,0.009621675266223161,-0.020380722474215972,-0.5101420055857021
1435671166765981,51.7611154818,-1.2604042937,125.112938,5735901.0007515475,620054.5274284426,-125.112938,30U,0.012,0.013,-0.01,0.009570167420006912,-0.020353623581187637,-0.5101349606828588
1435671166857464,51.7611403294,-1.2603704102,124.758789,5735903.819740536,620056.7997427805,-124.758789,30U,0.01,0.012,-0.01,0.009591901108082763,-0.020354015735726608,-0.510108617953729
1435671166948948,51.7611650989,-1.2603366621,124.393654,5735906.629822481,620059.0629180409,-124.393654,30U,0.011,0.013,-0.01,0.009577544181499503,-0.02036946640604689,-0.5100782033592368
1435671167046968,51.7611897682,-1.2603030582,124.016251,5735909.428525229,620061.3164056137,-124.016251,30U,0.01,0.013,-0.009,0.009594623582605766,-0.020361789892981916,-0.5100820235812821
1435671167145423,51.7612142901,-1.260269585,123.62867,5735912.210622047,620063.5612623559,-123.62867,30U,0.01,0.013,-0.009,0.009615819147275984,-0.02034756852786699,-0.5100630202129843
1435671167251253,51.7612386377,-1.2602362763,123.233711,5735914.973065829,620065.7952272097,-123.233711,30U,0.009,0.014,-0.009,0.00959633253745082,-0.02036508204646343,-0.5100587775270122
1435671167357851,51.7612627707,-1.2602031433,122.834808,5735917.7113565,620068.0176342551,-122.834808,30U,0.009,0.014,-0.008,0.009617324732865936,-0.020353085372260875,-0.5100649775264365
1435671167464605,51.7612867845,-1.2601701515,122.443138,5735920.436159936,620070.230611199,-122.443138,30U,0.01,0.014,-0.008,0.009555517831378691,-0.02035459664064287,-0.5100538067193467
1435671167568964,51.76131072,-1.2601372881,122.06208,5735923.152045535,620072.4349328579,-122.06208,30U,0.009,0.014,-0.008,0.009577799999643956,-0.020346100000853042,-0.5100463071791773
1435671167660386,51.761334603,-1.2601045184,121.691536,5735925.861939538,620074.6329253691,-121.691536,30U,0.009,0.014,-0.009,0.009588870832528866,-0.020374857312717938,-0.5100169786350108
1435671167751807,51.7613585504,-1.2600718358,121.324448,5735928.5788528295,620076.8247340304,-121.324448,30U,0.009,0.015,-0.008,0.009639616844271948,-0.02036112358212404,-0.5100110876339132
1435671167850022,51.7613825611,-1.2600392448,120.958458,5735931.302655664,620079.0100512266,-120.958458,30U,0.01,0.015,-0.008,0.009618052793472746,-0.020323432579080668,-0.5099812876326827
1435671167948456,51.7614064804,-1.2600067939,120.583061,5735934.0160645535,620081.1859405739,-120.583061,30U,0.01,0.014,-0.009,0.009544350389283696,-0.020334940566328653,-0.5099666684756152
1435671168054610,51.7614302575,-1.259974494,120.197205,5735936.713412256,620083.3517847162,-120.197205,30U,0.008,0.015,-0.008,0.009547047207466694,-0.020354008998755696,-0.5099673269516901
1435671168160764,51.761453821,-1.2599423377,119.802444,5735939.386770807,620085.5082838045,-119.802444,30U,0.008,0.016,-0.007,0.00960623599115757,-0.020338842686203798,-0.5099480191037229
1435671168259212,51.7614771084,-1.2599103698,119.401283,5735942.029116027,620087.6525122032,-119.401283,30U,0.009,0.015,-0.008,0.009624853901744798,-0.02032767641871539,-0.5099616505754759
1435671168357663,51.7615000528,-1.2598786053,118.996689,5735944.632983497,620089.7836123871,-118.996689,30U,0.009,0.016,-0.007,0.00959231910396664,-0.020350348315511968,-0.5099457359495165
1435671168456190,51.7615228646,-1.2598469831,118.598015,5735947.221871628,620091.9052424512,-118.598015,30U,0.008,0.017,-0.007,0.009575235917241227,-0.02033241007802337,-0.5099367808780547
1435671168554717,51.7615456242,-1.2598154823,118.208344,5735949.80475581,620094.0186313248,-118.208344,30U,0.008,0.017,-0.008,0.009604499999417074,-0.020329700000574047,-0.5099325071793273
1435671168653164,51.7615683923,-1.2597840634,117.827423,5735952.38845131,620096.126343732,-117.827423,30U,0.009,0.017,-0.007,0.0096006707889261,-0.02033553820895244,-0.509905294370404
1435671168751612,51.7615913602,-1.2597527035,117.449371,5735954.994269604,620098.2294522777,-117.449371,30U,0.009,0.018,-0.008,0.009588214583494127,-0.020334351685257716,-0.5098975359490372
1435671168850008,51.7616145091,-1.259721408,117.072227,5735957.620111115,620100.3276341906,-117.072227,30U,0.008,0.018,-0.009,0.009568625842237126,-0.020316758422567752,-0.5098823808956042
1435671168948403,51.7616375523,-1.2596902522,116.68705,5735960.23396897,620102.4164540822,-116.68705,30U,0.007,0.017,-0.009,0.009595634850808981,-0.020321476434998986,-0.5098565325746183
1435671169054607,51.7616604076,-1.2596592583,116.292946,5735962.826665434,620104.4945981788,-116.292946,30U,0.007,0.018,-0.009,0.009610129211598862,-0.020335516844377063,-0.509857996631844
1435671169160815,51.7616829752,-1.2596284276,115.891335,5735965.387099958,620106.5622416824,-115.891335,30U,0.007,0.018,-0.008,0.009592396631492014,-0.02030999100264092,-0.5098440651606817
1435671169259274,51.761705153,-1.2595978061,115.484238,5735967.903842601,620108.6164813035,-115.484238,30U,0.007,0.018,-0.009,0.009590226951612334,-0.020310912367189033,-0.5098371516846218
1435671169357515,51.7617268478,-1.2595674142,115.074287,5735970.366495314,620110.6561567361,-115.074287,30U,0.006,0.019,-0.01,0.00960304383806088,-0.02032811910402687,-0.509842620213066
1435671169448981,51.7617483998,-1.2595371663,114.669281,5735972.813031462,620112.6862721365,-114.669281,30U,0.006,0.019,-0.009,0.00960205504969843,-0.02031431683260792,-0.5098300449499992
1435671169540447,51.7617699331,-1.2595070335,114.271599,5735975.257299339,620114.7084924569,-114.271599,30U,0.007,0.019,-0.01,0.009602600000832098,-0.020307000000485853,-0.5098270071800014
1435671169644636,51.7617915456,-1.2594769684,113.881142,5735977.710264105,620116.725828791,-113.881142,30U,0.007,0.019,-0.01,0.009583948316378516,-0.02032147641754569,-0.5098029561624272
1435671169751180,51.7618135082,-1.2594469298,113.492905,5735980.202119417,620118.7404051782,-113.492905,30U,0.006,0.02,-0.009,0.009589971897922095,-0.020310046055561515,-0.5097877033688109
1435671169857900,51.7618357824,-1.2594169293,113.105202,5735982.728564719,620120.7515232842,-113.105202,30U,0.006,0.02,-0.01,0.00959379889184492,-0.02029915168419063,-0.509764746054831
1435671169963845,51.7618579376,-1.2593870722,112.710762,5735985.241541112,620122.7530596175,-112.710762,30U,0.006,0.02,-0.01,0.009597152772386087,-0.020319634850838743,-0.5097397808913905
1435671170062243,51.7618798586,-1.2593573865,112.308762,5735987.72819149,620124.7433878065,-112.308762,30U,0.006,0.021,-0.009,0.00958928652457813,-0.02030767526662812,-0.509739835949547
1435671170160209,51.7619014167,-1.2593278799,111.900459,5735990.174190905,620126.7223181778,-111.900459,30U,0.005,0.021,-0.01,0.009594141578516902,-0.020300951684136113,-0.5097316741581555
1435671170251686,51.7619224704,-1.2592986046,111.487633,5735992.563717651,620128.686624258,-111.487633,30U,0.006,0.021,-0.009,0.009619535948091151,-0.020312934840763613,-0.50973430673775
1435671170343163,51.7619429015,-1.2592695877,111.071915,5735994.883582483,620130.6347498252,-111.071915,30U,0.007,0.023,-0.009,0.009587487632916721,-0.02031054268725484,-0.509731919104644
1435671170448022,51.7619631833,-1.2592407157,110.655533,5735997.1866063075,620132.5732708271,-110.655533,30U,0.007,0.022,-0.009,0.009580971880741385,-0.02030111910833527,-0.509727093267517
1435671170554793,51.7619834848,-1.2592119475,110.239685,5735999.491650692,620134.5045748374,-110.239685,30U,0.006,0.023,-0.009,0.009586499999962236,-0.020306199999152605,-0.5097190071797817
1435671170661412,51.762003949,-1.2591832285,109.824921,5736001.814708077,620136.4320500052,-109.824921,30U,0.006,0.024,-0.009,0.009597449424253718,-0.020307342687157837,-0.5097037494241944
1435671170766117,51.7620249397,-1.2591544976,109.410934,5736004.196335984,620138.3589468267,-109.410934,30U,0.006,0.024,-0.009,0.009596477527187772,-0.020296174157722717,-0.5096868752668268
1435671170857424,51.7620464307,-1.2591257636,108.99778,5736006.63360631,620140.2847275285,-108.99778,30U,0.006,0.024,-0.01,0.0095971674209345,-0.020298289892965872,-0.5096654168450993
1435671170948733,51.7620679105,-1.2590971464,108.58448,5736009.069439484,620142.2024760984,-108.58448,30U,0.007,0.025,-0.01,0.009600096631452731,-0.0203032393168573,-0.5096453617902633
1435671171046912,51.7620893281,-1.2590686588,108.170914,5736011.498142885,620144.1114446649,-108.170914,30U,0.007,0.024,-0.01,0.009587464051773197,-0.020279175266909515,-0.509652964051786
1435671171145551,51.7621106692,-1.2590402837,107.757126,5736013.918154422,620146.0128512227,-107.757126,30U,0.006,0.024,-0.011,0.009595621364649852,-0.020286899999931066,-0.5096353359488335
1435671171251343,51.7621319473,-1.2590120372,107.343071,5736016.330948852,620147.9055489505,-107.343071,30U,0.007,0.025,-0.01,0.00961336852872793,-0.020301180894736117,-0.5096441663112843
1435671171357880,51.7621531632,-1.2589839205,106.928635,5736018.736613149,620149.7894529356,-106.928635,30U,0.008,0.026,-0.01,0.009599841577762492,-0.020293497738948015,-0.5096697898932039
1435671171464616,51.7621743162,-1.2589559325,106.513847,5736021.135071271,620151.6646409653,-106.513847,30U,0.008,0.026,-0.01,0.009577004476825569,-0.02028417189672122,-0.5096587067382945
1435671171568951,51.762195406,-1.2589280729,106.098923,5736023.526290341,620153.5311345586,-106.098923,30U,0.008,0.027,-0.011,0.00960060000011697,-0.020291899999973554,-0.5096712071790962
1435671171660327,51.7622164192,-1.258900325,105.68425,5736025.9088077,620155.3901217185,-105.68425,30U,0.008,0.027,-0.011,0.009598751684221803,-0.02028938874170597,-0.5096602595315499
1435671171751703,51.7622373688,-1.2588727076,105.268921,5736028.284038042,620157.2402706333,-105.268921,30U,0.008,0.027,-0.011,0.009611761790835848,-0.020270955054111948,-0.5096446550540894
1435671171849980,51.762258255,-1.2588452193,104.853447,5736030.652005911,620159.0816773999,-104.853447,30U,0.008,0.027,-0.01,0.009572760682569403,-0.02028621347466979,-0.5096403775261094
1435671171948479,51.7622790784,-1.2588178594,104.437584,5736033.01277917,620160.9143887506,-104.437584,30U,0.008,0.029,-0.011,0.009605561791411477,-0.020294432579183286,-0.5096199752659442
1435671172054692,51.76229984,-1.2587906294,104.021126,5736035.366466545,620162.7382985415,-104.021126,30U,0.01,0.03,-0.01,0.009607086525008652,-0.020280304477482265,-0.5096167797862499
1435671172160899,51.7623205248,-1.258763514,103.604195,5736037.711425141,620164.5545024152,-103.604195,30U,0.01,0.029,-0.011,0.009585652792708708,-0.020280998891631756,-0.5096258359489272
1435671172259292,51.7623411457,-1.2587365273,103.186935,5736040.049066277,620166.3619931533,-103.186935,30U,0.011,0.031,-0.01,0.009593650575510414,-0.020300884263812435,-0.5096156674198498
1435671172357687,51.7623617034,-1.2587096696,102.769142,5736042.379467296,620168.160748215,-102.769142,30U,0.013,0.032,-0.009,0.009604825841916445,-0.02027913594813213,-0.509630673048664
1435671172456158,51.7623821966,-1.2586829421,102.350899,5736044.702481641,620169.9506882667,-102.350899,30U,0.014,0.032,-0.01,0.009610510107018829,-0.020287370788534157,-0.5096282325792055
1435671172554629,51.7624026248,-1.258656344,101.932457,5736047.018055018,620171.7318698587,-101.932457,30U,0.015,0.033,-0.009,0.009587699999344116,-0.020294499999506957,-0.5096203071804439
1435671172653026,51.7624229739,-1.2586298602,101.514244,5736049.324644288,620173.5053724466,-101.514244,30U,0.016,0.034,-0.009,0.00958897752625137,-0.020293365160247375,-0.5096256595310465
1435671172751423,51.7624432579,-1.2586035062,101.095055,5736051.623780791,620175.2700892797,-101.095055,30U,0.016,0.034,-0.01,0.00960096068287887,-0.020277580894675185,-0.5095991527933268
1435671172849928,51.762463476,-1.2585772826,100.675529,5736053.915374565,620177.0259810999,-100.675529,30U,0.016,0.034,-0.009,0.00961174157817778,-0.02028388089622971,-0.5095850325805139
1435671172948436,51.7624836288,-1.2585511895,100.255562,5736056.199492158,620178.7730394328,-100.255562,30U,0.017,0.035,-0.01,0.0095951359484423,-0.020283535949356342,-0.509588100000165
1435671173054630,51.7625037156,-1.2585252256,99.835098,5736058.476057859,620180.5113558649,-99.835098,30U,0.016,0.034,-0.01,0.009601930319743436,-0.020276491002879826,-0.5095745235813325
1435671173160823,51.7625237225,-1.2584993766,99.414162,5736060.743549454,620182.2419541134,-99.414162,30U,0.018,0.035,-0.009,0.009595075308722768,-0.02027705394486742,-0.5095831078890107
1435671173259312,51.7625436621,-1.2584736567,98.992645,5736063.003344734,620183.9638208557,-98.992645,30U,0.017,0.036,-0.009,0.009601152793014966,-0.020287208998257825,-0.5095863910016868
1435671173357579,51.762563535,-1.258448067,98.570526,5736065.2555086035,620185.6768786111,-98.570526,30U,0.019,0.037,-0.008,0.009678056204356003,-0.020270642687299733,-0.5095851000008377
1435671173448972,51.7625833405,-1.258422609,98.147713,5736067.499960735,620187.3810257482,-98.147713,30U,0.021,0.037,-0.008,0.009631601109013559,-0.020262619105041024,-0.5095828134746552
1435671173540364,51.7626030762,-1.2583972837,97.724525,5736069.736432576,620189.0761996583,-97.724525,30U,0.022,0.038,-0.008,0.009579199999795479,-0.020262399999897387,-0.5095831071804071
1435671173644547,51.762622726,-1.2583720722,97.301163,5736071.963164841,620190.763747328,-97.301163,30U,0.02,0.039,-0.008,0.009550634883587813,-0.020245910106435262,-0.509565058421689
1435671173751098,51.7626423082,-1.2583469881,96.876549,5736074.182170186,620192.4426816955,-96.876549,30U,0.02,0.039,-0.007,0.009631612366387234,-0.020245041578239593,-0.5095488101062299
1435671173857952,51.7626618194,-1.2583220377,96.451416,5736076.393060118,620194.112577077,-96.451416,30U,0.023,0.039,-0.008,0.009687522474029082,-0.02025361573508282,-0.509544620212977
1435671173964027,51.762681255,-1.2582972203,96.025375,5736078.595324229,620195.773494014,-96.025375,30U,0.019,0.024,0.002,0.009565726907945429,-0.02006920315374099,-0.5094036077183629
1435671174062490,51.7627005947,-1.2582725426,95.597466,5736080.786693986,620197.4250241094,-95.597466,30U,0.022,-0.014,0.011,0.009538446055615928,-0.01940815807813726,-0.5092185382090533
1435671174160507,51.762719815,-1.2582479998,95.168633,5736082.964563932,620199.0675610324,-95.168633,30U,0.022,-0.055,0.007,0.009528998892062174,-0.018832297568333628,-0.5093567348836999
1435671174251843,51.762738927,-1.2582235995,94.739693,5736085.130155926,620200.7005508823,-94.739693,30U,0.017,-0.094,0.001,0.009535056161950975,-0.01845556051050075,-0.5092010941999396
1435671174343179,51.7627579347,-1.2581993458,94.310585,5736087.283908027,620202.323700137,-94.310585,30U,0.022,-0.129,-0.003,0.009411463966152623,-0.018241676332570997,-0.5089008639657725
1435671174447951,51.7627768413,-1.2581752433,93.880676,5736089.426168502,620203.9366828977,-93.880676,30U,0.023,-0.161,-0.0,0.009235481874876638,-0.018069631384692256,-0.508833983112897
1435671174554642,51.7627956403,-1.2581512833,93.449982,5736091.556228839,620205.5401167999,-93.449982,30U,0.019,-0.193,-0.001,0.009008000000805547,-0.017851500000387654,-0.508639107179715
1435671174661370,51.7628143075,-1.2581274509,93.01873,5736093.671422393,620207.1350943319,-93.01873,30U,0.019,-0.241,0.005,0.008759544817527175,-0.017484350189724954,-0.5082320222583087
1435671174766170,51.7628328534,-1.2581037774,92.585403,5736095.772865235,620208.7194277594,-92.585403,30U,0.02,-0.318,0.012,0.008525242558022447,-0.016471800550065134,-0.5078711897209788
1435671174857475,51.7628512467,-1.25808027,92.151024,5736097.857064722,620210.2927034192,-92.151024,30U,0.016,-0.409,0.011,0.008245424603955876,-0.015263466861469585,-0.507485500893847
1435671174948780,51.7628694784,-1.2580569296,91.71627,5736099.923018505,620211.8548831425,-91.71627,30U,0.012,-0.508,0.006,0.008183244989152197,-0.014332098504960613,-0.5068949715967933
1435671175046925,51.7628875429,-1.2580337639,91.281128,5736101.970091126,620213.405450497,-91.281128,30U,0.012,-0.615,0.003,0.00833485505317125,-0.01371533905949515,-0.5062547805947384
1435671175145526,51.7629054192,-1.2580107539,90.845116,5736103.9959785575,620214.9457724029,-90.845116,30U,0.01,-0.727,0.006,0.008269850490328195,-0.013176022215172533,-0.5055329535151268
1435671175251279,51.7629231159,-1.2579879204,90.407997,5736106.001602878,620216.4743907375,-90.407997,30U,0.007,-0.841,0.004,0.008190325798654183,-0.012657920085272686,-0.5044725409766059
1435671175357784,51.7629406342,-1.2579652664,89.970596,5736107.987092578,620217.9910953309,-89.970596,30U,0.007,-0.954,-0.005,0.007928704434438737,-0.012728213690390327,-0.5031553251983867
1435671175464698,51.7629579752,-1.2579427937,89.533134,5736109.952567007,620219.4957590853,-89.533134,30U,0.004,-1.067,-0.008,0.008061399063338307,-0.013435903754904445,-0.5018050622984407
1435671175569184,51.7629751243,-1.2579204967,89.094643,5736111.896411772,620220.9888072498,-89.094643,30U,-0.004,-1.177,0.0,0.0086120999992213,-0.013786199999594115,-0.5004649071796423
1435671175660561,51.7629920575,-1.2578983558,88.654541,5736113.815990218,620222.4716561164,-88.654541,30U,0.001,-1.283,0.008,0.008817544904588408,-0.013456060468187947,-0.4985862573922628
1435671175751939,51.7630088439,-1.2578764029,88.21228,5736115.718934112,620223.9419208828,-88.21228,30U,0.015,-1.375,0.022,0.007588654488952764,-0.013044285072155277,-0.4965462901434829
1435671175850246,51.7630254669,-1.2578546451,87.767799,5736117.603385704,620225.3991557423,-87.767799,30U,0.034,-1.448,0.029,0.0029320483869434396,-0.012312053686937443,-0.49506840835498805
1435671175948776,51.7630419446,-1.2578330631,87.322113,5736119.47138964,620226.8446444361,-87.322113,30U,0.024,-1.494,0.031,-0.0004802224811989437,-0.011529877012130752,-0.49352924063357045
1435671176054854,51.7630582859,-1.2578116085,86.876144,5736121.324015439,620228.2817031869,-86.876144,30U,0.003,-1.526,0.018,-0.0018225147992996112,-0.010757690916121743,-0.4912278685216875
1435671176160924,51.7630744846,-1.2577902773,86.430954,5736123.160580202,620229.71062451,-86.430954,30U,0.011,-1.556,0.01,-0.0016513247765203515,-0.011172050919629141,-0.4892882936848598
1435671176259315,51.7630905659,-1.2577691235,85.985001,5736124.983797302,620231.1276152105,-85.985001,30U,0.035,-1.571,0.006,-0.00223403066312718,-0.011685955225499997,-0.48810648818408053
1435671176357714,51.7631065433,-1.2577481326,85.538925,5736126.795191916,620232.5336400159,-85.538925,30U,0.032,-1.576,-0.002,-0.0038002440589936294,-0.011506315435493302,-0.48642593487599584
1435671176456320,51.7631224178,-1.257727272,85.093437,5736128.594928988,620233.9309458496,-85.093437,30U,0.028,-1.574,-0.025,-0.006415404269280805,-0.011164211429463947,-0.48387947184783014
1435671176554926,51.7631381677,-1.2577065659,84.649643,5736130.380555436,620235.3179204714,-84.649643,30U,0.031,-1.575,-0.034,-0.007441199999777502,-0.012340900000122217,-0.48174080717930917
1435671176653412,51.7631537529,-1.257685986,84.20433,5736132.147658533,620236.6966232843,-84.20433,30U,0.019,-1.57,-0.026,-0.006347109162149806,-0.013310331814682264,-0.4793881234031992
1435671176751897,51.7631692743,-1.2576655391,83.758553,5736133.907447779,620238.0663169881,-83.758553,30U,0.032,-1.58,-0.025,-0.004271428352661121,-0.013930683283884011,-0.47652055367997925
1435671176850304,51.7631846595,-1.2576452767,83.309959,5736135.651786921,620239.4236402229,-83.309959,30U,0.054,-1.607,0.003,-0.0040938230737648535,-0.013289145411245292,-0.4735989355132908
1435671176948707,51.7631998979,-1.2576251919,82.859299,5736137.379508536,620240.7690973135,-82.859299,30U,0.055,-1.644,0.002,-0.00557270622921006,-0.011792790316182413,-0.46941331439882034
1435671177054842,51.7632149772,-1.257605266,82.407974,5736139.089275606,620242.1040113571,-82.407974,30U,0.052,-1.695,0.009,-0.006555376545915401,-0.010454261147860532,-0.4637095331591326
1435671177160973,51.763229875,-1.2575855085,81.954102,5736140.7785814395,620243.4277863541,-81.954102,30U,0.069,-1.755,0.037,-0.006169323152664167,-0.008846930569890608,-0.45816773444030195
1435671177259329,51.7632446004,-1.2575659345,81.497749,5736142.448413106,620244.739356183,-81.497749,30U,0.068,-1.811,0.042,-0.00425856502474651,-0.006800449459126991,-0.45193965613972625
1435671177357468,51.7632591664,-1.2575465528,81.04126,5736144.100201768,620246.038079086,-81.04126,30U,0.104,-1.858,0.02,-0.0025885966306843796,-0.004401623788754223,-0.4446346706808159
1435671177448944,51.7632735898,-1.2575273983,80.586746,5736145.735758137,620247.3215021885,-80.586746,30U,0.135,-1.908,0.002,-0.0039399372784247825,-0.0025414687789831305,-0.4373290176317214
1435671177540418,51.7632878106,-1.2575084441,80.132957,5736147.348454175,620248.5916411774,-80.132957,30U,0.132,-1.958,-0.008,-0.006387199999895989,-0.0009150000007946427,-0.42848120718026833
1435671177644743,51.7633017694,-1.2574896674,79.678276,5736148.931721809,620249.8502272334,-79.678276,30U,0.143,-2.014,0.011,-0.00689266405058383,0.0004888479367595432,-0.41806537357137685
1435671177751447,51.7633156428,-1.2574710856,79.221619,5736150.505171379,620251.0955904257,-79.221619,30U,0.183,-2.068,0.015,-0.006867644989630611,0.002066300643888927,-0.40780591532165034
1435671177858094,51.7633293274,-1.2574527467,78.765083,5736152.057224991,620252.3246933278,-78.765083,30U,0.215,-2.12,-0.002,-0.006694738337793576,0.0026463179956453865,-0.3971025506687622
1435671177963974,51.7633428186,-1.257434628,78.309311,5736153.587408514,620253.5391145962,-78.309311,30U,0.234,-2.176,-0.003,-0.0077358161642394185,0.0026015878057120277,-0.38471139816968686
1435671178062459,51.7633561232,-1.2574167338,77.852196,5736155.096471049,620254.7385394737,-77.852196,30U,0.265,-2.233,0.005,-0.0072699769693314285,0.003392585845797195,-0.3712118866110145
1435671178160500,51.763369227,-1.2573990568,77.39566,5736156.582845492,620255.9235094563,-77.39566,30U,0.304,-2.28,-0.029,-0.006598068615397438,0.003553100808298056,-0.35728581121452185
1435671178251877,51.7633821543,-1.2573816425,76.941689,5736158.04915912,620257.0908202942,-76.941689,30U,0.358,-2.326,-0.044,-0.0065324749236466894,0.0020473677135890204,-0.34282416575404234
1435671178343254,51.7633949143,-1.2573644696,76.486984,5736159.496470139,620258.2419173631,-76.486984,30U,0.386,-2.372,-0.034,-0.006164114498509598,0.0010411065231494042,-0.3267005435300169
1435671178448035,51.763407516,-1.2573475317,76.031425,5736160.92578995,620259.3772184019,-76.031425,30U,0.432,-2.411,-0.038,-0.006339960597220927,0.00045404788661719834,-0.30929905883650033
1435671178554731,51.7634198945,-1.2573308741,75.575706,5736162.329826548,620260.4937700117,-75.575706,30U,0.491,-2.436,-0.038,-0.005061100000110637,-0.0008330999997844714,-0.29101020717927245
1435671178661345,51.7634319834,-1.2573144852,75.119263,5736163.701214949,620261.5925491394,-75.119263,30U,0.537,-2.447,-0.046,-0.003110375516565039,-0.0015014080606121799,-0.2716615544386831
1435671178766067,51.7634440649,-1.2572983109,74.663719,5736165.071426785,620262.6765389837,-74.663719,30U,0.584,-2.451,-0.06,-0.0011547979478120645,-0.002410534461241855,-0.2508737581433549
1435671178857536,51.7634559644,-1.2572824044,74.207016,5736166.420957686,620263.7425325471,-74.207016,30U,0.645,-2.453,-0.029,0.001526653314491128,-0.003643738337696085,-0.22864082615734105
1435671178949005,51.763467696,-1.2572667605,73.74556,5736167.751384227,620264.7908512081,-73.74556,30U,0.702,-2.435,0.003,0.0057463804454361955,-0.0018028736789664273,-0.20552571140098108
1435671179046989,51.7634792795,-1.2572513899,73.282654,5736169.064890634,620265.820704025,-73.282654,30U,0.758,-2.429,-0.013,0.009882118810700863,0.0012517099847402327,-0.18245741677208585
1435671179145406,51.7634906939,-1.2572362813,72.822441,5736170.359160203,620266.8329265828,-72.822441,30U,0.821,-2.41,-0.051,0.010921981195091605,0.0014186342814559484,-0.15822077224780765
1435671179251283,51.7635019599,-1.2572214548,72.36338,5736171.636461738,620267.8260769052,-72.36338,30U,0.891,-2.397,-0.04,0.010478355302992584,9.568720325636182e-05,-0.13263746734198448
1435671179357933,51.7635131029,-1.2572069302,71.899948,5736172.8995872205,620268.7987212276,-71.899948,30U,0.981,-2.378,-0.008,0.007701827072607368,-7.762818898352614e-05,-0.10732565988208488
1435671179464694,51.7635241338,-1.2571927046,71.433784,5736174.1497535715,620269.751030717,-71.433784,30U,1.046,-2.376,0.017,0.006740007288177746,4.458341297925347e-05,-0.08252174081897994
1435671179569031,51.7635349127,-1.2571787793,70.964836,5736175.371400864,620270.6832875129,-70.964836,30U,1.1,-2.372,0.03,0.006440000000623953,0.0009268000008251097,-0.05698900717904451
1435671179660280,51.7635453425,-1.2571651696,70.496651,5736176.553705717,620271.5946939567,-70.496651,30U,1.16,-2.362,-0.019,0.007579546191545258,0.0017213479725409926,-0.029915131471570967
1435671179751529,51.7635558417,-1.257151811,70.033516,5736177.743314351,620272.4885885544,-70.033516,30U,1.226,-2.359,-0.065,0.01101199728255617,-0.0008528882845348538,-0.0013019657108071505
1435671179849908,51.7635661307,-1.2571387823,69.570824,5736178.9090035,620273.3602769204,-69.570824,30U,1.316,-2.354,-0.048,0.014748650968385086,-0.004548850032496555,0.028398196424371636
1435671179948516,51.7635762407,-1.2571261154,69.104286,5736180.054190183,620274.2074749232,-69.104286,30U,1.428,-2.328,-0.024,0.016691721793952265,-0.007223997832257319,0.05847618768385891
1435671180054686,51.7635862042,-1.2571137915,68.639488,5736181.182519601,620275.0313934882,-68.639488,30U,1.494,-2.307,-0.101,0.018610752971019936,-0.010920994600608025,0.08953745800646
1435671180160845,51.7635959757,-1.2571017806,68.176735,5736182.288981325,620275.8342236964,-68.176735,30U,1.586,-2.288,-0.068,0.019976970367226697,-0.015069962313766058,0.12085978776881591
1435671180259295,51.7636056088,-1.2570901297,67.708099,5736183.379458494,620276.6125799166,-67.708099,30U,1.694,-2.239,-0.016,0.021875140004227054,-0.017660334590071543,0.15077385373782248
1435671180357746,51.7636151328,-1.2570788002,67.233971,5736184.457273101,620277.3690478512,-67.233971,30U,1.767,-2.206,0.012,0.021502265839994383,-0.0192228456765916,0.18128567676836238
1435671180456269,51.7636245597,-1.2570677801,66.757751,5736185.523779408,620278.1044236758,-66.757751,30U,1.845,-2.168,0.014,0.0211135260132692,-0.020645783798611296,0.21216878329099859
1435671180554792,51.7636337197,-1.2570571124,66.280396,5736186.560023644,620278.8161915552,-66.280396,30U,1.926,-2.125,0.012,0.022679900000370786,-0.02189580000065366,0.24234520000080567
1435671180653240,51.7636424743,-1.2570468238,65.802231,5736187.55055968,620279.5028772424,-65.802231,30U,1.999,-2.082,0.008,0.024903885122536808,-0.02335957825644736,0.27204560989943444
1435671180751689,51.7636514153,-1.2570367753,65.322319,5736188.561428684,620280.1724993269,-65.322319,30U,2.067,-2.037,0.031,0.026688602225070544,-0.02416142584261224,0.3024317417558389
1435671180850090,51.7636601531,-1.2570270612,64.838066,5736189.549149119,620280.8195862931,-64.838066,30U,2.146,-1.975,0.063,0.028473195737349282,-0.024104779701699552,0.3328434875110764
1435671180948490,51.7636687162,-1.2570176705,64.351929,5736190.516908502,620281.4448214564,-64.351929,30U,2.208,-1.903,0.041,0.029191592583500958,-0.024377902689692536,0.3625025928403265
1435671181054649,51.7636771319,-1.2570085712,63.867622,5736191.467795537,620282.0503403983,-63.867622,30U,2.251,-1.843,0.021,0.02956764149117103,-0.025588460088325417,0.39205031987689554
1435671181160809,51.7636853801,-1.2569997581,63.382786,5736192.399583543,620282.636555385,-63.382786,30U,2.306,-1.767,0.028,0.029363695823631384,-0.02650021718708471,0.42129193970366563
1435671181259246,51.7636934838,-1.2569912334,62.8955,5736193.314826632,620283.203253491,-62.8955,30U,2.354,-1.704,0.049,0.03006740545709215,-0.02681251445491251,0.4493522930047828
1435671181357468,51.763701484,-1.2569830015,62.404884,5736194.218077,620283.7500221322,-62.404884,30U,2.421,-1.645,0.063,0.02997410904075175,-0.026015036628651903,0.475812998798197
1435671181449008,51.763709407,-1.2569750685,61.913158,5736195.112249307,620284.2763704911,-61.913158,30U,2.482,-1.596,0.054,0.03039879761828379,-0.02543536942310465,0.5000479729481333
1435671181540548,51.7637169976,-1.2569674777,61.421696,5736195.968892266,620284.7799890627,-61.421696,30U,2.53,-1.566,0.035,0.03138399999932673,-0.025255500000128273,0.5224094000006697
1435671181644732,51.7637240734,-1.2569602608,60.93111,5736196.767669547,620285.2591752867,-60.93111,30U,2.58,-1.528,0.018,0.0336019568991187,-0.02537697650431669,0.5435497628353081
1435671181751257,51.7637314365,-1.2569532584,60.43993,5736197.59804267,620285.7227963276,-60.43993,30U,2.636,-1.495,0.026,0.036303614119170234,-0.02564370567232654,0.5635662833844026
1435671181857980,51.7637385507,-1.256946586,59.946014,5736198.400192277,620286.16430753,-59.946014,30U,2.696,-1.445,0.047,0.03753143233017716,-0.025565088527428958,0.5818458332308423
1435671181963932,51.7637454376,-1.2569402321,59.44894,5736199.17653939,620286.5844450408,-59.44894,30U,2.748,-1.412,0.062,0.0390589089548737,-0.02443131163754185,0.598990868750879
1435671182062389,51.7637521419,-1.256934187,58.949718,5736199.932070926,620286.9837593962,-58.949718,30U,2.8,-1.37,0.065,0.03828093355984792,-0.023430821022226784,0.6153413829486325
1435671182160405,51.7637586452,-1.2569284441,58.449654,5736200.664751567,620287.3627549439,-58.449654,30U,2.839,-1.34,0.064,0.03860057407186535,-0.022769522130371256,0.6306228599603918
1435671182251832,51.763764951,-1.2569229811,57.950008,5736201.375007315,620287.7229611832,-57.950008,30U,2.864,-1.305,0.035,0.0367500544087933,-0.022788411516451657,0.6450569899788371
1435671182343258,51.7637712389,-1.2569177553,57.450298,5736202.082881255,620288.0668471813,-57.450298,30U,2.882,-1.263,0.034,0.03686212810173492,-0.023181083456535183,0.6589454347118091
1435671182448112,51.7637787768,-1.256912513,56.950111,5736202.929790381,620288.408548889,-56.950111,30U,2.894,-1.224,0.041,0.03615765931637205,-0.023740685287114673,0.6723678086115203
1435671182554884,51.7637877765,-1.2569072092,56.447113,5736203.939362421,620288.7506084399,-56.447113,30U,2.899,-1.187,0.046,0.036883100000716165,-0.023192000000568886,0.6854277000007133
1435671182661424,51.7637983639,-1.2569018161,55.943741,5736205.125644111,620289.0946094297,-55.943741,30U,2.9,-1.143,0.031,0.037786341327386376,-0.022533024475305648,0.6978908755167554
1435671182766076,51.7638109352,-1.2568962648,55.43993,5736206.532809058,620289.4442529866,-55.43993,30U,2.895,-1.105,0.024,0.03909361603656277,-0.022278959487906775,0.7098459046414329
1435671182857503,51.7638248752,-1.2568906648,54.936275,5736208.092262502,620289.7936184818,-54.936275,30U,2.889,-1.069,0.024,0.040339645805364484,-0.022108908653747598,0.7218930080540393
1435671182948931,51.7638389544,-1.2568852522,54.429829,5736209.666886794,620290.1296823978,-54.429829,30U,2.889,-1.029,0.036,0.04117564699266073,-0.0213236549669603,0.7337174707816178
1435671183046969,51.763853071,-1.2568800444,53.922367,5736211.245332425,620290.4515146897,-53.922367,30U,2.887,-0.981,0.039,0.03926370740948448,-0.021308115693255213,0.7454641607615723
1435671183145447,51.7638672282,-1.2568750457,53.412743,5736212.827948161,620290.7588101462,-53.412743,30U,2.887,-0.93,0.055,0.03665179833395075,-0.02091291432602659,0.7572378304844176
1435671183251319,51.7638814139,-1.2568702459,52.901165,5736214.413405227,620291.0523047834,-52.901165,30U,2.874,-0.911,0.059,0.03789431326794768,-0.019211705622203222,0.7690010616548062
1435671183357957,51.7638956177,-1.2568656553,52.390137,5736216.000530082,620291.3313155221,-52.390137,30U,2.87,-0.888,0.035,0.03888303083460658,-0.017925015692743986,0.7801730997776812
1435671183464642,51.7639098575,-1.2568612746,51.880127,5736217.591312164,620291.5957464888,-51.880127,30U,2.867,-0.84,0.019,0.040732329854542365,-0.018437344395651284,0.7912666131673519
1435671183568940,51.7639241329,-1.2568570964,51.370613,5736219.185719197,620291.8461093868,-51.370613,30U,2.86,-0.803,0.017,0.04054120000007377,-0.01960839999992454,0.8019965999992725
1435671183660344,51.7639384389,-1.256853122,50.859318,5736220.783192997,620292.0823278162,-50.859318,30U,2.855,-0.759,0.029,0.039812401108517276,-0.01941231428304491,0.8111928118804583
1435671183751748,51.7639527709,-1.2568493499,50.347206,5736222.383224489,620292.3045175226,-50.347206,30U,2.837,-0.748,0.018,0.04007715539633591,-0.019113469808887954,0.8191772397683018
1435671183850042,51.7639671172,-1.2568457802,49.834892,5736223.984512396,620292.5127027199,-49.834892,30U,2.826,-0.727,0.02,0.0412032453762317,-0.019858809726817674,0.8268168349482585
1435671183948558,51.7639814997,-1.2568424113,49.321663,5736225.589494769,620292.706935612,-49.321663,30U,2.818,-0.683,0.027,0.04230489258194932,-0.02069629330602343,0.8335132344328383
1435671184054647,51.7639959207,-1.2568392428,48.805576,5736227.198428042,620292.8872376963,-48.805576,30U,2.812,-0.66,0.054,0.04154591952722247,-0.019899880251034254,0.8395498725122806
1435671184160736,51.7640103476,-1.256836276,48.289684,5736228.807684744,620293.0536059445,-48.289684,30U,2.781,-0.668,-0.003,0.04175355928011707,-0.01994107851415346,0.8457818895724284
1435671184259254,51.7640247787,-1.2568335145,47.776539,5736230.417069882,620293.2057964742,-47.776539,30U,2.773,-0.653,0.008,0.04363204687055862,-0.022081816508162152,0.8510747052575829
1435671184357770,51.7640392489,-1.2568309627,47.25898,5736232.030457298,620293.3434129099,-47.25898,30U,2.774,-0.62,0.052,0.04625002649270078,-0.02331080256085949,0.8537113604751895
1435671184456249,51.7640537373,-1.2568286225,46.737621,5736233.645519648,620293.4663797166,-46.737621,30U,2.762,-0.627,0.056,0.04864056252107833,-0.02372840605806886,0.8556106380437084
1435671184554728,51.7640682342,-1.2568264955,46.216843,5736235.261175586,620293.5746122889,-46.216843,30U,2.753,-0.615,0.033,0.0505841999992031,-0.025199599999688124,0.8572175000007741
1435671184653122,51.7640827416,-1.2568245779,45.696697,5736236.877653791,620293.668367537,-45.696697,30U,2.737,-0.604,0.025,0.0520854373578878,-0.026259415820609717,0.8577618911315882
1435671184751516,51.7640972625,-1.2568228631,45.175892,5736238.49529877,620293.7480929226,-45.175892,30U,2.72,-0.596,0.032,0.05251152605599907,-0.025791653386312428,0.8579363686146585
1435671184850050,51.7641117918,-1.2568213448,44.653183,5736240.113553761,620293.8142367355,-44.653183,30U,2.695,-0.596,0.043,0.05105660779660151,-0.023944606687596404,0.8583966520705103
1435671184948588,51.7641263344,-1.2568200103,44.129562,5736241.732984624,620293.8676623075,-44.129562,30U,2.661,-0.574,0.037,0.04770157077409083,-0.02104838139648032,0.8592142812396764
1435671185054700,51.7641408998,-1.256818846,43.605198,5736243.35467025,620293.9092828401,-43.605198,30U,2.627,-0.556,0.043,0.04172653413946694,-0.01639639077404466,0.859837182390569
1435671185160806,51.764155463,-1.256817866,43.080124,5736244.9758072235,620293.938191857,-43.080124,30U,2.591,-0.568,0.041,0.03810124967409768,-0.012012383570815195,0.8608500455053252
1435671185259260,51.764170016,-1.2568170745,42.553562,5736246.595498966,620293.9541208243,-42.553562,30U,2.565,-0.584,0.06,0.03748228251977346,-0.008761139095513727,0.8621071510480389
1435671185357494,51.7641845747,-1.2568164784,42.024406,5736248.215502271,620293.9565513642,-42.024406,30U,2.543,-0.579,0.079,0.03955660687333013,-0.005880211973083868,0.8628034777834295
1435671185448948,51.7641991436,-1.2568160797,41.493134,5736249.836314276,620293.9453335203,-41.493134,30U,2.525,-0.572,0.087,0.04140937130383694,-0.002534267026890626,0.8634697846078491
1435671185540402,51.7642137252,-1.2568158901,40.961323,5736251.458193691,620293.9196533234,-40.961323,30U,2.517,-0.573,0.072,0.0445174000000752,-0.00031760000046504393,0.8643689999992417
1435671185644790,51.7642283017,-1.2568159166,40.430946,5736253.079149501,620293.8790750823,-40.430946,30U,2.5,-0.577,0.05,0.04840147757596694,-0.0008804329660700731,0.8649101956084735
1435671185751572,51.7642428935,-1.2568161468,39.902061,5736254.701470766,620293.8244002218,-39.902061,30U,2.483,-0.554,0.032,0.05055066947363339,-0.0011864830704411318,0.8649154393175661
1435671185858093,51.7642575049,-1.2568165724,39.37495,5736256.325649369,620293.7561900497,-39.37495,30U,2.457,-0.543,-0.001,0.05088646869241542,-0.0007929335177231787,0.8649248864811199
1435671185963858,51.7642721373,-1.2568171817,38.851044,5736257.951860293,620293.6752481943,-38.851044,30U,2.424,-0.514,-0.045,0.04672366723431603,-0.0012238557393915747,0.8645403131741981
1435671186062397,51.7642867947,-1.2568179637,38.332302,5736259.580566512,620293.5823230662,-38.332302,30U,2.383,-0.497,-0.106,0.04175602113509485,-0.00420942231608754,0.8635604106564712
1435671186160488,51.764301447,-1.2568189238,37.815994,5736261.208411808,620293.4771220785,-37.815994,30U,2.346,-0.509,-0.092,0.037321173764845145,-0.008844435705500687,0.8623278263928453
1435671186251858,51.7643160885,-1.256820065,37.294785,5736262.834757356,620293.3594533876,-37.294785,30U,2.309,-0.524,-0.042,0.036214409299139244,-0.01196559100908056,0.8610476306555092
1435671186343229,51.7643307266,-1.256821388,36.768745,5736264.460424925,620293.229249031,-36.768745,30U,2.278,-0.532,0.001,0.03725043313727284,-0.013644818381805836,0.8592027619985452
1435671186447909,51.7643453643,-1.2568228961,36.239059,5736266.085742699,620293.0862733353,-36.239059,30U,2.251,-0.525,0.01,0.03801425339370215,-0.013881785544402864,0.8573792889925426
1435671186554490,51.7643600146,-1.2568245914,35.709126,5736267.712152893,620292.9303468487,-35.709126,30U,2.225,-0.511,0.001,0.03813970000008542,-0.014791799999971881,0.8552614000008709
1435671186661192,51.7643746637,-1.256826482,35.177578,5736269.338107501,620292.7609473452,-35.177578,30U,2.206,-0.519,0.041,0.037134641620753105,-0.015305149123588992,0.8528958618259507
1435671186765987,51.7643892995,-1.2568285782,34.63982,5736270.962243937,620292.5773962733,-34.63982,30U,2.184,-0.542,0.085,0.03725997339319824,-0.013225647027404135,0.8508213551326111
1435671186857433,51.764403936,-1.2568308789,34.100712,5736272.586120903,620292.3797323338,-34.100712,30U,2.166,-0.534,0.059,0.039061883076204236,-0.01166512004164972,0.8480255972607171
1435671186948879,51.7644185842,-1.2568333806,33.564602,5736274.210967449,620292.1681678077,-33.564602,30U,2.143,-0.535,0.022,0.04101753343740433,-0.011903332922528383,0.8445209713754168
1435671187046803,51.7644332351,-1.2568360862,33.030632,5736275.835777932,620291.942526526,-33.030632,30U,2.121,-0.539,0.002,0.04172179415683108,-0.013090443501667456,0.8414259222093696
1435671187145158,51.7644478894,-1.2568389908,32.497585,5736277.460638282,620291.7031447553,-32.497585,30U,2.1,-0.522,-0.008,0.040847686181939756,-0.014670238896183954,0.8382027757670067
1435671187251148,51.7644625554,-1.2568420924,31.963621,5736279.086474811,620291.4501384503,-31.963621,30U,2.078,-0.531,0.006,0.04013701504968467,-0.015944474758239555,0.8343031318438625
1435671187357923,51.7644772119,-1.256845396,31.426727,5736280.710921701,620291.1832189679,-31.426727,30U,2.057,-0.55,0.034,0.039230963114600226,-0.01682739467188606,0.8306431207560978
1435671187464564,51.7644918641,-1.2568489044,30.887262,5736282.334552606,620290.9021792891,-30.887262,30U,2.04,-0.557,0.041,0.04041161616400248,-0.017267020470052373,0.826752041777949
1435671187568820,51.7645065122,-1.2568526229,30.347116,5736283.95738103,620290.6066531825,-30.347116,30U,2.024,-0.562,0.032,0.04176350000009401,-0.018342499999673405,0.8221193999995196
1435671187660207,51.7645211466,-1.2568565523,29.806946,5736285.578338074,620290.2966109788,-29.806946,30U,2.007,-0.569,0.027,0.04294593300957128,-0.01987305339374978,0.8171025919668377
1435671187751593,51.7645357817,-1.2568606929,29.266417,5736287.199024613,620289.9719937121,-29.266417,30U,1.993,-0.574,0.03,0.04381424298672484,-0.020990456548817808,0.8121097111153837
1435671187850022,51.7645504145,-1.2568650446,28.724819,5736288.819107202,620289.6328162707,-28.724819,30U,1.98,-0.576,0.028,0.04417736533145618,-0.022164876039604837,0.8069443164438194
1435671187948678,51.7645650491,-1.2568696092,28.182674,5736290.439038818,620289.2789435664,-28.182674,30U,1.964,-0.585,0.03,0.0446086146278264,-0.02386495228479771,0.8012218365703212
1435671188054665,51.7645796804,-1.2568743862,27.639343,5736292.058253135,620288.9104236714,-27.639343,30U,1.95,-0.592,0.028,0.044318803497912215,-0.02488364776456989,0.7956025624556111
1435671188160639,51.7645943012,-1.2568793773,27.095678,5736293.675946667,620288.527158435,-27.095678,30U,1.935,-0.603,0.029,0.04488728119516674,-0.02618125463076191,0.7900061164010325
1435671188259090,51.7646089144,-1.256884581,26.550489,5736295.292444391,620288.1292436654,-26.550489,30U,1.922,-0.618,0.039,0.04595338947083917,-0.027366092710929744,0.7844077084689653
1435671188357546,51.7646235219,-1.2568900041,26.003546,5736296.9079463845,620287.7162051097,-26.003546,30U,1.918,-0.626,0.05,0.04599116503159415,-0.02848481270993708,0.7786098892783886
1435671188456171,51.7646381335,-1.256895654,25.454716,5736298.523530269,620287.2875061119,-25.454716,30U,1.914,-0.629,0.054,0.04586387931418219,-0.02866834699273009,0.7724501644592261
1435671188554795,51.7646527332,-1.2569015326,24.905256,5736300.137413611,620286.8430581152,-24.905256,30U,1.914,-0.648,0.048,0.04472120000069015,-0.02811780000012311,0.7663001000008214
1435671188653260,51.7646673099,-1.2569076534,24.354984,5736301.748339755,620286.3819591061,-24.354984,30U,1.916,-0.665,0.048,0.04401209095905955,-0.028404781195592248,0.7596379651377666
1435671188751725,51.7646818779,-1.2569140057,23.804077,5736303.357916612,620285.9049094146,-23.804077,30U,1.905,-0.685,0.053,0.04513931241671078,-0.028482482768689494,0.7523171132815802
1435671188850077,51.7646964234,-1.2569205766,23.251543,5736304.964630809,620285.4128358708,-23.251543,30U,1.893,-0.708,0.056,0.04888767621811368,-0.027096662342215146,0.7447768772053548
1435671188948425,51.7647109545,-1.2569273741,22.697523,5736306.56936993,620284.9051649385,-22.697523,30U,1.89,-0.721,0.069,0.05234173391105096,-0.026364957098717633,0.7371879896573511
1435671189054563,51.7647254838,-1.2569343996,22.141581,5736308.173532867,620284.3817665348,-22.141581,30U,1.888,-0.72,0.074,0.05372151236719273,-0.026317723624926036,0.7298504616845619
1435671189160708,51.7647400068,-1.2569416498,21.584749,5736309.776624642,620283.8428803437,-21.584749,30U,1.884,-0.72,0.072,0.05313057607506551,-0.02591864345193042,0.7225251245398919
1435671189259171,51.7647545202,-1.2569491231,21.02738,5736311.378280919,620283.2886255571,-21.02738,30U,1.874,-0.743,0.068,0.05253081778061463,-0.025420732493349495,0.7152536235176418
1435671189357418,51.7647690114,-1.2569568206,20.469368,5736312.977098685,620282.7189597789,-20.469368,30U,1.866,-0.765,0.067,0.051829121106938686,-0.02590631966288346,0.7083094921753122
1435671189448973,51.7647834876,-1.2569647458,19.910688,5736314.573872859,620282.1336223764,-19.910688,30U,1.862,-0.774,0.068,0.051790843966481946,-0.026974093476590473,0.7015649136254775
1435671189540528,51.7647979477,-1.2569728968,19.351149,5736316.168484255,620281.5327473935,-19.351149,30U,1.857,-0.786,0.06,0.05130279999993438,-0.027238400000189514,0.694860099999331
1435671189644877,51.7648123754,-1.2569812772,18.791492,5736317.759114275,620280.9161297628,-18.791492,30U,1.855,-0.797,0.07,0.050102544517167134,-0.028123651942497396,0.6881983754596928
1435671189751595,51.7648267916,-1.2569898828,18.22925,5736319.348094065,620280.2840037537,-18.22925,30U,1.848,-0.811,0.08,0.04942097952875322,-0.027881864903072668,0.6816284002364034
1435671189858260,51.764841184,-1.2569987098,17.667068,5736320.93406206,620279.6366642825,-17.667068,30U,1.833,-0.824,0.053,0.0489603671202254,-0.027796306014762562,0.6751813418572491
1435671189964139,51.7648555586,-1.2570077555,17.106846,5736322.517689956,620278.9742817215,-17.106846,30U,1.825,-0.832,0.039,0.04908960473533297,-0.02901580733918466,0.6687898441603483
1435671190062436,51.7648699172,-1.2570170209,16.545174,5736324.099176283,620278.2967822973,-16.545174,30U,1.811,-0.845,0.054,0.04915493564856621,-0.02994110929773284,0.6629557255701007
1435671190160301,51.7648842456,-1.2570264817,15.983383,5736325.676981994,620277.6058805203,-15.983383,30U,1.776,-0.841,0.031,0.04709595009670608,-0.030185928188743782,0.6586372442525804
1435671190251703,51.7648985665,-1.2570361276,15.422183,5736327.2536484655,620276.9022267873,-15.422183,30U,1.758,-0.824,0.037,0.04145964095588596,-0.029965271339191475,0.6543457324363592
1435671190343106,51.764912893,-1.2570459836,14.85867,5736328.830591275,620276.1840612356,-14.85867,30U,1.757,-0.811,0.053,0.03589731675140888,-0.02851746349357068,0.648329793497588
1435671190447904,51.7649271902,-1.2570560557,14.292944,5736330.403919429,620275.451062632,-14.292944,30U,1.723,-0.868,0.066,0.035049784908528336,-0.028116398848054284,0.6426069573413031
1435671190554616,51.7649414225,-1.2570663312,13.725429,5736331.969694934,620274.7042019409,-13.725429,30U,1.705,-0.901,0.071,0.03800839999921393,-0.027770799999966726,0.6390758999995698
1435671190661221,51.7649556271,-1.2570768366,13.157278,5736333.532010968,620273.9415517414,-13.157278,30U,1.721,-0.87,0.07,0.03970529424912637,-0.02828353390374915,0.6361173187543091
1435671190765928,51.7649698599,-1.2570875752,12.58743,5736335.09707853,620273.1627357579,-12.58743,30U,1.729,-0.857,0.085,0.040586720977747265,-0.027954790487391593,0.6332088693725889
1435671190857352,51.7649840749,-1.2570985368,12.01585,5736336.659798959,620272.3685800944,-12.01585,30U,1.719,-0.873,0.085,0.03864920502904369,-0.026528480209488132,0.6305178099715244
1435671190948775,51.7649982661,-1.2571097148,11.444161,5736338.219515907,620271.5595561255,-11.444161,30U,1.709,-0.876,0.073,0.03686303202171717,-0.025019570317089165,0.6281217764544544
1435671191046909,51.7650124409,-1.257121119,10.872752,5736339.777036146,620270.7349679755,-10.872752,30U,1.71,-0.882,0.07,0.036633936121259036,-0.024551833774751328,0.6261719450262164
1435671191145491,51.765026589,-1.2571327503,10.300674,5736341.331212773,620269.894780934,-10.300674,30U,1.709,-0.886,0.068,0.035366584256652324,-0.02499825654825003,0.6237890234888835
1435671191251249,51.7650407263,-1.2571446098,9.728104,5736342.883812165,620269.0388768504,-9.728104,30U,1.708,-0.884,0.067,0.03419334805721024,-0.02546573701413468,0.62154871492007
1435671191357758,51.7650548456,-1.257156683,9.155622,5736344.434057552,620268.1682754027,-9.155622,30U,1.696,-0.885,0.047,0.032581681524618336,-0.025186542643520566,0.6205622141973233
1435671191464550,51.7650689799,-1.2571689735,8.585419,5736345.985612822,620267.2826404897,-8.585419,30U,1.705,-0.82,0.016,0.02845361226698662,-0.026191025591289153,0.6181028744868334
1435671191568924,51.7650830988,-1.2571814739,8.017112,5736347.535109506,620266.3825635372,-8.017112,30U,1.676,-0.867,0.0,0.021698100000823596,-0.028693299999952442,0.6144647000004839
1435671191660242,51.7650971179,-1.2571941814,7.447145,5736349.073166416,620265.4684620828,-7.447145,30U,1.652,-0.913,0.032,0.018569269894601413,-0.03124577523011503,0.6131960725777014
1435671191751560,51.76511112,-1.2572071018,6.872392,5736350.6089818785,620264.5397158569,-6.872392,30U,1.649,-0.903,0.075,0.01888804575479945,-0.032046598590752325,0.6109881678354137
1435671191849989,51.7651251197,-1.2572202396,6.292567,5736352.144172096,620263.5959755622,-6.292567,30U,1.657,-0.87,0.119,0.017539770273490022,-0.029803540884020967,0.6056359374214793
1435671191948647,51.7651390965,-1.2572335861,5.711319,5736353.676471692,620262.6378960112,-5.711319,30U,1.622,-0.902,0.079,0.017190046011593477,-0.02637632711594292,0.6004526372582938
1435671192054682,51.7651530321,-1.2572471448,5.133117,5736355.203839828,620261.6652843456,-5.133117,30U,1.625,-0.9,0.072,0.015839168563764577,-0.025419803239913157,0.5956250060793368
1435671192160715,51.7651669579,-1.25726093,4.553854,5736356.729744807,620260.6770704007,-4.553854,30U,1.624,-0.877,0.058,0.014997266226281135,-0.02551008234675067,0.5879191159640067
1435671192259351,51.7651808503,-1.25727492,3.975519,5736358.251597956,620259.6748142473,-3.975519,30U,1.587,-0.921,0.054,0.012791976238540418,-0.025758281790424404,0.5797686022809984
1435671192357976,51.7651946869,-1.2572890996,3.397377,5736359.766933323,620258.6596242548,-3.397377,30U,1.56,-0.926,0.047,0.012272361110637285,-0.024755366691121505,0.5730593387808441
1435671192456232,51.765208534,-1.2573034647,2.820944,5736361.283130662,620257.6316071362,-2.820944,30U,1.551,-0.847,0.004,0.010575076067542695,-0.02418337667582697,0.560164647922658
1435671192554489,51.7652223446,-1.2573180263,2.243866,5736362.7949451385,620256.5901287951,-2.243866,30U,1.508,-0.928,0.07,0.010035399999553433,-0.024322499999878792,0.5433716999991498
1435671192653009,51.7652360075,-1.2573327644,1.659293,5736364.2900435915,620255.5368647987,-1.659293,30U,1.463,-0.983,0.112,0.010098305371129311,-0.021297152398832165,0.5298281889134367
1435671192751528,51.7652496804,-1.2573477078,1.074071,5736365.785915788,620254.4694088013,-1.074071,30U,1.475,-0.924,0.08,0.011209916378803229,-0.018907480165317347,0.5137035507332537
1435671192850039,51.7652633389,-1.257362862,0.491489,5736367.279839229,620253.3874461524,-0.491489,30U,1.449,-0.937,0.058,0.010433636663648216,-0.017723093898532976,0.4946129807524359
1435671192948550,51.7652769225,-1.2573782008,-0.089743,5736368.765129139,620252.2929454852,0.089743,30U,1.405,-0.979,0.049,0.0062573351693057866,-0.017144798633478862,0.4765046802437902
1435671193054716,51.7652904478,-1.2573937245,-0.672665,5736370.243631059,620251.1858419925,0.672665,30U,1.38,-0.979,0.079,0.0025800015665420452,-0.015954078842601027,0.45780834872332615
1435671193160877,51.7653039175,-1.2574094251,-1.258747,5736371.715658444,620250.0666805175,1.258747,30U,1.345,-0.998,0.102,-0.00043132793741565607,-0.013642465152630043,0.4360652440236938
1435671193259327,51.7653173108,-1.257425307,-1.847593,5736373.178890957,620248.9352127364,1.847593,30U,1.305,-1.048,0.124,-0.0003843923616567824,-0.011107122423470879,0.41289022820255783
1435671193357561,51.7653306317,-1.2574413757,-2.435823,5736374.633764359,620247.7910485163,2.435823,30U,1.282,-1.065,0.08,0.001730568063523076,-0.00956561654379551,0.38963852568412344
1435671193449098,51.7653439082,-1.257457652,-3.018683,5736376.083358145,620246.6326782255,3.018683,30U,1.271,-1.075,0.018,0.0015421789711373892,-0.00998921859627231,0.3657211468344805
1435671193540636,51.7653571072,-1.2574741339,-3.597618,5736377.523994687,620245.4603278362,3.597618,30U,1.247,-1.103,0.005,-0.0009328999998646584,-0.011588299999451062,0.34156019999922677
1435671193644761,51.7653701838,-1.257490791,-4.177308,5736378.950730955,620244.2762143135,4.177308,30U,1.198,-1.134,0.026,-0.003414884400958807,-0.012912901667234829,0.31667075714812837
1435671193751217,51.7653832291,-1.2575076027,-4.759634,5736380.373731824,620243.0815170041,4.759634,30U,1.16,-1.136,0.043,-0.0051885708742669505,-0.014094722945790592,0.2888995218717728
1435671193857958,51.7653961958,-1.2575245655,-5.342605,5736381.7877430115,620241.8766031116,5.342605,30U,1.103,-1.149,0.036,-0.0036962909083319813,-0.014900675609188015,0.2591968272010175
1435671193963934,51.7654090754,-1.2575416634,-5.9246,5736383.191845651,620240.662599246,5.9246,30U,1.043,-1.162,0.027,-0.0018242501033803819,-0.015301783198530653,0.22964334984561527
1435671194062430,51.7654218762,-1.2575588993,-6.505605,5736384.586957977,620239.4392832514,6.505605,30U,0.994,-1.171,0.012,-0.001501005414899074,-0.015752430791065888,0.20025164323805458
1435671194160481,51.7654345909,-1.2575762811,-7.086612,5736385.972255169,620238.206129416,7.086612,30U,0.957,-1.182,0.03,-0.000843886396361184,-0.016831470109937248,0.17124495121250108
1435671194251868,51.765447229,-1.2575938212,-7.670617,5736387.348773249,620236.9622568816,7.670617,30U,0.925,-1.194,0.066,-0.001122921793660379,-0.01755114511829602,0.1419286026389299
1435671194343256,51.7654597827,-1.2576115009,-8.256633,5736388.715675645,620235.7089767017,8.256633,30U,0.862,-1.216,0.064,-0.0019207547961690977,-0.01811855424469733,0.11270018153127002
1435671194448064,51.7654722478,-1.2576293028,-8.843056,5736390.072523987,620234.4475006596,8.843056,30U,0.811,-1.228,0.068,-0.0010411727915557731,-0.018441156119688478,0.08359364076208092
1435671194554789,51.7654846164,-1.2576472501,-9.428321,5736391.4184015,620233.1762489178,9.428321,30U,0.785,-1.223,0.054,-0.0005829000003809062,-0.018814099999352792,0.053022200000025256
1435671194661518,51.7654968463,-1.2576653459,-10.01359,5736392.74861017,620231.8951197036,10.01359,30U,0.736,-1.25,0.067,0.0009365128383976038,-0.018888302175082496,0.02212961001273215
1435671194766324,51.7655090323,-1.2576835634,-10.599643,5736394.073736554,620230.6057103534,10.599643,30U,0.699,-1.254,0.064,0.0010322077612452472,-0.01904281688760122,-0.008365485810181882
1435671194857669,51.7655211326,-1.257701942,-11.18674,5736395.389067276,620229.3054132891,11.18674,30U,0.678,-1.253,0.079,0.00019494443211911752,-0.018775739145923825,-0.04074497549452069
1435671194949014,51.7655331322,-1.2577204362,-11.773164,5736396.693009259,620227.9974079216,11.773164,30U,0.608,-1.252,0.044,-0.0009125364214315629,-0.01843835633406093,-0.07400204645670073
1435671195047028,51.7655450475,-1.2577390435,-12.354452,5736397.987390419,620226.6818231766,12.354452,30U,0.584,-1.244,-0.006,-0.001013633817247208,-0.019617443631137932,-0.10802595477362813
1435671195145487,51.7655568628,-1.2577577932,-12.933811,5736399.270416515,620225.356679034,12.933811,30U,0.543,-1.263,0.006,-0.0013482979122809758,-0.021190949939389046,-0.14171811911811055
1435671195251337,51.765568571,-1.2577766412,-13.51394,5736400.541370692,620224.0250373078,13.51394,30U,0.488,-1.26,0.003,-0.0032424677712532208,-0.02221664563284901,-0.17342803084180325
1435671195357953,51.765580203,-1.2577956027,-14.094478,5736401.803664173,620222.6857670777,14.094478,30U,0.462,-1.244,0.021,-0.005646944610049766,-0.023391357742047765,-0.20507787046019865
1435671195464573,51.76559176,-1.2578146655,-14.677567,5736403.057450527,620221.3397069676,14.677567,30U,0.407,-1.235,0.05,-0.007506938129741158,-0.02379107748396647,-0.23689391519144753
1435671195568839,51.7656031883,-1.2578338085,-15.262741,5736404.296792759,620219.9884555748,15.262741,30U,0.355,-1.229,0.068,-0.00937160000026525,-0.02333469999993155,-0.267912407179923
1435671195660394,51.7656144583,-1.2578530448,-15.84817,5736405.518377567,620218.6311876188,15.84817,30U,0.322,-1.217,0.07,-0.010205380130424614,-0.022413819698652936,-0.2984791675553555
1435671195751948,51.7656257172,-1.2578723793,-16.433853,5736406.73856646,620217.2671739045,16.433853,30U,0.284,-1.204,0.063,-0.010945649767393522,-0.0211993286106294,-0.32891811902649803
1435671195850187,51.7656368662,-1.2578918046,-17.018465,5736407.946384451,620215.8971875327,17.018465,30U,0.24,-1.19,0.055,-0.01183577706181937,-0.020139451169113236,-0.3585614309202161
1435671195948641,51.7656479134,-1.2579113212,-17.602074,5736409.142731495,620214.521172479,17.602074,30U,0.211,-1.17,0.051,-0.012881041791769078,-0.019096289421285842,-0.38746046554670077
1435671196054746,51.7656588718,-1.2579309315,-18.185526,5736410.32904932,620213.1389285992,18.185526,30U,0.174,-1.149,0.054,-0.013261430533928066,-0.017931216243692403,-0.41603360580088306
1435671196160855,51.7656697304,-1.2579506102,-18.768732,5736411.504156366,620211.7522308372,18.768732,30U,0.133,-1.127,0.053,-0.013316030148883747,-0.01678903543463198,-0.4439198727908484
1435671196259359,51.7656804957,-1.2579703666,-19.351601,5736412.66876015,620210.3604202113,19.351601,30U,0.103,-1.106,0.056,-0.013045162984986338,-0.01569772754369521,-0.4710290084828647
1435671196357862,51.7656911811,-1.2579902129,-19.935007,5736413.8243307285,620208.9626193052,19.935007,30U,0.082,-1.089,0.066,-0.013297521406895904,-0.014262195815198175,-0.4977602858372515
1435671196456313,51.7657017888,-1.2580101468,-20.519098,5736414.971116556,620207.5589809763,20.519098,30U,0.051,-1.072,0.069,-0.013163561662125393,-0.012523546392036834,-0.523939620291677
1435671196554764,51.7657122594,-1.2580301531,-21.102093,5736416.102537029,620206.150711834,21.102093,30U,0.013,-1.053,0.062,-0.01233910000017673,-0.011059200000155684,-0.5490526071788083
1435671196653162,51.7657225542,-1.2580502321,-21.6833,5736417.214287972,620204.7378939773,21.6833,30U,-0.002,-1.032,0.056,-0.010988577096786752,-0.009691625154924562,-0.5731919374288523
1435671196751559,51.7657328657,-1.2580704098,-22.264439,5736418.327733763,620203.3182219939,22.264439,30U,-0.008,-1.014,0.048,-0.010552893133462712,-0.008524984987567425,-0.597181320412745
1435671196850017,51.7657430596,-1.2580906714,-22.84481,5736419.427963783,620201.8930738659,22.84481,30U,-0.044,-1.0,0.055,-0.010602939404311427,-0.0076323994841566035,-0.6199699071445455
1435671196948477,51.7657531338,-1.2581109887,-23.425571,5736420.514790986,620200.46440099,23.425571,30U,-0.078,-0.986,0.066,-0.01054209756867144,-0.006282432958570905,-0.6407903310629882
1435671197054615,51.7657631015,-1.2581313869,-24.006878,5736421.589641761,620199.0304294715,24.006878,30U,-0.084,-0.983,0.077,-0.009758050061476904,-0.004638220506962843,-0.6607347567346746
1435671197160753,51.7657729553,-1.2581518749,-24.588655,5736422.6516785165,620197.590564855,24.588655,30U,-0.099,-0.982,0.08,-0.008661673729156355,-0.0028490621279134115,-0.679992712295748
1435671197259231,51.7657826949,-1.2581724387,-25.169056,5736423.700890972,620196.145773942,25.169056,30U,-0.125,-0.98,0.062,-0.008043833601997997,-0.0015905557752153776,-0.6973619898997427
1435671197357493,51.7657923358,-1.2581930778,-25.747248,5736424.739003656,620194.6960500526,25.747248,30U,-0.137,-0.978,0.049,-0.00824985074672163,-0.0011199481872019646,-0.7128081925401645
1435671197449073,51.7658018907,-1.2582138071,-26.324642,5736425.767404335,620193.2403313342,26.324642,30U,-0.144,-0.974,0.05,-0.008617517016017958,-0.0005597558192340694,-0.7270859201276426
1435671197540652,51.7658112881,-1.2582346197,-26.901091,5736426.778153127,620191.779283809,26.901091,30U,-0.163,-0.964,0.05,-0.008761200000523306,0.0001751000001266984,-0.7399846071789509
1435671197644784,51.7658204757,-1.2582554931,-27.475901,5736427.765471025,620190.3145989056,27.475901,30U,-0.182,-0.952,0.05,-0.00843146839968722,0.0008562385086112391,-0.7508545643798611
1435671197751241,51.7658296962,-1.2582764381,-28.051367,5736428.756330031,620188.8448867386,28.051367,30U,-0.183,-0.939,0.049,-0.008226851598944974,0.0014131227306456854,-0.7604119954656005
1435671197857959,51.7658387902,-1.2582974778,-28.625969,5736429.732965774,620187.3689767901,28.625969,30U,-0.185,-0.926,0.047,-0.008151940554248916,0.0019032855879917055,-0.7692154163577943
1435671197963905,51.7658477639,-1.2583185988,-29.199186,5736430.696089825,620185.887777195,29.199186,30U,-0.194,-0.907,0.038,-0.008526579958449689,0.002124262942826525,-0.7767947168226887
1435671198062319,51.7658566387,-1.2583397969,-29.771049,5736431.648088927,620184.4015209053,29.771049,30U,-0.194,-0.878,0.035,-0.00901342384009425,0.0019952572278713375,-0.7831715478651319
1435671198160299,51.7658654175,-1.2583610731,-30.342503,5736432.589283935,620182.9101312124,30.342503,30U,-0.187,-0.847,0.041,-0.009372813560855418,0.0019244359922675268,-0.7890732881621253
1435671198251762,51.7658741055,-1.2583824359,-30.913841,5736433.5202391185,620181.4130077921,30.913841,30U,-0.184,-0.814,0.044,-0.00932809995678594,0.002070204563198532,-0.7944846630859833
1435671198343225,51.7658827216,-1.2584038757,-31.484673,5736434.443072104,620179.9107628479,31.484673,30U,-0.182,-0.779,0.041,-0.009010432323067055,0.0021590820467283145,-0.7987995972818529
1435671198447993,51.7658912775,-1.2584253983,-32.055058,5736435.359074456,620178.402965097,32.055058,30U,-0.172,-0.745,0.043,-0.00858374703476553,0.0021655483153286987,-0.8019660429073737
1435671198554662,51.7658996836,-1.258447014,-32.624592,5736436.258265109,620176.889141802,32.624592,30U,-0.163,-0.71,0.047,-0.008280900000525634,0.002294799999535371,-0.804336407179475
1435671198661452,51.7659078733,-1.2584687132,-33.192467,5736437.133253541,620175.3701322419,33.192467,30U,-0.157,-0.678,0.046,-0.008091931341891226,0.0025263315575792056,-0.8059521411128768
1435671198766327,51.7659161456,-1.258490492,-33.76096,5736438.0172969,620173.8454113934,33.76096,30U,-0.15,-0.644,0.042,-0.007591433473746289,0.002569973049522413,-0.8070220857583809
1435671198857788,51.7659242945,-1.2585123583,-34.327976,5736438.887473657,620172.3149812673,34.327976,30U,-0.143,-0.614,0.037,-0.007245133516426227,0.002509874115023865,-0.8074339427293574
1435671198949250,51.76593232,-1.2585343142,-34.894199,5736439.743780351,620170.7786969524,34.894199,30U,-0.14,-0.601,0.045,-0.006908576374453895,0.00256063155692822,-0.8071332109573764
1435671199047169,51.7659402253,-1.2585563609,-35.460369,5736440.586570872,620169.2364671405,35.460369,30U,-0.138,-0.605,0.047,-0.0069539157349107475,0.00275227978640196,-0.806471759230529
1435671199145520,51.7659479977,-1.2585784918,-36.025639,5736441.414443783,620167.6887809555,36.025639,30U,-0.141,-0.611,0.046,-0.007002160724742307,0.0027189561626337544,-0.8057526827688746
1435671199251400,51.7659556393,-1.2586007078,-36.590004,5736442.227631137,620166.1355707087,36.590004,30U,-0.148,-0.617,0.044,-0.006936002174632443,0.0026852583786711654,-0.8047625095487501
1435671199358060,51.7659631727,-1.2586230089,-37.153362,5736443.028646203,620164.5767763716,37.153362,30U,-0.15,-0.626,0.038,-0.006881448273340529,0.0023211098484074992,-0.8035130769254685
1435671199464775,51.7659706124,-1.2586454041,-37.715797,5736443.81908665,620163.0117384243,37.715797,30U,-0.148,-0.631,0.034,-0.0067712089546040095,0.0017535929618875143,-0.8023445994412812
1435671199569103,51.7659778504,-1.2586678929,-38.276176,5736444.586943017,620161.4407781666,38.276176,30U,-0.148,-0.624,0.03,-0.006828499999911291,0.0010707999999544722,-0.8011406071789147
1435671199660539,51.7659848198,-1.2586904681,-38.834129,5736445.324787464,620159.8645700429,38.834129,30U,-0.142,-0.604,0.031,-0.0068236494244873795,0.0004430626429334767,-0.7998262499323605
1435671199751975,51.7659919033,-1.2587131273,-39.393559,5736446.075182643,620158.2822633546,39.393559,30U,-0.129,-0.571,0.033,-0.006776505585570182,-9.649351919084442e-05,-0.7986240983326204
1435671199850149,51.7659988509,-1.2587358822,-39.952236,5736446.81030768,620156.6937146859,39.952236,30U,-0.117,-0.535,0.038,-0.006769165201975192,-0.0004203888699079543,-0.7975377466915577
1435671199948541,51.7660056751,-1.2587587297,-40.510204,5736447.5315577695,620155.0991047343,40.510204,30U,-0.106,-0.496,0.039,-0.006837449467120877,-0.0005697360342666517,-0.7965087905293236
1435671200054688,51.7660124,-1.2587816683,-41.067242,5736448.241615463,620153.4984729949,41.067242,30U,-0.093,-0.458,0.036,-0.006921823667822627,-0.0007098820898442107,-0.7955226725764805
1435671200160838,51.766019023,-1.2588046928,-41.623207,5736448.940200196,620151.892185166,41.623207,30U,-0.078,-0.413,0.035,-0.006997476418109588,-0.0008753450328492075,-0.7947014490814888
1435671200259308,51.7660255542,-1.2588278101,-42.178246,5736449.628423791,620150.2797383177,42.178246,30U,-0.062,-0.361,0.034,-0.0070136876331047164,-0.0011141124955883499,-0.7940769491671132
1435671200357777,51.7660320263,-1.2588510162,-42.732861,5736450.309929295,620148.6613216156,42.732861,30U,-0.045,-0.305,0.037,-0.006983482003393283,-0.0013527573995620878,-0.793548619997718
1435671200456285,51.7660384556,-1.2588743112,-43.287373,5736450.986529213,620147.0368848736,43.287373,30U,-0.028,-0.251,0.039,-0.006899698847970747,-0.0015027573572036043,-0.793139391981287
1435671200554792,51.7660447048,-1.2588977029,-43.84021,5736451.642942059,620145.4062544552,43.84021,30U,-0.01,-0.196,0.04,-0.006836499999281146,-0.0016340999999593718,-0.7929093071790201
1435671200653186,51.7660506789,-1.2589211871,-44.390385,5736452.268610151,620143.7699723898,44.390385,30U,0.007,-0.143,0.041,-0.006785320213877747,-0.001710666355060594,-0.7927565853297955
1435671200751579,51.7660568292,-1.2589447517,-44.942425,5736452.913740879,620142.1276752718,44.942425,30U,0.023,-0.089,0.042,-0.0067529359490022456,-0.0017770191044656695,-0.7926480190609908
1435671200850035,51.7660628399,-1.2589684083,-45.493217,5736453.543196159,620140.4794012124,45.493217,30U,0.036,-0.04,0.044,-0.006741097740223794,-0.0017240572698281435,-0.7925655190611623
1435671200948493,51.7660687182,-1.2589921567,-46.042862,5736454.15777701,620138.8251448836,46.042862,30U,0.046,-0.007,0.045,-0.006700524690694566,-0.0016182414496835607,-0.7925345426870719
1435671201054681,51.7660744659,-1.2590159961,-46.59166,5736454.757684927,620137.164956694,46.59166,30U,0.043,-0.016,0.044,-0.006650148315252446,-0.0012751875045755785,-0.7925284078460245
1435671201160871,51.766080055,-1.2590399177,-47.13876,5736455.3398206355,620135.4995181765,47.13876,30U,0.036,-0.035,0.039,-0.006651269680570206,-0.0012544102359858705,-0.7924937112153669
1435671201259349,51.766085497,-1.2590639282,-47.684517,5736455.905451974,620133.8283364809,47.684517,30U,0.037,-0.03,0.04,-0.006666677527491957,-0.001557038294236495,-0.7925010213646233
1435671201357606,51.766090962,-1.259088024,-48.230499,5736456.473501091,620132.1512083835,48.230499,30U,0.039,-0.018,0.045,-0.006615159530440778,-0.001405718932257653,-0.792515921322478
1435671201449031,51.7660978275,-1.2591121839,-48.782776,5736457.19718977,620130.46593953,48.782776,30U,0.038,-0.023,0.04,-0.006620937100844972,-0.0011973438372426012,-0.7924648303202285
1435671201540455,51.7661062843,-1.2591364071,-49.342068,5736458.097737517,620128.7720787224,49.342068,30U,0.036,-0.03,0.039,-0.0066961000000427505,-0.0013763999996194046,-0.7924795071796262
1435671201644680,51.766116262,-1.2591606785,-49.909462,5736459.167340282,620127.0708549436,49.909462,30U,0.036,-0.02,0.04,-0.006732349382067927,-0.0014638595305409767,-0.7925148348393106
1435671201751276,51.7661273756,-1.2591849976,-50.487022,5736460.363184421,620125.3633249702,50.487022,30U,0.036,-0.016,0.04,-0.006623624733360118,-0.0013299707037339617,-0.7924587123233536
1435671201857959,51.7661389891,-1.2592093821,-51.070446,5736461.614513494,620123.6499560678,51.070446,30U,0.037,-0.026,0.038,-0.006718684307490817,-0.0013376843504241003,-0.7924412460979439
1435671201963870,51.7661493972,-1.2592338531,-51.651726,5736462.731652431,620121.9338195297,51.651726,30U,0.034,-0.025,0.035,-0.006716595521876639,-0.0015294023023107986,-0.7924972887423984
1435671202062297,51.7661582095,-1.2592584042,-52.228077,5736463.671196787,620120.216393226,52.228077,30U,0.035,-0.016,0.042,-0.0068150145842913925,-0.0015005561182803915,-0.792422159531546
1435671202160290,51.7661650948,-1.2592830378,-52.79575,5736464.396311043,620118.4983906101,52.79575,30U,0.034,-0.023,0.039,-0.006641583111948283,-0.001394132579726252,-0.7924878865681969
1435671202251771,51.7661695766,-1.2593077567,-53.349007,5736464.854000727,620116.7808832028,53.349007,30U,0.032,-0.024,0.035,-0.0066909730063532255,-0.001522096717090435,-0.7924716257998136
1435671202343252,51.7661714058,-1.2593325632,-53.884995,5736465.016560535,620115.0643732927,53.884995,30U,0.035,-0.019,0.041,-0.0066385640937680615,-0.001583535905629553,-0.7924267011522763
1435671202447981,51.7661733333,-1.2593574624,-54.419834,5736465.189899833,620113.3412062527,54.419834,30U,0.033,-0.02,0.039,-0.006702548272553219,-0.001441138165877411,-0.7924980472066409
1435671202554603,51.766176383,-1.2593824513,-54.958263,5736465.487887835,620111.6088711297,54.958263,30U,0.029,-0.021,0.035,-0.006603099999950539,-0.0015286000006335956,-0.7924475071804014
1435671202661303,51.7661813917,-1.2594075287,-55.505432,5736466.003584067,620109.8652295809,55.505432,30U,0.033,-0.021,0.039,-0.00654225842261928,-0.0015773853723268418,-0.7924435977825033
1435671202766096,51.7661896292,-1.2594327018,-56.07209,5736466.878186602,620108.106414418,56.07209,30U,0.033,-0.019,0.038,-0.006624084306477435,-0.0015127202131914464,-0.7924873808956979
1435671202857535,51.7662009586,-1.259457965,-56.65662,5736468.09648052,620106.3331758012,56.65662,30U,0.031,-0.021,0.036,-0.006635635949646002,-0.0015299595737236558,-0.7924468269505427
1435671202948973,51.7662129076,-1.2594833136,-57.243927,5736469.383537906,620104.5524007867,57.243927,30U,0.031,-0.02,0.037,-0.006606708955125899,-0.0015737674199791881,-0.7924656696804816
1435671203046927,51.7662251772,-1.2595087492,-57.832462,5736470.706105414,620102.764772695,57.832462,30U,0.032,-0.02,0.037,-0.006594240469557308,-0.0015354954788583015,-0.7924796359482732
1435671203145314,51.7662377418,-1.2595342654,-58.421944,5736472.061346698,620100.9708011183,58.421944,30U,0.032,-0.022,0.035,-0.006635893261792296,-0.001537159573505591,-0.7924731314709247
1435671203251189,51.7662506158,-1.2595598674,-59.012596,5736473.450854581,620099.1700890728,59.012596,30U,0.031,-0.022,0.037,-0.006660722472810798,-0.0015716966304549283,-0.7925079865251183
1435671203357842,51.7662637464,-1.2595855546,-59.604412,5736474.868758354,620097.3628181425,59.604412,30U,0.031,-0.02,0.036,-0.006614769637848517,-0.001553197739105383,-0.7925171584223237
1435671203464600,51.7662766313,-1.2596113345,-60.195206,5736476.259186684,620095.5498040551,60.195206,30U,0.032,-0.021,0.035,-0.0066229606827036235,-0.0015270898928955513,-0.7925212696797672
1435671203568961,51.7662893476,-1.2596372098,-60.784698,5736477.630709142,620093.7306558524,60.784698,30U,0.032,-0.022,0.035,-0.006623299999144821,-0.0015554999994310305,-0.7925659071787549
1435671203660377,51.7663019801,-1.2596631706,-61.372856,5736478.992772348,620091.905831553,61.372856,30U,0.032,-0.021,0.036,-0.0066409752661296916,-0.0015675842647274283,-0.792557851684896
1435671203751792,51.7663140088,-1.2596892245,-61.959614,5736480.287536444,620090.0761868623,61.959614,30U,0.032,-0.021,0.036,-0.0066263123676205925,-0.0015451584227034686,-0.7925671314713745
1435671203850009,51.7663258798,-1.2597153707,-62.54538,5736481.564611946,620088.2405929562,62.54538,30U,0.032,-0.021,0.035,-0.006618066268099561,-0.0015610505758033686,-0.7925747516836085
1435671203948445,51.7663380421,-1.2597416035,-63.132195,5736482.873939935,620086.3982514841,63.132195,30U,0.032,-0.021,0.035,-0.006614598890542465,-0.0015701808957753751,-0.7925585426869268
1435671204054591,51.7663504629,-1.2597679237,-63.720074,5736484.211871533,620084.5491943345,63.720074,30U,0.033,-0.02,0.035,-0.006620241578411406,-0.0015662842649607268,-0.7925773281019982
1435671204160738,51.7663631107,-1.2597943233,-64.30909,5736485.574916912,620082.6940571414,64.30909,30U,0.032,-0.021,0.035,-0.006643729210684439,-0.0015555663114706307,-0.7925814741578163
1435671204259195,51.7663759922,-1.2598208086,-64.899162,5736486.963810793,620080.8323874543,64.899162,30U,0.032,-0.021,0.034,-0.006633944947257635,-0.001578350576055109,-0.792600424733395
1435671204357653,51.7663890646,-1.2598473809,-65.490425,5736488.373791406,620078.9642091917,65.490425,30U,0.032,-0.021,0.035,-0.006618723581785142,-0.0015588258430030946,-0.7926209865253805
1435671204456108,51.7664020357,-1.2598740436,-66.08165,5736489.772358636,620077.0900632155,66.08165,30U,0.033,-0.021,0.035,-0.006621130362898374,-0.001567514627835603,-0.7926233674197704
1435671204554562,51.7664149824,-1.2599007981,-66.672401,5736491.168061961,620075.2096488469,66.672401,30U,0.034,-0.021,0.035,-0.006651899999248247,-0.001586399999658722,-0.7926394071788558
1435671204653079,51.7664279241,-1.2599276365,-67.262352,5736492.5630718,620073.323459705,67.262352,30U,0.033,-0.02,0.034,-0.006662633688626878,-0.0015873033681169202,-0.7926342842640006
1435671204751596,51.7664401766,-1.2599545669,-67.850937,5736493.881287374,620071.4327525283,67.850937,30U,0.033,-0.021,0.035,-0.006628977527276291,-0.0015784617901803753,-0.7926368224736426
1435671204850036,51.7664521424,-1.2599815897,-68.438126,5736495.167468624,620069.5364315573,68.438126,30U,0.032,-0.021,0.032,-0.006642189893116031,-0.0015831427300729685,-0.7926284483158237
1435671204948473,51.7664640118,-1.2600087023,-69.024979,5736496.442782424,620067.6341711858,69.024979,30U,0.033,-0.02,0.034,-0.006615229210965835,-0.001587656161990601,-0.7926286865253414
1435671205054594,51.7664757536,-1.2600359041,-69.61187,5736497.703760129,620065.7260955971,69.61187,30U,0.032,-0.019,0.033,-0.006653723625715815,-0.00156391125771385,-0.7926262325801957
1435671205160713,51.7664873489,-1.2600631888,-70.198318,5736498.948310313,620063.8126896297,70.198318,30U,0.033,-0.021,0.032,-0.006565977483805797,-0.001562065160132162,-0.7926193438371966
1435671205259114,51.7664987855,-1.2600905636,-70.784645,5736500.175064412,620061.8934888433,70.784645,30U,0.033,-0.023,0.033,-0.0065727640517398486,-0.0016092304055126353,-0.7926749281023391
1435671205357302,51.7665100218,-1.2601180275,-71.370941,5736501.379397893,620059.9686726045,71.370941,30U,0.034,-0.02,0.034,-0.0065671011512128405,-0.0016781662683906008,-0.7926498763758035
1435671205448913,51.7665210251,-1.260145582,-71.956856,5736502.557671836,620058.0382241593,71.956856,30U,0.036,-0.019,0.032,-0.006595353902353618,-0.0015700303192394888,-0.7926502404689387
1435671205540524,51.7665319131,-1.2601732262,-72.542099,5736503.722976735,620056.101893286,72.542099,30U,0.034,-0.021,0.033,-0.00657190000031371,-0.0015971000006921316,-0.7926854071795957
1435671205644688,51.7665427269,-1.2602009527,-73.126595,5736504.879895359,620054.1600815203,73.126595,30U,0.036,-0.021,0.033,-0.006594004478353159,-0.0016282617915809757,-0.7926559786350444
1435671205751177,51.7665530397,-1.2602287712,-73.71051,5736505.980948838,620052.2132519669,73.71051,30U,0.036,-0.019,0.032,-0.006617033731314082,-0.0016036685281333905,-0.7926653797864832
1435671205857892,51.7665631429,-1.2602566783,-74.293587,5736507.058548331,620050.2608660224,74.293587,30U,0.034,-0.02,0.033,-0.006599101108549686,-0.0016000898928177965,-0.7926550527937267
1435671205963838,51.7665730125,-1.2602846744,-74.875977,5736508.110024235,620048.3029597396,74.875977,30U,0.035,-0.02,0.032,-0.006599403368160206,-0.0016241483158240715,-0.7926363112579781
1435671206062295,51.7665826079,-1.2603127616,-75.457634,5736509.130858115,620046.3394959107,75.457634,30U,0.036,-0.02,0.032,-0.006596800000141346,-0.00161802695046382,-0.792660293261743
1435671206160302,51.7665919131,-1.2603409308,-76.038582,5736510.119285657,620044.3711448495,76.038582,30U,0.036,-0.02,0.032,-0.006621173048415891,-0.0016024741574383488,-0.7926499393176123
1435671206251578,51.7666009192,-1.2603691899,-76.618721,5736511.074304123,620042.3973850373,76.618721,30U,0.036,-0.02,0.032,-0.006618567420195649,-0.0016268764172885837,-0.7926630045207803
1435671206342855,51.7666096056,-1.2603975381,-77.19809,5736511.993623985,620040.4183262929,77.19809,30U,0.036,-0.019,0.033,-0.006618056162643192,-0.0016258235823239033,-0.7926830449462663
1435671206447702,51.7666179613,-1.2604259752,-77.776794,5736512.876022307,620038.4340115581,77.776794,30U,0.037,-0.019,0.033,-0.006603296630489398,-0.0016045876324801247,-0.7926699483149546
1435671206554488,51.766626026,-1.2604545034,-78.354118,5736513.725910373,620036.4441836756,78.354118,30U,0.038,-0.019,0.032,-0.006616900000696135,-0.0016199999998046388,-0.7926840071794443
1435671206661201,51.7666337861,-1.2604831146,-78.92968,5736514.541789112,620034.449437586,78.92968,30U,0.038,-0.018,0.033,-0.006624777526821718,-0.0016216101061821764,-0.792666407846499
1435671206765995,51.7666411072,-1.2605118145,-79.50489,5736515.3087030025,620032.4497364934,79.50489,30U,0.038,-0.018,0.031,-0.006604306738048661,-0.0016114550527917754,-0.7926547932615217
1435671206857356,51.7666480914,-1.260540604,-80.078659,5736516.038004747,620030.4447473956,80.078659,30U,0.038,-0.018,0.032,-0.006562073005990832,-0.0016227067384391065,-0.7926542876326561
1435671206948718,51.7666547216,-1.2605694839,-80.651077,5736516.727791407,620028.4344604149,80.651077,30U,0.04,-0.017,0.032,-0.0065646730491574655,-0.00162151347602814,-0.7926318651591175
1435671207046789,51.7666609789,-1.2605984545,-81.222145,5736517.375960694,620026.4189049412,81.222145,30U,0.04,-0.018,0.032,-0.006595540469324011,-0.0016138067373511807,-0.7926303067371753
1435671207145308,51.7666668518,-1.2606275072,-81.791664,5736517.981247893,620024.3987048301,81.791664,30U,0.04,-0.017,0.032,-0.006620822472855688,-0.00162324831585133,-0.7926170134753246
1435671207251263,51.766672337,-1.2606566482,-82.35968,5736518.543275827,620022.3734409896,82.35968,30U,0.041,-0.017,0.033,-0.0065976426869921116,-0.0016143359491056534,-0.7926146932625422
1435671207357987,51.7666774442,-1.2606858789,-82.926254,5736519.063120899,620020.3429910406,82.926254,30U,0.043,-0.018,0.032,-0.006590313475249663,-0.0016022269507484255,-0.7926281314704966
1435671207464717,51.7666821803,-1.2607152001,-83.491341,5736519.541549125,620018.3072814341,83.491341,30U,0.044,-0.018,0.032,-0.006609328102666527,-0.0016112516852820036,-0.792615694371184
1435671207569045,51.7666864714,-1.2607446115,-84.053955,5736519.970342848,620016.2665288377,84.053955,30U,0.045,-0.018,0.033,-0.006631999999463102,-0.0016134000005863082,-0.7926180071802796
1435671207660411,51.7666902298,-1.2607741052,-84.613235,5736520.339762271,620014.2215109068,84.613235,30U,0.045,-0.017,0.033,-0.0066094842642560195,-0.0015943382091370682,-0.7926129718984062
1435671207751777,51.7666937166,-1.2608036877,-85.172218,5736520.67883271,620012.1710865403,85.172218,30U,0.046,-0.018,0.032,-0.006589530319834354,-0.0016078269513545216,-0.7925986168445613
1435671207849953,51.7666967661,-1.260833361,-85.728699,5736520.969123967,620010.1155571954,85.728699,30U,0.046,-0.017,0.032,-0.006590525841677058,-0.0016272404685359401,-0.7925940033686256
1435671207948349,51.7666993773,-1.2608631242,-86.282669,5736521.210526327,620008.0549875649,86.282669,30U,0.046,-0.016,0.032,-0.006607728101745357,-0.0016179595301401447,-0.79258432921104
1435671208054565,51.7667015606,-1.2608929761,-86.834183,5736521.404198317,620005.9894328058,86.834183,30U,0.046,-0.016,0.032,-0.006618129211653705,-0.001604222472948693,-0.7925718269516051
1435671208160779,51.7667033079,-1.2609229102,-87.383186,5736521.54924987,620003.9193628409,87.383186,30U,0.046,-0.016,0.032,-0.006618365159224624,-0.0016270348408247873,-0.7925792348392995
1435671208259165,51.7667046205,-1.2609529331,-87.929573,5736521.645814698,620001.8443187658,87.929573,30U,0.047,-0.015,0.033,-0.006598148315857731,-0.0016161977389426453,-0.7925687685291263
1435671208357560,51.7667055419,-1.2609830455,-88.473625,5736521.698729137,619999.7641368562,88.473625,30U,0.048,-0.015,0.033,-0.006602641577005198,-0.0016079000003650344,-0.7925686674204575
1435671208456198,51.7667060956,-1.2610132477,-89.01545,5736521.710606055,619997.6787340352,89.01545,30U,0.048,-0.018,0.035,-0.006625383156072161,-0.0015984100640273002,-0.7925786898934017
1435671208554836,51.7667060717,-1.2610435383,-89.553146,5736521.658105524,619995.5887635082,89.553146,30U,0.047,-0.019,0.036,-0.006639400000014682,-0.001507099999927283,-0.7925484071794787
1435671208653174,51.7667053076,-1.2610739095,-90.085121,5736521.523158215,619993.4951945982,90.085121,30U,0.049,-0.017,0.038,-0.0065826886989797054,-0.0014886539012969522,-0.7924488707468048
1435671208751511,51.7667045135,-1.2611043708,-90.617477,5736521.384727336,619991.395488319,90.617477,30U,0.052,-0.014,0.037,-0.006517260682608203,-0.001339588698369573,-0.7924321191045693
1435671208849961,51.7667032138,-1.2611349231,-91.145508,5736521.189921613,619989.290843794,91.145508,30U,0.052,-0.014,0.035,-0.006523106737986915,-0.0012952663115972601,-0.7924556718969649
1435671208948415,51.7667014252,-1.2611655642,-91.669456,5736520.940601827,619987.1813684655,91.669456,30U,0.053,-0.015,0.036,-0.006573465202860253,-0.0013251393182051759,-0.7924073168449253
1435671209054499,51.766699194,-1.2611962954,-92.189743,5736520.641914701,619985.0668497887,92.189743,30U,0.055,-0.014,0.037,-0.006626459573925694,-0.0013183235823286646,-0.7924302011517824
1435671209160585,51.7666965192,-1.2612271054,-92.7061,5736520.293767633,619982.9480700425,92.7061,30U,0.054,-0.013,0.038,-0.006595148272897136,-0.0013009134762357328,-0.7924240864815052
1435671209259059,51.7666934046,-1.2612580032,-93.218346,5736519.896568403,619980.8243980948,93.218346,30U,0.058,-0.015,0.038,-0.00656340336925053,-0.0012996191051558685,-0.7923957707885555
1435671209357315,51.7666899292,-1.2612889917,-93.727089,5736519.45909756,619978.6954243039,93.727089,30U,0.06,-0.016,0.04,-0.006578173048748595,-0.001318835948165197,-0.7924308898936119
1435671209448813,51.7666861379,-1.2613200672,-94.232552,5736518.986354364,619976.5612848585,94.232552,30U,0.062,-0.016,0.041,-0.0066092033692208745,-0.0013028943708315393,-0.7924017752657253
1435671209540312,51.7666816874,-1.2613512303,-94.73127,5736518.440160663,619974.4228485851,94.73127,30U,0.063,-0.016,0.042,-0.006592000000868499,-0.00130180000052132,-0.792393607178931
1435671209644624,51.7666763356,-1.2613824745,-95.220642,5736517.793604066,619972.2812058092,95.220642,30U,0.064,-0.017,0.043,-0.006585294370833179,-0.0013062595733235654,-0.7923902617911621
1435671209751307,51.7666712461,-1.2614138051,-95.711449,5736517.176075708,619970.1329054852,95.711449,30U,0.064,-0.016,0.044,-0.006603840469848332,-0.001311512366854916,-0.7923585617913464
1435671209858016,51.7666656337,-1.2614452237,-96.196129,5736516.500253644,619967.9799191236,96.196129,30U,0.064,-0.016,0.044,-0.006597235948481909,-0.0012950157364218806,-0.792361396631912
1435671209963942,51.7666595398,-1.2614767287,-96.674721,5736515.770744463,619965.8222472813,96.674721,30U,0.063,-0.016,0.044,-0.006610242686610497,-0.001305364051865684,-0.7923425820035195
1435671210062297,51.7666530484,-1.261508321,-97.147842,5736514.996888036,619963.6596050751,97.147842,30U,0.065,-0.016,0.045,-0.006593902259654858,-0.0013071550528935445,-0.7923308056282659
1435671210160220,51.7666461644,-1.2615399934,-97.615356,5736514.1792411255,619961.4924762517,97.615356,30U,0.065,-0.016,0.046,-0.0066164584219234055,-0.0013038382082391038,-0.7923327865246068
1435671210251661,51.7666389014,-1.2615717513,-98.077026,5736513.319307261,619959.320452097,98.077026,30U,0.066,-0.015,0.047,-0.006618143837512837,-0.0012922449459491939,-0.7923188831549911
1435671210343101,51.7666313725,-1.2616035961,-98.533844,5736512.429661603,619957.1431361088,98.533844,30U,0.068,-0.015,0.048,-0.006621910106194996,-0.0012937707895757744,-0.7923240573127128
1435671210447955,51.7666236406,-1.2616355275,-98.986313,5736511.517299536,619954.96038219,98.986313,30U,0.069,-0.015,0.05,-0.006633274157884899,-0.0012891101059744803,-0.7923203876340422
1435671210554726,51.7666152492,-1.2616675436,-99.428886,5736510.53145844,619952.7735316128,99.428886,30U,0.069,-0.016,0.051,-0.006607400000789933,-0.0012875999999817647,-0.7922991071800478
1435671210661327,51.7666059029,-1.2616996384,-99.857643,5736509.439297801,619950.5837813793,99.857643,30U,0.07,-0.019,0.053,-0.006589555052895184,-0.0012547561183557136,-0.7922831258423685
1435671210766042,51.7665971414,-1.2617318201,-100.290253,5736508.412028738,619948.3864838764,100.290253,30U,0.064,-0.034,0.059,-0.006576350575943662,-0.0010460436669042146,-0.7922845628993508
1435671210857557,51.7665879038,-1.2617640841,-100.714409,5736507.331679883,619946.1847689287,100.714409,30U,0.055,-0.056,0.059,-0.006555956162778671,-0.0007406898075330323,-0.7922165482718665
1435671210949070,51.7665782523,-1.2617964319,-101.129776,5736506.205165819,619943.9783680786,101.129776,30U,0.047,-0.077,0.054,-0.006530930319475979,-0.0006505741141280568,-0.7921418606397866
1435671211046996,51.7665683051,-1.2618288641,-101.537224,5736505.04563017,619941.7669265376,101.537224,30U,0.041,-0.097,0.051,-0.006495737057125136,-0.0006090348398529495,-0.7920748842214079
1435671211145348,51.7665580748,-1.2618613724,-101.936859,5736503.854487794,619939.5509835538,101.936859,30U,0.034,-0.115,0.052,-0.006472110107435221,-0.0006664539452034374,-0.7919553954360526
1435671211251350,51.7665475812,-1.2618939643,-102.328758,5736502.633928257,619937.3299691,102.328758,30U,0.03,-0.133,0.054,-0.006458691002109593,-0.0007082584222583853,-0.7918402033266846
1435671211358138,51.7665371426,-1.26192664,-102.717056,5736501.419348249,619935.1030256301,102.717056,30U,0.024,-0.149,0.054,-0.006451739317301657,-0.0006854382091273036,-0.7917094572269952
1435671211464777,51.7665289873,-1.2619594061,-103.135056,5736500.4585383115,619932.863791411,103.135056,30U,0.02,-0.163,0.054,-0.0064441157348369095,-0.0007446876761709431,-0.7915438999140376
1435671211569032,51.7665234226,-1.2619922654,-103.588783,5736499.785667597,619930.6112590696,103.588783,30U,0.016,-0.178,0.056,-0.006442399999387711,-0.0007831999997443778,-0.7913760071794985
1435671211660418,51.7665206356,-1.2620252118,-104.082054,5736499.421552876,619928.3453539857,104.082054,30U,0.01,-0.19,0.054,-0.006515649467946591,-0.000793689936439676,-0.79118024370974
1435671211751804,51.7665212221,-1.2620582568,-104.624397,5736499.432432069,619926.0637039398,104.624397,30U,0.006,-0.204,0.056,-0.006549811258162799,-0.0008600325803883824,-0.7909451279732148
1435671211850041,51.766524065,-1.262091399,-105.201363,5736499.694078741,619923.7693668066,105.201363,30U,0.001,-0.22,0.057,-0.006614638209319854,-0.0008021325373452026,-0.7907314279728997
1435671211948499,51.766527022,-1.2621246303,-105.780914,5736499.968268591,619921.468579671,105.780914,30U,-0.008,-0.239,0.056,-0.006667202302619471,-0.0007646055865248711,-0.7904570470353578
1435671212054647,51.7665299074,-1.2621579484,-106.36026,5736500.234354371,619919.1619934143,106.36026,30U,-0.016,-0.26,0.056,-0.006731401108033404,-0.0007809730486306249,-0.7900973829418569
1435671212160794,51.7665327207,-1.2621913531,-106.939583,5736500.492280815,619916.8496231498,106.939583,30U,-0.024,-0.28,0.057,-0.006722398891737836,-0.0007798831132020346,-0.7896299334747651
1435671212259248,51.7665354616,-1.2622248451,-107.518852,5736500.742013416,619914.5314213632,107.518852,30U,-0.032,-0.303,0.058,-0.006837288827016523,-0.000767316843816772,-0.7891229986333712
1435671212357707,51.7665381292,-1.2622584274,-108.098038,5736500.983447165,619912.2071834314,108.098038,30U,-0.038,-0.328,0.06,-0.0069290517272629455,-0.0007388359484721611,-0.7885818469069525
1435671212456309,51.7665407201,-1.2622920964,-108.677162,5736501.216209888,619909.8771667522,108.677162,30U,-0.048,-0.352,0.061,-0.006959379786585418,-0.0006644493804523152,-0.7879071165004805
1435671212554910,51.7665432329,-1.2623258527,-109.25618,5736501.440144916,619907.5413336264,109.25618,30U,-0.056,-0.377,0.062,-0.006977599999467968,-0.0005883000002173575,-0.7871876071797183
1435671212653221,51.7665456686,-1.2623596999,-109.835182,5736501.655357547,619905.1994329924,109.835182,30U,-0.063,-0.402,0.063,-0.0069246853724960495,-0.0005139853729239494,-0.7864423063519278
1435671212751532,51.766548026,-1.2623936348,-110.413734,5736501.861719601,619902.8516888185,110.413734,30U,-0.073,-0.425,0.064,-0.00704049782598549,-0.0004827123242766075,-0.78554608042331
1435671212849983,51.766550306,-1.2624276591,-110.991997,5736502.059328377,619900.4979814098,110.991997,30U,-0.081,-0.448,0.061,-0.007056503326003002,-0.0004193494233639658,-0.7845699669473212
1435671212948439,51.766552514,-1.2624617729,-111.569687,5736502.248784237,619898.1382895459,111.569687,30U,-0.088,-0.465,0.058,-0.0070046808527731525,-0.000553643924030339,-0.7836256197831877
1435671213054689,51.7665546537,-1.2624959757,-112.147202,5736502.430499473,619895.7726379111,112.147202,30U,-0.094,-0.48,0.059,-0.00676273360259507,-0.0006440775274132359,-0.7826452343258753
1435671213160934,51.7665567252,-1.262530268,-112.724533,5736502.6044843905,619893.4009917324,112.724533,30U,-0.099,-0.499,0.06,-0.006727017996360361,-0.0006344820038917439,-0.7815411196556916
1435671213259295,51.7665587189,-1.2625646524,-113.302116,5736502.769667147,619891.0231970362,113.302116,30U,-0.111,-0.541,0.067,-0.006777277569132949,-0.00038058520165557854,-0.7802961825118709
1435671213357442,51.7665606151,-1.2625991259,-113.879837,5736502.923861911,619888.6395130076,113.879837,30U,-0.133,-0.602,0.069,-0.007029496846413232,0.00010392609980357114,-0.7788698599101975
1435671213448974,51.7665623991,-1.2626336862,-114.457169,5736503.065437738,619886.2501372804,114.457169,30U,-0.156,-0.676,0.067,-0.007433413604273482,0.0006006159509906406,-0.7772283227673349
1435671213540505,51.7665640621,-1.2626683362,-115.033798,5736503.193411252,619883.854893056,115.033798,30U,-0.184,-0.758,0.065,-0.007430100000695462,0.0009246999997251591,-0.7753646071794246
1435671213644746,51.7665655982,-1.2627030732,-115.609818,5736503.307130784,619881.4539822439,115.609818,30U,-0.211,-0.842,0.064,-0.007268804348929525,0.0011329506614911901,-0.7732666607613546
1435671213751341,51.7665670061,-1.2627379034,-116.185204,5736503.406441577,619879.0469804719,116.185204,30U,-0.238,-0.932,0.065,-0.0068933156064282086,0.001311310235038255,-0.7709883358985224
1435671213858017,51.7665682815,-1.2627728285,-116.760056,5736503.490862663,619876.6337818145,116.760056,30U,-0.264,-1.026,0.062,-0.006792183155674537,0.0015457685723566732,-0.7683741402479372
1435671213963918,51.7665694252,-1.2628078526,-117.333847,5736503.560476274,619874.2141012304,117.333847,30U,-0.289,-1.121,0.054,-0.0070080271655666845,0.0014482066097216478,-0.7654569884346549
1435671214062295,51.7665704375,-1.2628429751,-117.906448,5736503.61531677,619871.787979306,117.906448,30U,-0.315,-1.214,0.051,-0.00769414200742906,0.0009862492103296643,-0.7623691647659046
1435671214160242,51.7665713194,-1.2628781913,-118.478706,5736503.655503089,619869.3557376692,118.478706,30U,-0.343,-1.305,0.056,-0.008256466398052692,0.0006925527069745128,-0.7590231106929999
1435671214251722,51.7665720717,-1.2629135023,-119.050758,5736503.681122399,619866.9172982784,119.050758,30U,-0.368,-1.395,0.057,-0.008193238123111903,0.00037670426309623436,-0.7556104995205599
1435671214343203,51.7665727052,-1.2629489109,-119.621964,5736503.693371139,619864.4724393073,119.621964,30U,-0.386,-1.46,0.048,-0.00791322567129882,-0.00031280375539541794,-0.7523167174740671
1435671214448007,51.7665732421,-1.2629844156,-120.19162,5736503.694720567,619862.0212054249,120.19162,30U,-0.395,-1.496,0.044,-0.007368376117539417,-0.0009567721124639415,-0.7487979173457965
1435671214554715,51.7665736982,-1.263020019,-120.760895,5736503.68692348,619859.5633753635,120.760895,30U,-0.393,-1.519,0.056,-0.007130600000070079,-0.0010902999999456563,-0.7452514071800067
1435671214661374,51.7665740766,-1.2630557284,-121.331299,5736503.670312633,619857.098437201,121.331299,30U,-0.386,-1.544,0.081,-0.007995663586275115,-0.0009115066527382767,-0.7420798918459931
1435671214766130,51.7665743823,-1.2630915472,-121.902824,5736503.645438478,619854.626143082,121.902824,30U,-0.385,-1.562,0.082,-0.010001602138411534,-0.0006768819611075335,-0.7391268176032146
1435671214857575,51.7665746154,-1.2631274615,-122.472816,5736503.612334993,619852.147451823,122.472816,30U,-0.391,-1.571,0.07,-0.011755008748004154,-0.00035251999836023203,-0.7359260479643597
1435671214949019,51.7665747796,-1.2631634696,-123.040176,5736503.571416444,619849.662470913,123.040176,30U,-0.394,-1.584,0.05,-0.013257608604950732,-0.00041261543521895936,-0.7332096029064046
1435671215046976,51.7665748744,-1.263199574,-123.60556,5736503.522623131,619847.171029165,123.60556,30U,-0.396,-1.595,0.051,-0.013243296587434453,-0.0015258655461706063,-0.730989788862842
1435671215145368,51.7665749014,-1.2632357741,-124.171257,5736503.466133978,619844.67316373,124.171257,30U,-0.392,-1.606,0.068,-0.014021509898762545,-0.0015339153921438981,-0.728988823832358
1435671215251257,51.7665748636,-1.2632720822,-124.737045,5736503.402262405,619842.1680179546,124.737045,30U,-0.384,-1.618,0.069,-0.016448208962491197,-0.0007794457982686672,-0.727324691381237
1435671215357925,51.7665747611,-1.2633084884,-125.30162,5736503.331035807,619839.6562746596,125.30162,30U,-0.39,-1.625,0.063,-0.018428142349628338,-0.0006529967166509583,-0.7258343678857603
1435671215464671,51.76657459,-1.2633449779,-125.864845,5736503.252044811,619837.1389653587,125.864845,30U,-0.401,-1.63,0.068,-0.018841958025084614,-0.0006526781259946286,-0.7247481507048633
1435671215569005,51.7665743485,-1.2633815431,-126.427628,5736503.165101745,619834.616619204,126.427628,30U,-0.408,-1.633,0.079,-0.018300299999594025,0.0007733000000442169,-0.7238384071802446
1435671215660312,51.7665740316,-1.2634181977,-126.98867,5736503.069628069,619832.088304131,126.98867,30U,-0.405,-1.646,0.075,-0.01742754221490271,0.0026768433731664417,-0.7226560185038757
1435671215751619,51.7665736475,-1.2634549568,-127.548409,5736502.966510877,619829.552956514,127.548409,30U,-0.401,-1.655,0.068,-0.01780177944986526,0.0035256037114195634,-0.7217353278448376
1435671215849907,51.7665731989,-1.2634918174,-128.106659,5736502.856055363,619827.0107761933,128.106659,30U,-0.394,-1.647,0.076,-0.018425914112206926,0.004788969343498489,-0.7212604602955832
1435671215948420,51.7665726935,-1.2635287497,-128.663574,5736502.739166795,619824.4637989528,128.663574,30U,-0.409,-1.625,0.074,-0.017557647422709474,0.006232518004549781,-0.7200275132844709
1435671216054620,51.7665721394,-1.2635657615,-129.218506,5736502.616733136,619821.911465137,129.218506,30U,-0.388,-1.605,0.068,-0.018227230319146727,0.007116332881148809,-0.7194938248616959
1435671216160817,51.7665715424,-1.2636028864,-129.770798,5736502.489344187,619819.3514409908,129.770798,30U,-0.378,-1.584,0.057,-0.017186908225502985,0.007248329039753706,-0.7202910588514976
1435671216259272,51.7665708975,-1.2636400774,-130.321106,5736502.356521147,619816.7869827286,130.321106,30U,-0.39,-1.552,0.07,-0.016382920171034123,0.0071623745010101405,-0.7208731821751251
1435671216357729,51.7665702061,-1.2636773393,-130.871658,5736502.2184118265,619814.2177554376,130.871658,30U,-0.379,-1.537,0.086,-0.015365388562328315,0.008621897317710908,-0.7210580968458048
1435671216456246,51.7665694665,-1.2637146986,-131.420929,5736502.074783643,619811.6419351194,131.420929,30U,-0.373,-1.516,0.079,-0.013090089231245232,0.009455226135396304,-0.7219707394879749
1435671216554763,51.7665686691,-1.2637521318,-131.966293,5736501.924607635,619809.0611686775,131.966293,30U,-0.374,-1.5,0.076,-0.011632000000066783,0.009049299999166852,-0.7231490071801804
1435671216653156,51.7665677993,-1.2637896249,-132.508698,5736501.766283193,619806.4764607549,132.508698,30U,-0.379,-1.488,0.094,-0.01004537671171021,0.008770801109098402,-0.7237828440527848
1435671216751549,51.766566882,-1.2638272118,-133.051743,5736501.602523674,619803.8854063211,133.051743,30U,-0.361,-1.472,0.091,-0.009109931728580826,0.008951584522606809,-0.7248901604317426
1435671216850010,51.7665659134,-1.2638648998,-133.590469,5736501.432894511,619801.2875117316,133.590469,30U,-0.345,-1.452,0.071,-0.01084616393006935,0.009599027250766742,-0.7266760826055851
1435671216948472,51.7665648869,-1.2639026587,-134.124847,5736501.256711364,619798.6848782405,134.124847,30U,-0.355,-1.431,0.064,-0.012838770460083174,0.009730520424679836,-0.7272375922328808
1435671217054632,51.7665638022,-1.2639404775,-134.656326,5736501.073958947,619796.0782656278,134.656326,30U,-0.355,-1.412,0.069,-0.014521103497859388,0.009112693984393473,-0.7283226176593313
1435671217160790,51.7665626557,-1.2639783521,-135.185486,5736500.884243662,619793.4679663146,135.185486,30U,-0.374,-1.393,0.072,-0.012170878834814993,0.008120638716395562,-0.7299354118596247
1435671217259233,51.7665614476,-1.2640162618,-135.710571,5736500.68762175,619790.8554080509,135.710571,30U,-0.387,-1.368,0.054,-0.007318142586824596,0.006438011379455547,-0.7308746981693207
1435671217357458,51.7665601887,-1.2640542493,-136.231644,5736500.485224116,619788.2376159495,136.231644,30U,-0.362,-1.352,0.052,-0.0031346365356455562,0.004726934282099447,-0.7322668772770645
1435671217448926,51.7665588785,-1.2640923364,-136.751022,5736500.276959349,619785.6130871313,136.751022,30U,-0.351,-1.34,0.064,-0.0007681057274026859,0.003998494345428888,-0.7341272766818
1435671217540394,51.7665574946,-1.2641304706,-137.265869,5736500.060422672,619782.9855033695,137.265869,30U,-0.36,-1.317,0.06,-0.0006401000005877572,0.0026542000002858306,-0.7351955071801045
1435671217644641,51.7665560339,-1.2641686419,-137.773087,5736499.835285773,619780.3555628529,137.773087,30U,-0.351,-1.295,0.052,-2.340178825377269e-05,0.0008234362845037746,-0.7360106230315144
1435671217751254,51.7665545384,-1.2642069162,-138.281219,5736499.60611109,619777.7186073087,138.281219,30U,-0.331,-1.275,0.067,-7.71974033268904e-05,-7.748767601610658e-05,-0.7379015517337806
1435671217857972,51.7665529824,-1.2642452554,-138.785568,5736499.370103204,619775.0773336483,138.785568,30U,-0.328,-1.246,0.066,-0.0022119682789386317,0.00025060912726951296,-0.7400169939483738
1435671217963918,51.766551364,-1.2642836317,-139.285263,5736499.127096491,619772.4336650812,139.285263,30U,-0.339,-1.218,0.071,-0.003552512869704912,0.0003476966413460056,-0.7408873692277365
1435671218062375,51.7665496801,-1.2643220432,-139.781891,5736498.876749329,619769.7877409018,139.781891,30U,-0.342,-1.202,0.091,-0.00441789889152662,0.00035667650346451514,-0.7418673770621211
1435671218160391,51.7665479291,-1.2643605067,-140.275177,5736498.6188562075,619767.1384061379,140.275177,30U,-0.332,-1.182,0.081,-0.004181076289315547,0.0004431919823030249,-0.7435829425214856
1435671218251817,51.766546115,-1.2643990182,-140.761719,5736498.353868524,619764.4859261884,140.761719,30U,-0.347,-1.164,0.067,-0.0033526104860156425,-0.00044482409728243007,-0.7448364900656567
1435671218343242,51.766544231,-1.264437559,-141.244873,5736498.0810607895,619761.831609335,141.244873,30U,-0.349,-1.151,0.084,-0.002114591680742143,-0.0010397854590039602,-0.7450709946716537
1435671218448071,51.7665422836,-1.2644761677,-141.725861,5736497.801092458,619759.1727749722,141.725861,30U,-0.334,-1.145,0.098,-0.0010118134946879138,-0.0009711082783557495,-0.7464271040668012
1435671218554815,51.7665402444,-1.2645148038,-142.200302,5736497.510871783,619756.5122927428,142.200302,30U,-0.347,-1.135,0.105,0.0009027999992248866,-0.0005938000004386311,-0.7478846071797649
1435671218661410,51.7665380929,-1.2645534206,-142.664032,5736497.208195722,619753.8534391727,142.664032,30U,-0.354,-1.125,0.102,0.0025943613694279126,-0.0005863608102640272,-0.7482348562900929
1435671218766107,51.7665359009,-1.2645921353,-143.129837,5736496.900856445,619751.1879374506,143.129837,30U,-0.346,-1.124,0.111,0.004049727551870032,-0.0007993068667395164,-0.7488164824339939
1435671218857514,51.7665336211,-1.2646308853,-143.588455,5736496.583696686,619748.5202321328,143.588455,30U,-0.337,-1.109,0.089,0.004800773178017323,-0.0011716475937755962,-0.7499220040123423
1435671218948920,51.7665312701,-1.2646696809,-144.037125,5736496.258545566,619745.8495685725,144.037125,30U,-0.322,-1.087,0.065,0.00515971049023775,-0.0026255725513892594,-0.7512919855287309
1435671219046973,51.7665288501,-1.2647085007,-144.479507,5736495.925682884,619743.1774175303,144.479507,30U,-0.33,-1.057,0.081,0.004924309676868583,-0.0039386713038518486,-0.7520115429018982
1435671219145469,51.7665263586,-1.2647473317,-144.917694,5736495.584851969,619740.5046826063,144.917694,30U,-0.325,-1.036,0.106,0.004177396545331056,-0.004810530577336278,-0.7525874295968765
1435671219251327,51.7665237895,-1.2647861893,-145.351486,5736495.23534918,619737.8303173325,145.351486,30U,-0.326,-1.032,0.121,0.004371341706640237,-0.004875995435862961,-0.753522828531239
1435671219357950,51.7665211344,-1.2648250676,-145.780457,5736494.87625007,619735.1547510219,145.780457,30U,-0.34,-1.037,0.122,0.005071959065216087,-0.004842773135439152,-0.7541463204272143
1435671219464690,51.7665183897,-1.2648639708,-146.204102,5736494.507147401,619732.477703386,146.204102,30U,-0.35,-1.046,0.119,0.0067511043289267035,-0.005227800488020382,-0.7545886781107188
1435671219569026,51.7665155182,-1.264902856,-146.61615,5736494.123974729,619729.8022329345,146.61615,30U,-0.356,-1.058,0.114,0.00923960000019067,-0.005789799999566391,-0.7552720071802024
1435671219660380,51.766512498,-1.2649416921,-147.011032,5736493.72434769,619727.1305434852,147.011032,30U,-0.359,-1.064,0.096,0.011535492926648967,-0.006927846785108625,-0.7562291723704844
1435671219751733,51.7665094413,-1.2649806367,-147.409302,5736493.320484909,619724.45146377,147.409302,30U,-0.356,-1.077,0.102,0.012448039832273348,-0.00851389185984665,-0.7571320396608786
1435671219849967,51.7665062672,-1.2650195764,-147.798752,5736492.90357596,619721.7730324087,147.798752,30U,-0.359,-1.079,0.112,0.013084718296376812,-0.010115608490284426,-0.7575331552246305
1435671219948423,51.7665029926,-1.2650585051,-148.178726,5736492.475510246,619719.0956255655,148.178726,30U,-0.361,-1.068,0.105,0.01350137801377448,-0.011091775038245074,-0.7580717008795153
1435671220054572,51.7664996256,-1.2650974382,-148.549606,5736492.037163258,619716.4181591942,148.549606,30U,-0.351,-1.063,0.092,0.013876495135535476,-0.012417148323072467,-0.7593560131818412
1435671220160724,51.7664961706,-1.265136379,-148.909714,5736491.58901889,619713.7403939377,148.909714,30U,-0.347,-1.045,0.068,0.011456181695723792,-0.015751483935984044,-0.7607245171443728
1435671220259241,51.7664926326,-1.2651753085,-149.259888,5736491.131664359,619711.0636275472,149.259888,30U,-0.347,-1.016,0.07,0.009512562126422482,-0.019239856468804967,-0.7605841739433844
1435671220357755,51.7664890246,-1.2652142345,-149.60376,5736490.666532551,619708.3872874172,149.60376,30U,-0.341,-0.993,0.08,0.008119851426295257,-0.021516037959105175,-0.7609627916458461
1435671220456175,51.7664853471,-1.2652531687,-149.94249,5736490.193659859,619705.7105649149,149.94249,30U,-0.344,-0.97,0.091,0.008570841373889913,-0.023390853834076793,-0.7625967734451271
1435671220554596,51.7664815441,-1.2652920162,-150.266739,5736489.706974497,619703.0401562566,150.266739,30U,-0.351,-0.948,0.104,0.009177699999350464,-0.025048099999622358,-0.7632810071798484
1435671220653032,51.766477579,-1.2653307402,-150.569962,5736489.202466696,619700.3786974404,150.569962,30U,-0.332,-0.934,0.112,0.008698291810240684,-0.0260926712177578,-0.7633782856311997
1435671220751467,51.7664736202,-1.265369612,-150.881348,5736488.698418316,619697.707023302,150.881348,30U,-0.321,-0.919,0.108,0.00818891441197462,-0.02717254780772325,-0.7644148579146162
1435671220849986,51.766469546,-1.2654084189,-151.179184,5736488.181644653,619695.0401320418,151.179184,30U,-0.333,-0.898,0.106,0.007943161834391048,-0.028387137658693176,-0.7654114800879294
1435671220948509,51.7664653594,-1.2654471571,-151.464127,5736487.652485558,619692.3782779038,151.464127,30U,-0.335,-0.884,0.103,0.007835378591847155,-0.029914352499709872,-0.765810624862542
1435671221054589,51.7664610718,-1.2654858653,-151.738708,5736487.112145256,619689.7187604187,151.738708,30U,-0.323,-0.876,0.111,0.00791301245315075,-0.0315155781707744,-0.7662507418783902
1435671221160668,51.7664566791,-1.265524541,-152.003174,5736486.560171906,619687.061762916,152.003174,30U,-0.324,-0.869,0.115,0.007879272962800355,-0.032741891602533484,-0.7670430060152214
1435671221259184,51.766452177,-1.2655631638,-152.256714,5736485.996120793,619684.4087043474,152.256714,30U,-0.332,-0.861,0.118,0.007995808061139935,-0.03408463996120506,-0.7677348193623276
1435671221357477,51.7664476183,-1.2656017926,-152.506607,5736485.42576695,619681.7553809455,152.506607,30U,-0.332,-0.85,0.122,0.008496894585208338,-0.03519470605753032,-0.7681769294254991
1435671221448867,51.7664434216,-1.2656409078,-152.80748,5736484.894873035,619679.0675379744,152.80748,30U,-0.321,-0.838,0.12,0.008570865117349056,-0.03609174763610356,-0.7687617868684867
1435671221540257,51.7664396401,-1.265680599,-153.167587,5736484.409208249,619676.3388523932,153.167587,30U,-0.317,-0.819,0.115,0.008276900000840708,-0.03719489999980547,-0.7694868071798086
1435671221644526,51.7664362762,-1.2657209106,-153.592422,5736483.968966686,619673.5662543225,153.592422,30U,-0.317,-0.798,0.118,0.008200808912857436,-0.03837459603805497,-0.7700426069956176
1435671221751180,51.7664333401,-1.2657619763,-154.096573,5736483.575063326,619670.7404915708,154.096573,30U,-0.31,-0.774,0.121,0.008272651769957584,-0.039565624183233075,-0.7706096508769662
1435671221857901,51.7664306723,-1.265803548,-154.6521,5736483.21016794,619667.8791049133,154.6521,30U,-0.302,-0.748,0.122,0.008235460554162827,-0.04065122072853879,-0.7712343519841713
1435671221963848,51.7664278674,-1.265845094,-155.201553,5736482.830069944,619665.0198537837,155.201553,30U,-0.294,-0.725,0.122,0.007854343623987993,-0.041722865717433305,-0.7717839137331793
1435671222062290,51.7664249135,-1.2658864534,-155.733551,5736482.433709997,619662.1738717096,155.733551,30U,-0.296,-0.718,0.132,0.00737621999895301,-0.04269465317845016,-0.772247748530888
1435671222160293,51.7664218247,-1.2659274514,-156.237671,5736482.022942909,619659.353182561,156.237671,30U,-0.303,-0.736,0.136,0.007110067334139048,-0.04340796328518618,-0.7727613138187689
1435671222251716,51.7664186196,-1.2659678626,-156.698441,5736481.600206919,619656.5732897071,156.698441,30U,-0.31,-0.753,0.131,0.007146321493130389,-0.04430328806191405,-0.7736018936906075
1435671222343139,51.7664153248,-1.2660075147,-157.105835,5736481.168742757,619653.8460114787,157.105835,30U,-0.318,-0.759,0.128,0.007384604649691383,-0.045196291473942295,-0.7743808374431717
1435671222447858,51.766412007,-1.2660471846,-157.512238,5736480.734693126,619651.1175654605,157.512238,30U,-0.318,-0.757,0.133,0.007913618167922324,-0.04601496550366362,-0.7752604218371406
1435671222554477,51.766408697,-1.2660871336,-157.934402,5736480.301054472,619648.3698405236,157.934402,30U,-0.311,-0.749,0.134,0.007681400000841413,-0.04681690000024393,-0.7764518071796581
1435671222661181,51.7664054082,-1.2661275914,-158.38591,5736479.868940135,619645.58695195,158.38591,30U,-0.306,-0.748,0.137,0.006751266777192162,-0.04771080721008136,-0.7779575052072119
1435671222765968,51.7664021137,-1.2661690431,-158.897064,5736479.434562853,619642.7354989969,158.897064,30U,-0.324,-0.744,0.146,0.006412869086039833,-0.0485902082746658,-0.7790924654600023
1435671222857333,51.7663988112,-1.2662113992,-159.46257,5736478.997813798,619639.8216632229,159.46257,30U,-0.332,-0.736,0.134,0.007382549896252291,-0.049544127552219576,-0.7796228747162908
1435671222948698,51.7663954732,-1.2662539467,-160.031616,5736478.556804606,619636.8947142813,160.031616,30U,-0.303,-0.727,0.117,0.008385695909596546,-0.0512034300262926,-0.7819263833345802
1435671223046711,51.7663920964,-1.2662965855,-160.601105,5736478.111332533,619633.9615677829,160.601105,30U,-0.313,-0.702,0.132,0.00857289065921246,-0.05252968008774171,-0.783772553221768
1435671223145167,51.7663886826,-1.2663393015,-161.17366,5736477.6616208935,619631.0231918572,161.17366,30U,-0.292,-0.683,0.161,0.007387219741086828,-0.05209545334344339,-0.7845730466994687
1435671223251122,51.7663852364,-1.2663821217,-161.748398,5736477.2081369525,619628.0777113353,161.748398,30U,-0.288,-0.66,0.163,0.005905386818635459,-0.050685000422010525,-0.7862151232450635
1435671223357851,51.7663817451,-1.26642501,-162.322662,5736476.749527619,619625.1276506848,162.322662,30U,-0.304,-0.649,0.146,0.005368856547797955,-0.04974282332521976,-0.7874855847785065
1435671223464552,51.7663781934,-1.2664679681,-162.895508,5736476.284088655,619622.1729330444,162.895508,30U,-0.315,-0.651,0.132,0.006171124904920219,-0.04986185654822431,-0.7885428095551791
1435671223568852,51.7663745872,-1.2665110154,-163.468475,5736475.812444361,619619.2122042032,163.468475,30U,-0.31,-0.666,0.143,0.006412899999311544,-0.050595099999260824,-0.789960807178921
1435671223660182,51.7663709309,-1.2665541558,-164.042816,5736475.335077662,619616.245183417,164.042816,30U,-0.316,-0.673,0.145,0.006387732321827188,-0.0508067787634398,-0.7912380858881372
1435671223751512,51.7663671877,-1.2665973793,-164.616989,5736474.847912571,619613.2726579565,164.616989,30U,-0.321,-0.69,0.143,0.005558212065642386,-0.05118694059708806,-0.792373331006587
1435671223849810,51.7663633701,-1.2666406889,-165.191513,5736474.352334261,619610.2943877603,165.191513,30U,-0.337,-0.719,0.142,0.005203675136873281,-0.05146685411665783,-0.79403979633809
1435671223948332,51.7663594767,-1.2666840727,-165.765884,5736473.848206568,619607.3111976116,165.765884,30U,-0.351,-0.738,0.135,0.005560014032573937,-0.05188143953292877,-0.7957759109654735
1435671224054441,51.7663555241,-1.266727537,-166.339935,5736473.337365197,619604.3226089145,166.339935,30U,-0.349,-0.726,0.127,0.006170010192797568,-0.05238923292272561,-0.7975825110515474
1435671224160536,51.7663515356,-1.2667710949,-166.914063,5736472.822379787,619601.3276561694,166.914063,30U,-0.333,-0.701,0.13,0.006495849552322072,-0.05310299015140006,-0.799846592203814
1435671224258844,51.7663475079,-1.2668147386,-167.489899,5736472.302896159,619598.3268862884,167.489899,30U,-0.341,-0.706,0.153,0.006261613217393849,-0.05326643688656249,-0.8023660158721323
1435671224357162,51.7663434,-1.2668584604,-168.068237,5736471.774367482,619595.3209389298,168.068237,30U,-0.358,-0.744,0.159,0.005935920170565869,-0.05275489424155306,-0.8051977463622105
1435671224455811,51.7663392017,-1.2669022597,-168.646484,5736471.235660449,619592.3098824368,168.646484,30U,-0.378,-0.783,0.153,0.005695069594532618,-0.05280259334824512,-0.8082399431222739
1435671224554459,51.7663349204,-1.2669461379,-169.224899,5736470.687595695,619589.2936006305,169.224899,30U,-0.395,-0.826,0.156,0.005469000000749668,-0.052879900000456545,-0.8118648071797142
1435671224652972,51.7663305559,-1.2669900952,-169.803986,5736470.130150662,619586.2720802214,169.803986,30U,-0.423,-0.886,0.163,0.0051664346259991285,-0.053014329296391716,-0.8163883068807842
1435671224751485,51.7663260464,-1.2670341252,-170.384262,5736469.556463294,619583.2459261187,170.384262,30U,-0.459,-0.982,0.177,0.004189817308361909,-0.053027825841976246,-0.8219607299983909
1435671224849884,51.7663213957,-1.2670782367,-170.965744,5736468.966941749,619580.2145210505,170.965744,30U,-0.494,-1.094,0.183,0.0010400401967896058,-0.052772647971559776,-0.8289949475712223
1435671224948279,51.766316613,-1.2671224141,-171.547318,5736468.362634723,619577.1789170731,171.547318,30U,-0.555,-1.173,0.177,-0.0018116329227408387,-0.05086659069425081,-0.8366137856952474
1435671225054417,51.7663116797,-1.2671666234,-172.128098,5736467.741529525,619574.1415093138,172.128098,30U,-0.637,-1.306,0.162,-1.6366633074359104e-06,-0.04861200673714618,-0.8459849447241145
1435671225160570,51.7663065597,-1.2672108832,-172.70813,5736467.099581111,619571.1011097378,172.70813,30U,-0.692,-1.433,0.171,0.0015233347541780324,-0.05146059476382158,-0.8594822134317237
1435671225259214,51.7663013174,-1.2672551848,-173.291641,5736466.443965452,619568.0581484284,173.291641,30U,-0.745,-1.492,0.224,0.0019144739007338968,-0.05036770962058511,-0.8723846250261275
1435671225357632,51.7662959592,-1.267299524,-173.879135,5736465.775401157,619565.0128982476,173.879135,30U,-0.777,-1.561,0.23,-0.0005086644871171616,-0.040558052628805,-0.8861649426500411
1435671225449034,51.7662904897,-1.2673439419,-174.464752,5736465.094332401,619561.9625111131,174.464752,30U,-0.803,-1.615,0.202,-0.003761086745504462,-0.028714318218226703,-0.905849357892921
1435671225540437,51.7662849263,-1.2673883709,-175.048645,5736464.4028050145,619558.9116054311,175.048645,30U,-0.895,-1.637,0.204,-0.0052355999996737315,-0.018838199999592513,-0.9289109071803043
1435671225644753,51.7662792707,-1.2674327347,-175.633881,5736463.701133138,619555.8654414003,175.633881,30U,-0.992,-1.648,0.219,-0.004236645026263668,-0.010495445605425356,-0.9517949581495494
1435671225751461,51.7662734973,-1.2674770788,-176.217346,5736462.986395281,619552.8209471366,176.217346,30U,-1.035,-1.682,0.197,-0.0015180246841766192,-0.003256623602745396,-0.9754120895857494
1435671225858102,51.7662676285,-1.2675214654,-176.799438,5736462.260980505,619549.7737716244,176.799438,30U,-1.069,-1.729,0.206,-0.0004972131323127439,0.0033455113226312414,-1.0021669595312745
1435671225963967,51.7662616681,-1.2675658342,-177.382401,5736461.525410245,619546.7280655135,177.382401,30U,-1.166,-1.726,0.199,-0.0008370530152059351,0.011656703948804872,-1.0300803179529856
1435671226062361,51.7662556209,-1.2676101328,-177.96283,5736460.780304193,619543.6874317118,177.96283,30U,-1.237,-1.739,0.19,-0.003979943588129961,0.018890125649706418,-1.059272770030858
1435671226160318,51.766249486,-1.2676544198,-178.543671,5736460.025466192,619540.6478291717,178.543671,30U,-1.294,-1.76,0.209,-0.005115739832688274,0.025171185945217875,-1.0930385723908427
1435671226251743,51.7662432612,-1.2676986456,-179.12738,5736459.260732888,619537.6126860976,179.12738,30U,-1.403,-1.77,0.266,-0.0062431513916016285,0.032091430812633756,-1.1304980623766616
1435671226343167,51.7662369475,-1.2677427462,-179.709885,5736458.4863203885,619534.5864158435,179.709885,30U,-1.535,-1.746,0.2,-0.005534876840755625,0.0380774926328013,-1.1683148843365632
1435671226448036,51.7662305319,-1.267786729,-180.29187,5736457.70077086,619531.5685421342,180.29187,30U,-1.633,-1.749,0.232,-0.008424281582377124,0.04272822346785622,-1.2073579839995885
1435671226554825,51.7662240843,-1.2678306165,-180.86174,5736456.911820748,619528.5573277996,180.86174,30U,-1.709,-1.652,0.026,-0.002590800000654609,0.04368170000075733,-1.2450131071803
1435671226661289,51.7662176255,-1.2678743574,-181.419327,5736456.121867217,619525.5562576023,181.419327,30U,-1.847,-1.552,0.03,0.01399623988215217,0.04178592439000403,-1.2816091613472782
1435671226765872,51.7662111186,-1.2679179636,-181.972015,5736455.326787226,619522.5646079127,181.972015,30U,-1.869,-1.529,-0.058,0.027706296831820524,0.03891786544575877,-1.320234664902818
1435671226857296,51.7662045417,-1.2679616049,-182.518753,5736454.523867043,619519.570720332,182.518753,30U,-1.902,-1.569,-0.066,0.03447290580711995,0.03578239786111791,-1.3627849001717762
1435671226948720,51.7661979054,-1.2680051343,-183.066528,5736453.714526377,619516.5847098825,183.066528,30U,-2.014,-1.492,-0.046,0.030202957284225014,0.03467973880251177,-1.4036538383728063
1435671227046827,51.7661912514,-1.2680485305,-183.612671,5736452.903437437,619513.6079361218,183.612671,30U,-2.057,-1.433,-0.048,0.022601463186382172,0.03227689875617703,-1.4447295545023449
1435671227145380,51.7661845831,-1.2680918506,-184.16185,5736452.09088473,619510.6364501523,184.16185,30U,-2.116,-1.351,0.012,0.020033130399036113,0.030755180466610996,-1.490598561168009
1435671227251174,51.7661779181,-1.268135004,-184.714798,5736451.278973957,619507.6764569172,184.714798,30U,-2.222,-1.237,0.047,0.01886962068564128,0.030433973092238897,-1.5384379858166282
1435671227357723,51.7661712457,-1.2681779659,-185.269287,5736450.466555827,619504.7296958878,185.269287,30U,-2.324,-1.155,0.065,0.02112828380009374,0.031048489171768986,-1.5856649116582104
1435671227464459,51.766164544,-1.268220767,-185.82283,5736449.651144586,619501.7941065985,185.82283,30U,-2.412,-1.108,0.052,0.020209266775672648,0.031887444094950104,-1.633977648465779
1435671227568816,51.7661578159,-1.2682634057,-186.375854,5736448.833065333,619498.8697917911,186.375854,30U,-2.518,-1.033,0.078,0.01779059999990501,0.03277810000073716,-1.6843171071800362
1435671227660327,51.7661511071,-1.2683058188,-186.927795,5736448.01750375,619495.9609915954,186.927795,30U,-2.632,-0.887,0.054,0.016910345589744063,0.032628441019344964,-1.7348587803226243
1435671227751837,51.7661444026,-1.2683480116,-187.474976,5736447.202783026,619493.0673799352,187.474976,30U,-2.735,-0.771,0.027,0.018755585122192695,0.030465989628458305,-1.7850301692753419
1435671227850043,51.7661377069,-1.2683899964,-188.018494,5736446.389383411,619490.1880962296,188.018494,30U,-2.84,-0.667,0.003,0.022062604792930166,0.027270752227801266,-1.8353121857254746
1435671227948464,51.7661310416,-1.2684317636,-188.557358,5736445.579722671,619487.3237458502,188.557358,30U,-2.934,-0.519,-0.028,0.028231482661487596,0.022920214655603916,-1.883784274640259
1435671228054617,51.7661244247,-1.2684733172,-189.095978,5736444.775795946,619484.4740052781,189.095978,30U,-3.012,-0.392,0.014,0.0315482322007204,0.018984665789417116,-1.9311958678515835
1435671228160771,51.7661178411,-1.2685146926,-189.63887,5736443.975865988,619481.6364717871,189.63887,30U,-3.07,-0.284,0.064,0.03278688721166751,0.016605347414511803,-1.9788947643536545
1435671228259196,51.7661113187,-1.2685559081,-190.183441,5736443.18300546,619478.8098090118,190.183441,30U,-3.109,-0.137,0.072,0.034989762864509985,0.014593142807474813,-2.0250526543671095
1435671228357623,51.7661048745,-1.2685969749,-190.730194,5736442.399086508,619475.9931992762,190.730194,30U,-3.136,0.007,0.124,0.03659142089900879,0.013650665330793128,-2.0693367243381036
1435671228456107,51.766098513,-1.2686379167,-191.279236,5736441.624570712,619473.1849954078,191.279236,30U,-3.136,0.151,0.103,0.038189984864424195,0.01443967407252214,-2.1118516526923607
1435671228554591,51.7660922471,-1.2686787743,-191.820175,5736440.8608257845,619470.3823481495,191.820175,30U,-3.13,0.257,0.017,0.039857499999255114,0.011646700000785123,-2.1528693071683485
1435671228653057,51.7660860615,-1.2687195462,-192.356766,5736440.106152711,619467.5854014177,192.356766,30U,-3.126,0.364,0.03,0.04105004614105948,0.0075198816974228,-2.192453683683937
1435671228751523,51.766079943,-1.2687602463,-192.895523,5736439.359060788,619464.7932309733,192.895523,30U,-3.105,0.486,0.058,0.039782129418093656,0.005254177776414808,-2.2296046061618133
1435671228849919,51.7660739132,-1.2688008733,-193.436874,5736438.621954195,619462.0058695069,193.436874,30U,-3.087,0.588,0.097,0.03845342106388377,0.004152649080298728,-2.2646642512712987
1435671228948313,51.7660679721,-1.2688414359,-193.980774,5736437.894818673,619459.222716732,193.980774,30U,-3.055,0.7,0.104,0.03882331053532662,0.003605623109688735,-2.297427974637195
1435671229054518,51.7660621282,-1.2688819494,-194.524399,5736437.178574409,619456.4426945179,194.524399,30U,-3.022,0.801,0.112,0.04019414998227168,0.0029524773541369613,-2.327190121648575
1435671229160726,51.7660563637,-1.2689224238,-195.067581,5736436.471225541,619453.6651598732,195.067581,30U,-2.992,0.867,0.097,0.040852855482410355,0.0017687081397829867,-2.3548546308579854
1435671229259176,51.7660506683,-1.2689628668,-195.608795,5736435.771614023,619450.8896086992,195.608795,30U,-2.958,0.938,0.086,0.04173387083169056,-0.0002500167223788133,-2.380218221690504
1435671229357408,51.7660450525,-1.2690032806,-196.150116,5736435.080903917,619448.1158614911,196.150116,30U,-2.921,1.013,0.098,0.04178846558939493,-0.0020269546742702526,-2.4026086865362974
1435671229448925,51.7660395098,-1.2690436661,-196.692596,5736434.398370905,619445.3438733213,196.692596,30U,-2.886,1.078,0.112,0.04340272341756327,-0.003580335440818305,-2.422180336900945
1435671229540442,51.7660340402,-1.2690840221,-197.234741,5736433.724016948,619442.5737270063,197.234741,30U,-2.854,1.117,0.098,0.04588760000027024,-0.0049049999997963405,-2.43891100717276
1435671229644715,51.7660286343,-1.2691243426,-197.775375,5736433.056806528,619439.8058613756,197.775375,30U,-2.826,1.151,0.1,0.04802939394814698,-0.005983219575915284,-2.4524325989127433
1435671229751351,51.7660232651,-1.2691646558,-198.315643,5736432.393690878,619437.0384018957,198.315643,30U,-2.795,1.191,0.094,0.049518071647008284,-0.007443442608239975,-2.4621894207895165
1435671229857996,51.7660179447,-1.2692049464,-198.855423,5736431.736040654,619434.272372343,198.855423,30U,-2.771,1.196,0.106,0.050677282769789764,-0.009271102903464511,-2.469416438128646
1435671229963873,51.7660126471,-1.2692452116,-199.397278,5736431.080969068,619431.508034556,199.397278,30U,-2.756,1.183,0.137,0.048468251719411944,-0.008863504771482249,-2.4759901737022063
1435671230062328,51.7660073805,-1.2692854529,-199.940338,5736430.429385557,619428.7452633955,199.940338,30U,-2.729,1.205,0.13,0.04668477794929476,-0.007251180424295261,-2.480811939918633
1435671230160343,51.7660021624,-1.2693256758,-200.48085,5736429.783227224,619425.9836331757,200.48085,30U,-2.702,1.222,0.108,0.04546862264445089,-0.008134707466430038,-2.483128375948091
1435671230251768,51.7659969778,-1.269365874,-201.022079,5736429.140836285,619423.2236181983,201.022079,30U,-2.682,1.225,0.142,0.046468923924703365,-0.00817285006120006,-2.4838857415755204
1435671230343193,51.7659918203,-1.2694060505,-201.565247,5736428.501496105,619420.46502836,201.565247,30U,-2.664,1.217,0.141,0.048252201073008344,-0.006249546176751839,-2.4830383072022975
1435671230448001,51.7659866755,-1.2694462129,-202.105682,5736427.86359286,619417.7073772659,202.105682,30U,-2.65,1.191,0.105,0.04917110767393832,-0.005354195565660376,-2.4815103655677833
1435671230554722,51.765981542,-1.2694863424,-202.643158,5736427.227001644,619414.9519658249,202.643158,30U,-2.639,1.169,0.107,0.04793050000084138,-0.006004600000623884,-2.4799319071757586
1435671230661321,51.7659764377,-1.2695264231,-203.181976,5736426.593739086,619412.19984391,203.181976,30U,-2.621,1.164,0.14,0.045859475516866845,-0.005466837480210581,-2.477630343742628
1435671230766023,51.7659713382,-1.2695665048,-203.72258,5736425.961010199,619409.4476396895,203.72258,30U,-2.599,1.157,0.132,0.045942340983404675,-0.004095810914771084,-2.4751906157698533
1435671230857452,51.7659662627,-1.2696065615,-204.259521,5736425.330992717,619406.697096512,204.259521,30U,-2.578,1.142,0.098,0.04795225949535556,-0.005134947936834037,-2.4733307183235564
1435671230948882,51.7659612092,-1.269646599,-204.794098,5736424.703454731,619403.9478194561,204.794098,30U,-2.555,1.131,0.097,0.0492689034984758,-0.006158752963984533,-2.4714751090290576
1435671231046951,51.7659561701,-1.2696866112,-205.330399,5736424.077561057,619401.2002494865,205.330399,30U,-2.537,1.101,0.135,0.04875638387749229,-0.005489757735614388,-2.4689060616009417
1435671231145463,51.7659511389,-1.2697266379,-205.867249,5736423.452523684,619398.4516575318,205.867249,30U,-2.469,1.062,0.103,0.0487376158214655,-0.005275873735708218,-2.466360984210613
1435671231251300,51.7659461339,-1.2697667422,-206.400635,5736422.830274387,619395.697641364,206.400635,30U,-2.375,1.012,0.083,0.04834743501251263,-0.008013055446696045,-2.464228297945788
1435671231357901,51.7659411481,-1.2698069552,-206.933792,5736422.209983812,619392.9360735359,206.933792,30U,-2.265,0.961,0.094,0.04922966311429556,-0.01043316469520255,-2.4622842832740863
1435671231464672,51.7659361898,-1.2698472839,-207.468719,5736421.592563524,619390.1664491432,207.468719,30U,-2.162,0.915,0.109,0.04886047172568429,-0.010755301108335487,-2.4600325201931685
1435671231569032,51.7659312541,-1.2698876849,-208.004562,5736420.977539677,619387.3917757459,208.004562,30U,-2.074,0.855,0.121,0.048555099999377564,-0.010428199999680168,-2.4579504071647076
1435671231660367,51.7659263401,-1.269928137,-208.540207,5736420.364846897,619384.6135185375,208.540207,30U,-1.982,0.801,0.116,0.047253921615322624,-0.010089005413880655,-2.4563332621535494
1435671231751703,51.765921434,-1.2699687255,-209.075699,5736419.752810904,619381.8258281696,209.075699,30U,-1.881,0.761,0.117,0.04518400281139186,-0.009358943366457966,-2.4544899888112974
1435671231849989,51.7659165616,-1.2700093949,-209.61145,5736419.144391692,619379.0324661119,209.61145,30U,-1.776,0.726,0.123,0.04569176136965281,-0.008773440425663866,-2.4521958933278776
1435671231948499,51.7659117242,-1.2700501558,-210.148331,5736418.5397164915,619376.2326975313,210.148331,30U,-1.663,0.682,0.142,0.04820194210062902,-0.008847871811993573,-2.4503759205849254
1435671232054605,51.765906915,-1.270091035,-210.685471,5736417.937985236,619373.4246911516,210.685471,30U,-1.54,0.621,0.124,0.05074068503660368,-0.008602390959485257,-2.4489826397764887
1435671232160698,51.7659021255,-1.2701320411,-211.220718,5736417.338238605,619370.6078759951,211.220718,30U,-1.421,0.552,0.111,0.05165695168392302,-0.00842769991443691,-2.447517683566567
1435671232259013,51.7658973536,-1.2701731705,-211.755386,5736416.740248977,619367.7825060033,211.755386,30U,-1.302,0.486,0.108,0.050684063277940644,-0.008516796803306961,-2.446368895129454
1435671232357338,51.7658926024,-1.2702144212,-212.290649,5736416.1443643775,619364.9487110008,212.290649,30U,-1.191,0.435,0.122,0.049481454709114615,-0.008828513518775017,-2.445959788608883
1435671232455975,51.7658878841,-1.2702557682,-212.827301,5736415.551982459,619362.108183826,212.827301,30U,-1.094,0.417,0.129,0.04965817335027889,-0.008564617781104714,-2.445230862371123
1435671232554612,51.7658832046,-1.2702971245,-213.363617,5736414.963901748,619359.2669119843,213.363617,30U,-1.05,0.395,0.137,0.05035450000014829,-0.008047899999243657,-2.444145207170537
1435671232653046,51.7658785423,-1.2703384031,-213.899414,5736414.3778625745,619356.4309555261,213.899414,30U,-1.036,0.372,0.147,0.05139793535451587,-0.007134790530368129,-2.443677145923654
1435671232751480,51.7658738807,-1.2703796991,-214.435654,5736413.791874376,619353.5937960057,214.435654,30U,-1.02,0.372,0.143,0.052002374157763015,-0.0062213962883358575,-2.44317913107435
1435671232849968,51.7658692433,-1.2704209267,-214.970154,5736413.208690929,619350.761291704,214.970154,30U,-1.007,0.366,0.135,0.05174860089342197,-0.005482135563375675,-2.442297845656312
1435671232948457,51.7658646224,-1.2704620892,-215.50293,5736412.627450537,619347.9332352348,215.50293,30U,-0.996,0.355,0.129,0.051334124691128954,-0.004860241362741504,-2.4416710256129295
1435671233054608,51.7658600224,-1.2705032055,-216.034012,5736412.048611566,619345.108310882,216.034012,30U,-0.961,0.348,0.114,0.05131859321904563,-0.004859429510622635,-2.4412263637858893
1435671233160755,51.7658554485,-1.2705443058,-216.563354,5736411.472702868,619342.2844211115,216.563354,30U,-0.914,0.328,0.108,0.051554064222575996,-0.005544519404391117,-2.4406541019495265
1435671233259205,51.7658508963,-1.270585402,-217.091965,5736410.899215657,619339.4607564239,217.091965,30U,-0.862,0.303,0.11,0.052037022645258446,-0.005957279958501392,-2.440050392962687
1435671233357436,51.7658463653,-1.2706265036,-217.620667,5736410.328078782,619336.6366626342,217.620667,30U,-0.814,0.279,0.116,0.05235351245225827,-0.006416501365795317,-2.439534742503769
1435671233448914,51.7658418514,-1.2706676112,-218.149719,5736409.758835316,619333.8121091581,218.149719,30U,-0.767,0.257,0.125,0.05257447880628282,-0.00664285727037008,-2.4392989290788565
1435671233540393,51.765837366,-1.2707086691,-218.678009,5736409.192844159,619330.990909281,218.678009,30U,-0.72,0.244,0.127,0.05279880000077962,-0.0063130999992313565,-2.4387805071767126
1435671233644629,51.7658329097,-1.2707496378,-219.204041,5736408.63023666,619328.1757869596,219.204041,30U,-0.678,0.224,0.122,0.05336340127987756,-0.006128800042240826,-2.438138980674894
1435671233751228,51.7658284578,-1.270790674,-219.730591,5736408.068009608,619325.355994906,219.730591,30U,-0.652,0.205,0.125,0.05337447983060843,-0.006183698848518203,-2.4379129943263353
1435671233857884,51.7658240228,-1.2708316239,-220.25589,5736407.507804741,619322.5421124883,220.25589,30U,-0.648,0.208,0.124,0.05347679543657137,-0.006019630276977893,-2.437662806509329
1435671233963779,51.7658196108,-1.2708724627,-220.779633,5736406.95034099,619319.7358348464,220.779633,30U,-0.657,0.214,0.12,0.05308459645977118,-0.006007215777933725,-2.4370263356329422
1435671234062301,51.7658152127,-1.2709131875,-221.302002,5736406.394611102,619316.9373860848,221.302002,30U,-0.673,0.212,0.12,0.05289093812238061,-0.006134961834662542,-2.436621667327579
1435671234160382,51.7658108287,-1.2709537983,-221.823227,5736405.840637309,619314.1467656817,221.823227,30U,-0.682,0.217,0.118,0.05258240643732057,-0.00615061347615553,-2.4365761740988954
1435671234251860,51.7658064661,-1.2709943005,-222.343124,5736405.289222568,619311.363581789,222.343124,30U,-0.687,0.222,0.113,0.05187660426229707,-0.0060824763754270435,-2.4362802334703866
1435671234343337,51.7658021231,-1.2710347147,-222.861511,5736404.740132999,619308.5864177409,222.861511,30U,-0.687,0.223,0.107,0.05136472997680449,-0.00618451808163448,-2.435744700848948
1435671234448095,51.7657977938,-1.2710750494,-223.378937,5736404.192698557,619305.8147025919,223.378937,30U,-0.693,0.219,0.111,0.05080640439206057,-0.006367773092548548,-2.435370439216028
1435671234554749,51.7657934838,-1.2711152226,-223.894714,5736403.6476761475,619303.0540796531,223.894714,30U,-0.7,0.227,0.115,0.05054349999966006,-0.006489300000100442,-2.435167407175992
1435671234661350,51.7657892003,-1.271155175,-224.407898,5736403.105963443,619300.3086217046,224.407898,30U,-0.713,0.237,0.118,0.05064009906240145,-0.006692522602165597,-2.4346300974254027
1435671234766041,51.7657849224,-1.2711951389,-224.922211,5736402.564856191,619297.5623549455,224.922211,30U,-0.729,0.243,0.121,0.051132471089446796,-0.006821753988193068,-2.4340618885228156
1435671234857366,51.7657806608,-1.2712349439,-225.434555,5736402.025823046,619294.8270089217,225.434555,30U,-0.747,0.251,0.12,0.051839081196579664,-0.006948366397722178,-2.433683863872761
1435671234948690,51.7657764159,-1.2712745892,-225.945206,5736401.488909784,619292.1026377882,225.945206,30U,-0.772,0.263,0.118,0.05290756247775364,-0.007425238637391444,-2.4332945210941213
1435671235046853,51.765772188,-1.2713140736,-226.454132,5736400.954151713,619289.38932356,226.454132,30U,-0.806,0.275,0.116,0.05330274366723078,-0.008453177955095502,-2.432867723445013
1435671235145471,51.7657679692,-1.271353407,-226.961304,5736400.420654085,619286.6864039612,226.961304,30U,-0.822,0.27,0.11,0.05292310976251999,-0.009317707037707772,-2.432682841432934
1435671235251329,51.7657637657,-1.2713926143,-227.466736,5736399.88906564,619283.9921445278,227.466736,30U,-0.826,0.272,0.107,0.05209088268392491,-0.009363300936982738,-2.4322472873622494
1435671235357941,51.7657595836,-1.2714317195,-227.970657,5736399.3600254655,619281.3048731633,227.970657,30U,-0.83,0.279,0.099,0.05096256234254202,-0.009197628187948356,-2.4317345155097723
1435671235464708,51.7657554169,-1.2714707091,-228.473557,5736398.832888394,619278.625537201,228.473557,30U,-0.867,0.292,0.111,0.05030409202552005,-0.009531404563146002,-2.431396753772966
1435671235569073,51.7657512664,-1.2715094273,-228.97551,5736398.307998197,619275.9648848888,228.97551,30U,-0.93,0.322,0.127,0.04990930000083288,-0.009116700000228331,-2.4308870071694955
1435671235660471,51.76574713,-1.2715477884,-229.473938,5736397.785261481,619273.3288351556,229.473938,30U,-0.994,0.338,0.124,0.048201143108096076,-0.007663131592436899,-2.430248870481057
1435671235751869,51.7657429925,-1.271586125,-229.972748,5736397.262443896,619270.6944783479,229.972748,30U,-1.058,0.369,0.118,0.04701560984932453,-0.004936019905888974,-2.4295146614458103
1435671235850127,51.7657388712,-1.2716241818,-230.468536,5736396.741886848,619268.0793848193,230.468536,30U,-1.143,0.416,0.116,0.04722755556859391,-0.0021718707391281213,-2.428900015475387
1435671235948606,51.7657347671,-1.2716619441,-230.961594,5736396.223725555,619265.4845662571,230.961594,30U,-1.237,0.463,0.114,0.04904385727849977,-0.00047162080749473185,-2.428355364887417
1435671236054657,51.7657306722,-1.2716994166,-231.452728,5736395.707062647,619262.9097194505,231.452728,30U,-1.344,0.503,0.121,0.05117700746754804,0.0004626194900437276,-2.427845955935343
1435671236160710,51.7657265802,-1.2717365918,-231.94194,5736395.191209756,619260.3553785201,231.94194,30U,-1.452,0.534,0.115,0.05201736750644072,0.001325161024865083,-2.4273610514583277
1435671236259218,51.7657224904,-1.2717734752,-232.427246,5736394.676080012,619257.8211658112,232.427246,30U,-1.555,0.573,0.091,0.051507807459468424,0.0013948367991354809,-2.4268398379020444
1435671236357726,51.7657184126,-1.2718100943,-232.90976,5736394.162718237,619255.3051579726,232.90976,30U,-1.653,0.621,0.099,0.050882109764024484,0.0009729000420924931,-2.425994462423927
1435671236456263,51.7657143443,-1.2718464602,-233.39209,5736393.6508282395,619252.8065956897,233.39209,30U,-1.754,0.66,0.112,0.050499159573164615,0.001537131772155936,-2.4250096916697896
1435671236554799,51.7657102855,-1.271882442,-233.870895,5736393.140624041,619250.3345112047,233.870895,30U,-1.85,0.702,0.105,0.05103199999979724,0.001740400000618397,-2.424079707167391
1435671236653185,51.7657062386,-1.271917951,-234.34407,5736392.632517541,619247.895018593,234.34407,30U,-1.951,0.739,0.117,0.052110623031462064,0.001792658851539804,-2.4234243930357207
1435671236751571,51.7657021857,-1.2719534185,-234.820236,5736392.123812849,619245.4584048869,234.820236,30U,-2.049,0.77,0.113,0.05243360076485296,0.0028172260988812295,-2.423238324723349
1435671236849963,51.7656981366,-1.2719885552,-235.290314,5736391.616072827,619243.0446062656,235.290314,30U,-2.142,0.805,0.089,0.051070070187837914,0.0027473370994814455,-2.4230702829394373
1435671236948356,51.7656941001,-1.2720233617,-235.758682,5736391.110275081,619240.6535581448,235.758682,30U,-2.239,0.858,0.131,0.05051103385964403,0.003926924569524824,-2.422405943483312
1435671237054562,51.7656900762,-1.2720578455,-236.230423,5736390.606407315,619238.2847430266,236.230423,30U,-2.343,0.894,0.163,0.05065701449855114,0.0068857606031857595,-2.422534629680841
1435671237160772,51.7656860536,-1.2720920262,-236.697144,5736390.103180815,619235.9368382725,236.697144,30U,-2.442,0.927,0.128,0.050654253644237875,0.007395874244162168,-2.4234815666011706
1435671237259230,51.7656820383,-1.2721259287,-237.154144,5736389.601222079,619233.6081099538,237.154144,30U,-2.514,0.96,-0.003,0.04983501773892511,0.006019778069713622,-2.4238606583629823
1435671237357469,51.7656780505,-1.2721595867,-237.600525,5736389.102722359,619231.2961795118,237.600525,30U,-2.598,1.021,-0.02,0.04882995351623047,0.001979056533720941,-2.423632569625713
1435671237448906,51.7656740742,-1.2721929855,-238.048309,5736388.605926357,619229.0021034313,238.048309,30U,-2.706,1.048,0.051,0.04749737274939464,-0.000553618553924332,-2.4241688790932017
1435671237540342,51.7656700936,-1.2722259339,-238.499161,5736388.109389578,619226.7391163601,238.499161,30U,-2.812,1.084,0.112,0.0480159999999972,-0.0007608000008106525,-2.425361507164252
1435671237644623,51.7656661298,-1.27225832,-238.947052,5736387.61564138,619224.5148839345,238.947052,30U,-2.906,1.146,0.122,0.04844686704133595,-0.0005759157355118222,-2.4263970115156055
1435671237751283,51.7656621881,-1.2722907208,-239.397202,5736387.124327805,619222.2895785625,239.397202,30U,-3.0,1.206,0.116,0.04992640703748252,-0.00013276814216766323,-2.4267982035788838
1435671237857993,51.765658252,-1.2723227401,-239.841583,5736386.634261657,619220.0905819627,239.841583,30U,-3.106,1.225,0.08,0.05097312294587341,0.0003475976968853808,-2.4278688917608293
1435671237963918,51.765654318,-1.2723543992,-240.279327,5736386.145018854,619217.916433641,240.279327,30U,-3.201,1.279,0.074,0.05123944703518117,-6.12235391474001e-05,-2.4293539667824646
1435671238062247,51.7656504063,-1.2723857214,-240.716568,5736385.658807652,619215.7654726574,240.716568,30U,-3.3,1.324,0.091,0.050481824647129206,0.0002817640083998485,-2.430183137524249
1435671238160154,51.7656464966,-1.2724167096,-241.150543,5736385.173365786,619213.6375524022,241.150543,30U,-3.405,1.358,0.087,0.05038304988835822,-0.00033413066307316395,-2.4318406279329157
1435671238251745,51.7656426004,-1.2724473608,-241.582031,5736384.689977003,619211.5328495862,241.582031,30U,-3.5,1.406,0.084,0.04930699453621972,-0.0005849380806896545,-2.4337981706167424
1435671238343336,51.7656387206,-1.2724777211,-242.011703,5736384.208888419,619209.4481756255,242.011703,30U,-3.597,1.458,0.099,0.04834836511766964,1.613407493284787e-05,-2.4355390479352406
1435671238448020,51.7656348639,-1.2725078125,-242.44043,5736383.730809129,619207.3819948513,242.44043,30U,-3.686,1.522,0.102,0.04970070311810312,0.00022956196270960583,-2.437002056933676
1435671238554574,51.7656310348,-1.2725374161,-242.864288,5736383.256597354,619205.3493997703,242.864288,30U,-3.777,1.569,0.096,0.050967499999423634,0.000943000000334464,-2.4388107071672653
1435671238661283,51.7656272181,-1.2725663967,-243.277878,5736382.78478371,619203.3597593957,243.277878,30U,-3.858,1.6,0.053,0.05221068004349191,0.0004540619976042007,-2.441116434886177
1435671238766078,51.7656234135,-1.2725955077,-243.692398,5736382.314103314,619201.3610890474,243.692398,30U,-3.92,1.635,0.054,0.05243756158364151,-0.0017833382592634035,-2.4433709189353996
1435671238857479,51.7656196338,-1.2726242616,-244.104843,5736381.846776447,619199.3869930806,244.104843,30U,-3.957,1.673,0.08,0.05459778175433906,-0.0030642362071348146,-2.4452361188490443
1435671238948880,51.7656158848,-1.2726527149,-244.514465,5736381.383355733,619197.4335576594,244.514465,30U,-3.977,1.688,0.068,0.05427093513388731,-0.0037295655895773026,-2.4471487369324576
1435671239046860,51.7656121493,-1.2726809378,-244.920944,5736380.921813653,619195.4959842177,244.920944,30U,-3.988,1.687,0.071,0.054256301708753285,-0.004416690408099246,-2.4489352231600625
1435671239145279,51.7656084485,-1.2727089594,-245.324524,5736380.464460206,619193.572208982,245.324524,30U,-3.964,1.708,0.055,0.053276877690494016,-0.006100501073036125,-2.4495910650618455
1435671239251186,51.7656047736,-1.2727367937,-245.725586,5736380.0102938805,619191.6612891245,245.725586,30U,-3.954,1.687,0.08,0.052019014413085526,-0.007241669594621051,-2.4491327817777515
1435671239357870,51.7656011124,-1.272764496,-246.12767,5736379.557867552,619189.7594410203,246.12767,30U,-3.94,1.675,0.094,0.052157104099049105,-0.00670175053316668,-2.4489212888178336
1435671239464618,51.7655974781,-1.2727921065,-246.528976,5736379.10858344,619187.8638560554,246.528976,30U,-3.905,1.68,0.087,0.05322432605709993,-0.006646212452926871,-2.4488747514982854
1435671239568958,51.7655938734,-1.2728193481,-246.924713,5736378.66319467,619185.9936473608,246.924713,30U,-3.881,1.667,0.089,0.05396589999956281,-0.006760299999261894,-2.448503607163035
1435671239660300,51.7655902872,-1.2728460392,-247.310486,5736378.220763613,619184.1613748062,247.310486,30U,-3.86,1.644,0.079,0.053224735268741684,-0.006764652578145004,-2.4479166445056495
1435671239751641,51.7655867153,-1.2728730924,-247.703186,5736377.7793317055,619182.3040789415,247.703186,30U,-3.833,1.63,0.086,0.05324551666503507,-0.005574744131495224,-2.4469283972999873
1435671239849863,51.7655831507,-1.272899864,-248.090881,5736377.339172505,619180.4661942978,248.090881,30U,-3.822,1.593,0.077,0.05217575863711602,-0.005575579364044754,-2.446305077339888
1435671239948307,51.765579605,-1.2729263837,-248.474319,5736376.901527449,619178.6456409887,248.474319,30U,-3.786,1.6,0.082,0.05194405867923397,-0.006572831557584658,-2.445437191373023
1435671240054446,51.7655761025,-1.2729527112,-248.856918,5736376.469001276,619176.8382356458,248.856918,30U,-3.753,1.604,0.09,0.05336788030262899,-0.005593123109998511,-2.4429860457878942
1435671240160589,51.7655726159,-1.2729788378,-249.236404,5736376.038572251,619175.0446504914,249.236404,30U,-3.747,1.572,0.085,0.05419745463085936,-0.004233088270395577,-2.4398484849321425
1435671240259119,51.7655691267,-1.2730047084,-249.612747,5736375.608273081,619173.2687362223,249.612747,30U,-3.79,1.563,0.085,0.055831107166795756,-0.0034879041772068065,-2.4367482086899903
1435671240357648,51.7655656436,-1.2730303499,-249.986954,5736375.179027279,619171.5086137962,249.986954,30U,-3.84,1.576,0.085,0.054850832787473006,-0.0028103128322607873,-2.4337798412212983
1435671240456146,51.7655621599,-1.2730557772,-250.359085,5736374.750065404,619169.7632727437,250.359085,30U,-3.912,1.579,0.093,0.051982267413256,-0.0007583524418247769,-2.4309796199421134
1435671240554644,51.765558684,-1.2730806182,-250.725769,5736374.322929616,619168.0583663207,250.725769,30U,-3.978,1.611,0.086,0.050657699999304126,0.0019282999993877972,-2.427965207179642
1435671240652924,51.7655552195,-1.2731046476,-251.079773,5736373.898388376,619166.409431046,251.079773,30U,-4.052,1.633,0.063,0.05230447301996713,0.0026302671624458835,-2.4260011071890952
1435671240751203,51.7655517651,-1.2731289933,-251.437851,5736373.474454017,619164.7386438062,251.437851,30U,-4.131,1.67,0.054,0.05587414998288026,0.0012876297613361699,-2.424984309712997
1435671240849809,51.7655483157,-1.2731528346,-251.792007,5736373.051900452,619163.1026473879,251.792007,30U,-4.231,1.695,0.087,0.05728911676558175,0.00045893483993870906,-2.4237636138852348
1435671240948427,51.7655448669,-1.2731762002,-252.142853,5736372.63019144,619161.4994730516,252.142853,30U,-4.327,1.722,0.078,0.05707419768943604,0.0002791132616731141,-2.422641396323201
1435671241054492,51.7655414138,-1.2731991753,-252.48584,5736372.2086428255,619159.9232547972,252.48584,30U,-4.429,1.73,0.025,0.05329399491463051,-0.000600328661069116,-2.422636651942335
1435671241160554,51.7655379588,-1.2732217503,-252.823456,5736371.78753716,619158.3746487218,252.823456,30U,-4.513,1.776,0.042,0.051510246906163945,-0.0004635585871370434,-2.4232670296299577
1435671241259119,51.7655345415,-1.2732439195,-253.158752,5736371.371287517,619156.85394386,253.158752,30U,-4.594,1.854,0.066,0.05149440286131954,0.0008913194904406436,-2.423868887834751
1435671241357461,51.7655311528,-1.2732657663,-253.495026,5736370.958745621,619155.355409475,253.495026,30U,-4.687,1.894,0.096,0.05219665663362074,0.00212860725233964,-2.424639437522271
1435671241448928,51.7655277688,-1.2732873317,-253.831635,5736370.547186622,619153.8762794556,253.831635,30U,-4.783,1.934,0.109,0.054350897660602804,0.003017131599728544,-2.4254824912586983
1435671241540394,51.7655243998,-1.2733082017,-254.160355,5736370.138432359,619152.4450932356,254.160355,30U,-4.87,1.96,0.093,0.05195589999993448,0.004686500000208387,-2.4258497071719614
1435671241644684,51.7655210194,-1.2733281123,-254.472519,5736369.729978274,619151.080136696,254.472519,30U,-4.955,1.974,0.016,0.04801070860501877,0.006564045118089842,-2.4271301264388505
1435671241751350,51.7655176664,-1.2733484578,-254.784958,5736369.323861067,619149.6850991156,254.784958,30U,-5.027,2.045,0.003,0.043896588004806364,0.006459683799493334,-2.427924331638373
1435671241857959,51.7655143398,-1.2733682524,-255.093445,5736368.921580175,619148.3280046488,255.093445,30U,-5.115,2.087,0.029,0.04300201570060555,0.00785821309573415,-2.42811064276095
1435671241963799,51.7655110288,-1.2733875336,-255.400146,5736368.521873269,619147.0062941943,255.400146,30U,-5.204,2.124,0.08,0.04448674456061829,0.008040233602107028,-2.4286221589712027
1435671242062234,51.765507719,-1.273406411,-255.701553,5736368.122959884,619145.7124431292,255.701553,30U,-5.286,2.139,0.015,0.043619720041148106,0.005584781310583934,-2.4302900502681206
1435671242160236,51.7655044306,-1.2734248884,-255.995163,5736367.727080161,619144.4461360663,255.995163,30U,-5.348,2.194,-0.011,0.04274760844017773,0.0005934882549636278,-2.431345793597107
1435671242251729,51.7655011683,-1.2734429724,-256.281433,5736367.33474597,619143.2069052309,256.281433,30U,-5.416,2.223,-0.044,0.043109009605777925,-0.005395729103038233,-2.4322435353930496
1435671242343222,51.765497929,-1.2734607678,-256.566406,5736366.945441334,619141.9875274482,256.566406,30U,-5.475,2.271,0.03,0.04640196119668735,-0.009922900428821034,-2.433336860076514
1435671242448041,51.7654947078,-1.2734783224,-256.858185,5736366.558543233,619140.7847173604,256.858185,30U,-5.545,2.286,0.1,0.045417650068026935,-0.008167160202317425,-2.434547887076926
1435671242554765,51.7654914948,-1.273495132,-257.14621,5736366.173774425,619139.6332915362,257.14621,30U,-5.602,2.326,0.15,0.04683730000020785,-0.003167100000071855,-2.435602807169011
1435671242661319,51.7654883081,-1.2735108766,-257.422333,5736365.793670488,619138.5552827755,257.422333,30U,-5.664,2.361,0.136,0.046253268277725405,0.001708824997793155,-2.436460771131064
1435671242765982,51.7654851472,-1.2735272118,-257.707336,5736365.415471071,619137.4364537089,257.707336,30U,-5.716,2.413,0.115,0.0501388705383451,0.0036633040126816925,-2.4370136857134166
1435671242857405,51.7654820118,-1.2735429949,-257.97876,5736365.041009614,619136.3556530124,257.97876,30U,-5.776,2.426,0.018,0.05051185855040487,0.00349870242456914,-2.4377801284317666
1435671242948828,51.7654788845,-1.2735582797,-258.237457,5736364.668263207,619135.3092142362,258.237457,30U,-5.832,2.448,-0.039,0.04967094869440058,0.0024044431085634204,-2.438378253080584
1435671243046849,51.7654757753,-1.2735731769,-258.488007,5736364.298163054,619134.289472602,258.488007,30U,-5.895,2.471,-0.014,0.046028571289406045,0.0008096815314190374,-2.4390784856691092
1435671243145309,51.7654726822,-1.2735876646,-258.740051,5736363.9305225015,619133.2979445131,258.740051,30U,-5.948,2.515,0.05,0.04564841752441491,0.0007729103203821242,-2.4394308314644113
1435671243251256,51.7654696226,-1.273601746,-258.991211,5736363.567271298,619132.3343633619,258.991211,30U,-6.005,2.539,0.062,0.04468070524314051,4.893901651795773e-05,-2.4395977631840124
1435671243357975,51.7654665742,-1.2736155512,-259.23996,5736363.20571699,619131.3898107833,259.23996,30U,-6.063,2.566,0.032,0.04301415662627078,-0.0013840836353730553,-2.440371624895587
1435671243464630,51.7654635454,-1.2736291451,-259.483124,5736362.8466876885,619130.4597864725,259.483124,30U,-6.116,2.592,0.015,0.04334832093580127,-0.005548744403196566,-2.440918253081226
1435671243568905,51.7654605381,-1.2736419292,-259.716553,5736362.491372359,619129.5855827887,259.716553,30U,-6.164,2.624,0.027,0.04394169999947624,-0.008641299999888328,-2.441421807169244
1435671243660326,51.7654575503,-1.2736535298,-259.937347,5736362.140159017,619128.7929908468,259.937347,30U,-6.208,2.638,0.077,0.04304836238482151,-0.009837271683707622,-2.441781437183446
1435671243751747,51.765454571,-1.2736659114,-260.172699,5736361.788615264,619127.9464862947,260.172699,30U,-6.25,2.644,0.115,0.042509895601365755,-0.009185296323262954,-2.442123303568134
1435671243850052,51.765451608,-1.273677713,-260.404907,5736361.439831771,619127.1399595527,260.404907,30U,-6.277,2.667,0.104,0.04192984554039378,-0.005749040419718685,-2.4423952956089514
1435671243948579,51.7654486753,-1.2736890143,-260.628906,5736361.095235216,619126.3678743581,260.628906,30U,-6.3,2.695,0.117,0.04204698874111535,-0.003142635082901473,-2.4424022043377156
1435671244054606,51.7654457677,-1.273699949,-260.847992,5736360.754028909,619125.6210189136,260.847992,30U,-6.334,2.697,0.093,0.039041436578923706,0.001063848665957715,-2.442170641435304
1435671244160637,51.765442868,-1.2737105209,-261.057373,5736360.4142938815,619124.8991763026,261.057373,30U,-6.358,2.697,0.008,0.036729079479920476,0.0022383915951560904,-2.442286764176918
1435671244259220,51.7654399929,-1.2737207322,-261.257111,5736360.077883676,619124.2021507613,261.257111,30U,-6.372,2.72,0.002,0.03665482205055731,-0.0007005599669140561,-2.442276871755438
1435671244357800,51.7654371533,-1.2737307341,-261.454681,5736359.745763452,619123.5194805788,261.454681,30U,-6.38,2.731,-0.014,0.036677164516457576,-0.00421011225172217,-2.442073810149524
1435671244456308,51.7654343156,-1.2737406085,-261.648193,5736359.414062883,619122.8456029942,261.648193,30U,-6.401,2.697,-0.003,0.03239275141332579,-0.0083796484519488,-2.4429009824718624
1435671244554816,51.7654314863,-1.2737496542,-261.834869,5736359.084650189,619122.2288847324,261.834869,30U,-6.402,2.708,0.062,0.02812499999990505,-0.008977600000756637,-2.44307700716488
1435671244653165,51.76542869,-1.2737574349,-262.00946,5736358.760973705,619121.6993663884,262.00946,30U,-6.395,2.725,0.096,0.027619823846513313,-0.007170889250336285,-2.442407267118997
1435671244751513,51.7654259288,-1.2737662198,-262.201691,5736358.439560327,619121.1004642844,262.201691,30U,-6.388,2.738,0.106,0.03127355937256896,-0.006358883198662322,-2.4416382613497336
1435671244849902,51.7654231838,-1.273774429,-262.384064,5736358.120888937,619120.5412436151,262.384064,30U,-6.397,2.717,0.059,0.03697106296487916,-0.007392655188560388,-2.440964311028642
1435671244948292,51.7654204466,-1.2737821532,-262.55484,5736357.803877233,619120.0154680663,262.55484,30U,-6.396,2.704,0.034,0.03947808610376851,-0.010464117404373651,-2.440688743663399
1435671245054568,51.7654177155,-1.2737895452,-262.720886,5736357.48808657,619119.5125986919,262.720886,30U,-6.402,2.68,0.059,0.03253490121509505,-0.00913716996695131,-2.440217891495416
1435671245160846,51.7654150002,-1.2737965909,-262.884583,5736357.1746186735,619119.033582881,262.884583,30U,-6.4,2.687,0.072,0.02898146170471169,-0.005340409585144662,-2.4380210548685355
1435671245259272,51.7654123237,-1.2738032804,-263.046967,5736356.866047461,619118.5790432063,263.046967,30U,-6.392,2.719,0.13,0.033390437801150356,-0.0025298001638480957,-2.4350427119181437
1435671245357482,51.7654096732,-1.2738097958,-263.207062,5736356.560652036,619118.1364481944,263.207062,30U,-6.4,2.681,0.055,0.036545902652775575,-0.0015307237539193368,-2.4320779762352784
1435671245449005,51.7654069976,-1.2738162286,-263.355896,5736356.252600287,619117.6996187294,263.355896,30U,-6.419,2.621,-0.022,0.03782966844538873,-0.004590120840226122,-2.4300840330867453
1435671245540528,51.7654043078,-1.2738217691,-263.490814,5736355.944426915,619117.3243966463,263.490814,30U,-6.416,2.598,-0.001,0.03404779999990359,-0.005787599999826947,-2.4285633071669572
1435671245644741,51.765401643,-1.2738259237,-263.609283,5736355.6412974475,619117.0447379149,263.609283,30U,-6.394,2.607,0.059,0.03506354576153881,-0.0049105045989601935,-2.426158353971957
1435671245751304,51.7653990063,-1.2738312922,-263.748932,5736355.33931014,619116.681244225,263.748932,30U,-6.376,2.587,0.079,0.03410042682208184,-0.003685104728382136,-2.424325793635187
1435671245857946,51.7653963709,-1.2738360857,-263.880219,5736355.03840662,619116.3574229489,263.880219,30U,-6.341,2.551,0.051,0.0362697039775069,-0.0012182905650853732,-2.4231475567462977
1435671245963828,51.7653937616,-1.2738404126,-263.99939,5736354.741167745,619116.0657290433,263.99939,30U,-6.303,2.541,0.0,0.03510522411063004,-0.0005720962290514897,-2.4220633795079753
1435671246062333,51.7653911695,-1.2738444365,-264.111816,5736354.446336553,619115.7948972902,264.111816,30U,-6.278,2.514,0.012,0.03194149329763689,-0.001986092074618119,-2.4208517658325883
1435671246160394,51.7653885845,-1.2738481516,-264.220642,5736354.152799328,619115.5453544916,264.220642,30U,-6.254,2.481,0.01,0.030553439361101456,-0.0040458034181570296,-2.4210456285585065
1435671246251789,51.7653860309,-1.2738515603,-264.321899,5736353.863254464,619115.3168710783,264.321899,30U,-6.21,2.497,-0.021,0.030903208783392398,-0.007612404534969492,-2.4217815945818044
1435671246343183,51.7653835147,-1.2738548503,-264.421906,5736353.57806262,619115.0964796698,264.421906,30U,-6.175,2.483,0.015,0.03203918157498587,-0.010855790752580318,-2.422401337559416
1435671246447983,51.7653810114,-1.2738581025,-264.525757,5736353.294367091,619114.8786625371,264.525757,30U,-6.148,2.458,0.075,0.034247992218204425,-0.012056493770929025,-2.4236146787791495
1435671246554699,51.7653785463,-1.2738604095,-264.620056,5736353.016463513,619114.7259650924,264.620056,30U,-6.109,2.481,0.095,0.035773799999212784,-0.011130500000517267,-2.4237390071687894
1435671246661408,51.7653761071,-1.2738612111,-264.692902,5736352.743899042,619114.6770744014,264.692902,30U,-6.088,2.449,0.107,0.03599366541001714,-0.010623829719622117,-2.4233669853168984
1435671246766201,51.7653736778,-1.2738634407,-264.786621,5736352.470103086,619114.5296234089,264.786621,30U,-6.054,2.431,0.073,0.034508411630014564,-0.009605708439211217,-2.42299833341654
1435671246857584,51.7653712792,-1.2738650491,-264.869476,5736352.200735817,619114.424955359,264.869476,30U,-6.015,2.434,0.067,0.033235969509153744,-0.006723228181441262,-2.421116815512147
1435671246948968,51.7653689071,-1.2738661451,-264.940643,5736351.935152453,619114.3555739443,264.940643,30U,-5.996,2.41,0.073,0.03377370055255399,-0.0056290179022062065,-2.4184963481360864
1435671247046906,51.7653665401,-1.2738669264,-265.007904,5736351.6706502605,619114.3078938922,265.007904,30U,-5.979,2.359,0.052,0.031109046606007364,-0.004888240039321752,-2.416106515897767
1435671247145280,51.7653641679,-1.2738673903,-265.070221,5736351.40608822,619114.2821286238,265.070221,30U,-5.949,2.332,0.057,0.03287494145655038,-0.0041641291248253895,-2.4141990509513302
1435671247251269,51.7653618136,-1.2738675455,-265.122559,5736351.144020991,619114.2776170204,265.122559,30U,-5.919,2.306,-0.021,0.030901358243947765,-0.006338773570871379,-2.4128901094614443
1435671247358045,51.7653594713,-1.2738675989,-265.171844,5736350.8834545165,619114.2800981887,265.171844,30U,-5.893,2.288,0.033,0.030241751248089182,-0.009788301158760677,-2.411723914279743
1435671247464802,51.7653571431,-1.2738676498,-265.225159,5736350.624460139,619114.2827147432,265.225159,30U,-5.871,2.252,0.051,0.024827437846014457,-0.01005740650702598,-2.411124972869195
1435671247569147,51.7653548325,-1.2738666841,-265.264069,5736350.36908346,619114.3554319872,265.264069,30U,-5.833,2.277,0.068,0.028310899999704646,-0.009707599999979092,-2.4104258071655353
1435671247660471,51.7653525779,-1.2738640636,-265.279022,5736350.122637223,619114.5421856657,265.279022,30U,-5.812,2.278,0.087,0.03051193408234952,-0.009472830062047998,-2.4092507376478123
1435671247751795,51.7653503278,-1.2738630501,-265.320404,5736349.874066623,619114.6180419449,265.320404,30U,-5.805,2.253,0.111,0.034680308275521425,-0.008623577820198495,-2.4078657262966376
1435671247850071,51.7653480762,-1.2738613597,-265.349701,5736349.62643483,619114.7406093649,265.349701,30U,-5.814,2.203,0.04,0.03414421612246875,-0.008890669686825527,-2.406737965883059
1435671247948572,51.76534583,-1.2738590988,-265.367554,5736349.380335389,619114.9025279983,265.367554,30U,-5.796,2.228,0.062,0.037707777800748736,-0.00944110599588733,-2.404665857989442
1435671248054678,51.7653436283,-1.2738564759,-265.380432,5736349.139775921,619115.0893080877,265.380432,30U,-5.801,2.228,0.071,0.03838489452783929,-0.00944019731115623,-2.4012773693145357
1435671248160782,51.7653414046,-1.2738534912,-265.389069,5736348.897360864,619115.3011108916,265.389069,30U,-5.831,2.164,0.102,0.03810978972197133,-0.008322430183380667,-2.398926781258233
1435671248259241,51.7653391741,-1.2738501345,-265.393707,5736348.654797222,619115.5386002167,265.393707,30U,-5.842,2.171,0.082,0.03676979530785449,-0.008358785423115635,-2.3971665437877405
1435671248357701,51.7653369736,-1.273846641,-265.395691,5736348.415793236,619115.7854500139,265.395691,30U,-5.838,2.194,0.075,0.03757537919365295,-0.009455659874150034,-2.3938437868479117
1435671248456204,51.7653347918,-1.2738431323,-265.39743,5736348.178893654,619116.0332994323,265.39743,30U,-5.855,2.167,0.052,0.03872589950352932,-0.00930449791643511,-2.390135623091252
1435671248554707,51.7653325864,-1.2738385049,-265.377197,5736347.941196865,619116.35840312,265.377197,30U,-5.884,2.128,0.028,0.04062369999990222,-0.012001300000517405,-2.3880732071680506
1435671248653132,51.765330388,-1.2738320598,-265.332031,5736347.7072475385,619116.8089126742,265.332031,30U,-5.898,2.138,0.119,0.042617776425268115,-0.012401756412752115,-2.385900989876346
1435671248751558,51.7653281972,-1.2738273949,-265.31955,5736347.471235667,619117.1365655569,265.31955,30U,-5.918,2.116,0.111,0.04122390949861666,-0.009058051720572188,-2.3840712207050228
1435671248849839,51.7653259987,-1.2738219931,-265.291901,5736347.235571171,619117.5150860458,265.291901,30U,-5.946,2.108,0.084,0.03874095052486682,-0.00897364678462231,-2.3828966858340097
1435671248948115,51.7653238154,-1.2738159509,-265.25647,5736347.002643073,619117.937755208,265.25647,30U,-5.967,2.136,0.112,0.03937419592109562,-0.010119930087827985,-2.380927982607374
1435671249054431,51.7653216595,-1.2738095102,-265.216309,5736346.77341298,619118.3878494352,265.216309,30U,-5.997,2.147,0.106,0.04095329399199876,-0.00967846375095365,-2.3787336417838705
1435671249160758,51.765319505,-1.2738026848,-265.16571,5736346.54496699,619118.8644849512,265.16571,30U,-6.038,2.125,0.045,0.04104186357850454,-0.009472937357909094,-2.3775784165724763
1435671249259215,51.7653173416,-1.27379546,-265.108063,5736346.316183694,619119.3687032002,265.108063,30U,-6.082,2.127,0.052,0.042076474593552605,-0.011339194427953583,-2.37665719042897
1435671249357451,51.7653151747,-1.2737883487,-265.058411,5736346.08682583,619119.8650990229,265.058411,30U,-6.109,2.135,0.109,0.044673229254443954,-0.015512217202613749,-2.375815307407046
1435671249448820,51.7653128927,-1.2737846119,-265.073914,5736345.839156125,619120.1289518042,265.073914,30U,-6.113,2.118,0.129,0.04177014372330076,-0.018444174088925822,-2.3745334348568483
1435671249540189,51.7653104391,-1.2737842807,-265.155792,5736345.56684057,619120.1582642986,265.155792,30U,-6.126,2.113,0.074,0.0346839999994459,-0.015453899999699403,-2.372625307173988
1435671249644427,51.76530778,-1.2737873743,-265.308014,5736345.2660779,619119.951800877,265.308014,30U,-6.146,2.104,0.163,0.030721671640719872,-0.009734314899628036,-2.370479130439069
1435671249751047,51.7653050107,-1.2737961315,-265.569,5736344.943809232,619119.3548296819,265.569,30U,-6.157,2.134,0.24,0.0317988795786258,-0.0014700607394785192,-2.368415220583841
1435671249857801,51.7653021057,-1.2738080232,-265.88678,5736344.601329983,619118.5419298946,265.88678,30U,-6.165,2.1,0.069,0.03579699289773503,0.0013805299338311553,-2.3675706078320595
1435671249963781,51.7652991821,-1.2738200232,-266.192841,5736344.256605531,619117.7216060836,266.192841,30U,-6.185,2.093,-0.039,0.032607784595607335,-0.0021605832916844173,-2.3674235030702144
1435671250062240,51.7652962383,-1.2738319323,-266.491699,5736343.909783312,619116.9076075914,266.491699,30U,-6.22,2.061,-0.082,0.027898109663296016,-0.009664631035756554,-2.366496122930673
1435671250160262,51.7652933173,-1.2738437297,-266.793182,5736343.565679185,619116.10125646,266.793182,30U,-6.211,2.134,0.028,0.031595396280220935,-0.016354970838402486,-2.364512094264582
1435671250251728,51.7652904077,-1.2738554052,-267.108582,5736343.223042052,619115.3032865187,267.108582,30U,-6.246,2.085,0.134,0.026045160667711464,-0.013356742070770897,-2.362229732647176
1435671250343194,51.7652928962,-1.273895949,-267.861145,5736343.433557825,619112.4991451366,267.861145,30U,-6.284,2.041,0.1,0.022297187025936197,-0.010990432022243797,-2.3616919769649622
1435671250447973,51.765299714,-1.273959403,-268.966492,5736344.0881033335,619108.102765852,268.966492,30U,-6.287,2.082,0.21,0.020212313940777715,-0.010499418062069358,-2.361867345658528
1435671250554653,51.765304365,-1.274010756,-269.895233,5736344.521453623,619104.5470804286,269.895233,30U,-6.3,2.102,0.113,0.01757720000074437,-0.010820099999834158,-2.36008830716972
1435671250661319,51.765306653,-1.2740493589,-270.624023,5736344.712848277,619101.8773935218,270.624023,30U,-6.345,2.026,0.018,0.013620953343026012,-0.014969239718680631,-2.3591191681428687
1435671250766079,51.7653062059,-1.2740741312,-271.135254,5736344.622670533,619100.1692402905,271.135254,30U,-6.376,2.046,0.066,0.01421070690231365,-0.018381209856120923,-2.3581161342285317
1435671250857498,51.7652960684,-1.2740470831,-270.868469,5736343.539487515,619102.0622874176,270.868469,30U,-6.417,2.044,0.143,0.00977901469814313,-0.018191744216727337,-2.3547473980207294
1435671250948916,51.7652837919,-1.2740086079,-270.436005,5736342.237097112,619104.7494549149,270.436005,30U,-6.465,2.031,0.185,0.006567184300443734,-0.014879727966792712,-2.3512719727329983
1435671251046908,51.7652738518,-1.2739825548,-270.190216,5736341.174242905,619106.5733276485,270.190216,30U,-6.497,2.042,0.129,0.00460144626254369,-0.013594544603798468,-2.349095454094806
1435671251145337,51.7652662735,-1.2739688325,-270.132751,5736340.35389773,619107.5401377848,270.132751,30U,-6.528,2.082,0.144,0.004880154244801857,-0.012460065718051595,-2.346953759609753
1435671251251223,51.7652610351,-1.2739673641,-270.26059,5736339.773751272,619107.6552486323,270.26059,30U,-6.567,2.071,0.099,0.006205707038488148,-0.013558522222786463,-2.3452584061330133
1435671251357882,51.7652586813,-1.2739770606,-270.570404,5736339.496156325,619106.9923690091,270.570404,30U,-6.603,2.064,0.098,0.006301350489830821,-0.0159677428647446,-2.3444093659521585
1435671251464644,51.7652573013,-1.2739886268,-270.919769,5736339.323800807,619106.1979135141,270.919769,30U,-6.627,2.069,0.095,0.004714978328173668,-0.01817947053782854,-2.3436369039946436
1435671251660414,51.7652664097,-1.2740613853,-272.961182,5736340.217885892,619101.153476006,272.961182,30U,-6.584,1.918,0.209,0.0036700821332221654,-0.019331162635584764,-2.3478739708617518
1435671251751821,51.7654073822,-1.2744825794,-287.08551,5736355.207165419,619071.719391196,287.08551,30U,-5.967,-0.494,0.821,0.005782520784525695,-0.01274337817034651,-2.4378446335494455
1435671251850002,51.7658037286,-1.2756091485,-325.58725,5736397.444695138,618992.9421176593,325.58725,30U,-4.237,-7.319,2.554,0.011785859802218305,0.0074839352190346365,-2.692266882672901
1435671251948401,51.7663036742,-1.2770218541,-373.977997,5736450.737821788,618894.1504587653,373.977997,30U,-2.077,-15.937,4.709,0.01868614228654559,0.03467766438095733,-3.013774094400319
1435671252054609,51.7665365485,-1.2776966937,-396.870239,5736475.534991686,618846.9747429212,396.870239,30U,-1.028,-19.942,5.721,0.02595235325772089,0.04828537855686761,3.1202327109796997
1435671252160820,51.7665359845,-1.2777265677,-397.477661,5736475.423585646,618844.9149235826,397.477661,30U,-1.036,-19.92,5.722,0.025522537614940832,0.0504285278523923,3.121442243245234
1435671252259278,51.7665350534,-1.2777554045,-398.048401,5736475.273046749,618842.9276349925,398.048401,30U,-1.033,-19.894,5.682,0.023578219261185585,0.050990190616621765,3.1216431649884724
1435671252357735,51.7665341364,-1.2777842077,-398.614899,5736475.124131407,618840.9426276752,398.614899,30U,-0.994,-19.876,5.648,0.0237764517051199,0.049987805329466596,3.1217907815384502
1435671252456164,51.7665332677,-1.2778129703,-399.180939,5736474.9806542955,618838.9602948072,399.180939,30U,-0.963,-19.84,5.665,0.026057693426775087,0.049801889171408785,3.1228716697229957
