timestamp,latitude,longitude,altitude,northing,easting,down,utm_zone,velocity_north,velocity_east,velocity_down,roll,pitch,yaw
1417777759657122,51.7608698402,-1.2615049671,111.239296,5735871.872539052,619979.2234308369,-111.239296,30U,1.739,-2.012,0.114,0.008074199999222818,-0.008284199999262134,0.6859049999996382
1417777759755452,51.7608713722,-1.2615079097,111.228798,5735872.038066302,619979.0163054642,-111.228798,30U,1.666,-2.053,0.102,0.005848851239094905,-0.0036188563915542323,0.638735004127902
1417777759862121,51.7608728269,-1.2615109273,111.219719,5735872.194873924,619978.804209409,-111.219719,30U,1.557,-2.117,0.075,0.005698148425146305,-0.0002486073882064496,0.5912959287771706
1417777759968776,51.7608741584,-1.2615140451,111.215302,5735872.337816092,619978.5855253449,-111.215302,30U,1.407,-2.179,0.008,0.00495878025771737,0.00012031468737459107,0.545628465514845
1417777760075427,51.7608753789,-1.2615172118,111.219109,5735872.468333918,619978.3637610562,-111.219109,30U,1.322,-2.185,-0.075,0.0011753700861094562,-0.0028027462662120442,0.5002606549938888
1417777760182094,51.7608765359,-1.2615203743,111.229004,5735872.591797057,619978.1424549551,-111.229004,30U,1.244,-2.185,-0.125,-0.00329194003996287,-0.006685296366594345,0.45355656079112117
1417777760288761,51.7608775969,-1.2615235611,111.241554,5735872.704544417,619977.9197264656,-111.241554,30U,1.105,-2.22,-0.104,-0.00928719049853405,-0.011006128670542206,0.4079461956296993
1417777760395418,51.7608785149,-1.2615268066,111.248047,5735872.801292712,619977.6933262984,-111.248047,30U,0.942,-2.256,-0.023,-0.015529825201118588,-0.013196370160691518,0.3653626594908305
1417777760499221,51.7608793099,-1.2615300828,111.246872,5735872.88431213,619977.4651336648,-111.246872,30U,0.834,-2.264,0.043,-0.01784420788387313,-0.014107927024807046,0.3232047877919478
1417777760590655,51.7608800117,-1.2615333614,111.241852,5735872.956963175,619977.2370224961,-111.241852,30U,0.724,-2.266,0.049,-0.014750006895482337,-0.01458019422197157,0.2797022567018369
1417777760682088,51.760880612,-1.2615366509,111.237816,5735873.018308851,619977.0084282235,-111.237816,30U,0.615,-2.276,0.03,-0.012725100000315487,-0.015278699999187881,0.23662410000032214
1417777760788881,51.7608811217,-1.261539953,111.235603,5735873.069558513,619976.7792046367,-111.235603,30U,0.524,-2.281,0.016,-0.01209347430453912,-0.015591012172127501,0.19529029214001967
1417777760893767,51.7608815595,-1.2615432492,111.234596,5735873.1128221555,619976.5505788124,-111.234596,30U,0.454,-2.268,0.004,-0.015399181794857034,-0.01557815652017094,0.1545246308181994
1417777760985304,51.760881933,-1.2615465179,111.235321,5735873.148980475,619976.3240211823,-111.235321,30U,0.366,-2.246,-0.021,-0.017686112195552287,-0.01562751373503097,0.11361517544086558
1417777761076841,51.7608822012,-1.2615497582,111.238022,5735873.173475498,619976.0997025446,-111.238022,30U,0.23,-2.228,-0.022,-0.019614881255667214,-0.01668090764314979,0.07364517879779522
1417777761168378,51.7608823605,-1.2615529745,111.237808,5735873.185899638,619975.8773288033,-111.237808,30U,0.135,-2.211,0.028,-0.021006706557246218,-0.017137077911223937,0.034946689791397575
1417777761259915,51.7608824499,-1.2615561585,111.233719,5735873.190603596,619975.657369338,-111.233719,30U,0.064,-2.185,0.044,-0.020114723143558118,-0.01551750560086184,-0.0033020342616475224
1417777761362894,51.7608824706,-1.2615593049,111.229828,5735873.187729543,619975.4401867104,-111.229828,30U,-0.019,-2.16,0.034,-0.01975369161600421,-0.013011292464042349,-0.04052920695964672
1417777761469687,51.7608824145,-1.2615624151,111.227005,5735873.176374398,619975.2257057804,-111.227005,30U,-0.104,-2.134,0.021,-0.019146102571997028,-0.01075075095992638,-0.07583013926371253
1417777761576480,51.7608822868,-1.2615654859,111.225052,5735873.157121704,619975.0141335892,-111.225052,30U,-0.178,-2.105,0.023,-0.01892627153719761,-0.00921769894027554,-0.10904804641454259
1417777761683273,51.7608820993,-1.2615685151,111.221786,5735873.131287312,619974.8055906709,-111.221786,30U,-0.237,-2.078,0.041,-0.019174600000845643,-0.006699900000703363,-0.14035970717989393
1417777761790066,51.7608818567,-1.2615715008,111.217392,5735873.099397019,619974.6001956814,-111.217392,30U,-0.304,-2.043,0.04,-0.018284680746175973,-0.0036381924754580568,-0.17018009805545362
1417777761896859,51.7608815572,-1.2615744326,111.214546,5735873.061267757,619974.3986710792,-111.214546,30U,-0.359,-2.008,0.02,-0.01886925213318978,-0.0016800692549792573,-0.1985724274578062
1417777762003652,51.760881208,-1.2615773211,111.211952,5735873.017682779,619974.2002662887,-111.211952,30U,-0.422,-1.978,0.036,-0.01742154313429117,0.00010844486370206883,-0.22477676358272422
1417777762106631,51.7608808038,-1.2615801553,111.208527,5735872.968070783,619974.0057544486,-111.208527,30U,-0.472,-1.934,0.026,-0.015806746669590404,0.0017561085014477552,-0.2480311986200515
1417777762198168,51.7608803712,-1.2615829199,111.206993,5735872.91541503,619973.8161208723,-111.206993,30U,-0.488,-1.881,0.009,-0.015016781543281834,0.002167209228240762,-0.26910262752040076
1417777762289705,51.760879926,-1.2615855979,111.206009,5735872.861500542,619973.6324968142,-111.206009,30U,-0.506,-1.816,0.015,-0.0145247179752565,0.0028436382624447694,-0.28793286370653476
1417777762381242,51.7608794602,-1.2615881748,111.204048,5735872.805461525,619973.4559041024,-111.204048,30U,-0.528,-1.741,0.018,-0.015148074374340749,0.0042685698314682535,-0.30405195574173655
1417777762472779,51.7608789801,-1.2615906383,111.203369,5735872.748018808,619973.2871748393,-111.203369,30U,-0.539,-1.659,-0.004,-0.014835310061641096,0.0049866851245956535,-0.3175658936858604
1417777762577665,51.760878494,-1.2615929767,111.204033,5735872.690114653,619973.127094419,-111.204033,30U,-0.54,-1.57,-0.005,-0.01352505747169494,0.004973054745418742,-0.3286001576887726
1417777762684458,51.7608780439,-1.2615950487,111.204063,5735872.636652165,619972.985302377,-111.204063,30U,-0.529,-1.487,0.005,-0.012398200000713887,0.005151299999899801,-0.33713220717923087
1417777762774868,51.7608775785,-1.2615971323,111.203629,5735872.581469144,619972.8427503943,-111.203629,30U,-0.504,-1.389,0.002,-0.011331555727446853,0.00534886237877302,-0.34482070204645604
1417777762865277,51.7608771396,-1.2615990671,111.203362,5735872.529477875,619972.7103965975,-111.203362,30U,-0.472,-1.279,0.003,-0.010517220563556699,0.005396549510761095,-0.35149494669675674
1417777762968603,51.7608767299,-1.261600824,111.203499,5735872.481026484,619972.5902419707,-111.203499,30U,-0.439,-1.145,-0.007,-0.01019400740095767,0.004987663516031749,-0.35701700083213606
1417777763074910,51.7608763549,-1.2616023847,111.204659,5735872.4367567105,619972.4835347869,-111.204659,30U,-0.394,-1.011,-0.013,-0.010156129832689235,0.003606439260553553,-0.36123939252234366
1417777763181669,51.7608760231,-1.2616037534,111.205788,5735872.397606899,619972.3899626783,-111.205788,30U,-0.344,-0.879,-0.009,-0.009899118097703802,0.002389567515505028,-0.3644839082315252
1417777763288456,51.760875738,-1.2616049277,111.206482,5735872.363970217,619972.3096819872,-111.206482,30U,-0.292,-0.743,-0.004,-0.00987920164295447,0.0017428685576605036,-0.3670266407737491
1417777763395202,51.7608754964,-1.2616059049,111.206596,5735872.335495247,619972.2428875205,-111.206596,30U,-0.247,-0.607,0.003,-0.00971849679910297,0.001513626068743829,-0.368824724145256
1417777763501955,51.7608752937,-1.2616066885,111.205963,5735872.31166468,619972.189349943,-111.205963,30U,-0.202,-0.476,0.008,-0.009537798311570637,0.0015773535497385902,-0.36987357043743846
1417777763608736,51.7608751371,-1.2616072884,111.20533,5735872.293262918,619972.1483669858,-111.20533,30U,-0.146,-0.354,0.006,-0.009359476903138327,0.0015333867196961645,-0.3707308230207424
1417777763707177,51.7608750282,-1.2616077179,111.204422,5735872.280446009,619972.1190165974,-111.204422,30U,-0.099,-0.241,0.013,-0.009312600000112916,0.001569499999200941,-0.37159630717893727
1417777763787269,51.7608749533,-1.2616079971,111.202766,5735872.2716573635,619972.0999480279,-111.202766,30U,-0.069,-0.149,0.019,-0.009432290151085277,0.0019540542610897967,-0.37200193222143607
1417777763867361,51.7608749031,-1.2616081563,111.200859,5735872.265812919,619972.0890949792,-111.200859,30U,-0.042,-0.074,0.019,-0.009504194538022875,0.002328203288857283,-0.37202223240427484
1417777763969145,51.7608748775,-1.2616082157,111.198921,5735872.2628683215,619972.0850637486,-111.198921,30U,-0.015,-0.01,0.019,-0.009631712036904827,0.0025943154498152925,-0.3721132384337645
1417777764075934,51.7608748719,-1.2616081937,111.196938,5735872.262281756,619972.0865967772,-111.196938,30U,-0.001,0.033,0.022,-0.009620121136045396,0.0028841962654905153,-0.37221622892538797
1417777764182723,51.7608748678,-1.2616081504,111.194672,5735872.261897038,619972.0895957066,-111.194672,30U,-0.008,0.022,0.021,-0.009755100825050834,0.003705589860270987,-0.37207426555794404
1417777764288558,51.7608748573,-1.261608137,111.193092,5735872.260751416,619972.0905482527,-111.193092,30U,-0.014,-0.001,0.011,-0.009897584578119172,0.004505468030870546,-0.3719389226153067
1417777764380092,51.7608748448,-1.2616081351,111.192291,5735872.259364461,619972.0907125053,-111.192291,30U,-0.013,0.006,0.008,-0.01006754759254638,0.004460715376804385,-0.37192864757227556
1417777764471625,51.7608748346,-1.2616081199,111.190796,5735872.25825516,619972.0917884706,-111.190796,30U,-0.01,0.012,0.021,-0.01014745438566287,0.004196698741922124,-0.3718779704294794
1417777764576508,51.7608748266,-1.2616081076,111.188713,5735872.257385744,619972.092658481,-111.188713,30U,-0.009,0.004,0.016,-0.01003401036142168,0.004511374876067106,-0.3719107237180453
1417777764683297,51.760874817,-1.2616081041,111.187721,5735872.256323919,619972.0929254593,-111.187721,30U,-0.012,0.002,0.006,-0.010144400000130685,0.004428500000459283,-0.37193870717884514
1417777764790086,51.7608748061,-1.2616080983,111.186684,5735872.255121311,619972.0933546019,-111.186684,30U,-0.011,0.005,0.016,-0.01014718859121641,0.004099853285814262,-0.371886233802524
1417777764894968,51.7608747968,-1.2616080892,111.184738,5735872.254102062,619972.0940072314,-111.184738,30U,-0.01,0.007,0.019,-0.010127886731473891,0.00432048391179455,-0.37191273360081467
1417777764986502,51.7608747873,-1.2616080801,111.183281,5735872.253060569,619972.0946603917,-111.183281,30U,-0.012,0.005,0.011,-0.010075881448967528,0.004388366459742292,-0.3719394345203763
1417777765078035,51.7608747768,-1.2616080738,111.182167,5735872.251903268,619972.0951229788,-111.182167,30U,-0.011,0.004,0.014,-0.010060663698071917,0.004217414187459068,-0.37190660798383235
1417777765183871,51.7608747682,-1.2616080672,111.180588,5735872.25095775,619972.0956012312,-111.180588,30U,-0.008,0.006,0.016,-0.010144545087606073,0.00426978224886776,-0.3719086159100876
1417777765289707,51.7608747601,-1.2616080583,111.179245,5735872.25007162,619972.0962368782,-111.179245,30U,-0.011,0.006,0.012,-0.01016138859175597,0.004315074272504641,-0.37194717427195606
1417777765381240,51.7608747491,-1.2616080506,111.178009,5735872.248861014,619972.0967974028,-111.178009,30U,-0.012,0.004,0.013,-0.01008943900253607,0.004307618611657886,-0.3719129646178304
1417777765472774,51.7608747389,-1.2616080443,111.176735,5735872.247737074,619972.097259194,-111.176735,30U,-0.01,0.005,0.013,-0.010026485812429348,0.004244418611050979,-0.3719280176899298
1417777765577656,51.7608747311,-1.2616080367,111.175362,5735872.246882169,619972.0978043355,-111.175362,30U,-0.008,0.005,0.014,-0.010082448649958555,0.0042883017211398445,-0.3719489999998001
1417777765684445,51.7608747246,-1.2616080301,111.174225,5735872.246170182,619972.098277021,-111.174225,30U,-0.009,0.004,0.011,-0.010134000000251742,0.004320299999469951,-0.3719336071801632
1417777765789890,51.7608747162,-1.2616080235,111.173042,5735872.245246906,619972.0987547433,-111.173042,30U,-0.01,0.005,0.013,-0.010168882342668318,0.00426025385245463,-0.3719297917333387
1417777765893565,51.7608747073,-1.2616080158,111.171669,5735872.244269836,619972.099309701,-111.171669,30U,-0.009,0.005,0.013,-0.010069432237469924,0.0042815063427837285,-0.37194223482087596
1417777765984846,51.7608746997,-1.2616080079,111.170486,5735872.243437663,619972.0998750139,-111.170486,30U,-0.008,0.005,0.011,-0.01006625824976009,0.0042934056956818656,-0.3719336854372361
1417777766076126,51.7608746938,-1.2616080014,111.169235,5735872.242792238,619972.1003392085,-111.169235,30U,-0.006,0.004,0.014,-0.010122329124915324,0.004287422783800517,-0.37192693987057684
1417777766181742,51.7608746879,-1.2616079954,111.167969,5735872.24214599,619972.1007688991,-111.167969,30U,-0.007,0.004,0.012,-0.010153074691429483,0.0042816854379995935,-0.37192844873738584
1417777766287372,51.7608746806,-1.2616079878,111.166786,5735872.241346685,619972.1013127144,-111.166786,30U,-0.008,0.005,0.012,-0.010108723672530791,0.004276320224320463,-0.3719203398870665
1417777766378880,51.7608746734,-1.2616079811,111.165573,5735872.2405570205,619972.1017941566,-111.165573,30U,-0.008,0.004,0.012,-0.01005057469143107,0.004307817087009764,-0.3719213601297527
1417777766470388,51.7608746673,-1.2616079759,111.164421,5735872.239887218,619972.1021691703,-111.164421,30U,-0.006,0.003,0.011,-0.010086540516793993,0.004277356312850971,-0.3719327227834339
1417777766575126,51.7608746617,-1.2616079712,111.163277,5735872.239272191,619972.1025083553,-111.163277,30U,-0.006,0.004,0.011,-0.010134043687588247,0.004277114562060289,-0.3719232284785371
1417777766681754,51.7608746559,-1.2616079652,111.162148,5735872.238637066,619972.1029377801,-111.162148,30U,-0.007,0.004,0.012,-0.010122999999809194,0.004287900000451243,-0.37192770718014795
1417777766788539,51.7608746559,-1.2616079652,111.162148,5735872.238637066,619972.1029377801,-111.162148,30U,-0.007,0.003,0.012,-0.010088633627334056,0.004293836757100523,-0.3719379202255934
1417777766893412,51.7608746559,-1.2616079652,111.162148,5735872.238637066,619972.1029377801,-111.162148,30U,-0.006,0.003,0.01,-0.010069497474386705,0.00427539113319975,-0.3719330196115799
1417777766984898,51.7608746559,-1.2616079652,111.162148,5735872.238637066,619972.1029377801,-111.162148,30U,-0.005,0.003,0.011,-0.010105589254925756,0.004279925954127365,-0.37192970317184176
1417777767076383,51.7608746559,-1.2616079652,111.162148,5735872.238637066,619972.1029377801,-111.162148,30U,-0.006,0.004,0.01,-0.010128634821479198,0.004297185436560521,-0.3719316284794462
1417777767181873,51.7608746559,-1.2616079652,111.162148,5735872.238637066,619972.1029377801,-111.162148,30U,-0.006,0.004,0.009,-0.01010972466249004,0.004279802524442665,-0.3719260291246119
1417777767288318,51.7608746559,-1.2616079652,111.162148,5735872.238637066,619972.1029377801,-111.162148,30U,-0.005,0.004,0.01,-0.010073008265263616,0.004279965810466164,-0.3719328227925454
1417777767395102,51.7608746559,-1.2616079652,111.162148,5735872.238637066,619972.1029377801,-111.162148,30U,-0.005,0.004,0.011,-0.010053251907821241,0.0042945227831976285,-0.37193583417491016
1417777767496852,51.7608746559,-1.2616079652,111.162148,5735872.238637066,619972.1029377801,-111.162148,30U,-0.005,0.003,0.008,-0.010129581034279873,0.004292048091323201,-0.37193143100416803
1417777767576787,51.7608746559,-1.2616079652,111.162148,5735872.238637066,619972.1029377801,-111.162148,30U,-0.005,0.004,0.009,-0.01012194304237682,0.004263117087781806,-0.37191883987082214
1417777767656722,51.7608746559,-1.2616079652,111.162148,5735872.238637066,619972.1029377801,-111.162148,30U,-0.005,0.005,0.011,-0.010146499999485305,0.0042889999994483,-0.37192380717910245
1417777767755115,51.7608746559,-1.2616079652,111.162148,5735872.238637066,619972.1029377801,-111.162148,30U,-0.004,0.004,0.009,-0.010104776645333992,0.00430164558532142,-0.3719220740758819
1417777767861899,51.7608746559,-1.2616079652,111.162148,5735872.238637066,619972.1029377801,-111.162148,30U,-0.004,0.004,0.009,-0.010119989254489627,0.004284611391733441,-0.3719220056956271
1417777767968652,51.7608746559,-1.2616079652,111.162148,5735872.238637066,619972.1029377801,-111.162148,30U,-0.003,0.004,0.01,-0.010145308866376027,0.004284877215850495,-0.37191243734513674
1417777768075397,51.7608746559,-1.2616079652,111.162148,5735872.238637066,619972.1029377801,-111.162148,30U,-0.003,0.004,0.009,-0.010172651908277434,0.004298020258957676,-0.3719094056960088
1417777768181971,51.7608746559,-1.2616079652,111.162148,5735872.238637066,619972.1029377801,-111.162148,30U,-0.004,0.004,0.009,-0.010182417088274196,0.004301151262698694,-0.3719110170869486
1417777768288544,51.7608746559,-1.2616079652,111.162148,5735872.238637066,619972.1029377801,-111.162148,30U,-0.003,0.004,0.009,-0.010158079775616086,0.004286000000120937,-0.3719149746402261
1417777768395285,51.7608746559,-1.2616079652,111.162148,5735872.238637066,619972.1029377801,-111.162148,30U,-0.002,0.004,0.009,-0.010160465825708464,0.004288977215920244,-0.3719185512631771
1417777768499144,51.7608746559,-1.2616079652,111.162148,5735872.238637066,619972.1029377801,-111.162148,30U,-0.002,0.004,0.009,-0.010165354433602104,0.004294357605237221,-0.37190766265488345
1417777768590516,51.7608746559,-1.2616079652,111.162148,5735872.238637066,619972.1029377801,-111.162148,30U,-0.002,0.005,0.01,-0.010150693657413374,0.004298222783473419,-0.3718995056963086
1417777768681887,51.7608746559,-1.2616079652,111.162148,5735872.238637066,619972.1029377801,-111.162148,30U,-0.002,0.004,0.009,-0.010136499999400321,0.004299200000302928,-0.3719087071803355
1417777768788618,51.7608746559,-1.2616079652,111.162148,5735872.238637066,619972.1029377801,-111.162148,30U,-0.001,0.004,0.01,-0.010153380336978752,0.004303643018657218,-0.3719080227931026
1417777768893439,51.7608746559,-1.2616079652,111.162148,5735872.238637066,619972.1029377801,-111.162148,30U,-0.001,0.004,0.011,-0.010166374691996296,0.004306448738404225,-0.37189279177945
1417777768984890,51.7608746559,-1.2616079652,111.162148,5735872.238637066,619972.1029377801,-111.162148,30U,-0.001,0.004,0.01,-0.010185377217300125,0.004311900000306137,-0.3718935544342279
1417777769076341,51.7608746559,-1.2616079652,111.162148,5735872.238637066,619972.1029377801,-111.162148,30U,-0.001,0.004,0.009,-0.01017163987038402,0.004311805696675993,-0.37189212278253037
1417777769167680,51.7608746559,-1.2616079652,111.162148,5735872.238637066,619972.1029377801,-111.162148,30U,-0.0,0.004,0.011,-0.010123215795808568,0.004299705695491059,-0.3718887316496816
1417777769259011,51.7608746559,-1.2616079652,111.162148,5735872.238637066,619972.1029377801,-111.162148,30U,-0.0,0.004,0.01,-0.010134466373171827,0.0042911145269236145,-0.3718847316220714
1417777769361930,51.7608746559,-1.2616079652,111.162148,5735872.238637066,619972.1029377801,-111.162148,30U,0.001,0.004,0.01,-0.010090308220136795,0.004317037345543455,-0.3718851227835181
1417777769468712,51.7608746559,-1.2616079652,111.162148,5735872.238637066,619972.1029377801,-111.162148,30U,0.002,0.004,0.011,-0.010154955725266807,0.004312519613134546,-0.37188428860863804
1417777769575341,51.7608746559,-1.2616079652,111.162148,5735872.238637066,619972.1029377801,-111.162148,30U,0.001,0.003,0.011,-0.010156105696531007,0.0043010373450584165,-0.3718898284791608
1417777769681948,51.7608746559,-1.2616079652,111.162148,5735872.238637066,619972.1029377801,-111.162148,30U,0.001,0.004,0.011,-0.010169099999188675,0.004314700000609185,-0.3718837071801231
1417777769788615,51.7608746559,-1.2616079652,111.162148,5735872.238637066,619972.1029377801,-111.162148,30U,0.001,0.004,0.011,-0.010126350721304416,0.004320817095148756,-0.37188075698202055
1417777769895282,51.7608746559,-1.2616079652,111.162148,5735872.238637066,619972.1029377801,-111.162148,30U,0.002,0.003,0.011,-0.010108462653305166,0.004314782266703477,-0.3718740455662188
1417777770001945,51.7608746559,-1.2616079652,111.162148,5735872.238637066,619972.1029377801,-111.162148,30U,0.003,0.003,0.01,-0.010125972166370976,0.0043082626538598345,-0.37186640252507824
1417777770104811,51.7608746559,-1.2616079652,111.162148,5735872.238637066,619972.1029377801,-111.162148,30U,0.003,0.003,0.011,-0.010154937345204455,0.004314868349832844,-0.37187300252429656
1417777770196285,51.7608746559,-1.2616079652,111.162148,5735872.238637066,619972.1029377801,-111.162148,30U,0.002,0.003,0.011,-0.010143202524494903,0.004312937345473705,-0.371865805050006
1417777770287753,51.7608746559,-1.2616079652,111.162148,5735872.238637066,619972.1029377801,-111.162148,30U,0.002,0.003,0.01,-0.010113984909965063,0.004305977206290872,-0.3718617222309574
1417777770379128,51.7608746559,-1.2616079652,111.162148,5735872.238637066,619972.1029377801,-111.162148,30U,0.003,0.003,0.011,-0.010106834821363746,0.004298648738058685,-0.3718658911331354
1417777770470502,51.7608746559,-1.2616079652,111.162148,5735872.238637066,619972.1029377801,-111.162148,30U,0.003,0.002,0.012,-0.010149312037324205,0.004314799999248678,-0.3718555829131405
1417777770575251,51.7608746559,-1.2616079652,111.162148,5735872.238637066,619972.1029377801,-111.162148,30U,0.002,0.003,0.011,-0.010184151908898762,0.00430799365847953,-0.3718554519087269
1417777770681911,51.7608746559,-1.2616079652,111.162148,5735872.238637066,619972.1029377801,-111.162148,30U,0.001,0.003,0.011,-0.010147700000612516,0.004293400000672516,-0.3718553071790439
1417777770773333,51.7608746559,-1.2616079652,111.162148,5735872.238637066,619972.1029377801,-111.162148,30U,0.002,0.003,0.011,-0.010104039887751517,0.004312560111754508,-0.3718563569823716
1417777770864754,51.7608746559,-1.2616079652,111.162148,5735872.238637066,619972.1029377801,-111.162148,30U,0.003,0.002,0.01,-0.010106780388035034,0.004316439870471278,-0.37185580886695613
1417777770968606,51.7608746559,-1.2616079652,111.162148,5735872.238637066,619972.1029377801,-111.162148,30U,0.003,0.002,0.01,-0.010160632296957847,0.004303351262438138,-0.37185936265401914
1417777771075326,51.7608746559,-1.2616079652,111.162148,5735872.238637066,619972.1029377801,-111.162148,30U,0.001,0.003,0.01,-0.010173113916129059,0.00430761139123077,-0.37185639430449247
1417777771181926,51.7608746559,-1.2616079652,111.162148,5735872.238637066,619972.1029377801,-111.162148,30U,0.001,0.002,0.01,-0.010135767704624746,0.004315971520093153,-0.37186170000069874
1417777771288524,51.7608746559,-1.2616079652,111.162148,5735872.238637066,619972.1029377801,-111.162148,30U,0.002,0.002,0.009,-0.01010986837813664,0.0043151829052879434,-0.3718598196632478
1417777771395200,51.7608746559,-1.2616079652,111.162148,5735872.238637066,619972.1029377801,-111.162148,30U,0.003,0.002,0.01,-0.010128520903838919,0.004316000000375886,-0.37185962278312684
1417777771501877,51.7608746559,-1.2616079652,111.162148,5735872.238637066,619972.1029377801,-111.162148,30U,0.003,0.002,0.01,-0.010162377216057467,0.004328351908422419,-0.3718616031715772
1417777771608559,51.7608746559,-1.2616079652,111.162148,5735872.238637066,619972.1029377801,-111.162148,30U,0.002,0.002,0.01,-0.010162391133312923,0.004327479741215259,-0.37185952847949666
1417777771706901,51.7608746559,-1.2616079652,111.162148,5735872.238637066,619972.1029377801,-111.162148,30U,0.003,0.002,0.011,-0.010125099999163816,0.004316100000760708,-0.3718563071794015
1417777771786896,51.7608746559,-1.2616079652,111.162148,5735872.238637066,619972.1029377801,-111.162148,30U,0.004,0.002,0.01,-0.010121691172167135,0.004326229053981242,-0.3718628113966958
1417777771866890,51.7608746559,-1.2616079652,111.162148,5735872.238637066,619972.1029377801,-111.162148,30U,0.004,0.003,0.01,-0.01013852912442468,0.004327728478558936,-0.3718526373453965
1417777771968523,51.7608746559,-1.2616079652,111.162148,5735872.238637066,619972.1029377801,-111.162148,30U,0.004,0.003,0.01,-0.010157477216399797,0.004330399999939756,-0.3718525943038318
1417777772075149,51.7608746559,-1.2616079652,111.162148,5735872.238637066,619972.1029377801,-111.162148,30U,0.003,0.003,0.009,-0.0101505683497544,0.004325639870968342,-0.37185563417520595
1417777772181807,51.7608746559,-1.2616079652,111.162148,5735872.238637066,619972.1029377801,-111.162148,30U,0.003,0.003,0.009,-0.010131417087491715,0.004330088608766591,-0.37185146012954273
1417777772287518,51.7608746559,-1.2616079652,111.162148,5735872.238637066,619972.1029377801,-111.162148,30U,0.003,0.002,0.009,-0.010140671509100186,0.004332039886870321,-0.3718643601128622
1417777772379013,51.7608746559,-1.2616079652,111.162148,5735872.238637066,619972.1029377801,-111.162148,30U,0.003,0.002,0.009,-0.010160231649646734,0.004324877216190427,-0.3718616886089347
1417777772470507,51.7608746559,-1.2616079652,111.162148,5735872.238637066,619972.1029377801,-111.162148,30U,0.003,0.003,0.009,-0.010169477217199909,0.0043229284792860884,-0.37185987469173376
1417777772575328,51.7608746559,-1.2616079652,111.162148,5735872.238637066,619972.1029377801,-111.162148,30U,0.004,0.002,0.01,-0.010151927833832668,0.004329474692692861,-0.3718655601296974
1417777772682052,51.7608746559,-1.2616079652,111.162148,5735872.238637066,619972.1029377801,-111.162148,30U,0.004,0.002,0.01,-0.010145099999333784,0.004337300000312554,-0.3718654071795138
1417777772788647,51.7608746559,-1.2616079652,111.162148,5735872.238637066,619972.1029377801,-111.162148,30U,0.004,0.002,0.009,-0.010150820225200074,0.004323808266600763,-0.3718646373200166
1417777772893344,51.7608746559,-1.2616079652,111.162148,5735872.238637066,619972.1029377801,-111.162148,30U,0.004,0.002,0.01,-0.010167457604219976,0.0043285772164662175,-0.37185746835044353
1417777772984756,51.7608746559,-1.2616079652,111.162148,5735872.238637066,619972.1029377801,-111.162148,30U,0.004,0.002,0.01,-0.010162879741727677,0.0043305170870979555,-0.37185156265367364
1417777773076168,51.7608746559,-1.2616079652,111.162148,5735872.238637066,619972.1029377801,-111.162148,30U,0.004,0.002,0.009,-0.010158448090702803,0.0043279170875645525,-0.3718529316497963
1417777773181878,51.7608746559,-1.2616079652,111.162148,5735872.238637066,619972.1029377801,-111.162148,30U,0.004,0.002,0.009,-0.010150582912781678,0.004328065824523407,-0.3718566000002715
1417777773287590,51.7608746559,-1.2616079652,111.162148,5735872.238637066,619972.1029377801,-111.162148,30U,0.004,0.002,0.008,-0.010157143017263967,0.0043304398876944815,-0.37185995441488334
1417777773379051,51.7608746559,-1.2616079652,111.162148,5735872.238637066,619972.1029377801,-111.162148,30U,0.004,0.002,0.008,-0.010165520259079667,0.0043297000007366596,-0.37186698543712315
1417777773470512,51.7608746559,-1.2616079652,111.162148,5735872.238637066,619972.1029377801,-111.162148,30U,0.004,0.003,0.008,-0.010156168350360496,0.0043202658241778685,-0.371866708221242
1417777773575267,51.7608746559,-1.2616079652,111.162148,5735872.238637066,619972.1029377801,-111.162148,30U,0.004,0.003,0.008,-0.010153145565759747,0.004326543042204335,-0.37186731139132356
1417777773681921,51.7608746559,-1.2616079652,111.162148,5735872.238637066,619972.1029377801,-111.162148,30U,0.004,0.002,0.008,-0.010154900000394452,0.004334100000215546,-0.3718748071790351
1417777773788622,51.7608746559,-1.2616079652,111.162148,5735872.238637066,619972.1029377801,-111.162148,30U,0.004,0.002,0.008,-0.01017217463926683,0.004329228491312587,-0.37186142849029896
1417777773893402,51.7608746559,-1.2616079652,111.162148,5735872.238637066,619972.1029377801,-111.162148,30U,0.003,0.003,0.008,-0.010166553787212162,0.004334014562858003,-0.37186465760423326
1417777773984745,51.7608746559,-1.2616079652,111.162148,5735872.238637066,619972.1029377801,-111.162148,30U,0.004,0.003,0.008,-0.010156194303406474,0.0043430227830861985,-0.3718720430417576
1417777774076088,51.7608746559,-1.2616079652,111.162148,5735872.238637066,619972.1029377801,-111.162148,30U,0.004,0.003,0.008,-0.010154897474903021,0.004342968349757488,-0.37187100569659
1417777774181848,51.7608746559,-1.2616079652,111.162148,5735872.238637066,619972.1029377801,-111.162148,30U,0.004,0.003,0.007,-0.010164137345701518,0.00433150822118292,-0.37188023165013306
1417777774287616,51.7608746559,-1.2616079652,111.162148,5735872.238637066,619972.1029377801,-111.162148,30U,0.004,0.003,0.007,-0.010169774076761723,0.004339631622312208,-0.37188022279258703
1417777774379086,51.7608746559,-1.2616079652,111.162148,5735872.238637066,619972.1029377801,-111.162148,30U,0.004,0.003,0.006,-0.010155925308026168,0.004345060128611332,-0.3718817601292067
1417777774470556,51.7608746559,-1.2616079652,111.162148,5735872.238637066,619972.1029377801,-111.162148,30U,0.004,0.003,0.006,-0.010150617088073762,0.004338922783016449,-0.3718920139158729
1417777774575231,51.7608746559,-1.2616079652,111.162148,5735872.238637066,619972.1029377801,-111.162148,30U,0.004,0.003,0.006,-0.010155062654608759,0.00433590000016103,-0.37188057339956315
1417777774681793,51.7608746559,-1.2616079652,111.162148,5735872.238637066,619972.1029377801,-111.162148,30U,0.004,0.003,0.006,-0.010172700000824972,0.00434119999961266,-0.3718847071787353
1417777774788554,51.7608746559,-1.2616079652,111.162148,5735872.238637066,619972.1029377801,-111.162148,30U,0.004,0.003,0.005,-0.010171070947153076,0.004343771508391353,-0.3718965227924812
1417777774893410,51.7608746559,-1.2616079652,111.162148,5735872.238637066,619972.1029377801,-111.162148,30U,0.005,0.003,0.006,-0.01017055443266891,0.004341548737341158,-0.37189252595358757
1417777774984933,51.7608746559,-1.2616079652,111.162148,5735872.238637066,619972.1029377801,-111.162148,30U,0.005,0.003,0.006,-0.010167554433341547,0.004344320259106802,-0.37189186582468586
1417777775076455,51.7608746559,-1.2616079652,111.162148,5735872.238637066,619972.1029377801,-111.162148,30U,0.005,0.003,0.005,-0.010179791779721309,0.004353362654627081,-0.3718927689959219
1417777775181970,51.7608746559,-1.2616079652,111.162148,5735872.238637066,619972.1029377801,-111.162148,30U,0.006,0.002,0.006,-0.01017840252556199,0.004354720258985745,-0.37188838291195314
1417777775288439,51.7608746559,-1.2616079652,111.162148,5735872.238637066,619972.1029377801,-111.162148,30U,0.005,0.003,0.006,-0.010185345584952763,0.004355545585046441,-0.3718906316220867
1417777775395214,51.7608746559,-1.2616079652,111.162148,5735872.238637066,619972.1029377801,-111.162148,30U,0.006,0.003,0.006,-0.010169745566808391,0.004358082913297063,-0.37188789747480167
1417777775496984,51.7608746559,-1.2616079652,111.162148,5735872.238637066,619972.1029377801,-111.162148,30U,0.006,0.003,0.006,-0.010170522782868256,0.004360017087174124,-0.37188548291301066
1417777775577060,51.7608746559,-1.2616079652,111.162148,5735872.238637066,619972.1029377801,-111.162148,30U,0.007,0.003,0.006,-0.010185034174580974,0.004356317086898334,-0.37189323164954535
1417777775657137,51.7608746559,-1.2616079652,111.162148,5735872.238637066,619972.1029377801,-111.162148,30U,0.006,0.003,0.006,-0.010189999999331385,0.0043555000005370366,-0.37188590717986253
1417777775755521,51.7608746588,-1.2616079629,111.161789,5735872.238963348,619972.1030888117,-111.161789,30U,0.007,0.003,0.007,-0.01018016267964065,0.004360056981910165,-0.37188436894090754
1417777775862227,51.7608746663,-1.2616079569,111.160835,5735872.239807266,619972.1034829798,-111.160835,30U,0.007,0.002,0.007,-0.010179328478580708,0.004362145566811478,-0.371885911391342
1417777775968856,51.7608746754,-1.2616079496,111.159683,5735872.240831252,619972.1039626165,-111.159683,30U,0.007,0.003,0.007,-0.01018587469198748,0.004360005695410095,-0.37188173734567875
1417777776075468,51.7608746825,-1.2616079438,111.158783,5735872.24163036,619972.1043440438,-111.158783,30U,0.007,0.003,0.007,-0.010199008867076732,0.00435942025787377,-0.3718799943045534
1417777776182134,51.7608746848,-1.2616079419,111.15847,5735872.24188926,619972.1044690616,-111.15847,30U,0.006,0.002,0.007,-0.010202645566005883,0.004364111392234523,-0.37188073987081255
1417777776288804,51.7608746848,-1.2616079419,111.158386,5735872.24188926,619972.1044690616,-111.158386,30U,0.007,0.002,0.007,-0.01019214245556539,0.0043584601121096755,-0.37187911452771066
1417777776395492,51.7608746855,-1.2616079423,111.158333,5735872.241966446,619972.1044396033,-111.158333,30U,0.007,0.002,0.007,-0.01018854304210505,0.004357580387626853,-0.3718920689967188
1417777776499311,51.7608746864,-1.2616079435,111.158318,5735872.242064558,619972.1043544072,-111.158318,30U,0.007,0.001,0.006,-0.01021012595467748,0.004368391779063784,-0.3718865462129695
1417777776590700,51.7608746875,-1.2616079457,111.158432,5735872.242183265,619972.1041996729,-111.158432,30U,0.008,0.001,0.005,-0.010218294305016322,0.004362731004347805,-0.37189001139141176
1417777776682089,51.7608746885,-1.2616079476,111.158577,5735872.242291347,619972.104065906,-111.158577,30U,0.007,0.002,0.006,-0.010214300000340744,0.004360400000194706,-0.37188150718038354
1417777776788811,51.7608746962,-1.2616079444,111.157822,5735872.2431529,619972.1042663208,-111.157822,30U,0.008,0.002,0.005,-0.010197988603446553,0.00435727720648249,-0.3718838891656041
1417777776893621,51.7608747038,-1.2616079412,111.157204,5735872.244003331,619972.1044670007,-111.157204,30U,0.009,0.002,0.005,-0.010209529125377124,0.00436958543766449,-0.37188752025853583
1417777776985045,51.7608747116,-1.261607938,111.156624,5735872.244876005,619972.1046671497,-111.156624,30U,0.009,0.002,0.005,-0.010228971520776347,0.0043567797422671105,-0.3718864886083775
1417777777076468,51.7608747193,-1.2616079341,111.156059,5735872.245738709,619972.1049158695,-111.156059,30U,0.009,0.003,0.006,-0.010232671521052136,0.004359882913242547,-0.37189015190786984
1417777777167885,51.7608747274,-1.2616079294,111.15551,5735872.246647213,619972.1052187362,-111.15551,30U,0.009,0.003,0.005,-0.010229165824791314,0.004364643042213961,-0.37189251708731497
1417777777259302,51.7608747354,-1.2616079247,111.154869,5735872.247544596,619972.105521868,-111.154869,30U,0.009,0.003,0.005,-0.010218227928399541,0.0043540544141307804,-0.37189381966318763
1417777777362127,51.7608747428,-1.2616079204,111.154121,5735872.248374596,619972.1057989872,-111.154121,30U,0.007,-0.001,0.01,-0.010276790547295994,0.004420184909818248,-0.371830179096099
1417777777468755,51.7608747487,-1.2616079324,111.152664,5735872.249010974,619972.1049552469,-111.152664,30U,0.004,-0.019,0.017,-0.010315005695403022,0.004851967296064539,-0.37191169818074526
1417777777575403,51.760874748,-1.2616079727,111.151047,5735872.248866836,619972.1021760668,-111.151047,30U,-0.007,-0.038,0.013,-0.010318989254086395,0.005247475397927885,-0.3720501550787475
1417777777682055,51.7608747364,-1.2616080416,111.150047,5735872.2474635,619972.0974521446,-111.150047,30U,-0.018,-0.058,0.006,-0.01027000000001125,0.00539100000078493,-0.3720220071800069
1417777777788703,51.7608747205,-1.2616081415,111.149063,5735872.245530982,619972.0906003623,-111.149063,30U,-0.022,-0.081,0.002,-0.010166929371595215,0.00549819229753338,-0.3720627597959908
1417777777895352,51.7608746993,-1.2616082747,111.148865,5735872.2429542905,619972.0814646541,-111.148865,30U,-0.027,-0.104,0.001,-0.010069765178223365,0.0054921075753607725,-0.3723825298899786
1417777778002015,51.7608746708,-1.2616084411,111.148499,5735872.239511177,619972.0700572196,-111.148499,30U,-0.038,-0.128,0.005,-0.01007627974182948,0.0056117703473531596,-0.3726926817397486
1417777778104879,51.7608746295,-1.2616086496,111.147911,5735872.234575369,619972.0557784673,-111.147911,30U,-0.054,-0.163,0.006,-0.009972837286724271,0.005943992545249145,-0.3728363588965996
1417777778196349,51.7608745724,-1.2616089162,111.147308,5735872.227786926,619972.0375322165,-111.147308,30U,-0.073,-0.208,0.005,-0.00986356323978386,0.006343239404169651,-0.3729229272466972
1417777778287812,51.7608744976,-1.2616092538,111.146706,5735872.218913332,619972.014433296,-111.146706,30U,-0.095,-0.26,0.004,-0.009735626802540235,0.006723319591315505,-0.37293239574341036
1417777778379191,51.7608744025,-1.2616096696,111.1464,5735872.20765361,619971.9859917384,-111.1464,30U,-0.117,-0.316,0.0,-0.009629991719966343,0.006977377922028615,-0.37264442577528667
1417777778470570,51.7608742864,-1.2616101676,111.146576,5735872.193923334,619971.9519333646,-111.146576,30U,-0.141,-0.373,-0.005,-0.009594193070965823,0.007040079741089819,-0.37190498825021867
1417777778575317,51.7608741507,-1.2616107472,111.147163,5735872.177879178,619971.9122958703,-111.147163,30U,-0.161,-0.427,-0.008,-0.009759998180534687,0.006989652494535992,-0.3707600583608361
1417777778681974,51.7608739992,-1.2616113896,111.148308,5735872.159974658,619971.8683665378,-111.148308,30U,-0.175,-0.457,-0.015,-0.010053499999393097,0.006611599999499176,-0.369213207179943
1417777778773424,51.760873839,-1.2616120684,111.149887,5735872.141042763,619971.8219483655,-111.149887,30U,-0.181,-0.478,-0.012,-0.010536257473592122,0.006111486669276357,-0.3672378517128941
1417777778864873,51.7608736743,-1.261612773,111.150757,5735872.121568,619971.7737617064,-111.150757,30U,-0.187,-0.496,-0.007,-0.010818784909950745,0.0059683651781353275,-0.36499007632185343
1417777778968713,51.7608735024,-1.261613501,111.151115,5735872.101254057,619971.7239793391,-111.151115,30U,-0.196,-0.511,-0.002,-0.011176855198449317,0.005901924661358158,-0.36244700215760833
1417777779075413,51.7608733243,-1.2616142521,111.150917,5735872.080212636,619971.6726193143,-111.150917,30U,-0.2,-0.527,0.004,-0.011184933468854807,0.005960908925621955,-0.35965574701876374
1417777779182089,51.7608731423,-1.2616150249,111.150818,5735872.058701813,619971.6197721472,-111.150818,30U,-0.205,-0.54,-0.003,-0.011131384851032102,0.006068919612492651,-0.356711267217045
1417777779288762,51.7608729578,-1.2616158162,111.15123,5735872.036882542,619971.5656549534,-111.15123,30U,-0.206,-0.554,-0.005,-0.011166300316307222,0.005955818536722834,-0.3536852427825504
1417777779395409,51.7608727716,-1.2616166316,111.151482,5735872.014834577,619971.5098791647,-111.151482,30U,-0.211,-0.573,-0.003,-0.011049038637400036,0.006006111450520123,-0.3506533203586599
1417777779502032,51.760872579,-1.2616174795,111.151924,5735871.992021429,619971.4518775701,-111.151924,30U,-0.218,-0.599,-0.008,-0.011234068409053275,0.00606353223662268,-0.34748287156219104
1417777779608552,51.7608723791,-1.2616183693,111.152885,5735871.96832755,619971.391003878,-111.152885,30U,-0.227,-0.631,-0.01,-0.011331279214933458,0.005898711977953474,-0.34423299751592756
1417777779706809,51.7608721718,-1.2616193074,111.153763,5735871.94373129,619971.3268167005,-111.153763,30U,-0.235,-0.666,-0.008,-0.01163189999968196,0.005844699999648975,-0.3410599071793437
1417777779786887,51.7608719556,-1.2616202959,111.154869,5735871.918062387,619971.2591750955,-111.154869,30U,-0.248,-0.696,-0.011,-0.011575596870072502,0.005709296061244951,-0.3378368066583387
1417777779866965,51.7608717284,-1.2616213174,111.15593,5735871.891115929,619971.1892853753,-111.15593,30U,-0.255,-0.714,-0.013,-0.011727277216755207,0.005433078976243315,-0.33444612088617576
1417777779968668,51.7608715005,-1.2616223612,111.15715,5735871.864054944,619971.1178586239,-111.15715,30U,-0.253,-0.728,-0.011,-0.011471260656291957,0.005045363181314166,-0.3312349950499701
1417777780075360,51.7608712715,-1.2616234324,111.157799,5735871.836826558,619971.044543959,-111.157799,30U,-0.257,-0.753,-0.004,-0.011671376689225622,0.005138165943492938,-0.32829114132228865
1417777780182031,51.7608710365,-1.2616245476,111.158241,5735871.808858559,619970.9682088331,-111.158241,30U,-0.267,-0.788,-0.007,-0.011704354434114644,0.005334125309006701,-0.3253978811937281
1417777780287746,51.7608707906,-1.2616257183,111.158997,5735871.779587112,619970.8880726388,-111.158997,30U,-0.28,-0.831,-0.01,-0.012172722649506015,0.0052564262404569215,-0.32264077232737726
1417777780379153,51.7608705355,-1.261626955,111.16011,5735871.7491839975,619970.803406282,-111.16011,30U,-0.289,-0.877,-0.013,-0.012680994423578845,0.0051220404573253395,-0.32026722194799984
1417777780470559,51.7608702691,-1.2616282605,111.161308,5735871.717411077,619970.7140221066,-111.161308,30U,-0.305,-0.927,-0.012,-0.013041041281747339,0.005037712624785828,-0.3181829606461228
1417777780575086,51.7608699876,-1.2616296424,111.162254,5735871.683833265,619970.6194057215,-111.162254,30U,-0.323,-0.983,-0.007,-0.013087420785134554,0.005041488021539975,-0.3162949664025799
1417777780681486,51.7608696875,-1.2616311116,111.162788,5735871.648043407,619970.5188142146,-111.162788,30U,-0.345,-1.047,-0.007,-0.012580599999262013,0.005195699999718621,-0.3146167071796987
1417777780788256,51.7608693673,-1.2616326806,111.163872,5735871.609854135,619970.4113889579,-111.163872,30U,-0.367,-1.118,-0.013,-0.011691303273865934,0.005224860112630925,-0.313198646116729
1417777780893120,51.7608690299,-1.2616343511,111.165199,5735871.569585147,619970.2970049486,-111.165199,30U,-0.385,-1.191,-0.014,-0.0115031785081048,0.005463972345965178,-0.31215878825099563
1417777780984637,51.7608686765,-1.2616361314,111.166229,5735871.527356241,619970.175086238,-111.166229,30U,-0.404,-1.27,-0.007,-0.011647527892479815,0.006307823200441475,-0.3112311078624626
1417777781076154,51.7608683006,-1.2616380325,111.166176,5735871.48242648,619970.0448909623,-111.166176,30U,-0.434,-1.357,0.007,-0.01210480411461443,0.007499078926082061,-0.3102467445624202
1417777781181970,51.7608678976,-1.2616400653,111.165039,5735871.434266386,619969.9056791265,-111.165039,30U,-0.461,-1.449,0.01,-0.013349333418622216,0.008392872991460073,-0.3093481256564981
1417777781287763,51.760867474,-1.261642226,111.164696,5735871.383605051,619969.75769573,-111.164696,30U,-0.483,-1.535,-0.005,-0.014563942803317124,0.00864718941099099,-0.3086534121027553
1417777781378919,51.7608670293,-1.2616445067,111.16613,5735871.330399866,619969.6014872638,-111.16613,30U,-0.509,-1.614,-0.025,-0.01565301368829832,0.00884647087460024,-0.3079020724549515
1417777781470074,51.7608665576,-1.2616469007,111.169189,5735871.274005742,619969.4375317235,-111.169189,30U,-0.54,-1.691,-0.033,-0.0162626475042066,0.008381592127398307,-0.3067347248305994
1417777781574892,51.7608660632,-1.2616494047,111.172005,5735871.214906287,619969.2660454364,-111.172005,30U,-0.558,-1.767,-0.022,-0.016933108289040304,0.00800355067505967,-0.30574982254495864
1417777781681661,51.7608655577,-1.2616520169,111.173721,5735871.154394464,619969.087121869,-111.173721,30U,-0.569,-1.84,-0.017,-0.019205199999918866,0.00869479999981939,-0.3052311071796635
1417777781788430,51.7608650332,-1.26165473,111.175911,5735871.0916037485,619968.9012857222,-111.175911,30U,-0.599,-1.903,-0.028,-0.02043443798565774,0.00937753724735205,-0.30405213792269453
1417777781893291,51.7608644831,-1.2616575314,111.178627,5735871.025820905,619968.7094239953,-111.178627,30U,-0.624,-1.964,-0.025,-0.020966859423314152,0.00960295778285678,-0.30242645066629315
1417777781984796,51.7608639155,-1.2616604188,111.18074,5735870.9579504905,619968.5116739378,-111.18074,30U,-0.639,-2.024,-0.021,-0.020181700347334946,0.010928205705919992,-0.3013138712225411
1417777782076301,51.7608633344,-1.261663395,111.182838,5735870.888432725,619968.3078317201,-111.182838,30U,-0.654,-2.085,-0.023,-0.01955405536884593,0.01261615244513693,-0.3005905205472871
1417777782182015,51.7608627384,-1.2616664537,111.185135,5735870.817122285,619968.0983358058,-111.185135,30U,-0.672,-2.139,-0.019,-0.01862765284232335,0.014044903239622738,-0.2992640468498196
1417777782287724,51.7608621294,-1.2616695918,111.186234,5735870.744235561,619967.8833950846,-111.186234,30U,-0.682,-2.192,-0.009,-0.01839904920674476,0.016687396543434582,-0.2976840806242212
1417777782379151,51.7608615172,-1.2616728006,111.18837,5735870.6708766855,619967.6635839507,-111.18837,30U,-0.683,-2.239,-0.041,-0.018702273986085323,0.018803360426469254,-0.2965099799701819
1417777782470577,51.7608608989,-1.2616760714,111.193199,5735870.596737476,619967.4395104623,-111.193199,30U,-0.695,-2.276,-0.043,-0.017836622305952843,0.018644691133944416,-0.29547125090486903
1417777782575321,51.7608602629,-1.2616793934,111.195976,5735870.520545703,619967.211950661,-111.195976,30U,-0.717,-2.31,-0.024,-0.01623434649122135,0.019399715447561135,-0.2943180008145214
1417777782681967,51.7608596154,-1.2616827627,111.198685,5735870.442997261,619966.9811572422,-111.198685,30U,-0.722,-2.343,-0.027,-0.013702900000177749,0.019277400000253193,-0.29336180717922067
1417777782788715,51.7608589669,-1.2616861702,111.200577,5735870.365274786,619966.7477303485,-111.200577,30U,-0.715,-2.352,-0.039,-0.01049865161120032,0.01799780236281709,-0.2924914263828723
1417777782893541,51.7608583356,-1.2616895611,111.205521,5735870.289492377,619966.5154033928,-111.205521,30U,-0.691,-2.333,-0.058,-0.011782552752351625,0.016425542038137658,-0.2919483567787159
1417777782984907,51.7608577281,-1.2616929326,111.211487,5735870.216388601,619966.2843521029,-111.211487,30U,-0.669,-2.319,-0.061,-0.01512266912438394,0.015608041450868306,-0.2913015217794375
1417777783076274,51.7608571231,-1.2616962648,111.218307,5735870.1436275,619966.0560062091,-111.218307,30U,-0.681,-2.28,-0.08,-0.015233198410377057,0.01407683269438445,-0.2899983615303837
1417777783181926,51.7608565041,-1.2616995415,111.226532,5735870.0694008125,619965.8315273824,-111.226532,30U,-0.69,-2.249,-0.077,-0.013696133220786758,0.011268392525361895,-0.2891214486176529
1417777783288527,51.760855891,-1.2617027799,111.233391,5735869.995893254,619965.6096759301,-111.233391,30U,-0.675,-2.22,-0.071,-0.010532938525815933,0.008411733073462331,-0.28950879303269716
1417777783395093,51.760855291,-1.2617059679,111.241035,5735869.923925413,619965.3912677679,-111.241035,30U,-0.661,-2.181,-0.082,-0.007564213728884559,0.005713282724869063,-0.2898716475042949
1417777783496692,51.7608547082,-1.2617090959,111.249382,5735869.853969025,619965.1769545069,-111.249382,30U,-0.633,-2.142,-0.081,-0.007147738876761262,0.0043233681120167025,-0.289983427365821
1417777783576767,51.7608541509,-1.2617121796,111.255287,5735869.78692128,619964.9656307158,-111.255287,30U,-0.612,-2.113,-0.049,-0.007917866004361035,0.004621012157440783,-0.2907251643045826
1417777783656843,51.7608535974,-1.2617152084,111.260857,5735869.720386433,619964.7580854062,-111.260857,30U,-0.626,-2.072,-0.054,-0.008444899999824963,0.0036636999999637024,-0.2914716071798425
1417777783755245,51.7608530239,-1.2617181852,111.263298,5735869.6517130025,619964.5541815405,-111.263298,30U,-0.641,-2.038,-0.017,-0.008151305202041314,0.0026629974580442144,-0.2915950327577838
1417777783861977,51.760852454,-1.2617211156,111.263611,5735869.5835162485,619964.3534701143,-111.263611,30U,-0.625,-2.006,0.002,-0.005317779424406489,0.0026294409846645125,-0.2922471631313914
1417777783968691,51.7608519007,-1.2617239895,111.263138,5735869.517258464,619964.156613654,-111.263138,30U,-0.603,-1.956,-0.007,-0.000933270796809574,0.0019605817296604027,-0.2939878204476467
1417777784075400,51.7608513722,-1.2617267758,111.266762,5735869.453902701,619963.9657365818,-111.266762,30U,-0.575,-1.895,-0.055,0.0008657185576587608,-0.0006332094127756155,-0.2963562419972482
1417777784181945,51.7608508621,-1.2617294823,111.27108,5735869.392724404,619963.7803175987,-111.27108,30U,-0.563,-1.843,-0.026,0.00024260134198586495,-0.0029324638363919385,-0.2981097776931376
1417777784288494,51.760850361,-1.261732111,111.27243,5735869.332674944,619963.6002436051,-111.27243,30U,-0.554,-1.784,-0.01,-0.0004195658354645669,-0.0041483785423624365,-0.29898873641100443
1417777784395262,51.7608498673,-1.2617346531,111.273232,5735869.273590867,619963.426126116,-111.273232,30U,-0.547,-1.726,-0.006,0.0005150808043943542,-0.005825135535921868,-0.3003647931410119
1417777784499111,51.7608493818,-1.2617371186,111.272865,5735869.215544686,619963.257272928,-111.272865,30U,-0.534,-1.68,0.015,0.001353512514517634,-0.007766466481154979,-0.30283667758352417
1417777784590318,51.7608489079,-1.2617395124,111.270935,5735869.158906444,619963.0933368877,-111.270935,30U,-0.521,-1.626,0.016,0.0035170219781020555,-0.009133682038142273,-0.3049927006562496
1417777784681524,51.7608484472,-1.2617418301,111.270767,5735869.103861304,619962.93461739,-111.270767,30U,-0.501,-1.578,-0.015,0.004098999999578949,-0.010744500000378509,-0.3067061071799812
1417777784788263,51.7608480114,-1.2617440775,111.272713,5735869.051700848,619962.7806831754,-111.272713,30U,-0.466,-1.521,-0.047,0.0010984454323660921,-0.014212645594848144,-0.30866943633888233
1417777784893099,51.7608475969,-1.2617462348,111.277557,5735869.002057294,619962.6329101508,-111.277557,30U,-0.463,-1.456,-0.048,0.00024149136145081563,-0.017972554452547022,-0.3102603075247641
1417777784984613,51.7608471821,-1.2617482979,111.281761,5735868.952535333,619962.4916385063,-111.281761,30U,-0.456,-1.394,-0.036,-0.0014107390559464203,-0.021023640944180924,-0.3120074691246363
1417777785076128,51.760846782,-1.2617502765,111.284096,5735868.904787099,619962.3561591015,-111.284096,30U,-0.437,-1.339,-0.009,-0.0006750511334114716,-0.02342539625267759,-0.3141910343638776
1417777785167612,51.7608463931,-1.261752178,111.284103,5735868.858411203,619962.2259705513,-111.284103,30U,-0.428,-1.287,0.003,0.0004170365811070638,-0.024768502941407238,-0.31629938685906295
1417777785259095,51.7608460186,-1.2617540141,111.284157,5735868.813744255,619962.1002569759,-111.284157,30U,-0.408,-1.251,-0.007,-0.00028790083912260225,-0.026210742333248167,-0.31850429443120193
1417777785361973,51.7608456532,-1.2617558148,111.284599,5735868.770147518,619961.9769621734,-111.284599,30U,-0.411,-1.236,-0.003,7.067703824634029e-06,-0.027874140466757093,-0.32064095644087137
1417777785468648,51.7608452789,-1.2617576018,111.28405,5735868.725583581,619961.8546363739,-111.28405,30U,-0.422,-1.233,0.013,-0.0002481082798909153,-0.029147199125176174,-0.3225573589653353
1417777785575337,51.7608448981,-1.2617593925,111.28215,5735868.68029072,619961.7320724715,-111.28215,30U,-0.425,-1.242,0.021,-0.00014566629289150952,-0.02996555537756461,-0.32484993518851085
1417777785682027,51.7608445138,-1.2617611971,111.280357,5735868.634585778,619961.608558628,-111.280357,30U,-0.432,-1.25,0.012,0.0006244999998966781,-0.031098000000037804,-0.32788440717890066
1417777785788661,51.7608441224,-1.2617630171,111.27874,5735868.588065941,619961.4840008732,-111.27874,30U,-0.437,-1.26,0.009,0.0014263501482048957,-0.03263584422432105,-0.33133422667834334
1417777785895298,51.7608437351,-1.2617648189,111.27813,5735868.542031989,619961.3606882013,-111.27813,30U,-0.421,-1.215,-0.001,0.001273278330794724,-0.03455181616209588,-0.3349293785281051
1417777786001954,51.7608433702,-1.261766511,111.27832,5735868.498669505,619961.2448863701,-111.27832,30U,-0.39,-1.11,-0.002,0.0012406614222565777,-0.03743208780169054,-0.33818048469129935
1417777786104800,51.7608430385,-1.2617680135,111.278145,5735868.459310942,619961.142080522,-111.278145,30U,-0.347,-0.963,0.006,0.0009855991746670638,-0.0400918210926078,-0.3410533922055852
1417777786196215,51.760842749,-1.2617693028,111.276825,5735868.424995976,619961.0538753989,-111.276825,30U,-0.297,-0.819,0.02,0.0006765227828194485,-0.04171248015840859,-0.3438911656049833
1417777786287635,51.7608425052,-1.2617703915,111.274452,5735868.396093101,619960.9793922177,-111.274452,30U,-0.249,-0.681,0.023,0.0009331980026171318,-0.04236812503869899,-0.3464350534085643
1417777786379113,51.7608423019,-1.2617712834,111.272285,5735868.372017792,619960.918382532,-111.272285,30U,-0.204,-0.55,0.021,0.00034928443368905635,-0.04291713629166253,-0.34827256577500243
1417777786470590,51.7608421387,-1.2617720038,111.269562,5735868.352683956,619960.8691014902,-111.269562,30U,-0.162,-0.45,0.034,-0.00036770969134278914,-0.04305531696862134,-0.34973183283289994
1417777786575307,51.7608420054,-1.2617726045,111.265984,5735868.3368720785,619960.8280014949,-111.265984,30U,-0.138,-0.384,0.034,-0.001048343927082539,-0.04250843464209944,-0.3512830094632782
1417777786681914,51.7608418863,-1.2617731281,111.263031,5735868.32276615,619960.7921844043,-111.263031,30U,-0.129,-0.341,0.024,-0.0014420000007353995,-0.04235299999969325,-0.3527721071791146
1417777786773356,51.760841773,-1.2617735971,111.260674,5735868.30939503,619960.7601197978,-111.260674,30U,-0.125,-0.304,0.017,-0.0012769165499056515,-0.042596017932572935,-0.3537536506676217
1417777786864797,51.7608416639,-1.2617740174,111.258942,5735868.2965710815,619960.7314047662,-111.258942,30U,-0.117,-0.275,0.016,-0.0007307984699019491,-0.04280122730575749,-0.35420210710749145
1417777786968645,51.7608415656,-1.2617744004,111.257439,5735868.285009515,619960.7052351198,-111.257439,30U,-0.102,-0.254,0.013,-0.0001075264208351211,-0.04324167111356428,-0.3547816863816057
1417777787075356,51.7608414808,-1.2617747579,111.256233,5735868.274991177,619960.680789403,-111.256233,30U,-0.088,-0.239,0.01,-0.00043470664002944625,-0.04380547487144184,-0.3558108181501426
1417777787182054,51.7608414066,-1.2617750945,111.255264,5735868.266186005,619960.6577578635,-111.255264,30U,-0.08,-0.223,0.01,-0.0010015854376655602,-0.04419981526775046,-0.3568186021770065
1417777787288749,51.7608413332,-1.2617754029,111.254105,5735868.257516182,619960.6366702395,-111.254105,30U,-0.084,-0.198,0.011,-0.0009234871739186068,-0.04440088574271222,-0.35722608830772007
1417777787395421,51.7608412605,-1.2617756746,111.252777,5735868.248984573,619960.6181133682,-111.252777,30U,-0.075,-0.175,0.013,-0.0010209550196737184,-0.0445966494428542,-0.35750024386740503
1417777787502079,51.7608412006,-1.2617759151,111.251396,5735868.241927722,619960.601675629,-111.251396,30U,-0.06,-0.154,0.011,-0.000675554313580151,-0.04472281080519939,-0.35826778450257446
1417777787608676,51.7608411493,-1.2617761226,111.250481,5735868.235881528,619960.587492371,-111.250481,30U,-0.054,-0.131,0.007,-0.0005966031702596008,-0.044925013389725786,-0.3589355071066673
1417777787706975,51.7608411037,-1.2617762952,111.249748,5735868.230526615,619960.5757023949,-111.249748,30U,-0.047,-0.108,0.008,-0.000709500000619035,-0.0451957999996969,-0.3590680071802244
1417777787787017,51.7608410689,-1.2617764352,111.248604,5735868.226426353,619960.5661334659,-111.248604,30U,-0.033,-0.083,0.009,-0.000972772879148522,-0.04538308146250605,-0.3591940988027034
1417777787867059,51.7608410441,-1.2617765386,111.247696,5735868.2234983565,619960.5590637367,-111.247696,30U,-0.025,-0.057,0.007,-0.0012019013526864807,-0.04543292659986643,-0.3595818381107082
1417777787968686,51.7608410238,-1.2617766037,111.246971,5735868.221133787,619960.5546250998,-111.246971,30U,-0.021,-0.031,0.006,-0.0012693227829005155,-0.045448269642713056,-0.3597576253080479
1417777788075294,51.7608410088,-1.2617766354,111.246254,5735868.21941355,619960.5524772946,-111.246254,30U,-0.011,-0.011,0.006,-0.0012669145618906506,-0.04545112912558234,-0.35966994679939174
1417777788181909,51.760841005,-1.2617766354,111.24575,5735868.218990967,619960.5524873664,-111.24575,30U,0.0,0.009,0.005,-0.0012984506752894993,-0.04549136136117787,-0.3596647987675034
1417777788287579,51.7608410037,-1.2617766294,111.244949,5735868.218856266,619960.5529048634,-111.244949,30U,-0.006,0.001,0.007,-0.001480545269143795,-0.04513011347388325,-0.3597245658101914
1417777788379080,51.7608409962,-1.2617766355,111.244667,5735868.218012185,619960.552503792,-111.244667,30U,-0.009,-0.003,-0.003,-0.0014648005858937131,-0.04505680769402137,-0.3596797987082897
1417777788470581,51.76084099,-1.2617766366,111.244797,5735868.217320895,619960.552444317,-111.244797,30U,-0.005,0.003,0.002,-0.0013493879629012965,-0.04543881021822131,-0.35968095825093954
1417777788575355,51.7608409858,-1.261776632,111.244225,5735868.216861397,619960.5527728884,-111.244225,30U,-0.005,0.003,0.007,-0.001383091778721781,-0.045286334055504904,-0.35972149999973396
1417777788682025,51.7608409814,-1.2617766295,111.243797,5735868.216376201,619960.552957072,-111.243797,30U,-0.006,-0.0,0.001,-0.0013105000008396014,-0.045179899999596686,-0.3597054071791486
1417777788788693,51.7608409814,-1.2617766295,111.243797,5735868.216376201,619960.552957072,-111.243797,30U,-0.006,-0.001,0.002,-0.0013336353139685089,-0.04537503956999815,-0.3596878062614446
1417777788893450,51.7608409814,-1.2617766295,111.243797,5735868.216376201,619960.552957072,-111.243797,30U,-0.005,0.002,0.006,-0.001321349971034318,-0.0453611290654763,-0.3597196202591856
1417777788984824,51.7608409814,-1.2617766295,111.243797,5735868.216376201,619960.552957072,-111.243797,30U,-0.006,0.002,0.003,-0.0013514449800324292,-0.045268859483930717,-0.359682799353389
1417777789076197,51.7608409814,-1.2617766295,111.243797,5735868.216376201,619960.552957072,-111.243797,30U,-0.005,-0.0,0.003,-0.0013612050497051407,-0.04530376394665023,-0.359700415209366
1417777789181893,51.7608409814,-1.2617766295,111.243797,5735868.216376201,619960.552957072,-111.243797,30U,-0.007,0.002,0.004,-0.0013938069885542923,-0.04536297786308234,-0.3597137626532179
1417777789287593,51.7608409814,-1.2617766295,111.243797,5735868.216376201,619960.552957072,-111.243797,30U,-0.006,0.004,0.005,-0.0013635273656092224,-0.045328341329346954,-0.3596877259239391
1417777789379027,51.7608409814,-1.2617766295,111.243797,5735868.216376201,619960.552957072,-111.243797,30U,-0.006,0.003,0.002,-0.0013462493844313248,-0.045295874691912076,-0.3597074373461346
1417777789470461,51.7608409814,-1.2617766295,111.243797,5735868.216376201,619960.552957072,-111.243797,30U,-0.007,0.004,0.002,-0.0013603253077690267,-0.04537770951360134,-0.35970433100389587
1417777789575216,51.7608409814,-1.2617766295,111.243797,5735868.216376201,619960.552957072,-111.243797,30U,-0.006,0.006,0.004,-0.001359643688628282,-0.045367767704538944,-0.35967724556735603
1417777789681873,51.7608409814,-1.2617766295,111.243797,5735868.216376201,619960.552957072,-111.243797,30U,-0.006,0.006,0.002,-0.0013838000001709842,-0.045330800000844176,-0.35968590717915744
1417777789788602,51.7608409814,-1.2617766295,111.243797,5735868.216376201,619960.552957072,-111.243797,30U,-0.007,0.005,0.002,-0.0013705398873588963,-0.04534563475145274,-0.35967624245507646
1417777789893415,51.7608409814,-1.2617766295,111.243797,5735868.216376201,619960.552957072,-111.243797,30U,-0.007,0.006,0.002,-0.0013489569590785044,-0.04537597152171351,-0.35966040569523633
1417777789984825,51.7608409814,-1.2617766295,111.243797,5735868.216376201,619960.552957072,-111.243797,30U,-0.006,0.007,0.003,-0.0013701689961662011,-0.0453424733999267,-0.35967422278275535
1417777790076234,51.7608409814,-1.2617766295,111.243797,5735868.216376201,619960.552957072,-111.243797,30U,-0.006,0.007,0.002,-0.001377482911843085,-0.04532809747543452,-0.35966854809078386
1417777790181948,51.7608409814,-1.2617766295,111.243797,5735868.216376201,619960.552957072,-111.243797,30U,-0.007,0.006,0.002,-0.0013806537876308645,-0.04535676647189395,-0.3596585974747901
1417777790287662,51.7608409814,-1.2617766295,111.243797,5735868.216376201,619960.552957072,-111.243797,30U,-0.006,0.008,0.003,-0.0013418937390047188,-0.04535389686960565,-0.3596737772071786
1417777790379087,51.7608409814,-1.2617766295,111.243797,5735868.216376201,619960.552957072,-111.243797,30U,-0.006,0.008,0.003,-0.0013515917796758142,-0.045316170874456115,-0.35967203987153457
1417777790470511,51.7608409814,-1.2617766295,111.243797,5735868.216376201,619960.552957072,-111.243797,30U,-0.006,0.007,0.001,-0.0013752746916028643,-0.04532874368708073,-0.3596586373450915
1417777790575301,51.7608409814,-1.2617766295,111.243797,5735868.216376201,619960.552957072,-111.243797,30U,-0.006,0.009,0.003,-0.0013876227826143228,-0.04536481708755743,-0.35966602278261584
1417777790681999,51.7608409814,-1.2617766295,111.243797,5735868.216376201,619960.552957072,-111.243797,30U,-0.007,0.01,0.003,-0.0013889000005982983,-0.04532290000011382,-0.3596558071802631
1417777790788621,51.7608409814,-1.2617766295,111.243797,5735868.216376201,619960.552957072,-111.243797,30U,-0.007,0.01,0.0,-0.0013538450224294194,-0.04531954614749791,-0.35965455184696254
1417777790893349,51.7608409814,-1.2617766295,111.243797,5735868.216376201,619960.552957072,-111.243797,30U,-0.007,0.01,0.001,-0.0013528455666145817,-0.04536588608427098,-0.35964627909626384
1417777790984817,51.7608409814,-1.2617766295,111.243797,5735868.216376201,619960.552957072,-111.243797,30U,-0.006,0.012,0.002,-0.0013512576049745937,-0.04535397909555737,-0.3596400025240092
1417777791076285,51.7608409814,-1.2617766295,111.243797,5735868.216376201,619960.552957072,-111.243797,30U,-0.007,0.011,0.001,-0.0013815050492842445,-0.045323794303331874,-0.3596422974748959
1417777791181948,51.7608409814,-1.2617766295,111.243797,5735868.216376201,619960.552957072,-111.243797,30U,-0.009,0.011,0.0,-0.0013472683495365412,-0.04535890381780389,-0.3596356278335498
1417777791288561,51.7608409814,-1.2617766295,111.243797,5735868.216376201,619960.552957072,-111.243797,30U,-0.007,0.013,0.0,-0.0013404290534604574,-0.04536133362679128,-0.35964797720737823
1417777791395225,51.7608409814,-1.2617766295,111.243797,5735868.216376201,619960.552957072,-111.243797,30U,-0.007,0.013,0.001,-0.0013901234292800564,-0.04531950505023001,-0.3596663373450522
1417777791496887,51.7608409814,-1.2617766295,111.243797,5735868.216376201,619960.552957072,-111.243797,30U,-0.008,0.013,0.001,-0.0014151291245018637,-0.04533280634234048,-0.3596562822658667
1417777791576869,51.7608409814,-1.2617766295,111.243797,5735868.216376201,619960.552957072,-111.243797,30U,-0.009,0.014,-0.001,-0.0014288651781289951,-0.045356523429559606,-0.3596489651789266
1417777791656851,51.7608409814,-1.2617766295,111.243797,5735868.216376201,619960.552957072,-111.243797,30U,-0.009,0.016,-0.001,-0.0013808000008436211,-0.0453486999999142,-0.35965370717916306
1417777791755203,51.7608409814,-1.2617766295,111.243797,5735868.216376201,619960.552957072,-111.243797,30U,-0.009,0.015,-0.001,-0.0013547398876435019,-0.045332886035819454,-0.35964911709413006
1417777791861906,51.7608409814,-1.2617766295,111.243797,5735868.216376201,619960.552957072,-111.243797,30U,-0.008,0.016,-0.003,-0.0013668999997132035,-0.045363291779746934,-0.3596495234294692
1417777791968598,51.7608409814,-1.2617766295,111.243797,5735868.216376201,619960.552957072,-111.243797,30U,-0.009,0.017,-0.002,-0.0013499772174726966,-0.045345458836226774,-0.3596615829128355
1417777792075287,51.7608409814,-1.2617766295,111.243797,5735868.216376201,619960.552957072,-111.243797,30U,-0.009,0.017,-0.002,-0.0013723854369071986,-0.045334171521428095,-0.3596476626536685
1417777792181935,51.7608409814,-1.2617766295,111.243797,5735868.216376201,619960.552957072,-111.243797,30U,-0.009,0.017,-0.003,-0.0013531544340416486,-0.04535471456334153,-0.35965570886761156
1417777792288580,51.7608409814,-1.2617766295,111.243797,5735868.216376201,619960.552957072,-111.243797,30U,-0.009,0.018,-0.003,-0.0013672227931223722,-0.0453530740760177,-0.3596434601120145
1417777792395227,51.7608409814,-1.2617766295,111.243797,5735868.216376201,619960.552957072,-111.243797,30U,-0.009,0.019,-0.003,-0.0013627999996434538,-0.04533353100479123,-0.35964273734673663
1417777792499025,51.7608409814,-1.2617766295,111.243797,5735868.216376201,619960.552957072,-111.243797,30U,-0.01,0.019,-0.004,-0.0013589082208441256,-0.0453318145624837,-0.35963972847939135
1417777792590480,51.7608409814,-1.2617766295,111.243797,5735868.216376201,619960.552957072,-111.243797,30U,-0.01,0.02,-0.004,-0.0013553683492912186,-0.04534697721682547,-0.3596330202592874
1417777792681935,51.7608409814,-1.2617766295,111.243797,5735868.216376201,619960.552957072,-111.243797,30U,-0.01,0.021,-0.004,-0.001349199999667503,-0.045326799999413914,-0.3596327071803808
1417777792788562,51.7608409765,-1.2617766155,111.244026,5735868.215854316,619960.553936178,-111.244026,30U,-0.01,0.021,-0.005,-0.0013582202242702942,-0.04532432592364072,-0.35962550256769377
1417777792893299,51.7608409639,-1.2617765791,111.244606,5735868.21451299,619960.5564814813,-111.244606,30U,-0.011,0.021,-0.005,-0.001354362653924305,-0.04534026582545829,-0.3596215746919948
1417777792984808,51.7608409485,-1.2617765347,111.245323,5735868.212873442,619960.5595862736,-111.245323,30U,-0.01,0.022,-0.005,-0.0013572145620646366,-0.04533535378651944,-0.3596334031705627
1417777793076317,51.7608409365,-1.2617765,111.245895,5735868.211596043,619960.5620126722,-111.245895,30U,-0.01,0.023,-0.005,-0.001351611391940619,-0.045309768350516,-0.35963624938369365
1417777793167813,51.7608409325,-1.2617764883,111.246078,5735868.211170463,619960.562830673,-111.246078,30U,-0.01,0.023,-0.006,-0.001347080388048077,-0.04532450886730758,-0.3596364373451821
1417777793259307,51.7608409324,-1.2617764837,111.246124,5735868.211166908,619960.5631483768,-111.246124,30U,-0.01,0.024,-0.005,-0.0013360994378743152,-0.04533167094632086,-0.35964540569859954
1417777793362182,51.7608409325,-1.2617764772,111.246178,5735868.211188721,619960.5635966664,-111.246178,30U,-0.01,0.025,-0.006,-0.0013446240762360025,-0.0453043025255868,-0.3596472911324119
1417777793468850,51.7608409327,-1.2617764702,111.246277,5735868.211222476,619960.5640791946,-111.246277,30U,-0.01,0.025,-0.007,-0.0013514082199077237,-0.045303368996093794,-0.3596495576047612
1417777793575505,51.7608409324,-1.2617764623,111.24649,5735868.211202107,619960.5646251551,-111.24649,30U,-0.011,0.026,-0.007,-0.0013472917788364203,-0.0453286860842341,-0.35964714304122486
1417777793682158,51.7608409324,-1.261776452,111.246704,5735868.21121905,619960.5653359421,-111.246704,30U,-0.01,0.027,-0.007,-0.0013473999997220194,-0.045308199999395476,-0.3596432071788993
1417777793788839,51.7608409211,-1.2617764193,111.247238,5735868.210016205,619960.5676224686,-111.247238,30U,-0.01,0.027,-0.008,-0.001352029054466609,-0.04529038603633095,-0.35964448860312676
1417777793895515,51.7608409113,-1.2617763816,111.24807,5735868.208988394,619960.5702500608,-111.24807,30U,-0.01,0.027,-0.009,-0.0013486765701888421,-0.045315523428862116,-0.3596383626545319
1417777794002156,51.7608409013,-1.261776342,111.248917,5735868.207941467,619960.5730092998,-111.248917,30U,-0.01,0.029,-0.009,-0.0013394373451621694,-0.04531336835040696,-0.35963348291291086
1417777794104986,51.7608408916,-1.2617763008,111.249825,5735868.206930532,619960.575878156,-111.249825,30U,-0.01,0.029,-0.01,-0.0013205107451714597,-0.04529270252458065,-0.35963939747595336
1417777794196381,51.7608408822,-1.2617762591,111.250839,5735868.205953783,619960.5787807212,-111.250839,30U,-0.01,0.029,-0.011,-0.0013455493834828984,-0.045301200000383186,-0.3596330601295889
1417777794287778,51.7608408731,-1.2617762179,111.251816,5735868.205009573,619960.5816479877,-111.251816,30U,-0.009,0.03,-0.01,-0.001350622792073729,-0.04530122279263789,-0.359634214527008
1417777794379199,51.7608408638,-1.2617761746,111.2528,5735868.204046577,619960.5846607016,-111.2528,30U,-0.01,0.031,-0.01,-0.0013429398701597422,-0.04529230822154137,-0.3596363746913527
1417777794470619,51.7608408536,-1.2617761307,111.253883,5735868.202984479,619960.5877172065,-111.253883,30U,-0.011,0.031,-0.011,-0.001312576570894344,-0.04529443734520522,-0.3596366025248878
1417777794575388,51.7608408435,-1.2617760854,111.254951,5735868.201935807,619960.590870058,-111.254951,30U,-0.01,0.032,-0.01,-0.0013169145623155665,-0.045306153787597746,-0.35963682278369413
1417777794682063,51.7608408337,-1.2617760383,111.255959,5735868.20092346,619960.5941463287,-111.255959,30U,-0.011,0.033,-0.01,-0.0013362000002551566,-0.04528559999969211,-0.35964630718035684
1417777794773520,51.760840823,-1.261776001,111.25663,5735868.199794903,619960.5967487035,-111.25663,30U,-0.01,0.033,-0.011,-0.0013485652478531622,-0.04527188860407665,-0.3596397772072388
1417777794864977,51.7608408128,-1.2617759526,111.257736,5735868.198740209,619960.6001157458,-111.257736,30U,-0.011,0.034,-0.011,-0.0013176601285747748,-0.04528483164990485,-0.3596493829130111
1417777794968774,51.7608408023,-1.2617759026,111.258888,5735868.197654786,619960.603593997,-111.258888,30U,-0.011,0.035,-0.012,-0.0013185139157195825,-0.045286260128593776,-0.3596544917797109
1417777795075418,51.7608407916,-1.2617758591,111.259888,5735868.196536429,619960.6066242234,-111.259888,30U,-0.015,0.016,-0.004,-0.0013944178520471611,-0.04512643969194347,-0.35976796782376264
1417777795182077,51.7608407687,-1.2617758755,111.259514,5735868.193962827,619960.6055531863,-111.259514,30U,-0.037,-0.041,0.006,-0.001869048270397447,-0.04420578631313822,-0.3601012887273667
1417777795288739,51.7608407224,-1.2617759813,111.259033,5735868.188639945,619960.5983748263,-111.259033,30U,-0.065,-0.106,0.002,-0.0022630010535138055,-0.04332015455751452,-0.36034189511089365
1417777795395427,51.7608406513,-1.2617761883,111.259003,5735868.180392689,619960.584278555,-111.259003,30U,-0.092,-0.181,-0.0,-0.002721871052725473,-0.04282638338029299,-0.36073278567544015
1417777795502112,51.7608405561,-1.2617765108,111.259033,5735868.169275375,619960.5622756972,-111.259033,30U,-0.121,-0.264,-0.001,-0.0031110455606821845,-0.042564511692229565,-0.3616043771368775
1417777795608786,51.7608404318,-1.2617769516,111.259026,5735868.15472737,619960.532186283,-111.259026,30U,-0.155,-0.343,0.001,-0.0034575500897892,-0.04235411185820258,-0.36272582384632196
1417777795707076,51.7608402761,-1.2617775014,111.25882,5735868.1365081975,619960.4946581863,-111.25882,30U,-0.189,-0.417,0.002,-0.003691799999888346,-0.041806899999555266,-0.3638410071799462
1417777795786920,51.7608400939,-1.2617781861,111.258423,5735868.115120163,619960.4478911023,-111.258423,30U,-0.211,-0.496,-0.002,-0.00428787112048811,-0.0416258820260127,-0.3653195298219265
1417777795866764,51.760839892,-1.2617789652,111.258553,5735868.091386093,619960.3946618447,-111.258553,30U,-0.242,-0.583,0.001,-0.0047455173262442064,-0.0417547537276066,-0.36767776495980686
1417777795968476,51.7608396512,-1.2617798808,111.257942,5735868.063101569,619960.3321160539,-111.257942,30U,-0.292,-0.684,0.009,-0.0057292326536031914,-0.04122231878808309,-0.3708026760024975
1417777796075235,51.7608393674,-1.2617809513,111.256927,5735868.029780388,619960.2589948433,-111.256927,30U,-0.336,-0.795,0.011,-0.0063207956568128955,-0.041005066472017515,-0.37498972780175305
1417777796181951,51.7608390457,-1.261782183,111.255608,5735867.9919793345,619960.1748499409,-111.255608,30U,-0.377,-0.906,0.016,-0.006655490665118375,-0.04106568285300605,-0.38094451401462065
1417777796287710,51.7608386867,-1.2617835706,111.254005,5735867.949773852,619960.080045501,-111.254005,30U,-0.422,-1.008,0.012,-0.006967068869511664,-0.040778087795568393,-0.3891696790408229
1417777796379148,51.7608382811,-1.2617850984,111.253342,5735867.902155547,619959.9756896038,-111.253342,30U,-0.479,-1.103,0.002,-0.007719671879130447,-0.04098848755454624,-0.3993806022933185
1417777796470585,51.7608378245,-1.2617867652,111.253014,5735867.848637086,619959.8618767246,-111.253014,30U,-0.532,-1.201,0.009,-0.008676983329749182,-0.04162894128275882,-0.41171735891321243
1417777796575346,51.7608373246,-1.2617885754,111.251564,5735867.790067522,619959.7382828137,-111.251564,30U,-0.577,-1.3,0.015,-0.010163086032663944,-0.041998418558046896,-0.4273054584659216
1417777796682009,51.7608367768,-1.2617905257,111.250099,5735867.725940731,619959.6051477914,-111.250099,30U,-0.644,-1.395,0.017,-0.011620200000036319,-0.0428091999994512,-0.4467571071802135
1417777796788734,51.7608361433,-1.2617926568,111.248955,5735867.651986172,619959.459763211,-111.248955,30U,-0.736,-1.485,0.031,-0.013792698057621493,-0.04394911367817316,-0.4690921707272206
1417777796893538,51.7608354368,-1.2617948603,111.24559,5735867.569794467,619959.3095759163,-111.24559,30U,-0.826,-1.558,0.037,-0.01452933422452037,-0.04531197058602221,-0.4933946720708329
1417777796984899,51.7608346525,-1.2617971618,111.241592,5735867.478789715,619959.1528320141,-111.241592,30U,-0.905,-1.638,0.041,-0.014829485236447407,-0.04533326970107694,-0.5202204362747924
1417777797076260,51.7608338034,-1.2617995841,111.237045,5735867.3803801,619958.9879236557,-111.237045,30U,-0.976,-1.701,0.051,-0.022534040635666757,-0.045992017912913075,-0.5512584031130646
1417777797182015,51.7608328686,-1.2618020477,111.231094,5735867.272372172,619958.8203924025,-111.231094,30U,-1.1,-1.684,0.068,-0.012345327120272349,-0.044841979662976095,-0.5840228013646209
1417777797287763,51.7608318164,-1.2618044352,111.222725,5735867.151433795,619958.658423865,-111.222725,30U,-1.216,-1.641,0.104,-0.007789103621464831,-0.0370087761911999,-0.6192738469034785
1417777797379003,51.7608307068,-1.2618068624,111.211105,5735867.0240468765,619958.4938678321,-111.211105,30U,-1.243,-1.731,0.129,-0.007399205746091668,-0.022563130212842675,-0.6593741566701934
1417777797470244,51.7608295393,-1.2618094023,111.199799,5735866.890035742,619958.3216880166,-111.199799,30U,-1.362,-1.768,0.094,-0.006780438349936335,-0.008678651196052984,-0.7036583808148472
1417777797575061,51.7608282302,-1.2618119356,111.191589,5735866.740288649,619958.1503389743,-111.191589,30U,-1.537,-1.735,0.08,-0.009248689561488655,0.0012148362199018011,-0.748086550277465
1417777797681818,51.7608267824,-1.2618144224,111.184601,5735866.575193723,619957.9825664526,-111.184601,30U,-1.666,-1.715,0.059,-0.009063800000860874,0.008813400000687662,-0.7936577071792368
1417777797788544,51.7608251999,-1.2618169417,111.181877,5735866.395065846,619957.8129081838,-111.181877,30U,-1.795,-1.713,0.045,-0.007992801125874124,0.015170673915022524,-0.843213783051312
1417777797893357,51.7608235035,-1.261819407,111.176247,5735866.202360389,619957.6472782603,-111.176247,30U,-1.969,-1.708,0.07,-0.008795830128900332,0.021850421002024164,-0.894719608685924
1417777797984780,51.7608216403,-1.2618218419,111.168289,5735865.991155718,619957.4841883006,-111.168289,30U,-2.161,-1.663,0.081,-0.010969946937478835,0.02857568846805136,-0.946084419837992
1417777798076202,51.7608196112,-1.2618242084,111.160683,5735865.761614422,619957.3262582361,-111.160683,30U,-2.339,-1.651,0.129,-0.015077745604329338,0.035255694352474484,-0.9973731034665834
1417777798181965,51.7608174313,-1.2618265181,111.149895,5735865.515396635,619957.172647544,-111.149895,30U,-2.498,-1.554,0.024,-0.01859597403604085,0.04301021974990892,-1.0500604621246625
1417777798287728,51.7608150982,-1.2618286414,111.155312,5735865.252448629,619957.0323060765,-111.155312,30U,-2.681,-1.384,-0.125,-0.011462093562232612,0.042554422874084286,-1.1013449942729525
1417777798379155,51.7608126085,-1.2618305125,111.173141,5735864.972500529,619956.9097835991,-111.173141,30U,-2.844,-1.23,-0.21,0.0016063051359478545,0.03754900684104964,-1.1518168710425094
1417777798470581,51.7608099712,-1.261832233,111.191444,5735864.676386081,619956.7980450022,-111.191444,30U,-3.025,-1.164,-0.108,0.01906616387251648,0.0347449884392524,-1.2032884454457624
1417777798575344,51.7608071607,-1.2618338195,111.200905,5735864.361231093,619956.6960126021,-111.200905,30U,-3.213,-1.055,-0.11,0.02978776825979489,0.036871394840131924,-1.2549791682279487
1417777798682012,51.7608041969,-1.2618353086,111.215591,5735864.029188376,619956.6011079432,-111.215591,30U,-3.376,-1.025,-0.168,0.034195400000669236,0.03678389999945426,-1.3068852071801014
1417777798788693,51.760801053,-1.2618367236,111.231911,5735863.677239275,619956.5117941655,-111.231911,30U,-3.571,-0.893,-0.175,0.0337167574927383,0.036282879497700794,-1.3585680843198367
1417777798893458,51.7607977547,-1.2618378692,111.250572,5735863.308563017,619956.4414804972,-111.250572,30U,-3.76,-0.715,-0.189,0.027226344365274165,0.03347037572745004,-1.4069794753659548
1417777798984819,51.7607942929,-1.2618387741,111.267372,5735862.922100427,619956.3882105198,-111.267372,30U,-3.936,-0.551,-0.138,0.025413052257497223,0.029666823470163084,-1.4532879799983804
1417777799076179,51.7607906761,-1.2618394269,111.278786,5735862.5188155,619956.3527484025,-111.278786,30U,-4.104,-0.375,-0.096,0.02357530662082327,0.0280805813826591,-1.4984152155168295
1417777799181924,51.7607869072,-1.2618398457,111.286423,5735862.099000967,619956.3338374097,-111.286423,30U,-4.275,-0.219,-0.062,0.02210720792289398,0.028113493072071918,-1.5418308261331757
1417777799288626,51.7607829987,-1.261840015,111.295357,5735861.664072404,619956.3325140433,-111.295357,30U,-4.419,-0.023,-0.138,0.022383927427100738,0.02707855899657931,-1.5822320693394305
1417777799395318,51.7607789591,-1.2618398972,111.311058,5735861.215036905,619956.3513504963,-111.311058,30U,-4.571,0.173,-0.159,0.023576659074715314,0.023709947544911555,-1.6192119317307996
1417777799497002,51.7607747776,-1.2618395042,111.325157,5735860.750673871,619956.3895542012,-111.325157,30U,-4.73,0.365,-0.12,0.026629848825978877,0.021950925656100566,-1.652579938988009
1417777799576988,51.7607704555,-1.2618388331,111.335991,5735860.2711326415,619956.4473218393,-111.335991,30U,-4.884,0.542,-0.103,0.03246317395464192,0.021008732933377003,-1.6816364451922727
1417777799656975,51.7607659963,-1.2618379455,111.346519,5735859.776701117,619956.5203932188,-111.346519,30U,-5.036,0.672,-0.118,0.03575050000030631,0.0192642000000712,-1.7076231071794792
1417777799755344,51.7607613997,-1.2618368727,111.358902,5735859.267294457,619956.6066091729,-111.358902,30U,-5.181,0.818,-0.119,0.0383506793863985,0.015899622557574176,-1.7302155213869594
1417777799862068,51.7607566796,-1.2618355873,111.369614,5735858.744503495,619956.7078236965,-111.369614,30U,-5.324,0.947,-0.096,0.037046633101751304,0.013735862763160469,-1.7498352463135278
1417777799968716,51.7607518316,-1.2618341369,111.380669,5735858.207760634,619956.8207636504,-111.380669,30U,-5.465,1.053,-0.117,0.03480174256543123,0.011760988479895608,-1.7678609477138236
1417777800075347,51.7607468582,-1.2618325102,111.390053,5735857.657362476,619956.9462022106,-111.390053,30U,-5.6,1.195,-0.068,0.032316620835522857,0.01093579137110674,-1.7843446298458445
1417777800182040,51.7607417684,-1.2618306618,111.396225,5735857.094384553,619957.0872485146,-111.396225,30U,-5.726,1.356,-0.051,0.03328838779241167,0.011149761948070455,-1.7981642369919384
1417777800288734,51.7607365688,-1.2618286062,111.400063,5735856.519536979,619957.2428844492,-111.400063,30U,-5.851,1.466,-0.053,0.03408165057871554,0.011879535242985708,-1.8096703655166313
1417777800395387,51.7607312482,-1.2618264395,111.406212,5735855.931416176,619957.4065079865,-111.406212,30U,-5.99,1.528,-0.079,0.035750919671706266,0.012248373926735088,-1.8213287020586357
1417777800499175,51.7607258061,-1.2618241644,111.415451,5735855.329962104,619957.5779341311,-111.415451,30U,-6.119,1.62,-0.102,0.033622651779441064,0.011138480317809146,-1.8338339799707095
1417777800590546,51.7607202549,-1.2618217189,111.424332,5735854.716655699,619957.7614085529,-111.424332,30U,-6.237,1.755,-0.063,0.030959638201535872,0.010370747624863478,-1.8456227486154537
1417777800681916,51.7607145991,-1.2618190964,111.43129,5735854.092008245,619957.9573747843,-111.43129,30U,-6.35,1.858,-0.084,0.027620400000643346,0.010530900000448224,-1.857267007174632
1417777800788637,51.7607088425,-1.2618163209,111.441368,5735853.456402857,619958.1641665536,-111.441368,30U,-6.457,1.986,-0.098,0.027506253462179605,0.009214293534124196,-1.8695464653123703
1417777800893445,51.7607029957,-1.2618133435,111.448784,5735852.811098751,619958.3851302895,-111.448784,30U,-6.555,2.126,-0.054,0.028517231251333763,0.008212917087419256,-1.8815389816170507
1417777800984867,51.7606970626,-1.2618101803,111.455803,5735852.156503155,619958.6191446217,-111.455803,30U,-6.654,2.233,-0.077,0.030832869949812523,0.007691792186881295,-1.8933172450901206
1417777801076288,51.7606910391,-1.2618068619,111.463554,5735851.49210979,619958.8641087622,-111.463554,30U,-6.748,2.35,-0.073,0.03263876241483039,0.006997399820844705,-1.9054348557221825
1417777801167736,51.7606849373,-1.2618033758,111.470665,5735850.819284815,619959.1208532506,-111.470665,30U,-6.831,2.455,-0.077,0.03142926647134336,0.006558136342559129,-1.916520207093569
1417777801259185,51.7606787668,-1.2617997358,111.478706,5735850.139073119,619959.3884003281,-111.478706,30U,-6.897,2.577,-0.093,0.03295236243480912,0.00363712066352842,-1.9259621919412746
1417777801362093,51.7606725424,-1.2617959258,111.486542,5735849.453147035,619959.6678218105,-111.486542,30U,-6.959,2.67,-0.046,0.032077466649709376,-2.9975516776202522e-05,-1.933406212716009
1417777801468820,51.7606662616,-1.2617920028,111.491653,5735848.761134795,619959.9551908356,-111.491653,30U,-7.018,2.747,-0.066,0.03264138984046765,0.00025356394700385906,-1.9399887194591785
1417777801575572,51.7606599241,-1.2617879764,111.497711,5735848.062987244,619960.2498457211,-111.497711,30U,-7.083,2.816,-0.04,0.031835247852479626,0.001340567951998319,-1.9467145043821676
1417777801682326,51.7606535298,-1.2617838368,111.49575,5735847.358709389,619960.5524630202,-111.49575,30U,-7.13,2.889,0.01,0.030571399999891006,0.005830099999315459,-1.9529744071716582
1417777801789081,51.7606470919,-1.261779598,111.5028,5735846.649746121,619960.8620416287,-111.5028,30U,-7.199,2.965,-0.093,0.03094142764206942,0.00486692586207557,-1.9585734162562063
1417777801895835,51.7606405919,-1.2617752343,111.512077,5735845.934082401,619961.1804041086,-111.512077,30U,-7.27,3.06,-0.083,0.03214536271348685,0.0030175154377736304,-1.9634599308543028
1417777802002590,51.7606340223,-1.2617707508,111.521149,5735845.210875792,619961.5072184023,-111.521149,30U,-7.356,3.124,-0.096,0.03256694740445845,0.0015779334004759804,-1.9674232153392996
1417777802105532,51.7606273734,-1.2617661749,111.527718,5735844.479002523,619961.8406193863,-111.527718,30U,-7.442,3.198,-0.039,0.035961926381148805,0.0013550725247096517,-1.9707187573775558
1417777802197036,51.7606206502,-1.2617614918,111.53067,5735843.739042975,619962.1816151413,-111.53067,30U,-7.522,3.264,-0.03,0.03680147568667865,0.002626913747907625,-1.9728065024613393
1417777802288540,51.7606138479,-1.2617567453,111.534737,5735842.990391308,619962.5271958145,-111.534737,30U,-7.62,3.296,-0.045,0.03697454835772479,0.0030682088278397657,-1.9741841171245968
1417777802380044,51.760606964,-1.2617519347,111.539207,5735842.232770664,619962.8774163412,-111.539207,30U,-7.699,3.358,-0.057,0.03848606476148061,0.003420310805881512,-1.9751714109790612
1417777802471548,51.7606000051,-1.2617470413,111.545769,5735841.466945764,619963.2335496926,-111.545769,30U,-7.786,3.402,-0.074,0.03936124897620187,0.0026183868388725807,-1.975538749379531
1417777802575814,51.7605929698,-1.2617420889,111.552811,5735840.692721767,619963.593957179,-111.552811,30U,-7.87,3.433,-0.061,0.03830318794247149,0.0014576516701536547,-1.9754366360467566
1417777802681903,51.760585859,-1.2617371041,111.55883,5735839.910155013,619963.9568007828,-111.55883,30U,-7.952,3.455,-0.076,0.035901299999423646,0.0008751000008395324,-1.9756211071734227
1417777802773342,51.760578681,-1.261732071,111.565086,5735839.120194662,619964.3231557452,-111.565086,30U,-8.022,3.506,-0.045,0.0388291356938782,5.339092557945778e-05,-1.9755415250988133
1417777802864781,51.760571441,-1.2617269694,111.568398,5735838.323452221,619964.6944022636,-111.568398,30U,-8.093,3.537,-0.043,0.03735562963256834,0.000967165944349308,-1.975327822011011
1417777802968663,51.7605641306,-1.2617218454,111.573296,5735837.518917724,619965.0673813017,-111.573296,30U,-8.176,3.545,-0.044,0.03761385427364546,0.001320478686963759,-1.974998758768304
1417777803075417,51.7605567569,-1.2617166828,111.577156,5735836.707407384,619965.443191985,-111.577156,30U,-8.232,3.589,-0.047,0.04034133764376557,0.00188423118277586,-1.9746596909492586
1417777803181976,51.7605493323,-1.2617114729,111.583267,5735835.890314472,619965.8224018229,-111.583267,30U,-8.295,3.597,-0.067,0.03960615548797725,0.0022582116309362256,-1.9741312922913243
1417777803288529,51.7605418551,-1.2617062597,111.589828,5735835.067377561,619966.201978937,-111.589828,30U,-8.347,3.617,-0.071,0.040841595242904365,0.0033069721733472034,-1.9738551325613325
1417777803395200,51.7605343351,-1.2617010009,111.596962,5735834.239756054,619966.5848164228,-111.596962,30U,-8.392,3.647,-0.08,0.04262961221676556,0.002882622952398939,-1.9730737224229162
1417777803501872,51.7605267685,-1.2616957143,111.605667,5735833.406998088,619966.9696960008,-111.605667,30U,-8.449,3.654,-0.08,0.04182698724698922,0.00011378512964487074,-1.9722436428009233
1417777803608549,51.7605191553,-1.2616904251,111.614357,5735832.569062212,619967.3548786482,-111.614357,30U,-8.496,3.662,-0.084,0.04192446916533408,-0.0006510256063709382,-1.9717707718629545
1417777803706883,51.7605114924,-1.2616851128,111.619286,5735831.725637406,619967.7417872659,-111.619286,30U,-8.557,3.677,-0.026,0.04094879999955834,0.0018487000002472209,-1.9711408071725929
1417777803786859,51.7605037863,-1.2616797841,111.621712,5735830.8774354905,619968.1299422662,-111.621712,30U,-8.596,3.685,-0.036,0.03726660484848568,0.004525664190340474,-1.970424428263905
1417777803866836,51.7604960451,-1.2616744481,111.630806,5735830.02534227,619968.5186941972,-111.630806,30U,-8.634,3.682,-0.097,0.03382321700950964,0.0061535471075927555,-1.9695057637575957
1417777803968493,51.7604882648,-1.261669104,111.642868,5735829.168914232,619968.9081088721,-111.642868,30U,-8.678,3.696,-0.102,0.030977048379187307,0.007114807992217329,-1.9689373649282793
1417777804075154,51.7604804482,-1.2616637448,111.656059,5735828.308474273,619969.298661931,-111.656059,30U,-8.717,3.703,-0.142,0.029528515796066593,0.003693899732207592,-1.9684234333394215
1417777804181877,51.7604726004,-1.2616583648,111.672737,5735827.444598922,619969.6907332074,-111.672737,30U,-8.745,3.73,-0.187,0.03173618311074408,-0.005392988377607241,-1.9678636535393639
1417777804287651,51.7604647288,-1.2616529552,111.685867,5735826.5781255765,619970.0849103653,-111.685867,30U,-8.78,3.738,-0.054,0.033403009917388614,-0.011623052913486297,-1.9671607094422194
1417777804379129,51.7604568198,-1.2616475478,111.68354,5735825.707489527,619970.4790349726,-111.68354,30U,-8.828,3.731,0.091,0.03376200563705246,-0.0063446425773297545,-1.9665094903067597
1417777804470607,51.7604488743,-1.2616421339,111.672859,5735824.832805167,619970.873705022,-111.672859,30U,-8.849,3.754,0.086,0.03614084422443705,0.0038514919453991117,-1.9657555008616883
1417777804575325,51.7604409144,-1.2616366905,111.673019,5735823.956567992,619971.2704491392,-111.673019,30U,-8.87,3.752,-0.082,0.035509294363216676,0.00797753265396512,-1.964563029992444
1417777804681935,51.7604329296,-1.2616312633,111.688904,5735823.07753516,619971.6661414461,-111.688904,30U,-8.903,3.749,-0.189,0.03392799999965342,0.0053627000000906425,-1.963776707171062
1417777804788653,51.7604249186,-1.2616258402,111.707954,5735822.195582007,619972.0616203983,-111.707954,30U,-8.934,3.747,-0.179,0.03199548164243799,0.0008121459188695607,-1.962870178968786
1417777804893453,51.7604168775,-1.2616204171,111.723061,5735821.310281575,619972.4571792736,-111.723061,30U,-8.963,3.75,-0.128,0.030791162116874243,-0.00417459768298268,-1.9618169527187406
1417777804984827,51.7604088089,-1.2616149886,111.732262,5735820.421931878,619972.8531838274,-111.732262,30U,-8.995,3.747,-0.052,0.03036840934335679,-0.008515137832946355,-1.960585139440349
1417777805076200,51.7604007117,-1.2616095585,111.734734,5735819.530404342,619973.2493747429,-111.734734,30U,-9.025,3.753,0.02,0.031216329712236795,-0.009613095765181769,-1.9595370679329827
1417777805181881,51.7603925858,-1.2616041286,111.730118,5735818.635684885,619973.6456280691,-111.730118,30U,-9.056,3.747,0.06,0.0316888535583225,-0.006196865975423732,-1.9584888736242505
1417777805287570,51.7603844354,-1.2615987006,111.725548,5735817.738237779,619974.0418153584,-111.725548,30U,-9.083,3.757,0.042,0.031300651401217336,-0.001432976135375789,-1.9573398120431096
1417777805379072,51.7603762597,-1.2615932673,111.724236,5735816.837985898,619974.4384355961,-111.724236,30U,-9.117,3.744,-0.034,0.02774580409604202,0.0037354600289735388,-1.9559338646996127
1417777805470574,51.7603680525,-1.2615878525,111.73185,5735815.934200616,619974.8338628034,-111.73185,30U,-9.146,3.745,-0.101,0.02759183318099433,0.003803885775744378,-1.9546638090232888
1417777805575283,51.7603598246,-1.261582418,111.744888,5735815.028145798,619975.2307044974,-111.744888,30U,-9.169,3.753,-0.162,0.026064368380903473,-0.0006263374930051532,-1.9531707152434847
1417777805681879,51.7603515619,-1.2615770132,111.760162,5735814.1181721715,619975.6255890077,-111.760162,30U,-9.218,3.719,-0.115,0.022289400000368314,-0.005603899999766789,-1.9519485071751923
1417777805788556,51.7603432671,-1.2615716101,111.766701,5735813.204626056,619976.020441432,-111.766701,30U,-9.244,3.748,-0.016,0.023179545109369842,-0.006417548727407463,-1.9503541625170637
1417777805893326,51.7603349454,-1.2615661868,111.766411,5735812.288121748,619976.4167592861,-111.766411,30U,-9.281,3.74,0.003,0.023555570636609256,-0.004547990597466288,-1.9485237760227834
1417777805984742,51.7603265871,-1.2615607872,111.765961,5735811.36750833,619976.8115387843,-111.765961,30U,-9.312,3.729,-0.009,0.024922678210075728,-0.004304413687987058,-1.9476892701061812
1417777806076158,51.7603182165,-1.2615553877,111.768822,5735810.445526939,619977.2063441228,-111.768822,30U,-9.315,3.727,-0.023,0.02337444967293285,-0.004556099285469982,-1.946900181252094
1417777806181858,51.7603098453,-1.2615499968,111.772255,5735809.523464707,619977.6005577091,-111.772255,30U,-9.309,3.728,-0.044,0.0256553430600306,-0.0027408291157666087,-1.9459003982752885
1417777806287563,51.7603014877,-1.2615445952,111.774887,5735808.602932515,619977.9954737744,-111.774887,30U,-9.292,3.717,-0.049,0.024621596537976975,-0.00044488729216398635,-1.9443129003867357
1417777806379064,51.7602931417,-1.2615392577,111.785835,5735807.683584893,619978.3859357326,-111.785835,30U,-9.276,3.675,-0.127,0.024511942286766984,-0.0023122605561156605,-1.9435406831941953
1417777806470565,51.7602848219,-1.2615339403,111.796646,5735806.767117844,619978.7749412816,-111.796646,30U,-9.232,3.675,-0.093,0.027628551381145873,-0.002790482963295647,-1.9423318494268813
1417777806575349,51.7602765407,-1.2615286476,111.804848,5735805.854902754,619979.162140105,-111.804848,30U,-9.2,3.629,-0.066,0.02683502724574915,-0.0014677784998247216,-1.9409002615909694
1417777806682030,51.7602682917,-1.2615234132,111.810928,5735804.946172629,619979.5452304563,-111.810928,30U,-9.157,3.604,-0.069,0.023988999999313525,0.000627300000199726,-1.9397285071690813
1417777806788625,51.7602600796,-1.2615182355,111.821022,5735804.041452769,619979.9243102879,-111.821022,30U,-9.121,3.556,-0.126,0.02258173502822452,-0.0001638949985461996,-1.9382158214575582
1417777806893332,51.7602519021,-1.2615130953,111.832588,5735803.140518985,619980.3007106734,-111.832588,30U,-9.081,3.539,-0.117,0.022357439165436484,-0.0026418467588077495,-1.9365124328689152
1417777806984820,51.7602437587,-1.2615080057,111.845909,5735802.243294121,619980.6735289127,-111.845909,30U,-9.048,3.488,-0.109,0.021830582514623182,-0.006597698488658955,-1.9353072921135785
1417777807076307,51.7602356513,-1.2615029729,111.853745,5735801.34997927,619981.042332109,-111.853745,30U,-8.989,3.467,-0.063,0.022474613846661773,-0.007624905516823425,-1.934510031278868
1417777807181979,51.7602276017,-1.2614979831,111.858757,5735800.463021433,619981.4080147954,-111.858757,30U,-8.92,3.43,-0.037,0.022285879980190323,-0.008884377345521091,-1.9336352432678496
1417777807288604,51.760219628,-1.2614930421,111.861237,5735799.5844239,619981.7701287296,-111.861237,30U,-8.826,3.401,-0.016,0.02428459479781231,-0.00955829264658063,-1.932317516610814
1417777807395355,51.7602117356,-1.2614881526,111.864288,5735798.7147827465,619982.1284732673,-111.864288,30U,-8.74,3.352,-0.032,0.026122989272852996,-0.008635144741979331,-1.9310498616348761
1417777807497086,51.7602039221,-1.261483333,111.864166,5735797.8538008025,619982.4817849952,-111.864166,30U,-8.647,3.301,0.008,0.025949603449596476,-0.005561449066719536,-1.9301713762660109
1417777807577063,51.7601961899,-1.2614786054,111.867783,5735797.001708607,619982.8285324393,-111.867783,30U,-8.56,3.237,-0.089,0.02460606370802749,-0.004268160724546256,-1.9298054176704875
1417777807657040,51.7601885434,-1.261473937,111.876839,5735796.159049423,619983.1709674391,-111.876839,30U,-8.456,3.219,-0.088,0.02301079999965731,-0.007243700000717078,-1.9298193071752079
1417777807755359,51.7601809896,-1.2614693135,111.886948,5735795.326625228,619983.5100582648,-111.886948,30U,-8.365,3.154,-0.1,0.01426863947654876,-0.012542346518488625,-1.9295399273651062
1417777807862014,51.7601735178,-1.2614647769,111.893234,5735794.5031770095,619983.8429348867,-111.893234,30U,-8.259,3.134,-0.017,0.01510125066720561,-0.014323567286707643,-1.9300390217878196
1417777807968611,51.76016614,-1.2614602531,111.892799,5735793.690161152,619984.1746790824,-111.892799,30U,-8.165,3.101,0.038,0.01194397327020824,-0.012022680835378378,-1.9315548155118611
1417777808075194,51.7601588428,-1.2614558044,111.888344,5735792.885984995,619984.5010270907,-111.888344,30U,-8.064,3.066,0.029,0.0130395402375041,-0.008744966401680519,-1.935359371185115
1417777808181875,51.7601516514,-1.2614513476,111.889793,5735792.093587818,619984.8276536801,-111.889793,30U,-7.94,3.089,-0.043,0.014674956292513964,-0.009162828956365431,-1.939592344120663
1417777808288566,51.7601445593,-1.2614468761,111.8937,5735791.312257636,619985.1550315449,-111.8937,30U,-7.858,3.08,-0.04,0.009573892614110456,-0.009130144920718924,-1.9436518607548139
1417777808395316,51.7601375248,-1.2614424009,111.89769,5735790.537339047,619985.4825121333,-111.89769,30U,-7.791,3.124,-0.034,0.015756209770980988,-0.010125687325146394,-1.94711711880152
1417777808499178,51.7601305491,-1.2614378595,111.899445,5735789.769068323,619985.8144053536,-111.899445,30U,-7.738,3.128,-0.029,0.015852134403592802,-0.010978445874121959,-1.9495534648847095
1417777808590524,51.7601236085,-1.2614333469,111.902824,5735789.004653585,619986.1442181394,-111.902824,30U,-7.708,3.105,-0.05,0.018298178417497875,-0.013097970366711707,-1.951886001419438
1417777808681870,51.760116704,-1.2614288363,111.90284,5735788.244250124,619986.4737972924,-111.90284,30U,-7.655,3.125,0.045,0.022035599999328453,-0.01285049999942641,-1.9530637071697297
1417777808788620,51.760109841,-1.2614243166,111.898346,5735787.48847672,619986.8038945008,-111.898346,30U,-7.634,3.108,0.036,0.021266940981608935,-0.008735049289027044,-1.9528373454008485
1417777808893464,51.7601029916,-1.2614198346,111.896759,5735786.734153721,619987.1313540875,-111.896759,30U,-7.613,3.103,0.03,0.026228717632803437,-0.009317135705922462,-1.9516753436170209
1417777808984964,51.7600961649,-1.2614153412,111.896072,5735785.982373878,619987.4595402926,-111.896072,30U,-7.584,3.092,-0.041,0.03131252934241621,-0.010903577125734993,-1.9490022242301899
1417777809076463,51.7600893526,-1.2614108838,111.902008,5735785.232136202,619987.7852040691,-111.902008,30U,-7.594,3.052,-0.06,0.02901070520072901,-0.014284291330971912,-1.9465536218864874
1417777809167832,51.7600825232,-1.2614064998,111.901588,5735784.47987616,619988.1058479733,-111.901588,30U,-7.59,3.005,0.015,0.028979381987828307,-0.0159814490959308,-1.9435221310947384
1417777809259191,51.7600757049,-1.2614021568,111.898376,5735783.728783073,619988.4236331455,-111.898376,30U,-7.58,3.003,0.093,0.03163457782237077,-0.01615996072605296,-1.9396900542146274
1417777809362094,51.7600689067,-1.2613978342,111.892815,5735782.97989169,619988.739957323,-111.892815,30U,-7.578,2.949,0.025,0.027137118978283265,-0.012155935100611942,-1.9351950505304347
1417777809468844,51.7600620966,-1.2613936327,111.886162,5735782.229477734,619989.04795608,-111.886162,30U,-7.571,2.88,0.061,0.02399918337939769,-0.005848445945717324,-1.9320708102544277
1417777809575342,51.7600553,-1.2613894581,111.879745,5735781.480520826,619989.3540627732,-111.879745,30U,-7.544,2.886,0.001,0.024870578379593125,-9.406440484450375e-05,-1.9286589201700044
1417777809681804,51.7600485142,-1.2613852943,111.884483,5735780.732747195,619989.659395614,-111.884483,30U,-7.558,2.852,-0.083,0.01981649999963355,-0.0017459999994791633,-1.92512890717919
1417777809788529,51.7600417165,-1.26138122,111.894829,5735779.9835029775,619989.9585837309,-111.894829,30U,-7.577,2.79,-0.136,0.015046593095101457,-0.008506004298077867,-1.9222581272998023
1417777809895257,51.7600349204,-1.2613771699,111.906876,5735779.2343968935,619990.2560976553,-111.906876,30U,-7.555,2.82,-0.059,0.020455276579881373,-0.015714985804397886,-1.919332942889636
1417777810002006,51.7600281276,-1.2613731044,111.908813,5735778.485683144,619990.5546656613,-111.908813,30U,-7.578,2.784,0.024,0.01974458513897511,-0.015322066690785693,-1.9159682705064636
1417777810104943,51.7600213056,-1.2613691257,111.90226,5735777.733579377,619990.8473211313,-111.90226,30U,-7.608,2.721,0.081,0.014543660976106194,-0.012571169692098174,-1.9135615951601839
1417777810196442,51.7600144708,-1.2613651897,111.894325,5735776.979981936,619991.1370639064,-111.894325,30U,-7.596,2.73,0.028,0.012325217686212952,-0.012635417693107732,-1.9099585134715429
1417777810287938,51.7600076413,-1.2613612582,111.894348,5735776.226966497,619991.4264821672,-111.894348,30U,-7.61,2.695,-0.019,0.006307649461641085,-0.01708331120403922,-1.9048978870961955
1417777810379375,51.7600007954,-1.261357373,111.895241,5735775.472051115,619991.7127488423,-111.895241,30U,-7.635,2.662,0.029,0.005522856601117508,-0.02040802255483784,-1.8991786763483045
1417777810470812,51.7599939219,-1.261353567,111.886711,5735774.71393615,619991.9936232063,-111.886711,30U,-7.663,2.609,0.127,0.004516668201379676,-0.016587011412996018,-1.8941683734876125
1417777810575577,51.7599870199,-1.2613498309,111.875427,5735773.952536816,619992.2697494337,-111.875427,30U,-7.696,2.552,0.1,-0.0018391111718087396,-0.012010926402404023,-1.8893816975521294
1417777810682246,51.7599800951,-1.2613461566,111.867043,5735773.18850031,619992.5416713889,-111.867043,30U,-7.713,2.529,0.073,-0.0029065000007893467,-0.009705199999470004,-1.8847781071787795
1417777810773621,51.759973162,-1.261342509,111.865158,5735772.423496881,619992.8117728669,-111.865158,30U,-7.725,2.508,-0.028,-0.0035631121739671283,-0.012021605014427448,-1.8808422446088584
1417777810864995,51.759966211,-1.2613389076,111.866402,5735771.656426856,619993.07873363,-111.866402,30U,-7.745,2.47,-0.004,-0.0025353941849561735,-0.0156921210923522,-1.8780357700244035
1417777810968775,51.7599592445,-1.2613353233,111.865944,5735770.887605016,619993.3445554962,-111.865944,30U,-7.758,2.48,0.012,-0.0019174694128197532,-0.017776091261092752,-1.8750830411421413
1417777811075419,51.7599522615,-1.261331739,111.861115,5735770.116948281,619993.6104211849,-111.861115,30U,-7.783,2.467,0.078,-0.0028393051684174274,-0.01788361303237075,-1.8719253203547195
1417777811182075,51.7599452547,-1.2613281797,111.85183,5735769.343603719,619993.8746248046,-111.85183,30U,-7.808,2.458,0.079,0.0006759909827416951,-0.016931995606735573,-1.8689982020324756
1417777811288736,51.7599382264,-1.2613246358,111.845581,5735768.567842896,619994.1378227522,-111.845581,30U,-7.835,2.426,0.081,-0.0007853035805146242,-0.021104272624895642,-1.866510172980223
1417777811395452,51.7599311782,-1.2613211495,111.836998,5735767.789774311,619994.3970985733,-111.836998,30U,-7.852,2.401,0.098,-0.00027567991105511473,-0.02108334566639731,-1.8649136689134773
1417777811502162,51.7599241156,-1.2613176715,111.82782,5735767.010090711,619994.6558398663,-111.82782,30U,-7.873,2.415,0.102,0.00325690249414256,-0.015974204722897963,-1.862988375079665
1417777811608842,51.7599170312,-1.2613141825,111.812943,5735766.228000923,619994.9153981379,-111.812943,30U,-7.892,2.399,0.154,0.005852343051261529,-0.008733820458551249,-1.8610951089626515
1417777811707198,51.7599099362,-1.2613107177,111.804855,5735765.4446925465,619995.1733145511,-111.804855,30U,-7.901,2.378,-0.005,0.0041941000007711116,-0.006351299999625806,-1.8593317071753186
1417777811787241,51.7599028324,-1.2613072983,111.810493,5735764.660330868,619995.4281213243,-111.810493,30U,-7.91,2.367,-0.081,0.007060388030982871,-0.010921959357532004,-1.8577934419182784
1417777811867284,51.7598957199,-1.2613038586,111.815468,5735763.875035109,619995.6843521353,-111.815468,30U,-7.923,2.378,0.003,0.008068299203337443,-0.01422659924390911,-1.8557103648572055
1417777811968890,51.7598885967,-1.2613004304,111.813896,5735763.088530532,619995.9398177759,-111.813896,30U,-7.937,2.353,0.042,0.008279197932749808,-0.014691796412470436,-1.8535332271158205
1417777812075473,51.7598814524,-1.2612970535,111.808319,5735762.29959511,619996.1917992276,-111.808319,30U,-7.958,2.324,0.064,0.009417145049519777,-0.013732302466019327,-1.8517595333836883
1417777812181950,51.7598742955,-1.2612936841,111.804314,5735761.509246157,619996.443296585,-111.804314,30U,-7.972,2.333,0.047,0.013618159620672284,-0.01676657183764564,-1.8495739092580683
1417777812287485,51.75986713,-1.2612903176,111.799423,5735760.717936073,619996.6946166876,-111.799423,30U,-7.98,2.314,0.035,0.015895687826221954,-0.020261227561009724,-1.8469911991133148
1417777812378983,51.75985995,-1.2612869883,111.794601,5735759.924952301,619996.9434081387,-111.794601,30U,-8.005,2.274,0.064,0.010547300199694758,-0.02226676059636642,-1.8439987305675143
1417777812470481,51.7598527447,-1.2612837193,111.783882,5735759.129055809,619997.1881054459,-111.783882,30U,-8.025,2.263,0.147,0.009765277583355813,-0.01927269245630681,-1.841110376671182
1417777812575323,51.7598455287,-1.2612804263,111.770996,5735758.3320089085,619997.4344874292,-111.770996,30U,-8.04,2.272,0.151,0.00863412527945528,-0.01603093015935455,-1.837538766201108
1417777812682070,51.7598382936,-1.2612772094,111.760307,5735757.532712766,619997.6756684722,-111.760307,30U,-8.062,2.178,0.058,0.0007581999995319199,-0.014889000000518666,-1.834828707165005
1417777812788751,51.7598310394,-1.2612740896,111.756653,5735756.731132832,619997.9101993624,-111.756653,30U,-8.072,2.169,0.029,0.0012686725849222946,-0.017238474281940447,-1.8335769225028618
1417777812893525,51.7598237903,-1.2612709009,111.750595,5735755.930233426,619998.1494715825,-111.750595,30U,-8.067,2.214,0.064,0.001804153827358217,-0.015702026233792334,-1.8309683412553395
1417777812984957,51.759816527,-1.2612677464,111.744141,5735755.12769863,619998.3864213808,-111.744141,30U,-8.097,2.146,0.083,-0.0009963084783053866,-0.013750515547486554,-1.8289424576390167
1417777813076389,51.7598092493,-1.2612646473,111.735016,5735754.323471321,619998.619586276,-111.735016,30U,-8.089,2.153,0.06,-0.0020076597626834825,-0.010156952952653755,-1.8270930034401118
1417777813182096,51.7598019831,-1.261261516,111.734253,5735753.520575875,619998.854942868,-111.734253,30U,-8.083,2.159,-0.007,-0.0010878129127428816,-0.010648177692751299,-1.8241008647964467
1417777813287807,51.759794718,-1.2612584234,111.733406,5735752.717739092,619999.0876259238,-111.733406,30U,-8.087,2.113,0.016,-0.0009452651043456654,-0.011434856521157995,-1.8220922552622363
1417777813379288,51.7597874555,-1.2612554007,111.733589,5735751.915076446,619999.3154783562,-111.733589,30U,-8.078,2.072,-0.009,-0.0031339931409607594,-0.012819412454843943,-1.8214661897770497
1417777813470769,51.7597802029,-1.2612523989,111.732475,5735751.113480363,619999.5418622952,-111.732475,30U,-8.06,2.089,0.03,-0.0025274456850165575,-0.013167877564659602,-1.8207356576443916
1417777813575524,51.7597729694,-1.2612493747,111.729858,5735750.314045188,619999.7697414793,-111.729858,30U,-8.042,2.079,0.028,-0.0033196326538601595,-0.013018016620747678,-1.8190916811281372
1417777813682175,51.7597657568,-1.2612463877,111.727257,5735749.51687303,619999.9949981415,-111.727257,30U,-8.013,2.048,0.014,-0.004611700000340658,-0.014199200000660458,-1.8180068071718307
1417777813788837,51.7597585687,-1.2612434394,111.725319,5735748.722361759,620000.2175192188,-111.725319,30U,-7.984,2.032,0.018,-0.003919354802542231,-0.016623832809230243,-1.8169770252489492
1417777813893588,51.7597514052,-1.2612405069,111.723785,5735747.930560177,620000.4388847742,-111.723785,30U,-7.96,2.019,0.025,-0.004377231241661276,-0.019975528617054133,-1.8162380851846058
1417777813984962,51.759744263,-1.2612375923,111.718971,5735747.141097849,620000.6589586365,-111.718971,30U,-7.936,2.006,0.063,-0.0034144086783099202,-0.022293519443405928,-1.8156359979402543
1417777814076336,51.7597371451,-1.2612346993,111.711174,5735746.354302303,620000.877477513,-111.711174,30U,-7.904,1.999,0.091,-0.0001490497811981087,-0.021903703687519403,-1.8155339594821047
1417777814182072,51.759730054,-1.261231808,111.700333,5735745.570484298,620001.0958080736,-111.700333,30U,-7.881,1.986,0.117,-0.002297925496762598,-0.0188860400904909,-1.815335852429605
1417777814287799,51.7597229821,-1.261228949,111.688522,5735744.788748321,620001.3118587608,-111.688522,30U,-7.855,1.978,0.112,-0.002333636123572952,-0.01705659786122397,-1.8150609807176945
1417777814379037,51.7597159348,-1.2612260799,111.679405,5735744.009764646,620001.5285412838,-111.679405,30U,-7.828,1.985,0.067,-0.0012020421483972391,-0.015208610855901456,-1.8144786194288953
1417777814470275,51.759708907,-1.2612232044,111.675385,5735743.232960033,620001.7456138276,-111.675385,30U,-7.818,1.97,0.022,-0.002991444233006114,-0.013995887962688445,-1.8138771707481574
1417777814575083,51.7597018787,-1.2612203772,111.670441,5735742.456020356,620001.9593545686,-111.670441,30U,-7.823,1.949,0.065,-0.002043083549867259,-0.012812155538129772,-1.8143181256005865
1417777814681830,51.7596948518,-1.2612175396,111.665596,5735741.679253489,620002.1738093615,-111.665596,30U,-7.815,1.973,0.03,-0.001079200000863616,-0.01153929999938371,-1.8150724071788678
1417777814788576,51.7596878282,-1.2612146816,111.665222,5735740.902887177,620002.3896632695,-111.665222,30U,-7.821,1.97,-0.004,-0.0023874723786377026,-0.013584824154845104,-1.8156710060336434
1417777814893416,51.7596807962,-1.261211839,111.662682,5735740.125561401,620002.6044767542,-111.662682,30U,-7.826,1.965,0.034,-0.004265636053423369,-0.01473999864871664,-1.8170860138525262
1417777814984913,51.7596737635,-1.2612089687,111.659622,5735739.3482033685,620002.8212037346,-111.659622,30U,-7.823,2.0,0.037,-0.003369682912786215,-0.014703779502775426,-1.8183125074022644
1417777815076411,51.7596667319,-1.2612060581,111.654167,5735738.571033982,620003.0407089683,-111.654167,30U,-7.829,2.011,0.074,-0.004626022842388956,-0.012004973260603725,-1.8194454150361534
1417777815182131,51.7596596964,-1.2612031412,111.646698,5735737.793441267,620003.2606593663,-111.646698,30U,-7.829,2.011,0.061,-0.0055542116802396934,-0.008401849891754843,-1.820654246674166
1417777815288794,51.7596526618,-1.2612002221,111.642754,5735737.015952265,620003.4807592623,-111.642754,30U,-7.825,2.031,0.028,-0.0034743665570436512,-0.006649899651212598,-1.8221588147895245
1417777815395372,51.7596456316,-1.2611972703,111.643478,5735736.239006388,620003.7031041854,-111.643478,30U,-7.826,2.042,-0.031,-0.0040213298406629,-0.00769618703763889,-1.823600932825132
1417777815496967,51.7596385963,-1.261194321,111.646317,5735735.461489255,620003.9252901669,-111.646317,30U,-7.829,2.036,-0.027,-0.004575273579097476,-0.010737883307085883,-1.8253233246459373
1417777815576969,51.7596315594,-1.2611913497,111.649521,5735734.683830399,620004.1489986773,-111.649521,30U,-7.828,2.072,-0.015,-0.00471925491018516,-0.013908470068341507,-1.8270386992308585
1417777815656970,51.7596245239,-1.2611883325,111.649483,5735733.906402767,620004.3758711072,-111.649483,30U,-7.83,2.091,0.022,-0.005165400000054534,-0.015778599999561563,-1.8280953071785029
1417777815755356,51.759617483,-1.2611853072,111.64463,5735733.12838796,620004.6033169009,-111.64463,30U,-7.837,2.092,0.067,-0.004344533002525315,-0.01492938783570767,-1.8296878360658906
1417777815862100,51.7596104383,-1.2611822585,111.63707,5735732.349989081,620004.8323876725,-111.63707,30U,-7.843,2.117,0.084,-0.005397032673748583,-0.012178913430101277,-1.831394179688944
1417777815968762,51.7596033848,-1.2611792028,111.629616,5735731.570623117,620005.0619649142,-111.629616,30U,-7.852,2.11,0.064,-0.006754908062846585,-0.009657254878147887,-1.8332600955890077
1417777816075405,51.7595963282,-1.2611761226,111.624229,5735730.790952734,620005.2932411905,-111.624229,30U,-7.849,2.151,0.044,-0.0036314606270867133,-0.006654296870381985,-1.8351826411052066
1417777816181997,51.7595892749,-1.2611729829,111.62339,5735730.011747248,620005.5286148927,-111.62339,30U,-7.847,2.18,-0.022,0.0016030144031643526,-0.006181071531091347,-1.8371937414686057
1417777816288596,51.7595822179,-1.2611698291,111.625305,5735729.232153509,620005.7649715163,-111.625305,30U,-7.856,2.18,-0.016,0.003888145585821623,-0.007892090250674626,-1.8405282559411138
1417777816395341,51.7595751575,-1.2611666589,111.628548,5735728.452208665,620006.0024689909,-111.628548,30U,-7.854,2.203,-0.04,0.00281628866857735,-0.009918573528967209,-1.8438161384099607
1417777816499221,51.7595681001,-1.2611634325,111.631317,5735727.672689926,620006.2438369563,-111.631317,30U,-7.851,2.26,0.015,0.006049925661991438,-0.010341967632444953,-1.8462678548399278
1417777816590679,51.7595610465,-1.2611601252,111.628914,5735726.893726899,620006.4907778493,-111.628914,30U,-7.85,2.298,0.032,0.008991982911801802,-0.009452367703215227,-1.8482425280176298
1417777816682138,51.7595539847,-1.261156823,111.626022,5735726.113843603,620006.7373886007,-111.626022,30U,-7.866,2.264,0.018,0.0081701000000029,-0.010035499999938257,-1.8514351071666444
1417777816788825,51.7595469183,-1.2611535358,111.62616,5735725.333424086,620006.9829764644,-111.62616,30U,-7.855,2.295,-0.008,0.008583712309694732,-0.011910185924675082,-1.8551174889370474
1417777816893601,51.7595398708,-1.261150171,111.626358,5735724.555234067,620007.233869485,-111.626358,30U,-7.83,2.343,0.013,0.00860423851267154,-0.014044367687087092,-1.8574350024978792
1417777816985003,51.7595328398,-1.2611467862,111.623856,5735723.778911876,620007.4860990322,-111.623856,30U,-7.819,2.331,0.034,0.007137681451853231,-0.015055938518177126,-1.8599727854940389
1417777817076405,51.7595258302,-1.2611433993,111.620247,5735723.004972968,620007.7384168282,-111.620247,30U,-7.778,2.347,0.032,0.006607001777741153,-0.015551277522920397,-1.8628650717044422
1417777817167860,51.7595188562,-1.2611399827,111.617325,5735722.23504189,620007.9926899058,-111.617325,30U,-7.74,2.378,0.038,0.00941443168910613,-0.017114372987561924,-1.8656718254368574
1417777817259319,51.7595119201,-1.2611365269,111.612465,5735721.469390046,620008.2495677676,-111.612465,30U,-7.702,2.388,0.056,0.008538019179725147,-0.018152175433140363,-1.8678305948619558
1417777817361890,51.7595050135,-1.2611330833,111.606117,5735720.706998727,620008.5055255495,-111.606117,30U,-7.669,2.37,0.053,0.006206794755603259,-0.01652622208035059,-1.870190506152963
1417777817468166,51.7594981378,-1.2611296319,111.600555,5735719.948056533,620008.76193975,-111.600555,30U,-7.631,2.399,0.078,0.007805700578659259,-0.013686666289633893,-1.8725404152936398
1417777817574851,51.7594912983,-1.261126146,111.592567,5735719.1931967875,620009.0206388925,-111.592567,30U,-7.59,2.405,0.049,0.00786212353733917,-0.010549865479393352,-1.8747984130048057
1417777817681596,51.7594844908,-1.2611226663,111.590836,5735718.441885458,620009.2788253893,-111.590836,30U,-7.555,2.403,-0.009,0.010734600000678348,-0.011824500000830046,-1.8777076071796042
1417777817788341,51.7594777205,-1.261119167,111.592583,5735717.694743269,620009.5382659205,-111.592583,30U,-7.51,2.43,-0.01,0.012897375795913072,-0.014745416045995077,-1.8803019098536093
1417777817895085,51.759470987,-1.2611156496,111.592499,5735716.95172327,620009.7988580309,-111.592499,30U,-7.477,2.428,0.018,0.013535656625858842,-0.015843345532854342,-1.8827050468938966
1417777818001830,51.7594642846,-1.2611121235,111.588478,5735716.212176116,620010.0599681378,-111.588478,30U,-7.436,2.453,0.065,0.01840199534346608,-0.015309120014672654,-1.8849836517599003
1417777818104763,51.7594576196,-1.2611085639,111.582001,5735715.476843217,620010.3232909949,-111.582001,30U,-7.398,2.452,0.057,0.018651431445417303,-0.014772360688569446,-1.8871416078964733
1417777818196258,51.7594509829,-1.2611050225,111.576988,5735714.744627524,620010.5852828906,-111.576988,30U,-7.366,2.447,0.043,0.020515892267974196,-0.014844756298425018,-1.8897530603327886
1417777818287753,51.7594443834,-1.2611014654,111.572441,5735714.016574554,620010.8482596795,-111.572441,30U,-7.321,2.468,0.054,0.022565553445429435,-0.013709384900167897,-1.8920462531319193
1417777818379249,51.7594378225,-1.2610978811,111.567642,5735713.292858918,620011.1130112696,-111.567642,30U,-7.283,2.48,0.046,0.025224584328589227,-0.011583864578515003,-1.8940580363030284
1417777818470744,51.7594312927,-1.2610942984,111.563789,5735712.572599182,620011.377570047,-111.563789,30U,-7.25,2.472,0.047,0.02830292432324325,-0.010482620398992266,-1.896356346669326
1417777818575583,51.7594247974,-1.2610907128,111.560577,5735711.8561808495,620011.6422375409,-111.560577,30U,-7.208,2.472,0.007,0.028498464357696256,-0.009915151184395472,-1.8985507730314155
1417777818682327,51.7594183361,-1.2610871328,111.561195,5735711.143534331,620011.9064284896,-111.561195,30U,-7.168,2.476,-0.008,0.030542000000199663,-0.010604199999779608,-1.900644407170255
1417777818773823,51.7594119143,-1.2610835288,111.561073,5735710.4353199685,620012.172171019,-111.561073,30U,-7.124,2.5,0.015,0.03264937170412125,-0.010266807860877194,-1.902289849937614
1417777818865319,51.7594055292,-1.2610799199,111.55938,5735709.731194956,620012.4381544521,-111.55938,30U,-7.089,2.484,0.01,0.033164531362491215,-0.008582271791724624,-1.9040541671501396
1417777818969204,51.7593991744,-1.2610763306,111.559036,5735709.030407256,620012.7027050011,-111.559036,30U,-7.051,2.475,0.007,0.03455261495217063,-0.008464468345164325,-1.9062522768899897
1417777819075949,51.759392858,-1.2610727328,111.557968,5735708.333903882,620012.967740383,-111.557968,30U,-7.005,2.487,-0.003,0.03499245116374091,-0.009247333561087574,-1.9081589838922925
1417777819182693,51.7593865841,-1.261069133,111.559311,5735707.642130079,620013.2328011554,-111.559311,30U,-6.957,2.485,-0.021,0.03585401219876843,-0.010971478469133447,-1.9100676874639932
1417777819289437,51.7593803506,-1.2610655387,111.561432,5735706.9548399765,620013.4973753092,-111.561432,30U,-6.915,2.479,-0.009,0.03344784088961429,-0.01222846782353355,-1.9117629605857742
1417777819396182,51.759374156,-1.2610619582,111.560043,5735706.271853106,620013.7608940315,-111.560043,30U,-6.867,2.469,0.01,0.0323711890816759,-0.011291848801049584,-1.913083462141787
1417777819502927,51.7593680073,-1.2610583744,111.557274,5735705.593976048,620014.0245188418,-111.557274,30U,-6.811,2.479,0.029,0.033712499789953325,-0.010459280686864001,-1.91415165666711
1417777819609672,51.7593619042,-1.2610547945,111.556488,5735704.921163596,620014.2877536585,-111.556488,30U,-6.773,2.452,0.003,0.03383905559845479,-0.01274216846518866,-1.9154203121006819
1417777819708077,51.7593558411,-1.2610512496,111.556107,5735704.252741817,620014.5484670982,-111.556107,30U,-6.721,2.451,-0.009,0.036225099999313067,-0.015921999999872646,-1.917580807167718
1417777819788136,51.7593498221,-1.2610477036,111.55645,5735703.58922606,620014.8091395728,-111.55645,30U,-6.668,2.453,0.009,0.03840769248278642,-0.019339362518787203,-1.9191336067937304
1417777819868194,51.7593438518,-1.2610441499,111.554771,5735702.931138734,620015.0702143534,-111.554771,30U,-6.62,2.441,0.038,0.03836268243977948,-0.021870826363639555,-1.9201583785395548
1417777819969935,51.7593379232,-1.2610406299,111.547035,5735702.27763327,620015.3288529605,-111.547035,30U,-6.564,2.434,0.101,0.04242793824883635,-0.021258627741016906,-1.921673762111222
1417777820076680,51.7593320592,-1.2610370941,111.53981,5735701.631337751,620015.5884106953,-111.53981,30U,-6.492,2.441,0.072,0.04576568987601047,-0.021160836709153547,-1.9227251456950032
1417777820183425,51.7593262552,-1.261033591,111.53196,5735700.99166081,620015.845552739,-111.53196,30U,-6.421,2.402,0.071,0.04806540018835406,-0.021839286056214515,-1.9236661157011397
1417777820289217,51.7593205152,-1.2610301407,111.523224,5735700.359014203,620016.0988813661,-111.523224,30U,-6.349,2.371,0.08,0.05001341844813733,-0.02043484978911343,-1.9248211848277388
1417777820380712,51.7593148466,-1.2610267105,111.515755,5735699.734274665,620016.3506336014,-111.515755,30U,-6.266,2.368,0.065,0.051741553552353714,-0.017866983749933247,-1.9255079468254706
1417777820472207,51.7593092448,-1.2610233032,111.509361,5735699.116926036,620016.6006284119,-111.509361,30U,-6.201,2.334,0.076,0.05279869254434824,-0.015551745676076317,-1.9257137512686635
1417777820577046,51.7593037016,-1.2610199495,111.502205,5735698.506005908,620016.8467689102,-111.502205,30U,-6.135,2.295,0.048,0.052579217996539196,-0.013735598384176038,-1.9263360593043166
1417777820683790,51.7592982226,-1.2610166328,111.498299,5735697.902164352,620017.0901858247,-111.498299,30U,-6.057,2.29,0.03,0.05293949999942715,-0.013319399999187572,-1.9268017071797228
1417777820790535,51.759292814,-1.2610133306,111.497322,5735697.306127871,620017.3324154522,-111.497322,30U,-5.982,2.27,-0.002,0.05198512094978853,-0.013949163407708113,-1.9269224975077155
1417777820895373,51.7592874648,-1.2610100767,111.497139,5735696.716617576,620017.5711543976,-111.497139,30U,-5.921,2.226,0.02,0.05211264915801076,-0.014360096610818194,-1.9272146670731227
1417777820986869,51.7592821766,-1.2610068599,111.495049,5735696.133829825,620017.8071713382,-111.495049,30U,-5.85,2.212,0.032,0.05141588934534629,-0.014517831506421393,-1.9277689237089495
1417777821078365,51.7592769493,-1.2610036862,111.492569,5735695.557743625,620018.0400524708,-111.492569,30U,-5.784,2.18,0.021,0.051097391250808054,-0.014538459491764192,-1.9284023103092964
1417777821184156,51.7592717844,-1.2610005325,111.490273,5735694.988563799,620018.2713879663,-111.490273,30U,-5.711,2.175,0.012,0.054856808241562464,-0.015103079288805499,-1.928760297148367
1417777821289948,51.7592666846,-1.2609973978,111.488838,5735694.426592248,620018.5012396725,-111.488838,30U,-5.643,2.157,0.02,0.058182590433887654,-0.016776623352868825,-1.929519606252279
1417777821381443,51.7592616419,-1.260994295,111.486481,5735693.870918093,620018.7287385644,-111.486481,30U,-5.575,2.131,0.014,0.06391187942671911,-0.0196242026944283,-1.9302588219739245
1417777821472938,51.7592566686,-1.2609912301,111.484276,5735693.3228993,620018.9534379593,-111.484276,30U,-5.492,2.095,0.035,0.06302170001501646,-0.02180632366673225,-1.9308048041957537
1417777821577777,51.7592517661,-1.2609882465,111.479813,5735692.782620134,620019.1723390727,-111.479813,30U,-5.414,2.033,0.061,0.057467020336955145,-0.01780805046499157,-1.931108582539428
1417777821684521,51.7592469402,-1.2609853118,111.473969,5735692.2507789135,620019.3876624722,-111.473969,30U,-5.318,2.028,0.031,0.05518189999977385,-0.011293700000228675,-1.9308449071670288
1417777821791266,51.7592422019,-1.2609823759,111.471161,5735691.728681349,620019.6028364275,-111.471161,30U,-5.226,2.025,0.061,0.05615869852273,-0.009736985628629376,-1.930104086946749
1417777821896105,51.7592375405,-1.2609794684,111.461479,5735691.215088828,620019.8158465906,-111.461479,30U,-5.145,1.985,0.101,0.0598162770473777,-0.0075639043657839845,-1.9295354161951352
1417777821987600,51.7592329518,-1.2609766425,111.457344,5735690.709446729,620020.0230327237,-111.457344,30U,-5.064,1.918,-0.019,0.06219974337178331,-0.008470282110206546,-1.9303468216318898
1417777822079096,51.7592284432,-1.2609738959,111.464699,5735690.212581766,620020.2245339239,-111.464699,30U,-4.973,1.882,-0.117,0.0595489544744035,-0.012792764284368291,-1.931601437794038
1417777822183370,51.7592240158,-1.2609711892,111.474457,5735689.724681105,620020.4230663001,-111.474457,30U,-4.876,1.86,-0.061,0.057350121075667136,-0.01643657364474763,-1.9316446361067414
1417777822287644,51.7592196714,-1.2609685248,111.47554,5735689.245940966,620020.6184594501,-111.47554,30U,-4.793,1.813,0.012,0.05210363231934671,-0.015425656975278547,-1.9311475148311072
1417777822379131,51.7592154031,-1.2609659316,111.473618,5735688.775546468,620020.8087372555,-111.473618,30U,-4.701,1.777,0.031,0.051200628488354494,-0.015939748212893606,-1.9312646241549882
1417777822470618,51.7592112234,-1.2609633647,111.468391,5735688.314961576,620020.9969651549,-111.468391,30U,-4.598,1.772,0.068,0.053209318147140285,-0.015251985295015815,-1.9310843264770825
1417777822575347,51.7592071372,-1.260960817,111.464325,5735687.864742886,620021.1836201289,-111.464325,30U,-4.503,1.734,0.014,0.053077404622894155,-0.014426083577609296,-1.930709297876676
1417777822681967,51.759203126,-1.2609583484,111.462364,5735687.422734506,620021.3646174853,-111.462364,30U,-4.413,1.689,0.005,0.05640419999979409,-0.014657200000363897,-1.9308899071656662
1417777822788676,51.759199199,-1.260955928,111.464272,5735686.990010387,620021.5420652595,-111.464272,30U,-4.324,1.65,-0.018,0.057201876825005354,-0.018017862468635834,-1.9314220106514568
1417777822893480,51.7591953521,-1.2609535833,111.462051,5735686.566069323,620021.7140765246,-111.462051,30U,-4.232,1.597,0.048,0.05502034782649578,-0.017707896740777208,-1.9321807877091992
1417777822984941,51.7591915958,-1.2609513005,111.45816,5735686.152101692,620021.8815757823,-111.45816,30U,-4.125,1.554,0.02,0.051293825349369014,-0.014783517189195362,-1.932143659477101
1417777823076402,51.7591879393,-1.2609490725,111.457504,5735685.749142276,620022.045028613,-111.457504,30U,-4.01,1.525,0.001,0.04902486028239901,-0.013911209243920121,-1.9319019789010157
1417777823182014,51.7591843862,-1.2609468855,111.457695,5735685.357614128,620022.2053778166,-111.457695,30U,-3.9,1.498,0.003,0.05007173224242364,-0.013673550393377896,-1.9319699446575354
1417777823288579,51.7591809278,-1.2609447353,111.455879,5735684.976556664,620022.3629363088,-111.455879,30U,-3.795,1.476,0.039,0.05293044734486154,-0.013874988596995751,-1.932341816201671
1417777823395288,51.7591775625,-1.2609426215,111.449776,5735684.605792612,620022.5177359364,-111.449776,30U,-3.69,1.44,0.062,0.05671203407326145,-0.013056862347586804,-1.9319106515991484
1417777823496983,51.7591742963,-1.2609405866,111.446358,5735684.245919268,620022.6668278223,-111.446358,30U,-3.579,1.368,0.002,0.05867957035879641,-0.013823258648905538,-1.931692785918533
1417777823576951,51.7591711322,-1.2609386671,111.448288,5735683.897210183,620022.8076851099,-111.448288,30U,-3.455,1.286,-0.029,0.0539215107282829,-0.015395857221884666,-1.9325967142259954
1417777823656919,51.7591681922,-1.2609369211,111.450928,5735683.573136918,620022.9359747324,-111.450928,30U,-3.335,1.219,-0.026,0.04491009999981712,-0.014128699999886796,-1.933112807178239
1417777823755294,51.7591652611,-1.2609351706,111.453651,5735683.250060798,620023.0645513175,-111.453651,30U,-3.18,1.213,-0.037,0.04316585282228842,-0.013210408280197622,-1.9325536411930258
1417777823862036,51.7591624732,-1.2609334083,111.45697,5735682.942928845,620023.1935624947,-111.45697,30U,-3.032,1.212,-0.011,0.045054308389513846,-0.014554049839039178,-1.9314342044466355
1417777823968663,51.7591597969,-1.2609316938,111.454079,5735682.648128859,620023.3189790125,-111.454079,30U,-2.923,1.148,0.054,0.05083795789766542,-0.014102280526884347,-1.9314592244395947
1417777824075262,51.7591572127,-1.2609300843,111.448662,5735682.363398182,620023.4369051546,-111.448662,30U,-2.829,1.08,0.055,0.05537182688780083,-0.013366338304641396,-1.9324680632841171
1417777824181891,51.7591547212,-1.2609285417,111.44278,5735682.0888662385,620023.5499686464,-111.44278,30U,-2.715,1.051,0.061,0.058921261268976594,-0.013317116673938978,-1.932445976439139
1417777824288525,51.7591523259,-1.2609270714,111.43869,5735681.824913365,620023.6577875449,-111.43869,30U,-2.619,0.974,0.027,0.055175850550705424,-0.012733377789779747,-1.9323069291294124
1417777824395206,51.7591500192,-1.2609257131,111.436562,5735681.570629057,620023.757642268,-111.436562,30U,-2.504,0.913,-0.002,0.05239635958900837,-0.011523870065320274,-1.9331003440263963
1417777824499023,51.7591478309,-1.2609244104,111.440941,5735681.3294200795,620023.8533460058,-111.440941,30U,-2.367,0.885,-0.074,0.04615684798033267,-0.012805573990532292,-1.9335457852302145
1417777824590433,51.7591457623,-1.2609231525,111.447739,5735681.101448775,620023.945640628,-111.447739,30U,-2.238,0.855,-0.049,0.043224345655940064,-0.015275435057134737,-1.932959563098577
1417777824681843,51.7591438073,-1.260921932,111.449127,5735680.886048961,620024.0350529896,-111.449127,30U,-2.113,0.826,0.019,0.045092699999134886,-0.016150099999751626,-1.9321661071689018
1417777824788524,51.7591419626,-1.2609207799,111.445671,5735680.6828026455,620024.1194525027,-111.445671,30U,-1.99,0.765,0.039,0.04642592087769119,-0.015804644903962578,-1.9324886128605432
1417777824893307,51.7591402316,-1.2609197171,111.442719,5735680.492053528,620024.1973878209,-111.442719,30U,-1.858,0.711,0.019,0.04860695145379963,-0.015411774540887048,-1.932879522857586
1417777824984799,51.759138621,-1.2609187172,111.440971,5735680.314590141,620024.2706630629,-111.440971,30U,-1.725,0.664,0.015,0.048832458479095446,-0.01484682916489109,-1.932195394963121
1417777825076292,51.7591371278,-1.2609178128,111.44014,5735680.150025212,620024.3370364279,-111.44014,30U,-1.597,0.586,0.003,0.04663131554724645,-0.014658498375229064,-1.9321918570760075
1417777825167700,51.7591357543,-1.260917,111.439133,5735679.998620938,620024.3967709555,-111.439133,30U,-1.456,0.548,0.025,0.04690415451431959,-0.015178181495923869,-1.932664725203996
1417777825259103,51.7591345106,-1.2609162144,111.434509,5735679.861606482,620024.4542841694,-111.434509,30U,-1.31,0.532,0.056,0.04909659949312152,-0.014360458967350847,-1.9320541009085017
1417777825362010,51.7591333945,-1.2609154989,111.430222,5735679.738666593,620024.5066213316,-111.430222,30U,-1.177,0.451,0.024,0.050045454231847725,-0.013141794208909834,-1.9320703586504837
1417777825468751,51.7591323928,-1.2609149092,111.429039,5735679.628241679,620024.5499735356,-111.429039,30U,-1.049,0.375,0.004,0.050514398252303284,-0.012908402759947233,-1.933072040789862
1417777825575347,51.7591315133,-1.2609143942,111.42878,5735679.531283245,620024.5878465557,-111.42878,30U,-0.908,0.339,0.003,0.049184502548857936,-0.012848416297956342,-1.9328558487054661
1417777825681922,51.7591307572,-1.260913936,111.428329,5735679.447954198,620024.6214725057,-111.428329,30U,-0.776,0.291,0.006,0.047491699999974664,-0.0128017000001287,-1.9318826071774882
1417777825788663,51.7591301138,-1.2609135557,111.427284,5735679.377029904,620024.6494236303,-111.427284,30U,-0.653,0.241,0.013,0.04723245782147165,-0.012510884796258486,-1.932030858673012
1417777825895405,51.7591295819,-1.2609132353,111.426125,5735679.318406539,620024.6729453078,-111.426125,30U,-0.53,0.205,0.009,0.04749086763325576,-0.012277207439675126,-1.932537383189244
1417777826002146,51.7591291575,-1.2609129707,111.425285,5735679.271646024,620024.6923310903,-111.425285,30U,-0.416,0.16,0.008,0.047981769169791764,-0.012314492601307533,-1.9323000084451425
1417777826105074,51.7591288276,-1.2609127787,111.424377,5735679.23527503,620024.7064560695,-111.424377,30U,-0.322,0.107,0.01,0.047661952793162904,-0.012141500180500397,-1.931991060488584
1417777826196566,51.7591285728,-1.2609126493,111.423256,5735679.207152611,620024.7160618014,-111.423256,30U,-0.249,0.077,0.012,0.046976837649716136,-0.011684436150260257,-1.932172699888352
1417777826288058,51.7591283755,-1.2609125464,111.422043,5735679.185380945,620024.7236862569,-111.422043,30U,-0.191,0.068,0.011,0.04637935181758458,-0.01122617303519076,-1.932318239927616
1417777826379551,51.7591282231,-1.2609124564,111.420937,5735679.168581214,620024.7303013984,-111.420937,30U,-0.148,0.056,0.01,0.046492649192280695,-0.010868363928233432,-1.9321894030907194
1417777826471044,51.7591281055,-1.2609123884,111.420036,5735679.155615255,620024.7353060121,-111.420036,30U,-0.113,0.038,0.007,0.046960692100988785,-0.010650830989404069,-1.932155631248946
1417777826575878,51.7591280184,-1.2609123466,111.419418,5735679.145997974,620024.7384216539,-111.419418,30U,-0.08,0.022,0.005,0.047091080813097916,-0.010557411740281578,-1.9323295905018736
1417777826682619,51.759127961,-1.2609123233,111.418922,5735679.1396530755,620024.7401818313,-111.418922,30U,-0.048,0.011,0.005,0.04698160000049168,-0.010528100000145178,-1.932356107167026
1417777826774112,51.7591279313,-1.2609123164,111.41835,5735679.136361604,620024.7407367692,-111.41835,30U,-0.017,0.0,0.005,0.04680698322792966,-0.01048938374881128,-1.9322459197840522
1417777826865603,51.7591279267,-1.2609123239,111.417702,5735679.135837711,620024.7402313852,-111.417702,30U,0.007,-0.009,0.007,0.046718085748162635,-0.010358929756152128,-1.932268464551066
1417777826969485,51.759127933,-1.2609123356,111.416916,5735679.136519057,620024.7394072494,-111.416916,30U,0.003,-0.004,0.007,0.04675413351673394,-0.009971757285709783,-1.9323092888145612
1417777827076226,51.7591279298,-1.2609123382,111.416595,5735679.136158917,620024.7392363073,-111.416595,30U,-0.008,-0.001,-0.002,0.04687159462394278,-0.009591459087741732,-1.9322363475606763
1417777827182967,51.7591279249,-1.2609123437,111.41703,5735679.135604954,620024.7388697413,-111.41703,30U,-0.001,-0.007,-0.004,0.04687647765550946,-0.009775966046017538,-1.93226513147834
1417777827289709,51.7591279261,-1.2609123551,111.416931,5735679.135719643,620024.7380798343,-111.416931,30U,0.002,-0.006,0.005,0.046760325363725375,-0.009943589320918739,-1.932297488818021
1417777827396449,51.7591279251,-1.2609123628,111.416473,5735679.135595764,620024.7375511013,-111.416473,30U,-0.003,-0.003,0.001,0.046770154372158215,-0.009727734428898705,-1.9322388177077132
1417777827503190,51.7591279214,-1.2609123676,111.416611,5735679.135176401,620024.7372296603,-111.416611,30U,-0.004,-0.003,-0.002,0.04677675786378037,-0.009879593441446276,-1.9322515553300337
1417777827609931,51.7591279187,-1.2609123726,111.416504,5735679.134867916,620024.7368917658,-111.416504,30U,-0.002,-0.004,0.004,0.046842801784155626,-0.009994674429191533,-1.932282024799423
1417777827708333,51.7591279178,-1.2609123788,111.416084,5735679.134757626,620024.7364662843,-111.416084,30U,-0.001,-0.005,0.002,0.046841599999301924,-0.009842500000741543,-1.932246107180054
1417777827788389,51.7591279178,-1.2609123788,111.416084,5735679.134757626,620024.7364662843,-111.416084,30U,-0.003,-0.005,0.0,0.046779478671513934,-0.009888370574845519,-1.9322611441514908
1417777827868445,51.7591279178,-1.2609123788,111.416084,5735679.134757626,620024.7364662843,-111.416084,30U,-0.002,-0.003,0.002,0.04672633095756575,-0.009956643174210484,-1.93227586801086
1417777827970182,51.7591279178,-1.2609123788,111.416084,5735679.134757626,620024.7364662843,-111.416084,30U,0.0,-0.003,0.002,0.046793194428707205,-0.009937283750018573,-1.9322596639552054
1417777828076923,51.7591279178,-1.2609123788,111.416084,5735679.134757626,620024.7364662843,-111.416084,30U,-0.001,-0.004,0.001,0.046831404091244394,-0.009878288748489214,-1.932270765977124
1417777828183664,51.7591279178,-1.2609123788,111.416084,5735679.134757626,620024.7364662843,-111.416084,30U,-0.003,-0.004,-0.0,0.04682898984361262,-0.009907387319346766,-1.9322626888202388
1417777828289451,51.7591279178,-1.2609123788,111.416084,5735679.134757626,620024.7364662843,-111.416084,30U,-0.002,-0.004,0.0,0.046761117760659075,-0.009949296952489146,-1.9322425279111834
1417777828380944,51.7591279178,-1.2609123788,111.416084,5735679.134757626,620024.7364662843,-111.416084,30U,-0.001,-0.004,-0.0,0.0467710122154482,-0.009904353771300521,-1.9322585091581057
1417777828472436,51.7591279178,-1.2609123788,111.416084,5735679.134757626,620024.7364662843,-111.416084,30U,-0.002,-0.002,-0.001,0.046792010156487214,-0.009897142135408462,-1.932259256839704
1417777828577271,51.7591279178,-1.2609123788,111.416084,5735679.134757626,620024.7364662843,-111.416084,30U,-0.003,-0.003,-0.001,0.0468313700765226,-0.00993041227356174,-1.9322512989760732
1417777828684012,51.7591279178,-1.2609123788,111.416084,5735679.134757626,620024.7364662843,-111.416084,30U,-0.002,-0.004,-0.001,0.04679759999927706,-0.009936800000600456,-1.932249507168703
1417777828790753,51.7591279178,-1.2609123788,111.416084,5735679.134757626,620024.7364662843,-111.416084,30U,-0.002,-0.003,-0.0,0.04678066700511511,-0.009904995937273524,-1.93224757004522
1417777828895588,51.7591279178,-1.2609123788,111.416084,5735679.134757626,620024.7364662843,-111.416084,30U,-0.002,-0.002,-0.001,0.046778269041405245,-0.009911175149826503,-1.9322456370581667
1417777828987080,51.7591279178,-1.2609123788,111.416084,5735679.134757626,620024.7364662843,-111.416084,30U,-0.002,-0.002,-0.002,0.046803075130301824,-0.009933170052604854,-1.9322466639575386
1417777829078572,51.7591279178,-1.2609123788,111.416084,5735679.134757626,620024.7364662843,-111.416084,30U,-0.002,-0.002,-0.001,0.04681466700680031,-0.009926789771140726,-1.9322408350290758
1417777829184360,51.7591279178,-1.2609123788,111.416084,5735679.134757626,620024.7364662843,-111.416084,30U,-0.002,-0.002,-0.001,0.04681186091180751,-0.009908667005226303,-1.932237701011151
1417777829290147,51.7591279178,-1.2609123788,111.416084,5735679.134757626,620024.7364662843,-111.416084,30U,-0.002,-0.001,-0.002,0.046785097968480245,-0.00993104315074514,-1.932243610154946
1417777829381640,51.7591279178,-1.2609123788,111.416084,5735679.134757626,620024.7364662843,-111.416084,30U,-0.001,-0.001,-0.002,0.04680686802398173,-0.009937422814362712,-1.9322424690412279
1417777829473133,51.7591279178,-1.2609123788,111.416084,5735679.134757626,620024.7364662843,-111.416084,30U,-0.001,-0.002,-0.002,0.04680796802123345,-0.009922663957651338,-1.9322442319633988
1417777829577967,51.7591279178,-1.2609123788,111.416084,5735679.134757626,620024.7364662843,-111.416084,30U,-0.002,-0.001,-0.003,0.04681423094675868,-0.00992740102209669,-1.9322419741531187
1417777829684708,51.7591279178,-1.2609123788,111.416084,5735679.134757626,620024.7364662843,-111.416084,30U,-0.002,-0.001,-0.003,0.04679570000069209,-0.009935300000064111,-1.9322397071798598
1417777829791449,51.7591279178,-1.2609123788,111.416084,5735679.134757626,620024.7364662843,-111.416084,30U,-0.001,-0.001,-0.003,0.046795701016473706,-0.009925630963274522,-1.9322405928820954
1417777829896284,51.7591279178,-1.2609123788,111.416084,5735679.134757626,620024.7364662843,-111.416084,30U,-0.001,-0.0,-0.004,0.04679653503078342,-0.009922268024474538,-1.9322385680209102
1417777829987776,51.7591279178,-1.2609123788,111.416084,5735679.134757626,620024.7364662843,-111.416084,30U,-0.001,-0.001,-0.004,0.04680833096419673,-0.009933467004669117,-1.9322423989837119
1417777830079269,51.7591279178,-1.2609123788,111.416084,5735679.134757626,620024.7364662843,-111.416084,30U,-0.001,-0.001,-0.004,0.0467999670078273,-0.009929795908791068,-1.932240495894149
1417777830185057,51.7591279178,-1.2609123788,111.416084,5735679.134757626,620024.7364662843,-111.416084,30U,-0.001,-0.001,-0.005,0.04679769289093584,-0.009924299999621562,-1.9322251979610823
1417777830290844,51.7591279178,-1.2609123788,111.416084,5735679.134757626,620024.7364662843,-111.416084,30U,-0.0,-0.0,-0.005,0.04678999999970117,-0.009929672082916629,-1.932225670037738
1417777830382337,51.7591279178,-1.2609123788,111.416084,5735679.134757626,620024.7364662843,-111.416084,30U,-0.0,-0.0,-0.005,0.04680203401173241,-0.00993429898217959,-1.9322288289091514
1417777830473828,51.7591279178,-1.2609123788,111.416084,5735679.134757626,620024.7364662843,-111.416084,30U,-0.0,-0.0,-0.005,0.046802805078997325,-0.009931901014979082,-1.9322302299373015
1417777830578663,51.7591279178,-1.2609123788,111.416084,5735679.134757626,620024.7364662843,-111.416084,30U,-0.0,-0.001,-0.005,0.046803769054013795,-0.009932169053918957,-1.9322269432205208
1417777830685404,51.7591279178,-1.2609123788,111.416084,5735679.134757626,620024.7364662843,-111.416084,30U,0.0,-0.0,-0.005,0.04680209999914077,-0.009937100000009592,-1.932230107170842
1417777830792146,51.7591279176,-1.2609123789,111.416374,5735679.13473522,620024.736459914,-111.416374,30U,0.0,0.0,-0.006,0.046797197967919854,-0.009937331978701794,-1.9322270999859945
1417777830896981,51.7591279169,-1.2609123794,111.417137,5735679.134656553,620024.7364272645,-111.417137,30U,0.001,0.0,-0.007,0.04680013401140211,-0.00993966802336577,-1.9322271629225671
1417777830988473,51.7591279161,-1.26091238,111.418076,5735679.1345666,620024.7363879798,-111.418076,30U,0.001,0.001,-0.006,0.046795730962833015,-0.009946035026364949,-1.9322200959273463
1417777831079965,51.7591279155,-1.2609123804,111.418816,5735679.134499219,620024.7363619664,-111.418816,30U,0.001,0.001,-0.007,0.04680253708369068,-0.00994342890072587,-1.9322131598318193
1417777831185753,51.7591279153,-1.2609123805,111.419075,5735679.134476813,620024.7363555954,-111.419075,30U,0.001,0.002,-0.008,0.04679238984413933,-0.009945968021429635,-1.9322099060843079
1417777831292494,51.7591279161,-1.2609123797,111.419189,5735679.134567094,620024.7364086831,-111.419189,30U,0.002,0.001,-0.007,0.04679727005176328,-0.009949400000218841,-1.9322082268855811
1417777831399235,51.7591279173,-1.2609123782,111.419319,5735679.13470301,620024.736509017,-111.419319,30U,0.002,0.002,-0.008,0.04678926496999466,-0.009951406107841024,-1.9321989720852362
1417777831500973,51.759127919,-1.2609123757,111.419502,5735679.134896176,620024.7366770364,-111.419502,30U,0.002,0.003,-0.008,0.04680050507887305,-0.009952665989469537,-1.9322070060801293
1417777831581028,51.7591279209,-1.2609123716,111.419685,5735679.135114215,620024.7369549421,-111.419685,30U,0.002,0.003,-0.008,0.04680670409044107,-0.009947569053840392,-1.9322111309389236
1417777831661084,51.759127923,-1.2609123666,111.419884,5735679.135355976,620024.7372944283,-111.419884,30U,0.002,0.004,-0.008,0.04680700000054377,-0.009948000000067318,-1.932211407172184
1417777831759485,51.7591279491,-1.260912354,111.420937,5735679.138279198,620024.7380947517,-111.420937,30U,0.004,0.003,-0.008,0.04678748679713679,-0.009928892891144049,-1.9322673324956066
1417777831866226,51.7591280087,-1.2609123316,111.422218,5735679.144943959,620024.7394825423,-111.422218,30U,0.01,0.002,-0.008,0.046758136048891605,-0.0098946857468019,-1.932379770655184
1417777831972967,51.7591280579,-1.2609123115,111.423409,5735679.150448389,620024.7407391885,-111.423409,30U,0.015,0.0,-0.007,0.046738823853309255,-0.009863691874040391,-1.932476384263499
1417777832079708,51.7591280774,-1.2609122993,111.424423,5735679.15263699,620024.7415294101,-111.424423,30U,0.017,0.0,-0.008,0.04673647007610008,-0.00985479999920546,-1.9325110659803184
1417777832186449,51.7591280807,-1.2609122916,111.425377,5735679.153016642,620024.7420520433,-111.425377,30U,0.017,-0.0,-0.008,0.04672302486937549,-0.009856870052200779,-1.9325158258771609
1417777832293190,51.7591280531,-1.260912303,111.425896,5735679.149928587,620024.7413385112,-111.425896,30U,0.015,0.001,-0.008,0.04671753705678838,-0.00986052893251939,-1.932514069028736
1417777832399931,51.7591280354,-1.2609123053,111.426483,5735679.14795645,620024.7412267249,-111.426483,30U,0.01,0.004,-0.006,0.046720797963640294,-0.009807879038833745,-1.9325057877730476
1417777832503813,51.7591279226,-1.2609123087,111.426628,5735679.135406781,620024.741291225,-111.426628,30U,-0.016,0.013,-0.002,0.046789456848001953,-0.009642253743556397,-1.9321825649605233
1417777832595305,51.7591278944,-1.2609122827,111.426682,5735679.13231355,620024.743160295,-111.426682,30U,-0.046,0.024,-0.001,0.04674037340723373,-0.009090983922839706,-1.9321860421974455
1417777832686797,51.7591278428,-1.2609122416,111.426865,5735679.126642941,620024.7461334857,-111.426865,30U,-0.079,0.037,-0.005,0.046661199999723596,-0.008673200000473584,-1.9322008071767718
1417777832790918,51.7591277546,-1.2609121795,111.427727,5735679.116936741,620024.7506529683,-111.427727,30U,-0.115,0.051,-0.012,0.0465628664113183,-0.008483868350006677,-1.932204065165433
1417777832893448,51.7591276347,-1.2609120972,111.429001,5735679.103738544,620024.756650538,-111.429001,30U,-0.15,0.064,-0.013,0.04648625501974106,-0.008476293657704933,-1.9322330088505368
1417777832984846,51.7591274832,-1.260911995,111.430222,5735679.0870589735,620024.7641052278,-111.430222,30U,-0.186,0.078,-0.012,0.04632305120299457,-0.008447722783656065,-1.932243799994409
1417777833076245,51.7591272997,-1.2609118722,111.431358,5735679.066854705,620024.7730664056,-111.431358,30U,-0.221,0.092,-0.011,0.04619110816174013,-0.008407381620316587,-1.9322378506033213
1417777833167685,51.7591270852,-1.2609117284,111.432549,5735679.043237599,620024.783559023,-111.432549,30U,-0.256,0.106,-0.012,0.04593214738616307,-0.008362427832762098,-1.9322088708597152
1417777833259128,51.7591268393,-1.2609115671,111.433784,5735679.016157414,620024.795342604,-111.433784,30U,-0.289,0.119,-0.012,0.04569759671045525,-0.008341396828205734,-1.9321974107311406
1417777833361977,51.7591265635,-1.2609113865,111.434914,5735678.985783922,620024.8085373904,-111.434914,30U,-0.322,0.132,-0.011,0.045347961887956215,-0.008262591074302534,-1.9321737480807408
1417777833468627,51.759126259,-1.2609111861,111.436234,5735678.952251391,620024.8231747035,-111.436234,30U,-0.354,0.145,-0.015,0.04486869477206455,-0.008179696829030672,-1.9321122993487414
1417777833575244,51.759125927,-1.2609109696,111.437805,5735678.915687185,620024.8389960226,-111.437805,30U,-0.383,0.156,-0.016,0.04459632706832405,-0.008258031063037824,-1.9321186721567059
1417777833681856,51.7591255693,-1.2609107345,111.439293,5735678.876295583,620024.8561691006,-111.439293,30U,-0.412,0.169,-0.014,0.04411570000060588,-0.008312700000726068,-1.9321144071654257
1417777833788582,51.7591251852,-1.2609104826,111.440567,5735678.833995785,620024.8745715752,-111.440567,30U,-0.441,0.181,-0.013,0.04401994239600348,-0.008281239870236204,-1.9320448132610601
1417777833895298,51.7591247722,-1.2609102125,111.442001,5735678.788512076,620024.8943066889,-111.442001,30U,-0.479,0.194,-0.013,0.04389824679888873,-0.008320579741674472,-1.931995685436569
1417777834001954,51.7591243184,-1.2609099198,111.442986,5735678.738528339,620024.915709652,-111.442986,30U,-0.532,0.213,-0.006,0.04383604556643693,-0.0080762593044806,-1.9319972569484805
1417777834104804,51.7591238107,-1.2609095921,111.443451,5735678.682608182,620024.9396709385,-111.443451,30U,-0.598,0.24,-0.004,0.043755216441859916,-0.007505480149751883,-1.9319269094458504
1417777834196237,51.759123238,-1.2609092222,111.443703,5735678.619529062,620024.9667168653,-111.443703,30U,-0.677,0.272,-0.002,0.043886589959490144,-0.006857642156876251,-1.9317464214223365
1417777834287655,51.7591225882,-1.2609088046,111.443748,5735678.547954434,620024.9972590795,-111.443748,30U,-0.768,0.305,0.0,0.04422761280386106,-0.0061626991150260475,-1.9316046025123041
1417777834378847,51.759121851,-1.2609083403,111.443726,5735678.466737227,620025.0312558882,-111.443726,30U,-0.871,0.338,-0.001,0.044597846272718164,-0.005476547853378171,-1.9317910051599472
1417777834470040,51.7591210183,-1.260907821,111.444061,5735678.374990329,620025.0693015619,-111.444061,30U,-0.982,0.382,-0.005,0.04453370305255024,-0.004959927068190295,-1.9319661772072654
1417777834574833,51.7591200806,-1.2609072315,111.444672,5735678.271682296,620025.1124702616,-111.444672,30U,-1.106,0.433,-0.007,0.04406096687843439,-0.004656593598470564,-1.9317127074556812
1417777834681570,51.7591190262,-1.2609065712,111.445671,5735678.155513002,620025.1608344231,-111.445671,30U,-1.24,0.479,-0.013,0.04394240000042467,-0.004691799999660016,-1.9314772071777435
1417777834773059,51.7591178497,-1.2609058382,111.44738,5735678.025885055,620025.2145394871,-111.44738,30U,-1.375,0.535,-0.018,0.0447569135090391,-0.005116181798924099,-1.9317301349347815
1417777834864547,51.7591165541,-1.260905023,111.449379,5735677.883147716,620025.2742331036,-111.449379,30U,-1.508,0.591,-0.022,0.0445051915406399,-0.005385236113762072,-1.9319148309994818
1417777834968425,51.7591151338,-1.2609041305,111.451302,5735677.726670158,620025.3395919716,-111.451302,30U,-1.654,0.642,-0.015,0.04438810211700323,-0.005041135229411622,-1.9315291345801677
1417777835075162,51.7591135774,-1.260903156,111.451706,5735677.555192367,620025.4109706735,-111.451706,30U,-1.81,0.706,0.009,0.04543034610264209,-0.0043667800303314195,-1.9309244903062888
1417777835181899,51.7591118789,-1.2609020871,111.450287,5735677.368067515,620025.4892408606,-111.450287,30U,-1.968,0.767,0.011,0.04774135938364243,-0.003832644920204988,-1.9308083273522885
1417777835288614,51.7591100424,-1.2609009381,111.450142,5735677.165728011,620025.5734048034,-111.450142,30U,-2.118,0.821,-0.005,0.04956599260424691,-0.0037132231903996074,-1.9315761547276007
1417777835395019,51.7591080683,-1.2608997088,111.451393,5735676.948218669,620025.6634752448,-111.451393,30U,-2.273,0.877,-0.024,0.04993754063589798,-0.002898540337723835,-1.9317955713950559
1417777835501485,51.7591059547,-1.2608983986,111.454811,5735676.715329181,620025.759498631,-111.454811,30U,-2.431,0.931,-0.039,0.049046106740870204,-0.0032657788076218782,-1.9313029833678075
1417777835608222,51.7591036939,-1.260897018,111.457581,5735676.466185984,620025.8607707685,-111.457581,30U,-2.598,0.975,-0.015,0.046475407913631646,-0.00406521415502895,-1.9313686122157254
1417777835706619,51.7591012898,-1.2608955591,111.458809,5735676.2012357805,620025.9678265029,-111.458809,30U,-2.749,1.046,-0.009,0.04507639999924071,-0.004600599999513288,-1.9318825071701222
1417777835786671,51.7590987538,-1.2608939808,111.45932,5735675.921813962,620026.0834719583,-111.45932,30U,-2.894,1.129,-0.004,0.04458785472177208,-0.004880377336277506,-1.9318302853655593
1417777835866723,51.7590960801,-1.2608923071,111.458733,5735675.627236039,620026.2060662512,-111.458733,30U,-3.055,1.179,0.024,0.04405114233629911,-0.005203911918711582,-1.9320557812591455
1417777835968383,51.7590932648,-1.2608905667,111.455566,5735675.31702107,620026.3336391109,-111.455566,30U,-3.207,1.226,0.021,0.043392972863425645,-0.00416427122255177,-1.9332912765713932
1417777836075029,51.759090315,-1.2608887457,111.455139,5735674.991981497,620026.4671309643,-111.455139,30U,-3.354,1.296,-0.004,0.04321246336887136,-0.004324670000229656,-1.9351566367062634
1417777836181730,51.7590872419,-1.2608867938,111.455261,5735674.6534456145,620026.6099833666,-111.455261,30U,-3.482,1.398,-0.006,0.04633961903587977,-0.004936300766017534,-1.9362368888910835
1417777836287483,51.7590840465,-1.2608847321,111.457123,5735674.301489902,620026.7607375361,-111.457123,30U,-3.631,1.437,-0.026,0.0467348668288665,-0.005586659780532586,-1.937508089311411
1417777836378971,51.7590807097,-1.2608826279,111.459221,5735673.933879562,620026.9147996836,-111.459221,30U,-3.792,1.477,-0.011,0.047569456421788996,-0.006126967355769111,-1.939813690720845
1417777836470459,51.7590772406,-1.2608804436,111.458511,5735673.551688451,620027.074740494,-111.458511,30U,-3.925,1.538,0.03,0.04640860517820283,-0.0061491904184592565,-1.9416171835064944
1417777836575118,51.7590736506,-1.2608781548,111.453865,5735673.156224482,620027.2422136074,-111.453865,30U,-4.065,1.624,0.044,0.04787858008937006,-0.0021049591667124845,-1.9433291645953912
1417777836681658,51.7590699237,-1.2608757526,111.451897,5735672.745722996,620027.4178756569,-111.451897,30U,-4.232,1.687,0.007,0.04483870000081604,-0.0003304999994925681,-1.945302807173623
1417777836788394,51.7590660447,-1.2608732669,111.45034,5735672.318444453,620027.5997035251,-111.45034,30U,-4.397,1.75,0.02,0.04578592932313651,0.0003217142738374164,-1.9475305028797414
1417777836893224,51.7590620255,-1.2608706568,111.4487,5735671.875779521,620027.79048821,-111.4487,30U,-4.544,1.853,0.018,0.04763391978246561,0.0018148781111575096,-1.95077864880919
1417777836984712,51.7590578678,-1.2608679166,111.446533,5735671.417926628,620027.9906185699,-111.446533,30U,-4.714,1.92,0.033,0.04570123057671502,0.005100013876821067,-1.9544733572641408
1417777837076200,51.7590535707,-1.2608650802,111.447784,5735670.944729902,620028.1977575192,-111.447784,30U,-4.844,2.005,-0.082,0.04707886996954286,0.00531799422556819,-1.958509729313974
1417777837181912,51.7590491622,-1.2608620962,111.456322,5735670.45938771,620028.4153779765,-111.456322,30U,-4.971,2.103,-0.06,0.0508138907846648,0.0013960363918556445,-1.9627300353130361
1417777837287617,51.7590446318,-1.2608590155,111.459396,5735669.960648622,620028.6399951268,-111.459396,30U,-5.105,2.156,-0.019,0.05123956642093799,0.0011280382891944534,-1.9679014823466234
1417777837379003,51.7590399926,-1.2608558179,111.460327,5735669.450002683,620028.872968258,-111.460327,30U,-5.212,2.255,-0.032,0.05286278509935329,0.0021290307652092827,-1.9722896376023278
1417777837470389,51.7590352535,-1.2608524965,111.465576,5735668.928450988,620029.1147499455,-111.465576,30U,-5.336,2.327,-0.043,0.05379575965270228,0.00016431126306345873,-1.9768940879866663
1417777837575206,51.7590304001,-1.2608490738,111.467857,5735668.394355134,620029.3638256349,-111.467857,30U,-5.463,2.4,0.004,0.053118564363106115,-0.0009041379319775512,-1.981869257439329
1417777837681942,51.7590254391,-1.2608455305,111.467125,5735667.848491971,620029.6215094745,-111.467125,30U,-5.575,2.498,-0.004,0.054715199999752134,-7.299999992224542e-05,-1.986479307171521
1417777837788644,51.7590203752,-1.2608418504,111.469131,5735667.291410834,620029.888906986,-111.469131,30U,-5.697,2.573,-0.038,0.05336446200722112,0.00026937445360135045,-1.9909893257312825
1417777837893433,51.7590152005,-1.2608380614,111.472443,5735666.72218727,620030.164113713,-111.472443,30U,-5.815,2.666,-0.023,0.05469081756509686,-0.0007726455661519014,-1.9950846506224713
1417777837984828,51.7590099218,-1.2608341375,111.471573,5735666.141620281,620030.4489059178,-111.471573,30U,-5.928,2.754,0.033,0.05745122943215049,0.0011853503465205995,-1.9986633177379642
1417777838076223,51.7590045387,-1.2608300907,111.470116,5735665.549645629,620030.742456531,-111.470116,30U,-6.049,2.828,-0.01,0.059151330783904645,0.004323477404534462,-2.0020148987729365
1417777838181896,51.7589990489,-1.260825939,111.472733,5735664.945977923,620031.0435294557,-111.472733,30U,-6.17,2.901,-0.037,0.05945882331040004,0.005931468240560416,-2.005331952448009
1417777838287574,51.7589934472,-1.2608216917,111.474121,5735664.330023585,620031.3514966844,-111.474121,30U,-6.287,2.976,-0.041,0.05847845195883872,0.008528142345780148,-2.008428246512033
1417777838379053,51.7589877494,-1.2608173225,111.47966,5735663.703582958,620031.6681313121,-111.47966,30U,-6.391,3.061,-0.082,0.059244316858014755,0.009605527425878503,-2.010841878094939
1417777838470532,51.7589819546,-1.2608128262,111.486946,5735663.066564518,620031.9937945904,-111.486946,30U,-6.503,3.142,-0.066,0.058464150954350015,0.010776522673175571,-2.0130714254906743
1417777838575296,51.7589760561,-1.2608082341,111.495865,5735662.418171669,620032.3263442408,-111.495865,30U,-6.62,3.204,-0.1,0.05823395572510126,0.010260294234512884,-2.01513538866571
1417777838681958,51.7589700553,-1.2608035473,111.505165,5735661.758558293,620032.6657006446,-111.505165,30U,-6.733,3.268,-0.088,0.05784940000062649,0.008892300000625143,-2.016870107171064
1417777838788617,51.758963956,-1.2607987563,111.515732,5735661.088162608,620033.0125093339,-111.515732,30U,-6.837,3.342,-0.106,0.05864001462154559,0.006876738509335339,-2.018247806814403
1417777838893376,51.7589577625,-1.2607938668,111.52652,5735660.407453424,620033.3663655464,-111.52652,30U,-6.953,3.404,-0.087,0.05614235331008155,0.0044514537173155075,-2.0192740477434854
1417777838984829,51.7589514613,-1.260788913,111.532921,5735659.714873169,620033.7249449048,-111.532921,30U,-7.065,3.449,-0.058,0.05596319670051564,0.0043292004665607875,-2.0203818611206557
1417777839076281,51.7589450651,-1.260783868,111.539284,5735659.011878435,620034.0900701359,-111.539284,30U,-7.169,3.511,-0.053,0.05279563863878159,0.002784805923856368,-2.0209196165585226
1417777839181964,51.7589385779,-1.2607787362,111.54467,5735658.298906811,620034.461426984,-111.54467,30U,-7.271,3.575,-0.054,0.05340426100497243,0.0004870892347948201,-2.021283998929745
1417777839288596,51.758932003,-1.260773527,111.549995,5735657.576309805,620034.8383579979,-111.549995,30U,-7.364,3.612,-0.067,0.055073639798887956,-0.002396782165580704,-2.022146929069106
1417777839395258,51.7589253478,-1.2607682494,111.553299,5735656.844895535,620035.2202224527,-111.553299,30U,-7.443,3.672,-0.021,0.05829519266314133,-0.0018655432617963486,-2.0241361172077186
1417777839496927,51.7589186175,-1.2607628804,111.554169,5735656.105280127,620035.608593823,-111.554169,30U,-7.531,3.74,0.017,0.05872014949254341,0.0020265832891493796,-2.0253874616454643
1417777839576959,51.758911811,-1.2607574322,111.552345,5735655.357321179,620036.0026330911,-111.552345,30U,-7.612,3.788,0.01,0.05873915521703576,0.006007288041546075,-2.0259356373970974
1417777839656991,51.7589049499,-1.2607518988,111.555969,5735654.603430621,620036.4026970428,-111.555969,30U,-7.666,3.844,-0.087,0.06107659999984774,0.007343500000797265,-2.0259654071639894
1417777839755297,51.7588980207,-1.2607463231,111.567932,5735653.842036565,620036.8058609004,-111.567932,30U,-7.748,3.849,-0.13,0.05988358615343707,0.00420021430452921,-2.0269498264786288
1417777839861910,51.7588910288,-1.2607407234,111.579819,5735653.073709402,620037.2108474384,-111.579819,30U,-7.804,3.895,-0.108,0.06352315674785382,0.0011860224169650067,-2.0280736286425443
1417777839968593,51.7588839942,-1.2607350297,111.589615,5735652.300788473,620037.62243441,-111.589615,30U,-7.851,3.958,-0.106,0.0640827382610555,-0.0016361970863594715,-2.027593428054755
1417777840075292,51.7588768954,-1.2607293079,111.596008,5735651.520774382,620038.0361309916,-111.596008,30U,-7.946,3.938,-0.032,0.05965295436498251,-0.0038926580211562528,-2.026800758116656
1417777840181921,51.7588697274,-1.2607235869,111.59845,5735650.733063526,620038.4499560181,-111.59845,30U,-8.005,3.972,-0.013,0.05977426001889046,-0.0033700967600224607,-2.0265179928914034
1417777840288551,51.7588625187,-1.2607178013,111.598297,5735649.940932933,620038.8683472489,-111.598297,30U,-8.033,4.006,0.006,0.060347632525193456,-0.000932885597407671,-2.0260028802033343
1417777840395251,51.7588552912,-1.2607120053,111.599731,5735649.146728811,620039.2875061851,-111.599731,30U,-8.047,3.993,-0.027,0.05898023816096964,3.294732554548756e-05,-2.0258839810792124
1417777840499080,51.7588480652,-1.2607062319,111.606865,5735648.352654336,620039.7051016102,-111.606865,30U,-8.03,3.983,-0.089,0.059817242057374424,-0.0027777435275779896,-2.0261394058089985
1417777840590470,51.7588408639,-1.2607004548,111.615761,5735647.561332778,620040.1228869923,-111.615761,30U,-7.997,3.995,-0.086,0.06048896951316743,-0.0053744064714171536,-2.026012885198552
1417777840681860,51.7588336899,-1.2606946913,111.621628,5735646.773024805,620040.5396615367,-111.621628,30U,-7.97,3.958,-0.047,0.05409050000083114,-0.0046055999995557794,-2.0253258071740525
1417777840788582,51.7588265292,-1.2606889999,111.62561,5735645.986077238,620040.9514252066,-111.62561,30U,-7.945,3.916,-0.035,0.051390723727350464,-0.003173272803775821,-2.024835062406481
1417777840893395,51.7588194126,-1.2606833179,111.62986,5735645.204018431,620041.3624233258,-111.62986,30U,-7.897,3.923,-0.045,0.053393904839037644,-0.0023279520190408612,-2.0236093488443854
1417777840984844,51.7588123314,-1.2606776649,111.637573,5735644.425848628,620041.7713263421,-111.637573,30U,-7.875,3.881,-0.098,0.05322101606460813,-0.002993073946412469,-2.022828015029217
1417777841076293,51.7588052629,-1.260672084,111.647331,5735643.648972506,620042.1752200682,-111.647331,30U,-7.852,3.835,-0.096,0.05056811151052498,-0.008719812603054376,-2.022403607975039
1417777841167634,51.7587982295,-1.2606665297,111.655128,5735642.875955976,620042.5771851124,-111.655128,30U,-7.798,3.846,-0.079,0.05274989530790673,-0.013517517574277169,-2.0211254511260988
1417777841258969,51.7587912382,-1.2606609662,111.659943,5735642.107636404,620042.9796735167,-111.659943,30U,-7.77,3.82,-0.003,0.05215766223614527,-0.014198489126310792,-2.0187538612262013
1417777841361833,51.7587842559,-1.2606554874,111.653648,5735641.340178309,620043.3762928928,-111.653648,30U,-7.757,3.756,0.091,0.05472915980982535,-0.009490260269097923,-2.0175854092116032
1417777841468540,51.7587773062,-1.2606500497,111.646736,5735640.576277924,620043.7699895445,-111.646736,30U,-7.71,3.752,0.019,0.057845856322510485,-0.0035587130122462815,-2.016591721064172
1417777841575199,51.7587703922,-1.2606446374,111.64978,5735639.816305825,620044.1618387288,-111.64978,30U,-7.681,3.715,-0.063,0.056035879085420605,-0.0036482559147706915,-2.015166867808072
1417777841681852,51.758763503,-1.2606392808,111.655968,5735639.058999993,620044.5497783046,-111.655968,30U,-7.649,3.687,-0.066,0.05600499999947334,-0.005758499999544739,-2.013686007163168
1417777841788511,51.7587566424,-1.2606339436,111.66452,5735638.304842758,620044.9363033103,-111.66452,30U,-7.617,3.674,-0.102,0.054735003350184615,-0.008336535655142604,-2.011910644198139
1417777841895176,51.7587497959,-1.2606286492,111.669434,5735637.552183116,620045.3198373334,-111.669434,30U,-7.611,3.635,0.003,0.055006037871958666,-0.008021463460411786,-2.0102921064491444
1417777842001878,51.7587429583,-1.2606233944,111.669067,5735636.800448054,620045.7006150004,-111.669067,30U,-7.608,3.622,-0.012,0.0527582968796122,-0.004767078380313083,-2.008905844325215
1417777842104761,51.7587361215,-1.260618162,111.669182,5735636.048765117,620046.0798447945,-111.669182,30U,-7.612,3.603,-0.007,0.05074993187824721,-0.0024643124362722225,-2.007358160171974
1417777842196182,51.7587292823,-1.2606129528,111.671791,5735635.296777127,620046.4574799929,-111.671791,30U,-7.607,3.594,-0.035,0.0497132145440073,-0.001499613380430256,-2.005858355129957
1417777842287605,51.7587224383,-1.2606077555,111.677597,5735634.544235785,620046.8343067903,-111.677597,30U,-7.624,3.58,-0.072,0.0469471816206955,-0.0010084519085180978,-2.0043976975787166
1417777842379059,51.7587155795,-1.2606025752,111.684555,5735633.790020636,620047.2099997533,-111.684555,30U,-7.636,3.578,-0.067,0.04751295754477727,-0.001584190496601501,-2.0031226843121055
1417777842470513,51.7587087121,-1.2605973925,111.690552,5735633.03485309,620047.5858812606,-111.690552,30U,-7.644,3.575,-0.065,0.04815336036697156,-0.0020491330024263407,-2.001803725470072
1417777842575334,51.7587018342,-1.2605922209,111.697563,5735632.278499634,620047.9610246958,-111.697563,30U,-7.66,3.569,-0.058,0.049537627017569995,-0.0020343174958181065,-2.0007203590593603
1417777842682063,51.7586949439,-1.2605870502,111.702179,5735631.520765765,620048.3361390169,-111.702179,30U,-7.673,3.572,-0.037,0.049985000000673345,-0.0012801000007906921,-1.9993455071650421
1417777842773407,51.7586880355,-1.2605818863,111.705894,5735630.761007895,620048.7108321743,-111.705894,30U,-7.691,3.564,-0.049,0.05178180376658587,-0.00045437885689391256,-1.9978086526052765
1417777842864751,51.7586811163,-1.2605767202,111.712151,5735630.000052647,620049.08570591,-111.712151,30U,-7.705,3.569,-0.079,0.05356865396689817,-0.00047419019918904307,-1.9960920012072876
1417777842968561,51.7586741768,-1.260571561,111.718636,5735629.2368285805,620049.4601574171,-111.718636,30U,-7.739,3.551,-0.051,0.052724253082380074,-0.000494842215970311,-1.9944154425005844
1417777843075247,51.7586672119,-1.2605664268,111.724388,5735628.470738748,620049.8329511114,-111.724388,30U,-7.758,3.55,-0.065,0.05415352008940809,1.3658430108649033e-05,-1.9931167070329394
1417777843181943,51.7586602298,-1.2605612808,111.731155,5735627.702755618,620050.2066048718,-111.731155,30U,-7.78,3.549,-0.067,0.055143111401051804,-0.0009997865599667855,-1.9913636177154783
1417777843288636,51.7586532228,-1.2605561433,111.738052,5735626.931989486,620050.5797381873,-111.738052,30U,-7.808,3.544,-0.059,0.055930911093866754,-0.002619921262537764,-1.990152204683142
1417777843395267,51.7586461928,-1.2605510095,111.744522,5735626.158659544,620050.952677274,-111.744522,30U,-7.837,3.54,-0.068,0.05524416013883323,-0.004095548399798291,-1.9886493614068703
1417777843501910,51.7586391352,-1.2605458868,111.749748,5735625.382242064,620051.3249236463,-111.749748,30U,-7.865,3.54,-0.024,0.05801247217591415,-0.0057072337068969645,-1.9872572906526573
1417777843608602,51.7586320584,-1.260540749,111.751625,5735624.603714307,620051.6982631315,-111.751625,30U,-7.886,3.548,-0.024,0.05706127555788827,-0.00531738091512371,-1.985747240562838
1417777843706962,51.7586249516,-1.2605356353,111.754181,5735623.821810715,620052.0700191177,-111.754181,30U,-7.927,3.521,-0.011,0.057120900000195055,-0.00558550000051799,-1.9845840071699703
1417777843786988,51.7586178164,-1.2605305157,111.75441,5735623.036758602,620052.4422577119,-111.75441,30U,-7.942,3.547,-0.016,0.056877624940173975,-0.005586150149626993,-1.9831717955256285
1417777843867014,51.7586106635,-1.260525386,111.756767,5735622.249754791,620052.815240384,-111.756767,30U,-7.978,3.53,-0.032,0.05485594938423618,-0.006295400178954569,-1.9814369823710696
1417777843968638,51.7586034802,-1.2605202727,111.759056,5735621.459343337,620053.1871720089,-111.759056,30U,-8.004,3.535,-0.017,0.05595961098439926,-0.006783031710237265,-1.9800122076722397
1417777844075246,51.7585962749,-1.2605151485,111.759712,5735620.666503314,620053.5599143275,-111.759712,30U,-8.033,3.536,-0.009,0.0552198632305473,-0.006994408220041703,-1.978534563407348
1417777844181869,51.7585890406,-1.2605100394,111.761345,5735619.870413479,620053.9316916012,-111.761345,30U,-8.065,3.525,-0.011,0.05507769089483207,-0.009117598429404745,-1.977293013425752
1417777844287547,51.7585817813,-1.2605049312,111.762238,5735619.071542032,620054.3034731888,-111.762238,30U,-8.089,3.525,-0.003,0.05468230969236797,-0.011493374114050409,-1.9758976115012217
1417777844379033,51.758574501,-1.2604998216,111.762634,5735618.270337583,620054.6754072062,-111.762634,30U,-8.11,3.534,0.007,0.05634109254527076,-0.013912917455254914,-1.9745057589306185
1417777844470518,51.7585672008,-1.2604947065,111.759804,5735617.466929207,620055.0477736866,-111.759804,30U,-8.134,3.525,0.04,0.055953446909086886,-0.01571010194729047,-1.972989069102179
1417777844575252,51.7585598788,-1.2604896165,111.754257,5735616.661055244,620055.4184659063,-111.754257,30U,-8.156,3.508,0.061,0.056791443815805594,-0.015566157833603758,-1.9717692615771931
1417777844681878,51.7585525428,-1.2604845273,111.74691,5735615.853623102,620055.7891401639,-111.74691,30U,-8.168,3.518,0.083,0.05710730000021911,-0.01363019999966464,-1.9703243071721115
1417777844788612,51.7585451872,-1.2604794468,111.739189,5735615.043997021,620056.1592661213,-111.739189,30U,-8.19,3.5,0.064,0.058011423678092665,-0.011940845268433533,-1.9689557945230762
1417777844893424,51.7585378201,-1.2604743726,111.734558,5735614.233081726,620056.5289879192,-111.734558,30U,-8.2,3.501,0.029,0.05862168108443471,-0.011882869174413526,-1.9676067406196842
1417777844984795,51.7585304403,-1.2604693085,111.732895,5735613.42073751,620056.8980464975,-111.732895,30U,-8.221,3.485,0.004,0.05759764962175773,-0.012453875815356947,-1.9663305407386216
1417777845076166,51.7585230434,-1.260464261,111.730667,5735612.606464364,620057.2660049484,-111.730667,30U,-8.232,3.493,0.033,0.06043106425333512,-0.013133265416664527,-1.9652634868383245
1417777845181938,51.7585156391,-1.2604592023,111.727821,5735611.791386755,620057.634756074,-111.727821,30U,-8.245,3.485,0.031,0.06177394816125773,-0.014846936708588937,-1.9641223794381697
1417777845287710,51.7585082215,-1.2604541598,111.723976,5735610.974803464,620058.002424598,-111.723976,30U,-8.255,3.479,0.051,0.06209250838951734,-0.01549162888685952,-1.9633614015202407
1417777845379067,51.7585007955,-1.2604491288,111.717873,5735610.157267132,620058.3693218791,-111.717873,30U,-8.267,3.466,0.066,0.060966064472557216,-0.013897695587127596,-1.962371867989467
1417777845470425,51.7584933634,-1.2604441056,111.711136,5735609.339039629,620058.7356971588,-111.711136,30U,-8.267,3.473,0.064,0.06133653129193531,-0.013506231948957201,-1.9612469520087832
1417777845575235,51.7584859365,-1.2604390901,111.707222,5735608.521377749,620059.1015273647,-111.707222,30U,-8.261,3.449,0.009,0.0615215978917811,-0.01635316074347261,-1.960631689884774
1417777845681968,51.7584785132,-1.2604341024,111.707527,5735607.704070472,620059.4654295997,-111.707527,30U,-8.256,3.433,0.0,0.05592410000056606,-0.023098799999707032,-1.9606394071722206
1417777845788701,51.7584711021,-1.2604291687,111.703918,5735606.888031049,620059.8255729361,-111.703918,30U,-8.224,3.4,0.092,0.05386313835900155,-0.026872614960207392,-1.9607238562370757
1417777845893521,51.7584637293,-1.2604242246,111.68998,5735606.07626797,620060.186332511,-111.68998,30U,-8.175,3.431,0.169,0.05855662387548011,-0.01843642512200761,-1.960268168624098
1417777845984956,51.7584563861,-1.2604192653,111.669868,5735605.267821645,620060.5480626574,-111.669868,30U,-8.162,3.392,0.241,0.05871188912495574,-0.004434234506609513,-1.9598061773880078
1417777846076389,51.7584490712,-1.2604143736,111.659096,5735604.462411203,620060.9050526315,-111.659096,30U,-8.112,3.382,-0.033,0.061285729153894145,0.00229090974266315,-1.960196022769113
1417777846182138,51.7584418073,-1.2604094621,111.670311,5735603.662704902,620061.2632738646,-111.670311,30U,-8.058,3.394,-0.184,0.06324521914520084,-0.0035553944117906132,-1.9598659656312103
1417777846287885,51.7584345759,-1.2604045646,111.688164,5735602.866589782,620061.6204428227,-111.688164,30U,-8.033,3.363,-0.153,0.06337287368733566,-0.011642302622790769,-1.9597487234877735
1417777846379302,51.7584273679,-1.2603997143,111.697098,5735602.072999217,620061.9742924463,-111.697098,30U,-8.004,3.337,-0.017,0.06404902126276317,-0.014304553490067505,-1.9600088823184356
1417777846470718,51.7584201895,-1.2603948928,111.69471,5735601.28265297,620062.3260761073,-111.69471,30U,-7.967,3.319,0.04,0.0641601267796808,-0.011872575676270869,-1.9601816247801684
1417777846575474,51.7584130456,-1.260390093,111.689697,5735600.496107644,620062.6762707921,-111.689697,30U,-7.927,3.31,0.06,0.06490370745459373,-0.009206632048344083,-1.9602496676976946
1417777846682135,51.7584059405,-1.2603853072,111.686874,5735599.713854098,620063.0253964852,-111.686874,30U,-7.885,3.297,-0.004,0.06410839999936319,-0.00806490000008626,-1.9601500071633842
1417777846788812,51.7583988649,-1.2603805446,111.688553,5735598.934842971,620063.3728429438,-111.688553,30U,-7.853,3.282,-0.009,0.06361924479215285,-0.009155309165140641,-1.960031082190936
1417777846893583,51.7583918212,-1.2603758043,111.691452,5735598.159342635,620063.7186659122,-111.691452,30U,-7.819,3.262,-0.023,0.06119005929397455,-0.010472938816776018,-1.9597755561796937
1417777846985009,51.7583848087,-1.2603710985,111.693909,5735597.387255167,620064.0620252974,-111.693909,30U,-7.784,3.24,-0.017,0.0613950115208191,-0.010435023778033872,-1.9597144835486944
1417777847076436,51.7583778313,-1.2603664044,111.693993,5735596.6190518,620064.4044842288,-111.693993,30U,-7.743,3.238,0.001,0.06320663499958336,-0.008951931352690436,-1.9594231220707312
1417777847182125,51.758370884,-1.2603617345,111.694382,5735595.854155929,620064.7451933172,-111.694382,30U,-7.715,3.21,-0.012,0.06339398926356625,-0.010647051749434911,-1.95949379376827
1417777847288767,51.7583639643,-1.26035709,111.69696,5735595.092287559,620065.0840763772,-111.69696,30U,-7.673,3.209,-0.034,0.06641376219571556,-0.015980902504187638,-1.959510684663345
1417777847395436,51.7583570867,-1.2603524517,111.700218,5735594.335090791,620065.4224199783,-111.700218,30U,-7.631,3.19,-0.008,0.06671300646197227,-0.02111885556638105,-1.959053932102818
1417777847497101,51.7583502459,-1.2603478607,111.696526,5735593.581908568,620065.7574017773,-111.696526,30U,-7.587,3.151,0.076,0.06636386376821711,-0.020910666401291213,-1.9587461966963038
1417777847577083,51.7583434569,-1.2603433147,111.686905,5735592.834412775,620066.0891407091,-111.686905,30U,-7.518,3.122,0.138,0.06436368007102468,-0.017823641721583093,-1.9582772858405946
1417777847657065,51.7583367303,-1.2603388251,111.677223,5735592.093763426,620066.416821913,-111.677223,30U,-7.449,3.079,0.052,0.06359509999978319,-0.01556530000078574,-1.9577964071749383
1417777847755402,51.7583300692,-1.2603343691,111.674362,5735591.360342798,620066.7420106404,-111.674362,30U,-7.365,3.071,0.016,0.06514500992080494,-0.01770963365754221,-1.957130587016382
1417777847862082,51.7583234765,-1.2603299574,111.67173,5735590.634455772,620067.0639607653,-111.67173,30U,-7.299,3.02,0.002,0.06430276376742147,-0.018357343986564374,-1.9568799930612597
1417777847968789,51.7583169437,-1.2603256212,111.670624,5735589.915105729,620067.3805416531,-111.670624,30U,-7.232,2.983,0.04,0.06630848780288487,-0.01869863464298236,-1.9572881544860405
1417777848075501,51.7583104833,-1.260321312,111.664505,5735589.203762596,620067.6950672317,-111.664505,30U,-7.147,2.968,0.076,0.06746025072610214,-0.017302537983162312,-1.957154053072895
1417777848182233,51.758304098,-1.2603170436,111.658875,5735588.500703906,620068.0065779698,-111.658875,30U,-7.066,2.925,0.042,0.06640951644145464,-0.01565999823067475,-1.956851118246848
1417777848288953,51.7582977815,-1.2603128336,111.655579,5735587.805200085,620068.31387596,-111.655579,30U,-6.984,2.893,0.027,0.06643570563571556,-0.01417518871725195,-1.9566306897771193
1417777848395487,51.7582915399,-1.2603086678,111.652702,5735587.11795287,620068.6179249936,-111.652702,30U,-6.903,2.858,0.027,0.06550055237564402,-0.012739211381762273,-1.956349348618364
1417777848499197,51.7582853716,-1.2603045581,111.650826,5735586.438764738,620068.9179080637,-111.650826,30U,-6.82,2.819,0.014,0.06596626453327174,-0.012051695536184055,-1.9562813557219743
1417777848590672,51.7582792818,-1.2603005008,111.65126,5735585.768220055,620069.2140667195,-111.65126,30U,-6.732,2.782,-0.012,0.06490228496063881,-0.01277903318049492,-1.9563211196106822
1417777848682147,51.7582732696,-1.2602965053,111.652588,5735585.106203255,620069.5057546298,-111.652588,30U,-6.645,2.739,-0.013,0.06558900000028699,-0.01342299999992837,-1.956588007174303
1417777848788825,51.7582673346,-1.2602925576,111.65303,5735584.452692905,620069.7939390261,-111.65303,30U,-6.552,2.71,-0.003,0.06534973710664105,-0.013047563767402928,-1.9571771192046628
1417777848893588,51.7582614854,-1.2602886586,111.652863,5735583.8086439,620070.0785349784,-111.652863,30U,-6.461,2.673,0.011,0.06461819365865586,-0.012710895357200122,-1.95793723704179
1417777848984950,51.7582557195,-1.2602848112,111.652733,5735583.173773444,620070.3593489823,-111.652733,30U,-6.366,2.645,0.007,0.06549554774349768,-0.013006414095995428,-1.958903092074574
1417777849076312,51.7582500445,-1.2602809917,111.651962,5735582.548965725,620070.6379964631,-111.651962,30U,-6.262,2.626,-0.001,0.06606263370822535,-0.01309422730567261,-1.9593890551985007
1417777849167577,51.7582444595,-1.2602772204,111.652908,5735581.9340872355,620070.9130788569,-111.652908,30U,-6.167,2.58,-0.013,0.06694383012843413,-0.013528453379764499,-1.9600589490951577
1417777849258836,51.7582389582,-1.2602735141,111.653877,5735581.32840972,620071.1834534672,-111.653877,30U,-6.068,2.542,-0.0,0.06789896764406048,-0.014428573111763682,-1.961039881329218
1417777849361700,51.7582335497,-1.2602698626,111.653221,5735580.732961943,620071.4498000756,-111.653221,30U,-5.964,2.5,0.009,0.06745498848859421,-0.01471498596345118,-1.9617544439784729
1417777849468431,51.7582282353,-1.260266272,111.65226,5735580.1478784345,620071.7116942544,-111.65226,30U,-5.857,2.455,0.005,0.06585554832949705,-0.014529432823405802,-1.9628163118597908
1417777849575162,51.7582230202,-1.2602627355,111.652199,5735579.5737486575,620071.9695914908,-111.652199,30U,-5.744,2.431,0.007,0.06613162465194919,-0.014612282384758155,-1.964134168823108
1417777849681893,51.7582179063,-1.2602592443,111.651268,5735579.010798394,620072.2240940491,-111.651268,30U,-5.636,2.387,0.013,0.06469430000081679,-0.015399999999974382,-1.9656228071787571
1417777849788401,51.7582128856,-1.2602558207,111.649826,5735578.458101276,620072.4736841748,-111.649826,30U,-5.519,2.342,-0.012,0.06493986571472399,-0.016478143638562898,-1.9680993308285941
1417777849894938,51.7582079774,-1.2602524413,111.64975,5735577.9178421125,620072.7199255538,-111.64975,30U,-5.395,2.321,0.006,0.06418609629283946,-0.016970033528874367,-1.9712653816362036
1417777850001668,51.7582031804,-1.2602491045,111.649849,5735577.38987897,620072.9629320508,-111.649849,30U,-5.275,2.286,-0.007,0.06391730422419357,-0.017335717505566155,-1.9751721966739306
1417777850104587,51.758198492,-1.2602458231,111.649086,5735576.873901633,620073.2018272033,-111.649086,30U,-5.154,2.245,0.025,0.06290194009974323,-0.018229429891280503,-1.9807950599762167
1417777850196070,51.7581939198,-1.2602425808,111.645912,5735576.370782107,620073.4377157483,-111.645912,30U,-5.017,2.233,0.043,0.0627912814516913,-0.017835758479674176,-1.9872642347243388
1417777850287554,51.7581894768,-1.2602393478,111.64267,5735575.882015138,620073.6726197655,-111.64267,30U,-4.866,2.223,0.017,0.06273357345944301,-0.017532456490458162,-1.9937142126483782
1417777850379034,51.7581851654,-1.2602361531,111.641975,5735575.407819871,620073.9045315245,-111.641975,30U,-4.724,2.186,0.009,0.06329676418438344,-0.01839045337989354,-2.0013490000396574
1417777850470514,51.7581809842,-1.2602330078,111.640198,5735574.94802235,620074.1326887013,-111.640198,30U,-4.575,2.162,0.018,0.06438965802110491,-0.017949438458467602,-2.0105385643404587
1417777850575267,51.7581769412,-1.2602298805,111.638008,5735574.50356391,620074.359237057,-111.638008,30U,-4.42,2.152,0.03,0.06570036412438522,-0.018184486847972893,-2.020416802577374
1417777850681915,51.7581730366,-1.2602267768,111.635689,5735574.074457581,620074.5837895912,-111.635689,30U,-4.271,2.127,0.018,0.06510669999957419,-0.01875190000084878,-2.03136490717305
1417777850773399,51.7581692617,-1.2602237158,111.633636,5735573.65970442,620074.8050512432,-111.633636,30U,-4.124,2.098,0.031,0.06503526289312789,-0.01854520087570125,-2.043708059967376
1417777850864882,51.7581656273,-1.2602206789,111.631332,5735573.260536074,620075.0242769913,-111.631332,30U,-3.958,2.095,0.013,0.06445735988209651,-0.017951731590721262,-2.0570942032316433
1417777850968641,51.7581621406,-1.2602176548,111.630623,5735572.877771838,620075.2422275718,-111.630623,30U,-3.802,2.074,0.007,0.06256461978113954,-0.01826006159949558,-2.0714879133444746
1417777851075233,51.7581587916,-1.2602146616,111.628899,5735572.510269845,620075.4576803873,-111.628899,30U,-3.651,2.055,0.03,0.06079346429355552,-0.018892226132517242,-2.0879892090775076
1417777851181898,51.7581555829,-1.2602116758,111.625031,5735572.158357921,620075.6722503315,-111.625031,30U,-3.49,2.065,0.047,0.06113612019887429,-0.01855806041799671,-2.105682949063513
1417777851288571,51.7581525145,-1.2602086779,111.620552,5735571.8220681725,620075.887283143,-111.620552,30U,-3.336,2.062,0.034,0.060988127663087886,-0.01731423305225282,-2.1231694774869765
1417777851395290,51.758149577,-1.2602056997,111.618423,5735571.500302902,620076.1006091627,-111.618423,30U,-3.198,2.045,0.014,0.06171184896598999,-0.016525699294898423,-2.1415361591682984
1417777851502000,51.7581467647,-1.2602027484,111.616417,5735571.192416385,620076.3117466216,-111.616417,30U,-3.061,2.023,0.034,0.06023358701860413,-0.016498961182370427,-2.1618625466247092
1417777851608678,51.7581440786,-1.2601998181,111.612961,5735570.898529536,620076.5211000368,-111.612961,30U,-2.916,2.019,0.027,0.059140962177262967,-0.01596960381682355,-2.1837294108623087
1417777851707014,51.75814152,-1.2601968892,111.610641,5735570.618819196,620076.7300186035,-111.610641,30U,-2.782,2.017,0.032,0.05768060000030899,-0.01658710000067286,-2.2057332071753013
1417777851786997,51.7581390758,-1.2601939682,111.606308,5735570.351817857,620076.9380884924,-111.606308,30U,-2.652,2.006,0.041,0.05405901983221613,-0.01615368707722481,-2.2271462978152474
1417777851866980,51.7581367504,-1.2601910675,111.60334,5735570.097994414,620077.1444422735,-111.60334,30U,-2.519,1.995,0.018,0.05228151877776681,-0.015513147913400008,-2.2483798296449735
1417777851968639,51.7581345471,-1.2601881801,111.603653,5735569.857727371,620077.3495542787,-111.603653,30U,-2.387,1.984,-0.02,0.04906904719671478,-0.01640475825946984,-2.270760211810945
1417777852075299,51.7581324597,-1.2601853055,111.605064,5735569.630328073,620077.55347546,-111.605064,30U,-2.261,1.979,0.004,0.04837662183943446,-0.017787157077901395,-2.293879703652356
1417777852181968,51.7581304837,-1.2601824364,111.603294,5735569.41530811,620077.7567215458,-111.603294,30U,-2.142,1.971,0.026,0.04638343340094006,-0.017371498469145367,-2.316843647858745
1417777852287686,51.7581286061,-1.2601795929,111.600006,5735569.2111887075,620077.957939873,-111.600006,30U,-2.035,1.947,0.041,0.04586883142064468,-0.016451152078047575,-2.339695716268095
1417777852379143,51.7581268274,-1.2601767874,111.595726,5735569.018005053,620078.1562733578,-111.595726,30U,-1.923,1.923,0.047,0.047741032891880565,-0.014725932813382015,-2.363227210934158
1417777852470599,51.7581251494,-1.2601740073,111.591782,5735568.835978061,620078.3525867817,-111.591782,30U,-1.814,1.91,0.031,0.04904311768301192,-0.013233018727441894,-2.387227225432364
1417777852575414,51.7581235652,-1.2601712406,111.589134,5735568.664360165,620078.5477265985,-111.589134,30U,-1.715,1.903,0.025,0.05089572020805067,-0.01316710587431215,-2.4105367282500203
1417777852682137,51.758122066,-1.2601684928,111.586922,5735568.502163695,620078.7413365848,-111.586922,30U,-1.629,1.881,0.023,0.051588899999608126,-0.01375889999925739,-2.4331141071772873
1417777852788752,51.7581206302,-1.2601657771,111.583817,5735568.346964864,620078.9325630802,-111.583817,30U,-1.555,1.853,0.034,0.05030300938382241,-0.013517863707974424,-2.4558569718712295
1417777852893463,51.7581192734,-1.2601631083,111.580711,5735568.20047412,620079.1203433098,-111.580711,30U,-1.461,1.828,0.021,0.048337809036486344,-0.01310403423394508,-2.4783730374691406
1417777852984843,51.7581180096,-1.2601604736,111.579567,5735568.064269423,620079.305523492,-111.579567,30U,-1.355,1.804,0.006,0.047881905049805516,-0.013374834354509936,-2.500088922593208
1417777853076224,51.7581168337,-1.2601578843,111.579369,5735567.937765022,620079.4873373129,-111.579369,30U,-1.269,1.764,-0.002,0.047997448151867475,-0.014273106878898028,-2.5211747306451637
1417777853181922,51.758115729,-1.2601553634,111.579605,5735567.8190659,620079.6642417905,-111.579605,30U,-1.193,1.711,0.001,0.047851031472117375,-0.01610730887585322,-2.5417559690369154
1417777853287609,51.7581146932,-1.2601529236,111.578796,5735567.707895372,620079.8353665657,-111.578796,30U,-1.109,1.655,0.018,0.04640758595478888,-0.0172694185576806,-2.5615855895893436
1417777853378822,51.7581137367,-1.2601505712,111.57666,5735567.605399611,620080.0002492662,-111.57666,30U,-1.017,1.589,0.02,0.04458114450326616,-0.017560475456490966,-2.5804603657978262
1417777853470035,51.7581128686,-1.2601483198,111.575424,5735567.512568203,620080.1579271794,-111.575424,30U,-0.915,1.515,0.006,0.0440783961238079,-0.018251095893742634,-2.5984694699721467
1417777853574826,51.7581120931,-1.2601461835,111.574959,5735567.429844999,620080.3074160822,-111.574959,30U,-0.817,1.429,0.009,0.0446265403478136,-0.018906066530653708,-2.6159414286837204
1417777853681555,51.7581113958,-1.2601441779,111.573364,5735567.355602941,620080.4476775851,-111.573364,30U,-0.742,1.336,0.024,0.04548099999939791,-0.018885700000868845,-2.6332680071758294
1417777853788285,51.7581107507,-1.2601422968,111.569679,5735567.286960875,620080.5792085414,-111.569679,30U,-0.679,1.252,0.035,0.04514833663986288,-0.018561936581335224,-2.6499819357782206
1417777853893108,51.7581101721,-1.2601405438,111.56707,5735567.225503121,620080.7017225673,-111.56707,30U,-0.605,1.168,0.017,0.04498804027810551,-0.018478162714554967,-2.664921709113612
1417777853984591,51.7581096604,-1.2601389155,111.566139,5735567.171279762,620080.815453244,-111.566139,30U,-0.537,1.078,0.006,0.04381879641111695,-0.018660006928710757,-2.678431591666536
1417777854076073,51.7581092045,-1.2601374165,111.565369,5735567.123048829,620080.9201125609,-111.565369,30U,-0.481,0.99,0.012,0.043035668111243576,-0.0183796890756945,-2.691368802300537
1417777854181709,51.758108798,-1.2601360367,111.564102,5735567.080115234,620081.0164145244,-111.564102,30U,-0.425,0.916,0.013,0.04276970892664918,-0.018066272107593043,-2.7038253165685213
1417777854287344,51.7581084368,-1.2601347509,111.562691,5735567.0420645205,620081.1061091282,-111.562691,30U,-0.377,0.862,0.015,0.0429762209647182,-0.0180714772169839,-2.715125037568951
1417777854378826,51.7581081095,-1.260133541,111.561592,5735567.007658737,620081.1904757422,-111.561592,30U,-0.353,0.809,0.006,0.04298232460276924,-0.018208114035027582,-2.7255320228838795
1417777854470308,51.7581077996,-1.2601324036,111.561668,5735566.975068576,620081.2697927856,-111.561668,30U,-0.336,0.763,-0.005,0.04247621743490396,-0.01876926295163598,-2.736012238741016
1417777854575131,51.7581075118,-1.2601313206,111.562004,5735566.944846508,620081.3452969143,-111.562004,30U,-0.305,0.733,0.002,0.041582307922977235,-0.019471738817084503,-2.746003054833662
1417777854681861,51.7581072542,-1.2601302786,111.561394,5735566.917915368,620081.417891407,-111.561394,30U,-0.272,0.702,0.009,0.041217500000340856,-0.01983250000011859,-2.7548430071705416
1417777854788591,51.758107003,-1.2601292829,111.559113,5735566.8916197205,620081.4872736412,-111.559113,30U,-0.251,0.66,0.008,0.04160542736582726,-0.01956646182890356,-2.7630435600558148
1417777854893405,51.758106781,-1.2601283643,111.558563,5735566.868444352,620081.5512575401,-111.558563,30U,-0.24,0.611,0.004,0.0416629910734516,-0.018951708042510663,-2.7713711183516407
1417777854984816,51.7581065737,-1.2601275112,111.558197,5735566.846795876,620081.6106821176,-111.558197,30U,-0.218,0.569,0.006,0.041266623836754626,-0.01858499794311839,-2.7795625206501793
1417777855076226,51.7581063934,-1.2601267146,111.557571,5735566.828056947,620081.6661358539,-111.557571,30U,-0.184,0.53,0.006,0.04075930305244863,-0.018081513092311655,-2.7865281675510802
1417777855181925,51.75810624,-1.2601259788,111.557053,5735566.812209362,620081.7173222608,-111.557053,30U,-0.162,0.483,0.004,0.04042766881758039,-0.017385220607262372,-2.7923814597455503
1417777855288580,51.7581060956,-1.2601253209,111.557014,5735566.797234378,620081.7631087137,-111.557014,30U,-0.153,0.432,-0.001,0.04010272777378591,-0.01684311820174561,-2.798345387750439
1417777855395275,51.7581059644,-1.2601247275,111.557022,5735566.783621118,620081.8044088371,-111.557022,30U,-0.132,0.394,0.002,0.039876625249130625,-0.016445294124759355,-2.804346292632473
1417777855496967,51.7581058549,-1.2601241757,111.556679,5735566.772352544,620081.8427804675,-111.556679,30U,-0.111,0.371,0.005,0.03981326200787878,-0.01594397004916245,-2.809342537773612
1417777855576974,51.7581057576,-1.2601236518,111.556343,5735566.7623947505,620081.8791942813,-111.556343,30U,-0.108,0.353,0.002,0.039698848678385586,-0.015563402405519145,-2.8137412136995144
1417777855656981,51.7581056585,-1.260123147,111.556152,5735566.752205337,620081.9142947303,-111.556152,30U,-0.113,0.345,0.002,0.0392933999996623,-0.015195500000156341,-2.8184917071793674
1417777855755311,51.7581055574,-1.2601226473,111.556046,5735566.741785117,620081.9490485224,-111.556046,30U,-0.108,0.35,0.001,0.03860754843897226,-0.014719088429671161,-2.823387185980488
1417777855861970,51.7581054608,-1.2601221345,111.556053,5735566.731886894,620081.9846944389,-111.556053,30U,-0.105,0.362,-0.0,0.037921607395251467,-0.014266101113317888,-2.8280134244967035
1417777855968602,51.758105364,-1.2601216,111.556122,5735566.722002156,620082.0218384597,-111.556122,30U,-0.111,0.378,-0.001,0.037502293538207,-0.013923323310713496,-2.8327563062989825
1417777856075229,51.7581052597,-1.2601210395,111.556152,5735566.711326181,620082.0607967041,-111.556152,30U,-0.121,0.398,0.001,0.03716736188943488,-0.01362732014007634,-2.838075357153861
1417777856181870,51.7581051498,-1.2601204448,111.556122,5735566.70008376,620082.1021300345,-111.556122,30U,-0.124,0.424,0.001,0.036717258658112026,-0.013378901819897098,-2.8438133553414056
1417777856288515,51.7581050351,-1.260119814,111.556213,5735566.688366984,620082.1459674533,-111.556213,30U,-0.128,0.452,-0.002,0.03622393405654088,-0.013291403170911001,-2.849572173718676
1417777856395223,51.7581049155,-1.2601191441,111.55645,5735566.676169676,620082.1925162618,-111.55645,30U,-0.135,0.476,-0.001,0.03580384785290516,-0.013383474692493066,-2.8556580245084433
1417777856499066,51.7581047915,-1.2601184409,111.556564,5735566.663537888,620082.2413748616,-111.556564,30U,-0.14,0.496,-0.001,0.034823123658600935,-0.013433847505718183,-2.8622022791321955
1417777856590491,51.7581046649,-1.2601177109,111.556648,5735566.6506610885,620082.292089896,-111.556648,30U,-0.14,0.511,-0.0,0.03400830475227398,-0.013536600060095348,-2.8691294292185194
1417777856681917,51.7581045416,-1.2601169634,111.556541,5735566.638180084,620082.3440038958,-111.556541,30U,-0.137,0.519,0.001,0.03282039999945603,-0.013455199999922764,-2.8761837071676952
1417777856788568,51.7581044098,-1.260116206,111.556114,5735566.624770127,620082.3966236701,-111.556114,30U,-0.135,0.52,-0.002,0.03148157039713803,-0.013344055019365409,-2.883395197045508
1417777856893314,51.7581042911,-1.2601154564,111.556381,5735566.61280413,620082.4486703922,-111.556381,30U,-0.126,0.518,-0.001,0.030378167992331492,-0.013222799294091377,-2.8905809792531834
1417777856984730,51.7581041809,-1.2601147115,111.55658,5735566.601775649,620082.500370203,-111.55658,30U,-0.12,0.513,-0.002,0.02958888707697761,-0.012959754313674295,-2.8976266703744264
1417777857076147,51.7581040726,-1.260113963,111.556511,5735566.590964386,620082.5523134199,-111.556511,30U,-0.124,0.523,0.003,0.028641515437019274,-0.012462593419066064,-2.9050523757338036
1417777857167561,51.7581039599,-1.2601131927,111.556602,5735566.579699711,620082.6057727822,-111.556602,30U,-0.127,0.541,-0.004,0.028012745387878492,-0.011970683440014906,-2.9132771848385017
1417777857258975,51.7581038465,-1.2601123975,111.557175,5735566.568398188,620082.6609524156,-111.557175,30U,-0.124,0.563,-0.004,0.027312042098016923,-0.011836201232678143,-2.9219033165920143
1417777857361875,51.758103735,-1.2601115638,111.557335,5735566.557371348,620082.7187839905,-111.557335,30U,-0.125,0.597,0.004,0.026640676272699594,-0.011470180735562614,-2.930953111138951
1417777857468603,51.7581036183,-1.2601106557,111.556427,5735566.545888734,620082.7817638947,-111.556427,30U,-0.138,0.664,0.015,0.025513247028364935,-0.010214553837536496,-2.941249102292458
1417777857575299,51.7581034878,-1.26010963,111.55481,5735566.5330650965,620082.8528962871,-111.55481,30U,-0.153,0.755,0.016,0.024992017146272465,-0.008393508797453283,-2.9533870978989443
1417777857681991,51.7581033507,-1.2601084566,111.553711,5735566.519750684,620082.9342393422,-111.553711,30U,-0.155,0.865,0.005,0.025514799999644077,-0.006772400000446827,-2.9669944071741763
1417777857788641,51.7581032067,-1.2601071117,111.553658,5735566.505951318,620083.0274363545,-111.553658,30U,-0.158,0.979,-0.006,0.025965143807151023,-0.005908699174303066,-2.982051841427305
1417777857895301,51.7581030608,-1.2601056136,111.55455,5735566.4921929035,620083.1312111295,-111.55455,30U,-0.172,1.094,-0.007,0.02621932025825725,-0.005713957603548236,-2.9991818853562107
1417777858002030,51.7581029067,-1.2601039443,111.555008,5735566.477804476,620083.2468226084,-111.555008,30U,-0.174,1.213,-0.001,0.02556004450320141,-0.005734293658139027,-3.018700564053036
1417777858104911,51.7581027601,-1.2601021029,111.555099,5735566.4645334575,620083.3742912465,-111.555099,30U,-0.158,1.329,0.002,0.02448499653067255,-0.005615101112753714,-3.0401420184924417
1417777858196253,51.7581026326,-1.2601000941,111.554634,5735566.453662104,620083.5132619109,-111.554634,30U,-0.136,1.443,0.007,0.023768653488500855,-0.004741935636602422,-3.0633839211476968
1417777858287602,51.7581025246,-1.2600979258,111.553886,5735566.44522189,620083.6631883389,-111.553886,30U,-0.113,1.559,0.01,0.022864598409048226,-0.003602624949938403,-3.088904769549212
1417777858379055,51.758102445,-1.260095579,111.553497,5735566.440233838,620083.8253581579,-111.553497,30U,-0.071,1.686,-0.001,0.022268171401851344,-0.003323122961552968,-3.1167227835904736
1417777858470508,51.7581024111,-1.2600930464,111.554001,5735566.440633836,620084.0002292579,-111.554001,30U,-0.017,1.814,-0.002,0.022552304820374482,-0.004203484442427538,3.13695474745328
1417777858575233,51.7581024242,-1.2600903289,111.553421,5735566.446564972,620084.1877360801,-111.553421,30U,0.034,1.937,0.01,0.023691362893318555,-0.0042797454469401365,3.105349104688851
1417777858681854,51.758102493,-1.2600874359,111.553459,5735566.458979266,620084.3872068217,-111.553459,30U,0.102,2.056,-0.015,0.02221839999941587,-0.004479700000266078,3.071131299999548
1417777858773318,51.7581026254,-1.2600843526,111.555519,5735566.478779617,620084.599641909,-111.555519,30U,0.174,2.181,-0.021,0.019676158947145313,-0.00601819865844164,3.0351794463603174
1417777858864782,51.7581028258,-1.2600811131,111.555817,5735566.506399188,620084.8226763395,-111.555817,30U,0.256,2.3,0.02,0.017890489414948106,-0.006544833409839173,2.997540197375013
1417777858968563,51.7581031154,-1.2600777053,111.552628,5735566.544215479,620085.0570889151,-111.552628,30U,0.378,2.412,0.045,0.014642183489421699,-0.00604627192864879,2.9575646726441374
1417777859075185,51.7581035387,-1.2600741585,111.549706,5735566.597128925,620085.3007395022,-111.549706,30U,0.543,2.49,0.007,0.015851391092298987,-0.006297114214453075,2.9168165218494195
1417777859181851,51.7581040991,-1.2600704956,111.550751,5735566.665479928,620085.5520386901,-111.550751,30U,0.676,2.581,-0.017,0.01920508539636419,-0.007032884970314323,2.8747831015806526
1417777859288524,51.7581047718,-1.2600666875,111.552086,5735566.746558483,620085.8130605398,-111.552086,30U,0.802,2.698,0.001,0.020439349384060758,-0.006713298469255915,2.831840509155704
1417777859395252,51.7581055625,-1.2600627052,111.549767,5735566.841046219,620086.0857912899,-111.549767,30U,0.943,2.814,0.049,0.017655343718101034,-0.0053107113819879795,2.7888450090955725
1417777859501978,51.7581064895,-1.2600585684,111.543152,5735566.950945777,620086.3688228354,-111.543152,30U,1.1,2.906,0.075,0.012043377595420353,-0.0029963547727071362,2.745514270159852
1417777859608695,51.7581075688,-1.2600543206,111.537148,5735567.077964834,620086.6591106784,-111.537148,30U,1.285,2.967,0.051,0.0056475898024236915,-0.001060813379563535,2.700761404385253
1417777859707077,51.7581088242,-1.2600499981,111.534821,5735567.224690333,620086.9540865145,-111.534821,30U,1.485,3.006,-0.005,0.0028687000001888577,-0.0009602000002013822,2.6547618000008106
1417777859787123,51.7581102904,-1.2600456285,111.536125,5735567.394935689,620087.251753526,-111.536125,30U,1.721,3.02,-0.018,0.004085704770742311,-0.003499766490727557,2.6073171737194047
1417777859867170,51.7581119466,-1.2600412625,111.536507,5735567.586304333,620087.5486679615,-111.536507,30U,1.942,3.039,0.009,0.007501134899506302,-0.005383651560750113,2.5591122805288102
1417777859968833,51.7581137939,-1.2600368556,111.534836,5735567.798991862,620087.8478979556,-111.534836,30U,2.145,3.071,0.02,0.011566686042707228,-0.005858639522014974,2.510356303539927
1417777860075485,51.7581158311,-1.2600324119,111.532509,5735568.032858077,620088.1491637365,-111.532509,30U,2.362,3.088,0.028,0.010061960219397419,-0.0073775347711865,2.460544022267999
1417777860182052,51.7581180667,-1.260027957,111.530739,5735568.288806084,620088.450676026,-111.530739,30U,2.598,3.073,-0.005,0.006313266273258535,-0.009617941003388827,2.411126269662792
1417777860287665,51.758120521,-1.260023574,111.534149,5735568.568956539,620088.7466460209,-111.534149,30U,2.846,3.009,-0.051,0.0032983593644423633,-0.013419793856272398,2.3634184175866038
1417777860379072,51.7581231902,-1.2600192765,111.539078,5735568.872864466,620089.036145229,-111.539078,30U,3.078,2.952,-0.035,0.005354098190250749,-0.018007885405667886,2.31482688187036
1417777860470479,51.7581260744,-1.2600150659,111.537224,5735569.200538679,620089.3190767638,-111.537224,30U,3.325,2.886,0.076,0.00464666534887113,-0.020766371113396367,2.2641000422287703
1417777860575234,51.758129183,-1.2600109683,111.527367,5735569.552981539,620089.5936144572,-111.527367,30U,3.578,2.79,0.106,0.00770408370653571,-0.019589595995351154,2.214089023919023
1417777860681896,51.7581325244,-1.2600070305,111.515968,5735569.931050119,620089.8565062316,-111.515968,30U,3.836,2.673,0.116,0.010067099999369045,-0.016477300000507695,2.1659727999994143
1417777860788552,51.7581360807,-1.2600032312,111.505409,5735570.332788899,620090.1092695475,-111.505409,30U,4.046,2.6,0.063,0.006713163509926175,-0.014152088310708084,2.118745625865547
1417777860893304,51.7581398191,-1.2599995458,111.501617,5735570.754590814,620090.3536891366,-111.501617,30U,4.272,2.498,0.029,0.0037031941061479684,-0.015315577286100744,2.071904009315288
1417777860984725,51.7581437793,-1.259996069,111.495842,5735571.200714822,620090.5831241804,-111.495842,30U,4.527,2.328,0.112,-0.0019529938060176021,-0.016007401869636593,2.027784223191725
1417777861076146,51.7581479514,-1.2599928292,111.481552,5735571.670013217,620090.7956409933,-111.481552,30U,4.739,2.177,0.156,-0.006100536004055775,-0.012732319940484129,1.9860532204369052
1417777861181855,51.7581523043,-1.2599898049,111.469421,5735572.159062881,620090.9928058621,-111.469421,30U,4.931,2.033,0.083,-0.005754392892494275,-0.01039068461166613,1.944236480148854
1417777861287565,51.7581568196,-1.2599869837,111.46479,5735572.665838036,620091.175523364,-111.46479,30U,5.116,1.89,-0.008,-0.00645529765443805,-0.01090398368796694,1.9014515549600752
1417777861379001,51.7581615123,-1.2599843906,111.466927,5735573.191965609,620091.342028389,-111.466927,30U,5.327,1.707,0.005,-0.007136738419042451,-0.013591695605121997,1.8614429649089248
1417777861470438,51.7581663929,-1.2599820815,111.46328,5735573.738521218,620091.4884352853,-111.46328,30U,5.522,1.516,0.067,-0.009313140814816255,-0.014514529889764677,1.826624755893294
1417777861575175,51.7581714337,-1.2599800133,111.456787,5735574.302495419,620091.617791991,-111.456787,30U,5.689,1.361,0.077,-0.006475400677903103,-0.01568410282287573,1.7951309081677738
1417777861681813,51.7581766256,-1.2599781748,111.447426,5735574.8828946715,620091.7308955917,-111.447426,30U,5.853,1.203,0.097,-0.0013053000000274651,-0.014916100000085744,1.7668400000000983
1417777861788516,51.7581819532,-1.2599765332,111.439873,5735575.478060409,620091.8300505627,-111.439873,30U,5.998,1.088,0.062,0.0011257514418714306,-0.014684452733693818,1.7423443534249514
1417777861893312,51.7581874044,-1.259975033,111.434616,5735576.086738419,620091.9191192004,-111.434616,30U,6.134,1.001,0.064,0.00029453305188293705,-0.015019627067007761,1.7213578242596497
1417777861984765,51.7581929774,-1.2599736726,111.42617,5735576.708731163,620091.9982167028,-111.42617,30U,6.265,0.892,0.089,-0.003281677294521633,-0.013307567635516786,1.7036297248650325
1417777862076217,51.7581986608,-1.2599724668,111.417496,5735577.342746522,620092.0663519383,-111.417496,30U,6.379,0.783,0.073,-0.004347588419547088,-0.0108203295228481,1.6884936351517927
1417777862181937,51.7582044462,-1.2599714182,111.410446,5735577.987846078,620092.1233677658,-111.410446,30U,6.493,0.673,0.092,0.00019782051656024765,-0.00923528965303947,1.6750935673994256
1417777862287654,51.7582103241,-1.2599705101,111.403519,5735578.64300087,620092.1704419011,-111.403519,30U,6.591,0.601,0.055,0.0044811972745981326,-0.007771912852644326,1.663261864176936
1417777862379072,51.7582162913,-1.2599696764,111.398239,5735579.30796388,620092.2121445572,-111.398239,30U,6.694,0.555,0.04,0.009663565418000434,-0.006004342623900409,1.6530025204993481
1417777862470490,51.7582223492,-1.2599689086,111.396935,5735579.982904792,620092.249058624,-111.396935,30U,6.787,0.521,-0.005,0.006017766731339674,-0.007085086272494305,1.6446014001901275
1417777862575257,51.7582284851,-1.2599681772,111.397202,5735580.6664598575,620092.2832536665,-111.397202,30U,6.868,0.493,-0.004,0.0015286802595992487,-0.00916571293144011,1.637325865081912
1417777862681930,51.7582346945,-1.2599675178,111.395508,5735581.3580700345,620092.3122847854,-111.395508,30U,6.941,0.414,0.01,0.0016574999992506612,-0.01072400000002976,1.630789400000492
1417777862788574,51.7582409677,-1.2599669799,111.39621,5735582.056575111,620092.3327616096,-111.39621,30U,7.021,0.342,0.022,0.007308121349573275,-0.013300537177018389,1.6247049901004504
1417777862893323,51.758247309,-1.2599665121,111.391365,5735582.762537908,620092.348219966,-111.391365,30U,7.092,0.319,0.068,0.010814926421561568,-0.013042324124927493,1.618589722983437
1417777862984803,51.7582537138,-1.2599660479,111.385033,5735583.475556383,620092.3632613807,-111.385033,30U,7.161,0.326,0.06,0.011241884691575405,-0.011633988837656015,1.612784138430319
1417777863076284,51.7582601841,-1.2599656231,111.378052,5735584.195793993,620092.375409907,-111.378052,30U,7.238,0.256,0.079,0.01304774174909873,-0.009494997049054606,1.608232199920774
1417777863182052,51.7582667185,-1.259965287,111.371971,5735584.923013872,620092.3812669535,-111.371971,30U,7.303,0.225,0.06,0.013740962613489468,-0.008181849025947232,1.605346521005065
1417777863288770,51.7582733112,-1.2599649838,111.367737,5735585.656662907,620092.3846987981,-111.367737,30U,7.371,0.201,0.033,0.01573624234563618,-0.008714681450245242,1.6020679810149232
1417777863395449,51.758279965,-1.2599647099,111.364944,5735586.397058402,620092.3859464561,-111.364944,30U,7.438,0.179,0.022,0.01868621528668688,-0.009570168001201553,1.5991369667495243
1417777863497123,51.7582866786,-1.2599644607,111.363556,5735587.144063365,620092.3853308351,-111.363556,30U,7.501,0.177,0.005,0.019264155546535152,-0.010791807703023189,1.5968261440864033
1417777863577113,51.7582934349,-1.2599642141,111.362732,5735587.895812555,620092.3844224776,-111.362732,30U,7.53,0.159,0.024,0.02032936095465888,-0.01305206131158838,1.5947842309944753
1417777863657102,51.7583002043,-1.2599639985,111.359268,5735588.6489675045,620092.3813399741,-111.359268,30U,7.53,0.144,0.031,0.020491299999364287,-0.013526399999899527,1.5930131000008418
1417777863755441,51.7583069653,-1.2599637914,111.356041,5735589.401174325,620092.3776931495,-111.356041,30U,7.518,0.142,0.03,0.019948978279264375,-0.01425258391699764,1.5910719436182044
1417777863862121,51.7583137146,-1.2599636036,111.351013,5735590.1520482525,620092.3727454275,-111.351013,30U,7.499,0.121,0.065,0.02039003176897613,-0.014246818200869727,1.589839451610938
1417777863968763,51.7583204392,-1.2599634454,111.346817,5735590.900126647,620092.3658204759,-111.346817,30U,7.469,0.105,0.027,0.020710740874536063,-0.015252585794743586,1.5892429460342539
1417777864075397,51.7583271372,-1.2599632982,111.343628,5735591.645228841,620092.3582069639,-111.343628,30U,7.436,0.102,0.045,0.020345833698515774,-0.015745485487181694,1.5890288095131302
1417777864182086,51.7583338082,-1.2599631364,111.339249,5735592.387352507,620092.351672666,-111.339249,30U,7.407,0.117,0.036,0.02141956852894867,-0.014478815149213276,1.5886334313527752
1417777864288774,51.758340452,-1.2599629738,111.334946,5735593.126452678,620092.3452657437,-111.334946,30U,7.379,0.108,0.051,0.021137807693557397,-0.01486809894619709,1.58795833898596
1417777864395406,51.7583470712,-1.2599628317,111.329887,5735593.862783422,620092.3375093403,-111.329887,30U,7.354,0.092,0.048,0.02247648556567688,-0.01564628397620998,1.5874688763913616
1417777864499188,51.7583536626,-1.2599627039,111.328568,5735594.595999083,620092.32883982,-111.328568,30U,7.323,0.089,-0.002,0.022826427066960094,-0.01809153143057109,1.586789038926351
1417777864590620,51.7583602289,-1.2599625766,111.326897,5735595.326422642,620092.3202023898,-111.326897,30U,7.294,0.087,0.04,0.02300060410556241,-0.019595214213703978,1.5859997218390482
1417777864682051,51.7583667704,-1.2599624572,111.320923,5735596.05407528,620092.3110855621,-111.320923,30U,7.264,0.077,0.067,0.022342400000120596,-0.018866399999901976,1.5852937000003755
1417777864788723,51.7583732851,-1.2599623523,111.312668,5735596.778723712,620092.3010391642,-111.312668,30U,7.235,0.067,0.083,0.023003543449462278,-0.017890254195179485,1.5845986630022157
1417777864893487,51.7583797734,-1.2599622567,111.305504,5735597.500420987,620092.2904209989,-111.305504,30U,7.206,0.068,0.066,0.02326539783258616,-0.017997451907684606,1.5836760173161069
1417777864984899,51.7583862364,-1.259962163,111.299179,5735598.219301611,620092.2797388363,-111.299179,30U,7.18,0.064,0.058,0.02313136111355965,-0.01791060440439051,1.5826085495528655
1417777865076311,51.7583926738,-1.2599620721,111.294113,5735598.935330748,620092.268931363,-111.294113,30U,7.149,0.061,0.046,0.021393357137590305,-0.01782458725719602,1.581518745854746
1417777865167784,51.7583990867,-1.2599620023,111.289055,5735599.648600585,620092.2567327372,-111.289055,30U,7.122,0.034,0.063,0.02338014587434199,-0.017867651202236455,1.580882561828457
1417777865259262,51.7584054716,-1.2599619607,111.283066,5735600.3587102145,620092.2426622629,-111.283066,30U,7.092,0.029,0.065,0.02450377545660992,-0.01757536476085596,1.5802267604183127
1417777865362176,51.7584118294,-1.2599619092,111.276619,5735601.065822454,620092.2293469112,-111.276619,30U,7.061,0.037,0.059,0.026388271887544182,-0.01624347803292383,1.5790612678730065
1417777865468901,51.7584181605,-1.2599618671,111.271606,5735601.769950006,620092.2154536882,-111.271606,30U,7.032,0.019,0.053,0.029732722920909505,-0.015262568638242022,1.5781044795028005
1417777865575628,51.7584244667,-1.2599618516,111.266052,5735602.471264723,620092.1997908114,-111.266052,30U,7.0,0.006,0.057,0.03232064022756111,-0.015059674632805798,1.5775462244834637
1417777865682354,51.7584307436,-1.2599618381,111.261292,5735603.169317802,620092.1840676506,-111.261292,30U,6.967,0.016,0.034,0.03263870000011101,-0.01431850000073183,1.5768202000004474
1417777865789012,51.7584369911,-1.2599618204,111.258621,5735603.864108334,620092.1687123487,-111.258621,30U,6.936,0.005,0.012,0.03316770052611099,-0.014023156023499857,1.5763078410440026
1417777865895622,51.7584432105,-1.2599618164,111.256462,5735604.555751409,620092.1524861382,-111.256462,30U,6.906,0.007,0.032,0.03127423816078565,-0.014470421670599547,1.5762582815611905
1417777866001900,51.7584494028,-1.2599618055,111.252373,5735605.2443921575,620092.1368080156,-111.252373,30U,6.875,0.003,0.037,0.03139135331930213,-0.014596045745551815,1.5762702564309945
1417777866104479,51.7584555668,-1.25996181,111.249916,5735605.929860411,620092.1201421963,-111.249916,30U,6.843,-0.002,0.022,0.031738776868980086,-0.015269144452432909,1.5766755209635193
1417777866195958,51.7584617015,-1.2599618017,111.246628,5735606.612091396,620092.1044374729,-111.246628,30U,6.809,0.014,0.032,0.030385180547242423,-0.014112321601547946,1.5765295916599813
1417777866287433,51.7584678039,-1.2599617657,111.243019,5735607.290776027,620092.090730082,-111.243019,30U,6.775,0.026,0.052,0.029412235765379883,-0.012234686770252282,1.576151731531644
1417777866378857,51.7584738766,-1.2599617414,111.238358,5735607.966138568,620092.0762940542,-111.238358,30U,6.743,0.006,0.052,0.030300669582540487,-0.009364159940916678,1.5760191373464432
1417777866470280,51.758479919,-1.2599617412,111.234894,5735608.638091876,620092.0602752335,-111.234894,30U,6.707,-0.003,0.008,0.029823707575351802,-0.008068389960458548,1.576140574165335
1417777866575093,51.75848593,-1.2599617387,111.235008,5735609.306557091,620092.044498454,-111.235008,30U,6.673,0.012,0.001,0.029057320786077492,-0.008851002176944086,1.576326953141077
1417777866681818,51.7584919105,-1.2599617181,111.23671,5735609.971660322,620092.0300517161,-111.23671,30U,6.636,0.007,-0.031,0.029758800000455284,-0.010787100000251846,1.5762170000004874
1417777866773298,51.7584978568,-1.2599617155,111.239014,5735610.632930654,620092.0144535063,-111.239014,30U,6.601,0.004,-0.007,0.02822976588407684,-0.01178476318043335,1.576518511510529
1417777866864777,51.7585037718,-1.2599617068,111.238907,5735611.290730278,620091.9993593185,-111.238907,30U,6.567,0.011,0.004,0.026547439206280415,-0.010498105745514123,1.5766782626541174
1417777866968637,51.7585096566,-1.2599616824,111.238068,5735611.9451973215,620091.9854287474,-111.238068,30U,6.534,0.021,0.021,0.02457990798220029,-0.009543256134165205,1.5766733132703683
1417777867075353,51.7585155127,-1.2599616577,111.235085,5735612.59647324,620091.9715950297,-111.235085,30U,6.497,0.014,0.029,0.022786009562919134,-0.009048836521747998,1.5768173273054358
1417777867182060,51.7585213351,-1.2599616376,111.234047,5735613.243993931,620091.9575332729,-111.234047,30U,6.464,0.013,0.0,0.021110137048119405,-0.008865174632697386,1.5769509810939881
1417777867288761,51.7585271248,-1.2599616187,111.235756,5735613.8878762005,620091.943475466,-111.235756,30U,6.426,0.012,-0.022,0.020458587823774247,-0.009430008459464864,1.5769986829129221
1417777867395390,51.7585328844,-1.2599615904,111.23838,5735614.52842664,620091.9301462342,-111.23838,30U,6.394,0.023,-0.016,0.0195636143940421,-0.011043193726957314,1.5768179606557506
1417777867502038,51.7585386148,-1.2599615661,111.237457,5735615.16572327,620091.9166184315,-111.237457,30U,6.36,0.014,0.025,0.01922671497031417,-0.010602908150700512,1.5767494601286023
1417777867608763,51.758544311,-1.2599615493,111.236115,5735615.799204293,620091.9026637833,-111.236115,30U,6.32,0.013,-0.005,0.018190414324706534,-0.008339427763451597,1.5768377974746168
1417777867707133,51.7585499741,-1.25996153,111.236382,5735616.429008506,620091.8889694894,-111.236382,30U,6.283,0.009,-0.008,0.019006999999910016,-0.006550600000377043,1.5767703000004072
1417777867787120,51.7585556055,-1.2599615157,111.235878,5735617.0552792465,620091.8750142456,-111.235878,30U,6.248,0.007,0.028,0.018567871631052495,-0.005661924125247809,1.5766980158542592
1417777867867108,51.7585612045,-1.2599615012,111.234978,5735617.677947231,620091.8611587726,-111.234978,30U,6.214,0.015,0.002,0.016686654712179973,-0.005717660307339038,1.5768357278928602
1417777867968812,51.7585667687,-1.2599614697,111.237267,5735618.296773232,620091.848568835,-111.237267,30U,6.172,0.021,-0.056,0.01448337696863909,-0.007032625029702177,1.5767366018185094
1417777868075527,51.7585722977,-1.2599614494,111.242676,5735618.911666326,620091.8352993621,-111.242676,30U,6.133,0.01,-0.06,0.012222390536463557,-0.009305358616829086,1.5767100797410911
1417777868182140,51.7585777905,-1.2599614377,111.24633,5735619.522519591,620091.8215324375,-111.24633,30U,6.091,0.008,-0.011,0.011438616202967555,-0.009932130705544632,1.5766085954179978
1417777868287781,51.7585832431,-1.2599614206,111.246552,5735620.128911259,620091.8082448397,-111.246552,30U,6.045,0.014,0.004,0.010763142396189812,-0.008853167584257755,1.5759750541954418
1417777868378963,51.7585886527,-1.259961405,111.246895,5735620.730518583,620091.794967818,-111.246895,30U,5.997,0.002,0.007,0.012491287324864563,-0.009337861541404443,1.5753218440948364
1417777868470144,51.7585940186,-1.2599614105,111.245544,5735621.327231451,620091.7803505983,-111.245544,30U,5.949,0.0,0.01,0.01078953521975991,-0.009259769056442642,1.5749653808548987
1417777868574914,51.7585993396,-1.2599613928,111.244392,5735621.918989358,620091.7674535859,-111.244392,30U,5.895,0.018,-0.002,0.00841543011016905,-0.009364605050490487,1.5742257889572036
1417777868681624,51.7586046138,-1.2599613805,111.24659,5735622.505533914,620091.7543080869,-111.24659,30U,5.844,-0.001,-0.023,0.007700800000447775,-0.01027129999977795,1.5738768999994148
1417777868788349,51.7586098445,-1.2599613922,111.248177,5735623.087201481,620091.7396217245,-111.248177,30U,5.798,-0.017,-0.005,0.00878957681839396,-0.011375475934508968,1.573773507574173
1417777868893169,51.7586150304,-1.2599614251,111.248322,5735623.663852098,620091.7235911828,-111.248322,30U,5.745,-0.025,0.001,0.010412193061511352,-0.012756463071300319,1.5735356783306265
1417777868984647,51.758620169,-1.2599614437,111.246643,5735624.235266201,620091.7086730115,-111.246643,30U,5.695,0.006,0.021,0.009494647683007576,-0.01229820974229194,1.5731152097410595
1417777869076126,51.7586252545,-1.2599614384,111.245628,5735624.800814605,620091.6955451153,-111.245628,30U,5.626,0.005,0.004,0.00719225272440719,-0.011699347793094346,1.5723750213125154
1417777869181898,51.7586302746,-1.2599614402,111.245956,5735625.359078428,620091.6821007635,-111.245956,30U,5.547,-0.008,0.005,0.004330888053339809,-0.011612203051501995,1.5720369176744355
1417777869287666,51.7586352187,-1.2599614547,111.244621,5735625.908869658,620091.6679816174,-111.244621,30U,5.458,-0.017,0.017,0.00300343307068033,-0.010626772981786157,1.5721900956567336
1417777869379086,51.758640081,-1.2599614887,111.242859,5735626.449532103,620091.6527337866,-111.242859,30U,5.363,-0.025,0.005,0.004287618201335545,-0.009960464532465152,1.5721301744526033
1417777869470506,51.7586448599,-1.2599615189,111.2444,5735626.980926202,620091.6379694907,-111.2444,30U,5.273,-0.025,-0.013,0.007426499552254876,-0.011206746162749906,1.5713595345821756
1417777869575310,51.7586495594,-1.2599615564,111.245552,5735627.503478497,620091.6229120857,-111.245552,30U,5.186,-0.027,0.002,0.00784616516993811,-0.011888609979457026,1.5708059549595659
1417777869682025,51.7586541811,-1.2599615771,111.245544,5735628.017406608,620091.609220508,-111.245544,30U,5.099,-0.003,-0.006,0.006742699999601014,-0.011257500000549354,1.5702930999997462
1417777869788671,51.7586587227,-1.2599615819,111.246323,5735628.522453272,620091.5968387496,-111.246323,30U,5.011,-0.012,-0.003,0.005592920070610639,-0.010806222366843435,1.569777940397227
1417777869893421,51.7586631861,-1.2599616091,111.246788,5735629.018766722,620091.5831186225,-111.246788,30U,4.923,-0.025,-0.01,0.004899385327952552,-0.01006344322042685,1.5696361264805814
1417777869984899,51.7586675711,-1.2599616599,111.246552,5735629.506322736,620091.5679778428,-111.246552,30U,4.835,-0.043,0.014,0.007030467951099699,-0.01025226770439307,1.5694420036971144
1417777870076378,51.7586718767,-1.2599617218,111.245201,5735629.985030691,620091.5522817099,-111.245201,30U,4.747,-0.045,0.003,0.010013133249526782,-0.009857748738212694,1.5690721125047769
1417777870182101,51.7586761007,-1.2599617807,111.245911,5735630.454669153,620091.5370091265,-111.245911,30U,4.654,-0.036,-0.007,0.010760926133472397,-0.010176078509707216,1.568621016968253
1417777870287821,51.7586802405,-1.2599618214,111.246254,5735630.914974013,620091.5232159685,-111.246254,30U,4.56,-0.024,-0.011,0.011208375984366673,-0.009686571342890572,1.5683572460931827
1417777870379240,51.7586842949,-1.2599618452,111.248642,5735631.365809683,620091.510815704,-111.248642,30U,4.466,-0.016,-0.027,0.009287476849468438,-0.009676017853521221,1.567676154781892
1417777870470660,51.758688263,-1.2599618789,111.250229,5735631.807031945,620091.4979612092,-111.250229,30U,4.366,-0.036,-0.004,0.008876545337582399,-0.009528805050559459,1.5674632177924022
1417777870575158,51.7586921368,-1.2599619484,111.250168,5735632.237708504,620091.4828863096,-111.250168,30U,4.255,-0.058,-0.002,0.011136811521244851,-0.008752547912983648,1.567699269055077
1417777870681525,51.7586959139,-1.2599620272,111.250343,5735632.657616102,620091.4674261824,-111.250343,30U,4.15,-0.048,0.0,0.013675700000225846,-0.008957200000792712,1.5675544999993016
1417777870788250,51.7586995926,-1.2599620829,111.250595,5735633.066619034,620091.4538213147,-111.250595,30U,4.04,-0.032,0.004,0.014210961769253662,-0.009792606400823816,1.5669887637081568
1417777870893068,51.7587031734,-1.2599621131,111.250641,5735633.464776859,620091.4422360071,-111.250641,30U,3.929,-0.019,-0.019,0.013484684264110397,-0.00954022043761865,1.5664817605964638
1417777870984546,51.7587066538,-1.2599621528,111.253517,5735633.851753925,620091.4302614869,-111.253517,30U,3.816,-0.04,-0.024,0.013636814324545471,-0.01067361403574873,1.566443577276181
1417777871076024,51.7587100287,-1.2599622098,111.254982,5735634.226970241,620091.4173729956,-111.254982,30U,3.695,-0.034,-0.012,0.012222785080358275,-0.010287776799780025,1.5662872289469303
1417777871181795,51.758713297,-1.2599622538,111.256805,5735634.590353371,620091.4056645028,-111.256805,30U,3.578,-0.034,-0.021,0.012908004531662463,-0.009570197942324872,1.5658572568982145
1417777871288516,51.7587164588,-1.2599623149,111.258957,5735634.941864872,620091.3930584954,-111.258957,30U,3.462,-0.052,-0.013,0.014074995894171686,-0.010013790725527983,1.5659660918395135
1417777871395188,51.758719518,-1.2599623813,111.257965,5735635.281957879,620091.3803589619,-111.257965,30U,3.347,-0.04,0.029,0.014955606112389934,-0.009390265109791438,1.5658779188476644
1417777871496861,51.7587224745,-1.2599624278,111.256104,5735635.610662765,620091.3693052586,-111.256104,30U,3.23,-0.034,0.001,0.01659983148117979,-0.008553386203395694,1.5652087066905762
1417777871576878,51.7587253221,-1.2599624814,111.257103,5735635.927245593,620091.3580505253,-111.257103,30U,3.11,-0.041,-0.008,0.016943597714354133,-0.00889584227724176,1.5647775974149905
1417777871656895,51.7587280657,-1.2599625411,111.256729,5735636.232252922,620091.3466507703,-111.256729,30U,2.996,-0.044,0.015,0.018404400000513608,-0.008211400000109533,1.564999000000099
1417777871755240,51.7587307037,-1.2599625967,111.255119,5735636.525523615,620091.3358141588,-111.255119,30U,2.879,-0.033,0.009,0.016678729046382963,-0.006417301929124583,1.5649705340552449
1417777871861916,51.7587332373,-1.259962623,111.256371,5735636.807232616,620091.3272765975,-111.256371,30U,2.763,-0.011,-0.028,0.014263208797314715,-0.0058067994733195585,1.5643845478537248
1417777871968592,51.7587356699,-1.2599626464,111.25882,5735637.077714553,620091.3192071582,-111.25882,30U,2.653,-0.025,-0.018,0.01287523105487311,-0.006343947156125286,1.564113757545401
1417777872075267,51.7587380003,-1.2599626913,111.260117,5735637.336795804,620091.3099251444,-111.260117,30U,2.535,-0.036,-0.009,0.011158992713486242,-0.0071060825048559805,1.5639774315303545
1417777872181869,51.7587402257,-1.2599627477,111.259964,5735637.584181458,620091.3001281008,-111.259964,30U,2.416,-0.043,0.01,0.011804210108452638,-0.007063074453984844,1.5636466099801274
1417777872288473,51.7587423363,-1.2599628101,111.259155,5735637.818790747,620091.290221594,-111.259155,30U,2.281,-0.046,0.003,0.012506547326690707,-0.006606511799242935,1.563193677624192
1417777872395197,51.7587443235,-1.2599628616,111.259117,5735638.039695125,620091.2813947375,-111.259117,30U,2.144,-0.032,0.004,0.012743799183904664,-0.006691934293562652,1.5626581156759862
1417777872499039,51.7587461874,-1.2599629063,111.257805,5735638.246898961,620091.2733643207,-111.257805,30U,2.003,-0.035,0.015,0.013181390776393168,-0.006719961420755036,1.5624631467987857
1417777872590396,51.7587479202,-1.2599629542,111.256958,5735638.439518386,620091.2654609217,-111.256958,30U,1.856,-0.031,0.002,0.01157593510964555,-0.006736132823044597,1.562308266998294
1417777872681752,51.7587495176,-1.2599629955,111.256859,5735638.61709134,620091.2583722651,-111.256859,30U,1.699,-0.029,0.0,0.012360299999728576,-0.0064426000001573565,1.5619142999994708
1417777872788426,51.7587509708,-1.2599630364,111.256836,5735638.778629003,620091.2516938271,-111.256836,30U,1.539,-0.033,0.004,0.012385822724306677,-0.006226908746717331,1.5612974358743927
1417777872893201,51.758752285,-1.2599630751,111.256058,5735638.924712611,620091.2455360327,-111.256058,30U,1.384,-0.028,0.007,0.012430222724125499,-0.005856354961073272,1.5608716809146506
1417777872984678,51.758753459,-1.2599631083,111.256477,5735639.055214152,620091.2401298023,-111.256477,30U,1.23,-0.02,-0.016,0.011603521073453568,-0.0060259028227579526,1.5606410973566247
1417777873076156,51.7587544956,-1.2599631347,111.25869,5735639.170447143,620091.2355574227,-111.25869,30U,1.081,-0.019,-0.022,0.011144619672278,-0.007039850387372815,1.5604045822063783
1417777873167629,51.7587554045,-1.2599631663,111.259903,5735639.271470523,620091.2309650178,-111.259903,30U,0.945,-0.026,-0.002,0.011215431530227738,-0.0075970140348751766,1.5601878467399002
1417777873259103,51.7587561958,-1.2599632013,111.259285,5735639.359410445,620091.2264500085,-111.259285,30U,0.821,-0.028,0.01,0.011241546272233446,-0.00748867269363236,1.559910356252204
1417777873361984,51.7587568803,-1.2599632371,111.258476,5735639.435472217,620091.2221631696,-111.258476,30U,0.706,-0.024,0.009,0.01166141985113304,-0.007482105695099527,1.5597805670572027
1417777873468667,51.7587574676,-1.2599632659,111.257553,5735639.50073626,620091.218617318,-111.257553,30U,0.603,-0.02,0.009,0.01207542589488682,-0.007371388548847042,1.5596517126238962
1417777873575329,51.7587579654,-1.2599632918,111.25663,5735639.556052116,620091.2155090759,-111.25663,30U,0.508,-0.017,0.01,0.012007394950319428,-0.007217922723358233,1.5595735297116806
1417777873681989,51.7587583832,-1.2599633149,111.25547,5735639.602476075,620091.2128063345,-111.25547,30U,0.424,-0.016,0.012,0.011882599999264307,-0.007121899999751797,1.559493000000082
1417777873788620,51.75875873,-1.2599633349,111.254257,5735639.641009491,620091.2105059179,-111.254257,30U,0.351,-0.015,0.015,0.011726659542987595,-0.0069337815014680095,1.5593856214906652
1417777873895259,51.7587590153,-1.2599633563,111.252937,5735639.672701415,620091.208272067,-111.252937,30U,0.287,-0.017,0.013,0.011918984850255367,-0.006500069463492751,1.5593941006457464
1417777874001950,51.7587592463,-1.2599633776,111.251839,5735639.698354999,620091.2061891947,-111.251839,30U,0.23,-0.013,0.01,0.011915093071456037,-0.006253080974632611,1.559327359422702
1417777874104823,51.7587594286,-1.2599633933,111.250961,5735639.718602057,620091.2046220059,-111.250961,30U,0.178,-0.011,0.009,0.012081676631032545,-0.0061920385779722885,1.5591362625950989
1417777874196236,51.7587595663,-1.2599634118,111.25013,5735639.733884705,620091.2029799244,-111.25013,30U,0.13,-0.015,0.008,0.012061361361567815,-0.006110667057423632,1.5591154930722801
1417777874287649,51.7587596612,-1.2599634313,111.249474,5735639.744406074,620091.201382395,-111.249474,30U,0.084,-0.014,0.006,0.012029957605212794,-0.006049041748718412,1.5592411759840268
1417777874379057,51.7587597158,-1.2599634467,111.249008,5735639.750452582,620091.2001747445,-111.249008,30U,0.04,-0.01,0.005,0.012042441749875432,-0.006029114561939508,1.5592111860246511
1417777874470464,51.7587597328,-1.2599634604,111.248558,5735639.75232053,620091.1991841791,-111.248558,30U,-0.001,-0.011,0.005,0.011994179741338335,-0.005987418965504617,1.5591065784488238
1417777874575238,51.75875972,-1.2599634772,111.247948,5735639.750869427,620091.198058748,-111.247948,30U,-0.017,-0.013,0.009,0.012022300646816758,-0.005783433996640874,1.5591402709339668
1417777874681922,51.7587597129,-1.2599634947,111.247231,5735639.750051046,620091.1968698853,-111.247231,30U,0.003,-0.011,0.004,0.012056899999803085,-0.005141400000199641,1.5592120000008356
1417777874773350,51.758759717,-1.2599635089,111.247505,5735639.750483611,620091.1958790424,-111.247505,30U,0.003,-0.011,-0.005,0.012027870875596473,-0.004952506401195043,1.5591550904862481
1417777874864778,51.758759714,-1.2599635239,111.247826,5735639.750125293,620091.1948518296,-111.247826,30U,-0.007,-0.012,0.002,0.012025731649966915,-0.005319336818349958,1.559122968350628
1417777874968558,51.7587597089,-1.2599635406,111.2472,5735639.749530641,620091.1937128692,-111.2472,30U,-0.002,-0.012,0.009,0.012026234175637125,-0.0052023739258480785,1.5591590746924489
1417777875075188,51.7587597087,-1.2599635565,111.246811,5735639.749482219,620091.1926161161,-111.246811,30U,0.001,-0.011,-0.001,0.0120221455673314,-0.005073746271898152,1.5591449310032122
1417777875181899,51.7587597089,-1.2599635718,111.24691,5735639.749479268,620091.1915597091,-111.24691,30U,-0.001,-0.013,0.003,0.01198936517903821,-0.005362857664408621,1.5591288632996603
1417777875288609,51.7587597089,-1.2599635718,111.24691,5735639.749479268,620091.1915597091,-111.24691,30U,-0.004,-0.013,0.007,0.01200869177882288,-0.005274838518097007,1.5591712063416892
1417777875395212,51.7587597089,-1.2599635718,111.24691,5735639.749479268,620091.1915597091,-111.24691,30U,-0.003,-0.013,0.001,0.011998565179535271,-0.00516386394625183,1.5591535677039294
1417777875501836,51.7587597089,-1.2599635718,111.24691,5735639.749479268,620091.1915597091,-111.24691,30U,-0.0,-0.014,0.002,0.012007689254719218,-0.005278375984586204,1.5591397892545094
1417777875608546,51.7587597089,-1.2599635718,111.24691,5735639.749479268,620091.1915597091,-111.24691,30U,-0.004,-0.014,0.003,0.012022799999478388,-0.005292645566167049,1.559164288608771
1417777875706911,51.7587597089,-1.2599635718,111.24691,5735639.749479268,620091.1915597091,-111.24691,30U,-0.005,-0.013,0.002,0.01202250000006925,-0.005257600000558827,1.5591402000002954
1417777875786913,51.7587597089,-1.2599635718,111.24691,5735639.749479268,620091.1915597091,-111.24691,30U,-0.003,-0.014,0.002,0.01201760000041158,-0.005216346213280126,1.5591302291245197
1417777875866916,51.7587597089,-1.2599635718,111.24691,5735639.749479268,620091.1915597091,-111.24691,30U,-0.003,-0.014,0.002,0.012018243042539869,-0.005294244333140436,1.5591596854372594
1417777875968582,51.7587597089,-1.2599635718,111.24691,5735639.749479268,620091.1915597091,-111.24691,30U,-0.005,-0.014,0.002,0.012009568349495741,-0.005287144274402128,1.5591522854367077
1417777876075248,51.7587597089,-1.2599635718,111.24691,5735639.749479268,620091.1915597091,-111.24691,30U,-0.004,-0.015,0.001,0.01202166012843457,-0.005234979741073499,1.5591521373455208
1417777876181917,51.7587597089,-1.2599635718,111.24691,5735639.749479268,620091.1915597091,-111.24691,30U,-0.002,-0.014,0.002,0.012019213916842877,-0.005261220904258244,1.5591676202590536
1417777876287631,51.7587597089,-1.2599635718,111.24691,5735639.749479268,620091.1915597091,-111.24691,30U,-0.003,-0.014,0.0,0.012018471520101588,-0.005293929124932198,1.5591576506154803
1417777876379046,51.7587597089,-1.2599635718,111.24691,5735639.749479268,620091.1915597091,-111.24691,30U,-0.005,-0.014,0.001,0.01201784304100058,-0.005276550616280043,1.559163708866244
1417777876470459,51.7587597089,-1.2599635718,111.24691,5735639.749479268,620091.1915597091,-111.24691,30U,-0.004,-0.014,0.0,0.01202216265410478,-0.005254774691236296,1.559168439870906
1417777876575223,51.7587597089,-1.2599635718,111.24691,5735639.749479268,620091.1915597091,-111.24691,30U,-0.003,-0.013,-0.001,0.012025377217229065,-0.005299669641996371,1.5591595601296004
1417777876681894,51.7587597089,-1.2599635718,111.24691,5735639.749479268,620091.1915597091,-111.24691,30U,-0.004,-0.013,-0.001,0.012027899999905703,-0.005306299999471711,1.5591708999997536
1417777876788552,51.7587597089,-1.2599635718,111.24691,5735639.749479268,620091.1915597091,-111.24691,30U,-0.004,-0.012,-0.001,0.012028982912129381,-0.005279448091476486,1.5591651772169797
1417777876893305,51.7587597089,-1.2599635718,111.24691,5735639.749479268,620091.1915597091,-111.24691,30U,-0.003,-0.013,-0.002,0.012021620258133137,-0.005291131650120576,1.5591563056961746
1417777876984723,51.7587597089,-1.2599635718,111.24691,5735639.749479268,620091.1915597091,-111.24691,30U,-0.004,-0.013,-0.002,0.012032431649570068,-0.00532021203813798,1.5591629683492225
1417777877076140,51.7587597089,-1.2599635718,111.24691,5735639.749479268,620091.1915597091,-111.24691,30U,-0.005,-0.012,-0.002,0.012030482912665728,-0.005299596182833485,1.5591510626537977
1417777877181861,51.7587597089,-1.2599635718,111.24691,5735639.749479268,620091.1915597091,-111.24691,30U,-0.004,-0.012,-0.002,0.012025054432546544,-0.005289271520091703,1.559153322783621
1417777877287584,51.7587597089,-1.2599635718,111.24691,5735639.749479268,620091.1915597091,-111.24691,30U,-0.004,-0.012,-0.002,0.012028071520392612,-0.005315768995349079,1.5591543031717132
1417777877379033,51.7587597089,-1.2599635718,111.24691,5735639.749479268,620091.1915597091,-111.24691,30U,-0.005,-0.012,-0.002,0.012030088607881118,-0.005310645567367217,1.5591429772170702
1417777877470482,51.7587597089,-1.2599635718,111.24691,5735639.749479268,620091.1915597091,-111.24691,30U,-0.005,-0.012,-0.002,0.012036854432577009,-0.005298239870018466,1.559143337346563
1417777877575233,51.7587597089,-1.2599635718,111.24691,5735639.749479268,620091.1915597091,-111.24691,30U,-0.005,-0.012,-0.003,0.012043308866099738,-0.005306114563474674,1.5591503056957745
1417777877681885,51.7587597089,-1.2599635718,111.24691,5735639.749479268,620091.1915597091,-111.24691,30U,-0.005,-0.012,-0.003,0.012045599999951402,-0.005316900000120298,1.559144800000544
1417777877788584,51.7587597089,-1.2599635718,111.24691,5735639.749479268,620091.1915597091,-111.24691,30U,-0.005,-0.012,-0.003,0.012050225954991242,-0.005303965178283539,1.5591552139159328
1417777877893367,51.7587597089,-1.2599635718,111.24691,5735639.749479268,620091.1915597091,-111.24691,30U,-0.005,-0.011,-0.004,0.012045485436539301,-0.005301022783548137,1.5591535917790007
1417777877984737,51.7587597089,-1.2599635718,111.24691,5735639.749479268,620091.1915597091,-111.24691,30U,-0.006,-0.011,-0.005,0.01205000317069354,-0.005317722783236274,1.5591459284798235
1417777878076106,51.7587597089,-1.2599635718,111.24691,5735639.749479268,620091.1915597091,-111.24691,30U,-0.006,-0.011,-0.005,0.012049877217262741,-0.005318679742029154,1.5591557658256945
1417777878181817,51.7587597089,-1.2599635718,111.24691,5735639.749479268,620091.1915597091,-111.24691,30U,-0.005,-0.011,-0.005,0.012053545565992545,-0.005316356958376833,1.559152791779413
1417777878287531,51.7587597089,-1.2599635718,111.24691,5735639.749479268,620091.1915597091,-111.24691,30U,-0.006,-0.011,-0.006,0.012048017087233867,-0.005318814563477883,1.559152356958555
1417777878378951,51.7587597089,-1.2599635718,111.24691,5735639.749479268,620091.1915597091,-111.24691,30U,-0.006,-0.011,-0.006,0.012051965824853333,-0.005328077216059105,1.5591617917791405
1417777878470372,51.7587597089,-1.2599635718,111.24691,5735639.749479268,620091.1915597091,-111.24691,30U,-0.007,-0.011,-0.006,0.012051806341902276,-0.005320731004809743,1.5591550765707383
1417777878575125,51.7587597089,-1.2599635718,111.24691,5735639.749479268,620091.1915597091,-111.24691,30U,-0.006,-0.011,-0.007,0.01206501708807647,-0.005315545567024886,1.559158663300891
1417777878681783,51.7587597089,-1.2599635718,111.24691,5735639.749479268,620091.1915597091,-111.24691,30U,-0.006,-0.01,-0.007,0.012064599999763805,-0.0053216999993931455,1.5591634000005623
1417777878788505,51.7587597089,-1.2599635718,111.24691,5735639.749479268,620091.1915597091,-111.24691,30U,-0.006,-0.01,-0.007,0.012062094303860545,-0.005321817088296674,1.5591595917794008
1417777878893316,51.7587597089,-1.2599635718,111.24691,5735639.749479268,620091.1915597091,-111.24691,30U,-0.006,-0.01,-0.007,0.012050599999993894,-0.005326954433533993,1.5591586113913085
1417777878984744,51.7587597089,-1.2599635718,111.24691,5735639.749479268,620091.1915597091,-111.24691,30U,-0.006,-0.01,-0.007,0.01205165443368017,-0.005326188607492828,1.5591619632996274
1417777879076173,51.7587597089,-1.2599635718,111.24691,5735639.749479268,620091.1915597091,-111.24691,30U,-0.006,-0.009,-0.007,0.012061808867478686,-0.005332111391036116,1.559146274046289
1417777879181907,51.7587597089,-1.2599635718,111.24691,5735639.749479268,620091.1915597091,-111.24691,30U,-0.006,-0.009,-0.007,0.012065788609126986,-0.005321134174121625,1.5591450772164248
1417777879288593,51.7587597089,-1.2599635718,111.24691,5735639.749479268,620091.1915597091,-111.24691,30U,-0.007,-0.009,-0.008,0.012060551261759516,-0.005327937345372851,1.5591383025254566
1417777879395252,51.7587597089,-1.2599635718,111.24691,5735639.749479268,620091.1915597091,-111.24691,30U,-0.006,-0.009,-0.008,0.012055705695430557,-0.0053347227840788766,1.5591334082208081
1417777879496921,51.7587597089,-1.2599635718,111.24691,5735639.749479268,620091.1915597091,-111.24691,30U,-0.007,-0.009,-0.008,0.0120663373458798,-0.005340600000566055,1.559138860128482
1417777879576962,51.7587597089,-1.2599635718,111.24691,5735639.749479268,620091.1915597091,-111.24691,30U,-0.007,-0.009,-0.008,0.0120686772163055,-0.00533970252433941,1.559140434174612
1417777879657004,51.7587597089,-1.2599635718,111.24691,5735639.749479268,620091.1915597091,-111.24691,30U,-0.007,-0.008,-0.008,0.012079400000866965,-0.00534000000000245,1.559143099999238
1417777879755283,51.7587597058,-1.259963577,111.247406,5735639.749125967,620091.1912090746,-111.247406,30U,-0.007,-0.007,-0.008,0.012070928479855731,-0.005343277216956224,1.5591473373462479
1417777879861853,51.7587596977,-1.2599635904,111.248703,5735639.7482031295,620091.1903058118,-111.248703,30U,-0.007,-0.007,-0.009,0.012073065825765688,-0.005343154433043347,1.559150631649975
1417777879968546,51.7587596878,-1.2599636068,111.250282,5735639.747075184,620091.1892002913,-111.250282,30U,-0.007,-0.008,-0.01,0.01207943165066762,-0.0053478569574228,1.5591555145628595
1417777880075268,51.7587596801,-1.2599636195,111.251511,5735639.746197984,620091.1883442758,-111.251511,30U,-0.007,-0.007,-0.011,0.012090094303400366,-0.005346756958425743,1.5591621455661064
1417777880181990,51.7587596775,-1.2599636237,111.251938,5735639.745901932,620091.1880613262,-111.251938,30U,-0.007,-0.007,-0.011,0.012087828478568183,-0.005342653787092741,1.5591625683494283
1417777880288706,51.758759677,-1.259963623,111.252174,5735639.74584748,620091.1881109609,-111.252174,30U,-0.006,-0.007,-0.011,0.012081605695615758,-0.005344322782624571,1.5591684943042348
1417777880395344,51.7587596773,-1.2599636228,111.25238,5735639.745881172,620091.1881239676,-111.25238,30U,-0.006,-0.007,-0.011,0.012090899999742964,-0.005342760130004066,1.5591689569578584
1417777880499139,51.7587596778,-1.2599636229,111.252594,5735639.74593661,620091.1881157387,-111.252594,30U,-0.006,-0.007,-0.012,0.012089665825069002,-0.005343711392042268,1.5591601310041092
1417777880590615,51.7587596787,-1.2599636233,111.252792,5735639.746036038,620091.1880857466,-111.252792,30U,-0.005,-0.007,-0.011,0.012090100000155046,-0.005348194303387271,1.5591606430418241
1417777880682090,51.7587596798,-1.2599636234,111.253029,5735639.746158199,620091.1880759267,-111.253029,30U,-0.006,-0.007,-0.012,0.012084300000524633,-0.005347499999193523,1.5591701000001654
1417777880788769,51.7587596743,-1.259963634,111.254318,5735639.745529112,620091.1873589981,-111.254318,30U,-0.006,-0.007,-0.013,0.01209718291277878,-0.00534614556609811,1.559178085436508
1417777880893544,51.7587596684,-1.259963644,111.255714,5735639.744856529,620091.1866845376,-111.255714,30U,-0.006,-0.007,-0.013,0.012100911391591975,-0.005348471521013683,1.5591824886089958
1417777880984998,51.7587596626,-1.2599636539,111.257111,5735639.744195229,620091.1860167128,-111.257111,30U,-0.006,-0.007,-0.014,0.01209268543666117,-0.005353977216244305,1.5591863537872317
1417777881076452,51.7587596567,-1.2599636637,111.258545,5735639.7435229765,620091.1853560548,-111.258545,30U,-0.006,-0.007,-0.014,0.012087239871513937,-0.005352296828948449,1.5591866715209313
1417777881167862,51.7587596516,-1.2599636735,111.259926,5735639.742939687,620091.1846932737,-111.259926,30U,-0.003,-0.007,-0.012,0.012096212038475773,-0.005344326540318451,1.5591920423964587
1417777881259269,51.7587596511,-1.2599636842,111.261093,5735639.742866466,620091.1839561765,-111.261093,30U,0.006,-0.006,-0.008,0.012100679741021676,-0.005142215089904273,1.5591903854367173
1417777881362113,51.7587596652,-1.2599636944,111.261719,5735639.7444176795,620091.183214847,-111.261719,30U,0.03,-0.007,-0.003,0.012057164532376496,-0.004738045388456847,1.5591712651784835
1417777881468769,51.7587597095,-1.2599637048,111.262093,5735639.749326994,620091.1823795824,-111.262093,30U,0.07,-0.007,-0.005,0.01197644932369443,-0.0041490479127824905,1.5591545107454667
1417777881575409,51.7587597893,-1.2599637148,111.263046,5735639.758184792,620091.1814777298,-111.263046,30U,0.109,-0.007,-0.013,0.011865429711882576,-0.0038469151493029856,1.5591198164413331
1417777881682047,51.7587599052,-1.2599637252,111.264671,5735639.771056478,620091.1804524851,-111.264671,30U,0.148,-0.007,-0.018,0.01184689999976377,-0.0038775999993031244,1.5590629999999186
1417777881788726,51.7587600555,-1.2599637391,111.26651,5735639.787747898,620091.1790944245,-111.26651,30U,0.187,-0.01,-0.015,0.011896346858224839,-0.003917887961516344,1.5590301430422857
1417777881895403,51.7587602394,-1.2599637556,111.268227,5735639.80817157,620091.1774677804,-111.268227,30U,0.224,-0.011,-0.018,0.012002513976495934,-0.003923039285095642,1.5590644430416347
1417777882002070,51.7587604581,-1.2599637706,111.270226,5735639.832467691,620091.1758523176,-111.270226,30U,0.265,-0.008,-0.019,0.011856843568118048,-0.004053351907830711,1.5590308721082022
1417777882104927,51.7587607194,-1.2599637811,111.271881,5735639.861508611,620091.1744343732,-111.271881,30U,0.32,-0.007,-0.013,0.011742377157926307,-0.0038582821471086657,1.5588950771567047
1417777882196352,51.7587610375,-1.2599637945,111.272919,5735639.896861274,620091.1726655848,-111.272919,30U,0.391,-0.011,-0.008,0.01156364738608226,-0.0033395371077255542,1.5588125651786815
1417777882287777,51.7587614263,-1.2599638176,111.273872,5735639.9400602495,620091.1700397917,-111.273872,30U,0.477,-0.015,-0.009,0.011390997475668853,-0.002714272575076686,1.5588299905459333
1417777882379205,51.7587618961,-1.2599638444,111.275284,5735639.992260844,620091.166943734,-111.275284,30U,0.572,-0.017,-0.017,0.011481961362438385,-0.0024137360530791406,1.5589446842049752
1417777882470633,51.758762454,-1.2599638655,111.277069,5735640.054268103,620091.1640072805,-111.277069,30U,0.673,-0.012,-0.016,0.011572267176304109,-0.0023801284799495987,1.5587235985891121
1417777882575395,51.758763107,-1.259963889,111.27877,5735640.126847128,620091.160652865,-111.27877,30U,0.782,-0.018,-0.016,0.01156157398554544,-0.0024219278920590576,1.5584837828536988
1417777882682062,51.758763858,-1.2599639198,111.280502,5735640.2103123525,620091.1565346355,-111.280502,30U,0.89,-0.023,-0.019,0.011547800000677675,-0.002503200000398848,1.5585354999997991
1417777882773479,51.7587647059,-1.2599639561,111.282547,5735640.30454441,620091.1517797323,-111.282547,30U,1.0,-0.02,-0.023,0.011114626361870071,-0.002666926660193364,1.5585805974157336
1417777882864896,51.758765656,-1.2599639877,111.285042,5735640.410149493,620091.1470780097,-111.285042,30U,1.117,-0.02,-0.024,0.010706118201253187,-0.0030687982412361276,1.5583841271277703
1417777882968706,51.7587667137,-1.2599640207,111.28759,5735640.52771807,620091.1419941697,-111.28759,30U,1.239,-0.021,-0.023,0.009845092008412302,-0.003577257783065874,1.5581517378730445
1417777883075374,51.7587678838,-1.2599640541,111.289207,5735640.657785576,620091.1365844873,-111.289207,30U,1.365,-0.024,-0.008,0.009151070636542831,-0.0034796092154480355,1.557913675865408
1417777883182038,51.758769167,-1.2599640913,111.289505,5735640.80042426,620091.1306124666,-111.289505,30U,1.49,-0.025,-0.001,0.008434363061412908,-0.0021798550706772814,1.557751833470055
1417777883288702,51.75877056,-1.2599641318,111.290382,5735640.955267963,620091.1241213682,-111.290382,30U,1.611,-0.027,-0.02,0.0075163047515859225,-0.0007361616502725004,1.5574351429222657
1417777883395391,51.7587720627,-1.2599641778,111.293777,5735641.122301941,620091.1169596334,-111.293777,30U,1.736,-0.035,-0.043,0.00689866623264545,-0.0007339584897417814,1.5572084018793757
1417777883502081,51.7587736808,-1.25996424,111.298073,5735641.302142453,620091.1083737133,-111.298073,30U,1.866,-0.046,-0.04,0.006476698529169495,-0.0015598275450566794,1.5572822462730809
1417777883608772,51.7587754145,-1.2599643054,111.301628,5735641.494833145,620091.099260229,-111.301628,30U,1.994,-0.043,-0.031,0.006878336997056046,-0.002070435526109107,1.557161831531216
1417777883707120,51.7587772646,-1.2599643665,111.304428,5735641.700475332,620091.0901346431,-111.304428,30U,2.122,-0.042,-0.026,0.0070509000005446795,-0.002022900000401177,1.556664400000618
1417777883787111,51.7587792297,-1.259964436,111.306831,5735641.918892414,620091.0801242247,-111.306831,30U,2.252,-0.047,-0.021,0.006837025954251234,-0.001569219313605306,1.5565248500290854
1417777883867103,51.7587813109,-1.2599645105,111.308899,5735642.150212317,620091.0694606933,-111.308899,30U,2.382,-0.051,-0.019,0.006365972694667996,-0.0006431826744164582,1.5566482728127546
1417777883968749,51.7587835111,-1.259964586,111.311066,5735642.394764122,620091.0584124005,-111.311066,30U,2.515,-0.052,-0.019,0.006715431947516249,-0.0004428278926584249,1.5564511023458196
1417777884075392,51.7587858327,-1.2599646664,111.311684,5735642.652808306,620091.046703835,-111.311684,30U,2.651,-0.057,0.012,0.007147513509376269,-9.02267103080363e-05,1.5558814928339608
1417777884182055,51.7587882772,-1.2599647512,111.309219,5735642.924512499,620091.0343655205,-111.309219,30U,2.787,-0.056,0.026,0.00710582371790647,0.0018985210922065027,1.5555371036980126
1417777884287767,51.7587908412,-1.2599648326,111.308159,5735643.209511447,620091.0219447687,-111.308159,30U,2.923,-0.052,0.002,0.006346963648814081,0.0034695705266495234,1.5552389625356937
1417777884379206,51.7587935279,-1.2599649233,111.309135,5735643.5081400955,620091.0085566436,-111.309135,30U,3.055,-0.071,-0.033,0.00619418321063187,0.0038263320573192075,1.5549811183205429
1417777884470645,51.7587963319,-1.2599650342,111.314568,5735643.819779981,620090.9934632477,-111.314568,30U,3.188,-0.076,-0.059,0.006403277803668423,0.002394590775550461,1.5547748941850057
1417777884575206,51.7587992577,-1.259965141,111.319496,5735644.144971549,620090.9783296196,-111.319496,30U,3.324,-0.072,-0.041,0.006348692425363448,0.0020986849105097583,1.554376342276051
1417777884681641,51.7588023044,-1.2599652478,111.323326,5735644.483607959,620090.9628752022,-111.323326,30U,3.455,-0.074,-0.034,0.005853500000352079,0.0015762000005494236,1.5541174999996035
1417777884788362,51.7588054683,-1.2599653521,111.326408,5735644.835281866,620090.9472823391,-111.326408,30U,3.589,-0.064,-0.037,0.004268626362682725,0.0013445339963026486,1.5535842301190004
1417777884893177,51.7588087506,-1.2599654617,111.33007,5735645.200113872,620090.9310095594,-111.33007,30U,3.717,-0.09,-0.028,0.004436213329499497,0.0011363166790519768,1.5530835404566241
1417777884984652,51.7588121493,-1.2599656069,111.33242,5735645.577831674,620090.9119711198,-111.33242,30U,3.847,-0.101,-0.02,0.0054586495123709455,0.0018937920178784687,1.552973560010358
1417777885076127,51.7588156624,-1.2599657533,111.335526,5735645.968269505,620090.8925463241,-111.335526,30U,3.973,-0.1,-0.036,0.008118029909930753,0.0021593531417397095,1.5523908269489748
1417777885181895,51.7588192893,-1.2599659087,111.33847,5735646.3713477915,620090.8721984739,-111.33847,30U,4.097,-0.112,-0.022,0.009699699055025603,0.0020102115701855798,1.551894787257369
1417777885287662,51.7588230263,-1.2599660611,111.340996,5735646.786674835,620090.8517655248,-111.340996,30U,4.224,-0.089,-0.018,0.008358939045251066,0.0023605767501447147,1.5514853890154854
1417777885379132,51.7588268741,-1.2599661868,111.343567,5735647.214367501,620090.8328811899,-111.343567,30U,4.341,-0.091,-0.036,0.007957957714771844,0.002752153260503166,1.5507626086283093
1417777885470602,51.7588308281,-1.2599663407,111.346611,5735647.653823843,620090.8117689458,-111.346611,30U,4.458,-0.116,-0.019,0.0056105648711280865,0.0037176262023167835,1.5504628316509133
1417777885575367,51.758834886,-1.2599665132,111.349922,5735648.104803897,620090.7890974075,-111.349922,30U,4.573,-0.118,-0.05,0.004678542812019755,0.005628316272865588,1.5505990038169313
1417777885682030,51.7588390486,-1.2599666907,111.355713,5735648.567419018,620090.765803007,-111.355713,30U,4.69,-0.13,-0.049,0.0068658000003329975,0.005090600000186804,1.550368300000484
1417777885788432,51.7588433131,-1.2599668926,111.359695,5735649.041325884,620090.740554352,-111.359695,30U,4.802,-0.136,-0.037,0.007757455197873945,0.0048673176745300094,1.5498503016408802
1417777885892967,51.7588476788,-1.2599670846,111.362999,5735649.526503132,620090.7157203916,-111.362999,30U,4.916,-0.13,-0.028,0.009506132076894734,0.005722578221056149,1.5491893757450845
1417777885984442,51.7588521446,-1.2599672854,111.366333,5735650.02279764,620090.6900135324,-111.366333,30U,5.021,-0.148,-0.046,0.011725817266289204,0.006463597007445219,1.5487615961231247
1417777886075916,51.7588567033,-1.2599674912,111.373375,5735650.529414985,620090.663715121,-111.373375,30U,5.125,-0.128,-0.084,0.009975417485497311,0.005275762823524912,1.5480419204881928
1417777886181684,51.7588613585,-1.2599676678,111.381462,5735651.046811817,620090.6391757941,-111.381462,30U,5.235,-0.127,-0.068,0.009059546570641912,0.004217050965243106,1.5469230933608757
1417777886287451,51.7588661077,-1.2599678877,111.387054,5735651.574590747,620090.611398862,-111.387054,30U,5.338,-0.164,-0.047,0.008311586779114597,0.004054097067428204,1.546560579036496
1417777886378926,51.7588709489,-1.2599681335,111.392448,5735652.112558013,620090.5815904278,-111.392448,30U,5.439,-0.167,-0.056,0.008765576350790828,0.004066417088309303,1.5463454890751633
1417777886470400,51.7588758827,-1.2599683856,111.397629,5735652.660812607,620090.5511015241,-111.397629,30U,5.541,-0.178,-0.049,0.012481350516170478,0.0037890777443813305,1.5457382307064722
1417777886575215,51.7588809052,-1.2599686549,111.402916,5735653.218902882,620090.5191902758,-111.402916,30U,5.636,-0.188,-0.052,0.014631727195693061,0.0036294078720496147,1.54488045225721
1417777886681935,51.7588860171,-1.2599689248,111.407433,5735653.7869340135,620090.4870004128,-111.407433,30U,5.737,-0.188,-0.038,0.017638499999275643,0.005151699999693762,1.544334599999578
1417777886788655,51.7588912144,-1.2599692111,111.412285,5735654.364435161,620090.4534521711,-111.412285,30U,5.832,-0.194,-0.051,0.018105530229554474,0.006389978866007124,1.5441500240152755
1417777886893459,51.7588964981,-1.2599694777,111.418152,5735654.95157697,620090.421034205,-111.418152,30U,5.929,-0.174,-0.06,0.016843934532379336,0.006777989782150151,1.5438757575451525
1417777886984850,51.7589018686,-1.2599697468,111.423531,5735655.548367374,620090.3882134042,-111.423531,30U,6.022,-0.199,-0.05,0.01776569359820968,0.007137505815879943,1.5441126837972319
1417777887076240,51.75890732,-1.2599700444,111.431137,5735656.15410744,620090.3532111268,-111.431137,30U,6.112,-0.203,-0.092,0.01657679758564306,0.006466267226810418,1.54509249853886
1417777887181884,51.7589128515,-1.259970322,111.439957,5735656.768788064,620090.3193765446,-111.439957,30U,6.197,-0.185,-0.093,0.017389742285860717,0.0056545958856537544,1.5459770894935645
1417777887288484,51.7589184572,-1.2599705957,111.449196,5735657.391726619,620090.2856142329,-111.449196,30U,6.281,-0.186,-0.085,0.01746815578574118,0.005226399294063651,1.54654309072569
1417777887395177,51.7589241378,-1.25997087,111.457108,5735658.02299354,620090.2516117799,-111.457108,30U,6.364,-0.191,-0.071,0.017948081908287804,0.004986773926947995,1.5472494294236523
1417777887496873,51.7589298921,-1.2599711365,111.463463,5735658.662469209,620090.2179520663,-111.463463,30U,6.443,-0.172,-0.061,0.01702313235615021,0.004912411271684231,1.5477304335889537
1417777887576913,51.7589357183,-1.2599713891,111.470032,5735659.309963503,620090.1850608373,-111.470032,30U,6.522,-0.179,-0.071,0.01779322683911165,0.004371127535542396,1.5478734051685294
1417777887656953,51.7589416158,-1.2599716611,111.477592,5735659.965354861,620090.1506416084,-111.477592,30U,6.601,-0.194,-0.078,0.01824819999981449,0.003306999999131468,1.548120000000122
1417777887755335,51.7589475823,-1.2599719356,111.484512,5735660.62841534,620090.1158667739,-111.484512,30U,6.679,-0.181,-0.07,0.01804768485022347,0.0035870880812970273,1.5478867851994238
1417777887862055,51.7589536187,-1.2599722045,111.491852,5735661.299258362,620090.0812929355,-111.491852,30U,6.756,-0.191,-0.069,0.018326565009212346,0.003674597654298913,1.5472565758051742
1417777887968691,51.7589597245,-1.2599724958,111.497704,5735661.97778222,620090.0449891072,-111.497704,30U,6.832,-0.207,-0.048,0.018863441979233782,0.0043060659440660315,1.5469588770977831
1417777888075307,51.7589658968,-1.2599727947,111.502663,5735662.6636887835,620090.0079843496,-111.502663,30U,6.901,-0.204,-0.063,0.01814344039708268,0.004627963419879042,1.5464162554271432
1417777888181971,51.7589721314,-1.2599730923,111.509521,5735663.356525643,620089.9709040066,-111.509521,30U,6.974,-0.208,-0.066,0.018126395834493613,0.00542345303163296,1.5455138452088097
1417777888288637,51.7589784277,-1.2599734126,111.517746,5735664.056186551,620089.9320934006,-111.517746,30U,7.042,-0.226,-0.09,0.018462869343778852,0.005596671631403191,1.5447117345229866
1417777888395294,51.7589847869,-1.2599737439,111.526161,5735664.762824229,620089.8923567814,-111.526161,30U,7.113,-0.227,-0.061,0.018486078747879837,0.005343080863924717,1.5439883725746508
1417777888499043,51.7589912096,-1.2599740774,111.532867,5735665.4765198855,620089.8522998549,-111.532867,30U,7.179,-0.232,-0.091,0.018889260308481964,0.006146596770179001,1.5432695358147706
1417777888590196,51.7589976915,-1.2599744235,111.542717,5735666.196778209,620089.8112163134,-111.542717,30U,7.246,-0.242,-0.098,0.019890225019799052,0.005422774801921623,1.5426615940659016
1417777888681348,51.7590042342,-1.259974778,111.551193,5735666.923784047,620089.7693917592,-111.551193,30U,7.312,-0.245,-0.072,0.020001999999639197,0.005085099999965531,1.5418731000008248
1417777888788068,51.7590108332,-1.2599751398,111.5597,5735667.65703878,620089.7269140459,-111.5597,30U,7.377,-0.258,-0.091,0.021585624075811903,0.005462461889161284,1.5410909307663567
1417777888892881,51.7590174908,-1.2599755178,111.56871,5735668.396783531,620089.683162871,-111.56871,30U,7.44,-0.258,-0.104,0.022260722097493725,0.00531200592411011,1.5404498402181148
1417777888984356,51.7590242066,-1.259975916,111.576973,5735669.142967227,620089.6378632517,-111.576973,30U,7.505,-0.285,-0.066,0.025605019452873086,0.005095545278921259,1.5399751593632398
1417777889075830,51.7590309764,-1.2599763322,111.585144,5735669.895126428,620089.5911781588,-111.585144,30U,7.57,-0.289,-0.074,0.027782320436648265,0.006424567603900942,1.5393587757465035
1417777889167304,51.759037801,-1.2599767437,111.594139,5735670.653387474,620089.5446720205,-111.594139,30U,7.625,-0.284,-0.101,0.02899209506907426,0.007438814324930916,1.5383623844331262
1417777889258778,51.7590446782,-1.2599771668,111.603737,5735671.417478875,620089.4972257946,-111.603737,30U,7.683,-0.297,-0.083,0.030224653438995296,0.0068699864308526355,1.5375301686380851
1417777889361686,51.7590516067,-1.2599776115,111.612495,5735672.187239593,620089.4481528194,-111.612495,30U,7.734,-0.31,-0.117,0.029586184900633805,0.00564200080611853,1.5367816579525782
1417777889468405,51.7590585793,-1.2599780654,111.627876,5735672.961889364,620089.3983279365,-111.627876,30U,7.784,-0.311,-0.13,0.027724715855158167,0.0010805033900597252,1.5359612731615957
1417777889575048,51.7590656023,-1.2599785265,111.638405,5735673.742132075,620089.3478724537,-111.638405,30U,7.843,-0.324,-0.061,0.02862865496969931,0.0009706991347818385,1.5349775888365205
1417777889681680,51.7590726735,-1.2599790116,111.644356,5735674.527695418,620089.2956328212,-111.644356,30U,7.896,-0.343,-0.046,0.03097240000015724,0.0036739000008183297,1.5336725000003886
1417777889788298,51.7590797918,-1.2599795151,111.648018,5735675.31846628,620089.241998422,-111.648018,30U,7.945,-0.349,-0.041,0.035105173010880196,0.006538445227269522,1.5319227758557483
1417777889894928,51.7590869541,-1.2599800394,111.655403,5735676.114095973,620089.1868118544,-111.655403,30U,7.993,-0.373,-0.104,0.03746524685836358,0.006206666343003543,1.5297256124351644
1417777890001647,51.7590941586,-1.2599805955,111.667694,5735676.914366212,620089.1293187749,-111.667694,30U,8.043,-0.393,-0.111,0.038280599065751444,0.004227021551294206,1.527759847435418
1417777890104555,51.7591014069,-1.2599811793,111.678612,5735677.719461679,620089.0697978837,-111.678612,30U,8.091,-0.411,-0.103,0.038823124443085784,0.00438585085385954,1.5260216449107928
1417777890196028,51.7591086988,-1.2599817967,111.687935,5735678.529350419,620089.0078425483,-111.687935,30U,8.137,-0.441,-0.083,0.04203431593334189,0.004949431769843536,1.5240958328136767
1417777890287502,51.7591160269,-1.2599824506,111.695854,5735679.343204727,620088.9432722721,-111.695854,30U,8.171,-0.451,-0.092,0.04227590028768058,0.004884503638459083,1.5218125167210819
1417777890378976,51.7591233849,-1.2599831044,111.706093,5735680.16038427,620088.878629574,-111.706093,30U,8.201,-0.449,-0.127,0.03915517285331216,0.004357131759469274,1.5189831742655349
1417777890470450,51.7591307737,-1.2599837757,111.717308,5735680.980960156,620088.8126974739,-111.717308,30U,8.235,-0.483,-0.104,0.04052336425355484,0.0033915533700982392,1.5162428464327642
1417777890575264,51.7591381891,-1.2599845127,111.725243,5735681.80438595,620088.7421607882,-111.725243,30U,8.263,-0.524,-0.075,0.036915162268052644,0.0039886472763289525,1.5133937427345987
1417777890681983,51.759145629,-1.2599852593,111.733978,5735682.630520494,620088.6708966054,-111.733978,30U,8.29,-0.517,-0.099,0.036201199999842996,0.00466940000072629,1.510207200000534
1417777890773457,51.7591530903,-1.25998605,111.744576,5735683.458962238,620088.5965322739,-111.744576,30U,8.319,-0.572,-0.083,0.038144227862385305,0.002848099692277339,1.5067681684492653
1417777890864930,51.7591605658,-1.2599869187,111.754684,5735684.288854686,620088.5167474282,-111.754684,30U,8.324,-0.614,-0.126,0.04049439202708184,-0.00040512585389819184,1.503600370855054
1417777890968734,51.7591680556,-1.2599878077,111.766891,5735685.120303955,620088.4355237356,-111.766891,30U,8.343,-0.629,-0.098,0.04466973436351653,-0.0028674557252945138,1.4997798979238843
1417777891075383,51.7591755616,-1.2599887462,111.773689,5735685.953473266,620088.3508410384,-111.773689,30U,8.362,-0.667,-0.025,0.04589635156983193,-0.0005338235793269266,1.4960604423774015
1417777891181930,51.7591830838,-1.2599897366,111.774307,5735686.788358665,620088.2625337106,-111.774307,30U,8.375,-0.703,-0.017,0.04924432914392534,0.004959957981462006,1.492885296929586
1417777891288479,51.7591906132,-1.2599907895,111.779366,5735687.62394184,620088.1698941197,-111.779366,30U,8.384,-0.738,-0.084,0.05228589091306419,0.0066441424557820905,1.4898583151889784
1417777891395182,51.7591981533,-1.2599918754,111.791061,5735688.460660587,620088.0749488017,-111.791061,30U,8.401,-0.754,-0.145,0.05331195930413262,0.004812783420409484,1.486213435856246
1417777891501887,51.7592057087,-1.2599929911,111.806923,5735689.299031728,620087.9779063872,-111.806923,30U,8.419,-0.784,-0.146,0.0543186060622386,-0.0008304270454883345,1.4824668372075451
1417777891608607,51.7592132782,-1.2599941602,111.818848,5735690.138882952,620087.8771414048,-111.818848,30U,8.432,-0.827,-0.099,0.05522041368819476,-0.00442505027690757,1.47899366146247
1417777891706972,51.7592208641,-1.2599953781,111.827065,5735690.98047761,620087.7729652042,-111.827065,30U,8.454,-0.849,-0.045,0.05423700000085441,-0.0062050000003721776,1.4756347000008136
1417777891786957,51.7592284686,-1.2599966189,111.828117,5735691.8241030015,620087.66715933,-111.828117,30U,8.475,-0.867,0.023,0.049948592933386236,-0.004622238211097737,1.4719967285189455
1417777891866942,51.7592360867,-1.2599979018,111.827194,5735692.669171482,620087.5584120417,-111.827194,30U,8.486,-0.902,-0.01,0.05011323377744433,-0.001301590944983516,1.4689499286397305
1417777891968648,51.7592437193,-1.2599992435,111.828865,5735693.515755639,620087.4455684732,-111.828865,30U,8.5,-0.945,-0.04,0.05133816734666081,0.0008875922560472056,1.4657365904677981
1417777892075367,51.7592513684,-1.2600006313,111.833496,5735694.364098796,620087.3294997567,-111.833496,30U,8.521,-0.96,-0.047,0.04868810074681062,0.0016123888475748237,1.4622203758458467
1417777892182032,51.7592590326,-1.2600020322,111.842567,5735695.214099603,620087.2124869643,-111.842567,30U,8.536,-0.981,-0.112,0.04745863811101707,-0.000288726847607035,1.4585751398515916
1417777892287735,51.7592667076,-1.2600035048,111.852264,5735696.0651833825,620087.0904974747,-111.852264,30U,8.549,-1.041,-0.094,0.04666644103497178,-0.0020538000686967095,1.4558664915319615
1417777892379075,51.7592743939,-1.2600050332,111.859772,5735696.91743192,620086.964627235,-111.859772,30U,8.559,-1.058,-0.055,0.04606681997052399,-0.002749718320247782,1.4538656062124096
1417777892470416,51.7592820884,-1.2600065687,111.864571,5735697.77058066,620086.8382452952,-111.864571,30U,8.564,-1.064,-0.037,0.04683690658030518,-0.002339453429888226,1.451503727525183
1417777892575212,51.7592897863,-1.2600081304,111.868309,5735698.624064368,620086.7100462875,-111.868309,30U,8.565,-1.09,-0.048,0.0463383034590495,-0.0012495003472926592,1.4490713997519271
1417777892681931,51.7592974848,-1.26000972,111.873299,5735699.477568864,620086.5799203233,-111.873299,30U,8.565,-1.103,-0.054,0.044968899999199806,-0.000979899999216882,1.4470520999992538
1417777892788571,51.7593051839,-1.2600113345,111.880135,5735700.331099087,620086.448074435,-111.880135,30U,8.57,-1.13,-0.08,0.04740236918462497,-0.0030070178722441713,1.445410979145343
1417777892893313,51.7593128812,-1.2600129912,111.887413,5735701.18435966,620086.3133211076,-111.887413,30U,8.563,-1.15,-0.065,0.047821048558635795,-0.005932170824596137,1.4437600638178292
1417777892984772,51.75932058,-1.2600146583,111.89283,5735702.037769921,620086.177846125,-111.89283,30U,8.569,-1.147,-0.053,0.04610829863824081,-0.005506505923843171,1.4419442392146185
1417777893076231,51.7593282803,-1.260016324,111.894646,5735702.891349302,620086.0424638153,-111.894646,30U,8.558,-1.161,0.018,0.04433472717689439,-0.001935615648176628,1.440422369870296
1417777893181966,51.7593359633,-1.2600180196,111.895889,5735703.742955587,620085.9050640258,-111.895889,30U,8.533,-1.185,-0.053,0.04450101856835412,0.0012144733991115673,1.4397313143242072
1417777893287700,51.7593436131,-1.2600197481,111.903282,5735704.590815653,620085.7654819132,-111.903282,30U,8.497,-1.185,-0.086,0.04244063938504891,0.0004562618891332307,1.4391043706364652
1417777893379132,51.7593512282,-1.2600214393,111.914536,5735705.43487828,620085.6285660043,-111.914536,30U,8.452,-1.153,-0.131,0.039392319831946035,-0.0010552643635155482,1.4376819999314572
1417777893470564,51.7593588042,-1.2600231168,111.926285,5735706.274615301,620085.4926993225,-111.926285,30U,8.41,-1.175,-0.071,0.03667796557720568,-0.0025708455064542297,1.4362620383393223
1417777893575354,51.7593663368,-1.2600248285,111.934906,5735707.109469661,620085.354587667,-111.934906,30U,8.362,-1.179,-0.101,0.03393890785369279,-0.0033015930214686665,1.4356366402191725
1417777893682053,51.7593738323,-1.2600265241,111.943092,5735707.94022478,620085.2176855557,-111.943092,30U,8.317,-1.171,-0.08,0.033590099999609276,-0.004075899999696797,1.434675499999631
1417777893788624,51.7593812868,-1.2600282314,111.950226,5735708.766401179,620085.0800848422,-111.950226,30U,8.273,-1.185,-0.069,0.03437697769432161,-0.004879491311156084,1.4335684117404424
1417777893893301,51.759388701,-1.2600299532,111.95491,5735709.588072092,620084.9415904399,-111.95491,30U,8.231,-1.189,-0.038,0.03367146704862439,-0.003978091659403243,1.4332837209649854
1417777893984728,51.75939608,-1.2600316586,111.960701,5735710.40585555,620084.8043212425,-111.960701,30U,8.194,-1.168,-0.058,0.03285003370746086,-0.004412218150243998,1.4333222955968128
1417777894076155,51.7594034279,-1.2600333584,111.96579,5735711.220189718,620084.6675210574,-111.96579,30U,8.162,-1.179,-0.052,0.0336072136877087,-0.005549855437910483,1.4336763830910826
1417777894181858,51.759410747,-1.2600350589,111.972946,5735712.031319993,620084.5307490164,-111.972946,30U,8.135,-1.164,-0.062,0.03235306239575197,-0.008078974293286441,1.433957136052936
1417777894287562,51.7594180461,-1.2600367228,111.979126,5735712.8402864095,620084.3965558613,-111.979126,30U,8.109,-1.137,-0.051,0.03096931227534568,-0.01054616536741649,1.4338217916599296
1417777894379003,51.7594253323,-1.260038385,111.980751,5735713.647821066,620084.2625142874,-111.980751,30U,8.102,-1.155,-0.008,0.030364617147808595,-0.010851581561221908,1.4341229458050804
1417777894470443,51.7594326102,-1.2600400644,111.979515,5735714.454404395,620084.1273077887,-111.979515,30U,8.096,-1.156,0.015,0.030566777991040607,-0.008439494055397078,1.4351398314220514
1417777894575252,51.7594398856,-1.2600417295,111.978699,5735715.260733257,620083.9930948092,-111.978699,30U,8.094,-1.15,0.031,0.03266259284198581,-0.007237954184833295,1.435966211162451
1417777894681970,51.7594471583,-1.26004338,111.977089,5735716.066785906,620083.8598965823,-111.977089,30U,8.09,-1.131,-0.005,0.03186079999981826,-0.006345700000765038,1.4365828000002367
1417777894788608,51.7594544262,-1.2600450121,111.981201,5735716.872335063,620083.7279809173,-111.981201,30U,8.091,-1.126,-0.06,0.029351821074639708,-0.00872040595391353,1.4373096333595856
1417777894893346,51.7594616932,-1.2600466425,111.985374,5735717.677786938,620083.5961849932,-111.985374,30U,8.083,-1.131,-0.026,0.030126218677343924,-0.011127125785144982,1.438621568179895
1417777894984793,51.7594689579,-1.2600482715,111.987259,5735718.482985347,620083.4644918197,-111.987259,30U,8.086,-1.116,-0.01,0.0317344351984048,-0.011339078330397068,1.4396465103972638
1417777895076241,51.7594762262,-1.2600498831,111.986992,5735719.28861275,620083.3339899105,-111.986992,30U,8.09,-1.103,0.024,0.03334204297305718,-0.01124270845905708,1.4401899805073592
1417777895181950,51.759483497,-1.260051466,111.984138,5735720.094565429,620083.2054620017,-111.984138,30U,8.088,-1.085,0.008,0.031002322544445314,-0.011830219214405368,1.4404866805670231
1417777895288606,51.7594907636,-1.2600530484,111.9841,5735720.900051868,620083.0769797746,-111.9841,30U,8.086,-1.098,0.005,0.03126584404512675,-0.014600994551596686,1.4414644422865788
1417777895395195,51.7594980285,-1.260054646,111.983582,5735721.7053242335,620082.9474531331,-111.983582,30U,8.086,-1.1,0.024,0.03205194656057844,-0.016498293021463547,1.442645418090993
1417777895496804,51.7595052962,-1.2600562229,111.980385,5735722.510942061,620082.8193476107,-111.980385,30U,8.092,-1.076,0.042,0.03270497787314584,-0.017790054731121423,1.443259500765127
1417777895576837,51.759512568,-1.2600577756,111.974022,5735723.317055685,620082.6929012949,-111.974022,30U,8.092,-1.071,0.073,0.03391948197783493,-0.017661147028621038,1.4437169704081403
1417777895656869,51.7595198404,-1.2600593276,111.968094,5735724.123237191,620082.5665017267,-111.968094,30U,8.094,-1.064,0.059,0.032838499999295695,-0.017439200000269734,1.4444124999993015
1417777895755222,51.7595271151,-1.2600608641,111.960754,5735724.929699993,620082.4411657499,-111.960754,30U,8.096,-1.063,0.082,0.032978076978053335,-0.016306264114735992,1.445084891490043
1417777895861902,51.7595343902,-1.2600624036,111.953598,5735725.7362023415,620082.3156217119,-111.953598,30U,8.096,-1.057,0.059,0.03136929400689307,-0.015414032644382623,1.4464162404663246
1417777895968571,51.7595416677,-1.2600639299,111.948311,5735726.542993323,620082.1909822751,-111.948311,30U,8.098,-1.05,0.045,0.0336141304956022,-0.015251061837817926,1.448234588677753
1417777896075237,51.7595489464,-1.2600654504,111.943703,5735727.349927305,620082.0667399471,-111.943703,30U,8.101,-1.043,0.042,0.03347394913550453,-0.015137339283462727,1.4502576419966025
1417777896181933,51.7595562288,-1.2600669271,111.939156,5735728.15734487,620081.9455104852,-111.939156,30U,8.106,-1.0,0.047,0.032720143101848266,-0.014839867287360321,1.45207019871688
1417777896288626,51.7595635139,-1.2600683701,111.935211,5735728.965118184,620081.8265995381,-111.935211,30U,8.111,-0.996,0.06,0.033273416907866775,-0.014464370696113357,1.4538934179223393
1417777896395243,51.7595708,-1.2600698082,111.931053,5735729.773010773,620081.7080241182,-111.931053,30U,8.112,-0.976,0.029,0.03117972917520211,-0.014250336639779418,1.4563454065294221
1417777896499021,51.7595780909,-1.2600712035,111.92672,5735730.581507626,620081.5923896324,-111.92672,30U,8.112,-0.958,0.042,0.031574739641807806,-0.013090710617328158,1.4584750350088136
1417777896590494,51.7595853829,-1.2600725908,111.923111,5735731.390139978,620081.4773043407,-111.923111,30U,8.114,-0.955,0.039,0.030559556005346083,-0.011634081909083707,1.4608516604366761
1417777896681966,51.7595926774,-1.2600739421,111.91967,5735732.199109629,620081.3646968137,-111.91967,30U,8.118,-0.919,0.028,0.031643999999790964,-0.01096369999916956,1.4630490999997638
1417777896788684,51.7595999717,-1.2600752752,111.917831,5735733.008087002,620081.2533458325,-111.917831,30U,8.117,-0.917,0.013,0.032650784960048446,-0.011656199183877234,1.4649639178630054
1417777896893475,51.7596072663,-1.2600765875,111.917892,5735733.817131989,620081.1434294957,-111.917892,30U,8.118,-0.899,-0.003,0.03449137023868875,-0.013491208996004733,1.466953896311138
1417777896984783,51.7596145638,-1.2600778769,111.916786,5735734.6265371805,620081.0350858266,-111.916786,30U,8.12,-0.878,0.024,0.033907571053403855,-0.0142555335286695,1.4688752684197914
1417777897076089,51.7596218624,-1.260079136,111.913467,5735735.43611459,620080.9288302747,-111.913467,30U,8.125,-0.856,0.037,0.03285805712740395,-0.01275234561619272,1.470708139234928
1417777897167548,51.7596291653,-1.2600803636,111.909706,5735736.246222054,620080.8247371626,-111.909706,30U,8.128,-0.838,0.048,0.03117273141195659,-0.011821734633095344,1.4724508759347086
1417777897259016,51.7596364695,-1.2600815767,111.905434,5735737.056497962,620080.7216412744,-111.905434,30U,8.128,-0.828,0.029,0.030860356967414588,-0.010728251143867405,1.4738890719379794
1417777897361888,51.7596437775,-1.2600827789,111.905548,5735737.867214405,620080.6192875396,-111.905548,30U,8.138,-0.833,-0.014,0.033977242305526165,-0.013258851460892394,1.47492139536743
1417777897468560,51.7596510917,-1.260083981,111.904831,5735738.678620492,620080.5169242809,-111.904831,30U,8.143,-0.825,0.019,0.03518707379728853,-0.01612729865712042,1.4757630744039985
1417777897575272,51.759658411,-1.2600851516,111.903236,5735739.4906456005,620080.416721336,-111.903236,30U,8.148,-0.799,0.023,0.03356761984119367,-0.016628275040441044,1.4765204142738593
1417777897681989,51.7596657403,-1.2600863124,111.898636,5735740.303798909,620080.3171681828,-111.898636,30U,8.159,-0.81,0.068,0.03513619999951893,-0.016022099999361973,1.4777042000007732
1417777897788707,51.7596730762,-1.260087497,111.89093,5735741.117646996,620080.2159551004,-111.89093,30U,8.168,-0.82,0.06,0.03868788872824171,-0.016958808766676076,1.4790900694727447
1417777897895420,51.7596804186,-1.2600886626,111.886391,5735741.932249208,620080.1160359902,-111.886391,30U,8.175,-0.782,0.037,0.03621851494185846,-0.020848504660404405,1.480016818618166
1417777898002095,51.7596877717,-1.2600897728,111.882256,5735742.748132545,620080.0199116747,-111.882256,30U,8.187,-0.76,0.066,0.031025980547033278,-0.02319847686855382,1.4807027029421767
1417777898104958,51.759695133,-1.2600908862,111.873283,5735743.56492251,620079.9235447937,-111.873283,30U,8.197,-0.782,0.131,0.030575100815235557,-0.021362940965320546,1.4821659247311545
1417777898196386,51.7597025031,-1.2600920112,111.859154,5735744.38267199,620079.8263540703,-111.859154,30U,8.206,-0.76,0.121,0.028308846075296955,-0.017256970508172223,1.4836541193839654
1417777898287814,51.7597098802,-1.2600930839,111.848579,5735745.201286028,620079.7327540262,-111.848579,30U,8.214,-0.724,0.095,0.026371925776051165,-0.014579571799163067,1.4840776158544944
1417777898379233,51.7597172613,-1.2600941507,111.841766,5735746.020354609,620079.6395505501,-111.841766,30U,8.215,-0.749,0.032,0.024531235915536756,-0.01239691943344308,1.4846219592540442
1417777898470652,51.759724648,-1.2600952299,111.838196,5735746.840025532,620079.5454765137,-111.838196,30U,8.221,-0.733,0.027,0.020598544553015866,-0.01186091350838209,1.4857602915510173
1417777898575445,51.7597320392,-1.2600962841,111.836021,5735747.660238046,620079.4531158111,-111.836021,30U,8.226,-0.731,0.021,0.019526612146790787,-0.01156185167092009,1.4865943655370266
1417777898682148,51.7597394336,-1.2600973486,111.83532,5735748.480789465,620079.3600358368,-111.83532,30U,8.231,-0.734,-0.005,0.01886700000046558,-0.011498700000225504,1.4874328999999193
1417777898773542,51.7597468332,-1.260098404,111.83477,5735749.30193414,620079.267570079,-111.83477,30U,8.24,-0.722,0.031,0.018033716063921904,-0.012073991014330196,1.4877363468584444
1417777898864937,51.759754239,-1.2600994362,111.832405,5735750.123806496,620079.1766889268,-111.832405,30U,8.243,-0.704,0.007,0.015014673449090143,-0.012245122196824382,1.487944872226308
1417777898968776,51.7597616488,-1.260100459,111.830917,5735750.946139156,620079.0864458759,-111.830917,30U,8.251,-0.716,0.012,0.01626557740587522,-0.011952533469653434,1.488330740049172
1417777899075487,51.7597690661,-1.2601015165,111.828941,5735751.769248733,620078.9937883008,-111.828941,30U,8.261,-0.732,0.03,0.017159705815251388,-0.011995970875011218,1.4891480053486048
1417777899182162,51.7597764882,-1.2601025561,111.825371,5735752.592921574,620078.9023532913,-111.825371,30U,8.257,-0.7,0.034,0.02018711858760741,-0.010775150905470028,1.4894839100393789
1417777899288833,51.759783909,-1.2601035856,111.823647,5735753.416466478,620078.811618753,-111.823647,30U,8.261,-0.715,-0.001,0.02255682814132766,-0.00823143574636791,1.4897046963609457
1417777899395481,51.7597913339,-1.2601046278,111.822273,5735754.240446421,620078.7199969304,-111.822273,30U,8.264,-0.71,0.014,0.0229052540859549,-0.006038615198890887,1.4903872129220663
1417777899502102,51.7597987616,-1.2601056522,111.82177,5735755.0647670515,620078.6295960785,-111.82177,30U,8.266,-0.713,-0.021,0.025274605178717383,-0.005001614213740948,1.4909733338263527
1417777899608609,51.7598061885,-1.2601066769,111.825943,5735755.888998224,620078.5391766673,-111.825943,30U,8.264,-0.699,-0.067,0.024317990248860548,-0.006404458438622251,1.491467443220458
1417777899706845,51.7598136183,-1.2601076796,111.831848,5735756.713588118,620078.450267802,-111.831848,30U,8.267,-0.695,-0.041,0.024574599999612663,-0.008287799999153102,1.4921799999994558
1417777899786883,51.75982105,-1.2601086886,111.835327,5735757.538378936,620078.3609191536,-111.835327,30U,8.276,-0.697,-0.025,0.026156337872282796,-0.008949937821910846,1.4935759436375338
1417777899866921,51.7598284863,-1.2601096866,111.836334,5735758.363699414,620078.2723174297,-111.836334,30U,8.278,-0.675,0.005,0.026603509353633356,-0.009714347266589048,1.4950597384688893
1417777899968636,51.7598359291,-1.2601106512,111.835579,5735759.189797727,620078.1860034114,-111.835579,30U,8.287,-0.66,0.013,0.02860597745468787,-0.008649951014050495,1.4959935287769133
1417777900075352,51.7598433793,-1.2601116079,111.834984,5735760.0167319765,620078.1002149577,-111.834984,30U,8.293,-0.655,0.004,0.02636596228619373,-0.007204166053901977,1.4969229472166754
1417777900182008,51.7598508375,-1.260112541,111.833778,5735760.844594734,620078.0160339319,-111.833778,30U,8.305,-0.645,0.005,0.025621149742186787,-0.006077737872830391,1.498020510636432
1417777900287709,51.7598583001,-1.2601134941,111.835602,5735761.672913874,620077.9304610533,-111.835602,30U,8.31,-0.657,-0.047,0.024358733687903332,-0.007308917574014023,1.4998100678319422
1417777900379160,51.759865771,-1.260114422,111.840057,5735762.502197518,620077.8466052213,-111.840057,30U,8.317,-0.622,-0.036,0.022121073509622204,-0.010760292385222378,1.5012491358243965
1417777900470611,51.7598732524,-1.2601153067,111.842278,5735763.332719956,620077.7657027753,-111.842278,30U,8.333,-0.619,-0.012,0.024322501759170674,-0.01240904739480263,1.5018802218486602
1417777900575219,51.7598807437,-1.2601161909,111.84214,5735764.164344163,620077.6848085865,-111.84214,30U,8.341,-0.594,0.015,0.024488062465048394,-0.012995197067351054,1.5022893435082172
1417777900681707,51.7598882427,-1.2601170477,111.837219,5735764.996869771,620077.6057848553,-111.837219,30U,8.35,-0.586,0.055,0.020086200000773633,-0.011090600000562155,1.5025642000008563
1417777900788425,51.7598957503,-1.2601179151,111.834297,5735765.830334305,620077.5260068199,-111.834297,30U,8.355,-0.612,0.016,0.021861199949535632,-0.011705111222840943,1.5038119745229517
1417777900893236,51.7599032645,-1.2601188141,111.83242,5735766.664480775,620077.4440305819,-111.83242,30U,8.371,-0.629,0.054,0.02261615486013465,-0.012403555953676006,1.505522651510558
1417777900984708,51.7599107848,-1.2601196869,111.832008,5735767.499348742,620077.3638462346,-111.832008,30U,8.379,-0.58,-0.02,0.02598038035698801,-0.013413792086108479,1.5068450324755067
1417777901076179,51.7599183175,-1.2601205287,111.829643,5735768.335646709,620077.2857683091,-111.829643,30U,8.383,-0.588,0.07,0.029487027485405642,-0.01320579164172533,1.5072838426341895
1417777901181943,51.7599258532,-1.2601213716,111.824501,5735769.172276486,620077.2076065302,-111.824501,30U,8.388,-0.562,0.022,0.023732434007456425,-0.00930235570629253,1.5084039587273017
1417777901287707,51.7599333965,-1.2601221603,111.821625,5735770.009840667,620077.1331649334,-111.821625,30U,8.405,-0.537,0.033,0.0202085747508789,-0.006452162465397485,1.50991588286266
1417777901379179,51.7599409456,-1.2601229703,111.819733,5735770.848014782,620077.0572380563,-111.819733,30U,8.398,-0.577,-0.014,0.020847049373458163,-0.006072017564933625,1.5122700788164685
1417777901470650,51.7599484965,-1.2601237691,111.824188,5735771.686407507,620076.982079329,-111.824188,30U,8.406,-0.512,-0.075,0.018416817962291013,-0.009146881052213236,1.514017726192086
1417777901575395,51.7599560585,-1.2601244793,111.830246,5735772.5261805,620076.9130054284,-111.830246,30U,8.419,-0.487,-0.034,0.01940901963199724,-0.01328168339914539,1.514203008926525
1417777901682035,51.7599636274,-1.2601252112,111.830612,5735773.366685089,620076.842415726,-111.830612,30U,8.424,-0.516,0.029,0.018873900000838377,-0.014820500000460127,1.5152188000003983
1417777901788678,51.7599711968,-1.2601259496,111.827057,5735774.207234582,620076.7713761481,-111.827057,30U,8.424,-0.497,0.045,0.018835115346560436,-0.01412023980082642,1.5167995632497981
1417777901893421,51.7599787703,-1.2601266744,111.820923,5735775.048262414,620076.7012642375,-111.820923,30U,8.429,-0.503,0.069,0.02148569989904609,-0.011599533926373253,1.5183537253182218
1417777901984870,51.7599863454,-1.2601273981,111.815193,5735775.88946999,620076.631224009,-111.815193,30U,8.433,-0.498,0.046,0.024730868120512485,-0.009914671103659444,1.519890020854264
1417777902076320,51.75999392,-1.2601280952,111.81208,5735776.730665755,620076.5630207773,-111.81208,30U,8.425,-0.467,0.015,0.025286709503082882,-0.008545627942599216,1.521243392255421
1417777902181864,51.7600014936,-1.2601287577,111.813232,5735777.571807286,620076.4972079465,-111.813232,30U,8.426,-0.452,-0.011,0.023182766402483724,-0.00791039412591487,1.5223934334183125
1417777902287409,51.7600090655,-1.2601294039,111.814758,5735778.412786604,620076.4325244969,-111.814758,30U,8.429,-0.447,-0.04,0.02408594887665155,-0.007710965834736966,1.523776166421917
1417777902378880,51.7600166351,-1.2601300494,111.817673,5735779.2535113,620076.3678954688,-111.817673,30U,8.423,-0.438,-0.034,0.02427140232698071,-0.009599846988283173,1.524993300357307
1417777902470351,51.7600242044,-1.2601306594,111.820389,5735780.094261085,620076.3057170901,-111.820389,30U,8.422,-0.408,-0.021,0.021352305695058433,-0.01025478919552606,1.5259942479225097
1417777902574983,51.760031775,-1.2601312479,111.821365,5735780.935190836,620076.2450189819,-111.821365,30U,8.427,-0.413,0.017,0.023405793677940937,-0.009189423241545758,1.5270212877935105
1417777902681495,51.7600393435,-1.2601318632,111.818184,5735781.775842932,620076.1824769991,-111.818184,30U,8.42,-0.424,0.017,0.023673499999948434,-0.006081100000052274,1.5284731000003937
1417777902788211,51.7600469096,-1.2601324406,111.818039,5735782.616290536,620076.1225568587,-111.818039,30U,8.421,-0.373,-0.012,0.019631564215705864,-0.0045127354666841205,1.5294176964813206
1417777902893022,51.7600544771,-1.2601329762,111.822044,5735783.456962649,620076.065517615,-111.822044,30U,8.423,-0.382,-0.048,0.02108777412521498,-0.007204192445025596,1.5302877738766132
1417777902984494,51.7600620437,-1.2601335505,111.827049,5735784.29747096,620076.0058100988,-111.827049,30U,8.417,-0.395,-0.085,0.022346188657886398,-0.011091838369262311,1.5318198865600603
1417777903075965,51.76006961,-1.2601340862,111.832672,5735785.138009464,620075.9487671591,-111.832672,30U,8.421,-0.351,-0.023,0.02050086680000228,-0.013381763885853677,1.532072448091171
1417777903181729,51.7600771805,-1.2601345807,111.831383,5735785.979082867,620075.8945562787,-111.831383,30U,8.422,-0.342,0.035,0.017988574224121825,-0.011379797694368149,1.5323487635987798
1417777903288445,51.7600847527,-1.2601350961,111.825508,5735786.820310913,620075.8388985982,-111.825508,30U,8.427,-0.367,0.063,0.01813683598392667,-0.008699012734196186,1.5337117848014528
1417777903395159,51.7600923217,-1.2601356359,111.823959,5735787.661142928,620075.7815655855,-111.823959,30U,8.418,-0.364,-0.025,0.016721056848196816,-0.010814598437543203,1.5356354715308536
1417777903496871,51.7600998756,-1.2601361315,111.826416,5735788.5003685,620075.7273228659,-111.826416,30U,8.395,-0.33,-0.02,0.01853556388664739,-0.01347874028877933,1.5364859698208522
1417777903576909,51.7601074132,-1.2601365909,111.827484,5735789.337841009,620075.6756215447,-111.827484,30U,8.372,-0.309,-0.003,0.016665114017376824,-0.013287048618060505,1.536733820964875
1417777903656946,51.7601149265,-1.2601370299,111.823853,5735790.172644793,620075.6253924967,-111.823853,30U,8.343,-0.303,0.06,0.01506810000033029,-0.011786499999459911,1.5371359999996281
1417777903755319,51.7601224021,-1.2601374864,111.822639,5735791.003227287,620075.5740558146,-111.822639,30U,8.301,-0.321,-0.028,0.014914639035583448,-0.0125090277921143,1.5375681051094703
1417777903862027,51.7601298447,-1.2601379394,111.825417,5735791.830145737,620075.5230482277,-111.825417,30U,8.267,-0.3,-0.011,0.013783742275810676,-0.01488965872792094,1.537303253608558
1417777903968692,51.7601372579,-1.260138375,111.825089,5735792.653823368,620075.4733194162,-111.825089,30U,8.23,-0.3,0.027,0.01302067532792113,-0.01539875096382184,1.53678188778277
1417777904075348,51.7601446306,-1.2601388267,111.821991,5735793.4729706375,620075.4225870129,-111.821991,30U,8.172,-0.321,0.042,0.013220913975470738,-0.01476794861839345,1.5365120056966648
1417777904182013,51.7601519336,-1.2601392911,111.819237,5735794.284345916,620075.3711631227,-111.819237,30U,8.082,-0.312,0.011,0.012669378150868077,-0.015449591441510686,1.5362478200196632
1417777904288678,51.7601591417,-1.2601397296,111.817848,5735795.085210357,620075.3217783673,-111.817848,30U,7.965,-0.295,0.024,0.011385655597041825,-0.01711008626169682,1.5346499086188925
1417777904395351,51.7601662451,-1.2601401665,111.815636,5735795.87443413,620075.2727818185,-111.815636,30U,7.845,-0.317,0.015,0.010736630766312202,-0.01634511649127957,1.532270097345553
1417777904499161,51.7601732425,-1.2601406413,111.813637,5735796.651807634,620075.2214510556,-111.813637,30U,7.728,-0.336,0.037,0.009293378558161008,-0.014295923121405063,1.530625064643302
1417777904590562,51.760180137,-1.2601411302,111.810181,5735797.41771479,620075.169420277,-111.810181,30U,7.615,-0.35,0.019,0.010166449690539585,-0.012121203579077347,1.5293311268885483
1417777904681963,51.7601869264,-1.2601416582,111.810928,5735798.17186979,620075.1149700858,-111.810928,30U,7.493,-0.375,-0.024,0.012405599999520138,-0.013596999999312683,1.5288659000005207
1417777904788648,51.7601936061,-1.2601421843,111.813553,5735798.9138285825,620075.060942072,-111.813553,30U,7.375,-0.344,-0.027,0.010545019026437135,-0.0152598432210939,1.5282756503174306
1417777904893425,51.7602001812,-1.2601426706,111.816307,5735799.644220721,620075.009938157,-111.816307,30U,7.257,-0.339,-0.012,0.012724749393339358,-0.016385007167685817,1.527561406749269
1417777904984849,51.760206652,-1.2601431701,111.816391,5735800.362992305,620074.9583000496,-111.816391,30U,7.142,-0.349,0.024,0.013658882852292987,-0.016710331649844996,1.5272634094526953
1417777905076272,51.7602130178,-1.2601436697,111.813385,5735801.070087062,620074.9069336299,-111.813385,30U,7.026,-0.333,0.013,0.011809162525583734,-0.015732780855074652,1.5271802049908567
1417777905167740,51.7602192885,-1.2601441452,111.812569,5735801.766645775,620074.8574826559,-111.812569,30U,6.929,-0.33,0.007,0.012263876222149313,-0.016736208398753897,1.5271787988872891
1417777905259210,51.7602254804,-1.2601446224,111.811073,5735802.454438631,620074.808123441,-111.811073,30U,6.862,-0.334,0.035,0.012196473866638673,-0.0172142805575199,1.527575982445893
1417777905362021,51.7602316318,-1.2601451073,111.807266,5735803.137714953,620074.7583403146,-111.807266,30U,6.826,-0.33,0.028,0.01270140922393483,-0.0156932091550425,1.5280910355274775
1417777905468611,51.7602377513,-1.2601455801,111.805031,5735803.8174637165,620074.7094768434,-111.805031,30U,6.798,-0.321,0.03,0.012005898121046332,-0.015091672694715078,1.528288024134595
1417777905575266,51.7602438424,-1.2601460382,111.801819,5735804.494078423,620074.6617031645,-111.801819,30U,6.767,-0.311,0.035,0.010639836750293381,-0.014839799472592233,1.5284191132700224
1417777905681930,51.7602499044,-1.260146489,111.798569,5735805.167469044,620074.6145104667,-111.798569,30U,6.727,-0.315,0.026,0.010281400000247758,-0.014491300000734264,1.5286311999996778
1417777905788348,51.7602559336,-1.2601469483,111.79644,5735805.837198104,620074.5668182208,-111.79644,30U,6.694,-0.314,0.01,0.008097098628251862,-0.014221500357001858,1.5290612963612147
1417777905894803,51.7602619362,-1.260147385,111.795395,5735806.504006287,620074.5207561641,-111.795395,30U,6.67,-0.294,0.012,0.0068864262612904955,-0.015200644930594587,1.5291374999409046
1417777906001519,51.7602679226,-1.2601478262,111.794121,5735807.169005516,620074.4744265525,-111.794121,30U,6.654,-0.323,0.016,0.011973287225167458,-0.018787857633636194,1.5290170557256648
1417777906104424,51.7602738934,-1.2601483027,111.791763,5735807.83221181,620074.4257023121,-111.791763,30U,6.634,-0.322,0.039,0.014592266004673157,-0.022961122206210934,1.5289191739262085
1417777906195895,51.7602798496,-1.2601487473,111.78775,5735808.493847013,620074.3792182084,-111.78775,30U,6.622,-0.288,0.043,0.012314506441768503,-0.022896338568889923,1.528368940277798
1417777906287365,51.760285801,-1.2601491616,111.782898,5735809.154998313,620074.3348378249,-111.782898,30U,6.625,-0.294,0.073,0.010802559482739517,-0.01993222686915779,1.5279506696424447
1417777906378836,51.7602917579,-1.2601496234,111.772575,5735809.816683044,620074.2871649191,-111.772575,30U,6.633,-0.334,0.139,0.010330275039976652,-0.015261315826942306,1.5287915156263798
1417777906470306,51.7602977183,-1.260150108,111.75898,5735810.47871946,620074.2379093247,-111.75898,30U,6.632,-0.322,0.096,0.011379354850231711,-0.010854753419630056,1.5295393860832294
1417777906575102,51.7603036843,-1.2601505565,111.753708,5735811.141438068,620074.1911301116,-111.753708,30U,6.646,-0.297,0.018,0.011295098001978207,-0.010319802762522725,1.5290625117404384
1417777906681801,51.7603096624,-1.2601509864,111.754364,5735811.805532896,620074.1456023733,-111.754364,30U,6.659,-0.296,-0.023,0.009547799999389006,-0.011386899999345203,1.528567699999662
1417777906773272,51.760315654,-1.2601514246,111.755638,5735812.471115345,620074.0994660475,-111.755638,30U,6.679,-0.304,-0.001,0.006992166452827931,-0.012433939929857054,1.5284784310038744
1417777906864743,51.7603216674,-1.2601518727,111.753525,5735813.139105794,620074.0525887004,-111.753525,30U,6.707,-0.315,0.035,0.005692838161413346,-0.01103887820141422,1.528635353905987
1417777906968600,51.7603277122,-1.2601523254,111.750755,5735813.81058055,620074.0053106095,-111.750755,30U,6.747,-0.31,0.029,0.005538019672592985,-0.009819773160980113,1.5285067859039003
1417777907075315,51.7603337943,-1.2601527856,111.747726,5735814.486190955,620073.9574159948,-111.747726,30U,6.791,-0.321,0.046,0.005529756957537473,-0.008921026650545739,1.5282473980619633
1417777907181853,51.7603399165,-1.2601532557,111.743576,5735815.166244436,620073.9087318069,-111.743576,30U,6.832,-0.326,0.017,0.005370351848162627,-0.007053685547776192,1.5280668454473045
1417777907288389,51.7603460757,-1.2601537247,111.743416,5735815.850414364,620073.8600253712,-111.743416,30U,6.881,-0.321,-0.006,0.004297207216524256,-0.006711975457323027,1.527318662943038
1417777907395071,51.760352279,-1.2601542042,111.744171,5735816.539471205,620073.810477343,-111.744171,30U,6.929,-0.337,-0.005,0.004624164422782749,-0.00782886565663323,1.5265563762725156
1417777907501759,51.7603585256,-1.2601547065,111.744148,5735817.233305744,620073.7592410351,-111.744148,30U,6.977,-0.347,-0.011,0.0038452423262641065,-0.008816836590636755,1.5259756928333035
1417777907608475,51.7603648211,-1.2601552044,111.744759,5735817.932585518,620073.7081786375,-111.744759,30U,7.03,-0.345,-0.001,0.0032134143241381516,-0.010373431361803733,1.5252479534892482
1417777907706854,51.760371168,-1.2601557117,111.745346,5735818.637565822,620073.6563311917,-111.745346,30U,7.093,-0.354,0.018,0.0023095000002537076,-0.011634900000754653,1.5246386999997823
1417777907786890,51.7603775664,-1.2601562385,111.742218,5735819.348241149,620073.6030014418,-111.742218,30U,7.15,-0.365,0.033,0.0017882439766197023,-0.011794836819450132,1.5242070182003515
1417777907866927,51.7603840188,-1.2601567743,111.738792,5735820.064906802,620073.5489073495,-111.738792,30U,7.212,-0.37,0.041,0.002481499075643717,-0.012189259780304345,1.5234942560135545
1417777907968640,51.7603905269,-1.2601573255,111.734451,5735820.787741296,620073.4936027481,-111.734451,30U,7.274,-0.392,0.04,0.005198754076327528,-0.012761369055691994,1.5227538756860588
1417777908075355,51.7603970892,-1.2601578887,111.73027,5735821.516583417,620073.4373262487,-111.73027,30U,7.331,-0.382,0.042,0.004645321609408044,-0.012909652961979719,1.5220802686380706
1417777908182010,51.7604037057,-1.2601584522,111.726395,5735822.251452428,620073.3808852566,-111.726395,30U,7.397,-0.396,0.033,0.005765581282030954,-0.012732107694484449,1.5215155821467625
1417777908287710,51.7604103771,-1.2601590454,111.72168,5735822.992377773,620073.3222490492,-111.72168,30U,7.456,-0.415,0.058,0.00938209427235841,-0.01240513916452977,1.5211486378137127
1417777908379152,51.7604171038,-1.2601596622,111.717422,5735823.739413973,620073.2618375226,-111.717422,30U,7.517,-0.43,0.05,0.013444741292403771,-0.01415713277301327,1.5206041156156531
1417777908470594,51.7604238859,-1.2601602793,111.711815,5735824.49261051,620073.2012583211,-111.711815,30U,7.577,-0.419,0.058,0.014954893072086667,-0.014016366820118632,1.5200834213122765
1417777908575318,51.760430723,-1.2601608863,111.706886,5735825.25194003,620073.1412301996,-111.706886,30U,7.639,-0.415,0.034,0.013294516967450922,-0.012835580328077757,1.519812871402113
1417777908681939,51.7604376196,-1.2601614995,111.700607,5735826.0178761175,620073.080616373,-111.700607,30U,7.705,-0.439,0.088,0.01606270000026551,-0.011494799999180065,1.5197712999998167
1417777908788641,51.7604445694,-1.2601621563,111.693436,5735826.789656603,620073.016852621,-111.693436,30U,7.765,-0.449,0.051,0.014895492754490449,-0.009547337515062496,1.5200290544928268
1417777908893437,51.7604515746,-1.26016278,111.690681,5735827.567652414,620072.9552260935,-111.690681,30U,7.826,-0.417,0.014,0.012627468638153415,-0.009699456431570297,1.5195912238373546
1417777908984884,51.7604586376,-1.2601633961,111.688171,5735828.352088469,620072.8939706964,-111.688171,30U,7.891,-0.44,0.036,0.014696009820544321,-0.009879014740880862,1.5191524853785425
1417777909076332,51.7604657544,-1.2601640644,111.685341,5735829.142421482,620072.8289703056,-111.685341,30U,7.945,-0.463,0.009,0.011401256035810546,-0.010445079274353081,1.5193792241943929
1417777909181954,51.760472925,-1.2601646972,111.683151,5735829.938795846,620072.766277007,-111.683151,30U,8.009,-0.421,0.033,0.008624590674905999,-0.010350398996920755,1.5191725143843395
1417777909287578,51.7604801477,-1.2601653363,111.679657,5735830.74095369,620072.7030107364,-111.679657,30U,8.066,-0.461,0.023,0.00955705114326914,-0.008859546500874407,1.5190776083398418
1417777909379048,51.7604874226,-1.2601660156,111.675308,5735831.548850321,620072.636831828,-111.675308,30U,8.126,-0.465,0.061,0.007467524813102638,-0.0074311459049576836,1.5194968247813339
1417777909470518,51.7604947488,-1.260166667,111.671745,5735832.362497774,620072.5724421759,-111.671745,30U,8.183,-0.437,0.015,0.006551863021852882,-0.005852237286054187,1.519483868230148
1417777909575328,51.7605021258,-1.2601673169,111.672501,5735833.181796979,620072.5080212706,-111.672501,30U,8.235,-0.466,-0.009,0.009128274114511017,-0.007495927435666285,1.5191961265406186
1417777909682043,51.7605095525,-1.2601680026,111.6726,5735834.0065642,620072.4409980024,-111.6726,30U,8.292,-0.473,0.008,0.009779300000134635,-0.009140599999698401,1.5192757000002826
1417777909788597,51.7605170269,-1.2601686793,111.673256,5735834.836650785,620072.374469272,-111.673256,30U,8.347,-0.455,-0.005,0.01009194750492877,-0.01068789954171367,1.5189031997623703
1417777909893266,51.7605245528,-1.2601693554,111.671127,5735835.672465484,620072.307845326,-111.671127,30U,8.406,-0.475,0.047,0.010762786799317352,-0.010781560656818574,1.5186378291848301
1417777909984736,51.7605321293,-1.2601700577,111.66629,5735836.51386409,620072.2392791145,-111.66629,30U,8.458,-0.483,0.05,0.010270361998751405,-0.010568758837843127,1.518974572227057
1417777910076205,51.7605397571,-1.260170754,111.662086,5735837.360977462,620072.1709908654,-111.662086,30U,8.518,-0.481,0.039,0.010124712206202644,-0.012175309412462372,1.519012525308741
1417777910181968,51.7605474376,-1.2601714485,111.658836,5735838.213954374,620072.1026870266,-111.658836,30U,8.576,-0.478,0.039,0.010401182683341071,-0.015536596549781562,1.5188825119785567
1417777910287728,51.760555168,-1.2601721495,111.653648,5735839.072469782,620072.0338022555,-111.653648,30U,8.633,-0.484,0.061,0.009953293707606994,-0.016535378390020488,1.518682912624168
1417777910379174,51.7605629507,-1.2601728573,111.645126,5735839.936790088,620071.9643094811,-111.645126,30U,8.69,-0.486,0.11,0.008976169343896803,-0.014041309552587674,1.5188279278917953
1417777910470618,51.7605707851,-1.2601735621,111.633476,5735840.806864703,620071.8948865822,-111.633476,30U,8.745,-0.483,0.101,0.0074866920765439045,-0.010600365637076682,1.5189318108051721
1417777910575330,51.7605786679,-1.2601742707,111.625252,5735841.68231545,620071.8250730537,-111.625252,30U,8.8,-0.495,0.06,0.007302732285969916,-0.009368046153861023,1.5189582399298451
1417777910681937,51.7605865986,-1.2601749865,111.621742,5735842.563081129,620071.7546355932,-111.621742,30U,8.851,-0.491,0.024,0.005007200000385616,-0.0096229000004112,1.5189946000006516
1417777910788646,51.7605945763,-1.2601756997,111.619629,5735843.449077789,620071.6842528746,-111.619629,30U,8.908,-0.491,0.022,0.0038406414009910716,-0.010493189203625804,1.5189032733995567
1417777910893446,51.7606026021,-1.2601764195,111.616684,5735844.340412609,620071.613287099,-111.616684,30U,8.959,-0.497,0.035,0.0036344112719934886,-0.011726815566696079,1.5188230803288096
1417777910984894,51.760610676,-1.2601771424,111.613205,5735845.237091353,620071.5419797975,-111.613205,30U,9.014,-0.498,0.031,0.002766275337327607,-0.013249180516457935,1.5187284752785586
1417777911076342,51.760618799,-1.2601778747,111.607681,5735846.139214854,620071.4698935624,-111.607681,30U,9.065,-0.511,0.068,0.0008470103193014267,-0.014599971938753334,1.518841933707002
1417777911181948,51.7606269684,-1.2601786055,111.601471,5735847.046500801,620071.3977877524,-111.601471,30U,9.114,-0.507,0.063,0.0027894704768526143,-0.017091844293285145,1.5188464600700642
1417777911288503,51.7606351777,-1.2601793578,111.592964,5735847.958188487,620071.3240924121,-111.592964,30U,9.159,-0.524,0.103,0.003744994472952528,-0.017548852603888918,1.5188418620682178
1417777911395128,51.7606434265,-1.2601801057,111.582176,5735848.874276068,620071.2505959284,-111.582176,30U,9.202,-0.506,0.114,0.002002975457796092,-0.013985406024837105,1.5186527029924166
1417777911496766,51.7606517163,-1.2601808418,111.569405,5735849.794942539,620071.1778049868,-111.569405,30U,9.244,-0.519,0.137,0.004268906292550794,-0.009947120001567803,1.5182580916599218
1417777911576799,51.7606600348,-1.2601816089,111.563103,5735850.718749596,620071.1027986491,-111.563103,30U,9.274,-0.532,0.022,0.003691831649689002,-0.010271010407767142,1.5182262227837928
1417777911656831,51.7606683857,-1.260182373,111.563316,5735851.646164679,620071.0279133953,-111.563316,30U,9.311,-0.532,-0.001,0.0060219999995151175,-0.01373909999985707,1.5178676000008477
1417777911755174,51.7606767705,-1.2601831545,111.561302,5735852.577321013,620070.9517374667,-111.561302,30U,9.35,-0.541,0.045,0.0073289089958907165,-0.015817735128170606,1.517492266938225
1417777911861840,51.7606851887,-1.2601839424,111.555031,5735853.512181105,620070.875031288,-111.555031,30U,9.381,-0.551,0.095,0.011484541112661808,-0.01709225331119535,1.5167851243642985
1417777911968542,51.7606936346,-1.2601847506,111.544769,5735854.450088195,620070.7968507612,-111.544769,30U,9.414,-0.556,0.096,0.01068270386757275,-0.01507226981182479,1.5161522794443385
1417777912075251,51.7607021098,-1.2601855544,111.534554,5735855.3912608735,620070.718896155,-111.534554,30U,9.444,-0.556,0.124,0.01020056747576936,-0.012706187942408105,1.515476559889966
1417777912181906,51.7607106068,-1.2601863804,111.524971,5735856.334821303,620070.6393517393,-111.524971,30U,9.464,-0.578,0.034,0.009375276780680673,-0.010404631420781756,1.5150920391052378
1417777912288557,51.760719123,-1.2601872016,111.522453,5735857.280524802,620070.560087644,-111.522453,30U,9.488,-0.562,0.022,0.007550892773894748,-0.011735450447034636,1.514191679383485
1417777912395191,51.7607276574,-1.2601880223,111.520599,5735858.2282530805,620070.4808097853,-111.520599,30U,9.504,-0.577,0.02,0.008284943160457635,-0.01352614622204497,1.5132343876044723
1417777912498974,51.760736205,-1.2601888734,111.517212,5735859.177399236,620070.3993990661,-111.517212,30U,9.523,-0.588,0.054,0.006102824652558587,-0.013968717793904118,1.5126034364609984
1417777912590399,51.760744765,-1.2601897256,111.510635,5735860.127922539,620070.3178795581,-111.510635,30U,9.534,-0.587,0.07,0.005595843399369291,-0.013108718369535534,1.511858280675305
1417777912681823,51.7607533339,-1.2601905972,111.50322,5735861.079403643,620070.2349976925,-111.50322,30U,9.539,-0.614,0.062,0.007144200000046029,-0.011775699999787009,1.5112477999994636
1417777912788479,51.7607619097,-1.2601914904,111.49826,5735862.031616512,620070.150606957,-111.49826,30U,9.547,-0.61,0.048,0.006653540994462886,-0.012030162126385201,1.5108028845533934
1417777912893237,51.7607704932,-1.2601923859,111.494392,5735862.984681886,620070.0660370946,-111.494392,30U,9.555,-0.625,0.035,0.008309136947710035,-0.012825686440520638,1.5100937713421714
1417777912984707,51.76077908,-1.2601932901,111.490776,5735863.938099918,620069.9808581234,-111.490776,30U,9.554,-0.623,0.033,0.007748960060812604,-0.012878563240971674,1.5096008232500076
1417777913076176,51.7607876613,-1.2601941918,111.486511,5735864.890910435,620069.8958662872,-111.486511,30U,9.542,-0.627,0.053,0.006419967923047664,-0.013641870466594012,1.50903683963246
1417777913167626,51.7607962266,-1.2601951018,111.482445,5735865.841927987,620069.8103441496,-111.482445,30U,9.522,-0.616,0.031,0.004086885089791544,-0.015373730784112569,1.508541925596191
1417777913259074,51.7608047652,-1.2601960068,111.481041,5735866.789984564,620069.725237914,-111.481041,30U,9.488,-0.625,0.033,0.005947634570923172,-0.02088992809019574,1.5079326135596556
1417777913361970,51.7608132725,-1.2601969344,111.474617,5735867.734523177,620069.6386551504,-111.474617,30U,9.438,-0.649,0.093,0.009775604045532052,-0.022530467574932794,1.5069832691653173
1417777913468681,51.7608217483,-1.2601978649,111.462738,5735868.675554018,620069.5519558552,-111.462738,30U,9.417,-0.635,0.164,0.009734900129470179,-0.016775325618539488,1.5059032571273294
1417777913575331,51.7608301944,-1.2601987921,111.446877,5735869.613287465,620069.465563106,-111.446877,30U,9.376,-0.656,0.134,0.010864469533185556,-0.009297292158811973,1.5048023288279668
1417777913681971,51.7608385988,-1.2601997606,111.441551,5735870.546315615,620069.3764309662,-111.441551,30U,9.329,-0.67,-0.055,0.012227299999296433,-0.008358500000696411,1.504397899999231
1417777913788686,51.7608469667,-1.2602007315,111.4468,5735871.475280784,620069.2872300658,-111.4468,30U,9.294,-0.664,-0.057,0.01139849510993879,-0.011941067604181614,1.504182850377693
1417777913895382,51.7608553036,-1.2602016868,111.451263,5735872.400824244,620069.1991879626,-111.451263,30U,9.262,-0.651,-0.013,0.00965753710835991,-0.014975997076784322,1.5033758381615585
1417777914001945,51.7608636084,-1.2602026313,111.448975,5735873.32281576,620069.1119763347,-111.448975,30U,9.223,-0.644,0.034,0.007266344851891566,-0.015125920259137374,1.5023369881309658
1417777914104736,51.7608718794,-1.2602035677,111.445251,5735874.241061841,620069.0254133699,-111.445251,30U,9.185,-0.656,0.046,0.006127489910837817,-0.01525437980122842,1.5009156691648557
1417777914196205,51.7608801165,-1.2602045461,111.43911,5735875.155468881,620068.9360420156,-111.43911,30U,9.145,-0.694,0.066,0.00995824964157653,-0.015643067236660115,1.5003514776244893
1417777914287675,51.7608883151,-1.260205556,111.434082,5735876.06554262,620068.8445990665,-111.434082,30U,9.105,-0.692,0.061,0.011416507921855668,-0.01615727116320366,1.499780646560178
1417777914379144,51.7608964828,-1.2602065479,111.428139,5735876.972209721,620068.7544802683,-111.428139,30U,9.072,-0.671,0.055,0.010756257672683957,-0.014399192296731476,1.498972540745169
1417777914470614,51.7609046179,-1.2602075371,111.421555,5735877.87525594,620068.6646343055,-111.421555,30U,9.031,-0.703,0.074,0.01232193670981997,-0.011488464335312937,1.4979524143833893
1417777914575386,51.7609127164,-1.260208558,111.417168,5735878.77417982,620068.5726979049,-111.417168,30U,8.994,-0.703,0.013,0.013255352962369403,-0.009957147563892333,1.4973687161427125
1417777914682059,51.7609207804,-1.260209566,111.417648,5735879.669288321,620068.4817432641,-111.417648,30U,8.951,-0.695,-0.004,0.013684699999953266,-0.012341000000507038,1.496431499999458
1417777914773503,51.7609288089,-1.2602105915,111.419144,5735880.560420189,620068.3896751858,-111.419144,30U,8.918,-0.717,-0.017,0.014660746381994914,-0.015640512474315596,1.4960798361130212
1417777914864947,51.7609368079,-1.2602116181,111.419144,5735881.44826966,620068.2976094863,-111.419144,30U,8.888,-0.704,0.032,0.015389097952645444,-0.018430782802403144,1.4960836519089116
1417777914968630,51.7609447799,-1.2602126375,111.413658,5735882.333128417,620068.2061123012,-111.413658,30U,8.854,-0.708,0.067,0.01728672994969637,-0.019169838290605926,1.4966083731109876
1417777915075137,51.7609527236,-1.2602136565,111.40641,5735883.2148406925,620068.1147178235,-111.40641,30U,8.818,-0.696,0.081,0.017130260307845126,-0.020882508409311516,1.4974019667087435
1417777915181839,51.7609606369,-1.2602146584,111.397423,5735884.093200452,620068.0245840612,-111.397423,30U,8.791,-0.689,0.09,0.018030687901961728,-0.021714155616225247,1.4980964654176916
1417777915288553,51.7609685174,-1.2602156458,111.387352,5735884.967936519,620067.935537959,-111.387352,30U,8.751,-0.683,0.106,0.020952594253925656,-0.019846408082123443,1.4986085856759261
1417777915395267,51.7609763709,-1.2602166262,111.374512,5735885.839681537,620067.8470465688,-111.374512,30U,8.718,-0.676,0.138,0.021446705686575522,-0.01416615839068345,1.4990534363510821
1417777915501981,51.7609841939,-1.2602175843,111.365295,5735886.708071478,620067.7601749989,-111.365295,30U,8.689,-0.649,0.094,0.01898647532758696,-0.010263329691949333,1.49922516324063
1417777915608695,51.760991981,-1.2602185306,111.363121,5735887.57248854,620067.6742129904,-111.363121,30U,8.647,-0.66,-0.03,0.02015967247528703,-0.010843257504824504,1.499473792485595
1417777915707071,51.7609997337,-1.2602194914,111.366348,5735888.433056232,620067.5873416496,-111.366348,30U,8.607,-0.661,-0.047,0.021079400000557323,-0.014655800000212372,1.4995988000002995
1417777915787103,51.7610074538,-1.2602204352,111.368004,5735889.290026588,620067.5017299568,-111.368004,30U,8.577,-0.646,0.017,0.020831350913507993,-0.01676514339909928,1.499436603756894
1417777915867134,51.7610151433,-1.2602213654,111.364029,5735890.143616423,620067.4171379774,-111.364029,30U,8.539,-0.648,0.064,0.021716294662085894,-0.015608786481311435,1.4993855380514465
1417777915968787,51.761022803,-1.2602223115,111.356827,5735890.993866133,620067.3315278502,-111.356827,30U,8.507,-0.662,0.077,0.02320425132179997,-0.014368463768121474,1.4996627267786962
1417777916075429,51.7610304307,-1.2602232559,111.351234,5735891.8405600395,620067.2461199529,-111.351234,30U,8.469,-0.642,0.048,0.02473018375596883,-0.015010824195238038,1.4998827044036998
1417777916182044,51.761038027,-1.2602241891,111.348198,5735892.683780508,620067.1615682726,-111.348198,30U,8.436,-0.646,0.01,0.027556975068983754,-0.016611961201831227,1.4997632974149449
1417777916287701,51.7610455932,-1.2602251301,111.345337,5735893.523640827,620067.0765582052,-111.345337,30U,8.402,-0.654,0.056,0.03193546584495303,-0.018990097126640286,1.4996133322364797
1417777916379022,51.7610531302,-1.2602260663,111.338905,5735894.360261824,620066.9919568659,-111.338905,30U,8.371,-0.638,0.056,0.033724005178406055,-0.01865113364861368,1.4995584910138502
1417777916470344,51.7610606387,-1.2602269907,111.333107,5735895.193732871,620066.9082454517,-111.333107,30U,8.34,-0.645,0.092,0.034581611272913954,-0.018569911262958948,1.4993878418686062
1417777916575134,51.7610681183,-1.2602279255,111.322899,5735896.02397293,620066.8238930461,-111.322899,30U,8.303,-0.644,0.093,0.03447245372844644,-0.015815595995043497,1.4996217000587533
1417777916681847,51.7610755657,-1.2602288442,111.316772,5735896.850658655,620066.7407371176,-111.316772,30U,8.27,-0.624,0.065,0.03478130000037751,-0.015375799999349841,1.499435200000794
1417777916788561,51.7610829818,-1.2602297571,111.310936,5735897.673873172,620066.6580644931,-111.310936,30U,8.232,-0.638,0.046,0.03659761950216975,-0.015183600408148097,1.4990237448011208
1417777916893369,51.7610903602,-1.2602306764,111.307899,5735898.492884675,620066.5750502566,-111.307899,30U,8.186,-0.629,0.029,0.03534743135203482,-0.016028735765612662,1.4986277383990294
1417777916984838,51.7610976954,-1.2602315783,111.304482,5735899.30712071,620066.4933513878,-111.304482,30U,8.136,-0.625,0.036,0.035696641640646586,-0.016627130596634582,1.4979718953575463
1417777917076307,51.7611049833,-1.2602324907,111.299286,5735900.116079401,620066.4110534437,-111.299286,30U,8.082,-0.632,0.047,0.03535200951297841,-0.01624435372744141,1.497697705636532
1417777917181894,51.7611122232,-1.2602334089,111.294739,5735900.91969064,620066.3284826162,-111.294739,30U,8.031,-0.634,0.059,0.036026208220601895,-0.01627255425484031,1.4975118765110624
1417777917287480,51.7611194177,-1.2602343281,111.289871,5735901.718251465,620066.2459632476,-111.289871,30U,7.983,-0.634,0.046,0.03664835730562937,-0.017359751043667958,1.4974470816198586
1417777917378949,51.7611265642,-1.2602352401,111.285645,5735902.511486241,620066.1640680995,-111.285645,30U,7.924,-0.622,0.058,0.035182796351339064,-0.019406198996666447,1.4973217967095036
1417777917470418,51.7611336634,-1.2602361309,111.279305,5735903.299495861,620066.0837614264,-111.279305,30U,7.876,-0.617,0.057,0.03676707464149259,-0.01704774895639522,1.49704560622332
1417777917575225,51.7611407151,-1.2602370353,111.273323,5735904.082200789,620066.002642282,-111.273323,30U,7.82,-0.622,0.074,0.03686336318048944,-0.013866652883544274,1.4972889982395994
1417777917681939,51.7611477227,-1.2602379179,111.263512,5735904.860037411,620065.9231445262,-111.263512,30U,7.768,-0.601,0.071,0.037630900000369144,-0.009540300000197934,1.4971558999998198
1417777917788448,51.7611546782,-1.2602388019,111.263092,5735905.6320778765,620065.8436883991,-111.263092,30U,7.716,-0.612,-0.026,0.03752430815098859,-0.011686983170324215,1.4971889798010913
1417777917893077,51.7611615887,-1.2602396763,111.266212,5735906.399129863,620065.7650141504,-111.266212,30U,7.664,-0.592,-0.021,0.034478317425613234,-0.01644482027833941,1.4973510721066492
1417777917984545,51.7611684547,-1.260240532,111.267311,5735907.161263953,620065.6877484254,-111.267311,30U,7.616,-0.596,0.003,0.03214062610457243,-0.01911590136145926,1.4976559837973262
1417777918076013,51.7611752747,-1.260241389,111.264015,5735907.918280414,620065.6105150455,-111.264015,30U,7.563,-0.582,0.073,0.030194781758837615,-0.018762734622618054,1.4984422089867349
1417777918181774,51.761182052,-1.2602422344,111.254799,5735908.670567464,620065.5341954572,-111.254799,30U,7.517,-0.59,0.096,0.03409830935372674,-0.015618042386449768,1.4983760619488171
1417777918287535,51.7611887832,-1.2602430897,111.247459,5735909.417711601,620065.4573150116,-111.247459,30U,7.465,-0.583,0.063,0.03420840791340442,-0.015069847504262534,1.4983343733406804
1417777918379004,51.7611954703,-1.2602438983,111.241196,5735910.160028425,620065.3837742446,-111.241196,30U,7.417,-0.538,0.049,0.02993641553839689,-0.01455389505975045,1.497519582436416
1417777918470472,51.7612021061,-1.2602446997,111.239449,5735910.896652215,620065.3108664495,-111.239449,30U,7.352,-0.578,0.014,0.029403943756718207,-0.013706115257943076,1.4971281166200747
1417777918575107,51.7612086852,-1.2602455565,111.23629,5735911.626879401,620065.2342860631,-111.23629,30U,7.285,-0.591,0.041,0.03060133483129701,-0.011351314722081729,1.4974135075151624
1417777918681621,51.7612151991,-1.260246398,111.23214,5735912.349881124,620065.1589344891,-111.23214,30U,7.208,-0.57,0.037,0.032187600000780366,-0.00928600000072462,1.4966566000000094
1417777918788334,51.761221636,-1.2602472156,111.231049,5735913.0643593045,620065.0854364977,-111.231049,30U,7.119,-0.566,-0.022,0.032977494711780256,-0.00917123788288837,1.495494187545445
1417777918893131,51.7612279893,-1.2602480295,111.234085,5735913.769546726,620065.012415642,-111.234085,30U,7.022,-0.569,-0.04,0.034298868597315985,-0.011215082453905364,1.4944209357558265
1417777918984517,51.7612342569,-1.2602488618,111.236771,5735914.4651734745,620064.9383524216,-111.236771,30U,6.932,-0.573,-0.012,0.03404018361866733,-0.01216929953349875,1.4937269630018486
1417777919075903,51.7612404462,-1.2602496844,111.238419,5735915.152108733,620064.8651663221,-111.238419,30U,6.842,-0.567,-0.019,0.03634406407586331,-0.013694241470627823,1.4926625640562672
1417777919181659,51.7612465533,-1.2602505128,111.23877,5735915.8298932845,620064.7917980695,-111.23877,30U,6.749,-0.574,0.015,0.03441414173010393,-0.014728073161258284,1.4917891460938049
1417777919288372,51.7612525816,-1.2602513292,111.23674,5735916.49893453,620064.7194669817,-111.23674,30U,6.658,-0.563,0.013,0.036057785872836944,-0.014434601531359946,1.4915311549009873
1417777919395085,51.7612585238,-1.26025215,111.237259,5735917.158393667,620064.6470606977,-111.237259,30U,6.566,-0.567,0.011,0.036661009801260996,-0.015746749264385098,1.4908983319983558
1417777919496796,51.7612643841,-1.260252969,111.233833,5735917.808747969,620064.5749959223,-111.233833,30U,6.475,-0.565,0.062,0.03706092954220401,-0.014546252714996245,1.4903553542543686
1417777919576831,51.7612701573,-1.2602537708,111.231377,5735918.449444512,620064.504349171,-111.231377,30U,6.375,-0.535,-0.003,0.03638481055701497,-0.013307796064209286,1.4894244107947754
1417777919656866,51.761275845,-1.2602545394,111.229767,5735919.080687571,620064.436220321,-111.229767,30U,6.278,-0.538,0.04,0.03584559999975315,-0.012221700000435666,1.4879646000004934
1417777919755081,51.7612814376,-1.2602553403,111.227219,5735919.701301733,620064.3661148346,-111.227219,30U,6.171,-0.565,0.013,0.035104352376264525,-0.010004921361949746,1.4878852577829926
1417777919861560,51.7612869389,-1.260256143,111.22702,5735920.31175979,620064.2961273668,-111.22702,30U,6.069,-0.552,-0.006,0.038915146707985696,-0.010415320447184831,1.4877427459737567
1417777919968230,51.7612923399,-1.2602569441,111.227539,5735920.9110664865,620064.2265164208,-111.227539,30U,5.949,-0.548,-0.009,0.0402126800294937,-0.012027174522386185,1.4873916822065658
1417777920074943,51.7612976328,-1.2602577119,111.228722,5735921.498406598,620064.1594902315,-111.228722,30U,5.826,-0.52,-0.017,0.03814414162043098,-0.012906957255571451,1.487219131650765
1417777920181656,51.761302811,-1.2602584477,111.231537,5735922.073044022,620064.0949765993,-111.231537,30U,5.696,-0.492,-0.052,0.03556324067699874,-0.013338801004103581,1.487086250437442
1417777920288369,51.7613078789,-1.2602591495,111.235893,5735922.635471359,620064.0331018632,-111.235893,30U,5.578,-0.498,-0.01,0.033426816840195,-0.015553447991688894,1.486720609572128
1417777920395082,51.7613128349,-1.2602598799,111.234283,5735923.185407622,620063.9695503904,-111.234283,30U,5.453,-0.502,0.028,0.03221250962260817,-0.016555974105970744,1.487320336818917
1417777920498936,51.761317681,-1.260260578,111.231712,5735923.723175483,620063.9085194389,-111.231712,30U,5.331,-0.47,0.03,0.03242921162937927,-0.01616832489011657,1.4868272908347264
1417777920590405,51.7613224161,-1.2602612517,111.230194,5735924.24863961,620063.849466766,-111.230194,30U,5.206,-0.471,-0.002,0.03325726717733053,-0.01528123857883958,1.4861722245433002
1417777920681873,51.7613270389,-1.2602619342,111.230873,5735924.761600776,620063.7901047671,-111.230873,30U,5.083,-0.462,-0.016,0.03206960000047569,-0.015513100000621383,1.486219900000781
1417777920788586,51.7613315531,-1.2602625748,111.22963,5735925.262553908,620063.7339223126,-111.22963,30U,4.962,-0.432,0.066,0.0297295448421479,-0.014463921352370783,1.4858568130914693
1417777920893391,51.761335957,-1.2602631885,111.224609,5735925.751285268,620063.6798887956,-111.224609,30U,4.838,-0.426,0.039,0.027243206223306476,-0.01095070520956503,1.485305177742957
1417777920984837,51.7613402459,-1.2602638143,111.222496,5735926.227207976,620063.6253253899,-111.222496,30U,4.707,-0.443,0.01,0.030022914581469835,-0.009036602634610813,1.485385175397914
1417777921076283,51.7613444193,-1.260264454,111.222893,5735926.690263469,620063.5701092066,-111.222893,30U,4.583,-0.434,-0.006,0.03176481269417833,-0.008426558837370578,1.4853425270681284
1417777921167705,51.7613484802,-1.260265063,111.224037,5735927.140858785,620063.5173100266,-111.224037,30U,4.458,-0.413,-0.005,0.03523071893522455,-0.008541974512943858,1.4847319193742055
1417777921259125,51.7613524296,-1.2602656592,111.22377,5735927.579075668,620063.4656899592,-111.22377,30U,4.33,-0.421,-0.005,0.04186224647056847,-0.007989070287375782,1.484239741630231
1417777921361969,51.761356266,-1.2602662559,111.226028,5735928.004725408,620063.414335183,-111.226028,30U,4.21,-0.393,-0.029,0.04147677949398328,-0.010024531549812598,1.4837575427434233
1417777921468620,51.7613599917,-1.260266788,111.2286,5735928.418170954,620063.3677319889,-111.2286,30U,4.083,-0.35,-0.03,0.03733769750547745,-0.012521368479439072,1.4829761624745716
1417777921575325,51.7613635998,-1.2602672884,111.231636,5735928.818590822,620063.3236283326,-111.231636,30U,3.945,-0.349,-0.033,0.03388170140274902,-0.0139349061132452,1.4830170817991697
1417777921682038,51.761367082,-1.260267809,111.235527,5735929.204976553,620063.2784647406,-111.235527,30U,3.807,-0.373,-0.034,0.03393019999939287,-0.015724500000812224,1.483207699999896
1417777921788727,51.7613704435,-1.2602683413,111.237389,5735929.577920417,620063.2328139807,-111.237389,30U,3.671,-0.359,-0.014,0.0338881223852913,-0.01790265333009025,1.4829415745133494
1417777921895414,51.7613736816,-1.2602688555,111.238762,5735929.937171214,620063.1887396429,-111.238762,30U,3.535,-0.363,0.003,0.038646828686472616,-0.01973647880716591,1.4828735792747276
1417777922002083,51.7613767974,-1.2602693801,111.237404,5735930.282804351,620063.1442720906,-111.237404,30U,3.4,-0.354,0.019,0.04110009682933653,-0.01974573470183227,1.4833059329421447
1417777922104928,51.7613797991,-1.2602698437,111.234184,5735930.615849269,620063.1043167105,-111.234184,30U,3.281,-0.289,0.048,0.04081754209777374,-0.019630337226552427,1.4825423748010078
1417777922196297,51.7613826888,-1.2602702433,111.230804,5735930.936544432,620063.0690749509,-111.230804,30U,3.155,-0.267,0.025,0.036544613997649016,-0.020198209692491583,1.4813559806760361
1417777922287673,51.7613854674,-1.2602706217,111.228691,5735931.244919472,620063.0355909014,-111.228691,30U,3.027,-0.264,0.01,0.030867231630842634,-0.020246039931006345,1.4811689887266977
1417777922379141,51.7613881279,-1.260271016,111.227829,5735931.540134867,620063.001322954,-111.227829,30U,2.892,-0.288,0.016,0.030252186440787164,-0.019841636988993674,1.4817231185591184
1417777922470609,51.7613906642,-1.2602714389,111.225441,5735931.821491348,620062.9654108942,-111.225441,30U,2.753,-0.289,0.037,0.031123991780107045,-0.018281006800175255,1.4817960978821254
1417777922575363,51.7613930774,-1.2602718252,111.220757,5735932.08921858,620062.9323510963,-111.220757,30U,2.616,-0.247,0.046,0.03194751351767633,-0.015777806799776407,1.4806096950601777
1417777922682016,51.7613953637,-1.2602721764,111.217377,5735932.342891508,620062.9020501293,-111.217377,30U,2.469,-0.245,0.026,0.033764299999763235,-0.014433700000733452,1.4798576000007129
1417777922773387,51.7613975169,-1.2602725173,111.215508,5735932.581779827,620062.8728130545,-111.215508,30U,2.322,-0.225,0.013,0.03228862353949805,-0.013681425776239157,1.479771041630408
1417777922864758,51.7613995343,-1.2602728218,111.214447,5735932.805626249,620062.8464481303,-111.214447,30U,2.167,-0.206,0.017,0.03230683259449069,-0.013367420665341034,1.4789593154370433
1417777922968588,51.7614014106,-1.2602731208,111.211533,5735933.013790506,620062.8208370851,-111.211533,30U,2.008,-0.208,0.044,0.032189693767564226,-0.011923018836736817,1.4780551174360688
1417777923075293,51.7614031446,-1.2602734054,111.20636,5735933.206153806,620062.796597271,-111.20636,30U,1.851,-0.183,0.056,0.03051943763503095,-0.009293596521859314,1.4774543276537755
1417777923182006,51.7614047347,-1.2602736531,111.201637,5735933.382575257,620062.7752855992,-111.201637,30U,1.684,-0.164,0.036,0.031005553618384325,-0.00761457750479481,1.4770776682299331
1417777923288715,51.7614061679,-1.2602738849,111.199356,5735933.541574607,620062.7554874002,-111.199356,30U,1.505,-0.163,0.017,0.03174955895633887,-0.007270090368608919,1.4766986314704271
1417777923395375,51.7614074457,-1.2602741054,111.197586,5735933.683311091,620062.7368812618,-111.197586,30U,1.339,-0.145,0.02,0.03236972455321127,-0.006629912325623658,1.4760620750397448
1417777923502035,51.7614085749,-1.2602742999,111.195999,5735933.808565112,620062.720463553,-111.195999,30U,1.174,-0.131,0.012,0.03411751439307434,-0.006077422723963345,1.4755623815606909
1417777923608701,51.7614095559,-1.2602744776,111.195206,5735933.91736601,620062.705598342,-111.195206,30U,1.01,-0.114,0.005,0.0343206967687909,-0.006169499472806521,1.4755773012913809
1417777923707039,51.7614103932,-1.2602746211,111.194763,5735934.010242856,620062.6934744228,-111.194763,30U,0.855,-0.087,0.006,0.034165099999259825,-0.0061283000001741425,1.4754855999995118
1417777923787055,51.7614110984,-1.2602747319,111.194054,5735934.0884831725,620062.6839575074,-111.194054,30U,0.72,-0.074,0.011,0.03363119976158149,-0.005794234701426794,1.475139468230845
1417777923867070,51.7614116943,-1.260274833,111.192734,5735934.154584605,620062.6753999363,-111.192734,30U,0.61,-0.069,0.016,0.03318793094464881,-0.005491528359923231,1.4749630132705334
1417777923968697,51.7614122002,-1.2602749264,111.191246,5735934.210690141,620062.6676124922,-111.191246,30U,0.518,-0.06,0.014,0.03303338790194567,-0.005152919492658056,1.474945776569883
1417777924075311,51.7614126287,-1.2602750022,111.190201,5735934.258217279,620062.6612449202,-111.190201,30U,0.438,-0.046,0.008,0.0329079088080037,-0.004939301233093136,1.4747772669975892
1417777924181821,51.7614129896,-1.260275063,111.189392,5735934.298251562,620062.6560918028,-111.189392,30U,0.366,-0.04,0.009,0.03264465490120319,-0.0048255233692539425,1.474593560716089
1417777924287384,51.7614132895,-1.2602751162,111.188393,5735934.3315147655,620062.6516249746,-111.188393,30U,0.302,-0.035,0.012,0.03218034855916405,-0.004633576510454527,1.474605801293073
1417777924378852,51.7614135338,-1.2602751613,111.187325,5735934.358608235,620062.6478646128,-111.187325,30U,0.243,-0.029,0.011,0.03182209988056263,-0.004484344274281745,1.4746201107449552
1417777924470320,51.7614137271,-1.2602751985,111.186302,5735934.3800431825,620062.644784712,-111.186302,30U,0.188,-0.024,0.011,0.03159089994031266,-0.004408749969835445,1.474523277802858
1417777924575073,51.7614138732,-1.26027523,111.185326,5735934.396238574,620062.642223375,-111.185326,30U,0.137,-0.021,0.009,0.03159384497922188,-0.004368022137526834,1.4744501772161205
1417777924681724,51.7614139736,-1.2602752575,111.184509,5735934.40735842,620062.6400593105,-111.184509,30U,0.087,-0.017,0.007,0.03162349999944221,-0.004360400000194706,1.4744882999996582
1417777924788292,51.7614140307,-1.2602752762,111.183907,5735934.413677519,620062.6386173845,-111.183907,30U,0.04,-0.01,0.007,0.031672909513093275,-0.004356506341675773,1.4745056044033757
1417777924892968,51.7614140469,-1.2602752858,111.183189,5735934.415463257,620062.6379119339,-111.183189,30U,-0.004,-0.005,0.009,0.031638804404189855,-0.004309287315719729,1.474450693657301
1417777924984409,51.7614140286,-1.2602752907,111.182289,5735934.413420115,620062.6376223469,-111.182289,30U,-0.027,-0.004,0.012,0.031593462654377256,-0.004102166292132113,1.4744529120371026
1417777925075849,51.7614140128,-1.2602752973,111.18132,5735934.411652188,620062.6372088154,-111.18132,30U,-0.006,-0.006,0.007,0.03155718543784117,-0.003446378856839069,1.474510472812574
1417777925181607,51.7614140113,-1.2602753049,111.181213,5735934.411472867,620062.6366883375,-111.181213,30U,-0.002,-0.005,-0.003,0.03158728355876134,-0.003116132296607183,1.474483336700399
1417777925287366,51.7614140039,-1.260275313,111.181427,5735934.410636605,620062.6361490091,-111.181427,30U,-0.013,-0.005,0.002,0.03158921456312048,-0.0034633014121867732,1.4744529658246595
1417777925378833,51.7614139933,-1.2602753209,111.180733,5735934.409444812,620062.6356319713,-111.180733,30U,-0.009,-0.005,0.011,0.03161760634195348,-0.003436556192678064,1.4744888120373727
1417777925470301,51.7614139879,-1.2602753275,111.180069,5735934.408833432,620062.6351908476,-111.180069,30U,-0.004,-0.004,0.002,0.0315910677031057,-0.0032238475044715042,1.4744842360528547
1417777925575107,51.7614139839,-1.2602753343,111.180008,5735934.408377413,620062.6347322089,-111.180008,30U,-0.005,-0.005,0.004,0.03156064239578263,-0.0035156678225139936,1.474458891779466
1417777925681819,51.7614139786,-1.2602753416,111.179283,5735934.407776,620062.634242515,-111.179283,30U,-0.007,-0.005,0.009,0.031577199999293086,-0.0034590999997608364,1.4744914999997552
1417777925788532,51.7614139786,-1.2602753416,111.179283,5735934.407776,620062.634242515,-111.179283,30U,-0.007,-0.004,0.004,0.03162106899664962,-0.0033244746911333697,1.4744795480915027
1417777925893331,51.7614139786,-1.2602753416,111.179283,5735934.407776,620062.634242515,-111.179283,30U,-0.003,-0.005,0.006,0.031633472166761614,-0.0034080614219658997,1.4744627512626929
1417777925984735,51.7614139786,-1.2602753416,111.179283,5735934.407776,620062.634242515,-111.179283,30U,-0.004,-0.005,0.006,0.031689558250715955,-0.003436412037208495,1.4744822886074944
1417777926076139,51.7614139786,-1.2602753416,111.179283,5735934.407776,620062.634242515,-111.179283,30U,-0.005,-0.004,0.005,0.03173144051709566,-0.003445462653229551,1.4744929917797909
1417777926181847,51.7614139786,-1.2602753416,111.179283,5735934.407776,620062.634242515,-111.179283,30U,-0.003,-0.003,0.006,0.03172146200724976,-0.0034137341748765354,1.4745140259538652
1417777926287559,51.7614139786,-1.2602753416,111.179283,5735934.407776,620062.634242515,-111.179283,30U,-0.003,0.001,0.005,0.0315546100404689,-0.003453626600102693,1.4744987563125853
1417777926379026,51.7614139786,-1.2602753416,111.179283,5735934.407776,620062.634242515,-111.179283,30U,-0.005,-0.002,0.005,0.03137848414453453,-0.0034057866697745926,1.4744550797412697
1417777926470494,51.7614139786,-1.2602753416,111.179283,5735934.407776,620062.634242515,-111.179283,30U,-0.005,-0.007,0.004,0.031417500060174346,-0.00333646834940698,1.4744841234302488
1417777926575253,51.7614139786,-1.2602753416,111.179283,5735934.407776,620062.634242515,-111.179283,30U,-0.003,-0.007,0.003,0.03162737539832651,-0.0033792955963849124,1.4744863284792258
1417777926681910,51.7614139786,-1.2602753416,111.179283,5735934.407776,620062.634242515,-111.179283,30U,-0.003,-0.004,0.003,0.031769900000825996,-0.003436600000442289,1.4745022999994282
1417777926788606,51.7614139786,-1.2602753416,111.179283,5735934.407776,620062.634242515,-111.179283,30U,-0.005,0.0,0.004,0.031695448031828416,-0.003421367703972691,1.474527665178371
1417777926893398,51.7614139786,-1.2602753416,111.179283,5735934.407776,620062.634242515,-111.179283,30U,-0.003,-0.001,0.004,0.03153519489140463,-0.0033958316503150923,1.4745143822663225
1417777926984865,51.7614139786,-1.2602753416,111.179283,5735934.407776,620062.634242515,-111.179283,30U,-0.004,-0.004,0.003,0.031516741162194814,-0.003427929124433236,1.474527325954432
1417777927076332,51.7614139786,-1.2602753416,111.179283,5735934.407776,620062.634242515,-111.179283,30U,-0.005,-0.004,0.004,0.03163639054751184,-0.0034345480918898767,1.4745348999992163
1417777927181969,51.7614139786,-1.2602753416,111.179283,5735934.407776,620062.634242515,-111.179283,30U,-0.004,-0.001,0.004,0.031704208867343105,-0.0034041854366509724,1.4745138854374071
1417777927288556,51.7614139786,-1.2602753416,111.179283,5735934.407776,620062.634242515,-111.179283,30U,-0.003,0.0,0.003,0.0316406493236743,-0.0034066322957598187,1.4745343348214621
1417777927395225,51.7614139786,-1.2602753416,111.179283,5735934.407776,620062.634242515,-111.179283,30U,-0.004,0.0,0.003,0.03155149618284246,-0.0034235145619270694,1.474543748738239
1417777927496895,51.7614139786,-1.2602753416,111.179283,5735934.407776,620062.634242515,-111.179283,30U,-0.005,-0.002,0.003,0.03155234116305586,-0.0034108879617455535,1.4745275708747405
1417777927576906,51.7614139786,-1.2602753416,111.179283,5735934.407776,620062.634242515,-111.179283,30U,-0.004,-0.002,0.003,0.03164035572613286,-0.0033897398700309905,1.4745343348214621
1417777927656918,51.7614139786,-1.2602753416,111.179283,5735934.407776,620062.634242515,-111.179283,30U,-0.004,0.0,0.003,0.031673700000636774,-0.0034102000000783067,1.4745340999996286
1417777927755243,51.7614139786,-1.2602753416,111.179283,5735934.407776,620062.634242515,-111.179283,30U,-0.004,0.002,0.003,0.0316209645334579,-0.003420005696148324,1.4745288063427033
1417777927861892,51.7614139786,-1.2602753416,111.179283,5735934.407776,620062.634242515,-111.179283,30U,-0.005,0.001,0.003,0.0315786626532741,-0.00340049682988454,1.4745480291250683
1417777927968530,51.7614139786,-1.2602753416,111.179283,5735934.407776,620062.634242515,-111.179283,30U,-0.005,0.001,0.003,0.031597937992738634,-0.0034001341749005853,1.4745434170872838
1417777928075165,51.7614139786,-1.2602753416,111.179283,5735934.407776,620062.634242515,-111.179283,30U,-0.004,0.0,0.002,0.031658966470398175,-0.0034187430411916275,1.4745298341740813
1417777928181827,51.7614139786,-1.2602753416,111.179283,5735934.407776,620062.634242515,-111.179283,30U,-0.004,0.002,0.002,0.03166659430448498,-0.0034117423964075137,1.4745378316497049
1417777928288492,51.7614139786,-1.2602753416,111.179283,5735934.407776,620062.634242515,-111.179283,30U,-0.004,0.003,0.002,0.03162539618273744,-0.0034020829118049235,1.4745373601298093
1417777928395202,51.7614139786,-1.2602753416,111.179283,5735934.407776,620062.634242515,-111.179283,30U,-0.004,0.002,0.002,0.031597691779141054,-0.00340967152136212,1.4745388430418265
1417777928499048,51.7614139786,-1.2602753416,111.179283,5735934.407776,620062.634242515,-111.179283,30U,-0.004,0.001,0.002,0.031628289254468187,-0.0034129455670526437,1.474545523429165
1417777928590488,51.7614139786,-1.2602753416,111.179283,5735934.407776,620062.634242515,-111.179283,30U,-0.005,0.002,0.002,0.03166565190871938,-0.003403408220591108,1.4745376917790187
1417777928681927,51.7614139786,-1.2602753416,111.179283,5735934.407776,620062.634242515,-111.179283,30U,-0.004,0.003,0.001,0.031659799999506355,-0.003402799999526727,1.4745407000005921
1417777928788564,51.7614139786,-1.2602753416,111.179283,5735934.407776,620062.634242515,-111.179283,30U,-0.004,0.003,0.001,0.03163519113281525,-0.0034090025244425263,1.4745411512624518
1417777928893295,51.7614139786,-1.2602753416,111.179283,5735934.407776,620062.634242515,-111.179283,30U,-0.004,0.002,0.002,0.03162076265471399,-0.003402622784030468,1.474544579741856
1417777928984685,51.7614139786,-1.2602753416,111.179283,5735934.407776,620062.634242515,-111.179283,30U,-0.004,0.002,0.001,0.03165746647160716,-0.0034002601300767137,1.4745436601296182
1417777929076075,51.7614139786,-1.2602753416,111.179283,5735934.407776,620062.634242515,-111.179283,30U,-0.004,0.002,0.001,0.03167345190906492,-0.003407251908588227,1.474540896828353
1417777929167493,51.7614139786,-1.2602753416,111.179283,5735934.407776,620062.634242515,-111.179283,30U,-0.004,0.003,0.001,0.03166302530862285,-0.003415171521583394,1.4745447316500777
1417777929258912,51.7614139786,-1.2602753416,111.179283,5735934.407776,620062.634242515,-111.179283,30U,-0.004,0.003,0.001,0.03164206012915922,-0.0034093854374631087,1.4745501227836415
1417777929361783,51.7614139786,-1.2602753416,111.179283,5735934.407776,620062.634242515,-111.179283,30U,-0.004,0.003,0.0,0.031639520257963884,-0.0034097113916635525,1.4745496227834627
1417777929468470,51.7614139786,-1.2602753416,111.179283,5735934.407776,620062.634242515,-111.179283,30U,-0.003,0.002,0.001,0.03166188355785942,-0.003415239870422231,1.4745467056960015
1417777929575179,51.7614139786,-1.2602753416,111.179283,5735934.407776,620062.634242515,-111.179283,30U,-0.003,0.002,0.0,0.03167246012920813,-0.0034164170880213846,1.474553408221096
1417777929681890,51.7614139786,-1.2602753416,111.179283,5735934.407776,620062.634242515,-111.179283,30U,-0.003,0.002,0.0,0.0316701999993853,-0.0034123999998177507,1.4745449999996862
1417777929788547,51.7614139786,-1.2602753416,111.179283,5735934.407776,620062.634242515,-111.179283,30U,-0.003,0.002,0.0,0.03164923987090453,-0.003415931650869881,1.4745326170876107
1417777929895203,51.7614139786,-1.2602753416,111.179283,5735934.407776,620062.634242515,-111.179283,30U,-0.003,0.002,0.0,0.03165920000068808,-0.0034182797417963563,1.4745451373466263
1417777930001857,51.7614139786,-1.2602753416,111.179283,5735934.407776,620062.634242515,-111.179283,30U,-0.002,0.001,-0.0,0.03166986012967473,-0.0034126341741341493,1.4745410601300848
1417777930104705,51.7614139786,-1.2602753416,111.179283,5735934.407776,620062.634242515,-111.179283,30U,-0.002,0.002,-0.0,0.0316765455662506,-0.0034107544335858003,1.4745366772173791
1417777930196131,51.7614139786,-1.2602753416,111.179283,5735934.407776,620062.634242515,-111.179283,30U,-0.001,0.002,-0.001,0.031661300000042705,-0.0034175974751384595,1.4745455398701666
1417777930287560,51.7614139786,-1.2602753416,111.179283,5735934.407776,620062.634242515,-111.179283,30U,-0.001,0.001,-0.001,0.03164743100468644,-0.003423722783197491,1.4745413430409753
1417777930379027,51.7614139786,-1.2602753416,111.179283,5735934.407776,620062.634242515,-111.179283,30U,-0.001,0.001,-0.0,0.03165793482023996,-0.0034192056965604042,1.4745426088671953
1417777930470494,51.7614139786,-1.2602753416,111.179283,5735934.407776,620062.634242515,-111.179283,30U,-0.001,0.001,-0.001,0.03166945443312609,-0.0034256803881197594,1.474537153786513
1417777930575281,51.7614139786,-1.2602753416,111.179283,5735934.407776,620062.634242515,-111.179283,30U,-0.001,0.001,-0.001,0.03166998543733371,-0.003426091779677747,1.474534788608813
1417777930681972,51.7614139786,-1.2602753416,111.179283,5735934.407776,620062.634242515,-111.179283,30U,-0.001,0.002,-0.0,0.03165929999932758,-0.0034311000002210158,1.4745339000006044
1417777930773333,51.7614139786,-1.2602753416,111.179283,5735934.407776,620062.634242515,-111.179283,30U,-0.001,0.002,0.0,0.03165373987076824,-0.0034297000000694917,1.4745418829132007
1417777930864693,51.7614139786,-1.2602753416,111.179283,5735934.407776,620062.634242515,-111.179283,30U,-0.001,0.001,-0.0,0.031658008867578795,-0.003433254432904348,1.4745436829131462
1417777930968485,51.7614139786,-1.2602753416,111.179283,5735934.407776,620062.634242515,-111.179283,30U,-0.001,0.001,-0.001,0.03166946012988077,-0.003435845566165151,1.4745423632993695
1417777931075145,51.7614139786,-1.2602753416,111.179283,5735934.407776,620062.634242515,-111.179283,30U,-0.001,0.002,-0.001,0.031671462654341995,-0.003433228479858371,1.4745415854375377
1417777931181853,51.7614139786,-1.2602753416,111.179283,5735934.407776,620062.634242515,-111.179283,30U,-0.001,0.002,-0.002,0.03166044809087217,-0.0034380772174505796,1.4745403999994378
1417777931288558,51.7614139786,-1.2602753416,111.179283,5735934.407776,620062.634242515,-111.179283,30U,-0.001,0.002,-0.001,0.031662899999218536,-0.0034350202593030777,1.4745449974759401
1417777931395185,51.7614139786,-1.2602753416,111.179283,5735934.407776,620062.634242515,-111.179283,30U,-0.001,0.002,-0.001,0.03166460569553388,-0.0034353658257683262,1.4745473829116766
1417777931501827,51.7614139786,-1.2602753416,111.179283,5735934.407776,620062.634242515,-111.179283,30U,-0.001,0.003,-0.001,0.031672296829222,-0.003435208220791542,1.4745429145633588
1417777931608538,51.7614139786,-1.2602753416,111.179283,5735934.407776,620062.634242515,-111.179283,30U,-0.0,0.003,-0.001,0.03166695126271425,-0.003441665825577519,1.4745487746913275
1417777931706900,51.7614139786,-1.2602753416,111.179283,5735934.407776,620062.634242515,-111.179283,30U,-0.001,0.003,-0.0,0.031663200000373,-0.0034433000000454418,1.474548999999371
1417777931786892,51.7614139786,-1.2602753416,111.179283,5735934.407776,620062.634242515,-111.179283,30U,-0.001,0.003,-0.0,0.03165963417577412,-0.0034444088670604286,1.4745448544339905
1417777931866885,51.7614139786,-1.2602753416,111.179283,5735934.407776,620062.634242515,-111.179283,30U,-0.0,0.003,0.0,0.031665603170400014,-0.003451351263226087,1.4745468253086513
1417777931968586,51.7614139786,-1.2602753416,111.179283,5735934.407776,620062.634242515,-111.179283,30U,-0.0,0.003,0.0,0.03167095443366244,-0.003447368350314536,1.474546231650614
1417777932075297,51.7614139786,-1.2602753416,111.179283,5735934.407776,620062.634242515,-111.179283,30U,-0.001,0.003,0.0,0.03166799177914508,-0.0034509829132327824,1.4745538803885094
1417777932181911,51.7614139786,-1.2602753416,111.179283,5735934.407776,620062.634242515,-111.179283,30U,-0.001,0.003,0.0,0.031659642396274904,-0.0034518886082148736,1.4745545854369502
1417777932287571,51.7614139786,-1.2602753416,111.179283,5735934.407776,620062.634242515,-111.179283,30U,-0.001,0.002,-0.0,0.0316556803871718,-0.003451422783328174,1.4745619436874806
1417777932379027,51.7614139786,-1.2602753416,111.179283,5735934.407776,620062.634242515,-111.179283,30U,-0.001,0.002,-0.0,0.031670560128877825,-0.003449231004089508,1.4745693139162057
1417777932470483,51.7614139786,-1.2602753416,111.179283,5735934.407776,620062.634242515,-111.179283,30U,-0.001,0.002,-0.001,0.03167107152082063,-0.0034528829118177585,1.4745726569582525
1417777932575243,51.7614139786,-1.2602753416,111.179283,5735934.407776,620062.634242515,-111.179283,30U,-0.001,0.002,-0.0,0.031668399999439815,-0.003455522783397924,1.474580243042318
1417777932681903,51.7614139786,-1.2602753416,111.179283,5735934.407776,620062.634242515,-111.179283,30U,-0.001,0.002,-0.001,0.031659899999891175,-0.003455100000075909,1.474578400000808
1417777932788526,51.7614139786,-1.2602753416,111.179283,5735934.407776,620062.634242515,-111.179283,30U,-0.001,0.002,-0.0,0.031666020258712686,-0.0034516423963626233,1.4745802196130184
1417777932893253,51.7614139786,-1.2602753416,111.179283,5735934.407776,620062.634242515,-111.179283,30U,-0.001,0.003,-0.001,0.03168091456344599,-0.0034514398701015517,1.4745823348211717
1417777932984720,51.7614139786,-1.2602753416,111.179283,5735934.407776,620062.634242515,-111.179283,30U,-0.001,0.003,-0.0,0.03168181139215548,-0.0034565544335561447,1.4745822569585434
1417777933076187,51.7614139786,-1.2602753416,111.179283,5735934.407776,620062.634242515,-111.179283,30U,-0.001,0.003,-0.0,0.031674268349654394,-0.0034494829126964365,1.4745749113913207
1417777933181945,51.7614139786,-1.2602753416,111.179283,5735934.407776,620062.634242515,-111.179283,30U,-0.001,0.002,-0.0,0.031669274692138406,-0.003446145567404601,1.474574265825446
1417777933287702,51.7614139786,-1.2602753416,111.179283,5735934.407776,620062.634242515,-111.179283,30U,-0.002,0.002,-0.0,0.03167918543783077,-0.003445539870086318,1.4745686170882661
1417777933379161,51.7614139786,-1.2602753416,111.179283,5735934.407776,620062.634242515,-111.179283,30U,-0.001,0.002,-0.001,0.03168734873718675,-0.0034397341754465577,1.4745635601294032
1417777933470620,51.7614139786,-1.2602753416,111.179283,5735934.407776,620062.634242515,-111.179283,30U,-0.001,0.002,-0.001,0.031684025307405043,-0.0034407487370860714,1.4745609658248795
1417777933575380,51.7614139786,-1.2602753416,111.179283,5735934.407776,620062.634242515,-111.179283,30U,-0.001,0.002,-0.0,0.0316742658259083,-0.0034401373465037686,1.47456919177981
1417777933682040,51.7614139786,-1.2602753416,111.179283,5735934.407776,620062.634242515,-111.179283,30U,-0.001,0.002,-0.0,0.03167410000043073,-0.0034400999999484342,1.4745665000003925
1417777933788700,51.7614139786,-1.2602753416,111.179283,5735934.407776,620062.634242515,-111.179283,30U,-0.001,0.002,-0.0,0.031676477217411764,-0.0034365284785948715,1.4745687025256233
1417777933893459,51.7614139786,-1.2602753416,111.179283,5735934.407776,620062.634242515,-111.179283,30U,-0.0,0.002,-0.0,0.03167801708824955,-0.0034395772162415968,1.4745642797408711
1417777933984902,51.7614139786,-1.2602753416,111.179283,5735934.407776,620062.634242515,-111.179283,30U,-0.0,0.002,0.0,0.03168431708805874,-0.003434722783640038,1.4745592455672818
1417777934076346,51.7614139786,-1.2602753416,111.179283,5735934.407776,620062.634242515,-111.179283,30U,-0.0,0.002,-0.0,0.03167201456235806,-0.0034384455674438836,1.4745715455657458
1417777934182078,51.7614139786,-1.2602753416,111.179283,5735934.407776,620062.634242515,-111.179283,30U,-0.001,0.002,-0.0,0.031673285437815536,-0.0034403943043482222,1.4745668405176202
1417777934287806,51.7614139786,-1.2602753416,111.179283,5735934.407776,620062.634242515,-111.179283,30U,-0.001,0.002,0.0,0.031680474691605266,-0.0034398829124054125,1.4745611170873296
1417777934379189,51.7614139786,-1.2602753416,111.179283,5735934.407776,620062.634242515,-111.179283,30U,-0.001,0.002,0.0,0.031693828479728965,-0.0034405917796264396,1.4745587202580839
1417777934470572,51.7614139786,-1.2602753416,111.179283,5735934.407776,620062.634242515,-111.179283,30U,-0.001,0.002,0.0,0.031690865825211606,-0.003444382912269122,1.474556699999332
1417777934575367,51.7614139786,-1.2602753416,111.179283,5735934.407776,620062.634242515,-111.179283,30U,-0.0,0.001,0.001,0.03168813417549273,-0.00343989999917879,1.4745523227833812
1417777934682078,51.7614139786,-1.2602753416,111.179283,5735934.407776,620062.634242515,-111.179283,30U,-0.0,0.001,0.001,0.031696899999158416,-0.003435700000469547,1.4745572999998955
1417777934788761,51.7614139786,-1.2602753416,111.179283,5735934.407776,620062.634242515,-111.179283,30U,-0.0,0.001,-0.0,0.03169586835074553,-0.0034376829126659693,1.4745552772173978
1417777934893535,51.7614139786,-1.2602753416,111.179283,5735934.407776,620062.634242515,-111.179283,30U,-0.0,0.001,0.0,0.03170878860780968,-0.00344177721598104,1.4745553569580006
1417777934984950,51.7614139786,-1.2602753416,111.179283,5735934.407776,620062.634242515,-111.179283,30U,-0.0,0.002,0.0,0.03170860317181264,-0.003440651262192677,1.4745572999998955
1417777935076366,51.7614139786,-1.2602753416,111.179283,5735934.407776,620062.634242515,-111.179283,30U,0.0,0.001,-0.0,0.03172224621335328,-0.0034351227834339983,1.4745643202586898
1417777935182077,51.7614139786,-1.2602753416,111.179283,5735934.407776,620062.634242515,-111.179283,30U,0.0,0.001,0.0,0.031733940516244244,-0.0034386803875321057,1.4745629316503024
1417777935288740,51.7614139786,-1.2602753416,111.179283,5735934.407776,620062.634242515,-111.179283,30U,0.001,0.001,-0.0,0.031769377862890975,-0.0034475462133279487,1.4745654291257047
1417777935395400,51.7614139786,-1.2602753416,111.179283,5735934.407776,620062.634242515,-111.179283,30U,0.001,0.003,0.0,0.03175679870773985,-0.0034734917788239303,1.4746126493838634
1417777935497062,51.7614139786,-1.2602753416,111.179283,5735934.407776,620062.634242515,-111.179283,30U,0.0,0.006,0.001,0.03164058537830117,-0.003466716442083615,1.4745849563126898
1417777935577068,51.7614139786,-1.2602753416,111.179283,5735934.407776,620062.634242515,-111.179283,30U,0.001,0.003,0.001,0.03149950692769462,-0.003405010745258376,1.4745464139170934
1417777935657073,51.7614139786,-1.2602753416,111.179283,5735934.407776,620062.634242515,-111.179283,30U,0.001,-0.0,0.0,0.03153909999928346,-0.0033923999996477838,1.4745823000001081
1417777935755397,51.7614139786,-1.2602753416,111.179283,5735934.407776,620062.634242515,-111.179283,30U,0.001,-0.001,0.001,0.031700031709757784,-0.0034098689966403375,1.4745566455660035
1417777935862047,51.7614139786,-1.2602753416,111.179283,5735934.407776,620062.634242515,-111.179283,30U,0.001,0.001,-0.0,0.031828061420887295,-0.0034132373459610046,1.474572312037559
1417777935968703,51.7614139786,-1.2602753416,111.179283,5735934.407776,620062.634242515,-111.179283,30U,0.002,0.004,0.0,0.03179118919542926,-0.0034188145630390447,1.474598185437181
1417777936075359,51.7614139786,-1.2602753416,111.179283,5735934.407776,620062.634242515,-111.179283,30U,0.002,0.003,0.001,0.031660863885895854,-0.0034285886075630773,1.4745676107453818
1417777936182066,51.7614139786,-1.2602753416,111.179283,5735934.407776,620062.634242515,-111.179283,30U,0.002,0.0,0.001,0.031655566471276854,-0.003438377216859717,1.474587754433273
1417777936288772,51.7614139786,-1.2602753416,111.179283,5735934.407776,620062.634242515,-111.179283,30U,0.002,0.0,0.001,0.03174115320107918,-0.003425599999999742,1.4745892139159908
1417777936395405,51.7614139786,-1.2602753416,111.179283,5735934.407776,620062.634242515,-111.179283,30U,0.002,0.001,0.001,0.031784805695578,-0.0034307000004270556,1.4745678683507435
1417777936499188,51.7614139786,-1.2602753416,111.179283,5735934.407776,620062.634242515,-111.179283,30U,0.002,0.002,0.0,0.031739115794467525,-0.0034363170878065285,1.4745926493836932
1417777936590620,51.7614139786,-1.2602753416,111.179283,5735934.407776,620062.634242515,-111.179283,30U,0.002,0.002,0.001,0.03167981074566852,-0.0034341082200491555,1.474582096182303
1417777936682052,51.7614139786,-1.2602753416,111.179283,5735934.407776,620062.634242515,-111.179283,30U,0.002,-0.0,0.001,0.03168140000059749,-0.0034286999997119273,1.4745674000003652
1417777936788762,51.7614139786,-1.2602753416,111.179283,5735934.407776,620062.634242515,-111.179283,30U,0.002,0.0,0.0,0.03175224685938005,-0.003431117086994392,1.4745778170870176
1417777936893534,51.7614139786,-1.2602753416,111.179283,5735934.407776,620062.634242515,-111.179283,30U,0.003,0.002,0.0,0.03176700504937564,-0.003433900000524063,1.4745675537865617
1417777936984736,51.7614139786,-1.2602753416,111.179283,5735934.407776,620062.634242515,-111.179283,30U,0.002,0.002,0.001,0.0317231677035651,-0.003432645566068143,1.4745663373461784
1417777937075939,51.7614139786,-1.2602753416,111.179283,5735934.407776,620062.634242515,-111.179283,30U,0.003,0.001,0.001,0.031694745566475085,-0.003427434175237308,1.4745791544333398
1417777937167338,51.7614139786,-1.2602753416,111.179283,5735934.407776,620062.634242515,-111.179283,30U,0.003,0.0,0.001,0.03172037216781428,-0.0034340544342375966,1.4745728961835516
1417777937258751,51.7614139786,-1.2602753416,111.179283,5735934.407776,620062.634242515,-111.179283,30U,0.002,0.0,0.002,0.03176728355854571,-0.003431022783364248,1.4745679803869187
1417777937361602,51.7614139786,-1.2602753416,111.179283,5735934.407776,620062.634242515,-111.179283,30U,0.003,0.001,0.001,0.03178120569568703,-0.0034244000006178623,1.4745812576039576
1417777937468265,51.7614139786,-1.2602753416,111.179283,5735934.407776,620062.634242515,-111.179283,30U,0.003,0.002,0.001,0.031753108221253816,-0.0034314398699315856,1.4745723708743532
1417777937574927,51.7614139786,-1.2602753416,111.179283,5735934.407776,620062.634242515,-111.179283,30U,0.003,0.001,0.001,0.03175672342994388,-0.003433022784079377,1.4745651202582777
1417777937681589,51.7614139786,-1.2602753416,111.179283,5735934.407776,620062.634242515,-111.179283,30U,0.003,-0.0,-0.0,0.03181579999943583,-0.0034445999998121437,1.474572400000408
1417777937788299,51.7614139786,-1.2602753416,111.179283,5735934.407776,620062.634242515,-111.179283,30U,0.004,0.0,-0.001,0.03188074938369458,-0.00346574304228918,1.474602810158273
1417777937895009,51.7614139786,-1.2602753416,111.179283,5735934.407776,620062.634242515,-111.179283,30U,0.003,0.003,-0.001,0.03182668537712508,-0.0034772227831285523,1.4746594012916436
1417777938001719,51.7614139786,-1.2602753416,111.179283,5735934.407776,620062.634242515,-111.179283,30U,0.003,0.007,-0.0,0.031590346739007624,-0.0034688569575114913,1.4746069233704853
1417777938104619,51.7614139786,-1.2602753416,111.179283,5735934.407776,620062.634242515,-111.179283,30U,0.002,0.002,-0.001,0.031361722723219354,-0.003451377216272064,1.4745293082208564
1417777938196084,51.7614139786,-1.2602753416,111.179283,5735934.407776,620062.634242515,-111.179283,30U,0.002,-0.004,-0.001,0.03145646212717075,-0.0034348626543262927,1.4745848265998198
1417777938287550,51.7614139786,-1.2602753416,111.179283,5735934.407776,620062.634242515,-111.179283,30U,0.003,-0.001,-0.001,0.031697794363463004,-0.0034245633006039955,1.47458633035805
1417777938379015,51.7614139786,-1.2602753416,111.179283,5735934.407776,620062.634242515,-111.179283,30U,0.003,0.001,-0.001,0.03176657974230754,-0.0034260082202944783,1.4745370088665888
1417777938470481,51.7614139786,-1.2602753416,111.179283,5735934.407776,620062.634242515,-111.179283,30U,0.003,0.002,-0.001,0.031652808161653646,-0.0034165544332162116,1.4745963810337697
1417777938575285,51.7614139786,-1.2602753416,111.179283,5735934.407776,620062.634242515,-111.179283,30U,0.004,0.002,-0.001,0.03155134239490075,-0.0034274487382645875,1.4745911303573227
1417777938681995,51.7614139786,-1.2602753416,111.179283,5735934.407776,620062.634242515,-111.179283,30U,0.004,-0.002,-0.001,0.03158930000047802,-0.003429599999684669,1.4745679000005443
1417777938773427,51.7614139786,-1.2602753416,111.179283,5735934.407776,620062.634242515,-111.179283,30U,0.004,-0.001,-0.001,0.03170557028873684,-0.003421608220815591,1.4746075974759834
1417777938864860,51.7614139786,-1.2602753416,111.179283,5735934.407776,620062.634242515,-111.179283,30U,0.004,0.002,-0.001,0.03170048097496054,-0.0034257430419492472,1.4745839278337949
1417777938968705,51.7614139786,-1.2602753416,111.179283,5735934.407776,620062.634242515,-111.179283,30U,0.004,0.001,-0.001,0.031623110745640455,-0.003424022782606629,1.4745797411624197
1417777939075415,51.7614139786,-1.2602753416,111.179283,5735934.407776,620062.634242515,-111.179283,30U,0.004,-0.001,-0.001,0.03162494368867557,-0.00342401708759728,1.474614039870225
1417777939182068,51.7614139786,-1.2602753416,111.179283,5735934.407776,620062.634242515,-111.179283,30U,0.004,-0.002,-0.0,0.03171273928448995,-0.0034248398707132544,1.4745798335287346
1417777939288720,51.7614139786,-1.2602753416,111.179283,5735934.407776,620062.634242515,-111.179283,30U,0.005,-0.0,-0.001,0.0317915088664444,-0.0034386803875321057,1.4745803810332847
1417777939395410,51.7614139786,-1.2602753416,111.179283,5735934.407776,620062.634242515,-111.179283,30U,0.005,0.002,-0.0,0.03174356958324863,-0.0034378936576824892,1.47460022025896
1417777939502084,51.7614139786,-1.2602753416,111.179283,5735934.407776,620062.634242515,-111.179283,30U,0.005,0.001,0.0,0.031643670228555444,-0.003435410745307285,1.4745735999997898
1417777939608689,51.7614139786,-1.2602753416,111.179283,5735934.407776,620062.634242515,-111.179283,30U,0.005,-0.001,0.001,0.03166265320093566,-0.003440768349350876,1.4745909689963974
1417777939706960,51.7614139786,-1.2602753416,111.179283,5735934.407776,620062.634242515,-111.179283,30U,0.005,-0.001,0.001,0.03174630000076506,-0.003447799999909152,1.4745884999995322
1417777939786896,51.7614139786,-1.2602753416,111.179283,5735934.407776,620062.634242515,-111.179283,30U,0.005,0.002,0.0,0.031773498018022935,-0.003456684816632585,1.4745717066002948
1417777939866831,51.7614139786,-1.2602753416,111.179283,5735934.407776,620062.634242515,-111.179283,30U,0.005,0.002,0.001,0.03169294058710525,-0.003414767900231236,1.4746092170839336
1417777939968521,51.7614139786,-1.2602753416,111.179283,5735934.407776,620062.634242515,-111.179283,30U,0.007,0.002,-0.0,0.031662229323292206,-0.0034478444063213098,1.474591986214428
1417777940075230,51.7614139786,-1.2602753416,111.179283,5735934.407776,620062.634242515,-111.179283,30U,0.005,-0.001,0.001,0.0316896850837927,-0.0035186093253861466,1.4745693575337289
1417777940181940,51.7614139786,-1.2602753416,111.179283,5735934.407776,620062.634242515,-111.179283,30U,0.002,-0.001,0.004,0.03173431259077017,-0.003395327457855447,1.4746396858656627
1417777940287679,51.7614139786,-1.2602753416,111.179283,5735934.407776,620062.634242515,-111.179283,30U,0.007,0.002,-0.001,0.031783710836575586,-0.003376228791089771,1.4745563826635675
1417777940378860,51.7614139786,-1.2602753416,111.179283,5735934.407776,620062.634242515,-111.179283,30U,0.006,-0.0,0.001,0.03165462226211416,-0.0035207634351835677,1.4745662054184854
1417777940470041,51.7614139786,-1.2602753416,111.179283,5735934.407776,620062.634242515,-111.179283,30U,0.002,0.001,0.003,0.031670085184645785,-0.0034494870438907753,1.4746535759271433
1417777940574809,51.7614139786,-1.2602753416,111.179283,5735934.407776,620062.634242515,-111.179283,30U,0.004,0.0,0.0,0.031671094801767524,-0.003372600000247463,1.4745613849552273
1417777940681518,51.7614139786,-1.2602753416,111.179283,5735934.407776,620062.634242515,-111.179283,30U,0.006,-0.002,0.0,0.03173980000018622,-0.0034561000004334733,1.47457550000012
1417777940788228,51.7614139786,-1.2602753416,111.179283,5735934.407776,620062.634242515,-111.179283,30U,0.004,0.002,0.002,0.03173000616013781,-0.0034725160071270417,1.4746157021584565
1417777940893031,51.7614139786,-1.2602753416,111.179283,5735934.407776,620062.634242515,-111.179283,30U,0.004,0.0,0.001,0.031707496399192764,-0.0033913939971029223,1.4745491971988873
1417777940984497,51.7614139786,-1.2602753416,111.179283,5735934.407776,620062.634242515,-111.179283,30U,0.006,-0.001,0.0,0.03173116146163755,-0.003406021777842142,1.4745836116604194
1417777941075962,51.7614139786,-1.2602753416,111.179283,5735934.407776,620062.634242515,-111.179283,30U,0.004,0.001,0.001,0.031758586652696194,-0.0034728211360588513,1.4746025288042164
1417777941181719,51.7614139786,-1.2602753416,111.179283,5735934.407776,620062.634242515,-111.179283,30U,0.003,0.002,0.002,0.03170035042258716,-0.0034207882406983945,1.4745586319339514
1417777941287476,51.7614139786,-1.2602753416,111.179283,5735934.407776,620062.634242515,-111.179283,30U,0.004,-0.0,0.001,0.03169189405626982,-0.0033954535805831836,1.4745935512040445
1417777941378941,51.7614139786,-1.2602753416,111.179283,5735934.407776,620062.634242515,-111.179283,30U,0.004,0.0,0.002,0.03171271189852865,-0.0034328964798373976,1.4745922515376355
1417777941470406,51.7614139786,-1.2602753416,111.179283,5735934.407776,620062.634242515,-111.179283,30U,0.002,0.0,0.002,0.03177047518455296,-0.0034412734354190987,1.474567280951457
1417777941575210,51.7614139786,-1.2602753416,111.179283,5735934.407776,620062.634242515,-111.179283,30U,0.002,0.001,0.003,0.03172891184567813,-0.0034169444410002037,1.4746036192649887
1417777941681920,51.7614139786,-1.2602753416,111.179283,5735934.407776,620062.634242515,-111.179283,30U,0.002,0.001,0.002,0.031734800000143726,-0.003431799999424112,1.4745830999996958
1417777941788630,51.7614139786,-1.2602753416,111.179283,5735934.407776,620062.634242515,-111.179283,30U,0.001,-0.001,0.002,0.031745479565116926,-0.0034561000004334733,1.4745912547818452
1417777941893433,51.7614139786,-1.2602753416,111.179283,5735934.407776,620062.634242515,-111.179283,30U,0.001,0.002,0.002,0.031749000000683286,-0.0034122157209740076,1.4746229770712609
1417777941984898,51.7614139786,-1.2602753416,111.179283,5735934.407776,620062.634242515,-111.179283,30U,0.003,0.003,0.0,0.03166153781686125,-0.0034506463875730586,1.4745712916028866
1417777942076364,51.7614139786,-1.2602753416,111.179283,5735934.407776,620062.634242515,-111.179283,30U,0.001,0.001,0.002,0.03161677963184669,-0.003465330399330119,1.4745898197546812
1417777942182120,51.7614139786,-1.2602753416,111.179283,5735934.407776,620062.634242515,-111.179283,30U,-0.0,0.0,0.002,0.03164086619828715,-0.0034023830997096205,1.4745869777163774
1417777942287877,51.7614139786,-1.2602753416,111.179283,5735934.407776,620062.634242515,-111.179283,30U,0.001,-0.001,0.002,0.03169785566117166,-0.00341469084569009,1.474557408156204
1417777942379342,51.7614139786,-1.2602753416,111.179283,5735934.407776,620062.634242515,-111.179283,30U,0.001,-0.001,0.0,0.031780518589231116,-0.0034300883550266816,1.4745926161281895
1417777942470808,51.7614139786,-1.2602753416,111.179283,5735934.407776,620062.634242515,-111.179283,30U,-0.001,0.001,0.001,0.0317949671752707,-0.0034474114512204135,1.4745959409158376
1417777942575612,51.7614139786,-1.2602753416,111.179283,5735934.407776,620062.634242515,-111.179283,30U,0.001,0.0,0.002,0.031763912840813244,-0.0033978744185782115,1.4745761282104404
1417777942682321,51.7614139786,-1.2602753416,111.179283,5735934.407776,620062.634242515,-111.179283,30U,0.001,-0.001,-0.001,0.031768400000289646,-0.003446399999757628,1.4746030999998658
1417777942789031,51.7614139786,-1.2602753416,111.179283,5735934.407776,620062.634242515,-111.179283,30U,0.001,0.001,0.001,0.03176188215720987,-0.0034648807257203177,1.4745905081107926
1417777942893834,51.7614139786,-1.2602753416,111.179283,5735934.407776,620062.634242515,-111.179283,30U,-0.001,-0.001,0.0,0.03175841298719963,-0.0034386608730057394,1.474577813081487
1417777942985300,51.7614139786,-1.2602753416,111.179283,5735934.407776,620062.634242515,-111.179283,30U,0.001,-0.0,-0.0,0.03175570898873208,-0.0034272781375661926,1.4746047501598043
1417777943076766,51.7614139786,-1.2602753416,111.179283,5735934.407776,620062.634242515,-111.179283,30U,0.001,-0.001,-0.0,0.031763803148615086,-0.003451255633145711,1.4745799659904981
1417777943182522,51.7614139786,-1.2602753416,111.179283,5735934.407776,620062.634242515,-111.179283,30U,0.001,-0.001,0.001,0.031774874311367225,-0.0034655252164718852,1.4745747999206316
1417777943289231,51.7614139786,-1.2602753416,111.179283,5735934.407776,620062.634242515,-111.179283,30U,0.0,0.0,-0.0,0.03175912780250274,-0.003424928889486423,1.4745835999998749
1417777943395941,51.7614139786,-1.2602753416,111.179283,5735934.407776,620062.634242515,-111.179283,30U,0.001,0.001,-0.001,0.03175437748926305,-0.0034251201810631005,1.4745662921089895
1417777943497648,51.7614139786,-1.2602753416,111.179283,5735934.407776,620062.634242515,-111.179283,30U,0.001,-0.0,0.001,0.031733346168802086,-0.0034341414231928453,1.4745934319334792
1417777943577681,51.7614139786,-1.2602753416,111.179283,5735934.407776,620062.634242515,-111.179283,30U,0.001,0.0,-0.0,0.03176855474641712,-0.0034354713797908284,1.4745825629636304
1417777943657713,51.7614139786,-1.2602753416,111.179283,5735934.407776,620062.634242515,-111.179283,30U,0.001,0.0,0.0,0.03175080000062877,-0.0034395999997696523,1.4745721999996382
1417777943756086,51.7614139786,-1.2602753416,111.179283,5735934.407776,620062.634242515,-111.179283,30U,0.001,0.001,0.0,0.031708798495099895,-0.003422981412709804,1.4745861866825458
1417777943862795,51.7614139786,-1.2602753416,111.179283,5735934.407776,620062.634242515,-111.179283,30U,0.001,0.001,0.0,0.03167640586660662,-0.0034539999993335227,1.4745838754896252
1417777943969505,51.7614139786,-1.2602753416,111.179283,5735934.407776,620062.634242515,-111.179283,30U,0.0,-0.001,0.001,0.03171620830789253,-0.00341914954408238,1.4745846939216352
1417777944076214,51.7614139786,-1.2602753416,111.179283,5735934.407776,620062.634242515,-111.179283,30U,0.0,-0.002,0.0,0.03178887758537481,-0.003429577584421086,1.4745960517233012
1417777944182924,51.7614139787,-1.2602753453,111.178932,5735934.40778103,620062.6339869224,-111.178932,30U,0.001,0.001,0.0,0.031794303784348665,-0.003438947604421903,1.4745885377876558
1417777944289634,51.7614139781,-1.2602753452,111.178917,5735934.407714471,620062.6339954144,-111.178917,30U,0.0,0.0,-0.001,0.03174834789331486,-0.003437047509843817,1.4745901551720566
1417777944396343,51.7614139772,-1.2602753464,111.178894,5735934.40761241,620062.6339149931,-111.178894,30U,0.0,-0.001,0.001,0.03175234972035952,-0.0034255040976480028,1.4745985493488019
1417777944500194,51.7614139771,-1.260275348,111.178864,5735934.407598654,620062.6338048466,-111.178864,30U,0.001,-0.001,-0.0,0.03180372644697038,-0.0034157282624161585,1.4745961547099442
1417777944591659,51.761413978,-1.2602753473,111.178947,5735934.407699892,620062.6338507641,-111.178947,30U,0.002,0.001,-0.001,0.03175976525085078,-0.003450849296061237,1.4746074507042655
1417777944683124,51.7614139798,-1.2602753433,111.179123,5735934.40790665,620062.634122019,-111.179123,30U,0.001,0.002,0.0,0.03169329999926745,-0.003443699999839402,1.4746092000006508
1417777944789179,51.7614139794,-1.2602753421,111.179001,5735934.407864142,620062.6342058894,-111.179001,30U,0.001,0.001,0.001,0.03158756864258669,-0.003422136631463937,1.47458901881087
1417777944893405,51.7614139795,-1.260275343,111.178902,5735934.407873781,620062.6341435172,-111.178902,30U,0.001,-0.001,-0.0,0.03164259151210329,-0.0033827426548188573,1.4745888699674459
1417777944984831,51.76141398,-1.2602753456,111.178894,5735934.407925105,620062.6339627708,-111.178894,30U,0.001,-0.0,0.001,0.03167761147024072,-0.003414429603062322,1.4745913168370266
1417777945076257,51.7614139802,-1.2602753438,111.178749,5735934.407950308,620062.6340864537,-111.178749,30U,0.001,0.002,0.001,0.03168140000059749,-0.0033857341439207877,1.474583727976142
1417777945167658,51.7614139806,-1.2602753421,111.178772,5735934.40799759,620062.634202706,-111.178772,30U,0.001,-0.0,-0.001,0.031647785008073304,-0.003391021203501343,1.4745862212051586
1417777945259056,51.7614139799,-1.2602753451,111.178711,5735934.407914806,620062.6339975396,-111.178711,30U,0.0,-0.002,0.001,0.03174179441235709,-0.0034150006573402825,1.4746029331149737
1417777945361924,51.7614139789,-1.2602753478,111.178497,5735934.407799156,620062.6338138728,-111.178497,30U,-0.0,-0.0,0.001,0.031862483807959446,-0.00337933398664714,1.4745909254888299
1417777945468614,51.761413979,-1.2602753482,111.178467,5735934.407809617,620062.6337860044,-111.178467,30U,0.002,0.0,-0.0,0.03189384645133861,-0.003386825815951984,1.4745994536632288
1417777945575260,51.76141398,-1.2602753474,111.178421,5735934.407922141,620062.6338385573,-111.178421,30U,0.002,0.001,0.001,0.03183401387328254,-0.0034227890163397107,1.474600208094015
1417777945681900,51.7614139807,-1.2602753453,111.178307,5735934.408003442,620062.6339816159,-111.178307,30U,0.001,0.001,0.001,0.03177999999955047,-0.0034085000005176455,1.4745879000007138
1417777945788609,51.7614139807,-1.2602753453,111.178307,5735934.408003442,620062.6339816159,-111.178307,30U,0.001,-0.0,0.001,0.03176776026730562,-0.0033908803013255003,1.474593001837228
1417777945895319,51.7614139807,-1.2602753453,111.178307,5735934.408003442,620062.6339816159,-111.178307,30U,0.002,-0.001,0.001,0.03182466878880075,-0.00341555139249509,1.4745939683900955
1417777946002028,51.7614139807,-1.2602753453,111.178307,5735934.408003442,620062.6339816159,-111.178307,30U,0.001,0.001,0.001,0.03183595759236528,-0.0034189027370728556,1.4745840829010628
1417777946104925,51.7614139807,-1.2602753453,111.178307,5735934.408003442,620062.6339816159,-111.178307,30U,0.001,0.001,0.001,0.03179798924952244,-0.0034091526576647824,1.4745832868965336
1417777946196390,51.7614139824,-1.2602753469,111.177589,5735934.408189859,620062.6338666943,-111.177589,30U,0.001,-0.0,0.002,0.03178919747804676,-0.003409145377896472,1.4745927168057622
1417777946287855,51.7614139814,-1.2602753492,111.177406,5735934.408074868,620062.6337106294,-111.177406,30U,0.001,-0.0,0.002,0.03177296784459204,-0.0034169559584279374,1.4745869642790874
1417777946379319,51.7614139807,-1.2602753502,111.177269,5735934.407995375,620062.6336434801,-111.177269,30U,0.0,0.0,0.001,0.03179428678658708,-0.0034282057259584207,1.4745802268718424
1417777946470784,51.76141398,-1.2602753506,111.177094,5735934.407916874,620062.6336177334,-111.177094,30U,0.0,0.0,0.003,0.031750292485062226,-0.0034096969944425533,1.4745975456134397
1417777946575587,51.7614139793,-1.2602753508,111.17688,5735934.407838699,620062.6336057888,-111.17688,30U,0.001,-0.0,0.003,0.0317902459252537,-0.00340143111161445,1.4745894955475551
1417777946682296,51.7614139807,-1.26027535,111.176964,5735934.407995705,620062.6336572808,-111.176964,30U,0.001,-0.0,0.001,0.031803999999405363,-0.0034279000001240074,1.4745635999997047
1417777946773537,51.7614139795,-1.2602753501,111.176743,5735934.407862093,620062.6336535638,-111.176743,30U,-0.001,0.002,0.002,0.03176920725521126,-0.0034153290392937154,1.4745827283841917
1417777946864778,51.7614139782,-1.2602753489,111.176445,5735934.407719499,620062.6337398218,-111.176445,30U,0.0,-0.0,0.002,0.03169652045636862,-0.0033462853098319887,1.4746144822640663
1417777946968538,51.7614139784,-1.2602753525,111.176254,5735934.407735815,620062.6334908644,-111.176254,30U,0.001,-0.004,0.0,0.03176265005321152,-0.0033940834447604906,1.4746636474578023
1417777947075187,51.761413979,-1.2602753578,111.176231,5735934.407793813,620062.633123533,-111.176231,30U,0.0,-0.002,0.001,0.03198240015011221,-0.0034538974176067366,1.474652547631508
1417777947181839,51.7614139783,-1.2602753594,111.176079,5735934.407713335,620062.6330149774,-111.176079,30U,-0.001,0.0,0.002,0.032099942566974904,-0.0034476511774291637,1.47459839683146
1417777947288495,51.7614139769,-1.260275359,111.175781,5735934.407558305,620062.633046295,-111.175781,30U,0.0,0.002,0.002,0.032021884520849905,-0.003412923530525508,1.474605100000581
1417777947395203,51.7614139769,-1.2602753558,111.175629,5735934.407563574,620062.6332671188,-111.175629,30U,0.001,0.002,0.001,0.03185763789081931,-0.003440954036675325,1.4746099482128292
1417777947501910,51.7614139759,-1.2602753552,111.175331,5735934.407453354,620062.6333111762,-111.175331,30U,-0.001,-0.0,0.003,0.03179307221545128,-0.0034147666697741134,1.47460093333417
1417777947608609,51.761413975,-1.2602753579,111.175179,5735934.407348824,620062.6331272437,-111.175179,30U,0.0,-0.003,0.001,0.03195659710820294,-0.0033890780376879767,1.4745871219626043
1417777947706974,51.7614139752,-1.260275359,111.175171,5735934.407369253,620062.6330508051,-111.175171,30U,-0.0,0.001,0.0,0.03201380000042036,-0.003459300000530481,1.4745711999992808
1417777947787005,51.7614139747,-1.2602753588,111.175102,5735934.40731398,620062.633065933,-111.175102,30U,-0.002,0.003,0.002,0.03189741047650303,-0.003369022480197261,1.4746096723024544
1417777947867036,51.7614139733,-1.2602753582,111.174919,5735934.40715928,620062.6331110513,-111.174919,30U,0.001,0.001,-0.001,0.031842627197059506,-0.003337553801084721,1.4745914469984462
1417777947968743,51.7614139715,-1.2602753575,111.174706,5735934.406960258,620062.6331641321,-111.174706,30U,0.001,-0.001,0.001,0.03183306146281768,-0.0034334747039279244,1.4745899525288584
1417777948075452,51.7614139701,-1.2602753569,111.17453,5735934.406805559,620062.6332092511,-111.17453,30U,-0.002,0.0,0.002,0.03193260259566322,-0.0034082075461668642,1.4745963788643255
1417777948182160,51.7614139696,-1.2602753567,111.174469,5735934.406750285,620062.6332243792,-111.174469,30U,-0.0,0.002,0.0,0.031871554622675935,-0.003321015966918705,1.4745700411774518
1417777948287916,51.7614139706,-1.2602753568,111.174553,5735934.406861327,620062.6332148248,-111.174553,30U,0.001,0.0,0.0,0.031843297591987826,-0.003398172662186122,1.4745568095396866
1417777948379380,51.7614139712,-1.2602753583,111.1745,5735934.40692558,620062.6331097219,-111.1745,30U,-0.001,0.0,0.001,0.03185504714676693,-0.0034327515372243366,1.474590451982749
1417777948470845,51.7614139702,-1.2602753597,111.1745,5735934.40681207,620062.633015765,-111.1745,30U,-0.001,-0.001,0.001,0.031912819049481754,-0.003353699754728458,1.4745727072691135
1417777948575648,51.7614139708,-1.2602753606,111.174515,5735934.406877313,620062.6329520661,-111.174515,30U,0.002,0.001,0.001,0.03193807852081279,-0.0033693852119757025,1.4745720244474407
1417777948682357,51.7614139728,-1.2602753591,111.174522,5735934.407102195,620062.6330502715,-111.174522,30U,-0.002,0.002,0.005,0.03183610000076026,-0.003446899999936409,1.4745823000001081
1417777948789065,51.76141397,-1.2602753548,111.173805,5735934.406797895,620062.6333544315,-111.173805,30U,0.001,0.006,0.004,0.0316074665165608,-0.00325168217944326,1.4746023843502951
1417777948893868,51.761413971,-1.2602753521,111.173927,5735934.406913547,620062.6335380997,-111.173927,30U,0.001,-0.002,-0.004,0.031666038270510566,-0.003342451762197824,1.4745327641106565
1417777948985333,51.7614139703,-1.2602753568,111.173836,5735934.406827964,620062.6332156213,-111.173836,30U,-0.0,-0.0,0.004,0.031658685139030716,-0.00349425319982403,1.4746047339980555
1417777949076798,51.76141397,-1.2602753557,111.173317,5735934.4067964135,620062.6332923258,-111.173317,30U,0.0,0.001,0.004,0.03190798633750273,-0.0033912656612976938,1.4745494951388078
1417777949182554,51.7614139693,-1.2602753554,111.173187,5735934.406719063,620062.6333148848,-111.173187,30U,-0.0,0.001,0.0,0.03183132691620981,-0.003412283425786351,1.474584223359925
1417777949288310,51.7614139685,-1.260275355,111.172813,5735934.406630757,620062.6333446101,-111.172813,30U,0.0,0.002,0.005,0.031881306421233324,-0.0034252250334632435,1.4746187999991964
1417777949379774,51.7614139673,-1.2602753516,111.172195,5735934.406502905,620062.6335824193,-111.172195,30U,-0.001,0.004,0.004,0.03166663482753956,-0.0033501048110563332,1.4745800326952367
1417777949471238,51.7614139669,-1.2602753498,111.171967,5735934.406461387,620062.6337076938,-111.171967,30U,0.001,-0.0,-0.0,0.03170768824403881,-0.0033330116026503566,1.4745876476330857
1417777949576041,51.7614139679,-1.2602753512,111.171776,5735934.406570287,620062.6336084297,-111.171776,30U,0.001,0.0,0.003,0.03167384721741385,-0.0034102075817885776,1.4746041333674282
1417777949682750,51.761413969,-1.2602753498,111.171524,5735934.406694919,620062.6337021221,-111.171524,30U,0.0,0.0,0.004,0.03183190000030569,-0.0034052000000358153,1.4745667999998018
1417777949789146,51.7614139679,-1.2602753502,111.171227,5735934.406571934,620062.6336774378,-111.171227,30U,-0.0,0.002,0.001,0.03180257351388244,-0.0033340336273177517,1.474595577770416
1417777949893673,51.7614139669,-1.2602753474,111.170929,5735934.406465338,620062.6338733122,-111.170929,30U,0.001,0.002,0.004,0.0317287657651104,-0.0033421746911790695,1.47461986899591
1417777949985113,51.7614139678,-1.2602753471,111.170425,5735934.406565919,620062.6338916257,-111.170425,30U,0.002,-0.001,0.004,0.031670044333469316,-0.003377917733989621,1.4746015253079643
1417777950076552,51.7614139685,-1.2602753508,111.170189,5735934.4066376705,620062.6336344414,-111.170189,30U,-0.001,-0.002,0.002,0.031793913329760386,-0.003406842395004515,1.4745972974747443
1417777950182261,51.761413967,-1.2602753524,111.169914,5735934.4064682275,620062.633528009,-111.169914,30U,-0.001,0.001,0.004,0.03183150822101251,-0.0033552214915953085,1.4746154829119411
1417777950287968,51.7614139666,-1.2602753517,111.169365,5735934.406424898,620062.6335773757,-111.169365,30U,0.002,0.001,0.004,0.03175437551878632,-0.0033386125212996392,1.4746072854739452
1417777950379395,51.7614139676,-1.2602753532,111.169044,5735934.406533634,620062.6334712112,-111.169044,30U,0.001,-0.001,0.002,0.031707772166450564,-0.003410968995637394,1.4746259974752323
1417777950470821,51.7614139675,-1.2602753563,111.168678,5735934.40651741,620062.6332575534,-111.168678,30U,0.0,-0.001,0.004,0.031771994950943086,-0.0033707677029841706,1.4746207854368842
1417777950575539,51.7614139676,-1.2602753587,111.168213,5735934.406524579,620062.63309167,-111.168213,30U,0.001,-0.001,0.004,0.03178615760492731,-0.003340320257904875,1.4746017373462696
1417777950682155,51.7614139689,-1.2602753608,111.167862,5735934.406665689,620062.6329433055,-111.167862,30U,0.002,-0.001,0.003,0.03177729999963225,-0.0033732000008110667,1.4746284999998722
1417777950788792,51.7614139689,-1.2602753608,111.167862,5735934.406665689,620062.6329433055,-111.167862,30U,0.0,-0.0,0.003,0.031723191171262224,-0.003398882904726599,1.4746186051349308
1417777950893528,51.7614139689,-1.2602753608,111.167862,5735934.406665689,620062.6329433055,-111.167862,30U,-0.0,-0.002,0.005,0.03172944556736339,-0.003356241749989501,1.4746211892537133
1417777950984954,51.7614139689,-1.2602753608,111.167862,5735934.406665689,620062.6329433055,-111.167862,30U,0.001,-0.002,0.002,0.0317661095122098,-0.003352103816933789,1.4746342373456731
1417777951076380,51.7614139689,-1.2602753608,111.167862,5735934.406665689,620062.6329433055,-111.167862,30U,0.001,-0.001,0.002,0.03176723100319127,-0.003395599999744792,1.4746168430417912
1417777951182092,51.7614139689,-1.2602753608,111.167862,5735934.406665689,620062.6329433055,-111.167862,30U,0.0,-0.001,0.004,0.03175352530782115,-0.003371422136876486,1.4746226348209213
1417777951288757,51.7614139689,-1.2602753608,111.167862,5735934.406665689,620062.6329433055,-111.167862,30U,0.001,-0.001,0.002,0.03173239999963464,-0.003360991733361974,1.4746413487158905
1417777951395418,51.7614139689,-1.2602753608,111.167862,5735934.406665689,620062.6329433055,-111.167862,30U,0.001,-0.002,0.002,0.03172856899669053,-0.0033781316502693916,1.4746273227840185
1417777951497078,51.7614139689,-1.2602753608,111.167862,5735934.406665689,620062.6329433055,-111.167862,30U,-0.0,-0.002,0.003,0.03176965443300024,-0.003393677215886431,1.474631660129668
1417777951577070,51.7614139689,-1.2602753608,111.167862,5735934.406665689,620062.6329433055,-111.167862,30U,-0.0,-0.001,0.002,0.031760594304934754,-0.003368025309018414,1.474642028479746
1417777951657062,51.7614139689,-1.2602753608,111.167862,5735934.406665689,620062.6329433055,-111.167862,30U,0.001,-0.001,0.002,0.03175319999939253,-0.003374799999986906,1.4746350000004513
1417777951755395,51.7614139689,-1.2602753608,111.167862,5735934.406665689,620062.6329433055,-111.167862,30U,0.001,-0.002,0.002,0.031732102567604836,-0.0033986575443229233,1.47463537720799
1417777951862065,51.7614139689,-1.2602753608,111.167862,5735934.406665689,620062.6329433055,-111.167862,30U,0.0,-0.002,0.002,0.031755089253730634,-0.0033970455669524273,1.4746292797414235
1417777951968722,51.7614139689,-1.2602753608,111.167862,5735934.406665689,620062.6329433055,-111.167862,30U,-0.0,-0.002,0.002,0.03176453165079019,-0.0033833999999203657,1.4746251056957602
1417777952075375,51.7614139689,-1.2602753608,111.167862,5735934.406665689,620062.6329433055,-111.167862,30U,-0.0,-0.002,0.001,0.03178275695828883,-0.003383643042254693,1.474634654433986
1417777952182080,51.7614139689,-1.2602753608,111.167862,5735934.406665689,620062.6329433055,-111.167862,30U,0.0,-0.001,0.001,0.031738831003857486,-0.0033849113922207394,1.4746337423964775
1417777952288787,51.7614139689,-1.2602753608,111.167862,5735934.406665689,620062.6329433055,-111.167862,30U,0.0,-0.002,0.0,0.03173832849040459,-0.003394439888117638,1.4746247056977115
1417777952395472,51.7614139689,-1.2602753608,111.167862,5735934.406665689,620062.6329433055,-111.167862,30U,-0.0,-0.003,0.001,0.03174553482049572,-0.0033862455672795245,1.4746379943047692
1417777952499285,51.7614139689,-1.2602753608,111.167862,5735934.406665689,620062.6329433055,-111.167862,30U,0.0,-0.002,0.0,0.031765394304207606,-0.0033898120376502318,1.4746247253082314
1417777952590651,51.7614139689,-1.2602753608,111.167862,5735934.406665689,620062.6329433055,-111.167862,30U,0.0,-0.002,0.0,0.03175833987012127,-0.0033944000003629125,1.474621502524606
1417777952682017,51.7614139689,-1.2602753608,111.167862,5735934.406665689,620062.6329433055,-111.167862,30U,0.0,-0.002,0.001,0.03174980000027121,-0.003396899999511494,1.4746377000003694
1417777952788725,51.7614139689,-1.2602753608,111.167862,5735934.406665689,620062.6329433055,-111.167862,30U,-0.0,-0.002,0.001,0.031753603130307166,-0.003395014527301882,1.474625445586415
1417777952893524,51.7614139689,-1.2602753608,111.167862,5735934.406665689,620062.6329433055,-111.167862,30U,-0.0,-0.002,0.001,0.03175985760494815,-0.0033961664707881367,1.4746297974758928
1417777952984964,51.7614139689,-1.2602753608,111.167862,5735934.406665689,620062.6329433055,-111.167862,30U,0.0,-0.002,0.001,0.031782768350052865,-0.003405811392363448,1.474625248091938
1417777953076404,51.7614139689,-1.2602753608,111.167862,5735934.406665689,620062.6329433055,-111.167862,30U,-0.0,-0.001,0.001,0.03175696517898923,-0.003377039870027782,1.4746203626535623
1417777953167825,51.7614139689,-1.2602753608,111.167862,5735934.406665689,620062.6329433055,-111.167862,30U,0.0,-0.001,0.001,0.03175104239544595,-0.0033751860842707393,1.4746404601286256
1417777953259245,51.7614139689,-1.2602753608,111.167862,5735934.406665689,620062.6329433055,-111.167862,30U,0.0,-0.001,0.001,0.03172229999916484,-0.0033939772065689215,1.4746384626795819
1417777953362117,51.7614139689,-1.2602753608,111.167862,5735934.406665689,620062.6329433055,-111.167862,30U,-0.001,-0.001,0.001,0.03173717721712476,-0.0033889000001416387,1.4746302943048084
1417777953468807,51.7614139689,-1.2602753608,111.167862,5735934.406665689,620062.6329433055,-111.167862,30U,0.0,-0.001,0.001,0.031726320258631716,-0.003378743042597024,1.4746450316503368
1417777953575451,51.7614139689,-1.2602753608,111.167862,5735934.406665689,620062.6329433055,-111.167862,30U,0.0,-0.001,0.001,0.03171089618363858,-0.00338627721708018,1.4746400025242397
1417777953682089,51.7614139689,-1.2602753608,111.167862,5735934.406665689,620062.6329433055,-111.167862,30U,-0.001,-0.001,0.002,0.03172519999985271,-0.0033848000000718894,1.4746343999998877
1417777953788552,51.7614139689,-1.2602753608,111.167862,5735934.406665689,620062.6329433055,-111.167862,30U,-0.001,-0.001,0.001,0.0317490777690641,-0.0033690575456072624,1.4746429797749459
1417777953895046,51.7614139689,-1.2602753608,111.167862,5735934.406665689,620062.6329433055,-111.167862,30U,-0.001,-0.001,0.002,0.031755902524802176,-0.003390960774966651,1.4746288797416298
1417777954001753,51.7614139689,-1.2602753608,111.167862,5735934.406665689,620062.6329433055,-111.167862,30U,-0.001,-0.001,0.002,0.03175822847971776,-0.003388151908391003,1.47462739999913
1417777954104650,51.7614139689,-1.2602753608,111.167862,5735934.406665689,620062.6329433055,-111.167862,30U,-0.001,-0.001,0.002,0.03174613987029685,-0.00340210000032363,1.4746398772165807
1417777954196114,51.7614139689,-1.2602753608,111.167862,5735934.406665689,620062.6329433055,-111.167862,30U,-0.001,-0.001,0.003,0.03173896899656947,-0.0033921734000603395,1.4746332601288437
1417777954287578,51.7614139689,-1.2602753608,111.167862,5735934.406665689,620062.6329433055,-111.167862,30U,-0.001,-0.001,0.003,0.03175685385141756,-0.003398993738370088,1.4746409917332266
1417777954379041,51.7614139689,-1.2602753608,111.167862,5735934.406665689,620062.6329433055,-111.167862,30U,-0.001,-0.001,0.002,0.03177479177998289,-0.0033849082209574887,1.474637617086758
1417777954470504,51.7614139689,-1.2602753608,111.167862,5735934.406665689,620062.6329433055,-111.167862,30U,-0.001,-0.001,0.002,0.031774827833249246,-0.0033800227825817684,1.4746303170883364
1417777954575306,51.7614139689,-1.2602753608,111.167862,5735934.406665689,620062.6329433055,-111.167862,30U,-0.001,-0.001,0.002,0.03174432530732409,-0.003379722783172631,1.4746361683500324
1417777954682014,51.7614139689,-1.2602753608,111.167862,5735934.406665689,620062.6329433055,-111.167862,30U,-0.001,-0.002,0.002,0.0317327999994286,-0.0033845000006627515,1.4746242000007783
1417777954773478,51.7614139689,-1.2602753608,111.167862,5735934.406665689,620062.6329433055,-111.167862,30U,-0.001,-0.002,0.002,0.0317386917335645,-0.003388137319183785,1.4746275917340201
1417777954864942,51.7614139689,-1.2602753608,111.167862,5735934.406665689,620062.6329433055,-111.167862,30U,-0.001,-0.002,0.002,0.031798649383660095,-0.003382299999177979,1.4746365202590241
1417777954968791,51.7614139689,-1.2602753608,111.167862,5735934.406665689,620062.6329433055,-111.167862,30U,-0.001,-0.002,0.001,0.031846484205409475,-0.0033957917800136596,1.474634391133615
1417777955075499,51.7614139689,-1.2602753608,111.167862,5735934.406665689,620062.6329433055,-111.167862,30U,-0.0,-0.002,0.001,0.031884305696249046,-0.0034152322956932774,1.4746588582499003
1417777955182141,51.7614139689,-1.2602753608,111.167862,5735934.406665689,620062.6329433055,-111.167862,30U,-0.0,0.001,0.001,0.031807103111039604,-0.0034347056951213317,1.474692111392037
1417777955288781,51.7614139689,-1.2602753608,111.167862,5735934.406665689,620062.6329433055,-111.167862,30U,-0.0,0.002,0.002,0.03163608322295583,-0.003430834190066595,1.4746431501592232
1417777955395446,51.7614139689,-1.2602753608,111.167862,5735934.406665689,620062.6329433055,-111.167862,30U,-0.001,-0.002,0.001,0.03151336770429542,-0.0034288202581333775,1.4745950854374688
1417777955502104,51.7614139689,-1.2602753608,111.167862,5735934.406665689,620062.6329433055,-111.167862,30U,-0.0,-0.005,0.002,0.03159335954207038,-0.0034301278326290333,1.4746414582510088
1417777955608724,51.7614139689,-1.2602753608,111.167862,5735934.406665689,620062.6329433055,-111.167862,30U,-0.0,-0.003,0.002,0.031712930417241665,-0.00338278796182091,1.4746438050503918
1417777955707020,51.7614139689,-1.2602753608,111.167862,5735934.406665689,620062.6329433055,-111.167862,30U,0.001,-0.001,0.001,0.031760700000328934,-0.0033886999993719942,1.4746175999998148
1417777955787002,51.7614139689,-1.2602753608,111.167862,5735934.406665689,620062.6329433055,-111.167862,30U,0.0,0.0,0.001,0.03168040144188189,-0.0034050062615075274,1.474654758106713
1417777955866984,51.7614139689,-1.2602753608,111.167862,5735934.406665689,620062.6329433055,-111.167862,30U,-0.0,-0.0,0.001,0.031627187962182154,-0.0034185227841306842,1.4746518854378816
1417777955968637,51.7614139689,-1.2602753608,111.167862,5735934.406665689,620062.6329433055,-111.167862,30U,0.0,-0.002,0.001,0.031656258249979176,-0.003402725308161388,1.4746383145622148
1417777956075292,51.7614139689,-1.2602753608,111.167862,5735934.406665689,620062.6329433055,-111.167862,30U,0.0,-0.001,-0.0,0.03172712342948289,-0.0034025772169743564,1.4746535829119511
1417777956181974,51.7614139689,-1.2602753608,111.167862,5735934.406665689,620062.6329433055,-111.167862,30U,0.0,0.001,-0.0,0.03169137592386544,-0.0034100341746007455,1.4746523544340315
1417777956287707,51.7614139689,-1.2602753608,111.167862,5735934.406665689,620062.6329433055,-111.167862,30U,-0.0,0.001,0.0,0.031639513402310575,-0.0033963626807026457,1.474646765811227
1417777956379170,51.7614139689,-1.2602753608,111.167862,5735934.406665689,620062.6329433055,-111.167862,30U,0.0,-0.0,-0.0,0.031628701291798,-0.0033902373464636745,1.4746580715200506
1417777956470633,51.7614139689,-1.2602753608,111.167862,5735934.406665689,620062.6329433055,-111.167862,30U,0.0,-0.001,-0.0,0.031703446858337016,-0.0033955056961146486,1.474639591132682
1417777956575435,51.7614139689,-1.2602753608,111.167862,5735934.406665689,620062.6329433055,-111.167862,30U,0.0,-0.0,0.0,0.03176112342942277,-0.003394000000568953,1.4746449594827176
1417777956682142,51.7614139689,-1.2602753608,111.167862,5735934.406665689,620062.6329433055,-111.167862,30U,0.0,0.002,-0.0,0.0317491999997076,-0.003396899999511494,1.4746465999997118
1417777956788817,51.7614139689,-1.2602753608,111.167862,5735934.406665689,620062.6329433055,-111.167862,30U,0.0,0.001,-0.0,0.03169963105895601,-0.003406191734514042,1.4746424455855123
1417777956893585,51.7614139689,-1.2602753608,111.167862,5735934.406665689,620062.6329433055,-111.167862,30U,-0.0,0.0,-0.001,0.031705160775153125,-0.0034136398712463914,1.4746452999999453
1417777956985003,51.7614139689,-1.2602753608,111.167862,5735934.406665689,620062.6329433055,-111.167862,30U,-0.0,0.001,-0.0,0.03174601456263787,-0.003405922782766968,1.474649697475678
1417777957076422,51.7614139689,-1.2602753608,111.167862,5735934.406665689,620062.6329433055,-111.167862,30U,-0.0,0.002,-0.001,0.03176634304249971,-0.0034024658248255064,1.4746470974743993
1417777957182082,51.7614139689,-1.2602753608,111.167862,5735934.406665689,620062.6329433055,-111.167862,30U,-0.0,0.002,-0.001,0.03173925631267093,-0.003411845566310257,1.4746648778625648
1417777957287745,51.7614139689,-1.2602753608,111.167862,5735934.406665689,620062.6329433055,-111.167862,30U,-0.0,0.002,-0.001,0.031702836757553025,-0.0034052000000358153,1.4746631943022606
1417777957379208,51.7614139689,-1.2602753608,111.167862,5735934.406665689,620062.6329433055,-111.167862,30U,0.0,0.001,-0.001,0.031723280387257594,-0.003404531003116221,1.4746650943043362
1417777957470671,51.7614139689,-1.2602753608,111.167862,5735934.406665689,620062.6329433055,-111.167862,30U,-0.0,0.001,-0.001,0.03175730634198878,-0.0034039373450791186,1.4746649000003216
1417777957575394,51.7614139689,-1.2602753608,111.167862,5735934.406665689,620062.6329433055,-111.167862,30U,-0.0,0.002,-0.001,0.031766462653404,-0.0034067341741189157,1.4746622202584398
1417777957682010,51.7614139689,-1.2602753608,111.167862,5735934.406665689,620062.6329433055,-111.167862,30U,-0.001,0.003,-0.001,0.03174170000051652,-0.0034048000002418555,1.4746756999999941
1417777957788692,51.7614139689,-1.2602753608,111.167862,5735934.406665689,620062.6329433055,-111.167862,30U,-0.001,0.003,-0.001,0.03171245698271943,-0.0034040772070387275,1.4746768000007364
1417777957893465,51.7614139689,-1.2602753608,111.167862,5735934.406665689,620062.6329433055,-111.167862,30U,-0.001,0.003,-0.001,0.03170799177948501,-0.003405082267105793,1.4746720626535477
1417777957984876,51.7614139689,-1.2602753608,111.167862,5735934.406665689,620062.6329433055,-111.167862,30U,-0.001,0.003,-0.001,0.03170717721686981,-0.0033952626537803207,1.474661768349063
1417777958076288,51.7614139689,-1.2602753608,111.167862,5735934.406665689,620062.6329433055,-111.167862,30U,-0.001,0.003,-0.001,0.031696168350154666,-0.0033910917793803057,1.4746555879619037
1417777958181922,51.7614139689,-1.2602753608,111.167862,5735934.406665689,620062.6329433055,-111.167862,30U,-0.001,0.002,-0.001,0.031687182911709195,-0.0033918227826122355,1.47464623417521
1417777958287559,51.7614139689,-1.2602753608,111.167862,5735934.406665689,620062.6329433055,-111.167862,30U,-0.001,0.002,-0.001,0.0317118036937631,-0.003395262679960259,1.4746473487162908
1417777958379022,51.7614139689,-1.2602753608,111.167862,5735934.406665689,620062.6329433055,-111.167862,30U,-0.001,0.002,-0.001,0.03172780634191261,-0.0033989398705280547,1.4746509487371253
1417777958470485,51.7614139689,-1.2602753608,111.167862,5735934.406665689,620062.6329433055,-111.167862,30U,-0.001,0.003,-0.001,0.031761829125380545,-0.0034016651794657633,1.474642382912484
1417777958575256,51.7614139689,-1.2602753608,111.167862,5735934.406665689,620062.6329433055,-111.167862,30U,-0.001,0.003,-0.001,0.031727308221453435,-0.0034019341748460687,1.4746458056951333
1417777958681928,51.7614139689,-1.2602753608,111.167862,5735934.406665689,620062.6329433055,-111.167862,30U,-0.001,0.003,-0.001,0.03171969999963143,-0.0034103000004631298,1.4746405999993117
1417777958788616,51.7614139689,-1.2602753608,111.167862,5735934.406665689,620062.6329433055,-111.167862,30U,-0.001,0.003,-0.001,0.031699168379152626,-0.0034125227924572746,1.474634731059176
1417777958893357,51.7614139689,-1.2602753608,111.167862,5735934.406665689,620062.6329433055,-111.167862,30U,-0.001,0.003,-0.0,0.031719934821464985,-0.0034100253083281457,1.4746413715203623
1417777958984473,51.7614139689,-1.2602753608,111.167862,5735934.406665689,620062.6329433055,-111.167862,30U,-0.001,0.002,-0.0,0.03172635190843238,-0.0033991423950437975,1.4746576088664272
1417777959075587,51.7614139689,-1.2602753608,111.167862,5735934.406665689,620062.6329433055,-111.167862,30U,-0.001,0.002,-0.0,0.03174924304127229,-0.0033952170867242093,1.4746685715203145
1417777959181320,51.7614139689,-1.2602753608,111.167862,5735934.406665689,620062.6329433055,-111.167862,30U,-0.001,0.002,-0.001,0.0317722943045804,-0.0034083689961039907,1.474659117087464
1417777959288026,51.7614139689,-1.2602753608,111.167862,5735934.406665689,620062.6329433055,-111.167862,30U,-0.002,0.003,0.001,0.03179500626017397,-0.0034116740772392735,1.4746584481533764
1417777959394733,51.7614139689,-1.2602753608,111.167862,5735934.406665689,620062.6329433055,-111.167862,30U,-0.002,0.004,0.0,0.03175320123334031,-0.003393156311899197,1.4746421797421965
1417777959496438,51.7614139689,-1.2602753608,111.167862,5735934.406665689,620062.6329433055,-111.167862,30U,-0.002,0.002,-0.0,0.03169402278374393,-0.0033966405161756125,1.4746556234287393
1417777959576468,51.7614139689,-1.2602753608,111.167862,5735934.406665689,620062.6329433055,-111.167862,30U,-0.002,0.002,0.001,0.031728520904142986,-0.0034177145622966585,1.4746595000004847
1417777959656498,51.7614139689,-1.2602753608,111.167862,5735934.406665689,620062.6329433055,-111.167862,30U,-0.002,0.002,0.001,0.03178679999953844,-0.0034180000004238468,1.4746532000006753
1417777959754868,51.7614139689,-1.2602753608,111.167862,5735934.406665689,620062.6329433055,-111.167862,30U,-0.001,0.004,-0.0,0.03179429911384758,-0.0034008249064053538,1.4746481249060965
1417777959861575,51.7614139689,-1.2602753608,111.167862,5735934.406665689,620062.6329433055,-111.167862,30U,-0.001,0.003,-0.001,0.03178111174984938,-0.0034078125589585163,1.4746501315669882
1417777959968281,51.7614139689,-1.2602753608,111.167862,5735934.406665689,620062.6329433055,-111.167862,30U,-0.001,0.002,0.0,0.03175274223094566,-0.0034280560360497943,1.474657014009349
1417777960074988,51.7614139689,-1.2602753608,111.167862,5735934.406665689,620062.6329433055,-111.167862,30U,-0.002,0.003,0.002,0.031773980186172744,-0.0033754333380845527,1.4746563837831732
1417777960181695,51.7614139689,-1.2602753608,111.167862,5735934.406665689,620062.6329433055,-111.167862,30U,0.002,0.005,-0.002,0.03176931981149473,-0.0033914286314165993,1.4746505184436516
1417777960288401,51.7614139689,-1.2602753608,111.167862,5735934.406665689,620062.6329433055,-111.167862,30U,-0.001,0.003,0.001,0.031725663794921484,-0.003457290606453318,1.4746458050877587
1417777960395108,51.7614139689,-1.2602753608,111.167862,5735934.406665689,620062.6329433055,-111.167862,30U,-0.002,0.004,0.002,0.031678204231178585,-0.0033587945697825645,1.4746535688498332
1417777960498955,51.7614139689,-1.2602753608,111.167862,5735934.406665689,620062.6329433055,-111.167862,30U,-0.0,0.001,-0.002,0.0316905978019797,-0.0033616208913960616,1.4746365989122867
1417777960590414,51.7614139689,-1.2602753608,111.167862,5735934.406665689,620062.6329433055,-111.167862,30U,-0.001,0.002,0.0,0.031759235791259555,-0.0034204319806008195,1.4746541999992877
1417777960681872,51.7614139689,-1.2602753608,111.167862,5735934.406665689,620062.6329433055,-111.167862,30U,-0.002,0.004,0.001,0.03176520000019264,-0.003402699999141905,1.4746458000001241
1417777960788579,51.7614139689,-1.2602753608,111.167862,5735934.406665689,620062.6329433055,-111.167862,30U,-0.001,0.003,-0.0,0.03173584678056123,-0.003362205197959032,1.474647009155503
1417777960893380,51.7614139689,-1.2602753608,111.167862,5735934.406665689,620062.6329433055,-111.167862,30U,-0.001,0.002,0.001,0.031686186403755465,-0.003387740886842817,1.4746623132286383
1417777960984843,51.7614139689,-1.2602753608,111.167862,5735934.406665689,620062.6329433055,-111.167862,30U,-0.001,0.003,-0.001,0.03180015243852263,-0.003410862469466499,1.4746404416455887
1417777961076306,51.7614139689,-1.2602753608,111.167862,5735934.406665689,620062.6329433055,-111.167862,30U,-0.003,0.002,0.001,0.03169972282487742,-0.0033747836043639128,1.4746483983747558
1417777961167694,51.7614139689,-1.2602753608,111.167862,5735934.406665689,620062.6329433055,-111.167862,30U,-0.001,0.004,0.0,0.03179839882419268,-0.003393244812309578,1.474648363208117
1417777961259077,51.7614139689,-1.2602753608,111.167862,5735934.406665689,620062.6329433055,-111.167862,30U,-0.001,0.002,-0.0,0.0316437447418972,-0.0033967000004871788,1.4746383592094825
1417777961361914,51.7614139689,-1.2602753608,111.167862,5735934.406665689,620062.6329433055,-111.167862,30U,-0.002,0.001,0.0,0.03178081353940273,-0.0033996640652305724,1.474650524737309
1417777961468570,51.7614139689,-1.2602753608,111.167862,5735934.406665689,620062.6329433055,-111.167862,30U,-0.002,0.003,0.0,0.031725448901257336,-0.0033767024175982256,1.4746511608784052
1417777961575243,51.7614139689,-1.2602753608,111.167862,5735934.406665689,620062.6329433055,-111.167862,30U,-0.001,0.002,-0.001,0.03175786447384896,-0.0033913999992902203,1.4746279999996934
1417777961681918,51.7614139689,-1.2602753608,111.167862,5735934.406665689,620062.6329433055,-111.167862,30U,-0.002,0.002,-0.001,0.03170310000032812,-0.0034045000008327175,1.474659299999715
1417777961788566,51.7614139689,-1.2602753608,111.167862,5735934.406665689,620062.6329433055,-111.167862,30U,-0.002,0.002,-0.0,0.03173024559313124,-0.003379518532526258,1.4746493641247722
1417777961895217,51.7614139689,-1.2602753608,111.167862,5735934.406665689,620062.6329433055,-111.167862,30U,-0.001,0.001,-0.001,0.031733558477633615,-0.0033731781754687707,1.4746393429660607
1417777962001886,51.7614139689,-1.2602753608,111.167862,5735934.406665689,620062.6329433055,-111.167862,30U,-0.001,0.002,-0.002,0.031747645220267344,-0.0034018095583374765,1.4746479439538507
1417777962104741,51.7614139689,-1.2602753608,111.167862,5735934.406665689,620062.6329433055,-111.167862,30U,-0.002,0.003,-0.0,0.031733681628065634,-0.0033914268616527378,1.4746392731389277
1417777962196152,51.7614139689,-1.2602753608,111.167862,5735934.406665689,620062.6329433055,-111.167862,30U,-0.001,0.002,-0.001,0.031712112035846056,-0.003384253581116321,1.474648057592238
1417777962287566,51.7614139689,-1.2602753608,111.167862,5735934.406665689,620062.6329433055,-111.167862,30U,-0.002,0.002,-0.002,0.03173730790388849,-0.0033998394079885444,1.4746436605929802
1417777962379029,51.7614139689,-1.2602753608,111.167862,5735934.406665689,620062.6329433055,-111.167862,30U,-0.003,0.002,0.0,0.03174735161748992,-0.003397948383886582,1.4746370668263327
1417777962470492,51.7614139689,-1.2602753608,111.167862,5735934.406665689,620062.6329433055,-111.167862,30U,-0.002,0.003,-0.001,0.03175514506063346,-0.003386600443331003,1.4746420890130005
1417777962575240,51.7614139689,-1.2602753608,111.167862,5735934.406665689,620062.6329433055,-111.167862,30U,-0.002,0.003,-0.002,0.031716366413778806,-0.003393510386844549,1.4746460319945243
1417777962681885,51.7614139689,-1.2602753608,111.167862,5735934.406665689,620062.6329433055,-111.167862,30U,-0.002,0.002,-0.0,0.031714299999794984,-0.003402600000502412,1.4746479999998636
1417777962773283,51.7614139689,-1.2602753608,111.167862,5735934.406665689,620062.6329433055,-111.167862,30U,-0.002,0.002,-0.001,0.03171730395054777,-0.0033887960500767196,1.474653099209657
1417777962864680,51.7614139689,-1.2602753608,111.167862,5735934.406665689,620062.6329433055,-111.167862,30U,-0.001,0.002,-0.002,0.03172882365593636,-0.0033932881715241854,1.4746581904206058
1417777962968479,51.7614139689,-1.2602753608,111.167862,5735934.406665689,620062.6329433055,-111.167862,30U,-0.002,0.002,-0.001,0.031695573630957374,-0.003401309617499889,1.4746574999997695
1417777963075140,51.7614139689,-1.2602753608,111.167862,5735934.406665689,620062.6329433055,-111.167862,30U,-0.002,0.002,-0.001,0.031674564216123864,-0.003384166822544534,1.4746600872042943
1417777963181812,51.7614139689,-1.2602753608,111.167862,5735934.406665689,620062.6329433055,-111.167862,30U,-0.001,0.001,-0.001,0.03167334672505222,-0.003375758395185761,1.4746637335793287
1417777963288484,51.7614139689,-1.2602753608,111.167862,5735934.406665689,620062.6329433055,-111.167862,30U,-0.001,0.0,-0.001,0.031704683157076675,-0.003376420789524795,1.4746712113814227
1417777963395136,51.7614139689,-1.2602753608,111.167862,5735934.406665689,620062.6329433055,-111.167862,30U,-0.001,0.001,-0.001,0.031747141485083966,-0.0033706384473904264,1.4746821752099164
1417777963501798,51.7614139689,-1.2602753608,111.167862,5735934.406665689,620062.6329433055,-111.167862,30U,-0.0,0.001,-0.002,0.03176322044775503,-0.0033656458300906707,1.4746753458290558
1417777963608504,51.7614139689,-1.2602753608,111.167862,5735934.406665689,620062.6329433055,-111.167862,30U,0.0,0.002,-0.002,0.031752200400460694,-0.00337353239702178,1.4746709696061973
1417777963706855,51.7614139689,-1.2602753608,111.167862,5735934.406665689,620062.6329433055,-111.167862,30U,0.0,0.001,-0.001,0.03173670000047404,-0.003371899999299036,1.4746673000008306
1417777963786821,51.7614139689,-1.2602753608,111.167862,5735934.406665689,620062.6329433055,-111.167862,30U,0.0,0.001,-0.002,0.03175497433950735,-0.003379740789734524,1.4746725664498177
1417777963866787,51.7614139689,-1.2602753608,111.167862,5735934.406665689,620062.6329433055,-111.167862,30U,0.0,0.002,-0.001,0.03175955887264805,-0.003379539858704388,1.4746732018299507
1417777963968460,51.7614139689,-1.2602753608,111.167862,5735934.406665689,620062.6329433055,-111.167862,30U,0.001,0.002,-0.001,0.031734872492394206,-0.003369516436300843,1.4746771975780137
1417777964075143,51.7614139689,-1.2602753608,111.167862,5735934.406665689,620062.6329433055,-111.167862,30U,0.0,0.001,-0.002,0.03169528320991517,-0.00336349440286431,1.4746884909979738
1417777964181799,51.7614139707,-1.2602753542,111.168213,5735934.406876727,620062.6333939795,-111.168213,30U,0.0,0.0,-0.002,0.031698440732188846,-0.0033709743796382042,1.4746840567882964
1417777964287500,51.7614139701,-1.2602753562,111.168083,5735934.406806711,620062.6332575555,-111.168083,30U,-0.0,0.0,-0.001,0.031733390250583,-0.0033639548748261934,1.4746951843374005
1417777964378914,51.7614139691,-1.2602753573,111.167961,5735934.406693694,620062.633184301,-111.167961,30U,-0.001,0.001,-0.001,0.0317454936324707,-0.0033528119842777845,1.4747044880156912
1417777964470329,51.7614139683,-1.2602753575,111.167923,5735934.406604399,620062.6331726222,-111.167923,30U,-0.0,0.001,-0.002,0.031712569919484665,-0.0033576843937706386,1.4747056219700692
1417777964575124,51.7614139674,-1.2602753582,111.167908,5735934.406503162,620062.6331267045,-111.167908,30U,-0.001,0.0,-0.002,0.031686802396771005,-0.003358579210115502,1.4747115687815602
1417777964681830,51.7614139658,-1.2602753594,111.168076,5735934.406323256,620062.63304814,-111.168076,30U,-0.001,-0.0,-0.002,0.03170159999979177,-0.0033474999996501824,1.4747145999995919
1417777964788521,51.7614139645,-1.2602753604,111.168106,5735934.406177041,620062.6329825816,-111.168106,30U,-0.001,-0.0,-0.002,0.031729034144389476,-0.0033422435531447075,1.4747204918087766
1417777964893304,51.7614139635,-1.2602753601,111.168205,5735934.406066329,620062.6330059366,-111.168205,30U,-0.001,0.001,-0.002,0.03172655182193556,-0.003353718565887136,1.474712122152162
1417777964984725,51.7614139625,-1.2602753586,111.168327,5735934.405957593,620062.6331121011,-111.168327,30U,-0.001,0.001,-0.003,0.031702867539925045,-0.003344329717274348,1.4747097702825975
1417777965076146,51.7614139614,-1.260275358,111.168526,5735934.405836252,620062.6331564236,-111.168526,30U,-0.001,0.0,-0.003,0.03168909319377412,-0.0033426863868091694,1.4747053693703116
1417777965181843,51.7614139602,-1.2602753581,111.168701,5735934.405702641,620062.6331527065,-111.168701,30U,-0.001,-0.0,-0.002,0.03171797333667579,-0.003352600701699855,1.474701715436256
1417777965287539,51.7614139585,-1.2602753583,111.168709,5735934.4055132605,620062.6331434152,-111.168709,30U,-0.002,0.0,-0.002,0.03173570088848906,-0.0033467991120744956,1.4746985991124797
1417777965378966,51.7614139566,-1.2602753574,111.168823,5735934.405303451,620062.6332105625,-111.168823,30U,-0.002,0.001,-0.003,0.03172609091189603,-0.0033532870175216173,1.4747064337558653
1417777965470393,51.7614139545,-1.260275356,111.168983,5735934.405072221,620062.6333127443,-111.168983,30U,-0.002,0.001,-0.002,0.03169906322830118,-0.0033536908064253834,1.474714313790029
1417777965575189,51.7614139522,-1.2602753543,111.169128,5735934.4048192445,620062.6334361586,-111.169128,30U,-0.002,0.001,-0.002,0.031696985754165886,-0.0033570395783878307,1.4747097142453112
1417777965681894,51.7614139497,-1.2602753533,111.169319,5735934.4045428755,620062.6335117987,-111.169319,30U,-0.003,0.001,-0.002,0.03169829999930994,-0.0033528000008471405,1.4747025000001521
1417777965788577,51.7614139497,-1.2602753533,111.169319,5735934.4045428755,620062.6335117987,-111.169319,30U,-0.003,0.001,-0.002,0.03169370467479848,-0.003350821183193144,1.474700894703902
1417777965893351,51.7614139497,-1.2602753533,111.169319,5735934.4045428755,620062.6335117987,-111.169319,30U,-0.004,0.001,-0.002,0.031681093702295084,-0.0033477803344346374,1.4746970874042744
1417777965984765,51.7614139497,-1.2602753533,111.169319,5735934.4045428755,620062.6335117987,-111.169319,30U,-0.004,0.001,-0.003,0.03168866133474,-0.003346429193030194,1.474707119720876
1417777966076179,51.7614139497,-1.2602753533,111.169319,5735934.4045428755,620062.6335117987,-111.169319,30U,-0.004,0.001,-0.003,0.03170298213649841,-0.003348326161723589,1.47471139085746
1417777966181841,51.7614139497,-1.2602753533,111.169319,5735934.4045428755,620062.6335117987,-111.169319,30U,-0.003,0.001,-0.003,0.03172346280732568,-0.0033483489504876327,1.4747180582490769
1417777966287507,51.7614139497,-1.2602753533,111.169319,5735934.4045428755,620062.6335117987,-111.169319,30U,-0.003,0.001,-0.003,0.03173098379061035,-0.0033514338443751427,1.4747215588175604
1417777966378969,51.7614139497,-1.2602753533,111.169319,5735934.4045428755,620062.6335117987,-111.169319,30U,-0.004,0.001,-0.003,0.031725220914133136,-0.003354853125894042,1.4747206259617647
1417777966470430,51.7614139497,-1.2602753533,111.169319,5735934.4045428755,620062.6335117987,-111.169319,30U,-0.004,0.001,-0.003,0.03172616148952032,-0.003353849191564343,1.474730358258013
1417777966575199,51.7614139497,-1.2602753533,111.169319,5735934.4045428755,620062.6335117987,-111.169319,30U,-0.004,0.001,-0.003,0.0317294867012832,-0.00335873298060392,1.4747352867013013
1417777966681869,51.7614139497,-1.2602753533,111.169319,5735934.4045428755,620062.6335117987,-111.169319,30U,-0.004,0.001,-0.003,0.03173289999981342,-0.0033605999994473505,1.4747347000001465
1417777966788535,51.7614139497,-1.2602753533,111.169319,5735934.4045428755,620062.6335117987,-111.169319,30U,-0.004,0.001,-0.003,0.03173396585493433,-0.003368496513009867,1.4747320329276101
1417777966893295,51.7614139497,-1.2602753533,111.169319,5735934.4045428755,620062.6335117987,-111.169319,30U,-0.005,0.0,-0.002,0.03173696674263428,-0.00336041480605108,1.4747258777325327
1417777966984714,51.7614139497,-1.2602753533,111.169319,5735934.4045428755,620062.6335117987,-111.169319,30U,-0.005,0.001,-0.002,0.031742399999719624,-0.0033480702824926134,1.4747226324184521
1417777967076134,51.7614139497,-1.2602753533,111.169319,5735934.4045428755,620062.6335117987,-111.169319,30U,-0.004,0.001,-0.002,0.03173311871749397,-0.00334697617747244,1.474727474474924
1417777967181852,51.7614139497,-1.2602753533,111.169319,5735934.4045428755,620062.6335117987,-111.169319,30U,-0.005,0.002,-0.002,0.031705816137560607,-0.0033591964911840306,1.4747275182425457
1417777967288523,51.7614139497,-1.2602753533,111.169319,5735934.4045428755,620062.6335117987,-111.169319,30U,-0.005,0.001,-0.001,0.03169690858268768,-0.003348088458351443,1.4747290020708614
1417777967395174,51.7614139497,-1.2602753533,111.169319,5735934.4045428755,620062.6335117987,-111.169319,30U,-0.005,0.001,-0.002,0.03169952726422539,-0.00334012077200736,1.474728487017218
1417777967496833,51.7614139497,-1.2602753533,111.169319,5735934.4045428755,620062.6335117987,-111.169319,30U,-0.005,0.001,-0.002,0.03169785398041959,-0.00334818508850548,1.4747292701237642
1417777967576862,51.7614139497,-1.2602753533,111.169319,5735934.4045428755,620062.6335117987,-111.169319,30U,-0.005,0.001,-0.003,0.03172722414021672,-0.0033301626668057415,1.4747157835091027
1417777967656892,51.7614139497,-1.2602753533,111.169319,5735934.4045428755,620062.6335117987,-111.169319,30U,-0.004,0.001,-0.003,0.03173689999949835,-0.003326999999301434,1.4747049000006613
1417777967755212,51.7614139497,-1.2602753533,111.169319,5735934.4045428755,620062.6335117987,-111.169319,30U,-0.004,0.001,-0.003,0.031751636449672785,-0.0033364006201600264,1.4747065688460947
1417777967861845,51.7614139497,-1.2602753533,111.169319,5735934.4045428755,620062.6335117987,-111.169319,30U,-0.004,0.002,-0.003,0.03174162519221413,-0.0033499811056096106,1.4747096811049993
1417777967968519,51.7614139497,-1.2602753533,111.169319,5735934.4045428755,620062.6335117987,-111.169319,30U,-0.004,0.002,-0.003,0.03174629782608481,-0.0033519802790386737,1.4747152656838762
1417777968075203,51.7614139497,-1.2602753533,111.169319,5735934.4045428755,620062.6335117987,-111.169319,30U,-0.004,0.002,-0.004,0.03172280829838421,-0.0033404917015972986,1.4747214834036286
1417777968181837,51.7614139497,-1.2602753533,111.169319,5735934.4045428755,620062.6335117987,-111.169319,30U,-0.003,0.002,-0.003,0.03172622333526237,-0.0033389092988309775,1.4747123836827691
1417777968288473,51.7614139497,-1.2602753533,111.169319,5735934.4045428755,620062.6335117987,-111.169319,30U,-0.003,0.002,-0.003,0.03172935739158425,-0.0033387132529774178,1.4747179514785598
1417777968395179,51.7614139497,-1.2602753533,111.169319,5735934.4045428755,620062.6335117987,-111.169319,30U,-0.004,0.003,-0.004,0.03173783052877037,-0.0033422548070277244,1.4747207322121731
1417777968499027,51.7614139497,-1.2602753533,111.169319,5735934.4045428755,620062.6335117987,-111.169319,30U,-0.003,0.003,-0.004,0.031734033662721095,-0.0033268048470564515,1.4747134802504487
1417777968590489,51.7614139497,-1.2602753533,111.169319,5735934.4045428755,620062.6335117987,-111.169319,30U,-0.003,0.003,-0.004,0.031732754250858246,-0.0033263925566538993,1.474717893615659
1417777968681951,51.7614139497,-1.2602753533,111.169319,5735934.4045428755,620062.6335117987,-111.169319,30U,-0.003,0.003,-0.004,0.031726600000004226,-0.0033379999997439815,1.474720899999401
1417777968788657,51.7614139497,-1.2602753533,111.169319,5735934.4045428755,620062.6335117987,-111.169319,30U,-0.003,0.003,-0.004,0.03173190595277394,-0.003333992917512949,1.474727161190069
1417777968893457,51.7614139497,-1.2602753533,111.169319,5735934.4045428755,620062.6335117987,-111.169319,30U,-0.002,0.003,-0.004,0.03173134889429125,-0.003329774852900619,1.474731534808896
1417777968984919,51.7614139497,-1.2602753533,111.169319,5735934.4045428755,620062.6335117987,-111.169319,30U,-0.002,0.003,-0.004,0.03173117891493007,-0.0033367286600289267,1.4747274367443963
1417777969076381,51.7614139497,-1.2602753533,111.169319,5735934.4045428755,620062.6335117987,-111.169319,30U,-0.002,0.003,-0.004,0.0317321255309018,-0.0033368804251340334,1.4747245072336814
1417777969167821,51.7614139497,-1.2602753533,111.169319,5735934.4045428755,620062.6335117987,-111.169319,30U,-0.002,0.003,-0.003,0.03173085263784371,-0.0033250578929029237,1.4747264964901499
1417777969259259,51.7614139497,-1.2602753533,111.169319,5735934.4045428755,620062.6335117987,-111.169319,30U,-0.002,0.003,-0.004,0.03172271881011748,-0.003326051002700601,1.4747203985139468
1417777969362114,51.7614139497,-1.2602753533,111.169319,5735934.4045428755,620062.6335117987,-111.169319,30U,-0.002,0.003,-0.004,0.03172216389315378,-0.003332236105739806,1.4747279685514554
1417777969468774,51.7614139497,-1.2602753533,111.169319,5735934.4045428755,620062.6335117987,-111.169319,30U,-0.002,0.003,-0.003,0.031728467573862364,-0.0033289108084557976,1.4747279655337815
1417777969575429,51.7614139497,-1.2602753533,111.169319,5735934.4045428755,620062.6335117987,-111.169319,30U,-0.002,0.003,-0.004,0.03172216702252913,-0.003324506808682265,1.4747332387197396
1417777969682083,51.7614139497,-1.2602753533,111.169319,5735934.4045428755,620062.6335117987,-111.169319,30U,-0.002,0.002,-0.004,0.03172729999920733,-0.003334600000622658,1.4747344999993768
1417777969788758,51.7614139497,-1.2602753533,111.169319,5735934.4045428755,620062.6335117987,-111.169319,30U,-0.002,0.002,-0.004,0.03171498997731752,-0.0033294974939025385,1.474729968108857
1417777969895429,51.7614139497,-1.2602753533,111.169319,5735934.4045428755,620062.6335117987,-111.169319,30U,-0.002,0.002,-0.004,0.0317187462417724,-0.0033282000004286427,1.4747410605925515
1417777970002079,51.7614139497,-1.2602753533,111.169319,5735934.4045428755,620062.6335117987,-111.169319,30U,-0.002,0.002,-0.004,0.03172397061436221,-0.00332716560312218,1.4747424881549425
1417777970104923,51.7614139497,-1.2602753533,111.169319,5735934.4045428755,620062.6335117987,-111.169319,30U,-0.002,0.001,-0.003,0.031720573121533695,-0.003330953758233159,1.474743602505782
1417777970196344,51.7614139497,-1.2602753533,111.169319,5735934.4045428755,620062.6335117987,-111.169319,30U,-0.002,0.002,-0.003,0.031723068109842,-0.00332569316657071,1.4747565293846252
1417777970287769,51.7614139497,-1.2602753533,111.169319,5735934.4045428755,620062.6335117987,-111.169319,30U,-0.002,0.001,-0.004,0.031720461275599236,-0.003317158770073175,1.474747151252334
1417777970379231,51.7614139497,-1.2602753533,111.169319,5735934.4045428755,620062.6335117987,-111.169319,30U,-0.002,0.001,-0.004,0.03172078747065512,-0.0033321580860315838,1.4747570343973895
1417777970470692,51.7614139497,-1.2602753533,111.169319,5735934.4045428755,620062.6335117987,-111.169319,30U,-0.003,0.001,-0.003,0.0317157687938443,-0.003338193167549604,1.474756236902349
1417777970575246,51.7614139497,-1.2602753533,111.169319,5735934.4045428755,620062.6335117987,-111.169319,30U,-0.003,0.001,-0.003,0.031705763097004645,-0.0033046662879726994,1.474760570614223
1417777970681670,51.7614139497,-1.2602753533,111.169319,5735934.4045428755,620062.6335117987,-111.169319,30U,-0.002,-0.0,-0.004,0.031704299999709994,-0.0033170999996012733,1.474776400000047
1417777970773132,51.7614139497,-1.2602753533,111.169319,5735934.4045428755,620062.6335117987,-111.169319,30U,-0.002,-0.0,-0.003,0.03172237494185758,-0.0033296612755995456,1.4747720006847373
1417777970864594,51.7614139497,-1.2602753533,111.169319,5735934.4045428755,620062.6335117987,-111.169319,30U,-0.003,-0.0,-0.003,0.031761874942018736,-0.0033071931669370904,1.4747624949880762
1417777970968441,51.7614139497,-1.2602753533,111.169319,5735934.4045428755,620062.6335117987,-111.169319,30U,-0.001,-0.0,-0.004,0.031785268108346004,-0.0033108899767510082,1.4747590974935023
1417777971075146,51.7614139497,-1.2602753533,111.169319,5735934.4045428755,620062.6335117987,-111.169319,30U,-0.001,0.001,-0.004,0.03176636879308749,-0.003331675626411784,1.4747561462412213
1417777971181852,51.7614139497,-1.2602753533,111.169319,5735934.4045428755,620062.6335117987,-111.169319,30U,-0.002,0.0,-0.004,0.03173006127589026,-0.00332826879258111,1.4747584681085757
1417777971288548,51.7614139497,-1.2602753533,111.169319,5735934.4045428755,620062.6335117987,-111.169319,30U,-0.001,-0.001,-0.004,0.03170507562577491,-0.003312456264892345,1.4747655881548247
1417777971395097,51.7614139497,-1.2602753533,111.169319,5735934.4045428755,620062.6335117987,-111.169319,30U,-0.001,-0.001,-0.005,0.03172015557943542,-0.0033263118439026407,1.4747647394081906
1417777971501675,51.7614139497,-1.2602753533,111.169319,5735934.4045428755,620062.6335117987,-111.169319,30U,-0.001,-0.002,-0.004,0.03172489248331048,-0.0033259369018007515,1.474766333712357
1417777971608381,51.7614139497,-1.2602753533,111.169319,5735934.4045428755,620062.6335117987,-111.169319,30U,-0.001,-0.002,-0.005,0.03173983439713512,-0.003310656264946861,1.4747717268792295
1417777971706733,51.7614139497,-1.2602753533,111.169319,5735934.4045428755,620062.6335117987,-111.169319,30U,-0.001,-0.002,-0.005,0.03172429999987996,-0.003311400000355684,1.4747734000007195
1417777971786709,51.7614139497,-1.2602753533,111.169319,5735934.4045428755,620062.6335117987,-111.169319,30U,-0.001,-0.002,-0.006,0.031726921868388894,-0.003320694988651958,1.4747774662880095
1417777971866685,51.7614139497,-1.2602753533,111.169319,5735934.4045428755,620062.6335117987,-111.169319,30U,-0.001,-0.002,-0.005,0.031737197494360006,-0.003312431891369341,1.474769775627306
1417777971968378,51.7614139497,-1.2602753533,111.169319,5735934.4045428755,620062.6335117987,-111.169319,30U,-0.001,-0.002,-0.005,0.03174763189118785,-0.003305299999570806,1.4747719562643624
1417777972075084,51.7614139497,-1.2602753533,111.169319,5735934.4045428755,620062.6335117987,-111.169319,30U,-0.001,-0.002,-0.006,0.03174120250663055,-0.003314275625775221,1.4747639387244338
1417777972181789,51.7614139497,-1.2602753533,111.169319,5735934.4045428755,620062.6335117987,-111.169319,30U,-0.002,-0.003,-0.006,0.03173503189156946,-0.0033179731215035343,1.474769773121013
1417777972287541,51.7614139497,-1.2602753533,111.169319,5735934.4045428755,620062.6335117987,-111.169319,30U,-0.002,-0.003,-0.005,0.03173809498803995,-0.0033042756256902376,1.4747685974934088
1417777972379003,51.7614139497,-1.2602753533,111.169319,5735934.4045428755,620062.6335117987,-111.169319,30U,-0.002,-0.002,-0.006,0.0317422168553399,-0.00330434874625925,1.4747682756267693
1417777972470464,51.7614139497,-1.2602753533,111.169319,5735934.4045428755,620062.6335117987,-111.169319,30U,-0.002,-0.002,-0.006,0.03174742938587073,-0.003318341914810468,1.4747637756269056
1417777972575241,51.7614139497,-1.2602753533,111.169319,5735934.4045428755,620062.6335117987,-111.169319,30U,-0.002,-0.002,-0.006,0.03174190501212645,-0.003308483143277898,1.474775729385207
1417777972681920,51.7614139497,-1.2602753533,111.169319,5735934.4045428755,620062.6335117987,-111.169319,30U,-0.001,-0.002,-0.006,0.03173930000000744,-0.0033093999996405554,1.4747716999994136
1417777972788625,51.7614139497,-1.2602753533,111.169319,5735934.4045428755,620062.6335117987,-111.169319,30U,-0.002,-0.003,-0.006,0.03174429749375712,-0.0033162143497256413,1.474774082459364
1417777972893425,51.7614139497,-1.2602753533,111.169319,5735934.4045428755,620062.6335117987,-111.169319,30U,-0.002,-0.002,-0.006,0.03174931435018953,-0.003313453758957103,1.4747707999994408
1417777972984886,51.7614139497,-1.2602753533,111.169319,5735934.4045428755,620062.6335117987,-111.169319,30U,-0.002,-0.002,-0.006,0.031741575626608697,-0.0033013756267476968,1.474775209338177
1417777973076348,51.7614139497,-1.2602753533,111.169319,5735934.4045428755,620062.6335117987,-111.169319,30U,-0.002,-0.002,-0.006,0.031742853759145206,-0.003308868108805681,1.4747798537588002
1417777973181826,51.7614139497,-1.2602753533,111.169319,5735934.4045428755,620062.6335117987,-111.169319,30U,-0.002,-0.002,-0.006,0.031729897494193256,-0.0033142000006587324,1.4747688369019674
1417777973287303,51.7614139497,-1.2602753533,111.169319,5735934.4045428755,620062.6335117987,-111.169319,30U,-0.002,-0.002,-0.006,0.03174137061499877,-0.0033075931667310506,1.474766121183614
1417777973378765,51.7614139497,-1.2602753533,111.169319,5735934.4045428755,620062.6335117987,-111.169319,30U,-0.001,-0.002,-0.007,0.0317371268800838,-0.003298397494650532,1.4747725931664226
1417777973470226,51.7614139497,-1.2602753533,111.169319,5735934.4045428755,620062.6335117987,-111.169319,30U,-0.002,-0.002,-0.007,0.031734143735401024,-0.0033050881549968577,1.4747576537588907
1417777973575026,51.7614139497,-1.2602753533,111.169319,5735934.4045428755,620062.6335117987,-111.169319,30U,-0.002,-0.002,-0.007,0.0317258293847796,-0.0032976318902661807,1.4747621656025587
1417777973681731,51.7614139497,-1.2602753533,111.169319,5735934.4045428755,620062.6335117987,-111.169319,30U,-0.002,-0.002,-0.008,0.03172879999974367,-0.003287900000679572,1.4747662999995772
1417777973788436,51.7614139497,-1.2602753533,111.169319,5735934.4045428755,620062.6335117987,-111.169319,30U,-0.001,-0.002,-0.007,0.03172570000003149,-0.0032896856487826176,1.474771126878666
1417777973893235,51.7614139497,-1.2602753533,111.169319,5735934.4045428755,620062.6335117987,-111.169319,30U,-0.001,-0.002,-0.007,0.03173559999973165,-0.003286002506642072,1.4747758999998681
1417777973984696,51.7614139497,-1.2602753533,111.169319,5735934.4045428755,620062.6335117987,-111.169319,30U,-0.001,-0.002,-0.008,0.031729834397050134,-0.003278897494659348,1.4747779143506805
1417777974076158,51.7614139497,-1.2602753533,111.169319,5735934.4045428755,620062.6335117987,-111.169319,30U,-0.001,-0.002,-0.008,0.03173722437417582,-0.003279956263743485,1.474773933711933
1417777974181910,51.7614139476,-1.2602753717,111.172684,5735934.404279051,620062.6322476321,-111.172684,30U,-0.001,-0.002,-0.007,0.03172168063766384,-0.0032774193613531993,1.4747852630978935
1417777974287662,51.7614139477,-1.2602753708,111.172615,5735934.404291654,620062.6323094735,-111.172615,30U,-0.001,-0.002,-0.007,0.03171615877021237,-0.003277321867261183,1.474783192482902
1417777974379114,51.7614139472,-1.2602753698,111.172554,5735934.404237697,620062.6323798076,-111.172554,30U,-0.002,-0.001,-0.007,0.03169840751682785,-0.003271205011831719,1.4747988906618543
1417777974470566,51.7614139464,-1.2602753683,111.172516,5735934.4041512,620062.6324854414,-111.172516,30U,-0.002,-0.002,-0.007,0.03171637061478631,-0.003274370614979828,1.4747928168567161
1417777974575072,51.7614139454,-1.2602753676,111.172516,5735934.404041147,620062.6325363998,-111.172516,30U,-0.002,-0.002,-0.007,0.03171364874763789,-0.003278105012204516,1.4747927706142174
1417777974681443,51.7614139436,-1.2602753659,111.172562,5735934.403843774,620062.6326584881,-111.172562,30U,-0.002,-0.001,-0.007,0.03172580000041631,-0.0032717999998097113,1.4747955000002444
1417777974788148,51.761413942,-1.2602753681,111.173141,5735934.4036622215,620062.6325109161,-111.173141,30U,-0.002,-0.001,-0.007,0.03170135378793952,-0.00326217974148206,1.474796285436805
1417777974892947,51.7614139402,-1.2602753696,111.173767,5735934.403459582,620062.6324121798,-111.173767,30U,-0.003,-0.001,-0.007,0.03170103417452025,-0.003268628479995438,1.474796102524554
1417777974984408,51.7614139379,-1.2602753712,111.174385,5735934.403201172,620062.6323078701,-111.174385,30U,-0.003,-0.001,-0.007,0.031705174692408584,-0.0032584170873767816,1.4747936943035442
1417777975075870,51.7614139357,-1.2602753742,111.175026,5735934.40295158,620062.6321066843,-111.175026,30U,-0.003,-0.002,-0.007,0.03172310569550744,-0.0032657088670427627,1.474810400645759
1417777975181622,51.7614139334,-1.2602753763,111.17569,5735934.402692348,620062.63196787,-111.17569,30U,-0.003,-0.001,-0.007,0.03173235443257853,-0.003267087961640506,1.474801760129752
1417777975288326,51.7614139313,-1.2602753782,111.176239,5735934.402455686,620062.631842327,-111.176239,30U,-0.003,-0.002,-0.007,0.03170521074567494,-0.0032454170879644357,1.4748032031714682
1417777975395031,51.7614139292,-1.260275381,111.17688,5735934.402217545,620062.6316546774,-111.17688,30U,-0.003,-0.002,-0.007,0.031709574691887475,-0.0032682974748121387,1.4748169772174227
1417777975496707,51.7614139267,-1.2602753835,111.177498,5735934.401935412,620062.6314887913,-111.177498,30U,-0.004,-0.002,-0.007,0.03170854304172925,-0.003274402524834542,1.4747978854377262
1417777975576595,51.761413923,-1.2602753862,111.178085,5735934.401519504,620062.6313122871,-111.178085,30U,-0.004,-0.002,-0.006,0.03173127152035485,-0.0032497790951161653,1.4748016170878024
1417777975656482,51.7614139198,-1.2602753883,111.178734,5735934.401160186,620062.631175861,-111.178734,30U,-0.003,-0.001,-0.007,0.031727100000183014,-0.0032558999997094945,1.4748056000007141
1417777975754806,51.7614139198,-1.2602753883,111.178734,5735934.401160186,620062.631175861,-111.178734,30U,-0.003,-0.001,-0.007,0.03171546265436685,-0.0032894170879892953,1.474792753787498
1417777975861511,51.7614139198,-1.2602753883,111.178734,5735934.401160186,620062.631175861,-111.178734,30U,-0.004,-0.001,-0.006,0.03170789999960097,-0.0032597904869651763,1.4747967797419743
1417777975968216,51.7614139198,-1.2602753883,111.178734,5735934.401160186,620062.631175861,-111.178734,30U,-0.003,-0.001,-0.007,0.03171831708799862,-0.0032500974745876556,1.4747951715205523
1417777976074921,51.7614139198,-1.2602753883,111.178734,5735934.401160186,620062.631175861,-111.178734,30U,-0.003,-0.001,-0.006,0.03172086329997513,-0.0032821633006504727,1.4747856715206464
1417777976181626,51.7614139198,-1.2602753883,111.178734,5735934.401160186,620062.631175861,-111.178734,30U,-0.004,-0.001,-0.006,0.031721548092124456,-0.0032794683499697726,1.4747904310038455
1417777976288318,51.7614139198,-1.2602753883,111.178734,5735934.401160186,620062.631175861,-111.178734,30U,-0.004,-0.001,-0.006,0.03170649999944944,-0.003252791133724709,1.4747747335282615
1417777976394825,51.7614139198,-1.2602753883,111.178734,5735934.401160186,620062.631175861,-111.178734,30U,-0.003,-0.001,-0.006,0.03171055190871698,-0.0032637886086758286,1.4747659455668396
1417777976498511,51.7614139198,-1.2602753883,111.178734,5735934.401160186,620062.631175861,-111.178734,30U,-0.003,-0.001,-0.005,0.03170829999939492,-0.003276494303688387,1.4747791886085861
1417777976589972,51.7614139198,-1.2602753883,111.178734,5735934.401160186,620062.631175861,-111.178734,30U,-0.004,-0.001,-0.006,0.031714197475664056,-0.0032651139157166844,1.4747698082213294
1417777976681433,51.7614139198,-1.2602753883,111.178734,5735934.401160186,620062.631175861,-111.178734,30U,-0.003,-0.001,-0.006,0.03170749999980701,-0.003256699999297414,1.4747628000000712
1417777976788137,51.7614139198,-1.2602753883,111.178734,5735934.401160186,620062.631175861,-111.178734,30U,-0.003,-0.001,-0.006,0.0317086284790868,-0.003270977216693736,1.4747649658245185
1417777976892936,51.7614139198,-1.2602753883,111.178734,5735934.401160186,620062.631175861,-111.178734,30U,-0.004,-0.001,-0.006,0.03170238291260631,-0.0032767196117321853,1.4747611772173672
1417777976984397,51.7614139198,-1.2602753883,111.178734,5735934.401160186,620062.631175861,-111.178734,30U,-0.004,-0.001,-0.006,0.031717137346653365,-0.0032647341757046817,1.4747625829125282
1417777977075858,51.7614139198,-1.2602753883,111.178734,5735934.401160186,620062.631175861,-111.178734,30U,-0.003,-0.0,-0.005,0.031719445567278404,-0.003265551262065978,1.4747553740464736
1417777977167319,51.7614139198,-1.2602753883,111.178734,5735934.401160186,620062.631175861,-111.178734,30U,-0.003,-0.0,-0.005,0.03171421708792886,-0.0032679683493484434,1.4747563088675102
1417777977258780,51.7614139198,-1.2602753883,111.178734,5735934.401160186,620062.631175861,-111.178734,30U,-0.004,-0.001,-0.005,0.031714679741552315,-0.0032554537870876,1.4747622227830357
1417777977361674,51.7614139198,-1.2602753883,111.178734,5735934.401160186,620062.631175861,-111.178734,30U,-0.003,-0.001,-0.005,0.03171836265330939,-0.0032479373451496448,1.474751850615922
1417777977468378,51.7614139198,-1.2602753883,111.178734,5735934.401160186,620062.631175861,-111.178734,30U,-0.003,-0.001,-0.006,0.031721620257998365,-0.0032514310038746176,1.4747473658248575
1417777977575082,51.7614139198,-1.2602753883,111.178734,5735934.401160186,620062.631175861,-111.178734,30U,-0.003,-0.001,-0.005,0.031725337346792865,-0.0032465911325550087,1.474751254434139
1417777977681787,51.7614139198,-1.2602753883,111.178734,5735934.401160186,620062.631175861,-111.178734,30U,-0.003,-0.001,-0.005,0.031721499999576915,-0.0032399999996092776,1.4747435000008497
1417777977788492,51.7614139198,-1.2602753883,111.178734,5735934.401160186,620062.631175861,-111.178734,30U,-0.002,-0.001,-0.004,0.03171936329943878,-0.0032467715210598483,1.474748025953759
1417777977895195,51.7614139198,-1.2602753883,111.178734,5735934.401160186,620062.631175861,-111.178734,30U,-0.003,-0.001,-0.004,0.03172357974089491,-0.003241885436912305,1.4747397772170456
1417777978001891,51.7614139198,-1.2602753883,111.178734,5735934.401160186,620062.631175861,-111.178734,30U,-0.003,-0.001,-0.003,0.03171658543689197,-0.003230002525015723,1.4747370373450808
1417777978104765,51.7614139198,-1.2602753883,111.178734,5735934.401160186,620062.631175861,-111.178734,30U,-0.003,-0.0,-0.004,0.031710059483267154,-0.00322656012835621,1.4747403430423172
1417777978196177,51.7614139198,-1.2602753883,111.178734,5735934.401160186,620062.631175861,-111.178734,30U,-0.003,-0.0,-0.004,0.031695845567217475,-0.0032395056961851743,1.4747327310034601
1417777978287590,51.7614139198,-1.2602753883,111.178734,5735934.401160186,620062.631175861,-111.178734,30U,-0.003,-0.001,-0.003,0.03172451203818546,-0.0032308253081316973,1.4747374544333935
1417777978379025,51.7614139198,-1.2602753883,111.178734,5735934.401160186,620062.631175861,-111.178734,30U,-0.003,-0.001,-0.004,0.03177163229595913,-0.003208619611467609,1.47473958860804
1417777978470461,51.7614139198,-1.2602753883,111.178734,5735934.401160186,620062.631175861,-111.178734,30U,-0.002,-0.0,-0.003,0.03178302278415122,-0.003222768995713527,1.4747405632993782
1417777978575257,51.7614139198,-1.2602753883,111.178734,5735934.401160186,620062.631175861,-111.178734,30U,-0.003,0.0,-0.003,0.031750005050278376,-0.0032350715214142034,1.4747458746923394
1417777978681961,51.7614139198,-1.2602753883,111.178734,5735934.401160186,620062.631175861,-111.178734,30U,-0.003,0.0,-0.003,0.031735400000707334,-0.003217500000290731,1.474745700000589
1417777978773361,51.7614139198,-1.2602753883,111.178734,5735934.401160186,620062.631175861,-111.178734,30U,-0.002,-0.0,-0.003,0.03173764051652003,-0.0032154202589727366,1.47474514304159
1417777978864760,51.7614139198,-1.2602753883,111.178734,5735934.401160186,620062.631175861,-111.178734,30U,-0.003,0.0,-0.003,0.031759597475840444,-0.0032269170883308155,1.474748103170616
1417777978968577,51.7614139198,-1.2602753883,111.178734,5735934.401160186,620062.631175861,-111.178734,30U,-0.003,0.0,-0.004,0.03175145061574068,-0.0032195398713072915,1.4747480594832796
1417777979075258,51.7614139198,-1.2602753883,111.178734,5735934.401160186,620062.631175861,-111.178734,30U,-0.003,0.0,-0.004,0.03174620000038023,-0.0032133341751282418,1.4747409139168264
1417777979181865,51.7614139198,-1.2602753883,111.178734,5735934.401160186,620062.631175861,-111.178734,30U,-0.003,-0.0,-0.004,0.03173113734642327,-0.003212760129355944,1.4747566202586835
1417777979288472,51.7614139198,-1.2602753883,111.178734,5735934.401160186,620062.631175861,-111.178734,30U,-0.003,0.0,-0.004,0.03174774304248126,-0.0032241170880277677,1.4747581202592197
1417777979395168,51.7614139198,-1.2602753883,111.178734,5735934.401160186,620062.631175861,-111.178734,30U,-0.003,0.0,-0.004,0.031753911392104976,-0.003210285437481517,1.4747625633002635
1417777979501855,51.7614139198,-1.2602753883,111.178734,5735934.401160186,620062.631175861,-111.178734,30U,-0.003,0.0,-0.004,0.03174764809133397,-0.0032044487370675944,1.4747754462125178
1417777979608505,51.7614139198,-1.2602753883,111.178734,5735934.401160186,620062.631175861,-111.178734,30U,-0.003,0.0,-0.004,0.03173501708768675,-0.0032150088674147495,1.4747713974745131
1417777979706835,51.7614139198,-1.2602753883,111.178734,5735934.401160186,620062.631175861,-111.178734,30U,-0.003,-0.0,-0.004,0.0317390000005983,-0.003209199999766409,1.474775200000665
1417777979786863,51.7614139186,-1.2602753891,111.178978,5735934.401025421,620062.6311238384,-111.178978,30U,-0.003,0.0,-0.004,0.031749180387442795,-0.0032014170879395756,1.4747788050497936
1417777979866891,51.7614139153,-1.2602753912,111.179596,5735934.400654984,620062.6309876773,-111.179596,30U,-0.003,0.0,-0.005,0.031759377217034174,-0.003204574692243723,1.4747664740455557
1417777979968570,51.7614139114,-1.2602753938,111.180351,5735934.400216998,620062.630818605,-111.180351,30U,-0.003,0.001,-0.005,0.03174834873805422,-0.003205128479979393,1.4747729202585775
1417777980075245,51.7614139083,-1.2602753958,111.180954,5735934.399868965,620062.6306888141,-111.180954,30U,-0.003,0.001,-0.005,0.0317466259549655,-0.0031906772166047327,1.4747712968283566
1417777980181897,51.7614139073,-1.2602753965,111.181145,5735934.3997566085,620062.6306431617,-111.181145,30U,-0.003,0.0,-0.006,0.03175237721627655,-0.00319246012977684,1.474766008220669
1417777980287596,51.7614139075,-1.260275396,111.181145,5735934.399779672,620062.6306771346,-111.181145,30U,-0.003,0.001,-0.006,0.03175946265439172,-0.0031907284786701936,1.474764408867265
1417777980379016,51.7614139075,-1.2602753943,111.18116,5735934.39978247,620062.6307944478,-111.18116,30U,-0.003,0.001,-0.006,0.031754499999159226,-0.0031866227835910944,1.4747612170876687
1417777980470436,51.7614139075,-1.2602753921,111.18119,5735934.399786092,620062.6309462643,-111.18119,30U,-0.003,0.001,-0.006,0.03175006834987969,-0.0031813917787501256,1.4747596430415386
1417777980575204,51.7614139078,-1.2602753901,111.181259,5735934.399822746,620062.6310834833,-111.181259,30U,-0.002,0.001,-0.006,0.03174493734542354,-0.0031843056966934513,1.4747645943050072
1417777980681879,51.7614139083,-1.2602753875,111.181351,5735934.39988263,620062.6312615764,-111.181351,30U,-0.002,0.001,-0.006,0.031759199999792584,-0.0031822000005841517,1.474760799999356
1417777980788583,51.7614139049,-1.2602753903,111.181984,5735934.399499918,620062.6310773754,-111.181984,30U,-0.003,0.001,-0.006,0.03176712025855957,-0.0031789170868756988,1.4747570683492797
1417777980893371,51.7614139028,-1.26027539,111.182495,5735934.399266879,620062.6311036487,-111.182495,30U,-0.003,0.002,-0.006,0.031765756957446226,-0.003170599999578,1.4747658462122264
1417777980984745,51.7614139009,-1.2602753896,111.183029,5735934.3990562465,620062.6311362922,-111.183029,30U,-0.003,0.001,-0.006,0.031760065824473244,-0.003177311390945181,1.474770260128961
1417777981076119,51.7614138987,-1.2602753894,111.183594,5735934.398811921,620062.6311559302,-111.183594,30U,-0.003,0.001,-0.006,0.03176197152155823,-0.003171099999756782,1.4747718601298818
1417777981181865,51.7614138967,-1.2602753887,111.184212,5735934.39859066,620062.6312095412,-111.184212,30U,-0.002,0.001,-0.007,0.031766777215840425,-0.0031644683507377957,1.474773654433073
1417777981287611,51.7614138954,-1.2602753896,111.184784,5735934.39844461,620062.6311508839,-111.184784,30U,-0.002,0.001,-0.007,0.03178513734653311,-0.0031644227836816843,1.4747770544339394
1417777981378989,51.7614138938,-1.2602753903,111.185349,5735934.3982655285,620062.6311068238,-111.185349,30U,-0.002,0.001,-0.006,0.03179124873733669,-0.0031640316501603248,1.4747846974750802
1417777981470367,51.7614138922,-1.2602753905,111.185982,5735934.398087269,620062.6310972667,-111.185982,30U,-0.002,0.001,-0.007,0.031791787962045084,-0.0031813202586480375,1.4748008721673154
1417777981575133,51.7614138903,-1.2602753893,111.1866,5735934.397877952,620062.6311851164,-111.1866,30U,-0.002,0.002,-0.006,0.03174335883648678,-0.003185900000859942,1.4748082310042763
1417777981681812,51.7614138881,-1.2602753859,111.187134,5735934.397638896,620062.6314255781,-111.187134,30U,-0.003,0.003,-0.005,0.03166879999923378,-0.0031673999994809923,1.4747797000005287
1417777981788472,51.761413884,-1.2602753865,111.187721,5735934.397181962,620062.6313950509,-111.187721,30U,-0.003,0.001,-0.006,0.03162137721655954,-0.00314526265340107,1.4747700601299363
1417777981893232,51.7614138814,-1.260275388,111.188263,5735934.396890356,620062.631298438,-111.188263,30U,-0.003,0.0,-0.006,0.03168699054675503,-0.003141805695459609,1.474773653787301
1417777981984692,51.7614138786,-1.2602753889,111.188805,5735934.396577497,620062.6312437592,-111.188805,30U,-0.003,0.0,-0.006,0.03176120129205136,-0.0031459943041501526,1.4747681772163796
1417777982076153,51.7614138758,-1.260275388,111.189423,5735934.396267599,620062.6313132946,-111.189423,30U,-0.003,0.002,-0.007,0.03181029177871378,-0.003153914562917142,1.4747689056958655
1417777982181886,51.7614138782,-1.2602753849,111.189796,5735934.3965396,620062.63152085,-111.189796,30U,0.014,0.003,0.002,0.031763072106985916,-0.002949402345794335,1.4747535214911738
1417777982287617,51.7614139047,-1.2602753861,111.189186,5735934.3994845925,620062.6313677374,-111.189186,30U,0.046,-0.001,0.006,0.03165399741504332,-0.0022796162022750265,1.4746947480906085
1417777982379042,51.7614139614,-1.2602753948,111.188873,5735934.405775669,620062.6306169479,-111.188873,30U,0.08,-0.007,-0.001,0.03149918984151211,-0.0018340859639758612,1.4747177265998668
1417777982470467,51.7614140496,-1.2602754087,111.189285,5735934.415561187,620062.6294237508,-111.189285,30U,0.116,-0.009,-0.008,0.031485988609127664,-0.0017244398704347904,1.4747215759252776
1417777982575177,51.7614141698,-1.2602754256,111.190186,5735934.428900369,620062.6279386353,-111.190186,30U,0.153,-0.012,-0.009,0.03151235443419956,-0.0016824486780564643,1.4746522221363292
1417777982681785,51.7614143295,-1.2602754479,111.190987,5735934.446623314,620062.6259760868,-111.190987,30U,0.205,-0.018,-0.006,0.031456800000224654,-0.001433700000211078,1.4746307999999968
1417777982788488,51.7614145412,-1.2602754834,111.191315,5735934.470107257,620062.6229646849,-111.191315,30U,0.272,-0.025,-0.001,0.03139149870697415,-0.0008455554267995982,1.4746528537866934
1417777982893282,51.7614148214,-1.2602755295,111.19136,5735934.501191388,620062.6190400736,-111.19136,30U,0.354,-0.032,-0.0,0.03135014809231921,-5.173640231778621e-05,1.4746066183200932
1417777982984711,51.7614151826,-1.2602755865,111.191414,5735934.5412652865,620062.6141483894,-111.191414,30U,0.452,-0.042,-0.002,0.031386578508621046,0.0008041553774389224,1.4745197214903039
1417777983076141,51.7614156394,-1.2602756584,111.191696,5735934.591945985,620062.6079748683,-111.191696,30U,0.566,-0.054,-0.004,0.03138186705688247,0.0016242572557853224,1.474500062654879
1417777983181890,51.7614162039,-1.260275747,111.1922,5735934.654576115,620062.6003631954,-111.1922,30U,0.691,-0.066,-0.007,0.031190828420301908,0.0023123160331512643,1.474491653787697
1417777983288594,51.7614168827,-1.2602758571,111.193008,5735934.729881738,620062.590964627,-111.193008,30U,0.821,-0.076,-0.011,0.031009668289691764,0.002719322901688159,1.474392355019998
1417777983395298,51.7614176789,-1.2602759849,111.194298,5735934.81821385,620062.5800331652,-111.194298,30U,0.952,-0.092,-0.017,0.030667739752084092,0.0028763462125926866,1.4743058449202644
1417777983497000,51.7614185938,-1.2602761336,111.196129,5735934.919711749,620062.5673445391,-111.196129,30U,1.086,-0.108,-0.019,0.03060665261390839,0.002893120905391491,1.4742359866700752
1417777983577028,51.7614196344,-1.2602763056,111.197815,5735935.03514993,620062.5527145582,-111.197815,30U,1.231,-0.125,-0.014,0.030982148917176027,0.0031162634197032264,1.4740903746324887
1417777983657056,51.7614208087,-1.2602764975,111.198898,5735935.16542364,620062.5363566261,-111.198898,30U,1.383,-0.139,-0.011,0.03170889999995853,0.003415300000505621,1.473866399999295
1417777983755424,51.7614221172,-1.2602767182,111.200256,5735935.31057383,620062.5176552483,-111.200256,30U,1.532,-0.158,-0.018,0.032827433885781084,0.003107359891304883,1.4737849626536537
1417777983862127,51.7614235587,-1.260276962,111.202156,5735935.470476439,620062.4970069529,-111.202156,30U,1.676,-0.168,-0.021,0.03300893276385508,0.0025356486190545296,1.4736906790354551
1417777983968713,51.7614251259,-1.2602772116,111.204735,5735935.644348137,620062.4756249349,-111.204735,30U,1.812,-0.17,-0.035,0.03184028407683074,0.0024539733989987224,1.4732550231911306
1417777984075270,51.7614268186,-1.260277465,111.208687,5735935.83216998,620062.4536477408,-111.208687,30U,1.955,-0.179,-0.041,0.02931892564645953,0.0020551934191437833,1.4727706321777636
1417777984181878,51.7614286418,-1.2602777459,111.211998,5735936.03445898,620062.4294266286,-111.211998,30U,2.102,-0.21,-0.026,0.02779677134223043,0.0015293947712150763,1.473031488846911
1417777984288491,51.7614305975,-1.2602780814,111.214233,5735936.251392936,620062.4010861908,-111.214233,30U,2.253,-0.24,-0.02,0.028573020973145125,0.0009577718684754105,1.4735526247814206
1417777984395139,51.7614326896,-1.26027845,111.21582,5735936.48344095,620062.3700997401,-111.21582,30U,2.402,-0.259,-0.016,0.0314319493426003,0.0005010361137236171,1.4733795334091715
1417777984498939,51.7614349135,-1.2602788403,111.217667,5735936.730110237,620062.3372661686,-111.217667,30U,2.548,-0.272,-0.022,0.03428700477059477,0.0013029738758149555,1.4733035076942407
1417777984590400,51.7614372707,-1.2602792389,111.220284,5735936.991589668,620062.3035061955,-111.220284,30U,2.698,-0.271,-0.028,0.0359482053478252,0.0021271918391854916,1.4739214983595377
1417777984681860,51.7614397646,-1.2602796311,111.222404,5735937.2682815455,620062.2698252096,-111.222404,30U,2.851,-0.273,-0.016,0.034608399999990255,0.0019441000008485205,1.4745493999991652
1417777984788563,51.7614423919,-1.2602800332,111.223717,5735937.559792054,620062.2351071469,-111.223717,30U,2.998,-0.277,-0.013,0.03120260215836312,0.0008596901293358485,1.4754709428134651
1417777984893357,51.7614451511,-1.2602804583,111.225197,5735937.865932818,620062.1984519876,-111.225197,30U,3.145,-0.305,-0.011,0.030454568001847038,-0.00018090916448101183,1.4767242416394915
1417777984984789,51.7614480427,-1.2602809253,111.225006,5735938.186728325,620062.1585541654,-111.225006,30U,3.288,-0.329,0.002,0.031086346033451177,-0.00018880499038380293,1.4777872952486335
1417777985076222,51.7614510593,-1.2602814009,111.226547,5735938.521410471,620062.1177312619,-111.226547,30U,3.426,-0.32,-0.031,0.030137281968661132,-0.00028190710794521957,1.478199165238021
1417777985167680,51.7614541985,-1.2602818692,111.229759,5735938.869738533,620062.0770868614,-111.229759,30U,3.563,-0.331,-0.028,0.029606225308666613,7.791732546339928e-05,1.4787208421670028
1417777985259140,51.7614574597,-1.2602823764,111.231834,5735939.2315697335,620062.0334344134,-111.231834,30U,3.692,-0.356,-0.026,0.030389722792800677,0.0003519790946451003,1.4803634051184067
1417777985362033,51.7614608355,-1.2602829094,111.235306,5735939.606102708,620061.9876975482,-111.235306,30U,3.823,-0.371,-0.042,0.03235251215627067,-7.487957291898615e-05,1.4816469857350771
1417777985468737,51.7614643319,-1.2602834456,111.238304,5735939.994041904,620061.9414199156,-111.238304,30U,3.96,-0.359,-0.009,0.0327557540860663,-0.0011793148007449978,1.4817991688762107
1417777985575321,51.7614679495,-1.2602839664,111.237381,5735940.395484664,620061.8958834619,-111.237381,30U,4.09,-0.364,0.02,0.03266719206730816,-0.0011233206659716421,1.4814259278332973
1417777985681888,51.7614716823,-1.2602845167,111.234711,5735940.809689832,620061.8480056734,-111.234711,30U,4.213,-0.389,0.027,0.030712799999486964,0.0005545999996866182,1.4819136999997204
1417777985788592,51.7614755235,-1.2602850858,111.23381,5735941.23591882,620061.7985429696,-111.23381,30U,4.337,-0.391,-0.014,0.029537319910510743,0.0026882022359924797,1.4820016517291987
1417777985895295,51.7614794723,-1.2602856755,111.238167,5735941.674079702,620061.7473732594,-111.238167,30U,4.454,-0.415,-0.045,0.028332994166338877,0.0009004661641477416,1.4810506356358135
1417777986001999,51.7614835221,-1.2602862858,111.243416,5735942.123438511,620061.694514054,-111.243416,30U,4.562,-0.423,-0.056,0.02633736823940839,-0.0016869129911729582,1.4801046472076849
1417777986104891,51.7614876676,-1.2602869255,111.246178,5735942.583391371,620061.6393721492,-111.246178,30U,4.664,-0.462,-0.007,0.029280942295530462,-0.0019124241860603544,1.4792754040452079
1417777986196351,51.7614919049,-1.2602876188,111.245995,5735943.053464738,620061.5802879151,-111.245995,30U,4.763,-0.488,0.006,0.03332351646012689,-0.0011064106263800038,1.4778004904770856
1417777986287811,51.7614962256,-1.2602883316,111.246269,5735943.532780614,620061.5196367872,-111.246269,30U,4.852,-0.483,-0.034,0.035256172167773145,-0.001332448160209924,1.4760039948804682
1417777986379272,51.7615006266,-1.2602890314,111.250916,5735944.021047762,620061.4596697311,-111.250916,30U,4.945,-0.47,-0.034,0.03329986287322194,-0.004373731549333079,1.4744502626447513
1417777986470732,51.7615051038,-1.2602897139,111.252808,5735944.517817317,620061.4006943554,-111.252808,30U,5.02,-0.468,-0.006,0.027233765538414906,-0.006491440168207799,1.472244224999847
1417777986575530,51.7615096444,-1.2602904039,111.253204,5735945.021625008,620061.3410332347,-111.253204,30U,5.08,-0.494,-0.011,0.019705341075640804,-0.006719151788694974,1.470046526004038
1417777986682233,51.7615142351,-1.2602911789,111.254562,5735945.530864208,620061.2753735855,-111.254562,30U,5.135,-0.573,0.003,0.018400700000237823,-0.0061249999996923115,1.4695510999998675
1417777986773621,51.7615188705,-1.2602920343,111.255463,5735946.044941975,620061.20404717,-111.255463,30U,5.19,-0.586,-0.018,0.02145584699688583,-0.0054163817987525785,1.4686735132015498
1417777986865009,51.7615235616,-1.2602928686,111.25634,5735946.565248672,620061.1340290507,-111.25634,30U,5.252,-0.563,0.011,0.024774021620142164,-0.00612180323019975,1.4657112234108811
1417777986968807,51.7615283059,-1.2602936983,111.252083,5735947.091479122,620061.0641872374,-111.252083,30U,5.304,-0.579,0.047,0.025132012555500967,-0.0038313779036704904,1.4628907124365416
1417777987075469,51.7615330934,-1.2602945423,111.248611,5735947.622490145,620060.9932440245,-111.248611,30U,5.347,-0.575,0.01,0.020974360101438303,-0.000321650010814358,1.460703506033819
1417777987182129,51.7615379199,-1.2602953771,111.250656,5735948.157853367,620060.9228322236,-111.250656,30U,5.389,-0.589,-0.045,0.018729421957772226,0.0019973802777893896,1.4579789875958706
1417777987288775,51.7615427772,-1.2602962902,111.255592,5735948.696512843,620060.8469354528,-111.255592,30U,5.426,-0.661,-0.037,0.019561457495208535,0.003854530724197125,1.4560178368103345
1417777987395205,51.7615476738,-1.2602972678,111.256409,5735949.239436545,620060.766483463,-111.256409,30U,5.469,-0.681,-0.007,0.022752047176569964,0.006862260963047473,1.4545752854880138
1417777987501680,51.7615526063,-1.2602982555,111.258095,5735949.786335932,620060.6852392734,-111.258095,30U,5.507,-0.679,-0.029,0.02790547154934739,0.008361496422098807,1.4525772940570065
1417777987608349,51.7615575716,-1.2602992514,111.264297,5735950.336869391,620060.6033422207,-111.264297,30U,5.542,-0.7,-0.099,0.032497785634888754,0.006724374435154156,1.4502967916498415
1417777987706693,51.7615625601,-1.2603002797,111.274757,5735950.889929499,620060.5191477977,-111.274757,30U,5.554,-0.713,-0.101,0.03501469999970812,0.0024281999997614744,1.4487247999994015
1417777987786720,51.7615675458,-1.26030131,111.28611,5735951.4426749395,620060.4348228045,-111.28611,30U,5.545,-0.708,-0.117,0.036249520078974966,-0.000827902892728235,1.4468388668692778
1417777987866748,51.7615725209,-1.2603023326,111.297127,5735951.994254269,620060.3510573022,-111.297127,30U,5.527,-0.709,-0.117,0.03710437188858891,-0.004189727216211251,1.44441571625365
1417777987968450,51.7615774764,-1.2603033927,111.306732,5735952.543592222,620060.2647560408,-111.306732,30U,5.504,-0.747,-0.069,0.040280453389643436,-0.009854930446859084,1.442716939275185
1417777988075153,51.7615824131,-1.2603044837,111.307945,5735953.090788628,620060.176372347,-111.307945,30U,5.48,-0.748,0.028,0.04137518414526006,-0.012342409751813091,1.4412539614116784
1417777988181856,51.7615873173,-1.2603055512,111.306084,5735953.634409515,620060.0896965589,-111.306084,30U,5.437,-0.731,0.002,0.0409253372172832,-0.012480951142949719,1.4393297517798884
1417777988287606,51.7615921855,-1.2603066196,111.308128,5735954.174025494,620060.0030541847,-111.308128,30U,5.399,-0.737,-0.037,0.03763824314158436,-0.011790459474344936,1.437722126649682
1417777988379067,51.7615970278,-1.2603076872,111.308495,5735954.710762546,620059.9165357428,-111.308495,30U,5.379,-0.738,0.032,0.036502453846927116,-0.008005589872379138,1.4359901473757577
1417777988470527,51.7616018516,-1.2603087831,111.302864,5735955.245395693,620059.8281134915,-111.302864,30U,5.358,-0.771,0.059,0.03862735403564349,-0.0026780312739259466,1.4345094153179865
1417777988575324,51.7616066684,-1.2603099071,111.296692,5735955.779204139,620059.7377707236,-111.296692,30U,5.361,-0.768,0.063,0.03998653284186287,0.001478307305002462,1.4328989701004828
1417777988682027,51.7616114777,-1.2603110215,111.295128,5735956.312194343,620059.6481103371,-111.295128,30U,5.348,-0.771,-0.017,0.04425720000058666,0.003526900000616275,1.4305363999993275
1417777988788731,51.7616162772,-1.2603121415,111.300392,5735956.844085507,620059.5580895252,-111.300392,30U,5.332,-0.775,-0.114,0.0405118074267584,0.0016284298022107607,1.4280990727443919
1417777988893529,51.7616210671,-1.2603132695,111.312172,5735957.374895923,620059.4675421393,-111.312172,30U,5.327,-0.773,-0.108,0.034206939663897824,-0.004234193864918217,1.4270917700496653
1417777988984989,51.7616258537,-1.2603143917,111.321152,5735957.905348906,620059.3774037655,-111.321152,30U,5.324,-0.785,-0.059,0.03261185519909649,-0.00795870881721544,1.4263849117392595
1417777989076449,51.7616306308,-1.2603155524,111.325455,5735958.434682051,620059.2846338348,-111.325455,30U,5.312,-0.815,-0.029,0.03383615216644961,-0.007591858887279488,1.4256135795036993
1417777989182199,51.7616354014,-1.260316765,111.3284,5735958.963206917,620059.1882996925,-111.3284,30U,5.308,-0.853,-0.026,0.037806001768514376,-0.007080596709699522,1.4254623690555013
1417777989287941,51.7616401708,-1.2603179652,111.328316,5735959.491618751,620059.0928244386,-111.328316,30U,5.313,-0.79,0.023,0.03770308661053745,-0.005156830398520657,1.4248886652891972
1417777989379266,51.7616449507,-1.2603190896,111.324356,5735960.021323038,620059.002552087,-111.324356,30U,5.322,-0.767,0.032,0.036225415615928354,-0.0018467398611068787,1.4233059937683519
1417777989470590,51.7616497338,-1.2603202311,111.323219,5735960.551355036,620058.9110912397,-111.323219,30U,5.318,-0.806,-0.005,0.03462498132252524,-0.0028707483395429487,1.4227639088667419
1417777989575372,51.7616545091,-1.2603214226,111.326614,5735961.080437315,620058.8162007451,-111.326614,30U,5.314,-0.83,-0.042,0.034318868758056245,-0.005867414869942394,1.422970117147708
1417777989682075,51.7616592876,-1.2603226197,111.329842,5735961.609866236,620058.720915338,-111.329842,30U,5.32,-0.823,-0.046,0.03549999999974828,-0.007807300000131116,1.4227853999994304
1417777989788770,51.761664072,-1.2603238131,111.336479,5735962.139957369,620058.6258696206,-111.336479,30U,5.325,-0.82,-0.088,0.03569990982028549,-0.013261644312326824,1.422619491838641
1417777989893549,51.7616688606,-1.2603250078,111.341187,5735962.6705134325,620058.5307230696,-111.341187,30U,5.332,-0.829,0.002,0.041076260864251396,-0.017664330247377288,1.4231284667098765
1417777989984919,51.7616736542,-1.2603262084,111.336555,5735963.201615814,620058.4351561274,-111.336555,30U,5.335,-0.819,0.065,0.04160591462161184,-0.015454383181885512,1.4235863260726942
1417777990076290,51.7616784467,-1.2603273879,111.331703,5735963.732630608,620058.3410481703,-111.331703,30U,5.332,-0.812,0.027,0.0433520057656752,-0.01037642927546264,1.4239146539069583
1417777990182013,51.7616832425,-1.2603285672,111.328964,5735964.264012712,620058.2469452767,-111.328964,30U,5.341,-0.82,0.046,0.04663139014785467,-0.006616385418291452,1.4245621224956617
1417777990287742,51.7616880429,-1.2603297553,111.321327,5735964.795891881,620058.1522229331,-111.321327,30U,5.345,-0.804,0.091,0.04622797856856508,-0.0030683904677456797,1.4255881623663047
1417777990379198,51.7616928444,-1.2603309115,111.313179,5735965.327945894,620058.0596990142,-111.313179,30U,5.339,-0.793,0.05,0.04674433405498001,6.529707653503105e-05,1.4265099256069627
1417777990470653,51.7616976363,-1.260332062,111.312729,5735965.858941711,620057.9675939191,-111.312729,30U,5.326,-0.785,-0.043,0.043977667694086786,0.0009098808541054344,1.427310817386252
1417777990575439,51.7617024077,-1.2603332056,111.322502,5735966.387669155,620057.8760193733,-111.322502,30U,5.298,-0.802,-0.121,0.04504879325030663,-0.0022303737166333784,1.4284562721170846
1417777990682129,51.7617071588,-1.2603343711,111.333786,5735966.914103064,620057.7829874421,-111.333786,30U,5.277,-0.8,-0.088,0.04552750000031669,-0.00649700000006116,1.4300057000008561
1417777990788824,51.7617118942,-1.2603355069,111.338753,5735967.438839926,620057.6920466875,-111.338753,30U,5.253,-0.768,-0.026,0.04592234727689199,-0.009091891848352582,1.4309030426347629
1417777990893609,51.761716601,-1.2603366079,111.339394,5735967.960453575,620057.603583266,-111.339394,30U,5.223,-0.751,0.006,0.04580265495996603,-0.010305904642857243,1.4314868705272232
1417777990985030,51.7617212792,-1.2603376932,111.339554,5735968.47891257,620057.5162791427,-111.339554,30U,5.19,-0.746,-0.012,0.045778442455802724,-0.010616478101342731,1.4322190091656448
1417777991076450,51.761725929,-1.2603387707,111.340469,5735968.994226145,620057.4295886306,-111.340469,30U,5.155,-0.746,-0.01,0.04711317816146738,-0.010820547325976114,1.432939305347156
1417777991182121,51.7617305511,-1.2603398489,111.340233,5735969.506458154,620057.342923313,-111.340233,30U,5.132,-0.736,0.013,0.04655373100371152,-0.009567546382274705,1.4336434255466342
1417777991288743,51.7617351509,-1.2603409057,111.338409,5735970.01624549,620057.2577939202,-111.338409,30U,5.105,-0.726,0.028,0.04785845519867481,-0.009213681969008968,1.4341659363520447
1417777991395376,51.7617397255,-1.2603419512,111.335068,5735970.523249029,620057.1735111726,-111.335068,30U,5.077,-0.711,0.029,0.04567312259539971,-0.00799465072633162,1.434829775575862
1417777991497008,51.7617442719,-1.2603429788,111.334129,5735971.027146019,620057.0905384752,-111.334129,30U,5.042,-0.713,-0.0,0.04543830282308248,-0.007106157128153478,1.435685964363534
1417777991576971,51.7617487873,-1.2603440199,111.334679,5735971.527573388,620057.0067164376,-111.334679,30U,5.006,-0.721,-0.012,0.04737836742547819,-0.005841395178567751,1.4369157802190613
1417777991656933,51.7617532709,-1.2603450593,111.33786,5735972.024467194,620056.9230960864,-111.33786,30U,4.976,-0.712,-0.029,0.04879700000000212,-0.006293000000421898,1.4379037999995947
1417777991755279,51.7617577435,-1.2603460701,111.337944,5735972.520184815,620056.8414785307,-111.337944,30U,4.951,-0.679,0.003,0.04896143212711628,-0.0064810494430085006,1.4385837388176208
1417777991861982,51.7617621777,-1.2603470488,111.338188,5735973.011684954,620056.762177982,-111.338188,30U,4.92,-0.673,-0.004,0.04908305971224075,-0.006652904343730319,1.4391454540848447
1417777991968670,51.7617665834,-1.2603480202,111.338615,5735973.500027731,620056.6834568037,-111.338615,30U,4.886,-0.667,-0.011,0.04860695519927621,-0.006144773161164726,1.4401796859742366
1417777992075354,51.7617709588,-1.2603489873,111.341331,5735973.985008035,620056.6051127492,-111.341331,30U,4.854,-0.668,-0.039,0.0501341574442517,-0.006927282335156554,1.4422180749985682
1417777992182006,51.7617753062,-1.2603499468,111.344955,5735974.466887073,620056.5273674414,-111.344955,30U,4.822,-0.656,-0.026,0.05259204980031686,-0.008738858021569903,1.4448701225034861
1417777992288658,51.7617796287,-1.2603508761,111.345963,5735974.946046789,620056.4517722117,-111.345963,30U,4.8,-0.622,-0.0,0.0540843138156878,-0.008592271927945289,1.447253513459339
1417777992395361,51.7617839295,-1.2603517714,111.345505,5735975.4228492975,620056.378580796,-111.345505,30U,4.77,-0.622,-0.002,0.05861803249457737,-0.008754109164104766,1.4497570138762805
1417777992499206,51.7617881997,-1.2603526763,111.345657,5735975.896233089,620056.3048081034,-111.345657,30U,4.735,-0.619,-0.006,0.06018274509927332,-0.00924659125161275,1.4542896640942726
1417777992590666,51.7617924421,-1.2603535327,111.34697,5735976.366605185,620056.2344560073,-111.34697,30U,4.708,-0.56,-0.007,0.060405947504558334,-0.009217714910038196,1.4602799320357644
1417777992682125,51.7617966615,-1.2603543087,111.346588,5735976.83455189,620056.1697130927,-111.346588,30U,4.681,-0.524,0.001,0.059601800000299666,-0.007444699999283647,1.466647200000357
1417777992788702,51.7618008746,-1.2603550588,111.347542,5735977.301840632,620056.1067741795,-111.347542,30U,4.656,-0.508,-0.01,0.05879863424374525,-0.007217429065705952,1.4748461826129022
1417777992893387,51.7618050464,-1.2603557913,111.347221,5735977.764565526,620056.0451593602,-111.347221,30U,4.632,-0.504,0.017,0.06134846618322768,-0.0062861197222696475,1.4855700525614683
1417777992984827,51.7618092013,-1.2603564616,111.346497,5735978.225513424,620055.9878816118,-111.346497,30U,4.62,-0.417,-0.015,0.06355221265239248,-0.005956654561651843,1.4980974600267267
1417777993076267,51.761813337,-1.2603569958,111.349007,5735978.684550208,620055.940046643,-111.349007,30U,4.585,-0.334,-0.027,0.0685665051280608,-0.008428544929556898,1.5120451732473406
1417777993167672,51.7618174513,-1.2603574321,111.351044,5735979.141368338,620055.8990242244,-111.351044,30U,4.563,-0.271,-0.023,0.06840124960347477,-0.007631485367960871,1.5283827509494867
1417777993259075,51.7618215413,-1.2603577532,111.353409,5735979.595673794,620055.8660158677,-111.353409,30U,4.541,-0.178,-0.021,0.0649232995224483,-0.005001776909843161,1.5481498834437988
1417777993361920,51.7618256055,-1.2603579332,111.356247,5735980.047342402,620055.8428128259,-111.356247,30U,4.51,-0.087,-0.045,0.0642457075648917,-0.0037133734597575457,1.5709956798152598
1417777993468580,51.7618296381,-1.2603579742,111.361168,5735980.495725709,620055.8292855697,-111.361168,30U,4.468,0.023,-0.043,0.06036542628258126,-0.004355515914449156,1.5949504812275808
1417777993575255,51.7618336385,-1.260357834,111.361481,5735980.940826463,620055.828347777,-111.361481,30U,4.44,0.147,0.047,0.06020773236556355,-0.002794427873408065,1.6195333595070946
1417777993681933,51.7618376035,-1.2603575602,111.357079,5735981.382210438,620055.8367232095,-111.357079,30U,4.392,0.215,0.02,0.061481599999798894,-0.00033980000037445385,1.6466247000000815
1417777993788606,51.7618415437,-1.2603571477,111.360672,5735981.821064824,620055.8547356762,-111.360672,30U,4.336,0.341,-0.088,0.06137706946280476,-0.0024334264510384243,1.6757554914734551
1417777993895282,51.7618454118,-1.2603565291,111.36882,5735982.25224051,620055.8871617184,-111.36882,30U,4.278,0.483,-0.079,0.06060819124220317,-0.005034858548946565,1.7051585954108988
1417777994001984,51.7618492183,-1.2603557191,111.376671,5735982.676880964,620055.9329590765,-111.376671,30U,4.203,0.606,-0.068,0.06031180440281787,-0.004194712962149742,1.7362312451615405
1417777994104869,51.7618529543,-1.2603547422,111.381798,5735983.093956118,620055.990460691,-111.381798,30U,4.121,0.718,-0.046,0.058434625001227876,0.00045788998811002713,1.770768427685572
1417777994196300,51.7618566151,-1.260353585,111.387123,5735983.502965365,620056.0606037197,-111.387123,30U,4.04,0.853,-0.047,0.05961115586393493,0.004291926907877248,1.8092519725651133
1417777994287724,51.7618602058,-1.2603522221,111.389091,5735983.904517665,620056.1451274029,-111.389091,30U,3.961,1.006,0.011,0.06008540402725376,0.006889853747602207,1.8488071039772362
1417777994379045,51.7618637145,-1.2603506178,111.38652,5735984.297348437,620056.2465268492,-111.38652,30U,3.86,1.176,0.022,0.0571338574938588,0.010329616162476062,1.8884232627639708
1417777994470366,51.7618671306,-1.2603488114,111.388199,5735984.680214197,620056.3621182092,-111.388199,30U,3.763,1.279,-0.057,0.05788975881797136,0.010984511978867434,1.9300813875540352
1417777994575033,51.7618704561,-1.2603468462,111.397003,5735985.053266078,620056.4889081815,-111.397003,30U,3.645,1.423,-0.122,0.050311055091620045,0.010405205925575648,1.9733571214417966
1417777994681607,51.7618736597,-1.2603446319,111.411392,5735985.413171976,620056.6332111118,-111.411392,30U,3.512,1.59,-0.152,0.04555129999940193,0.008448800000870397,2.0165936000001237
1417777994773066,51.7618767787,-1.2603422338,111.425743,5735985.76397239,620056.7904219024,-111.425743,30U,3.417,1.689,-0.131,0.04128913578634255,0.005663452773618498,2.060385603299897
1417777994864526,51.7618797856,-1.2603396641,111.436256,5735986.102589063,620056.9597716242,-111.436256,30U,3.301,1.837,-0.075,0.03878140823082177,0.003985462237194292,2.1041253936072755
1417777994968370,51.7618826961,-1.2603369012,111.441383,5735986.430803498,620057.1427091708,-111.441383,30U,3.205,1.942,-0.049,0.038143227167386703,0.0024970206569461745,2.147708634949333
1417777995075072,51.761885509,-1.2603339826,111.447945,5735986.74842051,620057.3366499704,-111.447945,30U,3.078,2.07,-0.079,0.037881818448851336,-0.0010034994913870035,2.19171896888718
1417777995181775,51.7618882035,-1.2603308587,111.455788,5735987.053208664,620057.5450719389,-111.455788,30U,2.943,2.214,-0.086,0.03198920938638258,-0.003620415218413017,2.233833021958908
1417777995288477,51.7618907812,-1.2603275376,111.464684,5735987.345332557,620057.7674118772,-111.464684,30U,2.827,2.343,-0.087,0.025462513857009157,-0.006169445467083475,2.2762361207359354
1417777995395179,51.761893282,-1.260324068,111.470322,5735987.629149153,620058.0002033026,-111.470322,30U,2.773,2.424,-0.027,0.02604983945386776,-0.008027842633591837,2.3200670141043833
1417777995501878,51.7618957217,-1.2603204655,111.473206,5735987.906389834,620058.2423277925,-111.473206,30U,2.674,2.537,-0.042,0.025174875874943877,-0.009154439233700252,2.3636394788673414
1417777995608562,51.7618980496,-1.2603166804,111.478699,5735988.171498256,620058.4973494873,-111.478699,30U,2.535,2.677,-0.042,0.027313694841042756,-0.011328530366740128,2.4059610087480254
1417777995706911,51.7619002519,-1.2603126958,111.479164,5735988.422967594,620058.7664712104,-111.479164,30U,2.407,2.796,0.029,0.025511400000522752,-0.011013799999979297,2.4473495000008327
1417777995786922,51.7619023566,-1.2603085724,111.476204,5735988.6638117,620059.0454299708,-111.476204,30U,2.29,2.872,-0.021,0.021195086413349502,-0.011130200784760964,2.49047869319971
1417777995866934,51.7619043459,-1.2603043319,111.47876,5735988.892015384,620059.332775546,-111.47876,30U,2.178,2.962,-0.016,0.020157863240804468,-0.015407897435070744,2.5344704138660554
1417777995968599,51.7619062344,-1.2602999735,111.478752,5735989.109203573,620059.6285244077,-111.478752,30U,2.052,3.039,0.009,0.020801918688057336,-0.01688864744529843,2.577044363827641
1417777996075262,51.7619080021,-1.260295513,111.479485,5735989.313126133,620059.9316393102,-111.479485,30U,1.923,3.102,-0.018,0.027394435575165133,-0.01650179600373738,2.6183693965913433
1417777996181908,51.7619096595,-1.2602909671,111.481941,5735989.5049232375,620060.2409399872,-111.481941,30U,1.8,3.164,-0.027,0.03543756979929725,-0.015962672634398337,2.6599730537866475
1417777996287602,51.7619111958,-1.2602863199,111.480927,5735989.683420035,620060.5575522995,-111.480927,30U,1.645,3.244,0.032,0.04049141616216737,-0.013719516541711711,2.7021259069884884
1417777996379020,51.7619125777,-1.2602815492,111.478508,5735989.844949904,620060.8830965433,-111.478508,30U,1.466,3.332,0.022,0.043597131440190076,-0.01175523616266036,2.7436897319392637
1417777996470438,51.7619138198,-1.2602766736,111.47467,5735989.991105836,620061.2162504613,-111.47467,30U,1.333,3.392,0.066,0.04272373384746558,-0.008133313470211142,2.7842783962922635
1417777996575192,51.7619149363,-1.260271705,111.466263,5735990.123447374,620061.556155204,-111.466263,30U,1.187,3.46,0.082,0.03793347973219811,-0.00032618445475085555,2.825211720080354
1417777996681852,51.7619159374,-1.2602666403,111.462234,5735990.243113925,620061.902997633,-111.462234,30U,1.082,3.527,-0.004,0.036742900000502086,0.004136999999203753,2.8671378999999675
1417777996788544,51.7619168441,-1.2602614713,111.464783,5735990.352454327,620062.2572878941,-111.464783,30U,0.958,3.608,-0.027,0.0366638846308104,0.0029729095624069033,2.908169861938162
1417777996893325,51.7619176361,-1.2602561959,111.466751,5735990.449214549,620062.6192247577,-111.466751,30U,0.844,3.673,-0.028,0.04258743685724456,0.002855417325505529,2.947375142496168
1417777996984736,51.7619183309,-1.2602508251,111.471481,5735990.535322591,620062.9880027245,-111.471481,30U,0.728,3.747,-0.043,0.05097032043404156,0.002685960714870131,2.986186894871266
1417777997076147,51.7619189037,-1.2602453468,111.475502,5735990.608040461,620063.3645225741,-111.475502,30U,0.569,3.815,-0.057,0.05857740653015588,0.0033829762217606764,3.022937726443759
1417777997181893,51.7619193135,-1.2602397819,111.485497,5735990.66277429,620063.7474508445,-111.485497,30U,0.373,3.872,-0.131,0.05590362704933006,0.0023310351588724724,3.056106777338094
1417777997287640,51.7619195722,-1.2602341297,111.497292,5735990.70084859,620064.1368042717,-111.497292,30U,0.243,3.936,-0.09,0.055579033528514905,-4.737640054936694e-05,3.0882477790986083
1417777997379041,51.7619197418,-1.2602283903,111.501022,5735990.72915799,620064.5324114686,-111.501022,30U,0.145,3.995,0.008,0.05084042967309467,0.0027346914001619245,3.11906675988404
1417777997470443,51.7619197982,-1.2602225607,111.499199,5735990.745027356,620064.9345433977,-111.499199,30U,0.011,4.06,0.013,0.048634265306814625,0.00924654500911422,-3.136094644946276
1417777997575197,51.7619197676,-1.260216632,111.499718,5735990.751384951,620065.3437447096,-111.499718,30U,-0.05,4.134,-0.009,0.0510748100587727,0.0121012807451496,-3.1102790182880806
1417777997681858,51.7619196806,-1.2602105961,111.501007,5735990.751647027,620065.7604931766,-111.501007,30U,-0.129,4.199,-0.036,0.05681290000002103,0.011285600000473997,-3.0859239071636853
1417777997788496,51.761919501,-1.2602044785,111.507133,5735990.741745934,620066.1831251726,-111.507133,30U,-0.258,4.252,-0.075,0.06052045885523299,0.00848156305280813,-3.0643405448024543
1417777997893232,51.7619192099,-1.2601982822,111.514198,5735990.71957493,620066.6114838228,-111.514198,30U,-0.367,4.315,-0.046,0.06199380123258428,0.00750513188849827,-3.0443258715098405
1417777997984656,51.7619188237,-1.2601920178,111.520607,5735990.686940354,620067.0447941481,-111.520607,30U,-0.476,4.346,-0.104,0.06011057438381852,0.00916358714659112,-3.0251446449807715
1417777998076080,51.7619183513,-1.2601856952,111.534508,5735990.644815645,620067.4823493728,-111.534508,30U,-0.548,4.392,-0.155,0.059262920317275786,0.008246333986818675,-3.007443023087864
1417777998181828,51.7619178311,-1.2601792929,111.547821,5735990.597506523,620067.9255312617,-111.547821,30U,-0.602,4.455,-0.092,0.05847080022944911,0.006429968698058835,-2.989804852221033
1417777998287576,51.7619172367,-1.2601728105,111.550995,5735990.542077799,620068.3744374638,-111.550995,30U,-0.717,4.502,0.006,0.058625272167438534,0.00754806677865782,-2.973303594326739
1417777998379017,51.761916533,-1.2601662643,111.54982,5735990.474599299,620068.8280362966,-111.54982,30U,-0.832,4.545,0.006,0.056839614782732924,0.010351392026433287,-2.9603405797851456
1417777998470457,51.7619157538,-1.2601596493,111.552109,5735990.398838028,620069.286583121,-111.552109,30U,-0.882,4.598,-0.05,0.053841306789370595,0.010305018132534288,-2.949015093169647
1417777998575219,51.7619149479,-1.2601529597,111.561134,5735990.320230412,620069.750348703,-111.561134,30U,-0.905,4.647,-0.136,0.05019512794207348,0.00671573679021406,-2.9370911839427194
1417777998681883,51.7619141018,-1.2601461969,111.574104,5735990.237272856,620070.2192722514,-111.574104,30U,-0.972,4.696,-0.119,0.05120339999964815,0.003217799999699868,-2.9251426071746236
1417777998788541,51.7619131864,-1.2601393641,111.583244,5735990.146723988,620070.6932101554,-111.583244,30U,-1.062,4.742,-0.067,0.0511251752100024,0.0023628328238223663,-2.914652505755151
1417777998893288,51.7619121927,-1.260132474,111.589485,5735990.047562046,620071.1713099105,-111.589485,30U,-1.136,4.782,-0.07,0.04922168965265698,0.0010052540656480455,-2.9044770206678607
1417777998984652,51.7619111458,-1.2601255204,111.594978,5735989.9425885165,620071.6539327658,-111.594978,30U,-1.188,4.827,-0.036,0.04660737032804078,-0.0012483620173745697,-2.892733536440609
1417777999076017,51.7619100391,-1.2601185057,111.595985,5735989.831065488,620072.1409306176,-111.595985,30U,-1.272,4.861,0.002,0.041295760508149745,-0.0015133721669708946,-2.880161475023144
1417777999181760,51.7619088534,-1.2601114485,111.597313,5735989.710827177,620072.6310708855,-111.597313,30U,-1.347,4.89,-0.036,0.037778746202515076,-0.0020772310737621606,-2.8675441571134543
1417777999288462,51.7619076167,-1.2601043507,111.602959,5735989.584984232,620073.1241481691,-111.602959,30U,-1.396,4.919,-0.056,0.03659853323090239,-0.0042522016502868475,-2.853966144132195
1417777999395165,51.761906326,-1.2600972111,111.606468,5735989.453205014,620073.620253236,-111.606468,30U,-1.475,4.947,-0.024,0.035428610973632216,-0.0028512733309213243,-2.8396410033107395
1417777999496865,51.7619049475,-1.260090042,111.608467,5735989.311710496,620074.1186269892,-111.608467,30U,-1.578,4.961,-0.022,0.0342130745031999,-0.0020354659434098695,-2.8243833757083365
1417777999576891,51.7619034784,-1.260082859,111.609901,5735989.160163613,620074.6182003529,-111.609901,30U,-1.681,4.961,-0.009,0.02825743106663427,-0.003516379929066112,-2.80852575157404
1417777999656918,51.7619019126,-1.2600756848,111.61087,5735988.997848637,620075.117423064,-111.61087,30U,-1.784,4.953,0.009,0.019976499999247953,-0.0064689000001365154,-2.7921753071789843
1417777999755230,51.7619002697,-1.2600685306,111.609413,5735988.826926768,620075.6154702456,-111.609413,30U,-1.853,4.933,-0.016,0.014194464683289693,-0.006911864124469705,-2.7748271211442166
1417777999861855,51.7618985631,-1.2600614061,111.6166,5735988.648872204,620076.1116369782,-111.6166,30U,-1.935,4.923,-0.101,0.009081198798965582,-0.010304220466451578,-2.757273468719078
1417777999968500,51.7618967785,-1.2600543019,111.624596,5735988.462110168,620076.6066098708,-111.624596,30U,-2.021,4.903,-0.048,0.010751864570746275,-0.01635751065549262,-2.7399109681919174
1417778000075149,51.7618949269,-1.2600472105,111.625244,5735988.267876278,620077.1008772897,-111.625244,30U,-2.091,4.899,0.027,0.014325501998146114,-0.020331179879209443,-2.722288174112129
1417778000181802,51.7618929881,-1.2600401443,111.619255,5735988.063903752,620077.5936371502,-111.619255,30U,-2.214,4.866,0.07,0.0169800493433877,-0.02317795809020765,-2.703553503650845
1417778000288459,51.7618909364,-1.2600331331,111.614319,5735987.847285517,620078.0829012467,-111.614319,30U,-2.337,4.833,0.022,0.01720477026889776,-0.027482701380133288,-2.68496700064748
1417778000395161,51.761888779,-1.2600261586,111.611877,5735987.618852389,620078.5699133009,-111.611877,30U,-2.442,4.819,0.055,0.013782525001159859,-0.03366044935228856,-2.6663872079813045
1417778000499002,51.7618865501,-1.2600191976,111.604408,5735987.382445825,620079.0561835254,-111.604408,30U,-2.504,4.81,0.079,0.01379464892557285,-0.036597142992377374,-2.646401090247475
1417778000590449,51.7618842505,-1.2600122509,111.594505,5735987.138153472,620079.5416545961,-111.594505,30U,-2.607,4.792,0.134,0.01675171763359723,-0.03662627021979592,-2.625739240385921
1417778000681896,51.7618818422,-1.2600053485,111.579697,5735986.881700091,620080.0243571404,-111.579697,30U,-2.729,4.755,0.154,0.022748000000635357,-0.03501829999959908,-2.605884707178283
1417778000788561,51.7618793414,-1.2599984821,111.56292,5735986.614900894,620080.5048209324,-111.56292,30U,-2.823,4.735,0.182,0.028629600903247305,-0.03366625888665268,-2.5850030082090454
1417778000893323,51.761876744,-1.2599916634,111.54393,5735986.337280668,620080.982249475,-111.54393,30U,-2.95,4.692,0.178,0.0315164452869987,-0.03135261713805351,-2.562049644904167
1417778000984760,51.7618740152,-1.2599849295,111.528397,5735986.044908344,620081.4541749577,-111.528397,30U,-3.105,4.622,0.123,0.032785231182186694,-0.031157447802806982,-2.538399884127448
1417778001076196,51.7618711609,-1.2599782773,111.517418,5735985.738445142,620081.9207956494,-111.517418,30U,-3.225,4.582,0.105,0.032228836223065466,-0.03275245450271816,-2.514497719820786
1417778001167605,51.7618682012,-1.259971683,111.506378,5735985.420165496,620082.38370058,-111.506378,30U,-3.343,4.538,0.111,0.033053736709657305,-0.03438037023739637,-2.489238005417746
1417778001259011,51.7618651343,-1.2599651594,111.494438,5735985.089848159,620082.8420112411,-111.494438,30U,-3.466,4.484,0.112,0.03553400236460929,-0.03533602936386829,-2.4627219607996063
1417778001361859,51.7618619502,-1.2599587181,111.483551,5735984.746361963,620083.2949536911,-111.483551,30U,-3.606,4.425,0.124,0.03664690598407119,-0.03618642695884079,-2.4360014114151545
1417778001468520,51.7618586283,-1.2599523895,111.468338,5735984.387366002,620083.7404847869,-111.468338,30U,-3.764,4.333,0.167,0.039052819869377954,-0.03591632418457857,-2.4093477462241375
1417778001575196,51.7618551793,-1.2599461711,111.452538,5735984.014054301,620084.1787486552,-111.452538,30U,-3.899,4.269,0.161,0.04006530287236694,-0.03554225108386953,-2.3819910838605143
1417778001681875,51.7618515994,-1.2599400637,111.435509,5735983.626002952,620084.6097001763,-111.435509,30U,-4.052,4.181,0.174,0.040380499999510946,-0.034657299999672785,-2.3542137071754374
1417778001788519,51.7618478875,-1.2599340812,111.41993,5735983.223066742,620085.0323830749,-111.41993,30U,-4.195,4.095,0.124,0.03880260521968066,-0.036015567136648045,-2.3262771298986666
1417778001895171,51.7618440499,-1.2599282254,111.40818,5735982.805943303,620085.4466564235,-111.40818,30U,-4.332,4.011,0.128,0.039336676649724,-0.04019884635087486,-2.2975084042262357
1417778002001872,51.7618400829,-1.2599225008,111.394508,5735982.374213761,620085.852219511,-111.394508,30U,-4.48,3.913,0.15,0.04215368052630354,-0.042809158786991576,-2.2687241974309784
1417778002104763,51.761835987,-1.2599169239,111.378525,5735981.927906545,620086.2479323985,-111.378525,30U,-4.622,3.805,0.176,0.044214749512598364,-0.04328045724613609,-2.24004580305422
1417778002196222,51.7618317656,-1.2599115053,111.360229,5735981.467382304,620086.6330545911,-111.360229,30U,-4.761,3.694,0.19,0.04464062782348562,-0.0408889595238874,-2.2109574098049496
1417778002287675,51.7618274088,-1.2599062657,111.339172,5735980.9915060075,620087.0061839179,-111.339172,30U,-4.913,3.567,0.222,0.04673987102293519,-0.03660273890716769,-2.181840218797555
1417778002379050,51.7618229341,-1.2599011744,111.317268,5735980.502274314,620087.3693924512,-111.317268,30U,-5.031,3.486,0.219,0.04953252359804267,-0.032645916948785304,-2.1521968315981157
1417778002470424,51.7618183417,-1.2598962457,111.296043,5735979.999685916,620087.7216928632,-111.296043,30U,-5.176,3.341,0.194,0.051715589273437494,-0.02914928365916829,-2.1225508277312484
1417778002575165,51.7618136206,-1.2598915261,111.280685,5735979.482440973,620088.0599055201,-111.280685,30U,-5.319,3.2,0.116,0.054397625674825714,-0.027201006102799383,-2.0948867595665406
1417778002681814,51.761808781,-1.2598869956,111.27037,5735978.9517067205,620088.385383493,-111.27037,30U,-5.438,3.084,0.091,0.055532899999615165,-0.027688199999753454,-2.069117007177311
1417778002773273,51.7618038387,-1.2598826187,111.260529,5735978.4092986705,620088.7005345989,-111.260529,30U,-5.553,2.974,0.103,0.05677592141419839,-0.029118335723472697,-2.04432138580566
1417778002864732,51.7617987891,-1.2598784165,111.249115,5735977.854670531,620089.0039149944,-111.249115,30U,-5.679,2.843,0.117,0.05542301773684637,-0.028883383566186374,-2.0220177409672435
1417778002968575,51.7617936349,-1.2598743829,111.237228,5735977.2881326005,620089.2959384574,-111.237228,30U,-5.782,2.756,0.116,0.055231149061816115,-0.027055615737735964,-2.0019408409621158
1417778003075276,51.76178839,-1.2598704549,111.2248,5735976.711334381,620089.580915535,-111.2248,30U,-5.884,2.681,0.133,0.054295227376908145,-0.025667599076197367,-1.982296182986165
1417778003181978,51.7617830503,-1.2598666482,111.210396,5735976.123794075,620089.8577736986,-111.210396,30U,-5.991,2.593,0.148,0.05474786059911744,-0.023363530142640795,-1.9638348759057982
1417778003288680,51.7617776183,-1.2598629654,111.197258,5735975.525785419,620090.1263268935,-111.197258,30U,-6.09,2.504,0.109,0.05410037617504168,-0.022275487308948908,-1.9463866648247057
1417778003395382,51.7617720975,-1.2598594178,111.187706,5735974.917679022,620090.3857860517,-111.187706,30U,-6.189,2.413,0.081,0.05194481269114144,-0.022062800517643144,-1.9301291346555365
1417778003502058,51.7617664893,-1.2598560059,111.178963,5735974.299629752,620090.636112954,-111.178963,30U,-6.281,2.317,0.078,0.04912033708621403,-0.021864146309659094,-1.9160957079732726
1417778003608622,51.7617608088,-1.259852697,111.170792,5735973.673370665,620090.8795240553,-111.170792,30U,-6.352,2.27,0.104,0.04921976533814487,-0.02098524686840964,-1.9041673726262696
1417778003706894,51.7617550695,-1.2598494495,111.160133,5735973.04047155,620091.1188542187,-111.160133,30U,-6.416,2.218,0.104,0.047100299999999456,-0.01796609999982567,-1.8936272071702411
1417778003786920,51.7617492705,-1.2598462982,111.150871,5735972.400775018,620091.3517043904,-111.150871,30U,-6.485,2.15,0.096,0.04473334603318878,-0.014855416163866951,-1.8854007271047701
1417778003866946,51.7617434181,-1.2598432127,111.141602,5735971.755031726,620091.5801556618,-111.141602,30U,-6.532,2.129,0.088,0.04393768620121824,-0.011107990089473897,-1.8787916848119857
1417778003968646,51.7617375289,-1.2598401378,111.134705,5735971.105178595,620091.8079731667,-111.134705,30U,-6.573,2.12,0.043,0.04451519031724908,-0.0075543221434167225,-1.87284010705359
1417778004075347,51.761731602,-1.2598370917,111.132446,5735970.45108557,620092.0339033682,-111.132446,30U,-6.615,2.091,0.009,0.044992982053964146,-0.005799046947675003,-1.8681709862688924
1417778004182049,51.7617256365,-1.2598340805,111.132248,5735969.792642521,620092.2575277091,-111.132248,30U,-6.657,2.076,0.001,0.04824145213468803,-0.004263295886291697,-1.8642181901305959
1417778004287796,51.7617196355,-1.2598310957,111.134392,5735969.130208182,620092.4794245244,-111.134392,30U,-6.698,2.043,-0.049,0.0450760712368055,-0.005397144060661446,-1.8609961108506055
1417778004379218,51.7617135983,-1.2598281614,111.138763,5735968.463665023,620092.6979326016,-111.138763,30U,-6.734,2.016,-0.026,0.04183437280668655,-0.008456703670282846,-1.8584239156339168
1417778004470639,51.761707533,-1.2598252369,111.141663,5735967.793980839,620092.9158390298,-111.141663,30U,-6.762,2.025,-0.042,0.03921597726909299,-0.00992274039609126,-1.8554252503664208
1417778004575421,51.7617014456,-1.2598222978,111.145676,5735967.121863047,620093.1348116603,-111.145676,30U,-6.79,2.034,-0.028,0.0392686366538791,-0.012399687766492177,-1.8529292818637606
1417778004682111,51.7616953244,-1.2598193748,111.143143,5735966.445959976,620093.3527630251,-111.143143,30U,-6.832,1.993,0.05,0.03685580000037945,-0.011417200000754617,-1.851818007167071
1417778004788747,51.7616891731,-1.2598164893,111.140305,5735965.76664785,620093.568206554,-111.140305,30U,-6.857,1.997,-0.001,0.03467662277020508,-0.010854096917522574,-1.8518812047713409
1417778004893480,51.761682994,-1.2598135957,111.138382,5735965.084257536,620093.7842828667,-111.138382,30U,-6.886,2.015,0.036,0.030870985064373475,-0.011487329906205728,-1.8526136875712373
1417778004984887,51.7616767953,-1.2598106535,111.135681,5735964.399767617,620094.0037649887,-111.135681,30U,-6.909,2.045,0.027,0.02963383149909533,-0.011684580321437786,-1.853289607845455
1417778005076294,51.7616705724,-1.2598076836,111.134254,5735963.712632125,620094.2252228814,-111.134254,30U,-6.943,2.052,0.013,0.027226753210396776,-0.012824130037924182,-1.855323343349017
1417778005182040,51.7616643201,-1.2598046997,111.131927,5735963.022250233,620094.4477249471,-111.131927,30U,-6.972,2.075,0.033,0.027374385972737825,-0.012740899738231493,-1.8594948044589128
1417778005287785,51.7616580466,-1.2598016525,111.12912,5735962.329615009,620094.6746514775,-111.12912,30U,-6.992,2.136,0.016,0.027963686641773854,-0.012682142988107669,-1.8637716172378374
1417778005379197,51.761651752,-1.2597985309,111.125389,5735961.63475586,620094.9067681875,-111.125389,30U,-7.02,2.167,0.05,0.02678691837065529,-0.012530762333656156,-1.8677119959868245
1417778005470610,51.7616454302,-1.2597953656,111.120743,5735960.936943869,620095.1419727494,-111.120743,30U,-7.044,2.21,0.044,0.027589709157182556,-0.010929317714527632,-1.8721943385988378
1417778005575369,51.7616390883,-1.2597921266,111.117897,5735960.237018005,620095.3823165373,-111.117897,30U,-7.071,2.262,0.028,0.029230170236493623,-0.010187010826281371,-1.8765573825285031
1417778005682035,51.7616327249,-1.259788819,111.113922,5735959.534814179,620095.6274513316,-111.113922,30U,-7.093,2.305,0.039,0.03198210000060475,-0.008524900000504827,-1.8812740071786362
1417778005788737,51.7616263408,-1.2597854441,111.111549,5735958.830419221,620095.8772853031,-111.111549,30U,-7.113,2.359,0.006,0.035718591981678476,-0.008209002676935518,-1.8857359241500533
1417778005893532,51.7616199339,-1.2597820058,111.110672,5735958.12359317,620096.1315548989,-111.110672,30U,-7.147,2.376,-0.0,0.033050112200107645,-0.009993750554859954,-1.8898147305819764
1417778005984991,51.7616134992,-1.2597785343,111.110146,5735957.413730271,620096.3881893727,-111.110146,30U,-7.168,2.428,-0.003,0.03449112862228842,-0.011626494898248105,-1.8939152823503027
1417778006076449,51.7616070487,-1.2597749691,111.109734,5735956.70226462,620096.6513318174,-111.109734,30U,-7.189,2.491,0.014,0.0364582456291225,-0.012712469000158929,-1.896949908329347
1417778006182198,51.7616005741,-1.2597713426,111.106857,5735955.988219854,620096.9187684266,-111.106857,30U,-7.225,2.506,0.051,0.036473434255708884,-0.013316899528800092,-1.9000446517730507
1417778006287947,51.761594066,-1.2597677039,111.10096,5735955.270469782,620097.1871358954,-111.10096,30U,-7.258,2.528,0.049,0.03559046559152571,-0.012562613086285906,-1.9035905600184149
1417778006379406,51.7615875322,-1.2597640139,111.096291,5735954.549946196,620097.4591117059,-111.096291,30U,-7.285,2.562,0.033,0.03305748126120758,-0.012499226777017338,-1.9066983660472927
1417778006470864,51.7615809729,-1.2597602691,111.091949,5735953.826677106,620097.7349368564,-111.091949,30U,-7.313,2.611,0.057,0.032685991626527945,-0.012178085054950381,-1.9097198517565577
1417778006575660,51.7615743893,-1.2597564579,111.087029,5735953.1008150615,620098.0154086482,-111.087029,30U,-7.341,2.648,0.038,0.03147972106197058,-0.012223825698018193,-1.9122303390598534
1417778006682361,51.7615681979,-1.2597528561,111.083794,5735952.418223334,620098.2803895811,-111.083794,30U,-7.372,2.663,0.046,0.031130400000801837,-0.01315529999950342,-1.914690907171468
1417778006788886,51.7615615618,-1.2597489664,111.080147,5735951.686652255,620098.5664179125,-111.080147,30U,-7.398,2.713,0.038,0.03358915020190232,-0.012675268626621583,-1.9165796756448124
1417778006893522,51.7615549014,-1.2597450171,111.075905,5735950.952477026,620098.8566236405,-111.075905,30U,-7.432,2.729,0.049,0.03270711273021628,-0.012017647113829409,-1.9177484708260475
1417778006984933,51.7615482076,-1.2597410594,111.070038,5735950.214601354,620099.1474977457,-111.070038,30U,-7.463,2.743,0.066,0.03402802951053025,-0.010049142076311815,-1.9193935687861596
1417778007076345,51.76154149,-1.259737056,111.06591,5735949.474154244,620099.4415887239,-111.06591,30U,-7.486,2.786,0.017,0.03471517568664625,-0.008667415792582244,-1.9205513374658727
1417778007182057,51.7615347461,-1.2597330206,111.064018,5735948.73083512,620099.7379578116,-111.064018,30U,-7.521,2.791,0.025,0.03425516044077667,-0.008743540636978579,-1.9218229664517976
1417778007288724,51.7615279753,-1.2597289619,111.06163,5735947.984562934,620100.0360062378,-111.06163,30U,-7.545,2.821,-0.0,0.03631585918165062,-0.008142782277592952,-1.9229717864619167
1417778007395425,51.7615211845,-1.2597248585,111.062042,5735947.236140248,620100.3371924507,-111.062042,30U,-7.573,2.836,0.006,0.0352558131762353,-0.008515486122125236,-1.9240491498475725
1417778007497125,51.7615143631,-1.2597207469,111.060547,5735946.484328169,620100.6390258137,-111.060547,30U,-7.605,2.847,0.015,0.03494964001218934,-0.007505086375547365,-1.925639872999863
1417778007577151,51.7615075189,-1.2597165983,111.059608,5735945.730041536,620100.9434730397,-111.059608,30U,-7.624,2.884,0.004,0.03576975438185719,-0.007644475621454674,-1.9267525045155134
1417778007657177,51.7615006535,-1.2597124078,111.059196,5735944.973466346,620101.2508680196,-111.059196,30U,-7.655,2.9,0.004,0.03573510000038487,-0.008589499999517929,-1.9278969071671086
1417778007755542,51.761493762,-1.2597081958,111.059387,5735944.214024095,620101.5598160101,-111.059387,30U,-7.682,2.921,-0.01,0.03629326409504909,-0.009827700013601016,-1.929088201841517
1417778007862244,51.7614868433,-1.2597039594,111.059502,5735943.4515972305,620101.8705200516,-111.059502,30U,-7.714,2.934,0.006,0.03611981634052939,-0.01142177630117724,-1.930538750044304
1417778007968829,51.7614799,-1.2596996864,111.057251,5735942.686494982,620102.1838151362,-111.057251,30U,-7.737,2.966,0.028,0.03557621359937306,-0.012070054179856224,-1.9317503582219038
1417778008075386,51.7614729328,-1.2596953805,111.053894,5735941.918789103,620102.4994440809,-111.053894,30U,-7.767,2.976,0.035,0.03401358512026219,-0.011823694442368457,-1.9327718828699216
1417778008182024,51.7614659388,-1.2596910556,111.05027,5735941.148134201,620102.8164553782,-111.05027,30U,-7.795,2.998,0.054,0.03402699072023006,-0.010935949670724568,-1.934066337743043
1417778008288669,51.7614589241,-1.2596866928,111.045326,5735940.375239761,620103.136137083,-111.045326,30U,-7.819,3.022,0.04,0.03134918021998252,-0.009652655617918957,-1.93507106942641
1417778008395337,51.7614518828,-1.2596823211,111.042458,5735939.59940191,620103.4565036384,-111.042458,30U,-7.851,3.026,0.026,0.029384473530298733,-0.0088834426710921,-1.9365806930973863
1417778008499148,51.7614448204,-1.2596779138,111.040939,5735938.82127625,620103.779382949,-111.040939,30U,-7.866,3.065,0.002,0.029786568956799382,-0.008961196441751293,-1.9380473520156198
1417778008590576,51.7614377409,-1.2596734603,111.039948,5735938.041325066,620104.1054958773,-111.039948,30U,-7.891,3.082,0.008,0.028690173261796112,-0.009516091201368634,-1.9396587151523919
1417778008682004,51.7614306395,-1.2596689816,111.039658,5735937.258979986,620104.4334060088,-111.039658,30U,-7.91,3.109,-0.004,0.02998150000049781,-0.010091099999223939,-1.9414768071634487
1417778008788705,51.7614235226,-1.2596644625,111.038429,5735936.474977759,620104.7641452717,-111.038429,30U,-7.931,3.129,0.02,0.02947676956230913,-0.009699819156367423,-1.9436204794730634
1417778008893501,51.7614163878,-1.2596599123,111.036163,5735935.689036177,620105.0970782703,-111.036163,30U,-7.947,3.158,0.028,0.03110469023801445,-0.00812881174770746,-1.946061689614346
1417778008984959,51.7614092421,-1.2596553054,111.033798,5735934.901975843,620105.4339530182,-111.033798,30U,-7.958,3.197,0.018,0.03156800828736464,-0.006851733130018126,-1.948157424518739
1417778009076417,51.7614020822,-1.2596506649,111.03318,5735934.1133917365,620105.7731842011,-111.03318,30U,-7.975,3.213,-0.005,0.03230247803989487,-0.006200674517725704,-1.9506006165162935
1417778009167766,51.7613949129,-1.2596459892,111.034584,5735933.323820283,620106.1148694956,-111.034584,30U,-7.975,3.242,-0.025,0.0325961440767826,-0.006399823818022677,-1.9527727956551002
1417778009259108,51.7613877493,-1.2596412944,111.03746,5735932.534914182,620106.4578578073,-111.03746,30U,-7.966,3.245,-0.034,0.031867183604389275,-0.0073114699749280655,-1.9551021235416253
1417778009361942,51.7613806033,-1.2596365859,111.040176,5735931.747987897,620106.8017449117,-111.040176,30U,-7.936,3.263,-0.025,0.03251772256235021,-0.008234321866452239,-1.957399500052053
1417778009468606,51.7613734845,-1.25963186,111.042358,5735930.964115105,620107.1467606612,-111.042358,30U,-7.903,3.261,-0.021,0.031385206768840775,-0.00847938234070225,-1.9597634447989618
1417778009575280,51.7613664024,-1.2596271318,111.044067,5735930.184327395,620107.4918378277,-111.044067,30U,-7.856,3.271,-0.008,0.03200954986887369,-0.00845457384150598,-1.962138100142798
1417778009681956,51.7613593615,-1.2596223869,111.044563,5735929.409148913,620107.837958176,-111.044563,30U,-7.813,3.274,-0.014,0.03155499999938368,-0.007725899999299727,-1.964314607174551
1417778009788657,51.7613523566,-1.2596176435,111.046616,5735928.637971413,620108.1838795702,-111.046616,30U,-7.777,3.281,-0.013,0.032489613539073335,-0.007680582910989459,-1.9666000739421359
1417778009895345,51.7613453829,-1.2596128832,111.048286,5735927.870291405,620108.5308844876,-111.048286,30U,-7.746,3.287,-0.02,0.032234956499340266,-0.007511186858043117,-1.968629570023491
1417778010001938,51.7613384324,-1.2596081207,111.051041,5735927.105195033,620108.8779797488,-111.051041,30U,-7.721,3.295,-0.028,0.03417312395850965,-0.007737356904251165,-1.970976309157554
1417778010104748,51.7613314971,-1.259603327,111.052635,5735926.341840405,620109.2271878046,-111.052635,30U,-7.711,3.323,-0.012,0.034521367456888864,-0.008358203519871045,-1.9732189272367908
1417778010196206,51.761324566,-1.2595985164,111.054268,5735925.578980699,620109.5775510416,-111.054268,30U,-7.713,3.321,-0.022,0.033154453056464,-0.009877265224583993,-1.9755760127350195
1417778010287661,51.761317639,-1.259593685,111.056717,5735924.816611217,620109.9293388565,-111.056717,30U,-7.704,3.354,-0.02,0.034011874474193085,-0.012868279083831174,-1.9776805702962352
1417778010379073,51.7613107167,-1.2595888132,111.056091,5735924.0548309665,620110.2839022062,-111.056091,30U,-7.707,3.365,0.013,0.032280346200328734,-0.014294521592345111,-1.9796426223348909
1417778010470484,51.7613037874,-1.2595839296,111.053162,5735923.292291727,620110.639298525,-111.053162,30U,-7.709,3.386,0.044,0.03362661081450311,-0.014358168447855079,-1.9820283596991721
1417778010575273,51.7612968602,-1.2595790029,111.047096,5735922.53005703,620110.9976636017,-111.047096,30U,-7.711,3.404,0.07,0.03146043324514722,-0.01269155931692953,-1.9841283342177585
1417778010681974,51.7612899274,-1.2595740659,111.041542,5735921.767216565,620111.3567544218,-111.041542,30U,-7.714,3.422,0.044,0.03179369999991124,-0.010742300000639067,-1.9865681071676682
1417778010773432,51.761283,-1.259569084,111.037315,5735921.005050586,620111.7189294586,-111.037315,30U,-7.704,3.46,0.046,0.032167881578069275,-0.009078041332542447,-1.9885280198689932
1417778010864890,51.7612760746,-1.2595640745,111.035057,5735920.243152501,620112.0830039026,-111.035057,30U,-7.712,3.458,0.002,0.03042757953056449,-0.0074213737925131334,-1.9908639824675896
1417778010968669,51.7612691466,-1.2595590473,111.035568,5735919.480994456,620112.4483067868,-111.035568,30U,-7.706,3.488,0.0,0.03058819493152782,-0.007189521682062889,-1.9931394104329292
1417778011075291,51.7612622236,-1.2595539789,111.036911,5735918.719460323,620112.8164396234,-111.036911,30U,-7.703,3.508,-0.023,0.030707291330215294,-0.008382812819403798,-1.9952842093351228
1417778011181949,51.761255302,-1.2595488817,111.039009,5735917.958129338,620113.1865562716,-111.039009,30U,-7.701,3.527,-0.025,0.030607705026503392,-0.00973570330206668,-1.997544570169736
1417778011288611,51.7612483819,-1.2595437616,111.040573,5735917.1970029045,620113.5582493219,-111.040573,30U,-7.702,3.541,-0.011,0.030033859000157027,-0.01049286475040852,-1.9999463064785785
1417778011395301,51.76124146,-1.2595386158,111.039589,5735916.435718652,620113.9317207538,-111.039589,30U,-7.699,3.573,0.025,0.03157186367081308,-0.009988167857448061,-2.002414695846904
1417778011501967,51.7612345452,-1.2595334189,111.036964,5735915.675308152,620114.3086997457,-111.036964,30U,-7.694,3.596,0.025,0.030445940617697613,-0.009041914092148983,-2.0043982029213483
1417778011608534,51.7612276283,-1.2595282076,111.035225,5735914.9146878645,620114.6866781305,-111.035225,30U,-7.696,3.609,0.012,0.031063212277155965,-0.008017346663293314,-2.006753488740772
1417778011706796,51.7612207145,-1.2595229598,111.034882,5735914.154472458,620115.067167179,-111.034882,30U,-7.691,3.636,-0.003,0.03182849999943904,-0.008033300000655472,-2.008865407175748
1417778011786791,51.761213803,-1.2595176849,111.035477,5735913.394557486,620115.4495203429,-111.035477,30U,-7.692,3.65,-0.011,0.031066550479404462,-0.008790358577545869,-2.0111847228064854
1417778011866785,51.7612068912,-1.2595123846,111.036362,5735912.634651017,620115.8336272106,-111.036362,30U,-7.687,3.676,-0.008,0.031682238746494805,-0.0087277723324424,-2.013129603929441
1417778011968479,51.7611999819,-1.2595070514,111.036514,5735911.875076775,620116.2199979095,-111.036514,30U,-7.692,3.686,0.013,0.03092912287885664,-0.008547712104836205,-2.0148163652375395
1417778012075179,51.7611930708,-1.2595016989,111.03511,5735911.11533418,620116.6077053469,-111.03511,30U,-7.689,3.703,0.007,0.030892075959903117,-0.007532179873762981,-2.0163147878566154
1417778012181747,51.7611861605,-1.2594963276,111.035202,5735910.355711543,620116.9967081192,-111.035202,30U,-7.693,3.71,-0.005,0.02958392752843119,-0.00665471967988394,-2.0179310826655352
1417778012287361,51.7611792492,-1.2594909449,111.035942,5735909.595996505,620117.3865003468,-111.035942,30U,-7.689,3.729,-0.005,0.02964051378709724,-0.005846977963246105,-2.0196165801981754
1417778012378819,51.7611723418,-1.2594855294,111.037262,5735908.83676922,620117.7785457923,-111.037262,30U,-7.688,3.745,-0.021,0.027629809238192457,-0.005876166544223839,-2.021017725338049
1417778012470277,51.7611654321,-1.2594801025,111.040443,5735908.0773049705,620118.1713841434,-111.040443,30U,-7.691,3.755,-0.031,0.027183570436359553,-0.007156226397205747,-2.022677513333049
1417778012575072,51.7611585232,-1.2594746477,111.043427,5735907.317975665,620118.5661458031,-111.043427,30U,-7.686,3.779,-0.028,0.02723733810522069,-0.009051792062303325,-2.024162088003694
1417778012681773,51.7611516143,-1.259469171,111.045288,5735906.558682461,620118.9624188489,-111.045288,30U,-7.69,3.785,-0.005,0.02648230000001222,-0.010096000000626937,-2.025885907172215
1417778012788473,51.7611447033,-1.2594636787,111.045006,5735905.799181447,620119.3597741053,-111.045006,30U,-7.69,3.805,0.007,0.02588021542950518,-0.00953501788338982,-2.0274961789720596
1417778012893265,51.7611377912,-1.259458159,111.042793,5735905.039603265,620119.7590232107,-111.042793,30U,-7.695,3.814,0.022,0.024260700753405647,-0.008127823018686205,-2.029091556812745
1417778012984701,51.7611308763,-1.2594526155,111.041054,5735904.279752938,620120.159922252,-111.041054,30U,-7.693,3.845,0.009,0.026672292966204682,-0.006726620532529802,-2.030772794118854
1417778013076136,51.7611239641,-1.2594470281,111.041222,5735903.5202752035,620120.5638436892,-111.041222,30U,-7.696,3.86,-0.012,0.026172037686608467,-0.006588094360664251,-2.032551666312691
1417778013181844,51.7611170424,-1.2594414325,111.042923,5735902.759754546,620120.968356322,-111.042923,30U,-7.705,3.872,-0.009,0.026070623358199284,-0.006847677017997748,-2.034978074351493
1417778013287552,51.7611101212,-1.2594358025,111.04509,5735901.999346182,620121.3752416186,-111.04509,30U,-7.702,3.904,-0.016,0.026060349964504282,-0.007021303393003757,-2.0373303780315437
1417778013379010,51.7611032004,-1.2594301283,111.046516,5735901.239055134,620121.7851761207,-111.046516,30U,-7.702,3.933,-0.0,0.026692274343711533,-0.006828292101526782,-2.039915029191865
1417778013470468,51.7610962783,-1.2594244141,111.047142,5735900.478685434,620122.1978745102,-111.047142,30U,-7.703,3.959,-0.015,0.026735827904221694,-0.006902295353354988,-2.04274379953721
1417778013575263,51.7610893524,-1.2594186674,111.048477,5735899.71794671,620122.6128258642,-111.048477,30U,-7.71,3.981,-0.015,0.026586840651189363,-0.00801031339830548,-2.0462803294827308
1417778013681964,51.761082427,-1.25941287,111.049675,5735898.957347132,620123.0312747149,-111.049675,30U,-7.704,4.022,-0.006,0.026464899999375655,-0.008821299999672698,-2.049761907178248
1417778013788611,51.761075503,-1.2594070237,111.050316,5735898.196983821,620123.4530944616,-111.050316,30U,-7.708,4.053,-0.001,0.025425401859963816,-0.009361503418895448,-2.05328717988972
1417778013893355,51.7610685779,-1.2594011223,111.049347,5735897.436588971,620123.878719591,-111.049347,30U,-7.706,4.096,0.02,0.024899564184727704,-0.009948025518526313,-2.0565522217582455
1417778013984788,51.7610616522,-1.2593951711,111.04747,5735896.676209457,620124.3077830346,-111.04747,30U,-7.71,4.118,0.01,0.024520514717479576,-0.009923759588089278,-2.0598756606331197
1417778014076221,51.7610547227,-1.2593891764,111.045738,5735895.915479046,620124.7398585376,-111.045738,30U,-7.712,4.159,0.028,0.026279564070791676,-0.00912701220655524,-2.0635517230898994
1417778014181924,51.7610477946,-1.2593831191,111.042641,5735895.155007468,620125.1762503524,-111.042641,30U,-7.712,4.198,0.032,0.025506686639393976,-0.007237139182395126,-2.0672019837509357
1417778014287627,51.7610408624,-1.2593770249,111.041512,5735894.394140761,620125.6151995732,-111.041512,30U,-7.715,4.229,0.013,0.02571142990145783,-0.006656556350942338,-2.070896379634871
1417778014379052,51.7610339349,-1.2593708613,111.041618,5735893.6339110695,620126.0589256047,-111.041618,30U,-7.706,4.282,-0.009,0.02705609473811319,-0.006820897136250094,-2.0740940119484024
1417778014470476,51.761027009,-1.2593646373,111.043587,5735892.873958835,620126.5068156059,-111.043587,30U,-7.708,4.313,-0.019,0.028927032009775994,-0.007859648499889552,-2.077506021256267
1417778014575234,51.761020079,-1.2593583684,111.044563,5735892.11362465,620126.9578150809,-111.044563,30U,-7.714,4.341,-0.009,0.028482315121088196,-0.008472220305322204,-2.0810256043340045
1417778014681897,51.7610131425,-1.2593520603,111.045372,5735891.35263223,620127.4115370589,-111.045372,30U,-7.72,4.376,-0.007,0.029810400000056043,-0.009608699999871647,-2.084833707179523
1417778014788560,51.7610062111,-1.2593456862,111.044136,5735890.592315717,620127.8698001642,-111.044136,30U,-7.705,4.425,0.021,0.03058190970767607,-0.009799553083518117,-2.0880775908404052
1417778014893320,51.7609992817,-1.25933926,111.041931,5735889.832307472,620128.3316534167,-111.041931,30U,-7.716,4.444,0.016,0.029384477684182356,-0.008153531898336995,-2.091331761332273
1417778014984761,51.7609923467,-1.2593327958,111.03949,5735889.071739105,620128.796143976,-111.03949,30U,-7.714,4.486,0.036,0.031096381915760255,-0.0064684867393308984,-2.094760928343695
1417778015076201,51.7609854217,-1.2593262704,111.037994,5735888.312383652,620129.2648314241,-111.037994,30U,-7.705,4.519,-0.005,0.0318461579929003,-0.005264089187077619,-2.0980509994030645
1417778015181894,51.7609784983,-1.2593197098,111.040253,5735887.553264149,620129.7359438478,-111.040253,30U,-7.706,4.544,-0.03,0.03360371745462308,-0.004783097036622496,-2.1016201542472412
1417778015288540,51.7609715801,-1.2593131009,111.042511,5735886.794802522,620130.2103756985,-111.042511,30U,-7.698,4.578,-0.022,0.0327431216215785,-0.004720789796362594,-2.105228412652257
1417778015395219,51.7609646679,-1.2593064483,111.045776,5735886.037080161,620130.6878074169,-111.045776,30U,-7.685,4.62,-0.031,0.03274838012059117,-0.005718462225043805,-2.1086341253881393
1417778015496901,51.7609577679,-1.259299735,111.050179,5735885.280814545,620131.1693956857,-111.050179,30U,-7.676,4.649,-0.035,0.03261604699301292,-0.008127964673098955,-2.111534266033962
1417778015576926,51.7609508695,-1.2592929819,111.052116,5735884.524792462,620131.6537263716,-111.052116,30U,-7.675,4.674,-0.008,0.033125771003196455,-0.008904727212647581,-2.114883386102329
1417778015656951,51.7609442855,-1.2592864966,111.05233,5735883.803292574,620132.1187422362,-111.05233,30U,-7.674,4.702,0.006,0.031870599999133595,-0.009456000000424002,-2.1181359071707866
1417778015755315,51.7609373892,-1.2592796691,111.050743,5735883.047626668,620132.6082018327,-111.050743,30U,-7.672,4.731,0.011,0.030704571580151253,-0.009418302585040957,-2.121579301827019
1417778015862016,51.760930501,-1.2592727861,111.049515,5735882.292952999,620133.1014700254,-111.049515,30U,-7.659,4.775,0.021,0.030230656005029354,-0.00962531056714358,-2.124644019446576
1417778015968654,51.760923617,-1.2592658574,111.047226,5735881.538821721,620133.5978808886,-111.047226,30U,-7.662,4.792,0.015,0.027622916432066838,-0.008786963002834198,-2.128011351327556
1417778016075277,51.7609167338,-1.2592588904,111.04567,5735880.784842547,620134.0969327869,-111.04567,30U,-7.652,4.829,0.015,0.026825615079537554,-0.008649965238483898,-2.131399242995138
1417778016181875,51.7609098588,-1.2592518677,111.044235,5735880.031867064,620134.5998068214,-111.044235,30U,-7.649,4.864,0.009,0.02647342713704883,-0.008259766878500066,-2.1346743215016994
1417778016288476,51.7609029899,-1.2592447971,111.044075,5735879.279648892,620135.1059703045,-111.044075,30U,-7.637,4.9,0.0,0.02615534749567073,-0.008478475696261045,-2.1379968847448882
1417778016395139,51.7608961223,-1.2592376849,111.043365,5735878.527643863,620135.6150012256,-111.043365,30U,-7.643,4.918,-0.0,0.024456488966696967,-0.008950761779633406,-2.141509919102926
1417778016498948,51.7608892578,-1.2592305295,111.043571,5735877.776054786,620136.1270052238,-111.043571,30U,-7.631,4.967,-0.003,0.02713132791124797,-0.00945401104415238,-2.1449069549693385
1417778016590393,51.7608824073,-1.2592232972,111.042686,5735877.026149323,620136.644278943,-111.042686,30U,-7.624,5.005,0.014,0.025675564036337164,-0.00956947557672741,-2.1478660461003227
1417778016681837,51.7608755509,-1.2592160424,111.040825,5735876.27562486,620137.1631211587,-111.040825,30U,-7.63,5.015,0.024,0.02494570000000877,-0.009642599999426701,-2.151215007169195
1417778016788530,51.7608687016,-1.2592087414,111.039299,5735875.525966115,620137.6851328611,-111.039299,30U,-7.616,5.063,0.009,0.026495695307773494,-0.010235880685873049,-2.1542653833833816
1417778016893318,51.76086186,-1.2592013854,111.03743,5735874.777254317,620138.2109197326,-111.03743,30U,-7.615,5.089,0.032,0.024277174443230992,-0.010070680617378671,-2.1572824188521205
1417778016984776,51.7608550157,-1.2591940032,111.035156,5735874.028285472,620138.7385219397,-111.035156,30U,-7.613,5.113,0.025,0.025088062553923186,-0.009511539215127825,-2.1606137139251964
1417778017076233,51.7608481805,-1.2591865661,111.032448,5735873.280419096,620139.2698886999,-111.032448,30U,-7.598,5.159,0.031,0.028485227494415132,-0.007853140626130458,-2.1638817815139664
1417778017167594,51.7608413586,-1.2591790705,111.031448,5735872.534128187,620139.8052572948,-111.031448,30U,-7.596,5.184,0.011,0.028498651559966497,-0.007017042098331183,-2.1670283506248524
1417778017258949,51.7608345362,-1.2591715492,111.031425,5735871.787824067,620140.3424008875,-111.031425,30U,-7.585,5.213,-0.019,0.031149744879419763,-0.00772452772370337,-2.1705286974340656
1417778017361813,51.7608277312,-1.2591639623,111.033241,5735871.043563057,620140.884025391,-111.033241,30U,-7.563,5.257,-0.019,0.032762186252678425,-0.008899267007678584,-2.1735765018357864
1417778017468513,51.7608209324,-1.2591563304,111.034241,5735870.300065714,620141.428738969,-111.034241,30U,-7.568,5.278,0.009,0.03325313082554312,-0.008952541689093872,-2.177308237660258
1417778017575213,51.7608141365,-1.2591486611,111.032532,5735869.556952536,620141.9760259181,-111.032532,30U,-7.557,5.312,0.019,0.03215298893663475,-0.008409543748156592,-2.1821138203461024
1417778017681913,51.7608073486,-1.2591409458,111.031601,5735868.8148048455,620142.5264661743,-111.031601,30U,-7.546,5.346,-0.001,0.029120799999222145,-0.008749800000286799,-2.1880360071787734
1417778017788613,51.7608005829,-1.2591331613,111.031349,5735868.075239992,620143.0816230351,-111.031349,30U,-7.514,5.406,0.007,0.026880665160482518,-0.009193463001576375,-2.193977674311904
1417778017895302,51.7607938409,-1.259125295,111.030518,5735867.338445542,620143.642362027,-111.030518,30U,-7.495,5.454,0.011,0.02376848125242895,-0.00865875995083937,-2.1997578078891844
1417778018001904,51.7607871175,-1.2591173578,111.02919,5735866.603836389,620144.2079444989,-111.02919,30U,-7.468,5.504,0.025,0.022220994591919247,-0.00827593381798273,-2.205479138252185
1417778018104711,51.7607804191,-1.2591093423,111.028534,5735865.872136448,620144.7788641243,-111.028534,30U,-7.446,5.553,-0.007,0.02062772183996801,-0.008168536113434613,-2.2110544533925798
1417778018196135,51.7607737385,-1.2591012603,111.028435,5735865.142525594,620145.3543257194,-111.028435,30U,-7.421,5.604,-0.002,0.020250471988692932,-0.007970114681758232,-2.216179551096032
1417778018287560,51.7607670793,-1.2590931107,111.028236,5735864.415405984,620145.9343956368,-111.028236,30U,-7.403,5.65,0.003,0.020370607345232213,-0.007415178796947728,-2.2201215430004866
1417778018379018,51.7607604359,-1.2590849026,111.027893,5735863.69013987,620146.5184607683,-111.027893,30U,-7.387,5.684,0.004,0.01993654480150992,-0.005967207625160856,-2.2225670165098927
1417778018470475,51.7607537988,-1.2590766583,111.028091,5735862.96563406,620147.1050074461,-111.028091,30U,-7.384,5.701,-0.009,0.02188804142046193,-0.004442016142600662,-2.2239937871323487
1417778018575269,51.7607471657,-1.2590683822,111.030037,5735862.24162553,620147.6937381395,-111.030037,30U,-7.378,5.726,-0.027,0.024563663071878624,-0.004595674165492032,-2.2246989488448405
1417778018681969,51.7607405296,-1.2590600942,111.034271,5735861.5173030505,620148.2832981644,-111.034271,30U,-7.394,5.718,-0.053,0.024574000000794384,-0.006211099999411726,-2.2250348071779245
1417778018773426,51.7607338771,-1.2590518147,111.038994,5735860.791142854,620148.8723153202,-111.038994,30U,-7.398,5.729,-0.031,0.025459816560605943,-0.008326349452861044,-2.2252266949416204
1417778018864884,51.760727226,-1.2590435086,111.040604,5735860.065182234,620149.4631645528,-111.040604,30U,-7.409,5.732,-0.003,0.023266322832655107,-0.00892920252499899,-2.225207155771205
1417778018968583,51.7607205615,-1.2590352037,111.040413,5735859.337729541,620150.0539667167,-111.040413,30U,-7.418,5.742,0.014,0.02498800229558093,-0.008495727654579795,-2.2256242932497963
1417778019075107,51.7607138951,-1.2590268752,111.038506,5735858.610104502,620150.6464026932,-111.038506,30U,-7.424,5.751,0.018,0.023161432932367988,-0.00798852900666953,-2.226007873562112
1417778019181797,51.7607072171,-1.2590185449,111.038795,5735857.881192504,620151.2389938484,-111.038795,30U,-7.441,5.753,-0.033,0.022535802323889832,-0.008937662205696575,-2.2265522477422883
1417778019288496,51.7607005398,-1.2590101875,111.040649,5735857.152403065,620151.8334534446,-111.040649,30U,-7.418,5.789,0.002,0.02970368927280947,-0.012733008170932078,-2.2271540988261385
1417778019395176,51.760693867,-1.2590017948,111.039558,5735856.4241722785,620152.430337266,-111.039558,30U,-7.443,5.785,0.021,0.028173318736878825,-0.012569253489876423,-2.227126844392858
1417778019501859,51.76068717,-1.2589934127,111.035065,5735855.693232906,620153.0265540128,-111.035065,30U,-7.452,5.799,0.099,0.029439148697067076,-0.010701439851429202,-2.227544981020086
1417778019608560,51.7606804794,-1.2589849951,111.028824,5735854.963063808,620153.6252037416,-111.028824,30U,-7.452,5.815,0.014,0.034220031509516725,-0.009193178746782419,-2.2273257330561567
1417778019706924,51.7606737777,-1.2589765763,111.028519,5735854.231662367,620154.2239659217,-111.028519,30U,-7.466,5.815,-0.001,0.03754489999928923,-0.010389800000261405,-2.2279884071714693
1417778019786949,51.7606670642,-1.2589681496,111.028282,5735853.4989617765,620154.8233047677,-111.028282,30U,-7.475,5.823,0.03,0.03634948741598785,-0.010223007744684917,-2.228776691358958
1417778019866973,51.7606603447,-1.2589597092,111.025864,5735852.765616586,620155.423605131,-111.025864,30U,-7.476,5.843,0.032,0.03685592120302402,-0.009422463528517527,-2.228857777087078
1417778019968672,51.7606536274,-1.2589512394,111.023499,5735852.032564559,620156.0259286786,-111.023499,30U,-7.477,5.853,0.014,0.03908699073530628,-0.0079484480823935,-2.2286813784398145
1417778020075372,51.7606469035,-1.2589427597,111.021729,5735851.298794949,620156.6289531065,-111.021729,30U,-7.489,5.852,0.013,0.03973487738621612,-0.00554857450412053,-2.228953224239494
1417778020182072,51.760640165,-1.2589342872,111.02166,5735850.563389936,620157.2315196071,-111.02166,30U,-7.504,5.85,-0.014,0.03873557533837634,-0.0044360348207142615,-2.22969341479734
1417778020287816,51.7606334231,-1.258925804,111.024918,5735849.827624522,620157.8348336985,-111.024918,30U,-7.499,5.87,-0.06,0.038457105527238564,-0.006587309184157669,-2.230096843674588
1417778020379226,51.7606266824,-1.2589172919,111.031334,5735849.09204024,620158.4401391267,-111.031334,30U,-7.5,5.887,-0.049,0.03985588167063147,-0.012282384173503006,-2.2302713190737347
1417778020470636,51.7606199351,-1.2589087685,111.034172,5735848.355740684,620159.0462420506,-111.034172,30U,-7.521,5.881,0.006,0.03751153862928529,-0.016098657673195495,-2.230714951034344
1417778020575413,51.7606131702,-1.2589002458,111.029938,5735847.617482816,620159.6523435697,-111.029938,30U,-7.529,5.892,0.079,0.03721281872800369,-0.015323331342399054,-2.231637924950563
1417778020682099,51.7606064056,-1.2588916897,111.019058,5735846.879313408,620160.2607493561,-111.019058,30U,-7.525,5.917,0.1,0.036667399999685935,-0.011421399999463863,-2.2320785071751965
1417778020788799,51.7605996348,-1.2588831172,111.012352,5735846.140481614,620160.8703035217,-111.012352,30U,-7.533,5.927,0.044,0.03775019207664571,-0.011150437524881329,-2.2330943446852998
1417778020893584,51.7605928606,-1.2588745295,111.00901,5735845.4012968335,620161.480915822,-111.00901,30U,-7.539,5.933,0.008,0.036374492783087756,-0.011287251033077168,-2.2345559759208236
1417778020984968,51.7605860813,-1.2588659208,111.007874,5735844.6615795735,620162.0929910223,-111.007874,30U,-7.542,5.961,0.043,0.037840821678758275,-0.011420079085416734,-2.2362045726377673
1417778021076352,51.760579314,-1.2588572654,111.003044,5735843.923273807,620162.7082572452,-111.003044,30U,-7.526,5.985,0.027,0.03534844433589668,-0.008325589473672873,-2.23729719276672
1417778021182043,51.7605725351,-1.2588486154,111.001228,5735843.183669223,620163.3231817975,-111.001228,30U,-7.551,5.969,0.023,0.030673955724761774,-0.0062445233600200364,-2.2386191011802827
1417778021287737,51.7605657613,-1.2588399379,111.001366,5735842.444677174,620163.939990726,-111.001366,30U,-7.525,6.011,-0.019,0.03066867539691615,-0.007099521033780888,-2.2393792533131296
1417778021379181,51.7605589946,-1.258831232,111.004959,5735841.706521558,620164.5587408296,-111.004959,30U,-7.542,6.002,-0.038,0.02618776360931442,-0.010010850397262416,-2.2403113181956367
1417778021470625,51.7605522075,-1.2588225475,111.008049,5735840.966062146,620165.1760684875,-111.008049,30U,-7.554,6.006,-0.005,0.024208059424050635,-0.011533476511112226,-2.2419362562589846
1417778021575418,51.7605454255,-1.2588138211,111.00528,5735840.226238998,620165.7962742496,-111.00528,30U,-7.537,6.047,0.035,0.02417475078567939,-0.010535245854577727,-2.2430370002323796
1417778021682117,51.7605386552,-1.2588050545,111.001328,5735839.487783274,620166.4192232797,-111.001328,30U,-7.532,6.056,0.024,0.024003499999262223,-0.009310500000758294,-2.2438495071638784
1417778021788735,51.7605318816,-1.2587962798,110.99913,5735838.748973992,620167.0427402211,-110.99913,30U,-7.539,6.064,0.026,0.024174331658822157,-0.0070180830720382665,-2.2448759003554843
1417778021893453,51.760525111,-1.2587874804,110.998085,5735838.0105391005,620167.6679538948,-110.998085,30U,-7.53,6.09,0.002,0.02710409803998592,-0.005946435585577587,-2.245540032466495
1417778021984864,51.7605183483,-1.2587786525,110.999352,5735837.273029775,620168.2951135235,-110.999352,30U,-7.53,6.103,-0.046,0.029037593598322906,-0.006361288618418737,-2.246094077446243
1417778022076275,51.7605115764,-1.2587698273,111.00441,5735836.534492978,620168.9221114363,-111.00441,30U,-7.534,6.097,-0.046,0.029784049800916933,-0.00838097440301615,-2.246646208393214
1417778022182019,51.7605048022,-1.2587609852,111.006737,5735835.79572833,620169.5502818857,-111.006737,30U,-7.532,6.116,-0.016,0.03295706889665137,-0.00910689078557454,-2.246788503097454
1417778022287765,51.7604980269,-1.258752127,111.007622,5735835.056867959,620170.1795664788,-111.007622,30U,-7.548,6.115,0.002,0.03382934304188031,-0.010936323090899348,-2.246807072859643
1417778022379213,51.7604912361,-1.2587432758,111.008324,5735834.316272433,620170.8084093479,-111.008324,30U,-7.562,6.114,0.004,0.03342795272316148,-0.015241651579251204,-2.247010663946092
1417778022470661,51.7604844375,-1.2587344105,111.005875,5735833.574832807,620171.4382461357,-111.005875,30U,-7.569,6.127,0.043,0.03161259605494038,-0.018480397603426155,-2.2468041391007967
1417778022575445,51.760477627,-1.2587255359,110.998787,5735832.832085228,620172.0687564851,-110.998787,30U,-7.587,6.125,0.117,0.030478771103921658,-0.018413171740845467,-2.246634196182091
1417778022682133,51.760470803,-1.258716658,110.985916,5735832.087841879,620172.6995305923,-110.985916,30U,-7.594,6.136,0.132,0.030843999999973625,-0.014233500000009471,-2.2468079071793854
1417778022788815,51.7604639695,-1.2587077683,110.974083,5735831.342561588,620173.331144414,-110.974083,30U,-7.598,6.143,0.092,0.030691388905852747,-0.009643205906184494,-2.2469942702778676
1417778022893588,51.7604571373,-1.2586988633,110.968559,5735830.597451154,620173.9638108034,-110.968559,30U,-7.606,6.156,0.023,0.029815151669416565,-0.008306774930801458,-2.246990403099484
1417778022984994,51.7604503003,-1.2586899479,110.968864,5735829.851824145,620174.5972078143,-110.968864,30U,-7.606,6.163,-0.012,0.031174449800306245,-0.010029802475569545,-2.2467874948207447
1417778023076399,51.760443462,-1.2586810191,110.969521,5735829.106074726,620175.2315331805,-110.969521,30U,-7.614,6.167,0.002,0.030894790894603754,-0.00940550726737131,-2.246692817725048
1417778023182083,51.7604366098,-1.2586720917,110.968712,5735828.358777311,620175.8657990288,-110.968712,30U,-7.626,6.166,0.025,0.03342243267259776,-0.008263620666717566,-2.247040352659894
1417778023288718,51.7604297593,-1.2586631469,110.967545,5735827.611697694,620176.501261303,-110.967545,30U,-7.621,6.182,-0.018,0.032630809792423075,-0.009441453747504802,-2.2469724600675756
1417778023395365,51.7604229,-1.2586542063,110.971863,5735826.863632621,620177.1364572913,-110.971863,30U,-7.641,6.174,-0.035,0.031199905814909678,-0.014933753637205196,-2.2471397399803625
1417778023497017,51.7604160339,-1.2586452511,110.969933,5735826.11483548,620177.7726790535,-110.969933,30U,-7.638,6.191,0.049,0.03172215167061303,-0.016721524482989948,-2.247322643085776
1417778023577025,51.7604091592,-1.2586362875,110.962456,5735825.3650958855,620178.4095035126,-110.962456,30U,-7.654,6.188,0.114,0.03174404592374407,-0.014709264624064826,-2.247910182557026
1417778023657033,51.7604022795,-1.2586273139,110.951248,5735824.6148168165,620179.047031525,-110.951248,30U,-7.653,6.202,0.096,0.03183730000014214,-0.010249600000047323,-2.248601407169669
1417778023755360,51.7603953928,-1.258618326,110.944435,5735823.863782947,620179.685565141,-110.944435,30U,-7.65,6.219,0.044,0.033442318388608304,-0.007234169394717114,-2.249073604515266
1417778023862014,51.7603885197,-1.2586093132,110.942802,5735823.114302593,620180.3257811533,-110.942802,30U,-7.646,6.229,-0.014,0.03328423868750341,-0.006833910396674097,-2.249370365937216
1417778023968677,51.7603816393,-1.2586002997,110.946091,5735822.364011667,620180.9660650447,-110.946091,30U,-7.659,6.228,-0.031,0.03186278507971361,-0.00935251093455579,-2.249967214785257
1417778024075342,51.7603747573,-1.2585912724,110.949715,5735821.61356563,620181.6073056959,-110.949715,30U,-7.662,6.239,-0.024,0.030531998418846375,-0.012322158438193473,-2.250610981329904
1417778024181810,51.7603678716,-1.2585822285,110.949326,5735820.862735565,620182.2497019103,-110.949326,30U,-7.663,6.251,0.031,0.030047620835787863,-0.013397555904178403,-2.2515949257753602
1417778024288277,51.760360982,-1.2585731773,110.944794,5735820.1114839045,620182.8926124357,-110.944794,30U,-7.667,6.253,0.051,0.02812188883706697,-0.012319347615103733,-2.253049582326127
1417778024394942,51.7603540915,-1.2585641099,110.939301,5735819.360158933,620183.5366434861,-110.939301,30U,-7.659,6.276,0.055,0.028084253728192888,-0.011437661183235474,-2.25482372912828
1417778024498756,51.7603472151,-1.2585549996,110.934494,5735818.610472749,620184.1835977706,-110.934494,30U,-7.649,6.299,0.035,0.027498711222529972,-0.010176185487918387,-2.2564821405820994
1417778024590213,51.7603403436,-1.2585458627,110.931213,5735817.861375391,620184.8323748747,-110.931213,30U,-7.639,6.318,0.038,0.02958195140032957,-0.007999991760219293,-2.25847318438968
1417778024681669,51.7603334832,-1.2585366952,110.928551,5735817.11356293,620185.4832343702,-110.928551,30U,-7.629,6.339,0.007,0.03177409999953523,-0.004830800000492216,-2.260917907163161
1417778024788369,51.7603266332,-1.2585275039,110.930183,5735816.366946319,620186.1357088531,-110.930183,30U,-7.61,6.359,-0.035,0.03254287798238723,-0.00454832014879032,-2.2633799401121637
1417778024893163,51.7603197955,-1.2585182855,110.935059,5735815.621742287,620186.7900210104,-110.935059,30U,-7.599,6.374,-0.071,0.032407776102880856,-0.006841330437096148,-2.265830471812635
1417778024984620,51.7603129717,-1.2585090341,110.940392,5735814.878138489,620187.4465737465,-110.940392,30U,-7.581,6.401,-0.029,0.03179231948287016,-0.008796369700929245,-2.2680469786317974
1417778025076076,51.7603061545,-1.2584997531,110.942207,5735814.1353175165,620188.1051518157,-110.942207,30U,-7.584,6.418,-0.002,0.030801920080292117,-0.009339604353891655,-2.2703095970672513
1417778025167533,51.7602993458,-1.2584904491,110.941048,5735813.393479783,620188.7652947139,-110.941048,30U,-7.567,6.43,-0.004,0.029565111093622868,-0.009712750447403105,-2.272516495779069
1417778025258990,51.7602925546,-1.2584811398,110.942101,5735812.653596981,620189.4257570775,-110.942101,30U,-7.542,6.433,-0.011,0.028864150615533383,-0.012281994551436777,-2.2748259065790353
1417778025361879,51.7602857887,-1.2584718237,110.941132,5735811.91653899,620190.0866217045,-110.941132,30U,-7.506,6.436,0.016,0.029070056490281212,-0.013724891778816738,-2.2772024439288567
1417778025468578,51.760279062,-1.2584625044,110.93837,5735811.183845643,620190.7476032475,-110.93837,30U,-7.463,6.434,0.045,0.030172822385726845,-0.013532076034029157,-2.2795010515072724
1417778025575278,51.7602723755,-1.2584531882,110.93399,5735810.455617768,620191.4082642901,-110.93399,30U,-7.415,6.429,0.046,0.03173076101329397,-0.012516847554822963,-2.281802962889242
1417778025681977,51.7602657293,-1.2584438834,110.929764,5735809.731852802,620192.0680317895,-110.929764,30U,-7.374,6.42,0.023,0.03228979999962431,-0.010835200000346453,-2.2841439071636698
1417778025788671,51.7602591209,-1.2584345959,110.92807,5735809.012263009,620192.7265052281,-110.92807,30U,-7.326,6.414,0.017,0.032668002285798844,-0.010137491074144092,-2.2862732323606876
1417778025895361,51.7602525531,-1.2584253205,110.927467,5735808.297168337,620193.3840360161,-110.927467,30U,-7.29,6.399,-0.021,0.031469197415986104,-0.010196894254080284,-2.288362814735122
1417778026002022,51.7602460186,-1.2584160628,110.930046,5735807.585747748,620194.0402570858,-110.930046,30U,-7.248,6.392,-0.027,0.0334322599688626,-0.01406143737369074,-2.2905992305948755
1417778026104872,51.7602395261,-1.2584068062,110.931252,5735806.878996095,620194.696290885,-110.931252,30U,-7.204,6.387,0.001,0.03365979147137097,-0.017306861490096075,-2.292916935059821
1417778026196291,51.7602330638,-1.2583975684,110.929031,5735806.175571972,620195.3509472854,-110.929031,30U,-7.177,6.372,0.05,0.032136505237346145,-0.018887377873145247,-2.2951107406955624
1417778026287711,51.7602266331,-1.2583883468,110.920685,5735805.475635352,620196.0044019916,-110.920685,30U,-7.12,6.38,0.098,0.03510066084432627,-0.018831283081743273,-2.2972374721762323
1417778026379151,51.7602202528,-1.2583791141,110.91243,5735804.781321908,620196.658489025,-110.91243,30U,-7.082,6.369,0.069,0.03360012046891573,-0.018210074572102993,-2.298855439865787
1417778026470591,51.7602138889,-1.2583699189,110.904091,5735804.088770526,620197.3099448319,-110.904091,30U,-7.066,6.345,0.101,0.03380145579410083,-0.017019526938757246,-2.3011401875577193
1417778026575342,51.7602075641,-1.2583607191,110.895699,5735803.400574977,620197.9616144133,-110.895699,30U,-7.008,6.357,0.058,0.035252573628722764,-0.01596405725645382,-2.3029733423361796
1417778026681995,51.760201275,-1.2583515265,110.890114,5735802.716337706,620198.6126924885,-110.890114,30U,-6.986,6.335,0.054,0.034618600000844886,-0.016043499999683464,-2.3051017071657767
1417778026773427,51.760195012,-1.2583423631,110.885315,5735802.03495488,620199.2616863468,-110.885315,30U,-6.942,6.33,0.047,0.035681167176252616,-0.01596410822006798,-2.30746636283765
1417778026864858,51.7601887886,-1.2583332042,110.879303,5735801.357968488,620199.9102646621,-110.879303,30U,-6.905,6.319,0.057,0.035076475099551065,-0.014308111968575567,-2.309655548325062
1417778026968554,51.7601826008,-1.2583240583,110.874252,5735800.684919695,620200.5578514768,-110.874252,30U,-6.86,6.318,0.046,0.035700911272757,-0.013423183619037656,-2.311705973452329
1417778027075081,51.7601764511,-1.2583149172,110.870338,5735800.016100037,620201.2050060267,-110.870338,30U,-6.828,6.306,0.029,0.03595427316997467,-0.013778349094975613,-2.3137406825005478
1417778027181769,51.7601703275,-1.2583057859,110.868034,5735799.350166789,620201.8514151335,-110.868034,30U,-6.801,6.303,0.021,0.03536980052670862,-0.014861270645695293,-2.3161514098206717
1417778027288469,51.7601642251,-1.2582966582,110.864944,5735798.686585263,620202.4975196691,-110.864944,30U,-6.777,6.306,0.038,0.034160220020274,-0.01563243582532098,-2.3186559642436944
1417778027395168,51.760158144,-1.2582875144,110.860229,5735798.025399051,620203.1446788518,-110.860229,30U,-6.755,6.328,0.058,0.03321102517970844,-0.016380833767794374,-2.320925626129877
1417778027501867,51.7601520772,-1.2582783404,110.854019,5735797.365852944,620203.7938843046,-110.854019,30U,-6.747,6.342,0.066,0.032246405576490014,-0.016361032235994968,-2.323435275168986
1417778027608566,51.7601460206,-1.2582691456,110.847359,5735796.707475503,620204.4444982309,-110.847359,30U,-6.729,6.357,0.078,0.03181870939348573,-0.015698069335013286,-2.326665224679626
1417778027706896,51.7601399822,-1.2582599192,110.838982,5735796.051174186,620205.0972446821,-110.838982,30U,-6.71,6.381,0.068,0.029680099999542117,-0.013185799999937152,-2.3302060071722295
1417778027786812,51.7601339603,-1.258250663,110.832664,5735795.396756969,620205.7520039579,-110.832664,30U,-6.688,6.409,0.056,0.028403797763645267,-0.012001795009054527,-2.333482436598539
1417778027866728,51.7601279609,-1.2582413677,110.828117,5735794.744906424,620206.4094019101,-110.828117,30U,-6.664,6.429,0.028,0.02776365172999849,-0.012464074165130103,-2.336644436060622
1417778027968405,51.7601219787,-1.2582320403,110.826012,5735794.0950216185,620207.0689695487,-110.826012,30U,-6.651,6.45,0.024,0.026922260068872862,-0.012901379801128633,-2.3400935893260018
1417778028075105,51.7601160114,-1.2582226806,110.822258,5735793.446847111,620207.7307267865,-110.822258,30U,-6.63,6.475,0.056,0.02568423845012861,-0.01106196903657247,-2.34370487980426
1417778028181804,51.7601100633,-1.2582132832,110.81723,5735792.800869987,620208.3950348513,-110.81723,30U,-6.604,6.504,0.034,0.025238872634062284,-0.00793666187919077,-2.347127198073885
1417778028287550,51.7601041384,-1.2582038492,110.81427,5735792.157533262,620209.0618072103,-110.81427,30U,-6.577,6.53,0.017,0.025530321909068437,-0.006141145089398069,-2.3503077448183163
1417778028379007,51.7600982359,-1.2581943782,110.815102,5735791.516748629,620209.731073592,-110.815102,30U,-6.555,6.551,-0.033,0.026582263945850358,-0.00613087023835314,-2.353489761374324
1417778028470463,51.7600923511,-1.2581848763,110.817841,5735790.877983367,620210.4024255216,-110.817841,30U,-6.54,6.57,-0.027,0.025185890070149233,-0.006975081798280617,-2.356836312056233
1417778028575021,51.7600864805,-1.2581753495,110.821228,5735790.240838364,620211.0754582394,-110.821228,30U,-6.52,6.591,-0.024,0.025912356728840843,-0.008086104642213916,-2.3602348682964096
1417778028681451,51.7600806346,-1.2581657828,110.822662,5735789.606506013,620211.7511789985,-110.822662,30U,-6.49,6.62,-0.002,0.02655860000041629,-0.008171299999384778,-2.3634549071643316
1417778028788150,51.7600748067,-1.2581561921,110.822273,5735788.974215021,620212.428508342,-110.822273,30U,-6.477,6.631,0.01,0.025284146850104806,-0.00614906844961514,-2.3668112430521453
1417778028892944,51.7600689926,-1.2581465833,110.821663,5735788.3434886,620213.1070502725,-110.821663,30U,-6.452,6.649,0.003,0.025591877802538646,-0.003947975268376466,-2.370281832957543
1417778028984400,51.7600632059,-1.2581369356,110.82296,5735787.715873442,620213.7882040616,-110.82296,30U,-6.425,6.674,-0.028,0.024944865289312685,-0.003146622961274746,-2.37361011135118
1417778029075856,51.7600574391,-1.2581272558,110.829697,5735787.090524289,620214.4715203679,-110.829697,30U,-6.399,6.7,-0.09,0.02951160172825504,-0.008708689062971385,-2.3772994920315096
1417778029181603,51.7600517058,-1.2581175333,110.835838,5735786.468971024,620215.1576945657,-110.835838,30U,-6.369,6.72,-0.042,0.025292952208968714,-0.013469768538951182,-2.381126366538906
1417778029287349,51.7600459732,-1.2581078104,110.83886,5735785.847496352,620215.8438946754,-110.83886,30U,-6.381,6.722,0.006,0.0188215516599049,-0.01486174538746914,-2.385336947284123
1417778029378806,51.7600402676,-1.2580980315,110.829529,5735785.229116651,620216.533887772,-110.829529,30U,-6.313,6.785,0.116,0.01842298754586251,-0.010760635438413503,-2.388936134706871
1417778029470262,51.7600345985,-1.2580882112,110.824326,5735784.614864315,620217.2266410778,-110.824326,30U,-6.319,6.772,0.028,0.013321075258706088,-0.008890132465755115,-2.3928452227392425
1417778029575056,51.7600289275,-1.2580783903,110.823166,5735784.000401769,620217.9194410045,-110.823166,30U,-6.293,6.799,-0.008,0.012104708379814297,-0.008999880226470445,-2.397786025856082
1417778029681755,51.7600232988,-1.2580685013,110.823067,5735783.3907555975,620218.6168282907,-110.823067,30U,-6.239,6.847,0.001,0.01075069999980288,-0.008985200000332533,-2.4017912071792127
1417778029788392,51.7600177019,-1.2580585708,110.82373,5735782.78471429,620219.3169951732,-110.82373,30U,-6.219,6.866,-0.008,0.010032048040619771,-0.008705356192703753,-2.4054014805144903
1417778029893131,51.7600121245,-1.2580486095,110.823166,5735782.18089237,620220.0192359205,-110.823166,30U,-6.189,6.894,0.006,0.011556110108403697,-0.007689631471012656,-2.40928585779134
1417778029984587,51.7600065778,-1.2580386049,110.8228,5735781.580555956,620220.7243834015,-110.8228,30U,-6.161,6.919,-0.001,0.012537465597025009,-0.0071359807960487695,-2.4131447711158285
1417778030076043,51.7600010524,-1.2580285705,110.823349,5735780.982637456,620221.4315309569,-110.823349,30U,-6.139,6.935,-0.013,0.012198342227640298,-0.006479119693541094,-2.4171634806256175
1417778030181790,51.7599955506,-1.2580185055,110.82476,5735780.387393965,620222.1407276834,-110.82476,30U,-6.106,6.962,-0.015,0.013046344572889937,-0.005614663529039642,-2.421193404015477
1417778030287536,51.759990076,-1.2580084068,110.826851,5735779.795230933,620222.8521779483,-110.826851,30U,-6.076,6.988,-0.034,0.013412581859097182,-0.005513311222650755,-2.4249696729455574
1417778030378993,51.7599846269,-1.2579982752,110.829903,5735779.205957998,620223.565831059,-110.829903,30U,-6.051,7.009,-0.031,0.014204062435596639,-0.0067307179722015395,-2.4288925148182066
1417778030470449,51.7599792039,-1.2579881087,110.833496,5735778.6196451755,620224.2818234408,-110.833496,30U,-6.019,7.034,-0.026,0.015485265119700777,-0.008044158549143463,-2.432990161032207
1417778030575240,51.7599738077,-1.2579779048,110.835457,5735778.036374435,620225.0003257578,-110.835457,30U,-5.993,7.057,-0.004,0.015388692837291449,-0.008679153294117527,-2.436998135545366
1417778030681935,51.759968435,-1.2579676661,110.835541,5735777.455774509,620225.7211673505,-110.835541,30U,-5.961,7.084,0.004,0.017285299999694886,-0.008562900000129632,-2.4408992071757636
1417778030788589,51.75996309,-1.257957391,110.835243,5735776.878315107,620226.4444474784,-110.835243,30U,-5.937,7.106,0.012,0.015946838569346602,-0.008642693420148572,-2.444576040649194
1417778030893342,51.7599577605,-1.2579470927,110.834747,5735776.302617746,620227.1692876206,-110.834747,30U,-5.916,7.123,-0.003,0.015528784086039835,-0.008435083618849265,-2.448252528495073
1417778030984798,51.7599524581,-1.2579367576,110.834396,5735775.729994845,620227.8965954945,-110.834396,30U,-5.883,7.149,0.015,0.015318791779411861,-0.008261363350365487,-2.451273409290673
1417778031076254,51.7599471769,-1.2579263937,110.834229,5735775.1597770965,620228.6258346952,-110.834229,30U,-5.866,7.165,-0.008,0.015428050067774455,-0.007731701459770722,-2.4540910536856346
1417778031181977,51.7599419133,-1.2579160069,110.834358,5735774.591554435,620229.3566076277,-110.834358,30U,-5.844,7.182,0.004,0.01687784956270991,-0.007528732762969159,-2.4567286376452957
1417778031288651,51.7599366675,-1.2579055984,110.83551,5735774.025347124,620230.0888309504,-110.83551,30U,-5.827,7.197,-0.022,0.017757528895608977,-0.008311127076842914,-2.459112052726835
1417778031395336,51.7599314375,-1.2578951671,110.836998,5735773.460934562,620230.8225858866,-110.836998,30U,-5.809,7.213,-0.009,0.018575383678251397,-0.01005488585539636,-2.4613181438748075
1417778031497005,51.7599262204,-1.2578847137,110.837448,5735772.897993099,620231.5578318319,-110.837448,30U,-5.798,7.227,0.001,0.020168063597706266,-0.011061176986959294,-2.463431635008519
1417778031576939,51.7599210164,-1.2578742369,110.836388,5735772.3365471205,620232.2946579678,-110.836388,30U,-5.782,7.243,0.026,0.020968400421634628,-0.011705429776845359,-2.4654570660958735
1417778031656873,51.7599158246,-1.2578637367,110.833626,5735771.776496542,620233.0330666867,-110.833626,30U,-5.771,7.256,0.022,0.021494900000772255,-0.011733300000683318,-2.4672757071700597
1417778031755207,51.7599106375,-1.2578532265,110.830902,5735771.216985226,620233.7721531816,-110.830902,30U,-5.764,7.266,0.031,0.02220537136089583,-0.011621399234963985,-2.468861038529052
1417778031861906,51.7599054615,-1.2578426944,110.827805,5735770.658744509,620234.5127216661,-110.827805,30U,-5.755,7.279,0.026,0.02289348151028297,-0.011418136877789127,-2.470103725784642
1417778031968592,51.7599002924,-1.257832146,110.825165,5735770.101298096,620235.2543968422,-110.825165,30U,-5.753,7.288,0.029,0.021631693947317832,-0.01250704140147668,-2.4711806237782525
1417778032075276,51.7598951246,-1.257821589,110.822281,5735769.544010538,620235.996662215,-110.822281,30U,-5.749,7.291,0.027,0.020474191538525977,-0.012556742343224925,-2.4719832561953488
1417778032181940,51.7598899609,-1.2578110185,110.818863,5735768.987201287,620236.7398484906,-110.818863,30U,-5.745,7.302,0.052,0.019685044512614994,-0.010904678906713216,-2.4724364962982097
1417778032288602,51.7598847953,-1.2578004422,110.813583,5735768.430190416,620237.4834402361,-110.813583,30U,-5.745,7.305,0.034,0.020211538468301773,-0.008317362176583873,-2.472691772866995
1417778032395255,51.7598796294,-1.2577898657,110.812019,5735767.873146618,620238.2270467461,-110.812019,30U,-5.743,7.306,0.0,0.021404612167288485,-0.007738730118834659,-2.4728615265920104
1417778032499053,51.7598744707,-1.2577792814,110.812912,5735767.316916473,620238.9711725672,-110.812912,30U,-5.74,7.31,-0.019,0.021788024015188798,-0.007512878628376355,-2.472606564409383
1417778032590479,51.7598693109,-1.2577686949,110.814491,5735766.760567739,620239.7154532978,-110.814491,30U,-5.739,7.311,-0.017,0.025199441399873665,-0.007623468306252248,-2.471997385106883
1417778032681905,51.7598641582,-1.2577581016,110.815315,5735766.205019887,620240.4601845979,-110.815315,30U,-5.731,7.315,0.003,0.027280200000474934,-0.0074147000007740264,-2.471158807180056
1417778032788572,51.7598589919,-1.2577475328,110.817146,5735765.647919347,620241.203261453,-110.817146,30U,-5.764,7.287,-0.038,0.024496636511935874,-0.006460374223820156,-2.470278957417501
1417778032893326,51.7598538118,-1.257736981,110.817993,5735765.089256235,620241.945201969,-110.817993,30U,-5.756,7.29,0.003,0.023034585964550047,-0.005508135398139417,-2.4692397841920735
1417778032984688,51.7598486343,-1.2577264364,110.822006,5735764.5308705,620242.686638871,-110.822006,30U,-5.77,7.273,-0.073,0.021602635508561105,-0.0069475576837053025,-2.467823317958614
1417778033076050,51.759843441,-1.2577159153,110.827393,5735763.970689066,620243.4264961834,-110.827393,30U,-5.781,7.263,-0.035,0.020562131378821707,-0.009822166110359022,-2.466996238679778
1417778033167500,51.7598382437,-1.2577054045,110.829773,5735763.410045933,620244.1656534872,-110.829773,30U,-5.786,7.254,-0.005,0.020823231013509184,-0.010248734871753035,-2.4660254110817825
1417778033258956,51.7598330444,-1.257694901,110.828201,5735762.849168456,620244.9043124964,-110.828201,30U,-5.781,7.258,0.03,0.020744459075360242,-0.008036918071685514,-2.464839005737834
1417778033361844,51.7598278468,-1.2576844006,110.826088,5735762.288475029,620245.6427532241,-110.826088,30U,-5.781,7.252,0.006,0.02410740971042412,-0.006385304870779625,-2.4629135567617046
1417778033468543,51.7598226497,-1.2576739069,110.828094,5735761.727826262,620246.3807304209,-110.828094,30U,-5.776,7.25,-0.039,0.03025494512740149,-0.009464523040064095,-2.4607284484855985
1417778033575242,51.7598174479,-1.257663427,110.832794,5735761.16663218,620247.1177679327,-110.832794,30U,-5.8,7.221,-0.039,0.031171278549272676,-0.014620098641100346,-2.458005290823272
1417778033681940,51.7598122129,-1.2576529998,110.834419,5735760.601659264,620247.8512569965,-110.834419,30U,-5.837,7.184,0.012,0.03323020000042537,-0.017467900000757985,-2.454961007169532
1417778033788618,51.7598069616,-1.2576425969,110.828651,5735760.034833725,620248.5831125925,-110.828651,30U,-5.834,7.186,0.077,0.03486993303309226,-0.01687560469230073,-2.451771872549969
1417778033895296,51.7598016917,-1.2576322365,110.819916,5735759.465869777,620249.3120848513,-110.819916,30U,-5.891,7.125,0.089,0.03198109447278945,-0.014329695755557951,-2.448144236208054
1417778034001976,51.7597963932,-1.2576219399,110.81311,5735758.893620241,620250.0367304288,-110.81311,30U,-5.88,7.117,0.065,0.032828606759255724,-0.011070997635265013,-2.4449083281608015
1417778034104840,51.7597911063,-1.2576116604,110.806793,5735758.322632607,620250.7601652812,-110.806793,30U,-5.896,7.07,0.048,0.027694907952822014,-0.006678777862034778,-2.4407399620781742
1417778034196255,51.7597857871,-1.2576014725,110.80587,5735757.747902079,620251.4773648061,-110.80587,30U,-5.92,7.01,-0.023,0.025517029176052627,-0.004430857713385924,-2.4373378753161727
1417778034287672,51.7597804728,-1.2575913468,110.811066,5735757.173614004,620252.1902590562,-110.811066,30U,-5.901,6.977,-0.059,0.024904254434206533,-0.006381074412584275,-2.433396860394674
1417778034379128,51.7597751653,-1.2575812873,110.819267,5735756.599973076,620252.8985669406,-110.819267,30U,-5.912,6.921,-0.083,0.02195549022965594,-0.010327813588169931,-2.429076481946145
1417778034470584,51.7597698415,-1.2575713231,110.825722,5735756.02436245,620253.6003416447,-110.825722,30U,-5.929,6.854,-0.042,0.01931989371830173,-0.012884784920876014,-2.4247494009096893
1417778034575254,51.7597645124,-1.2575614331,110.826942,5735755.44804018,620254.2970100514,-110.826942,30U,-5.924,6.808,0.003,0.020214800893590137,-0.013815910737705484,-2.4203717585051083
1417778034681811,51.7597591883,-1.2575516036,110.824829,5735754.87217428,620254.9894902271,-110.824829,30U,-5.93,6.757,0.029,0.0206531000006695,-0.014974499999674474,-2.415574107171344
1417778034773238,51.7597538488,-1.2575418695,110.822067,5735754.294438592,620255.6754279251,-110.822067,30U,-5.945,6.695,0.027,0.019527476868423356,-0.014705018021573896,-2.4107916734156873
1417778034864664,51.7597484992,-1.2575322146,110.818756,5735753.71544922,620256.3559270249,-110.818756,30U,-5.95,6.648,0.034,0.019661095605528627,-0.01380860181890625,-2.4053297844483064
1417778034968499,51.7597431459,-1.2575226235,110.814682,5735753.135943276,620257.0320332724,-110.814682,30U,-5.953,6.601,0.027,0.02287056825015881,-0.014559976640330406,-2.398739441124436
1417778035075197,51.7597377784,-1.2575131103,110.813988,5735752.554729842,620257.7028015257,-110.813988,30U,-5.989,6.535,0.003,0.026488190631100025,-0.016967315780702978,-2.391993138564546
1417778035181883,51.759732378,-1.2575036874,110.812737,5735751.969708911,620258.3674257464,-110.812737,30U,-6.023,6.482,0.029,0.031683796440634904,-0.018561740814734343,-2.3861626928521575
1417778035288568,51.7597269489,-1.2574943364,110.806503,5735751.381377886,620259.0271645602,-110.806503,30U,-6.05,6.443,0.085,0.032039929633575256,-0.018333169045377233,-2.3799503859244067
1417778035395247,51.7597214886,-1.2574850638,110.798996,5735750.789448036,620259.6815760422,-110.798996,30U,-6.084,6.376,0.06,0.03098011186835687,-0.017861654671550948,-2.372814301007251
1417778035501930,51.7597160054,-1.2574758529,110.792419,5735750.194869902,620260.3317906072,-110.792419,30U,-6.103,6.349,0.066,0.03414111951218597,-0.017748446559974092,-2.3651802653641867
1417778035608629,51.7597104964,-1.2574666998,110.784981,5735749.597327421,620260.9780850984,-110.784981,30U,-6.155,6.293,0.057,0.03556452408915622,-0.016953049878276196,-2.357298158674341
1417778035706992,51.7597049319,-1.2574576571,110.778694,5735748.993431026,620261.6169085046,-110.778694,30U,-6.218,6.209,0.072,0.03575629999993672,-0.015826800000040993,-2.35000020717506
1417778035787016,51.7596993237,-1.2574487112,110.771797,5735748.384515375,620262.2491680075,-110.771797,30U,-6.238,6.164,0.061,0.03536669106382123,-0.011813992923256163,-2.342141017670583
1417778035867040,51.7596936919,-1.257439834,110.766464,5735747.772862049,620262.8767493801,-110.766464,30U,-6.28,6.107,0.047,0.034750536182955365,-0.0076843711446402535,-2.3333465781624354
1417778035968624,51.7596880242,-1.257431041,110.763664,5735747.15707765,620263.498615648,-110.763664,30U,-6.315,6.06,0.002,0.042528943845569336,-0.004834036053855582,-2.324650850497429
1417778036075184,51.759682334,-1.257422312,110.768448,5735746.538685646,620264.1161252084,-110.768448,30U,-6.36,6.001,-0.081,0.04294934979701468,-0.008299343603335134,-2.3157021885304
1417778036181848,51.7596765866,-1.2574136994,110.775665,5735745.913740775,620264.7257541376,-110.775665,30U,-6.409,5.912,-0.076,0.045236000417940174,-0.014017257742633935,-2.306868551615059
1417778036287566,51.7596708042,-1.257405168,110.780869,5735745.284769855,620265.3298725996,-110.780869,30U,-6.449,5.871,0.003,0.04421764924625086,-0.016352317962374064,-2.2965419040324937
1417778036378982,51.759664965,-1.2573967485,110.774887,5735744.649297963,620265.9264199119,-110.774887,30U,-6.535,5.783,0.083,0.04229737516786297,-0.011586905189908733,-2.285832760475769
1417778036470398,51.7596590782,-1.257388424,110.765633,5735744.008376065,620266.5165378964,-110.765633,30U,-6.564,5.724,0.056,0.04195122886758492,-0.007638028708555695,-2.2745196393958476
1417778036575152,51.7596531399,-1.2573802226,110.763573,5735743.3615241125,620267.0982977324,-110.763573,30U,-6.649,5.61,-0.013,0.03827748161100141,-0.006910628419141988,-2.2641508679427194
1417778036681810,51.759647142,-1.25737216,110.768143,5735742.707815445,620267.6706374814,-110.768143,30U,-6.694,5.54,-0.06,0.03718429999915688,-0.008410500000091126,-2.2545170071646496
1417778036788490,51.7596411039,-1.2573641845,110.770859,5735742.049492715,620268.2370734174,-110.770859,30U,-6.73,5.484,-0.012,0.03523010702802479,-0.008631328946088989,-2.2439970951724866
1417778036893262,51.7596350208,-1.2573563156,110.773064,5735741.385989975,620268.7962725954,-110.773064,30U,-6.79,5.402,-0.035,0.03487997228563212,-0.009371254501867843,-2.2331667725156787
1417778036984676,51.7596288945,-1.2573485528,110.775505,5735740.717508217,620269.3482647348,-110.775505,30U,-6.839,5.33,-0.004,0.03515491920377996,-0.010915118031638001,-2.2222516364041747
1417778037076091,51.7596227234,-1.2573409001,110.776169,5735740.043862916,620269.8927780455,-110.776169,30U,-6.891,5.249,0.007,0.03516198255475344,-0.010919268290208891,-2.2111297603006395
1417778037181813,51.7596165045,-1.2573333681,110.775375,5735739.364702966,620270.4290889915,-110.775375,30U,-6.946,5.156,0.02,0.03367801209789655,-0.009901491293446238,-2.199840234466502
1417778037287534,51.7596102317,-1.2573259617,110.773201,5735738.679341926,620270.9568756293,-110.773201,30U,-7.0,5.089,-0.002,0.034573719562497544,-0.0074378511440392515,-2.1888265799117903
1417778037378944,51.7596039177,-1.2573186609,110.773758,5735737.9892251,620271.4774844127,-110.773758,30U,-7.044,5.006,-0.005,0.03584236547704353,-0.007048385436623491,-2.1777191528306266
1417778037470353,51.7595975612,-1.2573114855,110.774918,5735737.29417526,620271.9895523934,-110.774918,30U,-7.091,4.914,-0.053,0.034576551134061426,-0.005995088319228999,-2.1666520387362067
1417778037575140,51.7595911657,-1.2573044268,110.78038,5735736.594595975,620272.4936706554,-110.78038,30U,-7.133,4.839,-0.037,0.03293862195851766,-0.006598957722770318,-2.15516378548974
1417778037681839,51.7595847288,-1.2572974937,110.783974,5735735.89020567,620272.9892313844,-110.783974,30U,-7.181,4.754,-0.008,0.03219989999924428,-0.006162099999344374,-2.1439225071709256
1417778037788537,51.7595782467,-1.2572906998,110.787453,5735735.180559331,620273.4753061362,-110.787453,30U,-7.229,4.653,-0.047,0.031993492953201745,-0.00576368050677446,-2.132933332639209
1417778037893330,51.7595717249,-1.2572840332,110.79174,5735734.466288214,620273.9527015144,-110.79174,30U,-7.272,4.567,-0.023,0.031073695656649265,-0.0062534776844809315,-2.1222804725125632
1417778037984786,51.7595651707,-1.2572774848,110.794952,5735733.748219131,620274.4220261108,-110.794952,30U,-7.303,4.492,-0.06,0.03127866892692859,-0.005853251559714375,-2.11138380280485
1417778038076242,51.7595585856,-1.2572710512,110.799637,5735733.026524492,620274.8835105705,-110.799637,30U,-7.344,4.407,-0.033,0.032011796489848116,-0.005945536639783714,-2.1005806598288714
1417778038181988,51.7595519688,-1.2572647346,110.80304,5735732.3011117065,620275.3370051947,-110.80304,30U,-7.373,4.332,-0.03,0.036259597027136006,-0.006202256431799834,-2.0898078667497746
1417778038287733,51.7595453255,-1.2572585302,110.806763,5735731.57256696,620275.7828274113,-110.806763,30U,-7.404,4.246,-0.049,0.03882533247483044,-0.006915001182757897,-2.079032731403915
1417778038379189,51.7595386503,-1.2572524579,110.811821,5735730.840256917,620276.2196182633,-110.811821,30U,-7.44,4.16,-0.032,0.04075516429385218,-0.008277048329392515,-2.068161999522908
1417778038470645,51.759531948,-1.2572465081,110.814774,5735730.104731199,620276.6480274897,-110.814774,30U,-7.465,4.072,-0.023,0.040990308748024826,-0.00900661561611484,-2.056541362581439
1417778038575438,51.7595252197,-1.2572406883,110.817078,5735729.36609976,620277.0675345876,-110.817078,30U,-7.501,3.974,-0.019,0.040990413975670756,-0.00935288279266089,-2.044592601209867
1417778038682136,51.7595184573,-1.257235022,110.818314,5735728.6234230725,620277.4765393351,-110.818314,30U,-7.54,3.863,-0.003,0.04192560000080837,-0.008895999999155604,-2.0331008071790406
1417778038788601,51.7595116633,-1.2572295115,110.818909,5735727.876975357,620277.8748763623,-110.818909,30U,-7.565,3.766,-0.011,0.041819784552418915,-0.008072568290905129,-2.0221298293453858
1417778038893189,51.7595048477,-1.2572241353,110.819771,5735727.127904128,620278.2640028114,-110.819771,30U,-7.592,3.676,-0.019,0.04245463698848176,-0.006718781560727396,-2.0108704736217637
1417778038984645,51.7594980167,-1.2572188826,110.822296,5735726.376916681,620278.6446475136,-110.822296,30U,-7.607,3.579,-0.038,0.04117934229625549,-0.006548563887054362,-1.9992333792551922
1417778039076100,51.7594911657,-1.2572137739,110.825584,5735725.62346765,620279.015407979,-110.825584,30U,-7.633,3.49,-0.029,0.042087914980708,-0.006746371341570487,-1.9878467039268457
1417778039181770,51.7594843035,-1.2572087943,110.829948,5735724.868560223,620279.3772890703,-110.829948,30U,-7.648,3.397,-0.043,0.04119430609476363,-0.00713331673944116,-1.9765520014636
1417778039288392,51.7594774201,-1.2572039697,110.834221,5735724.111039622,620279.7285299895,-110.834221,30U,-7.662,3.283,-0.028,0.039796999134628454,-0.007970094184611498,-1.9654732230719898
1417778039395090,51.7594705265,-1.257199284,110.835854,5735723.352155666,620280.070212567,-110.835854,30U,-7.672,3.207,-0.036,0.038061012476531084,-0.006347986958043806,-1.9544064565947972
1417778039496773,51.7594636217,-1.2571947303,110.840111,5735722.591808524,620280.402815629,-110.840111,30U,-7.688,3.099,-0.065,0.0329915667412884,-0.007305375765145646,-1.9436490536021518
1417778039576727,51.7594566984,-1.2571903267,110.84388,5735721.829156543,620280.7251094826,-110.84388,30U,-7.709,3.006,-0.025,0.031868187673109324,-0.010263389214658141,-1.9335659140252113
1417778039656680,51.759449773,-1.2571860331,110.848946,5735721.066089632,620281.0398178579,-110.848946,30U,-7.707,2.93,-0.063,0.03175750000023192,-0.014142299999862745,-1.9244346071742322
1417778039755020,51.7594428375,-1.2571818598,110.850754,5735720.3017011555,620281.346251204,-110.850754,30U,-7.716,2.845,0.02,0.031226989492157593,-0.01492097961255242,-1.9163473268380913
1417778039861718,51.7594358952,-1.2571777897,110.846191,5735719.536386293,620281.6455808263,-110.846191,30U,-7.723,2.786,0.067,0.03091130393636775,-0.011793555587208878,-1.9087042313654135
1417778039968416,51.7594289481,-1.2571738054,110.839561,5735718.770396154,620281.9390021904,-110.839561,30U,-7.736,2.732,0.058,0.029732969523715506,-0.007883776671488724,-1.9017811373544589
1417778040075114,51.7594219895,-1.257169892,110.836639,5735718.00301023,620282.2275613546,-110.836639,30U,-7.744,2.686,-0.0,0.0312552813316923,-0.006440234234281545,-1.895873532852408
1417778040181812,51.7594150247,-1.2571660425,110.838951,5735717.234829455,620282.5117273065,-110.838951,30U,-7.751,2.635,-0.042,0.03050010698782775,-0.007041216978431798,-1.8915609896930363
1417778040288511,51.7594080522,-1.2571622613,110.842278,5735716.465679765,620282.7912003822,-110.842278,30U,-7.76,2.603,-0.034,0.0314058374646799,-0.005835233290152926,-1.8877227846477629
1417778040395209,51.7594010733,-1.2571585138,110.845482,5735715.69576279,620283.068364892,-110.845482,30U,-7.767,2.578,-0.028,0.030493297177344045,-0.006177978449864317,-1.8836483238064246
1417778040499049,51.7593940866,-1.257154809,110.847214,5735714.924907996,620283.3426034584,-110.847214,30U,-7.778,2.541,0.003,0.030086673637216097,-0.006183117734162434,-1.879824220236109
1417778040590505,51.7593870981,-1.2571511457,110.852722,5735714.153784603,620283.6139829478,-110.852722,30U,-7.775,2.522,-0.088,0.03062800863716872,-0.008765296797913876,-1.8764815418987582
1417778040681961,51.7593800996,-1.2571475202,110.856079,5735713.381486819,620283.8827804901,-110.856079,30U,-7.797,2.495,-0.007,0.031321099999874286,-0.010312200000090626,-1.8737848071774035
1417778040788659,51.7593730922,-1.2571439325,110.856667,5735712.6081369715,620284.1489931626,-110.856667,30U,-7.797,2.475,-0.008,0.0308655842459776,-0.010826097068081068,-1.8709055419086185
1417778040893452,51.7593660763,-1.2571403826,110.855965,5735711.833779541,620284.4126198995,-110.855965,30U,-7.808,2.44,0.017,0.02829272201855401,-0.011853725427453618,-1.8685429992196043
1417778040984908,51.7593590551,-1.2571368626,110.853661,5735711.058783419,620284.6741973789,-110.853661,30U,-7.81,2.432,0.019,0.02810961238658532,-0.011557965993791828,-1.8664274289275147
1417778041076363,51.7593520331,-1.2571333531,110.852257,5735710.283681027,620284.9350524468,-110.852257,30U,-7.814,2.415,0.008,0.026957440337247427,-0.011632078806918498,-1.8646302083141446
1417778041167819,51.7593450059,-1.2571298724,110.84967,5735709.507952876,620285.1939339022,-110.84967,30U,-7.818,2.4,0.03,0.02704705297265677,-0.011139783380628685,-1.8632591336264872
1417778041259274,51.7593379764,-1.257126407,110.847862,5735708.73194373,620285.4517656809,-110.847862,30U,-7.816,2.391,0.001,0.026092047018204115,-0.011920291908133561,-1.8617973780188009
1417778041362158,51.7593309453,-1.2571229652,110.847282,5735707.955717744,620285.707973133,-110.847282,30U,-7.823,2.371,0.022,0.025178156847846203,-0.013539812802841224,-1.8608628882980043
1417778041468850,51.7593239162,-1.2571195322,110.845001,5735707.179699669,620285.9635680476,-110.845001,30U,-7.816,2.371,0.017,0.02579500229615589,-0.013086076331831802,-1.8598838123786832
1417778041575486,51.7593168923,-1.2571161041,110.841789,5735706.404251798,620286.218811062,-110.841789,30U,-7.815,2.362,0.044,0.02645506800119381,-0.01120301936468878,-1.8594975201912287
1417778041682112,51.7593098731,-1.2571126842,110.836716,5735705.629313084,620286.4734757688,-110.836716,30U,-7.801,2.363,0.043,0.028019100000785314,-0.00794480000042697,-1.8589771071651142
1417778041788732,51.7593028616,-1.2571092739,110.834801,5735704.85521484,620286.7274575789,-110.834801,30U,-7.791,2.352,0.002,0.028289543220716758,-0.006741250496675916,-1.8585811335141262
1417778041895357,51.7592958624,-1.2571058705,110.835823,5735704.082473063,620286.9809305967,-110.835823,30U,-7.776,2.351,-0.019,0.029240125029060322,-0.006348275686116632,-1.8583214416288523
1417778042002022,51.7592888798,-1.2571024694,110.838539,5735703.311573532,620287.2342008431,-110.838539,30U,-7.758,2.351,-0.041,0.03077824609397886,-0.006320804055337256,-1.8579731246468754
1417778042104884,51.759281912,-1.2570990851,110.842453,5735702.542292156,620287.4862724443,-110.842453,30U,-7.744,2.329,-0.027,0.03197040706605192,-0.007286516798408781,-1.8584476762147406
1417778042196340,51.7592749654,-1.257095699,110.845001,5735701.775371335,620287.7384119908,-110.845001,30U,-7.718,2.339,-0.024,0.03322867927410415,-0.007584014086077378,-1.8583978803131187
1417778042287795,51.7592680459,-1.2570923347,110.847115,5735701.011428261,620287.9889751477,-110.847115,30U,-7.678,2.32,-0.028,0.033919086381506675,-0.006085335397529406,-1.8584907375190982
1417778042379251,51.7592611584,-1.2570889815,110.849152,5735700.251025494,620288.2386873056,-110.849152,30U,-7.642,2.326,-0.023,0.03571710699795501,-0.004688913856886407,-1.8585574453819194
1417778042470706,51.7592543065,-1.2570856225,110.851135,5735699.494591246,620288.4887051781,-110.851135,30U,-7.602,2.312,-0.042,0.03701503710785115,-0.005194061838918687,-1.8582727790916862
1417778042575499,51.7592474859,-1.2570822993,110.857742,5735698.741578723,620288.7361693451,-110.857742,30U,-7.571,2.289,-0.078,0.03742222701779335,-0.008839028268816291,-1.8586419576625994
1417778042682197,51.7592406979,-1.2570789853,110.864365,5735697.992176363,620288.9829120376,-110.864365,30U,-7.536,2.288,-0.052,0.03643490000032807,-0.01225559999999072,-1.858443007179739
1417778042773600,51.7592339381,-1.2570756938,110.866943,5735697.245872922,620289.2280271037,-110.866943,30U,-7.501,2.273,-0.001,0.036746190557007334,-0.014046509164191387,-1.8580673644677819
1417778042865003,51.7592272105,-1.2570724187,110.864265,5735696.503123285,620289.471924878,-110.864265,30U,-7.461,2.257,0.054,0.03811023136183058,-0.011737295101229034,-1.8576833941790982
1417778042968783,51.7592205172,-1.2570691627,110.859749,5735695.764156533,620289.7144134488,-110.859749,30U,-7.43,2.233,0.037,0.03766531807298738,-0.006782855051501035,-1.8572394658092224
1417778043075419,51.759213853,-1.2570659513,110.85643,5735695.028352335,620289.9537468606,-110.85643,30U,-7.398,2.211,0.028,0.03340099822122216,-0.0018612251095327336,-1.8572302668070537
1417778043182087,51.7592072229,-1.2570627552,110.85704,5735694.296315046,620290.1919338391,-110.85704,30U,-7.355,2.211,-0.052,0.030389045090178774,-0.0009464774048081129,-1.856253455120824
1417778043288751,51.7592006308,-1.2570595647,110.865623,5735693.568494372,620290.4296334235,-110.865623,30U,-7.311,2.214,-0.106,0.03447954024692041,-0.006143010366402906,-1.8552067477802545
1417778043395349,51.7591940774,-1.2570563684,110.87661,5735692.844986957,620290.6676304747,-110.87661,30U,-7.271,2.191,-0.12,0.03688358872781331,-0.011573413060007202,-1.8543843031010747
1417778043501962,51.7591875492,-1.2570532217,110.884102,5735692.124200142,620290.902137673,-110.884102,30U,-7.247,2.149,-0.04,0.03499526616340355,-0.014131550506527736,-1.8539782366997148
1417778043608638,51.7591810421,-1.2570501314,110.884109,5735691.4056667695,620291.1326966402,-110.884109,30U,-7.22,2.135,0.058,0.03512149513805862,-0.013535824175721703,-1.8537156218940891
1417778043706986,51.7591745733,-1.2570470247,110.877579,5735690.691419655,620291.36428565,-110.877579,30U,-7.177,2.146,0.06,0.034738799999143664,-0.009794900000825713,-1.85241930716321
1417778043787009,51.7591681336,-1.2570439483,110.873795,5735689.98035868,620291.5937063469,-110.873795,30U,-7.147,2.115,0.01,0.034924489910170546,-0.007814056312782584,-1.8518211392127737
1417778043867033,51.7591617248,-1.2570408978,110.872902,5735689.272691268,620291.8212575936,-110.872902,30U,-7.107,2.109,0.009,0.03702042320090412,-0.006983474741078266,-1.8514692636440784
1417778043968729,51.7591553547,-1.2570378567,110.874359,5735688.569312045,620292.0480573372,-110.874359,30U,-7.064,2.091,-0.043,0.037139110675929184,-0.006651629890347879,-1.8507739131428969
1417778044075427,51.7591490234,-1.2570348547,110.879356,5735687.870183148,620292.2720556868,-110.879356,30U,-7.025,2.059,-0.044,0.03579025144132615,-0.0077702933703580465,-1.8506666449103635
1417778044182124,51.7591427315,-1.2570318759,110.88221,5735687.175397522,620292.4943483203,-110.88221,30U,-6.975,2.058,-0.025,0.03605529800198133,-0.00783093340928459,-1.8500473800307942
1417778044287866,51.7591364824,-1.2570289189,110.884781,5735686.485335576,620292.715022815,-110.884781,30U,-6.929,2.031,-0.027,0.034248952723506344,-0.008232765238708313,-1.849573351258853
1417778044379293,51.7591302763,-1.2570259951,110.887192,5735685.800000751,620292.9332919134,-110.887192,30U,-6.874,2.019,-0.018,0.03389403611406643,-0.008822829304287183,-1.8494618954752984
1417778044470719,51.7591241244,-1.2570230866,110.889038,5735685.120668082,620293.150361142,-110.889038,30U,-6.81,2.006,-0.023,0.03371027322106668,-0.008972392484556743,-1.8491217163178517
1417778044575508,51.7591180376,-1.2570202103,110.890312,5735684.448521836,620293.3650352437,-110.890312,30U,-6.736,1.976,-0.018,0.03278409242466293,-0.007070128818258006,-1.8495126766850967
1417778044682206,51.7591120182,-1.257017367,110.893555,5735683.7838164745,620293.5772528945,-110.893555,30U,-6.655,1.959,-0.034,0.034294600000185825,-0.007437300000477397,-1.8492412071784037
1417778044788904,51.7591060658,-1.2570145526,110.896126,5735683.126514276,620293.7872981018,-110.896126,30U,-6.587,1.929,-0.017,0.03182707825073971,-0.009663681868113455,-1.848812027242133
1417778044893684,51.7591001725,-1.257011795,110.898003,5735682.475690691,620293.9932664536,-110.898003,30U,-6.522,1.897,-0.021,0.030125774930872262,-0.011239439521945277,-1.8493130957020438
1417778044985044,51.7590943465,-1.2570090458,110.904716,5735681.832337441,620294.198476286,-110.904716,30U,-6.453,1.901,-0.068,0.03025151902513587,-0.013560824263200624,-1.8490225118555284
1417778045076404,51.7590885761,-1.257006308,110.907265,5735681.195148464,620294.4027516621,-110.907265,30U,-6.391,1.876,0.001,0.029986784672467945,-0.013864265705969202,-1.8485162284739858
1417778045182111,51.7590828556,-1.2570036126,110.904755,5735680.563438756,620294.603968389,-110.904755,30U,-6.337,1.85,0.037,0.02935172254556745,-0.01306178325977957,-1.8488032563692298
1417778045287821,51.7590771836,-1.2570009504,110.90181,5735679.937067798,620294.8027650879,-110.90181,30U,-6.279,1.843,0.017,0.030795267653128386,-0.01240054656098661,-1.8486952770895588
1417778045379238,51.7590715626,-1.2569982926,110.901398,5735679.316361112,620295.0011226311,-110.901398,30U,-6.227,1.828,-0.006,0.030622787196732053,-0.012827929303801179,-1.8485110500820952
1417778045470656,51.7590659785,-1.2569956631,110.901695,5735678.699711266,620295.1974291283,-110.901695,30U,-6.198,1.813,0.009,0.030768045686462516,-0.013425341750073675,-1.848820517780252
1417778045575418,51.7590604228,-1.25699304,110.899673,5735678.086209129,620295.3932185145,-110.899673,30U,-6.163,1.812,0.016,0.030947383379174312,-0.012413933290454612,-1.8486169877803267
1417778045682086,51.7590548957,-1.2569904265,110.899002,5735677.4758716645,620295.5882694221,-110.899002,30U,-6.138,1.796,0.004,0.029602199999962206,-0.012725899999903407,-1.8483065071803388
1417778045788764,51.7590493912,-1.2569878456,110.898888,5735676.867993699,620295.7810105425,-110.898888,30U,-6.108,1.78,0.009,0.0285370431608609,-0.013957389612221002,-1.848521589357503
1417778045893539,51.7590439152,-1.2569852682,110.896805,5735676.263279349,620295.9734344154,-110.896805,30U,-6.071,1.79,0.02,0.03090530224648897,-0.014089859423514291,-1.8486254366923427
1417778045984995,51.7590384721,-1.2569826723,110.895493,5735675.662254203,620296.16704759,-110.895493,30U,-6.04,1.793,0.011,0.03278270041637406,-0.014086806928173686,-1.8486427589455425
1417778046076450,51.7590330536,-1.2569801021,110.894699,5735675.06392235,620296.3588218371,-110.894699,30U,-6.02,1.76,0.008,0.033331284910155544,-0.014047869054931371,-1.8492500718103941
1417778046182107,51.7590276554,-1.2569775627,110.892868,5735674.467797187,620296.5484166277,-110.892868,30U,-5.99,1.755,0.025,0.03404758355813239,-0.014572685208154912,-1.8498505267181093
1417778046287761,51.7590222843,-1.2569750223,110.889893,5735673.874687375,620296.7380084397,-110.889893,30U,-5.959,1.761,0.032,0.03352193399622838,-0.014707047912797795,-1.8500077032165627
1417778046379180,51.759016942,-1.2569724788,110.887619,5735673.284785421,620296.9277376777,-110.887619,30U,-5.925,1.763,0.008,0.03496000565526195,-0.014596594602732346,-1.8501380075612006
1417778046470600,51.7590116279,-1.2569699295,110.886848,5735672.698029058,620297.1177922669,-110.886848,30U,-5.899,1.761,0.017,0.037906386213038545,-0.015117877097775118,-1.8499668473800612
1417778046575297,51.7590063373,-1.2569673956,110.884521,5735672.113860648,620297.306721664,-110.884521,30U,-5.874,1.74,0.038,0.039174861252869446,-0.014586634343794432,-1.850075871047303
1417778046681890,51.7590010687,-1.2569648905,110.88105,5735671.5320912795,620297.493605105,-110.88105,30U,-5.847,1.729,0.025,0.04061719999932339,-0.013716699999178015,-1.8507598071649896
1417778046788584,51.7589958238,-1.2569623923,110.879303,5735670.9529461255,620297.6799494145,-110.879303,30U,-5.823,1.73,0.02,0.042488878826478775,-0.014308551152756564,-1.8508541107427734
1417778046893361,51.758990603,-1.2569598864,110.877228,5735670.376493749,620297.8667610924,-110.877228,30U,-5.787,1.741,0.014,0.0489391502974449,-0.016833681461298145,-1.850993297643934
1417778046984728,51.7589854127,-1.256957375,110.875404,5735669.8034422435,620298.0538713029,-110.875404,30U,-5.763,1.731,0.022,0.05267674516778092,-0.017946190486250773,-1.8517283381714895
1417778047076095,51.7589802459,-1.2569548811,110.873741,5735669.232975228,620298.2397113941,-110.873741,30U,-5.734,1.709,0.022,0.05343828321073637,-0.017002516013898853,-1.851250962224562
1417778047181834,51.7589751055,-1.2569524288,110.871178,5735668.665375444,620298.422610489,-110.871178,30U,-5.706,1.679,0.031,0.05019859416596795,-0.012343297267445694,-1.8498619900057298
1417778047288532,51.758969983,-1.2569500198,110.866417,5735668.099694842,620298.6024738592,-110.866417,30U,-5.679,1.677,0.075,0.0513091328416041,-0.007006877187321166,-1.848898836271389
1417778047395229,51.7589649002,-1.2569475677,110.860214,5735667.538500223,620298.7852061265,-110.860214,30U,-5.632,1.705,0.03,0.05326523394630082,-0.0025034887092730547,-1.84680512940468
1417778047496917,51.7589598454,-1.2569451363,110.857697,5735666.980385244,620298.9664354759,-110.857697,30U,-5.614,1.653,0.022,0.055151376868491545,-0.0005900428528471432,-1.8447343634074582
1417778047576896,51.7589548143,-1.2569427904,110.861153,5735666.424764832,620299.1417014095,-110.861153,30U,-5.58,1.595,-0.083,0.05369068112421092,-0.0010017558551043834,-1.8442903063893634
1417778047656876,51.7589498154,-1.2569404868,110.871521,5735665.872655496,620299.3139626153,-110.871521,30U,-5.541,1.6,-0.102,0.049735100000678927,-0.003094200000534432,-1.8435971071635646
1417778047755201,51.7589448509,-1.256938165,110.879486,5735665.32440168,620299.4873884271,-110.879486,30U,-5.502,1.609,-0.071,0.048603518609327115,-0.004191144929709353,-1.8409925749577338
1417778047861865,51.7589399167,-1.256935868,110.885437,5735664.779476513,620299.6590222558,-110.885437,30U,-5.478,1.566,-0.041,0.04730848790321624,-0.005531960606760383,-1.839234270509201
1417778047968556,51.7589350061,-1.2569336273,110.888466,5735664.237082956,620299.8267080574,-110.888466,30U,-5.446,1.543,-0.023,0.04739046852796588,-0.006365534821229267,-1.838589857302613
1417778048075254,51.7589301265,-1.256931397,110.891228,5735663.698119643,620299.9935937759,-110.891228,30U,-5.413,1.54,-0.031,0.045879340498365874,-0.006312286084133311,-1.8372554012109115
1417778048181951,51.7589252708,-1.2569291846,110.894806,5735663.161784642,620300.1591806998,-110.894806,30U,-5.395,1.517,-0.04,0.043113143678165336,-0.006793061838195795,-1.8353211455477227
1417778048288649,51.7589204293,-1.2569270053,110.897774,5735662.626974178,620300.3224456392,-110.897774,30U,-5.375,1.501,-0.024,0.04209662636231833,-0.007843926839277633,-1.833863143916365
1417778048395346,51.7589156051,-1.256924839,110.898926,5735662.094066141,620300.4847674791,-110.898926,30U,-5.357,1.496,-0.001,0.04105048960304247,-0.007053037395323854,-1.8327738172411645
1417778048499182,51.758910792,-1.2569226764,110.89949,5735661.562386399,620300.646804505,-110.89949,30U,-5.347,1.499,-0.021,0.04214716870810034,-0.005847224543362827,-1.8311616511831232
1417778048590619,51.7589059874,-1.2569205244,110.902267,5735661.03163443,620300.8080874495,-110.902267,30U,-5.344,1.471,-0.03,0.041594537633541526,-0.005947866650844467,-1.829847990235674
1417778048682056,51.7589011842,-1.2569184125,110.904243,5735660.500972009,620300.9665993497,-110.904243,30U,-5.341,1.456,-0.004,0.04142499999948626,-0.005824799999863832,-1.8293415071710117
1417778048788635,51.7588963858,-1.2569163028,110.904877,5735659.970839757,620301.124946697,-110.904877,30U,-5.331,1.466,-0.017,0.04114318683912402,-0.005472364770400039,-1.8283052432000078
1417778048893324,51.7588915958,-1.2569141903,110.907784,5735659.441646259,620301.2834649782,-110.907784,30U,-5.328,1.452,-0.034,0.03908021091481511,-0.007071198308899739,-1.8271117129682675
1417778048984776,51.7588868083,-1.2569121055,110.910957,5735658.912685092,620301.4400650313,-110.910957,30U,-5.323,1.438,-0.028,0.03876247093370807,-0.008744996421343656,-1.8266132530076435
1417778049076228,51.7588820289,-1.2569100177,110.913101,5735658.384629646,620301.5968506179,-110.913101,30U,-5.313,1.448,-0.019,0.03856283493962253,-0.0083812105076667,-1.8259393875968206
1417778049167683,51.7588772553,-1.2569079178,110.914551,5735657.8572391635,620301.7544558542,-110.914551,30U,-5.309,1.452,-0.013,0.03914414744611169,-0.007712786490654147,-1.8247937122511346
1417778049259138,51.758872481,-1.2569058346,110.915138,5735657.329743294,620301.9109104922,-110.915138,30U,-5.313,1.432,0.005,0.03911455918473525,-0.006534555537629309,-1.8244081735048652
1417778049361997,51.7588677029,-1.2569037743,110.914093,5735656.801787072,620302.0657948997,-110.914093,30U,-5.315,1.425,0.012,0.038706174104737215,-0.004426137217351163,-1.825127011041417
1417778049468656,51.758862926,-1.2569017042,110.913406,5735656.273980467,620302.2213524581,-110.913406,30U,-5.31,1.437,-0.008,0.03906156741595573,-0.0028367325251747195,-1.8255168184267043
1417778049575343,51.7588581535,-1.2568996134,110.915672,5735655.746697318,620302.3783268861,-110.915672,30U,-5.309,1.449,-0.029,0.040193568588663235,-0.0029267355872470762,-1.8256591386825645
1417778049682034,51.7588533809,-1.2568975179,110.918724,5735655.219410808,620302.5356259625,-110.918724,30U,-5.312,1.445,-0.033,0.04082920000007783,-0.0036499999996029288,-1.8263805071734245
1417778049788667,51.7588486057,-1.256895429,110.922981,5735654.69182428,620302.6924765046,-110.922981,30U,-5.31,1.452,-0.05,0.042030013101578445,-0.0043014921970601075,-1.8271314760993325
1417778049895303,51.7588438298,-1.2568933238,110.927345,5735654.164186796,620302.8504538221,-110.927345,30U,-5.312,1.461,-0.042,0.04228509329987932,-0.005413818856049854,-1.8273405373443632
1417778050001965,51.7588390514,-1.2568912178,110.931404,5735653.636272624,620303.0084930236,-110.931404,30U,-5.321,1.453,-0.034,0.04107461543764578,-0.006599008578174063,-1.827692479968608
1417778050104826,51.7588342672,-1.2568891175,110.933853,5735653.107704057,620303.1661543064,-110.933853,30U,-5.323,1.453,-0.017,0.039519560416888866,-0.006910606928902908,-1.8283198172577673
1417778050196281,51.7588294793,-1.2568870026,110.935127,5735652.5787481135,620303.3248330211,-110.935127,30U,-5.33,1.468,-0.005,0.03842944520891375,-0.0067431765111387225,-1.8283260176097482
1417778050287732,51.7588246844,-1.2568848801,110.936226,5735652.0490262695,620303.4840548589,-110.936226,30U,-5.338,1.469,-0.014,0.036654525885636544,-0.007166330774961317,-1.8281933443820757
1417778050379127,51.7588198811,-1.2568827645,110.937035,5735651.518358915,620303.6428228752,-110.937035,30U,-5.349,1.459,-0.006,0.03418734667101876,-0.008087319145281881,-1.8287097312303122
1417778050470521,51.7588150711,-1.2568806458,110.938286,5735650.986951597,620303.8018226667,-110.938286,30U,-5.352,1.472,-0.014,0.03283222477094457,-0.008834647684380003,-1.828907861932023
1417778050575213,51.7588102555,-1.2568785149,110.939346,5735650.454941652,620303.9616793122,-110.939346,30U,-5.361,1.47,-0.019,0.030468165577560657,-0.009049920674900775,-1.8288166310587473
1417778050681805,51.7588054308,-1.2568763915,110.941399,5735649.921907365,620304.1210425909,-110.941399,30U,-5.376,1.463,-0.013,0.029006800000347735,-0.01054559999942123,-1.8293147071691085
1417778050773237,51.7588005954,-1.2568742652,110.941391,5735649.387687958,620304.2806344753,-110.941391,30U,-5.38,1.483,0.015,0.028235268339976374,-0.011128646033245983,-1.829934055772122
1417778050864669,51.7587957534,-1.2568721171,110.939621,5735648.852770558,620304.4417483826,-110.939621,30U,-5.393,1.482,0.024,0.02676472812190041,-0.010518355486592088,-1.829884998109867
1417778050968504,51.7587908996,-1.2568699772,110.937935,5735648.316527399,620304.6023277927,-110.937935,30U,-5.406,1.479,-0.004,0.02597662183931306,-0.010385585914999766,-1.8301910325184918
1417778051075201,51.758786035,-1.2568678313,110.937622,5735647.7790931165,620304.7633500092,-110.937622,30U,-5.419,1.486,0.017,0.025605042276543713,-0.011285220904488491,-1.8309720768533506
1417778051181898,51.7587811604,-1.2568656628,110.935509,5735647.240584054,620304.925958497,-110.935509,30U,-5.427,1.509,0.025,0.02580199559659451,-0.010113420775917587,-1.8312953049891294
1417778051288596,51.7587762748,-1.2568634758,110.932892,5735646.700882246,620305.0898729678,-110.932892,30U,-5.442,1.512,0.014,0.024338058121394467,-0.00791955248634664,-1.8309803258902608
1417778051395293,51.7587713739,-1.2568613048,110.932854,5735646.159452592,620305.2527239553,-110.932854,30U,-5.461,1.494,-0.006,0.022649172276357567,-0.007498324959553163,-1.83145576235751
1417778051501978,51.7587664587,-1.2568591346,110.932602,5735645.616431379,620305.4155577748,-110.932602,30U,-5.471,1.516,0.014,0.02177408073512892,-0.00782039800152629,-1.832286450087121
1417778051608611,51.7587615356,-1.25685692,110.930458,5735645.072604877,620305.5814767374,-110.930458,30U,-5.482,1.54,0.017,0.020862949612668488,-0.007575021491781975,-1.8322579144949032
1417778051706907,51.7587566023,-1.2568546957,110.930885,5735644.527660078,620305.7480922557,-110.930885,30U,-5.497,1.531,-0.026,0.020573899999577556,-0.008042400000767714,-1.8327565071703629
1417778051786863,51.7587516534,-1.2568524917,110.934509,5735643.980946981,620305.9133483391,-110.934509,30U,-5.514,1.529,-0.039,0.02061225661011111,-0.00984623430371845,-1.8341718220275678
1417778051866820,51.7587466912,-1.2568502639,110.936188,5735643.432794105,620306.080282283,-110.936188,30U,-5.527,1.554,0.004,0.022012583389532634,-0.010711927187583915,-1.8350600546588802
1417778051968503,51.7587417178,-1.2568480045,110.934586,5735642.883447851,620306.2494267947,-110.934586,30U,-5.542,1.56,0.022,0.020977866342241854,-0.010473771223637489,-1.8356546288367608
1417778052075200,51.758736729,-1.2568457541,110.932747,5735642.332374179,620306.4179911705,-110.932747,30U,-5.558,1.553,0.011,0.02037228444258243,-0.010243912038337584,-1.8370929449169384
1417778052181897,51.7587317281,-1.2568434868,110.931778,5735641.779982796,620306.5877540383,-110.931778,30U,-5.569,1.583,0.008,0.021975751093717227,-0.009840560716540433,-1.8385655586542338
1417778052287641,51.7587267171,-1.2568411789,110.930389,5735641.226535206,620306.7603456563,-110.930389,30U,-5.58,1.607,0.014,0.02301423277257133,-0.00981943171000124,-1.839318242680291
1417778052379096,51.7587216934,-1.2568388536,110.929138,5735640.6717040045,620306.9341718673,-110.929138,30U,-5.595,1.608,0.015,0.024800533537999103,-0.010285223489549442,-1.8403630663568122
1417778052470551,51.7587166555,-1.2568365229,110.928108,5735640.115302588,620307.108408522,-110.928108,30U,-5.611,1.615,0.006,0.025874614512601226,-0.010761015855613256,-1.8419065353479236
1417778052575343,51.7587116056,-1.2568341739,110.927811,5735639.557596888,620307.28394002,-110.927811,30U,-5.625,1.634,0.008,0.02761510340981975,-0.011505143399776697,-1.8430603554296439
1417778052682040,51.7587065457,-1.2568317972,110.927345,5735638.9988248255,620307.4614097564,-110.927345,30U,-5.637,1.644,0.004,0.028570199999220457,-0.012170299999859226,-1.8440826071643746
1417778052788737,51.7587014734,-1.256829416,110.925934,5735638.438681235,620307.6392230414,-110.925934,30U,-5.648,1.659,0.016,0.031987540715481995,-0.012632326599810721,-1.8455865543788517
1417778052893529,51.7586963909,-1.2568269999,110.924088,5735637.877460916,620307.8194719801,-110.924088,30U,-5.663,1.679,0.028,0.0356827564503802,-0.013304116798445011,-1.846828120016051
1417778052984984,51.758691297,-1.2568245671,110.921051,5735637.315000398,620308.0009037523,-110.921051,30U,-5.674,1.681,0.027,0.03896449701657788,-0.014195649442456541,-1.8481625974705822
1417778053076438,51.7586861905,-1.2568221355,110.918243,5735636.75113671,620308.182286241,-110.918243,30U,-5.689,1.681,0.026,0.04217117013737989,-0.014825212921765933,-1.8502329388117438
1417778053182039,51.7586810795,-1.2568196788,110.915321,5735636.1868140055,620308.3654129187,-110.915321,30U,-5.682,1.712,0.039,0.045379611629270684,-0.01416621478227158,-1.8520125991788168
1417778053287639,51.758675969,-1.2568171966,110.910576,5735635.622588974,620308.550298102,-110.910576,30U,-5.688,1.715,0.051,0.04378061865843448,-0.00954668840093374,-1.8528258806699844
1417778053379079,51.7586708503,-1.2568147304,110.905823,5735635.057425663,620308.7341009337,-110.905823,30U,-5.698,1.702,0.044,0.04260071997000553,-0.004027911014759919,-1.8541132151582629
1417778053470518,51.7586657276,-1.2568122439,110.90332,5735634.491851023,620308.9193153717,-110.90332,30U,-5.697,1.738,0.026,0.04366582408445546,-0.0020297510844310297,-1.8554781781566656
1417778053575267,51.7586606058,-1.2568097017,110.899406,5735633.926468356,620309.1083714049,-110.899406,30U,-5.695,1.769,0.034,0.04635589126234957,-0.0015683948898798342,-1.8559367419151707
