timestamp,latitude,longitude,altitude,northing,easting,down,utm_zone,velocity_north,velocity_east,velocity_down,roll,pitch,yaw
1426256275413471,51.7605957482,-1.2613251813,110.897591,5735841.687547928,619992.356864304,-110.897591,30U,-0.019,-0.018,-0.008,-0.0007384000001315981,0.0020642999991473047,1.161903699999397
1426256275519849,51.7605957482,-1.2613251813,110.897591,5735841.687547928,619992.356864304,-110.897591,30U,-0.019,-0.017,-0.009,-0.0007323365168706594,0.002064074577657105,1.1618979047749876
1426256275624357,51.7605957482,-1.2613251813,110.897591,5735841.687547928,619992.356864304,-110.897591,30U,-0.019,-0.017,-0.008,-0.0007311838403461187,0.0020691446771036737,1.1618900659689912
1426256275715779,51.7605957482,-1.2613251813,110.897591,5735841.687547928,619992.356864304,-110.897591,30U,-0.018,-0.017,-0.008,-0.0007228390948157637,0.0020722192246793772,1.1618822298054237
1426256275807201,51.7605957482,-1.2613251813,110.897591,5735841.687547928,619992.356864304,-110.897591,30U,-0.018,-0.017,-0.009,-0.0007113906250405993,0.002076862498621383,1.161873220311105
1426256275913175,51.7605957482,-1.2613251813,110.897591,5735841.687547928,619992.356864304,-110.897591,30U,-0.017,-0.016,-0.009,-0.000709310316490599,0.0020723567758230564,1.161871753876741
1426256276019143,51.7605957482,-1.2613251813,110.897591,5735841.687547928,619992.356864304,-110.897591,30U,-0.017,-0.015,-0.008,-0.0007145353243802577,0.00206913880581607,1.1618605731369824
1426256276110461,51.7605957482,-1.2613251813,110.897591,5735841.687547928,619992.356864304,-110.897591,30U,-0.016,-0.015,-0.008,-0.0007123065755773752,0.0020840114824292825,1.1618546999993298
1426256276201779,51.7605957482,-1.2613251813,110.897591,5735841.687547928,619992.356864304,-110.897591,30U,-0.016,-0.015,-0.009,-0.0007088954534727291,0.0020777909073183593,1.1618472551944308
1426256276306661,51.7605957482,-1.2613251813,110.897591,5735841.687547928,619992.356864304,-110.897591,30U,-0.016,-0.015,-0.008,-0.0006973465749056976,0.0020769478120605494,1.1618394450048533
1426256276413479,51.7605957482,-1.2613251813,110.897591,5735841.687547928,619992.356864304,-110.897591,30U,-0.016,-0.014,-0.007,-0.0006809000005156094,0.002088499999771843,1.1618413000001233
1426256276520065,51.7605957482,-1.2613251813,110.897591,5735841.687547928,619992.356864304,-110.897591,30U,-0.015,-0.014,-0.007,-0.0006929641299484269,0.002094556519169066,1.161831274453654
1426256276624731,51.7605957482,-1.2613251813,110.897591,5735841.687547928,619992.356864304,-110.897591,30U,-0.016,-0.014,-0.007,-0.0006943863900292309,0.002078121298145762,1.1618270999995837
1426256276715960,51.7605957482,-1.2613251813,110.897591,5735841.687547928,619992.356864304,-110.897591,30U,-0.016,-0.013,-0.006,-0.0006797205838015988,0.00208637811747906,1.1618309411690708
1426256276807188,51.7605957482,-1.2613251813,110.897591,5735841.687547928,619992.356864304,-110.897591,30U,-0.015,-0.012,-0.007,-0.0006756999997034733,0.0020981674954356996,1.1618032137655254
1426256276913171,51.7605956799,-1.2613252759,110.900879,5735841.67979689,619992.3505171647,-110.900879,30U,-0.015,-0.012,-0.006,-0.0006811174283978352,0.002094424519917738,1.161804748375941
1426256277019158,51.7605956792,-1.2613252748,110.900803,5735841.679720854,619992.3505949295,-110.900803,30U,-0.015,-0.011,-0.005,-0.0006768357657328916,0.00209867891006779,1.1618090871702136
1426256277110460,51.7605956786,-1.2613252723,110.900681,5735841.679658243,619992.3507690424,-110.900681,30U,-0.015,-0.011,-0.005,-0.000660125561104619,0.002101395740195992,1.1617875734302754
1426256277201760,51.7605956787,-1.2613252702,110.900581,5735841.67967282,619992.3509136952,-110.900581,30U,-0.014,-0.011,-0.006,-0.0006488257148419082,0.00210812545577499,1.1617907997394654
1426256277306510,51.7605956795,-1.2613252663,110.900497,5735841.679768201,619992.3511807082,-110.900497,30U,-0.014,-0.01,-0.005,-0.0006615596806976902,0.002093410940898593,1.1617793000006438
1426256277413181,51.7605956807,-1.2613252612,110.90033,5735841.6799100395,619992.3515294709,-110.90033,30U,-0.014,-0.01,-0.005,-0.0006701999994821997,0.002104500000256882,1.1617657000006676
1426256277519854,51.7605956678,-1.2613252757,110.900826,5735841.678451621,619992.3505630469,-110.900826,30U,-0.014,-0.01,-0.005,-0.0006612019649955184,0.0021072157133743634,1.1617686058918417
1426256277624604,51.7605956552,-1.2613252889,110.901329,5735841.6770287035,619992.3496855388,-110.901329,30U,-0.014,-0.008,-0.005,-0.0006425212120832448,0.0021009106067317786,1.1617574144619416
1426256277715897,51.7605956427,-1.261325301,110.90181,5735841.6756187165,619992.3488836745,-110.90181,30U,-0.014,-0.008,-0.005,-0.0006524999994364992,0.002110199999502471,1.1617526999995098
1426256277807190,51.7605956305,-1.2613253122,110.90226,5735841.674243572,619992.3481431229,-110.90226,30U,-0.013,-0.008,-0.004,-0.00065399480936365,0.002120508305018502,1.1617473781991507
1426256277913137,51.7605956185,-1.2613253233,110.90271,5735841.672890834,619992.3474089429,-110.90271,30U,-0.013,-0.008,-0.005,-0.0006409389279993132,0.002116855213957018,1.16173624910543
1426256278020037,51.7605956062,-1.2613253345,110.903145,5735841.671504567,619992.3466686556,-110.903145,30U,-0.013,-0.007,-0.004,-0.000626212143458275,0.00212128196409735,1.161736066786591
1426256278126603,51.7605955942,-1.2613253443,110.903557,5735841.670153967,619992.3460241868,-110.903557,30U,-0.013,-0.006,-0.004,-0.0006332040354161901,0.00212692824908988,1.1617259717498376
1426256278228207,51.7605955826,-1.2613253543,110.903961,5735841.66884752,619992.3453648542,-110.903961,30U,-0.013,-0.007,-0.004,-0.0006438999995030401,0.002127125178080041,1.1617212352491335
1426256278308313,51.7605955712,-1.2613253635,110.904312,5735841.6675646305,619992.3447601993,-110.904312,30U,-0.013,-0.006,-0.003,-0.0006390396205647203,0.00213087245408928,1.1617129852802177
1426256278388420,51.7605955598,-1.2613253724,110.904625,5735841.666282235,619992.3441762467,-110.904625,30U,-0.013,-0.006,-0.003,-0.0006233999991542917,0.0021374999998391947,1.1617094000004338
1426256278486639,51.7605955598,-1.2613253724,110.904625,5735841.666282235,619992.3441762467,-110.904625,30U,-0.012,-0.005,-0.002,-0.0006183437506406667,0.0021396366057295476,1.1617027910738562
1426256278593090,51.7605955598,-1.2613253724,110.904625,5735841.666282235,619992.3441762467,-110.904625,30U,-0.012,-0.004,-0.002,-0.0006256987827840688,0.002138909035560256,1.1616906650742467
1426256278699595,51.7605955598,-1.2613253724,110.904625,5735841.666282235,619992.3441762467,-110.904625,30U,-0.011,-0.004,-0.002,-0.0006224200718284547,0.0021396197161783754,1.1616884996442436
1426256278806112,51.7605955598,-1.2613253724,110.904625,5735841.666282235,619992.3441762467,-110.904625,30U,-0.011,-0.004,-0.002,-0.0006185454723049538,0.0021385558489874935,1.161674878585125
1426256278912770,51.7605955598,-1.2613253724,110.904625,5735841.666282235,619992.3441762467,-110.904625,30U,-0.01,-0.004,-0.002,-0.0006073759288335386,0.002137279645039813,1.161668252746307
1426256279019446,51.7605955598,-1.2613253724,110.904625,5735841.666282235,619992.3441762467,-110.904625,30U,-0.01,-0.004,-0.002,-0.0006066653616618202,0.0021378957165951703,1.161666561077203
1426256279126251,51.7605955598,-1.2613253724,110.904625,5735841.666282235,619992.3441762467,-110.904625,30U,-0.01,-0.004,-0.003,-0.0006162859638193342,0.002128059644814851,1.1616591859650462
1426256279230202,51.7605955598,-1.2613253724,110.904625,5735841.666282235,619992.3441762467,-110.904625,30U,-0.01,-0.003,-0.001,-0.0005895909207812905,0.0021483360283438466,1.1616440744680505
1426256279321778,51.7605955598,-1.2613253724,110.904625,5735841.666282235,619992.3441762467,-110.904625,30U,-0.01,-0.003,-0.003,-0.0006226150931737433,0.0021547905630956697,1.1616318481137544
1426256279413355,51.7605955598,-1.2613253724,110.904625,5735841.666282235,619992.3441762467,-110.904625,30U,-0.009,-0.004,-0.003,-0.0006030999995751878,0.0021303000000572597,1.1616382000004568
1426256279519740,51.7605955598,-1.2613253724,110.904625,5735841.666282235,619992.3441762467,-110.904625,30U,-0.01,-0.002,-0.002,-0.000620223569728832,0.0021371430398645893,1.1616114942794944
1426256279624265,51.7605955598,-1.2613253724,110.904625,5735841.666282235,619992.3441762467,-110.904625,30U,-0.011,-0.003,-0.002,-0.0006171845727646622,0.002148571075324871,1.1616061009642689
1426256279715778,51.7605955598,-1.2613253724,110.904625,5735841.666282235,619992.3441762467,-110.904625,30U,-0.01,-0.003,-0.001,-0.0005854999999143096,0.002171499999779072,1.1616051000004897
1426256279807291,51.7605955598,-1.2613253724,110.904625,5735841.666282235,619992.3441762467,-110.904625,30U,-0.009,-0.003,-0.002,-0.0005555083056812702,0.0021526460177025497,1.1615953854664571
1426256279898598,51.7605955598,-1.2613253724,110.904625,5735841.666282235,619992.3441762467,-110.904625,30U,-0.01,-0.001,-0.001,-0.0005520491067370489,0.002147048610655722,1.1615920572492373
1426256279989892,51.7605955598,-1.2613253724,110.904625,5735841.666282235,619992.3441762467,-110.904625,30U,-0.011,-0.001,-0.001,-0.0005634001784133055,0.0022073332132800977,1.1615748121430811
1426256280092810,51.7605955598,-1.2613253724,110.904625,5735841.666282235,619992.3441762467,-110.904625,30U,-0.011,-0.002,-0.002,-0.0005428022511308863,0.0021949322859161936,1.1615676313925356
1426256280199602,51.7605955598,-1.2613253724,110.904625,5735841.666282235,619992.3441762467,-110.904625,30U,-0.01,-0.002,-0.001,-0.0004962690715030353,0.002228309356902083,1.1615513841801248
1426256280306292,51.7605955598,-1.2613253724,110.904625,5735841.666282235,619992.3441762467,-110.904625,30U,-0.009,-0.001,-0.001,-0.0005010999997555571,0.0022028913171725168,1.1615557362266824
1426256280412966,51.7605955598,-1.2613253724,110.904625,5735841.666282235,619992.3441762467,-110.904625,30U,-0.01,-0.001,-0.001,-0.0004811999999704129,0.002212400000091746,1.1615454999997739
1426256280519585,51.7605955598,-1.2613253724,110.904625,5735841.666282235,619992.3441762467,-110.904625,30U,-0.01,-0.001,-0.001,-0.0004711464339853568,0.0022310758940073823,1.1615265794665475
1426256280626201,51.7605955598,-1.2613253724,110.904625,5735841.666282235,619992.3441762467,-110.904625,30U,-0.009,-0.002,-0.001,-0.00046090903596084657,0.0022229090359250493,1.1615238819292888
1426256280732806,51.7605955598,-1.2613253724,110.904625,5735841.666282235,619992.3441762467,-110.904625,30U,-0.009,-0.002,-0.001,-0.0004720802846189411,0.0022128698933409313,1.1615217996450262
1426256280835605,51.7605955598,-1.2613253724,110.904625,5735841.666282235,619992.3441762467,-110.904625,30U,-0.009,-0.002,0.0,-0.0004846986782623145,0.002216032452634825,1.1615096668875016
1426256280926989,51.7605955598,-1.2613253724,110.904625,5735841.666282235,619992.3441762467,-110.904625,30U,-0.009,-0.003,-0.0,-0.0004849472550357005,0.002229203715970682,1.1614949518577533
1426256281018376,51.7605955598,-1.2613253724,110.904625,5735841.666282235,619992.3441762467,-110.904625,30U,-0.008,-0.003,-0.001,-0.00046137839688461,0.002224021971302522,1.1614971130361342
1426256281109812,51.7605955598,-1.2613253724,110.904625,5735841.666282235,619992.3441762467,-110.904625,30U,-0.008,-0.002,-0.0,-0.00046366842594285925,0.0022227666746539518,1.161492329823438
1426256281201249,51.7605955598,-1.2613253724,110.904625,5735841.666282235,619992.3441762467,-110.904625,30U,-0.008,-0.002,-0.001,-0.0004710811342367227,0.0022386405663738875,1.1614844744682302
1426256281306261,51.7605955598,-1.2613253724,110.904625,5735841.666282235,619992.3441762467,-110.904625,30U,-0.008,-0.002,-0.001,-0.0005034952808943477,0.002230907546529052,1.161475604718934
1426256281413213,51.7605955598,-1.2613253724,110.904625,5735841.666282235,619992.3441762467,-110.904625,30U,-0.008,-0.003,-0.001,-0.00047350000000969566,0.0022321000008525753,1.1614819999997577
1426256281504430,51.7605955598,-1.2613253724,110.904625,5735841.666282235,619992.3441762467,-110.904625,30U,-0.008,-0.002,-0.001,-0.0004443570279759747,0.0022502508368973584,1.1614676000001938
1426256281595647,51.7605955598,-1.2613253724,110.904625,5735841.666282235,619992.3441762467,-110.904625,30U,-0.008,-0.002,-0.001,-0.0004596768596888774,0.00226098746541045,1.1614740942150061
1426256281699505,51.7605955598,-1.2613253724,110.904625,5735841.666282235,619992.3441762467,-110.904625,30U,-0.007,-0.001,-0.001,-0.00048270000050675915,0.002230799999340544,1.1614361999997875
1426256281806280,51.7605955598,-1.2613253724,110.904625,5735841.666282235,619992.3441762467,-110.904625,30U,-0.009,-0.003,0.0,-0.0004971647832018051,0.00224636111060523,1.161443255931366
1426256281912835,51.7605955598,-1.2613253724,110.904625,5735841.666282235,619992.3441762467,-110.904625,30U,-0.008,-0.003,-0.0,-0.0004252473185121214,0.002269547069698372,1.1614686613209493
1426256282019382,51.7605955598,-1.2613253724,110.904625,5735841.666282235,619992.3441762467,-110.904625,30U,-0.007,-0.001,-0.001,-0.00040036089036474926,0.0022552637488856557,1.1614256300030938
1426256282126036,51.7605955598,-1.2613253724,110.904625,5735841.666282235,619992.3441762467,-110.904625,30U,-0.006,-0.001,0.0,-0.00046787846378595937,0.002269292820604917,1.1614276807143504
1426256282232690,51.7605955598,-1.2613253724,110.904625,5735841.666282235,619992.3441762467,-110.904625,30U,-0.007,-0.002,0.0,-0.0005062848929976879,0.0022699604282424264,1.161423464037275
1426256282339345,51.7605955598,-1.2613253724,110.904625,5735841.666282235,619992.3441762467,-110.904625,30U,-0.006,-0.003,-0.001,-0.00043887668016207845,0.0022799181075837077,1.1614042241419569
1426256282437688,51.7605955598,-1.2613253724,110.904625,5735841.666282235,619992.3441762467,-110.904625,30U,-0.006,-0.002,0.0,-0.0004171999997755865,0.0022762999999017502,1.1614183000007174
1426256282517739,51.7605955598,-1.2613253724,110.904625,5735841.666282235,619992.3441762467,-110.904625,30U,-0.005,-0.0,0.0,-0.0004502142674245343,0.002288180354890979,1.1613938437525972
1426256282597791,51.7605955598,-1.2613253724,110.904625,5735841.666282235,619992.3441762467,-110.904625,30U,-0.005,-0.002,-0.0,-0.0004900728926043969,0.002274909644439673,1.1613885716766685
1426256282699526,51.7605955598,-1.2613253724,110.904625,5735841.666282235,619992.3441762467,-110.904625,30U,-0.005,-0.002,0.0,-0.000460988542689592,0.0022767204270292755,1.1613941896087872
1426256282806265,51.7605955598,-1.2613253724,110.904625,5735841.666282235,619992.3441762467,-110.904625,30U,-0.005,-0.002,0.001,-0.00043299032513093716,0.002290065533885277,1.1613799006802317
1426256282912831,51.7605955598,-1.2613253724,110.904625,5735841.666282235,619992.3441762467,-110.904625,30U,-0.004,-0.001,0.001,-0.0004315731003250252,0.0022971676102242003,1.1613715713250148
1426256283018436,51.7605955598,-1.2613253724,110.904625,5735841.666282235,619992.3441762467,-110.904625,30U,-0.004,-0.001,0.002,-0.00044607821234309697,0.002291169644878052,1.16136338714803
1426256283109820,51.7605955598,-1.2613253724,110.904625,5735841.666282235,619992.3441762467,-110.904625,30U,-0.005,-0.001,0.002,-0.0004560912203669952,0.002291210532706439,1.1613506017525574
1426256283201203,51.7605955598,-1.2613253724,110.904625,5735841.666282235,619992.3441762467,-110.904625,30U,-0.005,-0.002,0.002,-0.0004309443978218718,0.0023083307797531873,1.1613524706371576
1426256283306203,51.7605955598,-1.2613253724,110.904625,5735841.666282235,619992.3441762467,-110.904625,30U,-0.004,-0.001,0.001,-0.0004168405317628458,0.0023031556812988184,1.1613519236108276
1426256283413148,51.7605955598,-1.2613253724,110.904625,5735841.666282235,619992.3441762467,-110.904625,30U,-0.004,-0.001,0.002,-0.0004315000006999639,0.002297300000429281,1.1613395999998042
1426256283519786,51.7605955598,-1.2613253724,110.904625,5735841.666282235,619992.3441762467,-110.904625,30U,-0.005,-0.0,0.002,-0.00045076661002758375,0.002308001964958099,1.1613333294628978
1426256283624514,51.7605955598,-1.2613253724,110.904625,5735841.666282235,619992.3441762467,-110.904625,30U,-0.004,-0.001,0.001,-0.00044692121160779793,0.002309022176228401,1.161316018318719
1426256283715876,51.7605955598,-1.2613253724,110.904625,5735841.666282235,619992.3441762467,-110.904625,30U,-0.004,-0.0,0.002,-0.0004212999998453362,0.002310100000817312,1.161319000000816
1426256283807238,51.7605955598,-1.2613253724,110.904625,5735841.666282235,619992.3441762467,-110.904625,30U,-0.004,0.0,0.002,-0.00042169169536271497,0.00231860830464253,1.1613082865048967
1426256283913024,51.7605955598,-1.2613253724,110.904625,5735841.666282235,619992.3441762467,-110.904625,30U,-0.003,0.001,0.001,-0.0004199122152532469,0.0023175183220900497,1.1612939633556707
1426256284018809,51.7605955598,-1.2613253724,110.904625,5735841.666282235,619992.3441762467,-110.904625,30U,-0.003,0.001,0.002,-0.00041204232145248203,0.0023160787500883955,1.1612904000007127
1426256284110159,51.7605955598,-1.2613253724,110.904625,5735841.666282235,619992.3441762467,-110.904625,30U,-0.003,0.001,0.002,-0.00041705650054981683,0.002319708963374044,1.1612825677135212
1426256284201508,51.7605955598,-1.2613253724,110.904625,5735841.666282235,619992.3441762467,-110.904625,30U,-0.003,-0.0,0.002,-0.00041317482197086977,0.0023325302148910474,1.1612763949639224
1426256284306330,51.7605955598,-1.2613253724,110.904625,5735841.666282235,619992.3441762467,-110.904625,30U,-0.003,0.0,0.002,-0.00041463358386764995,0.0023234335832642626,1.1612692188629339
1426256284413077,51.7605955598,-1.2613253724,110.904625,5735841.666282235,619992.3441762467,-110.904625,30U,-0.003,0.0,0.003,-0.0004159000000088848,0.0023218000004629562,1.1612572000003605
1426256284519797,51.7605955598,-1.2613253724,110.904625,5735841.666282235,619992.3441762467,-110.904625,30U,-0.004,0.001,0.003,-0.00041472410711463394,0.002328700000835754,1.1612492473238483
1426256284624607,51.7605955598,-1.2613253724,110.904625,5735841.666282235,619992.3441762467,-110.904625,30U,-0.004,0.001,0.003,-0.0004228819296274296,0.0023257548223001964,1.1612430090353905
1426256284716043,51.7605955598,-1.2613253724,110.904625,5735841.666282235,619992.3441762467,-110.904625,30U,-0.004,-0.0,0.003,-0.00041738925280769725,0.002321700000078135,1.1612411799285889
1426256284807478,51.7605955598,-1.2613253724,110.904625,5735841.666282235,619992.3441762467,-110.904625,30U,-0.003,0.0,0.003,-0.00040643377396903913,0.002326543489465283,1.161239566225088
1426256284913198,51.7605955598,-1.2613253724,110.904625,5735841.666282235,619992.3441762467,-110.904625,30U,-0.003,0.001,0.002,-0.0004086684970339511,0.0023257037155690395,1.1612288676098461
1426256285018916,51.7605955598,-1.2613253724,110.904625,5735841.666282235,619992.3441762467,-110.904625,30U,-0.003,0.001,0.002,-0.0004092260703887687,0.002327586964229185,1.161226552142614
1426256285110318,51.7605955598,-1.2613253724,110.904625,5735841.666282235,619992.3441762467,-110.904625,30U,-0.003,0.001,0.002,-0.00041027718445880675,0.00232378771580548,1.161219728071045
1426256285201720,51.7605955598,-1.2613253724,110.904625,5735841.666282235,619992.3441762467,-110.904625,30U,-0.003,0.001,0.002,-0.0004048563104845016,0.002331654893873929,1.1612184692209058
1426256285306503,51.7605955598,-1.2613253724,110.904625,5735841.666282235,619992.3441762467,-110.904625,30U,-0.003,0.001,0.002,-0.0004037396226491368,0.002332783961329678,1.1612198754710816
1426256285413198,51.7605955598,-1.2613253724,110.904625,5735841.666282235,619992.3441762467,-110.904625,30U,-0.002,0.001,0.002,-0.00040750000084507015,0.0023317000001631177,1.1612120999995932
1426256285519818,51.7605955598,-1.2613253724,110.904625,5735841.666282235,619992.3441762467,-110.904625,30U,-0.002,0.002,0.002,-0.00040134864374695217,0.002330531526663517,1.161210182881074
1426256285624540,51.7605955598,-1.2613253724,110.904625,5735841.666282235,619992.3441762467,-110.904625,30U,-0.002,0.002,0.002,-0.0004057144068472323,0.002329622539990457,1.1612069432236054
1426256285715975,51.7605955598,-1.2613253724,110.904625,5735841.666282235,619992.3441762467,-110.904625,30U,-0.001,0.002,0.002,-0.0003932855926125398,0.0023380594877745356,1.1611974027111167
1426256285807410,51.7605955598,-1.2613253724,110.904625,5735841.666282235,619992.3441762467,-110.904625,30U,-0.001,0.002,0.001,-0.0003897116714312555,0.0023305747043638816,1.1611985774294045
1426256285913115,51.7605955598,-1.2613253724,110.904625,5735841.666282235,619992.3441762467,-110.904625,30U,-0.001,0.002,0.002,-0.0003977081330187166,0.0023285054210587662,1.1611940432228327
1426256286019773,51.7605955598,-1.2613253724,110.904625,5735841.666282235,619992.3441762467,-110.904625,30U,-0.001,0.002,0.001,-0.00040579186805009433,0.0023420918668077464,1.161183974748245
1426256286126450,51.7605955598,-1.2613253724,110.904625,5735841.666282235,619992.3441762467,-110.904625,30U,-0.001,0.002,0.001,-0.00039580627565808643,0.0023481630522066738,1.1611820459342743
1426256286228121,51.7605955598,-1.2613253724,110.904625,5735841.666282235,619992.3441762467,-110.904625,30U,-0.001,0.003,0.001,-0.0003792513547186929,0.0023405486449378033,1.1611801828808186
1426256286308092,51.7605955598,-1.2613253724,110.904625,5735841.666282235,619992.3441762467,-110.904625,30U,-0.001,0.003,0.002,-0.00038570000072962,0.002348164987776814,1.1611748198453107
1426256286388062,51.7605955598,-1.2613253724,110.904625,5735841.666282235,619992.3441762467,-110.904625,30U,-0.001,0.003,0.002,-0.00038629999954789513,0.002361200000239285,1.1611711000006413
1426256286486439,51.7605955598,-1.2613253724,110.904625,5735841.666282235,619992.3441762467,-110.904625,30U,-0.001,0.002,0.002,-0.0003810062745549269,0.0023516918670987695,1.1611667116966136
1426256286593182,51.7605955598,-1.2613253724,110.904625,5735841.666282235,619992.3441762467,-110.904625,30U,-0.001,0.003,0.002,-0.00036592881496991936,0.002351828816103856,1.1611606081318664
1426256286699811,51.7605955598,-1.2613253724,110.904625,5735841.666282235,619992.3441762467,-110.904625,30U,-0.0,0.003,0.003,-0.00037276305308183116,0.0023562883033849684,1.1611586945790544
1426256286806414,51.7605955598,-1.2613253724,110.904625,5735841.666282235,619992.3441762467,-110.904625,30U,-0.0,0.003,0.002,-0.00037320817487294277,0.002366814396321051,1.1611578287910256
1426256286913067,51.7605955598,-1.2613253724,110.904625,5735841.666282235,619992.3441762467,-110.904625,30U,-0.0,0.002,0.002,-0.0003651233943893431,0.002359902710968912,1.161154656777283
1426256287019726,51.7605955598,-1.2613253724,110.904625,5735841.666282235,619992.3441762467,-110.904625,30U,-0.0,0.003,0.003,-0.0003671135549381486,0.0023645567762816825,1.1611456116974466
1426256287126410,51.7605955598,-1.2613253724,110.904625,5735841.666282235,619992.3441762467,-110.904625,30U,-0.0,0.003,0.003,-0.0003636684739622466,0.0023852315259764575,1.161132786445635
1426256287230242,51.7605955598,-1.2613253724,110.904625,5735841.666282235,619992.3441762467,-110.904625,30U,0.0,0.002,0.003,-0.00037717203751570766,0.0023736883040215316,1.1611290657632074
1426256287321715,51.7605955598,-1.2613253724,110.904625,5735841.666282235,619992.3441762467,-110.904625,30U,-0.0,0.002,0.002,-0.00035098015370239205,0.0023778486366328646,1.1611271568128287
1426256287413188,51.7605955598,-1.2613253724,110.904625,5735841.666282235,619992.3441762467,-110.904625,30U,0.001,0.002,0.003,-0.0003532999999655824,0.0023746999998304134,1.1611171999991707
1426256287519815,51.7605955598,-1.2613253724,110.904625,5735841.666282235,619992.3441762467,-110.904625,30U,0.0,0.002,0.003,-0.00035529643497304885,0.002384900000685041,1.1611028657636133
1426256287624535,51.7605955598,-1.2613253724,110.904625,5735841.666282235,619992.3441762467,-110.904625,30U,-0.0,0.001,0.003,-0.0003629747492178101,0.0023677801707719837,1.1611027027114638
1426256287715906,51.7605955598,-1.2613253724,110.904625,5735841.666282235,619992.3441762467,-110.904625,30U,-0.0,0.001,0.003,-0.00036359999945970314,0.0023793766060704736,1.1610952062744895
1426256287807276,51.7605955598,-1.2613253724,110.904625,5735841.666282235,619992.3441762467,-110.904625,30U,-0.0,0.001,0.003,-0.0003546774295192196,0.002377380153609715,1.1610850198453153
1426256287898677,51.7605955598,-1.2613253724,110.904625,5735841.666282235,619992.3441762467,-110.904625,30U,0.0,0.001,0.002,-0.00034816847365598975,0.0023771910140240053,1.1610832693271993
1426256287990081,51.7605955598,-1.2613253724,110.904625,5735841.666282235,619992.3441762467,-110.904625,30U,0.0,0.001,0.002,-0.00034794864420071333,0.0023761603412501666,1.1610712540669856
1426256288092809,51.7605955598,-1.2613253724,110.904625,5735841.666282235,619992.3441762467,-110.904625,30U,0.001,0.001,0.003,-0.0003599396583005063,0.0023808000006152914,1.1610704513551562
1426256288199312,51.7605955598,-1.2613253724,110.904625,5735841.666282235,619992.3441762467,-110.904625,30U,0.001,0.0,0.003,-0.0003439486445157859,0.002377651355086194,1.1610636027110965
1426256288305841,51.7605955598,-1.2613253724,110.904625,5735841.666282235,619992.3441762467,-110.904625,30U,0.001,0.0,0.003,-0.00035237120904149953,0.0023797937799042734,1.1610609260671743
1426256288412373,51.7605955598,-1.2613253724,110.904625,5735841.666282235,619992.3441762467,-110.904625,30U,0.001,0.001,0.003,-0.00034850000069273527,0.0023899999993670256,1.1610532000007212
1426256288519303,51.7605955598,-1.2613253724,110.904625,5735841.666282235,619992.3441762467,-110.904625,30U,0.001,0.0,0.003,-0.0003516972885480855,0.0023902711851355417,1.1610479945789165
1426256288626207,51.7605955598,-1.2613253724,110.904625,5735841.666282235,619992.3441762467,-110.904625,30U,0.0,0.001,0.003,-0.0003400062756027594,0.0023930684731969325,1.161046180171278
1426256288732926,51.7605955598,-1.2613253724,110.904625,5735841.666282235,619992.3441762467,-110.904625,30U,0.0,0.001,0.004,-0.0003268027114584358,0.0023993252516725295,1.161040491867484
1426256288835835,51.7605955598,-1.2613253724,110.904625,5735841.666282235,619992.3441762467,-110.904625,30U,0.001,0.001,0.003,-0.0003360568136716526,0.0024058945505493175,1.1610368062207956
1426256288927311,51.7605955598,-1.2613253724,110.904625,5735841.666282235,619992.3441762467,-110.904625,30U,0.001,0.001,0.003,-0.00034277118431586673,0.0023941315253190537,1.1610259684731417
1426256289018784,51.7605955598,-1.2613253724,110.904625,5735841.666282235,619992.3441762467,-110.904625,30U,0.001,0.001,0.004,-0.0003395486450368987,0.0024038766061041496,1.1610191432234753
1426256289110215,51.7605955598,-1.2613253724,110.904625,5735841.666282235,619992.3441762467,-110.904625,30U,0.001,0.0,0.003,-0.00031874864527901267,0.0024007459339756895,1.1610206801708869
1426256289201646,51.7605955598,-1.2613253724,110.904625,5735841.666282235,619992.3441762467,-110.904625,30U,0.001,0.001,0.004,-0.0003197684743222088,0.0023980054214748667,1.161004080169838
1426256289306452,51.7605955598,-1.2613253724,110.904625,5735841.666282235,619992.3441762467,-110.904625,30U,0.001,0.001,0.005,-0.00033237393333049564,0.002403368483163029,1.1610004171216735
1426256289413168,51.7605955598,-1.2613253724,110.904625,5735841.666282235,619992.3441762467,-110.904625,30U,0.001,0.0,0.005,-0.00033549999953505965,0.002408400000361153,1.1609951000005416
1426256289504628,51.7605955598,-1.2613253724,110.904625,5735841.666282235,619992.3441762467,-110.904625,30U,0.001,0.0,0.004,-0.00032545677637115086,0.0024110486439661385,1.1609918657623206
1426256289596087,51.7605955598,-1.2613253724,110.904625,5735841.666282235,619992.3441762467,-110.904625,30U,0.001,0.001,0.005,-0.000324971183885344,0.0023943972883495846,1.1609770054216948
1426256289699775,51.7605955598,-1.2613253724,110.904625,5735841.666282235,619992.3441762467,-110.904625,30U,0.001,0.0,0.006,-0.0003478116969409556,0.002409164910104461,1.1609764828823341
1426256289806286,51.7605955598,-1.2613253724,110.904625,5735841.666282235,619992.3441762467,-110.904625,30U,0.003,0.001,0.006,-0.0003469630323375026,0.0024100233415704085,1.160970089099003
1426256289913053,51.7605955598,-1.2613253724,110.904625,5735841.666282235,619992.3441762467,-110.904625,30U,0.003,0.001,0.005,-0.00033317203749084757,0.0023979513546652986,1.1609602000006292
1426256290019833,51.7605955598,-1.2613253724,110.904625,5735841.666282235,619992.3441762467,-110.904625,30U,0.002,0.002,0.006,-0.00033476219824569336,0.00240009372537817,1.1609617315253025
1426256290126565,51.7605955598,-1.2613253724,110.904625,5735841.666282235,619992.3441762467,-110.904625,30U,0.003,0.002,0.005,-0.0003397152611486111,0.002415019830010445,1.1609473837355178
1426256290233200,51.7605955598,-1.2613253724,110.904625,5735841.666282235,619992.3441762467,-110.904625,30U,0.003,0.002,0.005,-0.00033353965793652443,0.002388291868317379,1.1609352801703705
1426256290339415,51.7605955598,-1.2613253724,110.904625,5735841.666282235,619992.3441762467,-110.904625,30U,0.002,0.002,0.005,-0.00033108287837621043,0.002393776657994222,1.1609317856040742
1426256290437498,51.7605955598,-1.2613253724,110.904625,5735841.666282235,619992.3441762467,-110.904625,30U,0.002,0.003,0.005,-0.00034219999913821277,0.0024094999993582097,1.1609150999998619
1426256290517691,51.7605955598,-1.2613253724,110.904625,5735841.666282235,619992.3441762467,-110.904625,30U,0.003,0.002,0.005,-0.00034965948749201745,0.0024034684730758755,1.160905936947985
1426256290597885,51.7605955598,-1.2613253724,110.904625,5735841.666282235,619992.3441762467,-110.904625,30U,0.002,0.002,0.006,-0.00034532610374002034,0.0024157225397098705,1.1609190162656304
1426256290699521,51.7605955598,-1.2613253724,110.904625,5735841.666282235,619992.3441762467,-110.904625,30U,0.003,0.002,0.006,-0.0003312062748996556,0.0024176179725135245,1.160915994578842
1426256290806105,51.7605955598,-1.2613253724,110.904625,5735841.666282235,619992.3441762467,-110.904625,30U,0.003,0.002,0.005,-0.00031375953783638284,0.002389663033884331,1.1609009486381578
1426256290913008,51.7605955598,-1.2613253724,110.904625,5735841.666282235,619992.3441762467,-110.904625,30U,0.003,0.002,0.006,-0.00035959999977477566,0.0024109883026979095,1.1609049801707063
1426256291018962,51.7605955598,-1.2613253724,110.904625,5735841.666282235,619992.3441762467,-110.904625,30U,0.003,0.002,0.005,-0.0003577684739470131,0.002413483734319838,1.160878837801884
1426256291110372,51.7605955598,-1.2613253724,110.904625,5735841.666282235,619992.3441762467,-110.904625,30U,0.003,0.002,0.005,-0.00035104678688257466,0.00239978288223839,1.160878356776925
1426256291201782,51.7605955598,-1.2613253724,110.904625,5735841.666282235,619992.3441762467,-110.904625,30U,0.003,0.002,0.005,-0.0003189450803409954,0.0024040459344575197,1.1608839918673755
1426256291306497,51.7605955598,-1.2613253724,110.904625,5735841.666282235,619992.3441762467,-110.904625,30U,0.003,0.003,0.005,-0.00032371712118455475,0.002411568483302528,1.160866811670014
1426256291413113,51.7605955598,-1.2613253724,110.904625,5735841.666282235,619992.3441762467,-110.904625,30U,0.003,0.003,0.004,-0.0003366000002774461,0.0024130000006096844,1.160865800000385
1426256291519857,51.7605955598,-1.2613253724,110.904625,5735841.666282235,619992.3441762467,-110.904625,30U,0.003,0.002,0.005,-0.00034403780116996555,0.0024098432235916023,1.1608513179720918
1426256291624657,51.7605955598,-1.2613253724,110.904625,5735841.666282235,619992.3441762467,-110.904625,30U,0.002,0.001,0.005,-0.00031706034116966877,0.00241586305267729,1.1608458423698282
1426256291715848,51.7605955598,-1.2613253724,110.904625,5735841.666282235,619992.3441762467,-110.904625,30U,0.002,0.002,0.005,-0.0002978828815149116,0.0024189828810751075,1.1608540062748136
1426256291807040,51.7605955598,-1.2613253724,110.904625,5735841.666282235,619992.3441762467,-110.904625,30U,0.002,0.001,0.004,-0.0003190965051068984,0.0024180034948013385,1.1608304548577377
1426256291912978,51.7605955598,-1.2613253724,110.904625,5735841.666282235,619992.3441762467,-110.904625,30U,0.002,0.0,0.004,-0.0003247171180514604,0.002410205421299293,1.160831199999882
1426256292018922,51.7605955598,-1.2613253724,110.904625,5735841.666282235,619992.3441762467,-110.904625,30U,0.002,0.0,0.004,-0.0003184630518175211,0.002432736948245449,1.1608181720385495
1426256292110198,51.7605955598,-1.2613253724,110.904625,5735841.666282235,619992.3441762467,-110.904625,30U,0.003,0.0,0.004,-0.00030109999980122297,0.002419765762473724,1.1608107315254155
1426256292201474,51.7605955598,-1.2613253724,110.904625,5735841.666282235,619992.3441762467,-110.904625,30U,0.003,0.001,0.004,-0.0003060423690718136,0.002423059488496893,1.160801548644853
1426256292306133,51.7605955598,-1.2613253724,110.904625,5735841.666282235,619992.3441762467,-110.904625,30U,0.002,0.001,0.004,-0.00031409105440115287,0.002427748636672958,1.1607876350109558
1426256292412705,51.7605955598,-1.2613253724,110.904625,5735841.666282235,619992.3441762467,-110.904625,30U,0.002,0.001,0.004,-0.0003248000002469791,0.002429300000503861,1.1607697999992204
1426256292519625,51.7605955598,-1.2613253724,110.904625,5735841.666282235,619992.3441762467,-110.904625,30U,0.002,-0.0,0.004,-0.00031355677770119087,0.0024229315261921247,1.1607656315263937
1426256292624590,51.7605955598,-1.2613253724,110.904625,5735841.666282235,619992.3441762467,-110.904625,30U,0.002,-0.001,0.003,-0.00031323152686843546,0.002418531526713237,1.1607544116964958
1426256292715867,51.7605955598,-1.2613253724,110.904625,5735841.666282235,619992.3441762467,-110.904625,30U,0.002,-0.001,0.004,-0.0003199937247701419,0.002428397290034791,1.1607577883029692
1426256292807144,51.7605955598,-1.2613253724,110.904625,5735841.666282235,619992.3441762467,-110.904625,30U,0.002,-0.0,0.004,-0.00032883151708753904,0.0024187116708719813,1.1607443747041573
1426256292912825,51.7605955598,-1.2613253724,110.904625,5735841.666282235,619992.3441762467,-110.904625,30U,0.002,-0.001,0.004,-0.00032942881588146134,0.0024143027108727145,1.1607392027106436
1426256293018529,51.7605955598,-1.2613253724,110.904625,5735841.666282235,619992.3441762467,-110.904625,30U,0.002,-0.001,0.004,-0.0003155081325994076,0.0024218225404947485,1.160733211696944
1426256293110174,51.7605955598,-1.2613253724,110.904625,5735841.666282235,619992.3441762467,-110.904625,30U,0.002,-0.002,0.004,-0.0003263233934312899,0.002419580171142384,1.1607167945784755
1426256293201819,51.7605955598,-1.2613253724,110.904625,5735841.666282235,619992.3441762467,-110.904625,30U,0.003,-0.002,0.003,-0.00032404508076830927,0.0024197828806630274,1.1607163801709885
1426256293306689,51.7605955598,-1.2613253724,110.904625,5735841.666282235,619992.3441762467,-110.904625,30U,0.002,-0.002,0.003,-0.00033525758377393316,0.002411394549025262,1.1607011116711543
1426256293413448,51.7605955598,-1.2613253724,110.904625,5735841.666282235,619992.3441762467,-110.904625,30U,0.002,-0.003,0.005,-0.0003309999996713502,0.002427799999967515,1.1606922999994345
1426256293519911,51.7605955598,-1.2613253724,110.904625,5735841.666282235,619992.3441762467,-110.904625,30U,0.002,-0.003,0.004,-0.00030603423758282863,0.002417406274547233,1.1606935999992012
1426256293624480,51.7605955598,-1.2613253724,110.904625,5735841.666282235,619992.3441762467,-110.904625,30U,0.003,-0.002,0.005,-0.00033231982986901305,0.0024135198294740986,1.1606730350900576
1426256293715805,51.7605955598,-1.2613253724,110.904625,5735841.666282235,619992.3441762467,-110.904625,30U,0.002,-0.002,0.005,-0.00035295321351518663,0.002415705421520567,1.1606692684740547
1426256293807128,51.7605955598,-1.2613253724,110.904625,5735841.666282235,619992.3441762467,-110.904625,30U,0.002,-0.002,0.005,-0.000342212439845121,0.0024189171205595507,1.1606771945500043
1426256293913071,51.7605955598,-1.2613253724,110.904625,5735841.666282235,619992.3441762467,-110.904625,30U,0.002,-0.002,0.004,-0.00030239457857526793,0.0024153603420021797,1.1606594801701908
1426256294019967,51.7605955598,-1.2613253724,110.904625,5735841.666282235,619992.3441762467,-110.904625,30U,0.002,-0.002,0.005,-0.000311205421263685,0.0024139000005824265,1.1606632999995372
1426256294126550,51.7605955598,-1.2613253724,110.904625,5735841.666282235,619992.3441762467,-110.904625,30U,0.002,-0.001,0.004,-0.00033329999979561604,0.0024136630529378467,1.1606481000003854
1426256294228141,51.7605955598,-1.2613253724,110.904625,5735841.666282235,619992.3441762467,-110.904625,30U,0.001,-0.002,0.004,-0.0003409261042611331,0.0024110540667041246,1.1606477027110875
1426256294308098,51.7605955598,-1.2613253724,110.904625,5735841.666282235,619992.3441762467,-110.904625,30U,0.001,-0.002,0.004,-0.0003117459130811134,0.0024165801543617276,1.160646917120938
1426256294388056,51.7605955598,-1.2613253724,110.904625,5735841.666282235,619992.3441762467,-110.904625,30U,0.001,-0.002,0.003,-0.00030729999922559395,0.002407699999412726,1.1606385000000943
1426256294486403,51.7605955598,-1.2613253724,110.904625,5735841.666282235,619992.3441762467,-110.904625,30U,0.001,-0.001,0.003,-0.00031480889086920563,0.0024137059269509213,1.1606388999998882
1426256294593110,51.7605955598,-1.2613253724,110.904625,5735841.666282235,619992.3441762467,-110.904625,30U,0.001,-0.001,0.003,-0.0003350312145699495,0.0024143407765037004,1.1606316095623805
1426256294699660,51.7605955598,-1.2613253724,110.904625,5735841.666282235,619992.3441762467,-110.904625,30U,0.001,-0.002,0.002,-0.00033593553423259007,0.0024171769906433985,1.1606147118448136
1426256294806174,51.7605955598,-1.2613253724,110.904625,5735841.666282235,619992.3441762467,-110.904625,30U,0.001,-0.002,0.002,-0.00033564145672560457,0.0024054999996732827,1.1606258792712003
1426256294912716,51.7605955598,-1.2613253724,110.904625,5735841.666282235,619992.3441762467,-110.904625,30U,0.001,-0.001,0.002,-0.00031270000080737463,0.0024078644652788,1.160608868107232
1426256295019282,51.7605955598,-1.2613253724,110.904625,5735841.666282235,619992.3441762467,-110.904625,30U,0.001,-0.002,0.002,-0.00033048145885992416,0.0024080466567087573,1.1606021644372013
1426256295126196,51.7605955598,-1.2613253724,110.904625,5735841.666282235,619992.3441762467,-110.904625,30U,0.001,-0.002,0.001,-0.00033568587360973854,0.002410488834844549,1.160605650339683
1426256295230242,51.7605955598,-1.2613253724,110.904625,5735841.666282235,619992.3441762467,-110.904625,30U,0.001,-0.002,0.002,-0.000326397039344407,0.002388458543770286,1.160593658543676
1426256295321866,51.7605955598,-1.2613253724,110.904625,5735841.666282235,619992.3441762467,-110.904625,30U,0.001,-0.002,0.002,-0.0003259999996288586,0.002418631893617202,1.160598911845098
1426256295413489,51.7605955598,-1.2613253724,110.904625,5735841.666282235,619992.3441762467,-110.904625,30U,0.002,-0.003,0.002,-0.00031670000049230205,0.00240989999915217,1.1605815999992966
1426256295519922,51.7605955598,-1.2613253724,110.904625,5735841.666282235,619992.3441762467,-110.904625,30U,0.001,-0.003,0.002,-0.0003100207441273089,0.0024060614738389786,1.1605803822185001
1426256295624459,51.7605955598,-1.2613253724,110.904625,5735841.666282235,619992.3441762467,-110.904625,30U,0.001,-0.003,0.002,-0.0003032259714004432,0.002414467428066201,1.1605812533001125
1426256295715732,51.7605955598,-1.2613253724,110.904625,5735841.666282235,619992.3441762467,-110.904625,30U,0.002,-0.003,0.002,-0.00031820067996172726,0.0024220088840629967,1.1605639621835868
1426256295807005,51.7605955598,-1.2613253724,110.904625,5735841.666282235,619992.3441762467,-110.904625,30U,0.002,-0.004,0.002,-0.0002977881555150888,0.0024118355343860465,1.1605732466999077
1426256295898409,51.7605955598,-1.2613253724,110.904625,5735841.666282235,619992.3441762467,-110.904625,30U,0.002,-0.003,0.002,-0.00030008815563935476,0.0023962911171956556,1.1605634977183115
1426256295989822,51.7605955598,-1.2613253724,110.904625,5735841.666282235,619992.3441762467,-110.904625,30U,0.001,-0.004,0.003,-0.00033111702050703793,0.0024217488596750465,1.1605549644370794
1426256296092859,51.7605955598,-1.2613253724,110.904625,5735841.666282235,619992.3441762467,-110.904625,30U,0.002,-0.004,0.003,-0.00034065626239614084,0.002437102960927812,1.1605791703875314
1426256296199770,51.7605955598,-1.2613253724,110.904625,5735841.666282235,619992.3441762467,-110.904625,30U,0.002,-0.004,0.002,-0.000298135533632101,0.0024192917956260642,1.160541653301312
1426256296306592,51.7605955598,-1.2613253724,110.904625,5735841.666282235,619992.3441762467,-110.904625,30U,0.002,-0.003,0.003,-0.00030369043667565463,0.0024143466984058526,1.1605385911159034
1426256296413401,51.7605955598,-1.2613253724,110.904625,5735841.666282235,619992.3441762467,-110.904625,30U,0.002,-0.003,0.003,-0.0003539000005291867,0.0024361000004918367,1.1605389999994231
1426256296519858,51.7605955598,-1.2613253724,110.904625,5735841.666282235,619992.3441762467,-110.904625,30U,0.002,-0.005,0.002,-0.00034941218480898534,0.0024361806573925593,1.1605139116052656
1426256296626316,51.7605955598,-1.2613253724,110.904625,5735841.666282235,619992.3441762467,-110.904625,30U,0.002,-0.006,0.003,-0.00030622476645062255,0.002428219104135467,1.1605167283607294
1426256296732783,51.7605955598,-1.2613253724,110.904625,5735841.666282235,619992.3441762467,-110.904625,30U,0.003,-0.004,0.004,-0.00030682138980212437,0.002425509024940811,1.1605148194033692
1426256296835503,51.7605955598,-1.2613253724,110.904625,5735841.666282235,619992.3441762467,-110.904625,30U,0.003,-0.004,0.004,-0.0003266802190155431,0.002427572527715444,1.1605024252758083
1426256296926976,51.7605955598,-1.2613253724,110.904625,5735841.666282235,619992.3441762467,-110.904625,30U,0.002,-0.005,0.004,-0.0003465375175752079,0.002416692495969691,1.160497590040083
1426256297018452,51.7605955598,-1.2613253724,110.904625,5735841.666282235,619992.3441762467,-110.904625,30U,0.002,-0.005,0.005,-0.00029126177253927784,0.002421832693075007,1.1604843579328241
1426256297109951,51.7605955598,-1.2613253724,110.904625,5735841.666282235,619992.3441762467,-110.904625,30U,0.002,-0.004,0.004,-0.0002973720376054869,0.002416600000500652,1.1604865652454932
1426256297201451,51.7605955598,-1.2613253724,110.904625,5735841.666282235,619992.3441762467,-110.904625,30U,0.002,-0.003,0.004,-0.0003221088177321345,0.0024130409320713025,1.1604778251252914
1426256297306298,51.7605955598,-1.2613253724,110.904625,5735841.666282235,619992.3441762467,-110.904625,30U,0.001,-0.004,0.004,-0.0003409002646615573,0.002413077983665993,1.1604686220163631
1426256297413051,51.7605955598,-1.2613253724,110.904625,5735841.666282235,619992.3441762467,-110.904625,30U,0.001,-0.004,0.003,-0.00031379999980443176,0.002417600000858216,1.1604682999996252
1426256297504650,51.7605955598,-1.2613253724,110.904625,5735841.666282235,619992.3441762467,-110.904625,30U,0.002,-0.004,0.003,-0.0002916907221095405,0.0024203999994159347,1.160461272166102
1426256297596249,51.7605955598,-1.2613253724,110.904625,5735841.666282235,619992.3441762467,-110.904625,30U,0.002,-0.004,0.004,-0.00030439783258412196,0.0024157525471557003,1.1604502050926564
1426256297700038,51.7605955598,-1.2613253724,110.904625,5735841.666282235,619992.3441762467,-110.904625,30U,0.001,-0.004,0.003,-0.000328407883790178,0.0024137078852103427,1.1604360216709995
1426256297806639,51.7605955598,-1.2613253724,110.904625,5735841.666282235,619992.3441762467,-110.904625,30U,0.001,-0.004,0.003,-0.0003259999996288586,0.0024322804015290533,1.1604296313713454
1426256297913061,51.7605955598,-1.2613253724,110.904625,5735841.666282235,619992.3441762467,-110.904625,30U,0.001,-0.004,0.004,-0.0002954306328293357,0.0024270153156437813,1.1604369514916675
1426256298019485,51.7605955598,-1.2613253724,110.904625,5735841.666282235,619992.3441762467,-110.904625,30U,0.002,-0.004,0.004,-0.0003116873066701607,0.002420852516167087,1.1604276875283441
1426256298126142,51.7605955598,-1.2613253724,110.904625,5735841.666282235,619992.3441762467,-110.904625,30U,0.001,-0.004,0.003,-0.0003102841317647273,0.002419194608711996,1.16042485523945
1426256298232846,51.7605955598,-1.2613253724,110.904625,5735841.666282235,619992.3441762467,-110.904625,30U,0.001,-0.004,0.004,-0.0003144966148141095,0.002425277292340036,1.1604155251072041
1426256298339753,51.7605955598,-1.2613253724,110.904625,5735841.666282235,619992.3441762467,-110.904625,30U,0.001,-0.004,0.004,-0.0003068213828208073,0.002425282074542186,1.1604078976937413
1426256298438204,51.7605955598,-1.2613253724,110.904625,5735841.666282235,619992.3441762467,-110.904625,30U,0.001,-0.004,0.003,-0.00030810000055884286,0.0024134000004036446,1.160410100000806
1426256298518054,51.7605955598,-1.2613253724,110.904625,5735841.666282235,619992.3441762467,-110.904625,30U,0.001,-0.004,0.003,-0.00030988510935514867,0.0024214369396671175,1.1603983323033296
1426256298597904,51.7605955598,-1.2613253724,110.904625,5735841.666282235,619992.3441762467,-110.904625,30U,0.001,-0.004,0.003,-0.00030429492448076596,0.0024309377476607625,1.160395031126496
1426256298699561,51.7605955598,-1.2613253724,110.904625,5735841.666282235,619992.3441762467,-110.904625,30U,0.001,-0.004,0.003,-0.00029452386796041305,0.0024226716030332713,1.1603912329252697
1426256298806250,51.7605955598,-1.2613253724,110.904625,5735841.666282235,619992.3441762467,-110.904625,30U,0.001,-0.004,0.004,-0.0003086991022778824,0.0024205274695378544,1.1603811743257548
1426256298912777,51.7605955598,-1.2613253724,110.904625,5735841.666282235,619992.3441762467,-110.904625,30U,0.0,-0.004,0.004,-0.00029373116908475454,0.00242699725846734,1.1603770743152133
1426256299018353,51.7605955598,-1.2613253724,110.904625,5735841.666282235,619992.3441762467,-110.904625,30U,0.001,-0.005,0.004,-0.0002977531913341837,0.0024208319073192796,1.1603666191437312
1426256299109834,51.7605955598,-1.2613253724,110.904625,5735841.666282235,619992.3441762467,-110.904625,30U,0.001,-0.004,0.004,-0.0002871724975177817,0.0024225324496773386,1.1603557225557923
1426256299201316,51.7605955598,-1.2613253724,110.904625,5735841.666282235,619992.3441762467,-110.904625,30U,0.002,-0.004,0.005,-0.00030940000032554454,0.002428112541312657,1.160347810322049
1426256299306185,51.7605955598,-1.2613253724,110.904625,5735841.666282235,619992.3441762467,-110.904625,30U,0.002,-0.004,0.004,-0.00030051728148787184,0.002424581166022549,1.1603386691269306
1426256299412966,51.7605955598,-1.2613253724,110.904625,5735841.666282235,619992.3441762467,-110.904625,30U,0.002,-0.004,0.005,-0.0002994000002405614,0.0024280000007371595,1.1603304999999202
1426256299519541,51.7605955598,-1.2613253724,110.904625,5735841.666282235,619992.3441762467,-110.904625,30U,0.002,-0.003,0.005,-0.0002896328707110256,0.0024232377162841184,1.160326824566899
1426256299624218,51.7605955598,-1.2613253724,110.904625,5735841.666282235,619992.3441762467,-110.904625,30U,0.002,-0.003,0.005,-0.0003033795062694119,0.002431739752631993,1.16032416795063
1426256299715614,51.7605955598,-1.2613253724,110.904625,5735841.666282235,619992.3441762467,-110.904625,30U,0.002,-0.003,0.005,-0.00031303969074903174,0.0024225340815601897,1.1603170307163786
1426256299807011,51.7605955598,-1.2613253724,110.904625,5735841.666282235,619992.3441762467,-110.904625,30U,0.002,-0.004,0.005,-0.0003075741363458755,0.0024319274645383734,1.1603178338662858
1426256299912944,51.7605955598,-1.2613253724,110.904625,5735841.666282235,619992.3441762467,-110.904625,30U,0.002,-0.004,0.005,-0.00030453911000575396,0.00243745655590762,1.1603148259972689
1426256300018866,51.7605955598,-1.2613253724,110.904625,5735841.666282235,619992.3441762467,-110.904625,30U,0.002,-0.004,0.005,-0.000299200374716706,0.00244020706216374,1.1602992423764928
1426256300110078,51.7605955598,-1.2613253724,110.904625,5735841.666282235,619992.3441762467,-110.904625,30U,0.002,-0.004,0.005,-0.00030940978464133126,0.0024332561662446244,1.1603011365945475
1426256300201290,51.7605955598,-1.2613253724,110.904625,5735841.666282235,619992.3441762467,-110.904625,30U,0.002,-0.004,0.005,-0.00030675001979835176,0.00244641231328383,1.1602899250706713
1426256300306230,51.7605955598,-1.2613253724,110.904625,5735841.666282235,619992.3441762467,-110.904625,30U,0.002,-0.004,0.005,-0.0002913676162864358,0.0024531774607919722,1.160281313965208
1426256300413132,51.7605955598,-1.2613253724,110.904625,5735841.666282235,619992.3441762467,-110.904625,30U,0.003,-0.003,0.004,-0.00028260000016760284,0.0024412999995586434,1.1602680000002619
1426256300519675,51.7605955598,-1.2613253724,110.904625,5735841.666282235,619992.3441762467,-110.904625,30U,0.002,-0.003,0.004,-0.00031197232766365764,0.0024354011619326914,1.1602616781402038
1426256300624328,51.7605955598,-1.2613253724,110.904625,5735841.666282235,619992.3441762467,-110.904625,30U,0.002,-0.003,0.004,-0.0003333892192816488,0.0024283234207195296,1.1602558822804943
1426256300715748,51.7605955598,-1.2613253724,110.904625,5735841.666282235,619992.3441762467,-110.904625,30U,0.002,-0.004,0.004,-0.00034387385017602097,0.0024108569003491852,1.1602383364000026
1426256300807168,51.7605955598,-1.2613253724,110.904625,5735841.666282235,619992.3441762467,-110.904625,30U,0.002,-0.004,0.004,-0.0003416718293453035,0.0024056429578469844,1.1602411288727008
1426256300912819,51.7605955598,-1.2613253724,110.904625,5735841.666282235,619992.3441762467,-110.904625,30U,0.001,-0.004,0.004,-0.0003200825428304466,0.00241176839680571,1.160227591493393
1426256301018470,51.7605955598,-1.2613253724,110.904625,5735841.666282235,619992.3441762467,-110.904625,30U,0.001,-0.004,0.004,-0.0003198746584085709,0.002416028338848112,1.1602128582197178
1426256301109888,51.7605955598,-1.2613253724,110.904625,5735841.666282235,619992.3441762467,-110.904625,30U,0.001,-0.004,0.004,-0.0003122888361421898,0.0024201827390853176,1.1602123223285883
1426256301201307,51.7605955598,-1.2613253724,110.904625,5735841.666282235,619992.3441762467,-110.904625,30U,0.002,-0.004,0.003,-0.0003167010773604505,0.0024297738364518267,1.1602037863787478
1426256301306271,51.7605955598,-1.2613253724,110.904625,5735841.666282235,619992.3441762467,-110.904625,30U,0.002,-0.004,0.002,-0.0003101624875518511,0.002428022527701815,1.1601905800203312
1426256301413171,51.7605955598,-1.2613253724,110.904625,5735841.666282235,619992.3441762467,-110.904625,30U,0.002,-0.004,0.003,-0.0003028999997467067,0.0024229000003098454,1.1601848999998696
1426256301519865,51.7605955598,-1.2613253724,110.904625,5735841.666282235,619992.3441762467,-110.904625,30U,0.001,-0.004,0.002,-0.0002994932235118982,0.002435452033044399,1.160190349322711
1426256301624651,51.7605955598,-1.2613253724,110.904625,5735841.666282235,619992.3441762467,-110.904625,30U,0.002,-0.004,0.001,-0.0002917474592728644,0.0024257525420046957,1.1601679064689627
1426256301716085,51.7605955598,-1.2613253724,110.904625,5735841.666282235,619992.3441762467,-110.904625,30U,0.003,-0.004,0.002,-0.00029062738375342146,0.0024210214762559854,1.1601604954361848
1426256301807519,51.7605955598,-1.2613253724,110.904625,5735841.666282235,619992.3441762467,-110.904625,30U,0.002,-0.003,0.002,-0.0003075729931552154,0.0024110245811117415,1.1601620462799078
1426256301913128,51.7605955598,-1.2613253724,110.904625,5735841.666282235,619992.3441762467,-110.904625,30U,0.002,-0.004,0.003,-0.00032722958408688856,0.002440552372065588,1.1601377118330802
1426256302019354,51.7605955598,-1.2613253724,110.904625,5735841.666282235,619992.3441762467,-110.904625,30U,0.002,-0.004,0.001,-0.0003208000005620517,0.0024254782303514888,1.1601413610285667
1426256302120637,51.7605955598,-1.2613253724,110.904625,5735841.666282235,619992.3441762467,-110.904625,30U,0.002,-0.004,0.003,-0.00030710509830802373,0.002413973245069816,1.160134754777579
1426256302217934,51.7605955598,-1.2613253724,110.904625,5735841.666282235,619992.3441762467,-110.904625,30U,0.002,-0.003,0.002,-0.000321987442299963,0.002436390994002034,1.1601232502321204
1426256302297954,51.7605955598,-1.2613253724,110.904625,5735841.666282235,619992.3441762467,-110.904625,30U,0.003,-0.003,0.002,-0.0003290829736541909,0.0024157208641937883,1.16010834891989
1426256302377975,51.7605955598,-1.2613253724,110.904625,5735841.666282235,619992.3441762467,-110.904625,30U,0.002,-0.003,0.003,-0.00032919999972586634,0.0024238000002825876,1.1600985000007413
1426256302476314,51.7605955598,-1.2613253724,110.904625,5735841.666282235,619992.3441762467,-110.904625,30U,0.003,-0.003,0.003,-0.0003279910991648017,0.002417109875752342,1.1601000187775294
1426256302582980,51.7605955598,-1.2613253724,110.904625,5735841.666282235,619992.3441762467,-110.904625,30U,0.002,-0.004,0.003,-0.00031055762834917335,0.0024272355919033465,1.160096354237108
1426256302689607,51.7605955598,-1.2613253724,110.904625,5735841.666282235,619992.3441762467,-110.904625,30U,0.003,-0.003,0.003,-0.0002954351270521596,0.002422083016922975,1.160098425103427
1426256302796225,51.7605955598,-1.2613253724,110.904625,5735841.666282235,619992.3441762467,-110.904625,30U,0.003,-0.003,0.003,-0.0003125108839109455,0.0024378611389361954,1.1600650559544905
1426256302902882,51.7605955598,-1.2613253724,110.904625,5735841.666282235,619992.3441762467,-110.904625,30U,0.003,-0.004,0.003,-0.00032485180161917834,0.0024112963951987885,1.160077583109302
1426256303009544,51.7605955598,-1.2613253724,110.904625,5735841.666282235,619992.3441762467,-110.904625,30U,0.003,-0.003,0.002,-0.0003048850115742189,0.002425814797899114,1.1600714480675416
1426256303116245,51.7605955598,-1.2613253724,110.904625,5735841.666282235,619992.3441762467,-110.904625,30U,0.003,-0.003,0.002,-0.00028901933511907204,0.0024177167982917594,1.1600610419956623
1426256303220088,51.7605955598,-1.2613253724,110.904625,5735841.666282235,619992.3441762467,-110.904625,30U,0.004,-0.002,0.003,-0.0002791919149358553,0.002433093122821891,1.1600644716531636
1426256303311543,51.7605955598,-1.2613253724,110.904625,5735841.666282235,619992.3441762467,-110.904625,30U,0.004,-0.002,0.001,-0.0003141098830131234,0.0024101930643681893,1.1600391705347861
1426256303402997,51.7605955598,-1.2613253724,110.904625,5735841.666282235,619992.3441762467,-110.904625,30U,0.002,-0.003,0.003,-0.0003162000003135199,0.002409400000718717,1.1600490999991346
1426256303509883,51.7605955598,-1.2613253724,110.904625,5735841.666282235,619992.3441762467,-110.904625,30U,0.003,-0.003,0.003,-0.0002888651649502556,0.0024260400343844133,1.1600461576253431
1426256303614860,51.7605955598,-1.2613253724,110.904625,5735841.666282235,619992.3441762467,-110.904625,30U,0.004,-0.002,0.002,-0.0002819371712415852,0.0024009314136059575,1.160021952357315
1426256303706477,51.7605955598,-1.2613253724,110.904625,5735841.666282235,619992.3441762467,-110.904625,30U,0.003,-0.002,0.003,-0.0002997350912396395,0.0024126693218029555,1.1600270079652926
1426256303798093,51.7605955598,-1.2613253724,110.904625,5735841.666282235,619992.3441762467,-110.904625,30U,0.002,-0.004,0.003,-0.0003121710438709727,0.0024089725311876604,1.160024321379975
1426256303889709,51.7605955598,-1.2613253724,110.904625,5735841.666282235,619992.3441762467,-110.904625,30U,0.002,-0.004,0.001,-0.00027025830055186513,0.002410602019446541,1.1600377906198835
1426256303981326,51.7605955598,-1.2613253724,110.904625,5735841.666282235,619992.3441762467,-110.904625,30U,0.003,-0.002,0.002,-0.00024166580885488168,0.00241346769998,1.1600228571482165
1426256304084395,51.7605955598,-1.2613253724,110.904625,5735841.666282235,619992.3441762467,-110.904625,30U,0.004,-0.001,0.002,-0.0003667169149029989,0.0024033943611598482,1.1599748295740497
1426256304191280,51.7605955598,-1.2613253724,110.904625,5735841.666282235,619992.3441762467,-110.904625,30U,0.003,-0.004,0.002,-0.0003808717672654635,0.0024129533165428525,1.1599735135923033
1426256304298167,51.7605955598,-1.2613253724,110.904625,5735841.666282235,619992.3441762467,-110.904625,30U,0.002,-0.004,0.002,-0.00029305691174279485,0.002451456698794529,1.1599626946400998
1426256304405053,51.7605955598,-1.2613253724,110.904625,5735841.666282235,619992.3441762467,-110.904625,30U,0.002,-0.003,0.001,-0.0002483999994580814,0.002440700000740368,1.1599773000003395
1426256304511939,51.7605955598,-1.2613253724,110.904625,5735841.666282235,619992.3441762467,-110.904625,30U,0.004,-0.0,0.003,-0.00028920416897751665,0.0024588233653027244,1.1599527106691188
1426256304618825,51.7605955598,-1.2613253724,110.904625,5735841.666282235,619992.3441762467,-110.904625,30U,0.003,-0.002,0.001,-0.00042325977072120603,0.0024443177349218652,1.1599315274212372
1426256304725711,51.7605955598,-1.2613253724,110.904625,5735841.666282235,619992.3441762467,-110.904625,30U,0.001,-0.005,0.002,-0.0003122942623708342,0.0024281907512617683,1.1599609806168187
1426256304828779,51.7605955598,-1.2613253724,110.904625,5735841.666282235,619992.3441762467,-110.904625,30U,-0.001,-0.006,0.003,-0.00010431989669736937,0.0025174271355722843,1.1599956928891169
1426256304920396,51.7605955598,-1.2613253724,110.904625,5735841.666282235,619992.3441762467,-110.904625,30U,0.003,-0.002,0.0,5.223143354418788e-05,0.0024735883359024674,1.1599956499557627
1426256305012012,51.7605955598,-1.2613253724,110.904625,5735841.666282235,619992.3441762467,-110.904625,30U,0.005,0.001,0.002,-9.849006764471231e-05,0.0024595977661465056,1.1599389553365846
1426256305103629,51.7605955598,-1.2613253724,110.904625,5735841.666282235,619992.3441762467,-110.904625,30U,0.002,-0.002,0.001,-0.0002706901072261133,0.002480479421133446,1.1598898845878507
1426256305195245,51.7605955598,-1.2613253724,110.904625,5735841.666282235,619992.3441762467,-110.904625,30U,0.0,-0.005,0.001,-0.0003654353999184051,0.002452248488353647,1.1599043533690951
1426256305300222,51.7605955598,-1.2613253724,110.904625,5735841.666282235,619992.3441762467,-110.904625,30U,0.001,-0.004,0.001,-0.0002377510475599632,0.0025181388040467602,1.1598819934638651
1426256305407108,51.7605955598,-1.2613253724,110.904625,5735841.666282235,619992.3441762467,-110.904625,30U,0.001,-0.004,0.001,-0.0001907999994572705,0.0024937999991321404,1.1598930000005656
1426256305498725,51.7605955598,-1.2613253724,110.904625,5735841.666282235,619992.3441762467,-110.904625,30U,0.002,-0.003,0.0,-0.00021202882312171303,0.002505471178155847,1.1599298570591126
1426256305590341,51.7605955598,-1.2613253724,110.904625,5735841.666282235,619992.3441762467,-110.904625,30U,0.001,-0.004,-0.0,-0.00017050904242902124,0.0024589141084611944,1.1599162485576378
1426256305694364,51.7605955598,-1.2613253724,110.904625,5735841.666282235,619992.3441762467,-110.904625,30U,0.0,-0.002,0.002,-0.00012613767473658032,0.002459424744676438,1.1599111502013106
1426256305801250,51.7605955598,-1.2613253724,110.904625,5735841.666282235,619992.3441762467,-110.904625,30U,-0.0,-0.001,0.0,-0.00014884726889967056,0.0025230622399856255,1.1598613377592029
1426256305908136,51.7605955598,-1.2613253724,110.904625,5735841.666282235,619992.3441762467,-110.904625,30U,0.0,-0.002,-0.0,-0.0002226572848544128,0.0025154203594889993,1.159860249501036
1426256306015023,51.7605955598,-1.2613253724,110.904625,5735841.666282235,619992.3441762467,-110.904625,30U,0.001,-0.005,-0.001,-0.00018360643819494596,0.002517892038925138,1.1598645097677096
1426256306121908,51.7605955598,-1.2613253724,110.904625,5735841.666282235,619992.3441762467,-110.904625,30U,0.002,-0.005,-0.0,-3.234680661909536e-05,0.0024761151921775786,1.1598965303845086
1426256306228794,51.7605955598,-1.2613253724,110.904625,5735841.666282235,619992.3441762467,-110.904625,30U,0.0,-0.002,-0.001,6.788746104958524e-05,0.0024825636078050443,1.159905126302117
1426256306335680,51.7605955598,-1.2613253724,110.904625,5735841.666282235,619992.3441762467,-110.904625,30U,0.001,-0.001,0.0,-3.329740892284034e-06,0.002499938088237285,1.1598579168684906
1426256306434216,51.7605955598,-1.2613253724,110.904625,5735841.666282235,619992.3441762467,-110.904625,30U,0.002,-0.004,-0.001,-9.800000013470333e-05,0.0025051999993686474,1.1598549999991954
1426256306514380,51.7605955598,-1.2613253724,110.904625,5735841.666282235,619992.3441762467,-110.904625,30U,0.002,-0.003,-0.001,-0.00010291162019453241,0.002506473026817089,1.1598561521015065
1426256306594544,51.7605955598,-1.2613253724,110.904625,5735841.666282235,619992.3441762467,-110.904625,30U,0.0,-0.003,-0.0,-0.0001233907306974637,0.002498205655223133,1.1597969124903373
1426256306696420,51.7605955598,-1.2613253724,110.904625,5735841.666282235,619992.3441762467,-110.904625,30U,0.0,-0.004,0.0,-0.00019298370480281754,0.0025422572035474515,1.1598301846478365
1426256306803306,51.7605955598,-1.2613253724,110.904625,5735841.666282235,619992.3441762467,-110.904625,30U,0.002,-0.003,0.0,-0.00021587619899954126,0.002539054438848908,1.159819091516625
1426256306910192,51.7605955598,-1.2613253724,110.904625,5735841.666282235,619992.3441762467,-110.904625,30U,0.002,-0.005,-0.0,-0.00017956046304686249,0.0025431334914769754,1.1597809906945653
1426256307016123,51.7605955598,-1.2613253724,110.904625,5735841.666282235,619992.3441762467,-110.904625,30U,0.001,-0.0,-0.0,-0.00020145625904896685,0.0025486237126184502,1.1597754530458468
1426256307107740,51.7605955598,-1.2613253724,110.904625,5735841.666282235,619992.3441762467,-110.904625,30U,0.001,-0.004,-0.006,-0.00048750415540855526,0.00250566245402456,1.1596862778457986
1426256307199356,51.7605955598,-1.2613253724,110.904625,5735841.666282235,619992.3441762467,-110.904625,30U,0.002,-0.01,-0.008,-0.0007151516751882947,0.0023134567768597096,1.1599052850747191
1426256307304334,51.7605955598,-1.2613253724,110.904625,5735841.666282235,619992.3441762467,-110.904625,30U,0.009,0.002,0.014,-6.931477734923218e-05,0.0023741956729804157,1.159793853504117
1426256307411220,51.7605955598,-1.2613253724,110.904625,5735841.666282235,619992.3441762467,-110.904625,30U,-0.005,-0.004,0.006,-0.0001855000000056414,0.002714299999435223,1.15950980000073
1426256307518106,51.7605955598,-1.2613253724,110.904625,5735841.666282235,619992.3441762467,-110.904625,30U,-0.003,-0.004,-0.005,-0.000287318702003892,0.0027654000006025253,1.1598003264555834
1426256307623083,51.7605955598,-1.2613253724,110.904625,5735841.666282235,619992.3441762467,-110.904625,30U,0.005,-0.002,-0.004,9.41045055293976e-06,0.00268236646234839,1.1598188055810792
1426256307714700,51.7605955598,-1.2613253724,110.904625,5735841.666282235,619992.3441762467,-110.904625,30U,0.007,-0.009,-0.001,3.5731085559845715e-05,0.002447747470962984,1.1597031343893034
1426256307806316,51.7605955598,-1.2613253724,110.904625,5735841.666282235,619992.3441762467,-110.904625,30U,0.005,-0.01,-0.002,0.00033950164681080097,0.0023867915169698533,1.1599070076954923
1426256307912248,51.7605955598,-1.2613253724,110.904625,5735841.666282235,619992.3441762467,-110.904625,30U,0.003,0.003,-0.001,0.00039566372240077124,0.0023161674529569697,1.159779041941953
1426256308018170,51.7605955598,-1.2613253724,110.904625,5735841.666282235,619992.3441762467,-110.904625,30U,-0.003,0.0,0.004,0.00027004747175954125,0.0023793329728391743,1.1595339655660082
1426256308109644,51.7605955598,-1.2613253724,110.904625,5735841.666282235,619992.3441762467,-110.904625,30U,-0.005,-0.003,0.005,0.00018786166784836802,0.002603237546771549,1.1596989044756507
1426256308201118,51.7605955598,-1.2613253724,110.904625,5735841.666282235,619992.3441762467,-110.904625,30U,0.001,-0.002,-0.001,0.0001031697683535364,0.0026477493139850077,1.1597228432685538
1426256308306077,51.7605955598,-1.2613253724,110.904625,5735841.666282235,619992.3441762467,-110.904625,30U,0.007,-0.006,-0.003,0.000172920974008876,0.002582628203290492,1.159693648388683
1426256308412963,51.7605955598,-1.2613253724,110.904625,5735841.666282235,619992.3441762467,-110.904625,30U,0.006,-0.003,-0.001,0.00016719999939633658,0.00250159999947768,1.1597072999997902
1426256308519714,51.7605955598,-1.2613253724,110.904625,5735841.666282235,619992.3441762467,-110.904625,30U,0.002,-0.003,0.001,5.905210172116537e-05,0.0024772176660515146,1.1596679609346943
1426256308624537,51.7605955598,-1.2613253724,110.904625,5735841.666282235,619992.3441762467,-110.904625,30U,-0.001,-0.005,0.001,0.00011620604792504404,0.002543999213183208,1.1596799758056995
1426256308715860,51.7605955598,-1.2613253724,110.904625,5735841.666282235,619992.3441762467,-110.904625,30U,0.001,-0.003,-0.001,0.00012462881490895095,0.0025533186116544005,1.1596664339635847
1426256308807184,51.7605955598,-1.2613253724,110.904625,5735841.666282235,619992.3441762467,-110.904625,30U,0.003,-0.004,0.001,0.0001806249812455559,0.00256439073084697,1.1596441451683044
1426256308913097,51.7605955598,-1.2613253724,110.904625,5735841.666282235,619992.3441762467,-110.904625,30U,0.003,-0.002,-0.002,0.000102358148363457,0.0025378246571686725,1.1596626093049127
1426256309018996,51.7605955598,-1.2613253724,110.904625,5735841.666282235,619992.3441762467,-110.904625,30U,0.002,-0.004,-0.001,6.59697683166517e-05,0.0025419418522222128,1.159629136750454
1426256309110113,51.7605955598,-1.2613253724,110.904625,5735841.666282235,619992.3441762467,-110.904625,30U,-0.0,-0.006,-0.001,0.00013088067330138648,0.0025375608803228306,1.1596348600934783
1426256309201230,51.7605955598,-1.2613253724,110.904625,5735841.666282235,619992.3441762467,-110.904625,30U,0.002,-0.005,0.0,0.00021052928684294782,0.0025400353330871507,1.1596595818602828
1426256309306143,51.7605955598,-1.2613253724,110.904625,5735841.666282235,619992.3441762467,-110.904625,30U,0.003,-0.003,-0.001,0.0001995104490617837,0.0025514552248411424,1.1596379520035893
1426256309413027,51.7605955598,-1.2613253724,110.904625,5735841.666282235,619992.3441762467,-110.904625,30U,0.003,-0.004,0.0,0.00012020000004411328,0.002518600000320283,1.1596227000006072
1426256309519594,51.7605955598,-1.2613253724,110.904625,5735841.666282235,619992.3441762467,-110.904625,30U,0.001,-0.005,0.001,0.00014334884296538221,0.0025826660367926878,1.159622048842698
1426256309624253,51.7605955598,-1.2613253724,110.904625,5735841.666282235,619992.3441762467,-110.904625,30U,0.003,-0.005,-0.001,0.00017429921339528613,0.002550748783627776,1.1595971241953307
1426256309715567,51.7605955598,-1.2613253724,110.904625,5735841.666282235,619992.3441762467,-110.904625,30U,0.004,-0.005,0.0,0.00019895767536240905,0.002536939064888906,1.1596197999999194
1426256309806880,51.7605955598,-1.2613253724,110.904625,5735841.666282235,619992.3441762467,-110.904625,30U,0.004,-0.003,0.0,0.0001546068362326301,0.0025424854681790027,1.1595999487820867
1426256309912790,51.7605955598,-1.2613253724,110.904625,5735841.666282235,619992.3441762467,-110.904625,30U,0.004,-0.003,0.001,0.00010548512039390282,0.0025300934821368562,1.1595633455834249
1426256310019659,51.7605955598,-1.2613253724,110.904625,5735841.666282235,619992.3441762467,-110.904625,30U,0.003,-0.006,0.001,0.0001277716118397246,0.002561675815344956,1.1595736962690257
1426256310126339,51.7605955598,-1.2613253724,110.904625,5735841.666282235,619992.3441762467,-110.904625,30U,0.003,-0.005,0.0,0.0001937113098786937,0.002534609270248979,1.1596071302429816
1426256310228019,51.7605955598,-1.2613253724,110.904625,5735841.666282235,619992.3441762467,-110.904625,30U,0.003,-0.003,0.001,0.00023540977738020465,0.002537453943999561,1.1595701641938587
1426256310308033,51.7605955598,-1.2613253724,110.904625,5735841.666282235,619992.3441762467,-110.904625,30U,0.003,-0.003,0.001,0.00012906166672034845,0.0025512060494198236,1.1595660967790864
1426256310388048,51.7605955598,-1.2613253724,110.904625,5735841.666282235,619992.3441762467,-110.904625,30U,0.003,-0.006,0.001,9.41999994740912e-05,0.002543600000532741,1.1595647000008125
1426256310486412,51.7605955598,-1.2613253724,110.904625,5735841.666282235,619992.3441762467,-110.904625,30U,0.001,-0.007,0.001,0.00016182508343189487,0.0025536362772862267,1.1595686725551948
1426256310593118,51.7605955598,-1.2613253724,110.904625,5735841.666282235,619992.3441762467,-110.904625,30U,0.002,-0.006,0.0,0.0002219092698982638,0.002535691123057803,1.159573824194679
1426256310699668,51.7605955598,-1.2613253724,110.904625,5735841.666282235,619992.3441762467,-110.904625,30U,0.002,-0.004,0.001,0.00020438233321053265,0.002535181389177783,1.1595803669820042
1426256310806183,51.7605955598,-1.2613253724,110.904625,5735841.666282235,619992.3441762467,-110.904625,30U,0.002,-0.004,0.001,0.00012564595439976969,0.002543857659999554,1.1595652185398786
1426256310913041,51.7605955598,-1.2613253724,110.904625,5735841.666282235,619992.3441762467,-110.904625,30U,0.002,-0.005,0.001,0.0001504995284693023,0.0025540539450482043,1.1595505576764233
1426256311019898,51.7605955598,-1.2613253724,110.904625,5735841.666282235,619992.3441762467,-110.904625,30U,0.002,-0.005,0.0,0.00014453301919226306,0.0025601093055468045,1.159535793953734
1426256311126392,51.7605955598,-1.2613253724,110.904625,5735841.666282235,619992.3441762467,-110.904625,30U,0.003,-0.005,0.001,0.00015880966237526102,0.002582604007791072,1.1595389758058976
1426256311230093,51.7605955598,-1.2613253724,110.904625,5735841.666282235,619992.3441762467,-110.904625,30U,0.004,-0.004,-0.001,8.873164730814395e-05,0.002559453046040091,1.15951827628649
1426256311321688,51.7605955598,-1.2613253724,110.904625,5735841.666282235,619992.3441762467,-110.904625,30U,0.002,-0.006,0.002,7.89084822376436e-05,0.002555999606682401,1.1595160935585287
1426256311413283,51.7605955598,-1.2613253724,110.904625,5735841.666282235,619992.3441762467,-110.904625,30U,0.001,-0.006,0.002,0.00012909999938671,0.00257149999968774,1.1595306000004877
1426256311519874,51.7605955598,-1.2613253724,110.904625,5735841.666282235,619992.3441762467,-110.904625,30U,0.002,-0.005,0.001,0.0001624790740105804,0.002583787908255931,1.159514148842863
1426256311624557,51.7605955598,-1.2613253724,110.904625,5735841.666282235,619992.3441762467,-110.904625,30U,0.002,-0.004,-0.0,0.00012683747148148445,0.002554957659081595,1.1595117302441253
1426256311715886,51.7605955598,-1.2613253724,110.904625,5735841.666282235,619992.3441762467,-110.904625,30U,0.002,-0.005,0.003,2.9130704114408686e-05,0.0025831000006938916,1.1594925823328948
1426256311807215,51.7605955598,-1.2613253724,110.904625,5735841.666282235,619992.3441762467,-110.904625,30U,0.001,-0.007,0.001,4.7417752635334444e-05,0.0025867544374042284,1.159475124195341
1426256311898649,51.7605955598,-1.2613253724,110.904625,5735841.666282235,619992.3441762467,-110.904625,30U,0.002,-0.005,0.0,7.981162031238059e-05,0.002592373027512188,1.1594836274446927
1426256311990089,51.7605955598,-1.2613253724,110.904625,5735841.666282235,619992.3441762467,-110.904625,30U,0.002,-0.005,0.002,9.434836991380324e-05,0.0025498432684145983,1.1594617483706902
1426256312093108,51.7605955598,-1.2613253724,110.904625,5735841.666282235,619992.3441762467,-110.904625,30U,0.001,-0.005,0.004,6.789999949493156e-05,0.0025827084832000962,1.1594767907299584
1426256312199987,51.7605955598,-1.2613253724,110.904625,5735841.666282235,619992.3441762467,-110.904625,30U,0.001,-0.005,0.0,7.45730285251536e-05,0.0026181186114371466,1.1594693702409868
1426256312306505,51.7605955598,-1.2613253724,110.904625,5735841.666282235,619992.3441762467,-110.904625,30U,0.002,-0.005,0.002,5.558185309744952e-05,0.0025952911237737426,1.1594510241951013
1426256312412971,51.7605955598,-1.2613253724,110.904625,5735841.666282235,619992.3441762467,-110.904625,30U,0.001,-0.006,0.003,2.9399999691345148e-05,0.0025884000001455206,1.1594559999996443
1426256312519850,51.7605955598,-1.2613253724,110.904625,5735841.666282235,619992.3441762467,-110.904625,30U,0.002,-0.006,0.001,7.290836140986947e-05,0.0025982948982482775,1.1594407614077722
1426256312626660,51.7605955598,-1.2613253724,110.904625,5735841.666282235,619992.3441762467,-110.904625,30U,0.0,-0.006,0.002,9.298224660306047e-05,0.0025568725837223343,1.1594224721915523
1426256312732993,51.7605955598,-1.2613253724,110.904625,5735841.666282235,619992.3441762467,-110.904625,30U,0.002,-0.004,0.003,8.123301820053402e-05,0.0026028572046209544,1.1594402125645542
1426256312835597,51.7605955598,-1.2613253724,110.904625,5735841.666282235,619992.3441762467,-110.904625,30U,0.001,-0.006,0.002,8.840926928733732e-05,0.002579503613634475,1.1594011758044471
1426256312927014,51.7605955598,-1.2613253724,110.904625,5735841.666282235,619992.3441762467,-110.904625,30U,0.0,-0.006,0.003,0.00011142324189065838,0.002583438592823449,1.1594349572036438
1426256313018437,51.7605955598,-1.2613253724,110.904625,5735841.666282235,619992.3441762467,-110.904625,30U,0.001,-0.003,0.002,0.00012888048932668667,0.0026226395377985873,1.1594044948970859
1426256313109962,51.7605955598,-1.2613253724,110.904625,5735841.666282235,619992.3441762467,-110.904625,30U,0.001,-0.006,0.002,7.88447742292873e-05,0.002593560486703392,1.1593758721902485
1426256313201487,51.7605955598,-1.2613253724,110.904625,5735841.666282235,619992.3441762467,-110.904625,30U,0.003,-0.007,0.003,5.517675868740314e-05,0.0026180823330233145,1.1594051093053424
1426256313306432,51.7605955598,-1.2613253724,110.904625,5735841.666282235,619992.3441762467,-110.904625,30U,0.002,-0.006,0.003,0.00017401940046427717,0.0025624907305166634,1.1593900516098656
1426256313413294,51.7605955598,-1.2613253724,110.904625,5735841.666282235,619992.3441762467,-110.904625,30U,0.001,-0.006,0.003,0.00012520000008660488,0.0026040000008365994,1.1593815999995705
1426256313504599,51.7605955598,-1.2613253724,110.904625,5735841.666282235,619992.3441762467,-110.904625,30U,0.002,-0.005,0.002,0.00020906745316668417,0.002600518138792041,1.159355591165889
1426256313595904,51.7605955598,-1.2613253724,110.904625,5735841.666282235,619992.3441762467,-110.904625,30U,0.002,-0.006,0.002,9.888632894341437e-05,0.002589415711957011,1.159364532677888
1426256313699599,51.7605955598,-1.2613253724,110.904625,5735841.666282235,619992.3441762467,-110.904625,30U,0.001,-0.008,0.003,0.0002886776572473968,0.002563687434716915,1.1594265874353278
1426256313806153,51.7605955598,-1.2613253724,110.904625,5735841.666282235,619992.3441762467,-110.904625,30U,0.002,-0.004,0.003,0.0003636810665127997,0.0026148028279428907,1.1593708705426153
1426256313912771,51.7605955598,-1.2613253724,110.904625,5735841.666282235,619992.3441762467,-110.904625,30U,0.003,-0.004,0.002,0.00030808143374626013,0.0025959818605144993,1.1593539209259378
1426256314019406,51.7605955598,-1.2613253724,110.904625,5735841.666282235,619992.3441762467,-110.904625,30U,0.003,-0.005,0.003,0.00014149489838337776,0.002602027916662857,1.1593470641940222
1426256314126239,51.7605955598,-1.2613253724,110.904625,5735841.666282235,619992.3441762467,-110.904625,30U,0.001,-0.008,0.004,0.00013712985086809096,0.0025605608798201602,1.1593118391195552
1426256314233050,51.7605955598,-1.2613253724,110.904625,5735841.666282235,619992.3441762467,-110.904625,30U,0.001,-0.008,0.003,0.00020366788093589952,0.002583017666531758,1.1593364423243981
1426256314339772,51.7605955598,-1.2613253724,110.904625,5735841.666282235,619992.3441762467,-110.904625,30U,0.001,-0.007,0.003,0.0002717088768544534,0.0025751850756530956,1.1593398604871612
1426256314438101,51.7605955598,-1.2613253724,110.904625,5735841.666282235,619992.3441762467,-110.904625,30U,0.003,-0.007,0.005,0.0002525999999126534,0.0025949999993638514,1.159339499999876
1426256314517967,51.7605955598,-1.2613253724,110.904625,5735841.666282235,619992.3441762467,-110.904625,30U,0.003,-0.006,0.001,0.00020565767671089144,0.0025852860639792577,1.1593138939532794
1426256314597833,51.7605955598,-1.2613253724,110.904625,5735841.666282235,619992.3441762467,-110.904625,30U,0.001,-0.01,0.003,0.00022023833356030648,0.0025600415536105713,1.1593456326784606
1426256314699558,51.7605955598,-1.2613253724,110.904625,5735841.666282235,619992.3441762467,-110.904625,30U,0.002,-0.009,0.004,0.00037632229778943537,0.0026055395365711617,1.159358076286106
1426256314806327,51.7605955598,-1.2613253724,110.904625,5735841.666282235,619992.3441762467,-110.904625,30U,0.005,-0.006,0.003,0.00036269190988587823,0.0025691552248868427,1.1592847278085092
1426256314913195,51.7605955598,-1.2613253724,110.904625,5735841.666282235,619992.3441762467,-110.904625,30U,0.004,-0.006,0.002,0.0002180670270337657,0.002544699999529798,1.1592960478988459
1426256315019091,51.7605955598,-1.2613253724,110.904625,5735841.666282235,619992.3441762467,-110.904625,30U,0.001,-0.007,0.003,3.903722261932578e-05,0.002552802786575291,1.159295892110757
1426256315110312,51.7605955598,-1.2613253724,110.904625,5735841.666282235,619992.3441762467,-110.904625,30U,0.004,-0.01,0.004,0.00010364760285081817,0.0025983149241561154,1.1591959391203503
1426256315201533,51.7605955598,-1.2613253724,110.904625,5735841.666282235,619992.3441762467,-110.904625,30U,0.0,-0.013,0.001,0.00017876183354240566,0.002549046527356392,1.1593354222963876
1426256315306451,51.7605955598,-1.2613253724,110.904625,5735841.666282235,619992.3441762467,-110.904625,30U,0.002,-0.007,0.003,0.00027516936385166285,0.002547772190911011,1.159299877772562
1426256315413324,51.7605955598,-1.2613253724,110.904625,5735841.666282235,619992.3441762467,-110.904625,30U,0.002,-0.008,0.004,0.00022790000085466222,0.002578699999469675,1.1592251999998473
1426256315519711,51.7605955598,-1.2613253724,110.904625,5735841.666282235,619992.3441762467,-110.904625,30U,0.003,-0.009,0.003,0.0001678972130539478,0.0025620697693183874,1.1592871367503401
1426256315624234,51.7605955598,-1.2613253724,110.904625,5735841.666282235,619992.3441762467,-110.904625,30U,0.001,-0.009,0.001,0.0001289754125487149,0.0025397608800622746,1.1592123338584617
1426256315715714,51.7605955598,-1.2613253724,110.904625,5735841.666282235,619992.3441762467,-110.904625,30U,-0.0,-0.011,0.005,0.0002441567322913525,0.002565726499391361,1.159244220453173
1426256315807193,51.7605955598,-1.2613253724,110.904625,5735841.666282235,619992.3441762467,-110.904625,30U,0.002,-0.008,0.002,0.00024804234135177494,0.002584866928395379,1.15924748546853
1426256315912824,51.7605955598,-1.2613253724,110.904625,5735841.666282235,619992.3441762467,-110.904625,30U,0.002,-0.009,0.001,0.00020386235075714446,0.0025511334908468303,1.1592169967411778
1426256316018457,51.7605955598,-1.2613253724,110.904625,5735841.666282235,619992.3441762467,-110.904625,30U,0.0,-0.009,0.003,0.00014620325914384885,0.002561724185399846,1.1592338153516966
1426256316109971,51.7605955598,-1.2613253724,110.904625,5735841.666282235,619992.3441762467,-110.904625,30U,-0.0,-0.01,0.002,0.00013898146019955621,0.002575945168287669,1.1592028818533646
1426256316201486,51.7605955598,-1.2613253724,110.904625,5735841.666282235,619992.3441762467,-110.904625,30U,-0.0,-0.012,0.001,0.00019991719455330243,0.002577885120949882,1.1592259874348096
1426256316306309,51.7605955598,-1.2613253724,110.904625,5735841.666282235,619992.3441762467,-110.904625,30U,-0.001,-0.009,0.002,0.000235633464013128,0.002557875805957698,1.1592231641011999
1426256316413033,51.7605955598,-1.2613253724,110.904625,5735841.666282235,619992.3441762467,-110.904625,30U,-0.001,-0.009,0.002,0.0001946000001178827,0.002570199999921038,1.159205599999471
1426256316519787,51.7605955598,-1.2613253724,110.904625,5735841.666282235,619992.3441762467,-110.904625,30U,-0.0,-0.009,0.001,0.00018216140680339126,0.0025858762872083925,1.1592079153515114
1426256316624633,51.7605955598,-1.2613253724,110.904625,5735841.666282235,619992.3441762467,-110.904625,30U,0.0,-0.01,0.002,0.00017622662935748253,0.002548136292772916,1.1591937516101873
1426256316716132,51.7605955598,-1.2613253724,110.904625,5735841.666282235,619992.3441762467,-110.904625,30U,-0.0,-0.01,0.002,0.0001907669813184813,0.0025617000003724014,1.1591980818610732
1426256316807631,51.7605955598,-1.2613253724,110.904625,5735841.666282235,619992.3441762467,-110.904625,30U,-0.0,-0.009,0.002,0.00019169395186415428,0.00257008790265917,1.1591858576587681
1426256316913302,51.7605955598,-1.2613253724,110.904625,5735841.666282235,619992.3441762467,-110.904625,30U,0.001,-0.01,0.002,0.00017109069434619937,0.0025647730277663264,1.159178487908263
1426256317018966,51.7605955598,-1.2613253724,110.904625,5735841.666282235,619992.3441762467,-110.904625,30U,0.0,-0.01,0.002,0.0001881120929254319,0.0025535060460534303,1.1591814334899695
1426256317110354,51.7605955598,-1.2613253724,110.904625,5735841.666282235,619992.3441762467,-110.904625,30U,0.0,-0.01,0.002,0.00019963307065904107,0.002564290336017736,1.1591682879021725
1426256317201743,51.7605955598,-1.2613253724,110.904625,5735841.666282235,619992.3441762467,-110.904625,30U,0.0,-0.011,0.002,0.00021192744392678167,0.0025692004725477013,1.159158693952938
1426256317306592,51.7605955598,-1.2613253724,110.904625,5735841.666282235,619992.3441762467,-110.904625,30U,0.001,-0.009,0.002,0.00018532741661321644,0.002562133070665028,1.1591517366848216
1426256317413364,51.7605955598,-1.2613253724,110.904625,5735841.666282235,619992.3441762467,-110.904625,30U,0.0,-0.01,0.003,0.0001713999998509086,0.002574699999784748,1.1591343000008547
1426256317520023,51.7605955598,-1.2613253724,110.904625,5735841.666282235,619992.3441762467,-110.904625,30U,0.001,-0.011,0.003,0.00018739497378770172,0.0025745435606879035,1.159132202513029
1426256317624770,51.7605955598,-1.2613253724,110.904625,5735841.666282235,619992.3441762467,-110.904625,30U,0.001,-0.01,0.004,0.00021758733027017204,0.002562387330230458,1.159128828203409
1426256317716136,51.7605955598,-1.2613253724,110.904625,5735841.666282235,619992.3441762467,-110.904625,30U,0.0,-0.01,0.003,0.00020812710467229463,0.0025647231933801943,1.159121503313102
1426256317807502,51.7605955598,-1.2613253724,110.904625,5735841.666282235,619992.3441762467,-110.904625,30U,0.001,-0.01,0.004,0.0002068553338609147,0.002574563912972311,1.1591143144345577
1426256317912934,51.7605955598,-1.2613253724,110.904625,5735841.666282235,619992.3441762467,-110.904625,30U,0.001,-0.01,0.003,0.00021907905794586385,0.0025517745694797096,1.1591215925203704
1426256318019333,51.7605955598,-1.2613253724,110.904625,5735841.666282235,619992.3441762467,-110.904625,30U,0.001,-0.008,0.002,0.00018057187262174697,0.00255051992383895,1.159097164841545
1426256318126170,51.7605955598,-1.2613253724,110.904625,5735841.666282235,619992.3441762467,-110.904625,30U,0.0,-0.008,0.003,0.00012810675345335107,0.0025786916393425578,1.1590650951757577
1426256318227986,51.7605955598,-1.2613253724,110.904625,5735841.666282235,619992.3441762467,-110.904625,30U,-0.0,-0.011,0.002,0.00014835443329746793,0.002575724630228716,1.1591008347296552
1426256318308047,51.7605955598,-1.2613253724,110.904625,5735841.666282235,619992.3441762467,-110.904625,30U,0.0,-0.009,0.002,0.00022621817889816024,0.0025558213911124803,1.1590883197869124
1426256318388108,51.7605955598,-1.2613253724,110.904625,5735841.666282235,619992.3441762467,-110.904625,30U,0.0,-0.008,0.003,0.00025469999926727466,0.002573900000196828,1.1590658000007965
1426256318486447,51.7605955598,-1.2613253724,110.904625,5735841.666282235,619992.3441762467,-110.904625,30U,0.002,-0.008,0.003,0.0001808177406441339,0.002582827711877288,1.1590714395889605
1426256318593093,51.7605955598,-1.2613253724,110.904625,5735841.666282235,619992.3441762467,-110.904625,30U,0.001,-0.009,0.002,0.0001391243328521245,0.0025636216619840534,1.1590561145997997
1426256318699792,51.7605955598,-1.2613253724,110.904625,5735841.666282235,619992.3441762467,-110.904625,30U,0.0,-0.009,0.004,0.00018668627237295392,0.0025655093786870844,1.1590419191301349
1426256318806503,51.7605955598,-1.2613253724,110.904625,5735841.666282235,619992.3441762467,-110.904625,30U,0.001,-0.008,0.004,0.0002133064250781239,0.002592873523364477,1.1590456131090248
1426256318913190,51.7605955598,-1.2613253724,110.904625,5735841.666282235,619992.3441762467,-110.904625,30U,0.002,-0.008,0.002,0.00019411134981522633,0.0025729657865347587,1.159034815188039
1426256319019868,51.7605955598,-1.2613253724,110.904625,5735841.666282235,619992.3441762467,-110.904625,30U,0.001,-0.008,0.003,0.00017995952734434326,0.0025670149607863782,1.159017608503561
1426256319126440,51.7605955598,-1.2613253724,110.904625,5735841.666282235,619992.3441762467,-110.904625,30U,0.001,-0.008,0.004,0.0001608811779564898,0.0025789682408677433,1.159011605885167
1426256319230185,51.7605955598,-1.2613253724,110.904625,5735841.666282235,619992.3441762467,-110.904625,30U,0.001,-0.009,0.003,0.00020410389385364496,0.002581423856293446,1.1590202174287083
1426256319321682,51.7605955598,-1.2613253724,110.904625,5735841.666282235,619992.3441762467,-110.904625,30U,0.001,-0.008,0.002,0.00022843153564236935,0.0025595684646635255,1.159014867385431
1426256319413179,51.7605955598,-1.2613253724,110.904625,5735841.666282235,619992.3441762467,-110.904625,30U,0.001,-0.008,0.003,0.00021619999946368825,0.0025737999998120056,1.1590023999994197
1426256319520046,51.7605955598,-1.2613253724,110.904625,5735841.666282235,619992.3441762467,-110.904625,30U,0.002,-0.008,0.002,0.00020263491479942367,0.0025844698293386362,1.1590020435595532
1426256319625005,51.7605955598,-1.2613253724,110.904625,5735841.666282235,619992.3441762467,-110.904625,30U,0.001,-0.009,0.002,0.0001894183322442095,0.0025705302074888687,1.1589956837508013
1426256319716605,51.7605955598,-1.2613253724,110.904625,5735841.666282235,619992.3441762467,-110.904625,30U,0.001,-0.009,0.002,0.00022798657442154888,0.0025884918446067487,1.1589951594730925
1426256319808205,51.7605955598,-1.2613253724,110.904625,5735841.666282235,619992.3441762467,-110.904625,30U,0.001,-0.009,0.001,0.0002265320571655096,0.0025675208671593493,1.1590022002517228
1426256319899805,51.760595561,-1.2613254457,110.903625,5735841.666295084,619992.3391147244,-110.903625,30U,0.001,-0.008,0.001,0.00021333430671292448,0.0025680833134734387,1.1589989168021984
1426256319991406,51.7605955599,-1.2613254459,110.903641,5735841.666172427,619992.3391038391,-110.903641,30U,0.0,-0.008,0.001,0.00021689529151379302,0.002567847212313546,1.1589795167292882
1426256320094457,51.7605955583,-1.2613254467,110.903694,5735841.66599318,619992.3390528748,-110.903694,30U,-0.001,-0.009,-0.0,0.00021727401399884177,0.0025787740136472646,1.1589803925180535
1426256320201324,51.7605955567,-1.2613254463,110.903854,5735841.665815909,619992.3390847198,-110.903854,30U,0.0,-0.008,0.0,0.00022632780477380724,0.0025743011117655215,1.158967982406767
1426256320308191,51.7605955559,-1.261325446,110.903984,5735841.665727437,619992.3391075431,-110.903984,30U,-0.0,-0.009,0.0,0.00020375775317507243,0.0025678032108177734,1.1589640764681117
1426256320415057,51.760595556,-1.2613254435,110.904205,5735841.665742671,619992.3392798007,-110.904205,30U,0.001,-0.009,0.001,0.0002165999992576481,0.002563000000139103,1.1589619000006466
1426256320520733,51.7605955553,-1.2613254587,110.904091,5735841.665639819,619992.3382327234,-110.904091,30U,0.0,-0.009,0.0,0.00020240000046342223,0.002570553579192882,1.1589418618947027
1426256320626533,51.7605955544,-1.2613254731,110.903984,5735841.665516039,619992.3372413837,-110.903984,30U,0.001,-0.009,0.0,0.00020426179204574365,0.0026121089611116565,1.1589519000005615
1426256320733211,51.760595555,-1.2613254873,110.904083,5735841.665559402,619992.3362598692,-110.904083,30U,0.002,-0.009,-0.001,0.00024400667935424154,0.0025422287895872286,1.1589305170573427
1426256320836071,51.7605955555,-1.2613255011,110.90406,5735841.6655923,619992.3353062222,-110.90406,30U,0.0,-0.008,0.001,0.00023962856979483282,0.00254895933594295,1.1589488010986613
1426256320927484,51.7605955554,-1.2613255115,110.903969,5735841.665564069,619992.3345887959,-110.903969,30U,0.001,-0.007,-0.0,0.0002136201898990719,0.0025964774903888344,1.1589189427004591
1426256321018893,51.7605955554,-1.2613255252,110.90403,5735841.665541528,619992.3336433761,-110.90403,30U,0.002,-0.009,-0.001,0.00018010841265618462,0.002577500000087795,1.1589175812528856
1426256321110235,51.760595556,-1.2613255389,110.904053,5735841.665585711,619992.3326963661,-110.904053,30U,0.001,-0.008,0.0,0.00021630758854009822,0.002549277097567885,1.1589261304916632
1426256321201577,51.7605955563,-1.2613255505,110.903961,5735841.665599988,619992.3318950689,-110.903961,30U,0.001,-0.007,0.001,0.0002210985854046635,0.0025670678861506157,1.1589069660574003
1426256321306402,51.7605955568,-1.2613255612,110.903915,5735841.665637987,619992.3311553495,-110.903915,30U,0.001,-0.007,-0.0,0.00021372360240258184,0.0026046442978566197,1.1589032562309212
1426256321413152,51.7605955583,-1.261325572,110.903931,5735841.665787026,619992.3304060783,-110.903931,30U,0.002,-0.007,-0.0,0.00021939999956069607,0.0025628999997542807,1.1589103999996853
1426256321504750,51.7605955583,-1.261325572,110.903931,5735841.665787026,619992.3304060783,-110.903931,30U,0.001,-0.007,0.0,0.00022212974687069276,0.0025726796747104802,1.1588981999998607
1426256321596347,51.7605955583,-1.261325572,110.903931,5735841.665787026,619992.3304060783,-110.903931,30U,0.001,-0.007,0.0,0.00022486348923934725,0.0025951058500923263,1.1588899167928943
1426256321700349,51.7605955583,-1.261325572,110.903931,5735841.665787026,619992.3304060783,-110.903931,30U,0.002,-0.007,-0.001,0.00024189754494631526,0.002582325118139237,1.1588786842308199
1426256321807213,51.7605955583,-1.261325572,110.903931,5735841.665787026,619992.3304060783,-110.903931,30U,0.001,-0.006,-0.0,0.00021475291207427474,0.002573737256970726,1.158875094114728
1426256321914077,51.7605955583,-1.261325572,110.903931,5735841.665787026,619992.3304060783,-110.903931,30U,0.0,-0.006,0.0,0.00022056766148219459,0.0025979676612308336,1.1588669825521671
1426256322020941,51.7605955583,-1.261325572,110.903931,5735841.665787026,619992.3304060783,-110.903931,30U,0.001,-0.007,-0.0,0.000180254700918099,0.0026068426709492006,1.1588458901556544
1426256322127805,51.7605955583,-1.261325572,110.903931,5735841.665787026,619992.3304060783,-110.903931,30U,0.001,-0.008,-0.001,0.0002544209577717951,0.0025683130232376106,1.1588598238032424
1426256322234669,51.7605955583,-1.261325572,110.903931,5735841.665787026,619992.3304060783,-110.903931,30U,0.0,-0.007,0.001,0.00023801452595450276,0.002599528065867262,1.1588624057839965
1426256322341533,51.7605955583,-1.261325572,110.903931,5735841.665787026,619992.3304060783,-110.903931,30U,0.001,-0.008,0.001,0.0002635462250156175,0.0026139092228565277,1.1588437225370085
1426256322440048,51.7605955583,-1.261325572,110.903931,5735841.665787026,619992.3304060783,-110.903931,30U,0.002,-0.007,-0.0,0.00026680000045220845,0.0025895999995274002,1.1588479000000265
1426256322520197,51.7605955583,-1.261325572,110.903931,5735841.665787026,619992.3304060783,-110.903931,30U,0.001,-0.006,0.001,0.000209940032271548,0.002587291293700825,1.1588274646047856
1426256322600344,51.7605955583,-1.261325572,110.903931,5735841.665787026,619992.3304060783,-110.903931,30U,0.0,-0.008,0.001,0.00021247438822645466,0.002593394923025218,1.1588154147905432
1426256322702199,51.7605955583,-1.261325572,110.903931,5735841.665787026,619992.3304060783,-110.903931,30U,-0.001,-0.007,-0.002,0.000238493866670929,0.0025584448129644453,1.158840697546312
1426256322809062,51.7605955583,-1.261325572,110.903931,5735841.665787026,619992.3304060783,-110.903931,30U,0.001,-0.007,0.0,0.00021438832501083789,0.0025827382462998306,1.158843715794802
1426256322915926,51.7605955583,-1.261325572,110.903931,5735841.665787026,619992.3304060783,-110.903931,30U,0.002,-0.007,-0.0,0.0002354917746937926,0.002573197979902457,1.1588000202011426
1426256323021836,51.7605955583,-1.261325572,110.903931,5735841.665787026,619992.3304060783,-110.903931,30U,0.001,-0.007,-0.0,0.00020907554451309642,0.002542694687777756,1.15882564787935
1426256323113434,51.7605955583,-1.261325572,110.903931,5735841.665787026,619992.3304060783,-110.903931,30U,0.001,-0.006,-0.0,0.00023752508676302446,0.0025831199061740104,1.1588061301520491
1426256323205031,51.7605955583,-1.261325572,110.903931,5735841.665787026,619992.3304060783,-110.903931,30U,0.001,-0.007,0.0,0.0002311612654990735,0.0025603830185520777,1.1587948011099192
1426256323309987,51.7605955583,-1.261325572,110.903931,5735841.665787026,619992.3304060783,-110.903931,30U,0.001,-0.006,0.0,0.00022585029141710783,0.0025646293208463756,1.1588145759224728
1426256323416851,51.7605955583,-1.261325572,110.903931,5735841.665787026,619992.3304060783,-110.903931,30U,0.0,-0.005,-0.001,0.00022590000013953388,0.002535699999802379,1.1587968000006048
1426256323523715,51.7605955583,-1.261325572,110.903931,5735841.665787026,619992.3304060783,-110.903931,30U,-0.0,-0.007,0.001,0.00022161972326601646,0.0025628723170870145,1.1587924688578555
1426256323628671,51.7605955583,-1.261325572,110.903931,5735841.665787026,619992.3304060783,-110.903931,30U,0.001,-0.006,0.0,0.000231620494786529,0.0025447063246030075,1.1587879359009394
1426256323720269,51.7605955583,-1.261325572,110.903931,5735841.665787026,619992.3304060783,-110.903931,30U,-0.001,-0.006,-0.0,0.00019055133367209265,0.002538948666660249,1.1587827681625387
1426256323811866,51.7605955583,-1.261325572,110.903931,5735841.665787026,619992.3304060783,-110.903931,30U,-0.001,-0.007,-0.0,0.0001587821402782863,0.0025821354671720573,1.1587641709358483
1426256323917776,51.7605955583,-1.261325572,110.903931,5735841.665787026,619992.3304060783,-110.903931,30U,-0.0,-0.009,0.0,0.00023525245165610063,0.0025411822116279165,1.1587711565568382
1426256324023686,51.7605955583,-1.261325572,110.903931,5735841.665787026,619992.3304060783,-110.903931,30U,-0.001,-0.007,0.0,0.00024986618249484097,0.002523772871734526,1.1587830921898954
1426256324115283,51.7605955583,-1.261325572,110.903931,5735841.665787026,619992.3304060783,-110.903931,30U,-0.001,-0.006,0.0,0.00025614463446908917,0.0025724459803596255,1.1587520953081865
1426256324206880,51.7605955583,-1.261325572,110.903931,5735841.665787026,619992.3304060783,-110.903931,30U,-0.0,-0.007,-0.001,0.00017564997955394064,0.0025676127988870394,1.1587547999995496
1426256324311836,51.7605955583,-1.261325572,110.903931,5735841.665787026,619992.3304060783,-110.903931,30U,-0.0,-0.008,-0.0,0.00013699618482732696,0.0025378006362021775,1.158731813966177
1426256324418700,51.7605955583,-1.261325572,110.903931,5735841.665787026,619992.3304060783,-110.903931,30U,-0.002,-0.008,0.001,0.00017190000002969064,0.002565000000854231,1.1587211000007642
1426256324525564,51.7605955583,-1.261325572,110.903931,5735841.665787026,619992.3304060783,-110.903931,30U,-0.001,-0.008,-0.001,0.00015601488584266428,0.0025791023240421982,1.1587105253475323
1426256324630520,51.7605955583,-1.261325572,110.903931,5735841.665787026,619992.3304060783,-110.903931,30U,-0.0,-0.009,-0.001,0.0002018057001451549,0.00256266394048229,1.1587124177207737
1426256324722118,51.7605955583,-1.261325572,110.903931,5735841.665787026,619992.3304060783,-110.903931,30U,-0.001,-0.008,-0.0,0.00018623284979591982,0.002547368199549052,1.1587134625499131
1426256324813715,51.7605955583,-1.261325572,110.903931,5735841.665787026,619992.3304060783,-110.903931,30U,-0.001,-0.009,-0.002,0.0002158147878444806,0.002581511274599691,1.158694972533563
1426256324919625,51.7605955583,-1.261325572,110.903931,5735841.665787026,619992.3304060783,-110.903931,30U,-0.001,-0.009,-0.003,0.00020252452970555203,0.002571023095450949,1.1586990490606994
1426256325025535,51.7605955583,-1.261325572,110.903931,5735841.665787026,619992.3304060783,-110.903931,30U,-0.002,-0.009,-0.002,0.00019975821949305532,0.0025478403250743507,1.158699405992749
1426256325117133,51.7605955583,-1.261325572,110.903931,5735841.665787026,619992.3304060783,-110.903931,30U,-0.002,-0.009,-0.003,0.00015317054894062787,0.0025780000002665776,1.1586795284239353
1426256325208730,51.7605955583,-1.261325572,110.903931,5735841.665787026,619992.3304060783,-110.903931,30U,-0.003,-0.01,-0.003,0.00017107598994725131,0.0025855387073698013,1.1586746010767135
1426256325313686,51.7605955583,-1.261325572,110.903931,5735841.665787026,619992.3304060783,-110.903931,30U,-0.002,-0.01,-0.003,0.00017828736578525106,0.0025711225268584357,1.1586796925564435
1426256325420549,51.7605955583,-1.261325572,110.903931,5735841.665787026,619992.3304060783,-110.903931,30U,-0.003,-0.009,-0.003,0.00022309999983648592,0.002561800000757223,1.1586645999997605
1426256325527413,51.7605955583,-1.261325572,110.903931,5735841.665787026,619992.3304060783,-110.903931,30U,-0.002,-0.009,-0.003,0.00016874118970302993,0.0025940628762379197,1.158653149322144
1426256325632369,51.7605955583,-1.261325572,110.903931,5735841.665787026,619992.3304060783,-110.903931,30U,-0.003,-0.01,-0.005,0.00016670231003348417,0.0025716152490142365,1.1586527516174578
1426256325723967,51.7605955583,-1.261325572,110.903931,5735841.665787026,619992.3304060783,-110.903931,30U,-0.003,-0.01,-0.003,0.00014208268338754737,0.002572731542405191,1.1586384625510213
1426256325815564,51.7605955583,-1.261325572,110.903931,5735841.665787026,619992.3304060783,-110.903931,30U,-0.003,-0.011,-0.003,0.00017841350422095117,0.0025901848244531582,1.1586323069806983
1426256325921474,51.7605955583,-1.261325572,110.903931,5735841.665787026,619992.3304060783,-110.903931,30U,-0.003,-0.01,-0.003,0.00018474674906173642,0.002570176333256381,1.1586342180429252
1426256326028032,51.7605955583,-1.261325572,110.903931,5735841.665787026,619992.3304060783,-110.903931,30U,-0.002,-0.009,-0.004,0.00016360802452926966,0.002601915761805124,1.158610930947238
1426256326129994,51.7605955583,-1.261325572,110.903931,5735841.665787026,619992.3304060783,-110.903931,30U,-0.003,-0.01,-0.003,0.0001702738854922538,0.002571121657684468,1.1586261592346863
1426256326227854,51.7605955583,-1.261325572,110.903931,5735841.665787026,619992.3304060783,-110.903931,30U,-0.002,-0.008,-0.003,0.00016462274848440367,0.002596364693249937,1.1586096047361165
1426256326307940,51.7605955583,-1.261325572,110.903931,5735841.665787026,619992.3304060783,-110.903931,30U,-0.003,-0.01,-0.004,0.00014999232531669724,0.002585331892834757,1.15859253405293
1426256326388025,51.7605955583,-1.261325572,110.903931,5735841.665787026,619992.3304060783,-110.903931,30U,-0.003,-0.01,-0.004,0.00019979999918468954,0.0025946999999547143,1.1586051999998142
1426256326486382,51.7605955583,-1.261325572,110.903931,5735841.665787026,619992.3304060783,-110.903931,30U,-0.004,-0.009,-0.005,0.0001784178029668988,0.0025866940210868415,1.1585808930471584
1426256326593043,51.7605955583,-1.261325572,110.903931,5735841.665787026,619992.3304060783,-110.903931,30U,-0.003,-0.01,-0.004,0.00016790678094890724,0.0025930016933634267,1.1585775254238946
1426256326699631,51.7605955583,-1.261325572,110.903931,5735841.665787026,619992.3304060783,-110.903931,30U,-0.004,-0.011,-0.005,0.0001433463122379668,0.002593247887762384,1.1585724444074137
1426256326806201,51.7605955583,-1.261325572,110.903931,5735841.665787026,619992.3304060783,-110.903931,30U,-0.004,-0.012,-0.004,0.00019320518533956637,0.002591993278773539,1.1585592668382032
1426256326913039,51.7605955583,-1.261325572,110.903931,5735841.665787026,619992.3304060783,-110.903931,30U,-0.004,-0.01,-0.004,0.0002069554058042363,0.0026082789407879097,1.1585615343472784
1426256327019879,51.7605955583,-1.261325572,110.903931,5735841.665787026,619992.3304060783,-110.903931,30U,-0.003,-0.01,-0.004,0.00017621460578426553,0.0025960704063034408,1.1585378999048896
1426256327126494,51.7605955583,-1.261325572,110.903931,5735841.665787026,619992.3304060783,-110.903931,30U,-0.004,-0.01,-0.004,0.0001531865274299299,0.0026063554675244942,1.1585329949258079
1426256327230268,51.7605955583,-1.261325572,110.903931,5735841.665787026,619992.3304060783,-110.903931,30U,-0.004,-0.011,-0.004,0.00015498624637740412,0.0026041692384328485,1.1585383364309343
1426256327321734,51.7605955583,-1.261325572,110.903931,5735841.665787026,619992.3304060783,-110.903931,30U,-0.004,-0.012,-0.005,0.00020058925627106314,0.002613331368775802,1.1585143195834162
1426256327413199,51.7605955583,-1.261325572,110.903931,5735841.665787026,619992.3304060783,-110.903931,30U,-0.004,-0.011,-0.005,0.0001934000007360032,0.0026095999996973663,1.1585165000005613
1426256327519726,51.7605955583,-1.261325572,110.903931,5735841.665787026,619992.3304060783,-110.903931,30U,-0.004,-0.011,-0.005,0.00016586628510447413,0.0026228334857663856,1.1585027328853095
1426256327624357,51.7605955583,-1.261325572,110.903931,5735841.665787026,619992.3304060783,-110.903931,30U,-0.004,-0.013,-0.006,0.00016850032204894993,0.0026183669770256934,1.1584960668341056
1426256327715725,51.7605955583,-1.261325572,110.903931,5735841.665787026,619992.3304060783,-110.903931,30U,-0.005,-0.013,-0.005,0.00018656682203894745,0.0026152666561729252,1.158497033210695
1426256327807093,51.7605955583,-1.261325572,110.903931,5735841.665787026,619992.3304060783,-110.903931,30U,-0.005,-0.012,-0.005,0.00018826636781400346,0.0026268336320589706,1.1584811001435869
1426256327898660,51.7605955583,-1.261325572,110.903931,5735841.665787026,619992.3304060783,-110.903931,30U,-0.005,-0.011,-0.006,0.00015856658338901875,0.002624766224982801,1.158476099928869
1426256327990241,51.7605955583,-1.261325572,110.903931,5735841.665787026,619992.3304060783,-110.903931,30U,-0.005,-0.012,-0.006,0.00011696622782607942,0.002617366800389875,1.1584687665143736
1426256328093247,51.7605955583,-1.261325572,110.903931,5735841.665787026,619992.3304060783,-110.903931,30U,-0.006,-0.013,-0.007,0.00013780003635690576,0.0026381666552854326,1.1584571336313645
1426256328200061,51.7605955583,-1.261325572,110.903931,5735841.665787026,619992.3304060783,-110.903931,30U,-0.005,-0.013,-0.007,0.00014210123449216684,0.002627433278320737,1.1584690000673528
1426256328306527,51.7605955583,-1.261325572,110.903931,5735841.665787026,619992.3304060783,-110.903931,30U,-0.005,-0.012,-0.007,0.00020193184381684276,0.00263079967810863,1.158453133380352
1426256328412943,51.7605955583,-1.261325572,110.903931,5735841.665787026,619992.3304060783,-110.903931,30U,-0.006,-0.011,-0.007,0.00018629999959356104,0.0026248000005944854,1.1584497000000635
1426256328519578,51.7605955583,-1.261325572,110.903931,5735841.665787026,619992.3304060783,-110.903931,30U,-0.006,-0.012,-0.009,0.00013159997061002314,0.002636832799621901,1.1584502999709565
1426256328626227,51.7605955583,-1.261325572,110.903931,5735841.665787026,619992.3304060783,-110.903931,30U,-0.007,-0.012,-0.008,0.00016609903523220307,0.0026071003583412818,1.1584237664040353
1426256328732969,51.7605955583,-1.261325572,110.903931,5735841.665787026,619992.3304060783,-110.903931,30U,-0.008,-0.012,-0.009,0.00012793391175219682,0.002654466922214985,1.1584264337121917
1426256328835887,51.7605955583,-1.261325572,110.903931,5735841.665787026,619992.3304060783,-110.903931,30U,-0.008,-0.013,-0.01,0.00010293305981906391,0.002636333452196259,1.1584299667612523
1426256328927332,51.7605955279,-1.2613256713,110.908005,5735841.662242977,619992.3236341105,-110.908005,30U,-0.008,-0.014,-0.009,0.00017266715601174624,0.002638866368254533,1.158423366655569
1426256329018780,51.7605955262,-1.2613256744,110.908035,5735841.662048825,619992.3234246911,-110.908035,30U,-0.008,-0.013,-0.008,0.00017076660066673807,0.002630300171858026,1.158424433200095
1426256329110281,51.7605955252,-1.2613256755,110.907997,5735841.66193581,619992.3233514323,-110.907997,30U,-0.007,-0.013,-0.009,0.00017776590329265717,0.002649699714188124,1.1584043666191046
1426256329201782,51.7605955241,-1.2613256767,110.908066,5735841.661811507,619992.3232715386,-110.908066,30U,-0.008,-0.013,-0.009,0.0001208337448034757,0.0026299664893396544,1.1584138665893402
1426256329306406,51.7605955229,-1.2613256777,110.908112,5735841.661676414,619992.3232057118,-110.908112,30U,-0.008,-0.014,-0.008,0.00014313341697580852,0.0026366336662808944,1.158395666154529
1426256329412905,51.7605955209,-1.2613256769,110.908241,5735841.661455317,619992.323266221,-110.908241,30U,-0.009,-0.013,-0.009,0.00016600000001445715,0.0026410000001038402,1.1583768000005261
1426256329504350,51.7605955132,-1.2613256984,110.909119,5735841.660563656,619992.321802948,-110.909119,30U,-0.008,-0.013,-0.01,0.00014635330160898426,0.0026497000004221216,1.1583870378156842
1426256329595795,51.7605955059,-1.2613257186,110.910172,5735841.659718613,619992.320428326,-110.910172,30U,-0.008,-0.013,-0.011,0.00015572664995268517,0.002616079951679086,1.1583776006790472
1426256329699497,51.7605954986,-1.2613257383,110.911156,5735841.658874395,619992.3190882092,-110.911156,30U,-0.008,-0.013,-0.009,0.000126288155279358,0.0026411400976828975,1.1583624740291023
1426256329806027,51.7605954912,-1.2613257581,110.912064,5735841.658018892,619992.3177414562,-110.912064,30U,-0.009,-0.014,-0.01,0.00014473257141228984,0.0026530562615923897,1.1583807667516888
1426256329912685,51.7605954841,-1.2613257779,110.913139,5735841.65719675,619992.3163939074,-110.913139,30U,-0.007,-0.013,-0.01,0.00013291776749910746,0.0026543933984749155,1.1583698332517813
1426256330019360,51.7605954769,-1.2613257985,110.914177,5735841.656362173,619992.3149914163,-110.914177,30U,-0.008,-0.013,-0.011,0.0001481651453587721,0.002658644416648852,1.1583455296117604
1426256330126178,51.7605954697,-1.2613258193,110.915199,5735841.655527265,619992.3135751243,-110.915199,30U,-0.008,-0.013,-0.01,0.00010212368955839034,0.002652846019230694,1.1583489141263206
1426256330232999,51.7605954616,-1.2613258396,110.916229,5735841.654593093,619992.312195723,-110.916229,30U,-0.009,-0.014,-0.011,0.00012676082534738312,0.0026947526207361638,1.1583324407768345
1426256330339835,51.7605954533,-1.2613258616,110.917358,5735841.653633883,619992.3106995366,-110.917358,30U,-0.008,-0.015,-0.012,0.00018673121809185126,0.0026912533001630977,1.1583350769884593
1426256330438220,51.7605954456,-1.2613258827,110.918526,5735841.652742879,619992.3092638677,-110.918526,30U,-0.009,-0.014,-0.012,0.0002306000007728879,0.002690299999580329,1.1583395000001044
1426256330518012,51.7605954456,-1.2613258827,110.918526,5735841.652742879,619992.3092638677,-110.918526,30U,-0.009,-0.012,-0.015,0.00011168927195656435,0.0026474888340661234,1.1583297835915882
1426256330597804,51.7605954456,-1.2613258827,110.918526,5735841.652742879,619992.3092638677,-110.918526,30U,-0.008,-0.013,-0.012,7.050160298591758e-05,0.0025893161653577947,1.1582644888345957
1426256330699376,51.7605954456,-1.2613258827,110.918526,5735841.652742879,619992.3092638677,-110.918526,30U,-0.01,-0.016,-0.013,-1.2501845791912942e-05,0.002558129611737523,1.158307154903908
1426256330805974,51.7605954456,-1.2613258827,110.918526,5735841.652742879,619992.3092638677,-110.918526,30U,-0.009,-0.014,-0.012,7.432147771072218e-06,0.0025354532992579388,1.158296333249935
1426256330912634,51.7605954456,-1.2613258827,110.918526,5735841.652742879,619992.3092638677,-110.918526,30U,-0.012,-0.015,-0.013,4.4459224076327814e-05,0.0025106681071884996,1.1582839430580911
1426256331018354,51.7605954456,-1.2613258827,110.918526,5735841.652742879,619992.3092638677,-110.918526,30U,-0.01,-0.013,-0.012,4.0339854342539504e-05,0.0025386341757823324,1.1583185177670285
1426256331109913,51.7605954456,-1.2613258827,110.918526,5735841.652742879,619992.3092638677,-110.918526,30U,-0.01,-0.013,-0.012,-3.226651274685737e-06,0.002534583591219695,1.1582572273294112
1426256331201473,51.7605954456,-1.2613258827,110.918526,5735841.652742879,619992.3092638677,-110.918526,30U,-0.011,-0.015,-0.011,-2.664602023001377e-05,0.0025308749515641073,1.1582669756320738
1426256331306412,51.7605954456,-1.2613258827,110.918526,5735841.652742879,619992.3092638677,-110.918526,30U,-0.01,-0.015,-0.013,2.6160151982185084e-05,0.0025769658211262716,1.1582778095609474
1426256331413261,51.7605954456,-1.2613258827,110.918526,5735841.652742879,619992.3092638677,-110.918526,30U,-0.009,-0.015,-0.012,3.9399999776328315e-05,0.002503999999986768,1.158247699999394
1426256331519630,51.7605954456,-1.2613258827,110.918526,5735841.652742879,619992.3092638677,-110.918526,30U,-0.01,-0.014,-0.011,2.4030970722470388e-05,0.0025226045640412043,1.1582554674266596
1426256331624136,51.7605954456,-1.2613258827,110.918526,5735841.652742879,619992.3092638677,-110.918526,30U,-0.01,-0.014,-0.013,-1.6485873968855357e-05,0.002547050340185679,1.1582336917965765
1426256331715599,51.7605954456,-1.2613258827,110.918526,5735841.652742879,619992.3092638677,-110.918526,30U,-0.01,-0.016,-0.012,1.555582291705262e-06,0.002533762185168499,1.158222894078049
1426256331807063,51.7605954456,-1.2613258827,110.918526,5735841.652742879,619992.3092638677,-110.918526,30U,-0.011,-0.014,-0.011,4.1357868243313506e-05,0.002516891117033729,1.158237917765785
1426256331912732,51.7605954456,-1.2613258827,110.918526,5735841.652742879,619992.3092638677,-110.918526,30U,-0.011,-0.013,-0.011,2.5842135539179195e-05,0.0025465111643465073,1.15821900956331
1426256332018399,51.7605954456,-1.2613258827,110.918526,5735841.652742879,619992.3092638677,-110.918526,30U,-0.01,-0.013,-0.012,1.865262169538998e-05,0.00255056810714361,1.158203067427471
1426256332109824,51.7605954456,-1.2613258827,110.918526,5735841.652742879,619992.3092638677,-110.918526,30U,-0.011,-0.014,-0.011,-4.231892855993643e-06,0.002532091116185519,1.1582107029619504
1426256332201248,51.7605954456,-1.2613258827,110.918526,5735841.652742879,619992.3092638677,-110.918526,30U,-0.011,-0.013,-0.012,2.22266510870879e-05,0.002542746698589465,1.158190488834316
1426256332306089,51.7605954456,-1.2613258827,110.918526,5735841.652742879,619992.3092638677,-110.918526,30U,-0.011,-0.013,-0.012,2.465143178089587e-06,0.002545953299521704,1.1581867318944186
1426256332412847,51.7605954456,-1.2613258827,110.918526,5735841.652742879,619992.3092638677,-110.918526,30U,-0.011,-0.013,-0.011,1.1299999851684884e-05,0.0025395000004629913,1.1581782999993626
1426256332519576,51.760595441,-1.2613258924,110.919075,5735841.652215371,619992.3086066793,-110.919075,30U,-0.011,-0.012,-0.011,-6.376989773157274e-06,0.002543488154598285,1.1581653355331085
1426256332624374,51.760595429,-1.2613259175,110.920494,5735841.650839598,619992.3069063755,-110.920494,30U,-0.011,-0.013,-0.012,2.8450961202609967e-06,0.002550849660167883,1.1581507940780995
1426256332715658,51.7605954144,-1.2613259482,110.922234,5735841.649165474,619992.3048265174,-110.922234,30U,-0.012,-0.014,-0.012,-4.828010062012306e-06,0.00255334145626898,1.1581579118449483
1426256332806943,51.760595403,-1.2613259722,110.923599,5735841.647858236,619992.3032005324,-110.923599,30U,-0.011,-0.013,-0.012,3.962664997832155e-05,0.002560837816448562,1.1581526273265672
1426256332912706,51.7605953992,-1.2613259803,110.924042,5735841.647422323,619992.3026516364,-110.924042,30U,-0.01,-0.013,-0.012,3.8317766485727176e-05,0.0025601473781591074,1.1581382555821387
1426256333018478,51.7605953988,-1.2613259823,110.92411,5735841.647374552,619992.3025146793,-110.92411,30U,-0.011,-0.013,-0.012,-1.7963106685109346e-05,0.0025590763114850604,1.1581413444169795
1426256333109901,51.7605953983,-1.261325985,110.924194,5735841.647314505,619992.3023296818,-110.924194,30U,-0.011,-0.014,-0.012,-1.4456940930716714e-05,0.0025632088828893107,1.158126921406995
1426256333201324,51.7605953973,-1.2613259887,110.924355,5735841.647197212,619992.3020770006,-110.924355,30U,-0.012,-0.015,-0.013,2.4120048836833675e-05,0.0025601970380123144,1.1581252466990004
1426256333306161,51.7605953962,-1.2613259915,110.92453,5735841.6470702775,619992.3018866923,-110.92453,30U,-0.011,-0.014,-0.013,4.301184521692921e-05,0.002572720728345145,1.1581339615049469
1426256333412914,51.7605953957,-1.2613259928,110.92469,5735841.6470125355,619992.3017983071,-110.92469,30U,-0.01,-0.014,-0.013,-5.600000606095934e-06,0.002558399999890571,1.1581125999996071
1426256333519552,51.760595387,-1.2613260129,110.925972,5735841.64601197,619992.3004342978,-110.925972,30U,-0.012,-0.015,-0.014,-3.539703826766026e-05,0.0025450355338425064,1.1581065236899215
1426256333624295,51.760595376,-1.261326037,110.927223,5735841.644749049,619992.2988003523,-110.927223,30U,-0.012,-0.015,-0.012,-1.5700680008980395e-05,0.002566290436216632,1.158092282913255
1426256333715773,51.7605953655,-1.2613260608,110.928406,5735841.643542225,619992.2971857829,-110.928406,30U,-0.011,-0.015,-0.013,-7.49111721050935e-06,0.002584559223357594,1.1580964466998727
1426256333807252,51.7605953561,-1.2613260833,110.929718,5735841.642459866,619992.2956580084,-110.929718,30U,-0.01,-0.014,-0.013,-5.282529578481295e-05,0.0025492214041114543,1.1581040236890277
1426256333913092,51.7605953462,-1.2613261049,110.930969,5735841.641323384,619992.2941936677,-110.930969,30U,-0.012,-0.015,-0.012,-0.00010914669899153928,0.0025557526216492934,1.158080276309874
1426256334019873,51.7605953356,-1.2613261305,110.932152,5735841.640102478,619992.2924551484,-110.932152,30U,-0.012,-0.017,-0.013,-4.626058188796967e-05,0.0025647503402313797,1.1580750674270812
1426256334126420,51.7605953251,-1.2613261569,110.933441,5735841.638891375,619992.2906611568,-110.933441,30U,-0.012,-0.016,-0.013,4.035058288145152e-05,0.002541465145207628,1.1580793703879992
1426256334228015,51.7605953146,-1.2613261811,110.934692,5735841.637683894,619992.2890189841,-110.934692,30U,-0.012,-0.015,-0.012,7.636514481840616e-05,0.002538967427204379,1.1580986378158862
1426256334308149,51.760595304,-1.2613262043,110.935852,5735841.636466934,619992.2874460855,-110.935852,30U,-0.011,-0.016,-0.012,2.597106650168252e-05,0.00255642368852938,1.1580972644669125
1426256334388284,51.7605952938,-1.2613262281,110.937172,5735841.635293473,619992.2858307216,-110.937172,30U,-0.011,-0.017,-0.014,8.540000051631674e-05,0.002531400000708314,1.1580821999995583
1426256334486660,51.7605952848,-1.2613262524,110.938545,5735841.634252634,619992.2841776705,-110.938545,30U,-0.012,-0.016,-0.014,0.00015062072762321926,0.0025047207284653915,1.1580902881555086
1426256334593328,51.7605952742,-1.2613262765,110.939766,5735841.633034197,619992.2825426641,-110.939766,30U,-0.011,-0.015,-0.011,0.000112472427371873,0.0025154141269182408,1.1580863066022085
1426256334699704,51.7605952663,-1.2613263028,110.94072,5735841.632112394,619992.2807486799,-110.94072,30U,-0.006,-0.02,-0.01,-2.6435777868318532e-05,0.0026770988841329463,1.1579920182035532
1426256334806013,51.7605952658,-1.2613263373,110.941711,5735841.632000029,619992.2783692034,-110.941711,30U,0.007,-0.026,-0.01,-0.00011253189423014695,0.002855692975826272,1.1577816653153925
1426256334912660,51.7605952776,-1.26132638,110.942886,5735841.633242009,619992.2753912441,-110.942886,30U,0.02,-0.031,-0.013,-1.4064222650396219e-05,0.0029141000003652415,1.1573738799008548
1426256335019335,51.7605953017,-1.2613264326,110.944122,5735841.635835542,619992.2716974865,-110.944122,30U,0.032,-0.036,-0.013,-2.2053980428200347e-05,0.002995737135591441,1.1568159270364085
1426256335126075,51.7605953355,-1.2613264897,110.945412,5735841.63950037,619992.2676674714,-110.945412,30U,0.042,-0.039,-0.014,8.320049121439292e-06,0.0030739608256797595,1.1560856778128956
1426256335229974,51.7605953764,-1.2613265498,110.946808,5735841.643949828,619992.2634116053,-110.946808,30U,0.049,-0.042,-0.014,-2.8923688866500386e-05,0.0030996378164197856,1.1551651611614386
1426256335321555,51.7605954212,-1.2613266132,110.948227,5735841.648827562,619992.2589176705,-110.948227,30U,0.052,-0.045,-0.014,6.406675031206895e-05,0.003153507529446297,1.1541350121068032
1426256335413136,51.7605954693,-1.261326681,110.949768,5735841.654065039,619992.2541113473,-110.949768,30U,0.056,-0.048,-0.016,0.0001926999997875766,0.0031531000003019436,1.1530677999993908
1426256335519737,51.7605955226,-1.2613267514,110.951187,5735841.65987651,619992.2491118144,-110.951187,30U,0.061,-0.048,-0.013,0.0003301334960576125,0.003199179514751995,1.1519563060160432
1426256335624435,51.7605955797,-1.2613268229,110.952599,5735841.666108755,619992.2440262971,-110.952599,30U,0.067,-0.048,-0.016,0.00032841480576599144,0.0032356102417224414,1.1506543834410483
1426256335715817,51.7605956401,-1.2613268957,110.954231,5735841.672705842,619992.2388423189,-110.954231,30U,0.069,-0.051,-0.016,0.0004156341741465013,0.0032185608253727264,1.149242960432456
1426256335807199,51.7605957051,-1.2613269753,110.955696,5735841.6798032895,619992.2331768852,-110.955696,30U,0.078,-0.058,-0.013,0.0004530881562414655,0.0033320307939332474,1.1477430176944334
1426256335898544,51.7605957844,-1.2613270649,110.956909,5735841.688474537,619992.2267834495,-110.956909,30U,0.101,-0.065,-0.011,0.0005483515062889804,0.003619308011206149,1.1458178760603133
1426256335989887,51.7605958869,-1.2613271711,110.958122,5735841.699698459,619992.219182957,-110.958122,30U,0.13,-0.078,-0.013,0.0009029294188795806,0.0038822093702244103,1.1434021924187565
1426256336092719,51.7605960174,-1.2613272974,110.959488,5735841.71400309,619992.2101211511,-110.959488,30U,0.164,-0.092,-0.014,0.0010677150484710975,0.004131767914003978,1.140565082562124
1426256336199382,51.76059618,-1.2613274442,110.961006,5735841.731843717,619992.1995595584,-110.961006,30U,0.201,-0.108,-0.016,0.001246681795884992,0.004392020535169474,1.137107610958046
1426256336306203,51.7605963758,-1.2613276153,110.962723,5735841.753336414,619992.1872330274,-110.962723,30U,0.238,-0.127,-0.018,0.001385116413013972,0.0046230107426938885,1.1329533502058096
1426256336413046,51.7605966066,-1.2613278148,110.964615,5735841.778674608,619992.1728538519,-110.964615,30U,0.278,-0.147,-0.019,0.0014584999996538914,0.004853599999219901,1.1281687999993253
1426256336519722,51.7605968707,-1.2613280515,110.966606,5735841.80765477,619992.1558192605,-110.966606,30U,0.318,-0.168,-0.019,0.0015815439805528736,0.005036985436843643,1.122800921678902
1426256336626406,51.7605971725,-1.2613283122,110.96862,5735841.840787923,619992.1370285038,-110.96862,30U,0.357,-0.188,-0.02,0.0016983751949440065,0.0051412341747220786,1.116790040512317
1426256336733137,51.7605975095,-1.2613286022,110.970787,5735841.877787334,619992.1161224645,-110.970787,30U,0.397,-0.21,-0.02,0.0019834228169293383,0.0051623230090178775,1.1101562787146753
1426256336836027,51.7605978809,-1.2613289252,110.972916,5735841.918557949,619992.0928479299,-110.972916,30U,0.434,-0.234,-0.02,0.002373160657827398,0.0052214453462788015,1.1030611152863257
1426256336927391,51.7605982845,-1.2613292797,110.975121,5735841.962857584,619992.0673142468,-110.975121,30U,0.468,-0.253,-0.022,0.0026197248554010494,0.005358192039780215,1.0955634091489668
1426256337018759,51.7605987177,-1.2613296621,110.977432,5735842.010403023,619992.0397767415,-110.977432,30U,0.5,-0.272,-0.021,0.002991336263447928,0.00547552029252639,1.087680354438159
1426256337110189,51.7605991788,-1.261330075,110.979553,5735842.061000939,619992.0100604963,-110.979553,30U,0.532,-0.296,-0.019,0.003142415728175753,0.0056804262140405445,1.0795741601172677
1426256337201619,51.7605996701,-1.2613305229,110.981529,5735842.114899701,619991.9778488755,-110.981529,30U,0.567,-0.321,-0.017,0.0033556833982178367,0.0058322995644679194,1.0713766933703015
1426256337306378,51.7606001934,-1.2613310085,110.983398,5735842.17229504,619991.9429507831,-110.983398,30U,0.603,-0.348,-0.018,0.003341365821827892,0.00588844348688834,1.0631825335684821
1426256337413042,51.7606007498,-1.2613315314,110.985519,5735842.233309943,619991.9053909059,-110.985519,30U,0.64,-0.374,-0.021,0.0033859999994537687,0.005673299999798066,1.054918000000318
1426256337504453,51.7606013332,-1.2613321016,110.987946,5735842.297249594,619991.86449533,-110.987946,30U,0.674,-0.398,-0.025,0.0033460029609375767,0.005441537328745341,1.046511660989082
1426256337595865,51.7606019507,-1.2613326988,110.990623,5735842.364936961,619991.8216461083,-110.990623,30U,0.706,-0.425,-0.025,0.003477588642537014,0.0051216719397804275,1.0378932864753492
1426256337699720,51.7606025974,-1.2613333355,110.993149,5735842.435806565,619991.7759936239,-110.993149,30U,0.738,-0.454,-0.024,0.0038694239817328767,0.0047676045133067555,1.0291033065225499
1426256337806448,51.7606032718,-1.2613340196,110.995811,5735842.509678599,619991.7269966846,-110.995811,30U,0.769,-0.489,-0.026,0.004706978691832298,0.004253845726007616,1.0208167271089374
1426256337913054,51.7606039753,-1.2613347501,110.998665,5735842.586710397,619991.674720587,-110.998665,30U,0.803,-0.517,-0.027,0.005408009419424178,0.0036283197552541046,1.01303389570164
1426256338019656,51.7606047109,-1.2613355186,111.00135,5735842.667249401,619991.6197370517,-111.00135,30U,0.837,-0.544,-0.025,0.0062109896143178545,0.0030692917452994337,1.0053029002642035
1426256338126317,51.7606054741,-1.2613363294,111.003929,5735842.750788105,619991.561761271,-111.003929,30U,0.864,-0.576,-0.026,0.007139468887173429,0.002637827523849136,0.9978870183247148
1426256338232992,51.7606062622,-1.2613371856,111.006691,5735842.8370211525,619991.5005864785,-111.006691,30U,0.894,-0.605,-0.026,0.007997196215741825,0.0021863088339935757,0.9910013967247866
1426256338339728,51.7606070781,-1.2613380833,111.009293,5735842.92627746,619991.436474118,-111.009293,30U,0.926,-0.634,-0.022,0.00858920917705,0.0017122805804151665,0.9843585268217235
1426256338438089,51.760607923,-1.2613390255,111.010986,5735843.018685537,619991.3692139839,-111.010986,30U,0.959,-0.668,-0.009,0.008991899999935684,0.001472499999423802,0.9782070000008077
1426256338518024,51.7606087916,-1.2613400306,111.011955,5735843.113625718,619991.2975503654,-111.011955,30U,0.989,-0.699,-0.014,0.009243362963219226,0.001353531407706787,0.9727797486230864
1426256338597959,51.760609693,-1.2613410564,111.014755,5735843.21217941,619991.2243713053,-111.014755,30U,1.018,-0.718,-0.04,0.010352781654093065,0.0002950285386402735,0.9677112272159609
1426256338699510,51.760610618,-1.2613421135,111.019661,5735843.313306078,619991.1489697043,-111.019661,30U,1.041,-0.743,-0.055,0.010575676553307833,-0.0015313330169452815,0.963070929840492
1426256338806049,51.7606115595,-1.2613432075,111.025543,5735843.416206941,619991.0709779377,-111.025543,30U,1.057,-0.768,-0.059,0.010887758349767506,-0.0034493284528029637,0.9601229740218362
1426256338912871,51.7606125169,-1.2613443386,111.031105,5735843.520814948,619990.990383794,-111.031105,30U,1.077,-0.793,-0.052,0.010895688155485502,-0.005103175345284178,0.9587467509183178
1426256339018746,51.7606134992,-1.2613455016,111.035736,5735843.628139509,619990.9075222574,-111.035736,30U,1.11,-0.811,-0.042,0.010973156069138488,-0.006540008110273489,0.957902959122293
1426256339110146,51.7606145142,-1.2613466966,111.039421,5735843.739047871,619990.8223657473,-111.039421,30U,1.149,-0.84,-0.031,0.010907777426386196,-0.007431700293086616,0.9571430441238407
1426256339201546,51.7606155653,-1.2613479397,111.042297,5735843.853891649,619990.7337942087,-111.042297,30U,1.189,-0.876,-0.032,0.011088160875007228,-0.007842621701261614,0.9569939403404102
1426256339306344,51.7606166547,-1.2613492347,111.045746,5735843.972909241,619990.6415395774,-111.045746,30U,1.237,-0.911,-0.033,0.011512537429556907,-0.008839610391972367,0.9573731303415697
1426256339413057,51.7606177875,-1.2613505755,111.048027,5735844.096677838,619990.546009283,-111.048027,30U,1.282,-0.942,-0.013,0.0127207000008366,-0.00964050000007208,0.9578261000004269
1426256339519587,51.7606189492,-1.2613519846,111.049324,5735844.223547928,619990.4456890759,-111.049324,30U,1.323,-0.979,-0.019,0.014003986410845414,-0.00996137956495874,0.9590102910730784
1426256339624235,51.7606201606,-1.2613534264,111.051414,5735844.3558911765,619990.3429805182,-111.051414,30U,1.37,-1.009,-0.022,0.014968706316390626,-0.010862506266415195,0.961265224232169
1426256339715703,51.7606214146,-1.261354908,111.052986,5735844.492906339,619990.2374124741,-111.052986,30U,1.417,-1.035,-0.014,0.016173365488262793,-0.011518066798433502,0.9644727195269671
1426256339807170,51.7606227104,-1.2613564245,111.054153,5735844.634512507,619990.1293252067,-111.054153,30U,1.463,-1.058,-0.012,0.017392093111718132,-0.011728708447828364,0.9680781466641062
1426256339913018,51.7606240446,-1.2613579788,111.055153,5735844.780326813,619990.0185276066,-111.055153,30U,1.502,-1.088,-0.012,0.019562464524007,-0.011762275194216043,0.9719372621989515
1426256340018862,51.7606254135,-1.261359576,111.056549,5735844.929929401,619989.9046775397,-111.056549,30U,1.538,-1.114,-0.019,0.022290845883480546,-0.011933810729355345,0.9764782333666547
1426256340110277,51.760626819,-1.2613612005,111.058594,5735845.083557228,619989.7888465036,-111.058594,30U,1.585,-1.124,-0.024,0.024944907145798802,-0.012227799371156683,0.9816590340961783
1426256340201692,51.7606282694,-1.2613628348,111.060493,5735845.242162099,619989.6722201455,-111.060493,30U,1.635,-1.134,-0.014,0.02725878306347838,-0.012917197769008676,0.9871676400682454
1426256340306388,51.7606297605,-1.2613644916,111.060577,5735845.405256055,619989.5539331919,-111.060577,30U,1.679,-1.151,0.009,0.027853292526295315,-0.013089509563767414,0.9937733049272702
1426256340412980,51.7606312926,-1.2613661647,111.059349,5735845.572882655,619989.4344127008,-111.059349,30U,1.724,-1.157,0.008,0.027514200000369145,-0.013146400000160825,1.0014115000006103
1426256340519641,51.7606328525,-1.2613678717,111.058723,5735845.743545022,619989.3124791173,-111.058723,30U,1.77,-1.161,0.001,0.027199236455874916,-0.013370247864855142,1.0095151273593057
1426256340624398,51.7606344631,-1.2613695658,111.059387,5735845.919866777,619989.191301334,-111.059387,30U,1.805,-1.175,-0.019,0.027005438445020298,-0.013801606701579875,1.0179425326516929
1426256340715821,51.760636108,-1.2613712749,111.061226,5735846.0999782365,619989.0689974892,-111.061226,30U,1.848,-1.183,-0.014,0.026831807331445374,-0.014942193984890655,1.0268185926044837
1426256340807244,51.7606377931,-1.2613729935,111.06105,5735846.284544565,619988.9459314895,-111.06105,30U,1.892,-1.187,0.012,0.027511927379224855,-0.015469747135521907,1.0359195794002205
1426256340912952,51.7606395176,-1.2613747157,111.059593,5735846.473486502,619988.822512607,-111.059593,30U,1.937,-1.188,0.01,0.028568507918218612,-0.015141572862306779,1.0449643288181363
1426256341018661,51.760641283,-1.2613764385,111.058647,5735846.666975795,619988.6989438903,-111.058647,30U,1.979,-1.189,0.005,0.029231525727258564,-0.014993385629806321,1.0541490429938087
1426256341110090,51.7606430858,-1.2613781611,111.057945,5735846.86462454,619988.5752898267,-111.057945,30U,2.02,-1.188,0.002,0.03025141282534155,-0.015031855826367603,1.0643219385814657
1426256341201519,51.7606449225,-1.2613798846,111.057953,5735847.066041702,619988.4514837866,-111.057953,30U,2.057,-1.189,-0.008,0.03172627150460439,-0.015238809612506295,1.0752157559115445
1426256341306274,51.7606467967,-1.2613815973,111.058685,5735847.271646874,619988.3283236276,-111.058685,30U,2.102,-1.173,-0.011,0.03229290753217755,-0.01568960393312641,1.0860766256211176
1426256341412931,51.7606487069,-1.2613832964,111.060036,5735847.481277853,619988.2060065507,-111.060036,30U,2.137,-1.174,-0.017,0.034922599999588654,-0.016423899999216122,1.0971667000000673
1426256341519590,51.7606506485,-1.2613849921,111.060898,5735847.694406308,619988.0838408631,-111.060898,30U,2.179,-1.165,-0.004,0.03536721072862469,-0.016630817037447412,1.108194160475681
1426256341624349,51.7606526345,-1.2613866674,111.060219,5735847.912505893,619987.9629652457,-111.060219,30U,2.226,-1.149,0.015,0.03636433840164911,-0.016249019755240877,1.1189980882407038
1426256341715801,51.760654657,-1.2613883223,111.058052,5735848.134698073,619987.8434006446,-111.058052,30U,2.265,-1.136,0.019,0.037493266361957794,-0.014972240140377674,1.1297112495034776
1426256341807253,51.7606567176,-1.2613899586,111.056297,5735848.361157821,619987.7250186012,-111.056297,30U,2.308,-1.122,0.014,0.037163039996930686,-0.01384339082285976,1.1403298326586486
1426256341912995,51.760658815,-1.2613915744,111.054771,5735848.591743692,619987.607953679,-111.054771,30U,2.349,-1.11,0.016,0.037441507917876884,-0.013394480094729648,1.1513246113012217
1426256342019690,51.760660951,-1.2613931781,111.05246,5735848.826642039,619987.4916214342,-111.05246,30U,2.388,-1.103,0.017,0.03798221761697307,-0.012621898348287175,1.1624969472715148
1426256342126373,51.760663123,-1.2613947582,111.051628,5735849.065582644,619987.3768223587,-111.051628,30U,2.433,-1.078,0.004,0.03661932029253453,-0.012662278156706952,1.173548497854842
1426256342228010,51.7606653348,-1.2613963039,111.050591,5735849.309005862,619987.2642916705,-111.050591,30U,2.472,-1.062,0.002,0.037046425920697124,-0.012633821407992542,1.1847927559620715
1426256342307781,51.7606675786,-1.2613978358,111.050224,5735849.55601039,619987.1526284723,-111.050224,30U,2.51,-1.052,0.009,0.036263176503700305,-0.012407988541942687,1.196199759845329
1426256342387553,51.7606698568,-1.2613993515,111.048805,5735849.80686707,619987.0419920216,-111.048805,30U,2.546,-1.039,0.009,0.036618399999618585,-0.011638400000260798,1.2077223999998148
1426256342485931,51.7606721581,-1.2614008664,111.048286,5735850.060293937,619986.931349544,-111.048286,30U,2.583,-1.01,-0.002,0.03679487179712142,-0.0109069723269462,1.2187812524647736
1426256342592767,51.760674503,-1.2614023131,111.04911,5735850.318681605,619986.8252978713,-111.04911,30U,2.619,-0.992,-0.015,0.03771465155486024,-0.01043809747563423,1.2291441590164582
1426256342699546,51.7606768743,-1.2614037365,111.051216,5735850.580043458,619986.7207841178,-111.051216,30U,2.647,-0.974,-0.027,0.03824924296561165,-0.010955134031411186,1.239123481295675
1426256342806313,51.7606792736,-1.2614051317,111.052261,5735850.844565487,619986.6181421825,-111.052261,30U,2.68,-0.955,-0.001,0.03921772558460333,-0.010817455969134386,1.248511529060645
1426256342912980,51.7606816971,-1.261406501,111.052139,5735851.111821323,619986.5172234208,-111.052139,30U,2.703,-0.936,-0.001,0.03902680407706886,-0.01036246189066046,1.2577804486724073
1426256343019643,51.7606841452,-1.2614078402,111.052284,5735851.381862358,619986.4183166076,-111.052284,30U,2.732,-0.915,0.003,0.03751316280650725,-0.010083732086550657,1.267315043236659
1426256343126371,51.7606866187,-1.2614091375,111.050957,5735851.654796969,619986.3222339246,-111.050957,30U,2.756,-0.88,0.022,0.03646620563601787,-0.009386105042470153,1.2767417734790962
1426256343230200,51.7606891084,-1.2614104038,111.048653,5735851.929584128,619986.2282475664,-111.048653,30U,2.773,-0.876,0.011,0.038538801752331917,-0.007165762663308475,1.2855730244473191
1426256343321469,51.7606916117,-1.2614116616,111.048965,5735852.205897679,619986.1348117361,-111.048965,30U,2.788,-0.859,-0.016,0.03886623737951831,-0.006791005536649656,1.2940768973109176
1426256343412738,51.7606941294,-1.2614128796,111.051056,5735852.483878083,619986.044084278,-111.051056,30U,2.803,-0.826,-0.028,0.03983690000026687,-0.008310800000395762,1.3020706000005793
1426256343519437,51.7606966592,-1.2614140581,111.053116,5735852.763269071,619985.9560505897,-111.053116,30U,2.815,-0.799,-0.014,0.0400033694153103,-0.009465713497730953,1.3089425011867757
1426256343624213,51.7606991961,-1.261415204,111.054085,5735853.0435032565,619985.8702477668,-111.054085,30U,2.817,-0.79,-0.013,0.04055425054073059,-0.009115412474329794,1.3154297536154669
1426256343715527,51.7607017336,-1.2614163436,111.055466,5735853.323814535,619985.7848781153,-111.055466,30U,2.821,-0.781,-0.012,0.0418938861675131,-0.008955352377793258,1.3222699802662015
1426256343806840,51.7607042766,-1.2614174452,111.056892,5735853.604799967,619985.7021162175,-111.056892,30U,2.83,-0.739,-0.02,0.04193293893054408,-0.009417894127381444,1.3284409457475121
1426256343898396,51.760706828,-1.2614184897,111.058304,5735853.886813473,619985.6232724469,-111.058304,30U,2.839,-0.714,-0.009,0.04228491456245595,-0.009834560339149258,1.333701084193332
1426256343989969,51.7607093831,-1.2614195259,111.059013,5735854.1692521,619985.544991646,-111.059013,30U,2.832,-0.723,-0.025,0.0418834192255307,-0.009752315342396503,1.3393197931756664
1426256344092988,51.760711931,-1.2614205726,111.063187,5735854.450872769,619985.4660053512,-111.063187,30U,2.834,-0.718,-0.043,0.04393712369730829,-0.011447424811634532,1.3452036953577289
1426256344199822,51.760714489,-1.2614215861,111.065712,5735854.733671241,619985.3892833726,-111.065712,30U,2.85,-0.685,-0.01,0.04605459146772755,-0.01300101379072636,1.34929240040007
1426256344306621,51.7607170563,-1.2614225758,111.064636,5735855.017543091,619985.3141791484,-111.064636,30U,2.856,-0.688,0.021,0.049651790545068665,-0.013404681552934202,1.3532859023463653
1426256344413415,51.7607196284,-1.261423566,111.063011,5735855.30194791,619985.2390277018,-111.063011,30U,2.863,-0.674,0.007,0.05143080000032403,-0.014016300000188222,1.3581532000002232
1426256344519943,51.7607222087,-1.261424514,111.063232,5735855.587334051,619985.1667666842,-111.063232,30U,2.868,-0.643,-0.013,0.05250729869052716,-0.014935009419055296,1.3622248737497138
1426256344626476,51.7607247898,-1.2614254348,111.064926,5735855.872853904,619985.0963805851,-111.064926,30U,2.865,-0.633,-0.019,0.05241689519407385,-0.014966709949451,1.3655691304476483
1426256344733049,51.7607273654,-1.2614263456,111.066284,5735856.157778577,619985.0266991607,-111.066284,30U,2.858,-0.627,-0.01,0.051742120770397984,-0.0134735430508234,1.3690873466638003
1426256344835822,51.7607299292,-1.2614272382,111.066994,5735856.441420957,619984.9583049819,-111.066994,30U,2.84,-0.604,-0.003,0.04866587192627927,-0.010692341055594143,1.3727917539448207
1426256344927195,51.7607324735,-1.2614280914,111.06691,5735856.722959636,619984.8926814453,-111.06691,30U,2.817,-0.577,0.005,0.042943320270879666,-0.005759910757905772,1.3763169833127862
1426256345018579,51.7607349985,-1.2614289135,111.06675,5735857.002403196,619984.8292552488,-111.06675,30U,2.794,-0.565,-0.001,0.039019546985821774,-0.000867075860075464,1.3796035632144876
1426256345110151,51.7607375002,-1.2614297388,111.0662,5735857.279250385,619984.7656700036,-111.0662,30U,2.766,-0.579,0.015,0.03839425140551084,0.002030211223035025,1.3822350991353063
1426256345201722,51.7607399779,-1.2614305792,111.063637,5735857.55340378,619984.7011063639,-111.063637,30U,2.743,-0.58,0.035,0.03898614306643599,0.00472568345698442,1.3845311264643345
1426256345306596,51.7607424346,-1.2614314143,111.059769,5735857.825230561,619984.6369641516,-111.059769,30U,2.726,-0.575,0.037,0.04175731210278267,0.007742603697340548,1.3871521481656923
1426256345413370,51.7607448806,-1.2614322391,111.05706,5735858.095884382,619984.5735611004,-111.05706,30U,2.709,-0.564,0.013,0.048008800000215256,0.008244799999485805,1.3896835999991888
1426256345504490,51.7607473104,-1.2614330388,111.056572,5735858.364777953,619984.5119331183,-111.056572,30U,2.691,-0.542,-0.003,0.050895959267543645,0.007389343970847454,1.3905650567876153
1426256345595609,51.7607497179,-1.2614338057,111.058701,5735858.631245584,619984.4526277425,-111.058701,30U,2.662,-0.52,-0.041,0.05132487601688972,0.007408640826731012,1.391378304227409
1426256345699496,51.760752096,-1.2614345394,111.064857,5735858.8944983715,619984.3956913996,-111.064857,30U,2.625,-0.492,-0.092,0.04795799352677623,0.007656977376489468,1.392285423982855
1426256345806328,51.7607544369,-1.2614352279,111.07798,5735859.153688642,619984.341972871,-111.07798,30U,2.582,-0.463,-0.163,0.04277439027320348,0.004546153622720601,1.3921612573276414
1426256345912840,51.7607567418,-1.2614358984,111.094627,5735859.408905098,619984.2895919431,-111.094627,30U,2.545,-0.473,-0.153,0.03889660518522385,-0.0012108097278641578,1.3914179473288608
1426256346019350,51.7607590143,-1.2614366128,111.106789,5735859.660446248,619984.2342674449,-111.106789,30U,2.509,-0.51,-0.084,0.03825445671787296,-0.0049580923466646725,1.391730396691661
1426256346126165,51.7607612562,-1.2614373416,111.112419,5735859.90856079,619984.1780303548,-111.112419,30U,2.478,-0.493,-0.037,0.03946309330486953,-0.0055290972318068655,1.3920170268438217
1426256346232939,51.7607634716,-1.2614380366,111.115303,5735860.153783971,619984.1241960139,-111.115303,30U,2.447,-0.466,-0.03,0.03998142771540354,-0.0051109607756211215,1.39124533451193
1426256346339537,51.7607656585,-1.2614387031,111.118454,5735860.395884659,619984.072403977,-111.118454,30U,2.421,-0.459,-0.019,0.03870424863830779,-0.0050901404829200225,1.390721150583284
1426256346437861,51.7607678258,-1.2614393885,111.117134,5735860.635774611,619984.0193596489,-111.117134,30U,2.398,-0.487,0.035,0.03879669999938563,-0.003039099999682202,1.391689199999338
1426256346517985,51.7607699723,-1.2614400926,111.11425,5735860.873320703,619983.9650800097,-111.11425,30U,2.375,-0.481,0.016,0.039043554994992596,-0.0011454604432952118,1.3924387028940528
1426256346598109,51.7607720971,-1.2614407728,111.114326,5735861.108492941,619983.9125072092,-111.114326,30U,2.348,-0.463,-0.022,0.04100620190294372,-0.0012340934480846917,1.391974804705986
1426256346699747,51.7607741954,-1.2614414427,111.117966,5735861.340735154,619983.8607154554,-111.117966,30U,2.319,-0.464,-0.052,0.043171514176453714,-0.0020199723344993337,1.3914142452900404
1426256346806349,51.7607762692,-1.2614421086,111.123688,5735861.570259391,619983.8092646941,-111.123688,30U,2.297,-0.451,-0.054,0.04292157495192968,-0.0032766789350886383,1.3914140881545571
1426256346913166,51.7607783328,-1.2614427541,111.127106,5735861.798682887,619983.7592487519,-111.127106,30U,2.294,-0.444,-0.015,0.04256373907511229,-0.0036382669416759224,1.3909881415995509
1426256347019028,51.7607803903,-1.2614434002,111.127548,5735862.026427038,619983.7092075807,-111.127548,30U,2.281,-0.453,-0.003,0.0421298237080245,-0.0033116028948812284,1.3901315426612504
1426256347110335,51.7607824358,-1.2614440671,111.128143,5735862.252802493,619983.6577628514,-111.128143,30U,2.269,-0.466,-0.012,0.04314754806565691,-0.003817971411839367,1.3896694439303316
1426256347201643,51.7607844705,-1.2614447415,111.130341,5735862.477964582,619983.6058291955,-111.130341,30U,2.258,-0.465,-0.033,0.04515694684997248,-0.005156743938400171,1.3893670940269491
1426256347306467,51.7607864951,-1.2614454067,111.134094,5735862.70201862,619983.5545571977,-111.134094,30U,2.246,-0.451,-0.043,0.045688714419223245,-0.006799141655993203,1.3888281921817802
1426256347413221,51.7607885084,-1.2614460512,111.138275,5735862.924850084,619983.5047436379,-111.138275,30U,2.233,-0.443,-0.042,0.046761200000573426,-0.008251400000449466,1.387992499999792
1426256347519911,51.7607905087,-1.2614466968,111.142365,5735863.146234056,619983.4548886371,-111.142365,30U,2.215,-0.45,-0.037,0.046618793391058025,-0.010010553160709486,1.3872365848142745
1426256347624672,51.7607924935,-1.2614473472,111.145233,5735863.365886431,619983.4047434935,-111.145233,30U,2.201,-0.448,-0.019,0.047298543888057674,-0.011427432916773611,1.3866655625700877
1426256347715924,51.7607944652,-1.2614479979,111.146111,5735863.584081513,619983.354612381,-111.146111,30U,2.185,-0.452,-0.004,0.0489968535005097,-0.012131380923812956,1.3859686718908903
1426256347807177,51.7607964215,-1.2614486539,111.147049,5735863.800555294,619983.3041563553,-111.147049,30U,2.169,-0.451,-0.018,0.05015957131089902,-0.01283275869441863,1.3851133707253167
1426256347913034,51.7607983628,-1.2614492959,111.149002,5735864.015384015,619983.2547062195,-111.149002,30U,2.152,-0.435,-0.014,0.049511183542799674,-0.01390112898137883,1.3839643461119948
1426256348018891,51.7608002898,-1.2614499198,111.15036,5735864.22865226,619983.2065430516,-111.15036,30U,2.131,-0.434,-0.014,0.04959623123464384,-0.01390352591185376,1.3828909813262698
1426256348110158,51.7608021929,-1.2614505517,111.151901,5735864.439249516,619983.1578911829,-111.151901,30U,2.102,-0.439,-0.014,0.04849840902619238,-0.013593267570819391,1.381908176210805
1426256348201425,51.7608040722,-1.2614511854,111.152786,5735864.647197098,619983.1091781998,-111.152786,30U,2.081,-0.439,0.001,0.048445510677906395,-0.01232162693656702,1.3810556249476034
1426256348306096,51.7608059328,-1.2614518204,111.152199,5735864.853062983,619983.0604250868,-111.152199,30U,2.059,-0.437,0.01,0.04835907636036876,-0.01096473242250864,1.3800905581997573
1426256348412681,51.7608077746,-1.2614524475,111.150566,5735865.056851186,619983.0122669853,-111.150566,30U,2.041,-0.431,0.02,0.04788560000084378,-0.009460100000493753,1.378834499999457
1426256348519511,51.7608096035,-1.2614530661,111.148933,5735865.259218809,619982.9647296596,-111.148933,30U,2.026,-0.427,0.009,0.04726399459809561,-0.008398070444091502,1.3776594858121618
1426256348624407,51.7608114166,-1.2614536929,111.14856,5735865.459815883,619982.9166683553,-111.14856,30U,2.009,-0.439,0.005,0.04708792679370005,-0.008666447185461938,1.3766767454327045
1426256348715769,51.7608132179,-1.2614543253,111.14753,5735865.65909151,619982.8682518916,-111.14753,30U,1.998,-0.435,0.013,0.04718361316094371,-0.008511995629427529,1.3751271870332114
1426256348807130,51.7608150059,-1.2614549615,111.146255,5735865.856881841,619982.8196084602,-111.146255,30U,1.983,-0.447,0.012,0.04960283306645788,-0.008207785630922835,1.3731127065953697
1426256348912818,51.7608167824,-1.2614556155,111.144897,5735866.053364015,619982.76976717,-111.144897,30U,1.97,-0.452,0.008,0.05137153486196904,-0.008139583399742653,1.3709483484863805
1426256349018514,51.7608185482,-1.2614562608,111.144463,5735866.248670594,619982.7205546239,-111.144463,30U,1.961,-0.44,0.006,0.052979349226009,-0.008740049987201235,1.3682793277208094
1426256349110008,51.7608203067,-1.2614568911,111.14341,5735866.443190044,619982.6723965612,-111.14341,30U,1.952,-0.433,0.009,0.05252154179197258,-0.008830383155612326,1.3648135490162074
1426256349201502,51.7608220529,-1.2614575228,111.14315,5735866.636339354,619982.6241744981,-111.14315,30U,1.936,-0.44,-0.004,0.05140236708408055,-0.009243345389498987,1.3612886032398108
1426256349306253,51.7608237841,-1.2614581688,111.143959,5735866.827797043,619982.575005387,-111.143959,30U,1.919,-0.449,-0.013,0.05048374800869155,-0.009962718110321974,1.3576052284817832
1426256349412898,51.7608254959,-1.2614588236,111.146637,5735867.017082851,619982.5252804363,-111.146637,30U,1.894,-0.454,-0.042,0.050538700000387224,-0.0114974000004588,1.353269199999209
1426256349519602,51.7608271892,-1.2614594825,111.1511,5735867.204304597,619982.4753216015,-111.1511,30U,1.877,-0.457,-0.041,0.05086152082344239,-0.013647444034188588,1.3483217770789002
1426256349624383,51.7608288659,-1.2614601477,111.154602,5735867.389669954,619982.4249720271,-111.154602,30U,1.859,-0.462,-0.027,0.05065560276804171,-0.015365213160229145,1.3431677973615535
1426256349715700,51.7608305264,-1.2614608167,111.157211,5735867.5732275145,619982.3744031717,-111.157211,30U,1.842,-0.461,-0.026,0.0495581225167146,-0.017025545540876468,1.3376972346401155
1426256349807017,51.760832173,-1.2614614839,111.158897,5735867.755242271,619982.3239953856,-111.158897,30U,1.828,-0.461,-0.001,0.047906395143350364,-0.01834029160315493,1.3317389863380384
1426256349912716,51.7608338063,-1.2614621676,111.157822,5735867.935750837,619982.2724842255,-111.157822,30U,1.812,-0.483,0.016,0.047573575580337944,-0.018103473299689806,1.3258232166289867
1426256350019384,51.7608354262,-1.26146288,111.156647,5735868.114722023,619982.2190280531,-111.156647,30U,1.798,-0.499,0.008,0.047741983110211876,-0.018337433568908924,1.3194538231570525
1426256350126212,51.7608370311,-1.2614636043,111.156174,5735868.292005536,619982.1647904515,-111.156174,30U,1.781,-0.507,0.008,0.04878155359352122,-0.019060285437789485,1.312358796237885
1426256350227998,51.7608386239,-1.2614643476,111.15477,5735868.467912195,619982.1092737736,-111.15477,30U,1.771,-0.518,0.019,0.04903496514535611,-0.018644329075863064,1.3054828869187693
1426256350307937,51.7608402079,-1.2614651005,111.152939,5735868.642824445,619982.0531179484,-111.152939,30U,1.761,-0.52,0.017,0.04948102009944159,-0.018159075388134605,1.298249541720885
1426256350387876,51.7608417818,-1.2614658601,111.151207,5735868.81660249,619981.996526548,-111.151207,30U,1.752,-0.527,0.021,0.048698600000073464,-0.01806259999942403,1.2898562000003104
1426256350486240,51.7608433476,-1.2614666341,111.149254,5735868.9894560715,619981.9389629039,-111.149254,30U,1.742,-0.544,0.018,0.04801050508741069,-0.01789185030227109,1.281070710962936
1426256350592979,51.760844904,-1.2614674375,111.147705,5735869.161215947,619981.8793953385,-111.147705,30U,1.731,-0.561,0.014,0.047726998247325,-0.018163069080199615,1.2722201349186009
1426256350699538,51.7608464505,-1.2614682542,111.146484,5735869.331853,619981.8189362126,-111.146484,30U,1.722,-0.565,0.013,0.04648619237463822,-0.018700824175982275,1.2616800066590297
1426256350806055,51.7608479861,-1.2614690841,111.145096,5735869.501256189,619981.757595076,-111.145096,30U,1.708,-0.586,0.017,0.04581606169788858,-0.018807145096157718,1.2494143388878192
1426256350912740,51.7608495075,-1.2614699591,111.14357,5735869.669006053,619981.6931793137,-111.14357,30U,1.69,-0.616,0.016,0.04597605699209532,-0.018984401653033448,1.236716823109473
1426256351019435,51.7608510142,-1.2614708664,111.142052,5735869.835068044,619981.626573556,-111.142052,30U,1.679,-0.635,0.019,0.045846516338960384,-0.01944110493069852,1.2229813853915812
1426256351126114,51.7608525121,-1.2614717969,111.139755,5735870.000113254,619981.5583901397,-111.139755,30U,1.669,-0.65,0.026,0.04592456626057771,-0.019710699562820996,1.2079076214505078
1426256351229930,51.7608539993,-1.2614727594,111.137222,5735870.163915911,619981.4880268262,-111.137222,30U,1.658,-0.682,0.033,0.04580214606908004,-0.01995459771760235,1.191937506838644
1426256351321343,51.760855469,-1.2614737716,111.134773,5735870.325690694,619981.4142801974,-111.134773,30U,1.633,-0.709,0.014,0.04565841577218933,-0.02018842878882359,1.1755771531936434
1426256351412756,51.760856925,-1.2614748056,111.133705,5735870.485906087,619981.3390655115,-111.133705,30U,1.626,-0.719,0.021,0.04487409999916211,-0.020732699999810075,1.1576280000005155
1426256351519413,51.7608583686,-1.2614758716,111.131248,5735870.644689879,619981.2616754373,-111.131248,30U,1.606,-0.753,0.028,0.04512791581463033,-0.02083084057225339,1.1385048988731483
1426256351624183,51.7608597926,-1.2614769797,111.129143,5735870.801224765,619981.1814320774,-111.129143,30U,1.583,-0.778,0.018,0.044338663301019356,-0.021612788062640016,1.1179550344903597
1426256351715749,51.7608611922,-1.261478131,111.128677,5735870.954975148,619981.0982722507,-111.128677,30U,1.552,-0.813,0.002,0.04489565087621612,-0.02262733422457376,1.096762869344535
1426256351807314,51.7608625633,-1.2614793302,111.128044,5735871.10547735,619981.0118824852,-111.128044,30U,1.523,-0.839,0.017,0.04484091951159119,-0.02213958936382675,1.0756225993928288
1426256351898610,51.7608639095,-1.2614805552,111.126572,5735871.253168069,619980.9237783233,-111.126572,30U,1.497,-0.852,0.014,0.04249771858229158,-0.02052171829569974,1.0538263865249187
1426256351989889,51.7608652325,-1.2614817956,111.125198,5735871.398253465,619980.8346729442,-111.125198,30U,1.468,-0.872,0.023,0.04026651531590072,-0.019514790218443597,1.0310272683193318
1426256352092728,51.7608665206,-1.2614830835,111.122276,5735871.539379616,619980.7423821976,-111.122276,30U,1.421,-0.913,0.04,0.03796684256478796,-0.01809604489739531,1.0075627285098503
1426256352199421,51.7608677703,-1.2614844246,111.118347,5735871.676147928,619980.6465220158,-111.118347,30U,1.388,-0.941,0.041,0.036681973249358,-0.01630747067481053,0.9834060755458396
1426256352306100,51.7608689945,-1.2614858002,111.115372,5735871.8100237185,619980.5483486552,-111.115372,30U,1.362,-0.963,0.028,0.03493906440949836,-0.015794277426548917,0.9582411743288
1426256352412777,51.7608701964,-1.2614872129,111.112816,5735871.941358576,619980.4476742097,-111.112816,30U,1.337,-0.995,0.032,0.032894100000326706,-0.01551009999954869,0.9330130999996958
1426256352519451,51.7608714301,-1.2614886453,111.109436,5735872.076197388,619980.3455560007,-111.109436,30U,1.301,-1.03,0.035,0.030676934774902125,-0.01504086383366563,0.9079222118275269
1426256352626116,51.7608725745,-1.2614901529,111.105904,5735872.2009817595,619980.2384851151,-111.105904,30U,1.263,-1.057,0.041,0.028276252128310444,-0.014578290580884445,0.8818412876268393
1426256352732725,51.7608736859,-1.2614916962,111.101822,5735872.322037594,619980.1290381239,-111.101822,30U,1.229,-1.081,0.043,0.026384423975850273,-0.013534557277869595,0.8545795754383639
1426256352835551,51.7608747649,-1.2614932835,111.097481,5735872.439417959,619980.0166406671,-111.097481,30U,1.191,-1.116,0.046,0.026038328202854073,-0.012477539996410466,0.8268694653885043
1426256352927028,51.7608758088,-1.2614949178,111.092972,5735872.552817659,619979.9010928785,-111.092972,30U,1.153,-1.141,0.049,0.024329302518376873,-0.011799155238749123,0.7985479734934602
1426256353018511,51.7608768235,-1.2614965767,111.088142,5735872.662929669,619979.7839249019,-111.088142,30U,1.119,-1.161,0.044,0.02321314857050366,-0.010371448439135336,0.769653581353774
1426256353110075,51.7608777975,-1.261498272,111.08548,5735872.768455701,619979.6643529285,-111.08548,30U,1.062,-1.189,0.009,0.022438577183620502,-0.009632352864210294,0.7407558616478757
1426256353201640,51.760878716,-1.2615000014,111.086441,5735872.86775368,619979.542574911,-111.086441,30U,1.002,-1.205,-0.021,0.023719717095212763,-0.010705384908149276,0.7121266443173835
1426256353306539,51.7608795903,-1.2615017421,111.088409,5735872.962117752,619979.4201342836,-111.088409,30U,0.963,-1.205,-0.012,0.02491726286355916,-0.011880137428701537,0.6825573346038615
1426256353413342,51.7608804307,-1.2615034843,111.088432,5735873.052709465,619979.2976800202,-111.088432,30U,0.925,-1.213,0.015,0.024334099999139616,-0.011433000000470013,0.6523027000002044
1426256353504743,51.760881244,-1.2615052573,111.086868,5735873.140236816,619979.1731721489,-111.086868,30U,0.879,-1.229,0.014,0.022004579779076553,-0.010562220141569444,0.6223867315245748
1426256353596143,51.760882014,-1.2615070246,111.086151,5735873.222958314,619979.0491724219,-111.086151,30U,0.846,-1.236,0.007,0.017896336442475215,-0.011301477576583986,0.5922443186317427
1426256353699930,51.7608827555,-1.2615088082,111.084839,5735873.302483617,619978.9241234194,-111.084839,30U,0.81,-1.254,0.022,0.01390233095647342,-0.012295756118286915,0.5616610513982477
1426256353806575,51.7608834492,-1.2615106253,111.082993,5735873.376638148,619978.7968893638,-111.082993,30U,0.746,-1.277,0.014,0.010063655424538626,-0.013208590779835728,0.5314330542155836
1426256353913239,51.7608840929,-1.2615124695,111.082283,5735873.445187781,619978.6679177406,-111.082283,30U,0.697,-1.291,0.002,0.00738942620727115,-0.014564170102781597,0.5014992410119706
1426256354019899,51.7608846951,-1.2615143277,111.082474,5735873.509099324,619978.5380900244,-111.082474,30U,0.652,-1.3,0.002,0.0068065199847914615,-0.0156516803824135,0.4720304533168057
1426256354126496,51.7608852598,-1.2615162034,111.081215,5735873.568811839,619978.4071540821,-111.081215,30U,0.614,-1.312,0.022,0.005853516207479513,-0.015637057378640445,0.4429100905295425
1426256354233105,51.7608857918,-1.2615180928,111.078972,5735873.624865372,619978.2753594185,-111.078972,30U,0.576,-1.318,0.018,0.004322733538225945,-0.01578317296291465,0.41386190650195664
1426256354339773,51.7608862832,-1.2615199923,111.077995,5735873.676387316,619978.1429754072,-111.077995,30U,0.528,-1.324,0.006,0.0020725648452498326,-0.016627627186440008,0.38545762048419846
1426256354438122,51.7608867364,-1.2615218976,111.077667,5735873.723651637,619978.0102924206,-111.077667,30U,0.489,-1.325,0.001,-0.00022110000086668686,-0.017105400000295336,0.3575071999993119
1426256354518170,51.7608871532,-1.2615238014,111.077454,5735873.766870516,619977.8778094484,-111.077454,30U,0.442,-1.324,0.004,-0.0010088666406362738,-0.017301585103203895,0.32999907220012326
1426256354598217,51.7608875217,-1.261525703,111.076851,5735873.804721752,619977.7456063426,-111.076851,30U,0.386,-1.321,0.01,-0.001569072140461461,-0.017357710921323984,0.3029675736925175
1426256354699876,51.7608878519,-1.261527597,111.0755,5735873.838326291,619977.6140292377,-111.0755,30U,0.358,-1.313,0.015,-0.0026997832565430154,-0.016864097425873723,0.27587834495367797
1426256354806521,51.7608881563,-1.2615294863,111.073692,5735873.86906944,619977.48284487,-111.073692,30U,0.324,-1.317,0.02,-0.0031904344186165006,-0.016469200000753016,0.24871373747949876
1426256354913263,51.760888426,-1.2615313859,111.071922,5735873.895936787,619977.3510417106,-111.071922,30U,0.286,-1.32,0.016,-0.00384146228518882,-0.016967794857874686,0.22218653845163733
1426256355019048,51.7608886684,-1.2615332833,111.070457,5735873.919771822,619977.2194627447,-111.070457,30U,0.257,-1.317,0.011,-0.0047203201160435785,-0.017589750825711084,0.19585312651410539
1426256355110398,51.7608888861,-1.26153517,111.070091,5735873.940877668,619977.0886876493,-111.070091,30U,0.23,-1.307,-0.003,-0.0060433826268292325,-0.01823581922576746,0.16919030879031147
1426256355201747,51.7608890721,-1.2615370491,111.070412,5735873.958470778,619976.9585210556,-111.070412,30U,0.185,-1.305,0.001,-0.0075766570921838965,-0.018956600050305687,0.14281659636608363
1426256355306447,51.7608892124,-1.2615389257,111.069679,5735873.970985869,619976.8286481373,-111.069679,30U,0.136,-1.299,0.013,-0.008393087282985632,-0.018969363056694895,0.11756478098115376
1426256355413055,51.760889317,-1.261540787,111.068069,5735873.979556069,619976.6999256879,-111.068069,30U,0.105,-1.285,0.018,-0.008158000000563295,-0.018403799999950007,0.09263970000073143
1426256355519768,51.7608893988,-1.2615426284,111.066307,5735873.985623503,619976.5726369476,-111.066307,30U,0.079,-1.275,0.017,-0.00818674786321562,-0.01777063291315408,0.06734307846913919
1426256355624573,51.7608894552,-1.2615444626,111.064636,5735873.988878144,619976.4459124042,-111.064636,30U,0.047,-1.273,0.016,-0.008588420291718756,-0.017463486745503427,0.042415049381518806
1426256355716026,51.7608894797,-1.2615462943,111.063065,5735873.988589415,619976.3194449489,-111.063065,30U,0.011,-1.268,0.015,-0.008712587039434887,-0.017007173735676406,0.01874665749254271
1426256355807479,51.7608894776,-1.2615481133,111.061958,5735873.985363496,619976.1939244173,-111.061958,30U,-0.009,-1.255,0.007,-0.009437004664131362,-0.01647677354288278,-0.004529866925725984
1426256355913187,51.7608894582,-1.2615499127,111.061371,5735873.98024595,619976.0698023106,-111.061371,30U,-0.033,-1.241,0.007,-0.010030247864396033,-0.016299812718086164,-0.028275860324582652
1426256356018894,51.7608894106,-1.261551692,111.060394,5735873.972025455,619975.9471420286,-111.060394,30U,-0.072,-1.229,0.012,-0.010373313742320112,-0.015667955336832913,-0.05137691049002782
1426256356110333,51.7608893319,-1.2615534542,111.058952,5735873.960374575,619975.8257442353,-111.058952,30U,-0.098,-1.217,0.016,-0.011063919906269157,-0.01463871150070472,-0.07370073032056093
1426256356201771,51.7608892355,-1.2615551997,111.057327,5735873.946782819,619975.7055458035,-111.057327,30U,-0.116,-1.205,0.018,-0.011809372284489226,-0.01356673722926687,-0.09586895900850448
1426256356306544,51.7608891183,-1.2615569292,111.055664,5735873.930904294,619975.5865066444,-111.055664,30U,-0.145,-1.192,0.015,-0.012148470631088452,-0.012383377762370728,-0.11749453065671091
1426256356413221,51.7608889735,-1.2615586336,111.054443,5735873.911997767,619975.4692727604,-111.054443,30U,-0.173,-1.171,0.01,-0.012359699999164973,-0.011162399999357192,-0.1380799071787407
1426256356519818,51.7608888108,-1.2615603078,111.053535,5735873.891150328,619975.3541703807,-111.053535,30U,-0.188,-1.152,0.01,-0.012919325595892891,-0.009776393496349971,-0.15812268318875716
1426256356624524,51.7608886361,-1.2615619586,111.052483,5735873.869006912,619975.2407146057,-111.052483,30U,-0.204,-1.137,0.012,-0.013606441993201194,-0.00850035863616788,-0.1778580896795933
1426256356716003,51.760888441,-1.2615635854,111.051208,5735873.84463437,619975.1289691099,-111.051208,30U,-0.231,-1.117,0.014,-0.013921462184101624,-0.007508755239149299,-0.1963381904007684
1426256356807483,51.760888223,-1.2615651841,111.049683,5735873.817761429,619975.0192234525,-111.049683,30U,-0.251,-1.098,0.018,-0.014030865631498106,-0.006336643344159442,-0.21339894039853746
1426256356913211,51.7608879915,-1.2615667567,111.047569,5735873.78943014,619974.911314701,-111.047569,30U,-0.262,-1.08,0.024,-0.013844207424019523,-0.004705984314925584,-0.2296882100067274
1426256357018932,51.7608877489,-1.2615683,111.045074,5735873.759912665,619974.8054573173,-111.045074,30U,-0.282,-1.058,0.025,-0.012541194938030855,-0.0031123601356934693,-0.24464498589114186
1426256357110292,51.7608874878,-1.2615698114,111.04274,5735873.728390349,619974.7018503398,-111.04274,30U,-0.297,-1.037,0.021,-0.01129763451166941,-0.0017938770826310502,-0.257574868585745
1426256357201651,51.760887222,-1.2615712918,111.041,5735873.696396365,619974.6003950791,-111.041,30U,-0.293,-1.01,0.012,-0.010811568542471083,-0.0007741741726346878,-0.26922035732104793
1426256357306147,51.7608869604,-1.2615727187,111.040367,5735873.664957456,619974.5026206261,-111.040367,30U,-0.291,-0.962,-0.0,-0.010397022036570473,-0.00022850611530663632,-0.2798704387246995
1426256357412519,51.7608866968,-1.26157407,111.040695,5735873.633420505,619974.4100685029,-111.040695,30U,-0.294,-0.909,-0.005,-0.010173299999643247,1.6800000072958548e-05,-0.28912040717968823
1426256357519340,51.7608864349,-1.2615753498,111.040848,5735873.602190226,619974.322445966,-111.040848,30U,-0.291,-0.865,0.003,-0.010061843849569542,0.0003561233929165949,-0.29725070660939823
1426256357624253,51.7608861755,-1.2615765845,111.039932,5735873.571312155,619974.2379290748,-111.039932,30U,-0.289,-0.848,0.014,-0.009686792912439113,0.001206264810206819,-0.30477459196820667
1426256357715814,51.7608859164,-1.2615778062,111.038605,5735873.5404888345,619974.1543084953,-111.038605,30U,-0.291,-0.845,0.011,-0.009469552813678297,0.0021215390318975475,-0.31213709580155935
1426256357807375,51.7608856501,-1.261579027,111.037857,5735873.50886631,619974.0707691092,-111.037857,30U,-0.301,-0.844,0.004,-0.00927443485394363,0.002508298883815441,-0.3186825849717411
1426256357913190,51.7608853774,-1.2615802491,111.037575,5735873.476529927,619973.9871569773,-111.037575,30U,-0.304,-0.846,0.003,-0.00971137000192052,0.0026582840777168147,-0.324392401765931
1426256358019948,51.7608851049,-1.2615814704,111.037292,5735873.444217103,619973.9035995213,-111.037292,30U,-0.306,-0.845,0.003,-0.010383830002071189,0.003029153788899436,-0.32976611471331657
1426256358126610,51.7608848283,-1.2615826879,111.036819,5735873.411454585,619973.8203151652,-111.036819,30U,-0.313,-0.839,0.006,-0.011003455632470262,0.0035405342247535276,-0.33478085224968945
1426256358228281,51.760884545,-1.2615838905,111.036186,5735873.377971498,619973.7380767924,-111.036186,30U,-0.319,-0.823,0.006,-0.011095147815466054,0.004059355632763391,-0.3389089020032668
1426256358308320,51.7608842596,-1.2615850643,111.035896,5735873.344302254,619973.6578314254,-111.035896,30U,-0.315,-0.799,-0.0,-0.010918258301332018,0.004368126893933868,-0.34198983243654063
1426256358388360,51.7608839821,-1.261586201,111.036125,5735873.311572573,619973.5801253234,-111.036125,30U,-0.303,-0.772,-0.004,-0.010922300000423433,0.0045238000006757595,-0.3445734071790083
1426256358486575,51.7608837159,-1.2615872952,111.036568,5735873.280169442,619973.5053221168,-111.036568,30U,-0.295,-0.742,-0.004,-0.010787017859821259,0.0046973094944724215,-0.3467424137158969
1426256358593052,51.7608834537,-1.261588346,111.036842,5735873.24928253,619973.4335032663,-111.036842,30U,-0.29,-0.713,-0.002,-0.010668282669239785,0.004951227816618263,-0.34832556029616624
1426256358699746,51.7608831977,-1.2615893576,111.03698,5735873.219149582,619973.3643731053,-111.03698,30U,-0.281,-0.686,-0.001,-0.010346156892143308,0.005187921894528548,-0.34957267757613414
1426256358806490,51.7608829475,-1.261590331,111.036919,5735873.189724474,619973.2978636851,-111.036919,30U,-0.276,-0.66,0.002,-0.009917354852817003,0.005507071797983911,-0.3504856886922157
1426256358913242,51.7608827035,-1.2615912685,111.036949,5735873.161047903,619973.2338152264,-111.036949,30U,-0.266,-0.636,-0.002,-0.009545240727113697,0.005843261312529251,-0.35106152466269
1426256359019985,51.7608824709,-1.26159217,111.037292,5735873.133698306,619973.1722208465,-111.037292,30U,-0.255,-0.613,-0.003,-0.009097265434376134,0.006006161394861998,-0.35170170028839426
1426256359126563,51.7608822464,-1.2615930392,111.037506,5735873.107302616,619973.1128339601,-111.037506,30U,-0.249,-0.59,-0.002,-0.00861901907604282,0.0061554009230203955,-0.35246864199288697
1426256359230296,51.7608820247,-1.2615938772,111.03759,5735873.08126963,619973.0555927111,-111.03759,30U,-0.246,-0.569,-0.0,-0.008030198103770389,0.006262586116278788,-0.35298664150615344
1426256359321697,51.7608818084,-1.2615946883,111.037659,5735873.05588141,619973.0001934695,-111.037659,30U,-0.236,-0.552,-0.001,-0.007438583541789253,0.006281479951203451,-0.3533396162151437
1426256359413099,51.7608816018,-1.2615954763,111.03772,5735873.031609891,619972.946362605,-111.03772,30U,-0.224,-0.537,-0.0,-0.007082100000181509,0.006268199999233754,-0.35373170717875246
1426256359519748,51.7608814051,-1.2615962381,111.037605,5735873.008482418,619972.894313513,-111.037605,30U,-0.217,-0.517,0.003,-0.006913216260711823,0.006367586546522107,-0.35404413320300987
1426256359624495,51.7608812132,-1.2615969679,111.03743,5735872.985941376,619972.8444599633,-111.03743,30U,-0.211,-0.491,-0.0,-0.006890991552176192,0.006496890437017365,-0.3540985895142166
1426256359715932,51.7608810287,-1.2615976518,111.037598,5735872.964298768,619972.7977542764,-111.037598,30U,-0.199,-0.453,-0.003,-0.0066807737856607735,0.0064287872323282825,-0.35402495330163947
1426256359807369,51.7608808587,-1.2615982764,111.037895,5735872.944366202,619972.7551023442,-111.037895,30U,-0.18,-0.41,-0.003,-0.006417581502945484,0.006343965145233885,-0.35415909228299747
1426256359898825,51.7608807058,-1.2615988367,111.038048,5735872.926441041,619972.7168423156,-111.038048,30U,-0.161,-0.363,-0.001,-0.005964540727157223,0.006301283591360592,-0.3543760499037095
1426256359990281,51.7608805702,-1.2615993241,111.038239,5735872.910559673,619972.6835671308,-111.038239,30U,-0.144,-0.314,-0.002,-0.005796624469070478,0.0061233126939113005,-0.35442955630725365
1426256360093162,51.7608804504,-1.2615997443,111.038246,5735872.896545911,619972.65488742,-111.038246,30U,-0.125,-0.27,0.0,-0.005780726650631826,0.006071614126841038,-0.35444119864122076
1426256360199850,51.7608803444,-1.2616001079,111.038185,5735872.884159907,619972.6300769965,-111.038185,30U,-0.115,-0.238,0.002,-0.00578915922287547,0.0060811282534422055,-0.35457073577751724
1426256360306549,51.760880243,-1.2616004416,111.037788,5735872.872334636,619972.6073177275,-111.037788,30U,-0.112,-0.226,0.004,-0.00572236810610349,0.006209780195394003,-0.35461364077716806
1426256360413250,51.7608801439,-1.2616007652,111.03746,5735872.860781757,619972.5852493445,-111.03746,30U,-0.108,-0.221,0.002,-0.005747199999693054,0.0061987999992024765,-0.3546510071803865
1426256360519861,51.7608800502,-1.2616010777,111.037369,5735872.849847649,619972.5639326392,-111.037369,30U,-0.103,-0.211,-0.001,-0.0057958110932791705,0.006046769000165085,-0.3547659177018237
1426256360626470,51.7608799618,-1.2616013689,111.037659,5735872.839537975,619972.5440717604,-111.037659,30U,-0.096,-0.191,-0.003,-0.0058141489814958775,0.005804019561756202,-0.35486336082499
1426256360733066,51.7608798808,-1.2616016245,111.03791,5735872.830109793,619972.5266479612,-111.03791,30U,-0.085,-0.161,-0.002,-0.005865444417651502,0.005563898154613837,-0.3549034230096658
1426256360835865,51.7608798099,-1.2616018337,111.03791,5735872.821881123,619972.5123993733,-111.03791,30U,-0.075,-0.129,0.002,-0.005817727330577475,0.005463468106381643,-0.354926441455548
1426256360927273,51.7608797539,-1.2616019825,111.037796,5735872.815408788,619972.5022793886,-111.037796,30U,-0.062,-0.096,0.0,-0.005747490193842454,0.005424377670418753,-0.3549308585435456
1426256361018687,51.7608797539,-1.2616019825,111.037796,5735872.815408788,619972.5022793886,-111.037796,30U,-0.048,-0.064,0.002,-0.005698300760974078,0.005339608890915701,-0.35496261109347965
1426256361110180,51.7608797539,-1.2616019825,111.037796,5735872.815408788,619972.5022793886,-111.037796,30U,-0.037,-0.035,0.002,-0.005730604562680404,0.005358474029136801,-0.3549955466991392
1426256361201672,51.7608797539,-1.2616019825,111.037796,5735872.815408788,619972.5022793886,-111.037796,30U,-0.028,-0.012,0.005,-0.0057862851944322,0.005383421650273077,-0.35499141480666807
1426256361306542,51.7608797539,-1.2616019825,111.037796,5735872.815408788,619972.5022793886,-111.037796,30U,-0.025,-0.002,0.006,-0.005778091116194852,0.005556268592651071,-0.3550044437384034
1426256361413323,51.7608797539,-1.2616019825,111.037796,5735872.815408788,619972.5022793886,-111.037796,30U,-0.028,-0.011,0.003,-0.0057784999997147046,0.005775299999617696,-0.3550125071787463
1426256361504734,51.7608797539,-1.2616019825,111.037796,5735872.815408788,619972.5022793886,-111.037796,30U,-0.029,-0.014,-0.001,-0.005762288145929072,0.005537609808198092,-0.35498903852692887
1426256361596144,51.7608797539,-1.2616019825,111.037796,5735872.815408788,619972.5022793886,-111.037796,30U,-0.025,-0.009,0.006,-0.005775511165258567,0.005445141020007677,-0.3550081756310806
1426256361699785,51.7608797539,-1.2616019825,111.037796,5735872.815408788,619972.5022793886,-111.037796,30U,-0.024,-0.005,0.005,-0.005796900000708831,0.005631694320980909,-0.355035444417949
1426256361806249,51.7608797539,-1.2616019825,111.037796,5735872.815408788,619972.5022793886,-111.037796,30U,-0.027,-0.01,0.002,-0.005809114125482895,0.00562485466013101,-0.3550096444181486
1426256361912932,51.7608797539,-1.2616019825,111.037796,5735872.815408788,619972.5022793886,-111.037796,30U,-0.026,-0.01,0.003,-0.005791600680190283,0.005507987231903228,-0.3550247466998062
1426256362019627,51.7608797539,-1.2616019825,111.037796,5735872.815408788,619972.5022793886,-111.037796,30U,-0.025,-0.006,0.005,-0.005771791109404342,0.005515694754233021,-0.35503365630718636
1426256362126280,51.7608797539,-1.2616019825,111.037796,5735872.815408788,619972.5022793886,-111.037796,30U,-0.024,-0.007,0.005,-0.0057573266495952085,0.005621925290787818,-0.3550218792721982
1426256362232923,51.7608797539,-1.2616019825,111.037796,5735872.815408788,619972.5022793886,-111.037796,30U,-0.024,-0.01,0.003,-0.0057848407773965415,0.005574793154303256,-0.3550364059215792
1426256362339521,51.7608797539,-1.2616019825,111.037796,5735872.815408788,619972.5022793886,-111.037796,30U,-0.024,-0.008,0.003,-0.00579590956301024,0.005511100000444222,-0.35503730592155197
1426256362437802,51.7608797539,-1.2616019825,111.037796,5735872.815408788,619972.5022793886,-111.037796,30U,-0.023,-0.007,0.006,-0.005792400000845123,0.00556330000060858,-0.3550404071796465
1426256362517786,51.7608797539,-1.2616019825,111.037796,5735872.815408788,619972.5022793886,-111.037796,30U,-0.023,-0.009,0.004,-0.005770062235116537,0.0056184740889422295,-0.3550592851826896
1426256362597769,51.7608797539,-1.2616019825,111.037796,5735872.815408788,619972.5022793886,-111.037796,30U,-0.023,-0.01,0.003,-0.005774829612440334,0.005536180631377463,-0.3550470444172098
1426256362699426,51.7608797539,-1.2616019825,111.037796,5735872.815408788,619972.5022793886,-111.037796,30U,-0.021,-0.007,0.005,-0.005779860825951167,0.005522025292068138,-0.35504924373801616
1426256362806083,51.7608797539,-1.2616019825,111.037796,5735872.815408788,619972.5022793886,-111.037796,30U,-0.02,-0.007,0.006,-0.005802859223236244,0.005599692719543906,-0.355073908203916
1426256362912827,51.7608797539,-1.2616019825,111.037796,5735872.815408788,619972.5022793886,-111.037796,30U,-0.022,-0.009,0.003,-0.005820211164486524,0.0056137628640964546,-0.3550730095635547
1426256363018618,51.7608797539,-1.2616019825,111.037796,5735872.815408788,619972.5022793886,-111.037796,30U,-0.021,-0.008,0.003,-0.005770348938607432,0.0055105896661709385,-0.35504470296377055
1426256363110035,51.7608797539,-1.2616019825,111.037796,5735872.815408788,619972.5022793886,-111.037796,30U,-0.019,-0.006,0.007,-0.0057751756309458585,0.005541862426838954,-0.35508238975707973
1426256363201451,51.7608797539,-1.2616019825,111.037796,5735872.815408788,619972.5022793886,-111.037796,30U,-0.02,-0.007,0.003,-0.005770708883095058,0.005615168107217052,-0.35509475398016943
1426256363306342,51.7608797539,-1.2616019825,111.037796,5735872.815408788,619972.5022793886,-111.037796,30U,-0.019,-0.009,0.003,-0.005811646699456636,0.005544619125523259,-0.3550614118454392
1426256363413158,51.7608797539,-1.2616019825,111.037796,5735872.815408788,619972.5022793886,-111.037796,30U,-0.019,-0.006,0.005,-0.005791099999333091,0.005520299999195955,-0.3551030071796899
1426256363519664,51.7608797539,-1.2616019825,111.037796,5735872.815408788,619972.5022793886,-111.037796,30U,-0.019,-0.005,0.005,-0.005768980015788568,0.005576025150806311,-0.35508345410423614
1426256363624276,51.7608797539,-1.2616019825,111.037796,5735872.815408788,619972.5022793886,-111.037796,30U,-0.018,-0.007,0.003,-0.005761648980177053,0.005571271746588505,-0.35507907631058133
1426256363715629,51.7608797539,-1.2616019825,111.037796,5735872.815408788,619972.5022793886,-111.037796,30U,-0.018,-0.006,0.005,-0.00578761844621181,0.005522247378234136,-0.3551098792722479
1426256363806982,51.7608797539,-1.2616019825,111.037796,5735872.815408788,619972.5022793886,-111.037796,30U,-0.019,-0.005,0.007,-0.0057568710680458894,0.005587436457285711,-0.3550892977178992
1426256363912827,51.7608797539,-1.2616019825,111.037796,5735872.815408788,619972.5022793886,-111.037796,30U,-0.018,-0.006,0.003,-0.0057555230106382345,0.005589362864447602,-0.3551082378162664
1426256364018673,51.7608797539,-1.2616019825,111.037796,5735872.815408788,619972.5022793886,-111.037796,30U,-0.019,-0.006,0.004,-0.00573575486524209,0.005521115577592779,-0.35509406223462836
1426256364110027,51.7608797539,-1.2616019825,111.037796,5735872.815408788,619972.5022793886,-111.037796,30U,-0.017,-0.005,0.006,-0.0057235815532472555,0.005532890436155371,-0.35512457859228785
1426256364201382,51.7608797539,-1.2616019825,111.037796,5735872.815408788,619972.5022793886,-111.037796,30U,-0.018,-0.005,0.004,-0.005728718446444298,0.005576631893576814,-0.3551202125237549
1426256364306206,51.7608797539,-1.2616019825,111.037796,5735872.815408788,619972.5022793886,-111.037796,30U,-0.017,-0.006,0.004,-0.005721101602695792,0.005555977668954043,-0.3551133697090951
1426256364412954,51.7608797539,-1.2616019825,111.037796,5735872.815408788,619972.5022793886,-111.037796,30U,-0.016,-0.005,0.004,-0.005738300000350457,0.005516000000101891,-0.35515860717897557
1426256364519626,51.7608797539,-1.2616019825,111.037796,5735872.815408788,619972.5022793886,-111.037796,30U,-0.017,-0.005,0.004,-0.005732013296459505,0.005555983660669366,-0.3551208244693519
1426256364624409,51.7608797539,-1.2616019825,111.037796,5735872.815408788,619972.5022793886,-111.037796,30U,-0.015,-0.006,0.003,-0.0057453184457476126,0.005565512524830737,-0.355140689758029
1426256364715964,51.7608797539,-1.2616019825,111.037796,5735872.815408788,619972.5022793886,-111.037796,30U,-0.017,-0.005,0.003,-0.00574928815524337,0.005518844417289073,-0.35515774509628084
1426256364807519,51.7608797539,-1.2616019825,111.037796,5735872.815408788,619972.5022793886,-111.037796,30U,-0.015,-0.005,0.004,-0.005705883591746122,0.00553551412678804,-0.355130179271827
1426256364913000,51.7608797539,-1.2616019825,111.037796,5735872.815408788,619972.5022793886,-111.037796,30U,-0.015,-0.005,0.003,-0.00568792961138767,0.005545341456214136,-0.35516630228154233
1426256365018476,51.7608797539,-1.2616019825,111.037796,5735872.815408788,619972.5022793886,-111.037796,30U,-0.015,-0.006,0.004,-0.005715401442879912,0.005550774088471612,-0.3551745592701726
1426256365109961,51.7608797539,-1.2616019825,111.037796,5735872.815408788,619972.5022793886,-111.037796,30U,-0.014,-0.005,0.003,-0.005740779271968841,0.005506788834733602,-0.35516310000030005
1426256365201445,51.7608797539,-1.2616019825,111.037796,5735872.815408788,619972.5022793886,-111.037796,30U,-0.014,-0.004,0.004,-0.005749344417677138,0.005545660146354233,-0.35517672597077526
1426256365306210,51.7608797539,-1.2616019825,111.037796,5735872.815408788,619972.5022793886,-111.037796,30U,-0.014,-0.004,0.002,-0.005682668106918023,0.005543085872974004,-0.3551808792714551
1426256365412871,51.7608797539,-1.2616019825,111.037796,5735872.815408788,619972.5022793886,-111.037796,30U,-0.013,-0.005,0.003,-0.00573139999997766,0.005524099999856568,-0.35518060717986066
1426256365519685,51.7608797539,-1.2616019825,111.037796,5735872.815408788,619972.5022793886,-111.037796,30U,-0.014,-0.003,0.003,-0.005727367401032963,0.005523700000062608,-0.35519057332753945
1426256365624551,51.7608797539,-1.2616019825,111.037796,5735872.815408788,619972.5022793886,-111.037796,30U,-0.014,-0.003,0.004,-0.005735674709250863,0.005536543057723286,-0.3551886318930927
1426256365715784,51.7608797539,-1.2616019825,111.037796,5735872.815408788,619972.5022793886,-111.037796,30U,-0.013,-0.004,0.002,-0.005705914126281385,0.00553505990310488,-0.3552115437377549
1426256365807017,51.7608797539,-1.2616019825,111.037796,5735872.815408788,619972.5022793886,-111.037796,30U,-0.013,-0.003,0.004,-0.005725917767208171,0.005524990437170339,-0.3552053243686664
1426256365912707,51.7608797539,-1.2616019825,111.037796,5735872.815408788,619972.5022793886,-111.037796,30U,-0.012,-0.003,0.003,-0.005714467426440048,0.005549276990417812,-0.35519233189336846
1426256366019361,51.7608797539,-1.2616019825,111.037796,5735872.815408788,619972.5022793886,-111.037796,30U,-0.012,-0.003,0.004,-0.005709011853574884,0.005539570364472127,-0.35522587849516596
1426256366126034,51.7608797539,-1.2616019825,111.037796,5735872.815408788,619972.5022793886,-111.037796,30U,-0.012,-0.002,0.003,-0.005706376310411264,0.005536735534378525,-0.35521398291217904
1426256366227723,51.7608797539,-1.2616019825,111.037796,5735872.815408788,619972.5022793886,-111.037796,30U,-0.011,-0.002,0.004,-0.0057198088826974,0.005537043738580476,-0.3552210904374358
1426256366307819,51.7608797539,-1.2616019825,111.037796,5735872.815408788,619972.5022793886,-111.037796,30U,-0.012,-0.002,0.004,-0.005710597719074441,0.005545244417653055,-0.3552393615057221
1426256366387914,51.7608797539,-1.2616019825,111.037796,5735872.815408788,619972.5022793886,-111.037796,30U,-0.011,-0.002,0.004,-0.005707299999737943,0.005537500000808203,-0.3552312071791039
1426256366486178,51.7608797539,-1.2616019825,111.037796,5735872.815408788,619972.5022793886,-111.037796,30U,-0.01,-0.002,0.003,-0.005693102962767459,0.005534744454041203,-0.35525032591191996
1426256366592699,51.7608797539,-1.2616019825,111.037796,5735872.815408788,619972.5022793886,-111.037796,30U,-0.01,-0.001,0.003,-0.005710343738761692,0.0055373029618623,-0.35525615854397136
1426256366699388,51.7608797539,-1.2616019825,111.037796,5735872.815408788,619972.5022793886,-111.037796,30U,-0.01,-0.001,0.003,-0.005715405923140102,0.005535547378800949,-0.3552503207282921
1426256366806115,51.7608797539,-1.2616019825,111.037796,5735872.815408788,619972.5022793886,-111.037796,30U,-0.011,-0.001,0.003,-0.005722259223738103,0.00553464965997354,-0.35526485262064217
1426256366912809,51.7608797539,-1.2616019825,111.037796,5735872.815408788,619972.5022793886,-111.037796,30U,-0.012,-0.001,0.002,-0.005679648057248214,0.005539647378870699,-0.3552514888352725
1426256367019508,51.7608797539,-1.2616019825,111.037796,5735872.815408788,619972.5022793886,-111.037796,30U,-0.01,-0.002,0.002,-0.005675428114661608,0.005540331837662136,-0.3552530733289433
1426256367126315,51.7608797539,-1.2616019825,111.037796,5735872.815408788,619972.5022793886,-111.037796,30U,-0.01,-0.002,0.001,-0.005707888154751914,0.005537365146198218,-0.35528705558237533
1426256367230221,51.7608797539,-1.2616019825,111.037796,5735872.815408788,619972.5022793886,-111.037796,30U,-0.01,-0.002,0.001,-0.0057011911169725015,0.005515211844318275,-0.35526784145684365
1426256367321555,51.7608797539,-1.2616019825,111.037796,5735872.815408788,619972.5022793886,-111.037796,30U,-0.01,-0.002,0.002,-0.005720508883645827,0.005527064466025689,-0.3552955230105894
1426256367412888,51.7608797539,-1.2616019825,111.037796,5735872.815408788,619972.5022793886,-111.037796,30U,-0.011,-0.002,0.003,-0.005716500000235007,0.005515399999538286,-0.35530610717935635
1426256367519469,51.7608797539,-1.2616019825,111.037796,5735872.815408788,619972.5022793886,-111.037796,30U,-0.01,-0.002,0.002,-0.005669485942255659,0.005509691109585488,-0.3552756414903504
1426256367624172,51.7608797539,-1.2616019825,111.037796,5735872.815408788,619972.5022793886,-111.037796,30U,-0.009,-0.002,0.003,-0.005676379271980055,0.005529525970192289,-0.35530797859293883
1426256367715725,51.7608797539,-1.2616019825,111.037796,5735872.815408788,619972.5022793886,-111.037796,30U,-0.01,-0.004,0.001,-0.0056816082033698725,0.005530012524354514,-0.3553179792719569
1426256367807278,51.7608797539,-1.2616019825,111.037796,5735872.815408788,619972.5022793886,-111.037796,30U,-0.009,-0.003,0.001,-0.005737888835685271,0.005483850338893784,-0.35532467927156003
1426256367898595,51.7608797539,-1.2616019825,111.037796,5735872.815408788,619972.5022793886,-111.037796,30U,-0.01,-0.001,0.002,-0.005677543738203693,0.005516398640284363,-0.3553314088841647
1426256367989896,51.7608797539,-1.2616019825,111.037796,5735872.815408788,619972.5022793886,-111.037796,30U,-0.009,-0.002,0.0,-0.00568124673520981,0.005541841489869247,-0.3553282703650359
1426256368092766,51.7608797539,-1.2616019825,111.037796,5735872.815408788,619972.5022793886,-111.037796,30U,-0.01,-0.004,-0.001,-0.005646842379134159,0.005506400678743946,-0.35534354373782945
1426256368199491,51.7608797539,-1.2616019825,111.037796,5735872.815408788,619972.5022793886,-111.037796,30U,-0.009,-0.001,0.001,-0.005692474029880844,0.005501123689713176,-0.35533801480528515
1426256368306292,51.7608797539,-1.2616019825,111.037796,5735872.815408788,619972.5022793886,-111.037796,30U,-0.009,-0.002,0.001,-0.005670770387648067,0.005526267426516181,-0.355357454903831
1426256368413103,51.7608797539,-1.2616019825,111.037796,5735872.815408788,619972.5022793886,-111.037796,30U,-0.009,-0.002,-0.002,-0.00571169999921683,0.00551269999962006,-0.35537530718036336
1426256368519617,51.7608797539,-1.2616019825,111.037796,5735872.815408788,619972.5022793886,-111.037796,30U,-0.01,-0.001,-0.001,-0.005668202962939821,0.005490817021315982,-0.3553602355623954
1426256368626149,51.7608797539,-1.2616019825,111.037796,5735872.815408788,619972.5022793886,-111.037796,30U,-0.008,-0.001,-0.002,-0.005651559902873203,0.005501179952146943,-0.35539153713670396
1426256368732801,51.7608797539,-1.2616019825,111.037796,5735872.815408788,619972.5022793886,-111.037796,30U,-0.008,-0.001,-0.003,-0.005648095679126065,0.005486470388769634,-0.3554083006803396
1426256368835648,51.7608797539,-1.2616019825,111.037796,5735872.815408788,619972.5022793886,-111.037796,30U,-0.008,-0.001,-0.001,-0.00571321548605963,0.005509411844687864,-0.35537571116474403
1426256368927078,51.7608797539,-1.2616019825,111.037796,5735872.815408788,619972.5022793886,-111.037796,30U,-0.008,-0.001,-0.002,-0.005654952622226217,0.005484491796263111,-0.355422314126126
1426256369018516,51.7608797539,-1.2616019825,111.037796,5735872.815408788,619972.5022793886,-111.037796,30U,-0.008,-0.001,-0.002,-0.005683642250222719,0.005507440729171856,-0.3554046800157502
1426256369110068,51.7608797539,-1.2616019825,111.037796,5735872.815408788,619972.5022793886,-111.037796,30U,-0.008,-0.001,-0.002,-0.005647295000605066,0.0054823562620049185,-0.3554139904362477
1426256369201620,51.7608797539,-1.2616019825,111.037796,5735872.815408788,619972.5022793886,-111.037796,30U,-0.008,-0.001,-0.001,-0.005692650339551222,0.005500563786343807,-0.35542784441828174
1426256369306253,51.7608797539,-1.2616019825,111.037796,5735872.815408788,619972.5022793886,-111.037796,30U,-0.009,-0.0,-0.002,-0.005670802281794817,0.005514755582090548,-0.35541859407725307
1426256369412754,51.7608797539,-1.2616019825,111.037796,5735872.815408788,619972.5022793886,-111.037796,30U,-0.008,-0.002,-0.003,-0.00567549999953751,0.005483199999543894,-0.35544580717939167
1426256369504306,51.7608797539,-1.2616019825,111.037796,5735872.815408788,619972.5022793886,-111.037796,30U,-0.009,0.001,-0.003,-0.005620454786315829,0.005482263677524088,-0.3554232629953178
1426256369595858,51.7608797539,-1.2616019825,111.037796,5735872.815408788,619972.5022793886,-111.037796,30U,-0.007,-0.001,-0.002,-0.005634925047599397,0.005510802961113496,-0.35544366082583745
1426256369699808,51.7608797539,-1.2616019825,111.037796,5735872.815408788,619972.5022793886,-111.037796,30U,-0.008,-0.001,-0.004,-0.005625092719550325,0.005483909563151292,-0.35545422140822486
1426256369806618,51.7608797539,-1.2616019825,111.037796,5735872.815408788,619972.5022793886,-111.037796,30U,-0.007,-0.001,-0.003,-0.005660988834717592,0.0054812881554092835,-0.3554404555827714
1426256369913280,51.7608797539,-1.2616019825,111.037796,5735872.815408788,619972.5022793886,-111.037796,30U,-0.007,-0.001,-0.002,-0.005640146699220905,0.005485482232216374,-0.35547915558334464
1426256370019932,51.7608797539,-1.2616019825,111.037796,5735872.815408788,619972.5022793886,-111.037796,30U,-0.008,-0.001,-0.003,-0.005634809651665244,0.0054977348013578705,-0.35546855630700763
1426256370126587,51.7608797539,-1.2616019825,111.037796,5735872.815408788,619972.5022793886,-111.037796,30U,-0.007,-0.0,-0.003,-0.005618743737075675,0.005480982913031072,-0.3554699644665735
1426256370233256,51.7608797539,-1.2616019825,111.037796,5735872.815408788,619972.5022793886,-111.037796,30U,-0.006,0.0,-0.002,-0.005621991115880556,0.005483399319635129,-0.35548961480573577
1426256370339989,51.7608797539,-1.2616019825,111.037796,5735872.815408788,619972.5022793886,-111.037796,30U,-0.006,0.001,-0.002,-0.005639070387832456,0.005503429611739594,-0.3554800118453663
1426256370438285,51.7608797539,-1.2616019825,111.037796,5735872.815408788,619972.5022793886,-111.037796,30U,-0.006,0.001,-0.002,-0.0056241000007064,0.005476700000710385,-0.35549060717900444
1426256370518017,51.7608797539,-1.2616019825,111.037796,5735872.815408788,619972.5022793886,-111.037796,30U,-0.007,0.001,-0.002,-0.0056284237083530225,0.005499999238653298,-0.35549742074543667
1426256370597749,51.7608797539,-1.2616019825,111.037796,5735872.815408788,619972.5022793886,-111.037796,30U,-0.006,0.001,-0.002,-0.0056331348546589805,0.005487974028317471,-0.3554880703883152
1426256370699365,51.7608797539,-1.2616019825,111.037796,5735872.815408788,619972.5022793886,-111.037796,30U,-0.006,0.001,-0.002,-0.005649758543316233,0.005483011844323882,-0.35550331184427275
1426256370806032,51.7608797539,-1.2616019825,111.037796,5735872.815408788,619972.5022793886,-111.037796,30U,-0.008,0.001,-0.002,-0.005635445096375298,0.005484414806299147,-0.3554990829132405
1426256370912832,51.7608797539,-1.2616019825,111.037796,5735872.815408788,619972.5022793886,-111.037796,30U,-0.007,0.002,-0.001,-0.005597362184884377,0.005472561505658653,-0.35550178223248036
1426256371018683,51.7608797539,-1.2616019825,111.037796,5735872.815408788,619972.5022793886,-111.037796,30U,-0.006,0.003,-0.002,-0.005593647417377786,0.005509905167236927,-0.35550885258396947
1426256371110162,51.7608797539,-1.2616019825,111.037796,5735872.815408788,619972.5022793886,-111.037796,30U,-0.006,0.001,-0.003,-0.005622374271501904,0.005506085873706764,-0.3555168911167185
1426256371201639,51.7608797539,-1.2616019825,111.037796,5735872.815408788,619972.5022793886,-111.037796,30U,-0.005,0.001,-0.003,-0.005679408884308837,0.005447636214264826,-0.3555287230091504
1426256371306274,51.7608797539,-1.2616019825,111.037796,5735872.815408788,619972.5022793886,-111.037796,30U,-0.006,0.003,-0.001,-0.005649221407766955,0.0054582134470933215,-0.35552067106703666
1426256371412789,51.7608797539,-1.2616019825,111.037796,5735872.815408788,619972.5022793886,-111.037796,30U,-0.006,0.003,-0.002,-0.00559739999918795,0.005512199999441279,-0.3555135071798623
1426256371519598,51.7608797539,-1.2616019825,111.037796,5735872.815408788,619972.5022793886,-111.037796,30U,-0.005,0.0,-0.003,-0.005563958509844699,0.005475042250334927,-0.35552094961984
1426256371624483,51.7608797539,-1.2616019825,111.037796,5735872.815408788,619972.5022793886,-111.037796,30U,-0.004,0.002,-0.001,-0.005626571990811145,0.005458117087465319,-0.3555269111654006
1426256371715901,51.7608797539,-1.2616019825,111.037796,5735872.815408788,619972.5022793886,-111.037796,30U,-0.004,0.003,-0.002,-0.005661885193933514,0.005492608203858085,-0.3555481733492884
1426256371807319,51.7608797539,-1.2616019825,111.037796,5735872.815408788,619972.5022793886,-111.037796,30U,-0.005,0.002,-0.003,-0.005648856941131237,0.0055062999994260455,-0.35554297699097837
1426256371913032,51.7608797539,-1.2616019825,111.037796,5735872.815408788,619972.5022793886,-111.037796,30U,-0.004,0.002,-0.003,-0.0055857072810559455,0.005480315485162476,-0.3555407318936764
1426256372018746,51.7608797539,-1.2616019825,111.037796,5735872.815408788,619972.5022793886,-111.037796,30U,-0.003,0.002,-0.003,-0.00557833480260134,0.005464558509558472,-0.3555564911085379
1426256372110174,51.7608797539,-1.2616019825,111.037796,5735872.815408788,619972.5022793886,-111.037796,30U,-0.003,0.003,-0.002,-0.005602034853661645,0.005497302280843958,-0.355550017766118
1426256372201603,51.7608797539,-1.2616019825,111.037796,5735872.815408788,619972.5022793886,-111.037796,30U,-0.004,0.002,-0.002,-0.00559067631023086,0.005495794757938536,-0.3555556052422414
1426256372306378,51.7608797539,-1.2616019825,111.037796,5735872.815408788,619972.5022793886,-111.037796,30U,-0.004,0.002,-0.002,-0.005584812524052276,0.005470056261795669,-0.3555772881551986
1426256372413061,51.7608797539,-1.2616019825,111.037796,5735872.815408788,619972.5022793886,-111.037796,30U,-0.003,0.004,-0.001,-0.0055666999997299035,0.005480300000601353,-0.3555796071794118
1426256372519757,51.7608797539,-1.2616019825,111.037796,5735872.815408788,619972.5022793886,-111.037796,30U,-0.003,0.002,-0.0,-0.005597708130086074,0.005495288146452547,-0.35559412887554837
1426256372624548,51.7608797539,-1.2616019825,111.037796,5735872.815408788,619972.5022793886,-111.037796,30U,-0.004,0.003,-0.002,-0.005591823689681121,0.005469842136076389,-0.35560904441744795
1426256372716014,51.7608797539,-1.2616019825,111.037796,5735872.815408788,619972.5022793886,-111.037796,30U,-0.004,0.003,-0.0,-0.005596779951772558,0.00548611344624832,-0.3555857674272171
1426256372807479,51.7608797539,-1.2616019825,111.037796,5735872.815408788,619972.5022793886,-111.037796,30U,-0.004,0.002,-0.001,-0.005557364465689776,0.005504091796639117,-0.3556306578645557
1426256372913150,51.7608797539,-1.2616019825,111.037796,5735872.815408788,619972.5022793886,-111.037796,30U,-0.004,0.003,-0.002,-0.0055731095625828906,0.00546092961225108,-0.355611936213343
1426256373018818,51.7608797539,-1.2616019825,111.037796,5735872.815408788,619972.5022793886,-111.037796,30U,-0.002,0.003,-0.001,-0.0055856607139261735,0.0054913806980871945,-0.35561902294823794
1426256373110264,51.7608797539,-1.2616019825,111.037796,5735872.815408788,619972.5022793886,-111.037796,30U,-0.003,0.003,-0.001,-0.005596685873289889,0.005489650340269524,-0.35566551708834104
1426256373201710,51.7608797539,-1.2616019825,111.037796,5735872.815408788,619972.5022793886,-111.037796,30U,-0.005,0.003,-0.001,-0.005590582233493519,0.005460379271540682,-0.35564572436870895
1426256373306447,51.7608797539,-1.2616019825,111.037796,5735872.815408788,619972.5022793886,-111.037796,30U,-0.004,0.003,-0.001,-0.0055482510195609775,0.00546703189243596,-0.35565529635995624
1426256373413083,51.7608797539,-1.2616019825,111.037796,5735872.815408788,619972.5022793886,-111.037796,30U,-0.005,0.003,0.0,-0.005571999999181533,0.005458500000485902,-0.3556627071798038
1426256373519743,51.7608797516,-1.2616019807,111.037773,5735872.815155973,619972.5024097008,-111.037773,30U,-0.004,0.003,-0.0,-0.005565046656310807,0.005474288145925017,-0.3556535000007675
1426256373624504,51.7608797455,-1.2616019758,111.037712,5735872.814485675,619972.5027640122,-111.037712,30U,-0.004,0.003,-0.001,-0.005599923689435799,0.005445821406945969,-0.35569107038759695
1426256373715981,51.7608797381,-1.2616019699,111.037636,5735872.813672453,619972.5031907781,-111.037636,30U,-0.005,0.003,0.001,-0.005561103639880627,0.005439631214526665,-0.35568025922305285
1426256373807457,51.7608797323,-1.2616019653,111.037575,5735872.813035023,619972.5035235919,-111.037575,30U,-0.004,0.003,-0.0,-0.005572332573415829,0.005477576311329189,-0.3556940230099618
1426256373913227,51.7608797303,-1.2616019638,111.03756,5735872.812815077,619972.5036324066,-111.03756,30U,-0.005,0.003,-0.001,-0.005559143738105065,0.005451771068559739,-0.35569405922379843
1426256374019946,51.7608797291,-1.2616019636,111.037537,5735872.81268196,619972.5036493891,-111.037537,30U,-0.005,0.003,-0.0,-0.0055914563066002225,0.00544633776609583,-0.3556962466554219
1426256374126615,51.760879728,-1.261601963,111.037453,5735872.812560619,619972.5036937101,-111.037453,30U,-0.005,0.003,0.0,-0.005579920727442091,0.005458017767758905,-0.3557139822322591
1426256374228284,51.7608797264,-1.2616019631,111.037445,5735872.812382526,619972.5036910505,-111.037445,30U,-0.006,0.003,-0.0,-0.0055697628640715945,0.005457500000128338,-0.35571849999957456
1426256374308291,51.760879725,-1.2616019635,111.037491,5735872.812226179,619972.5036671587,-111.037491,30U,-0.005,0.003,-0.001,-0.005567505242286897,0.005443835534671136,-0.35572675262139103
1426256374388297,51.7608797239,-1.2616019638,111.037575,5735872.812103358,619972.503649372,-111.037575,30U,-0.006,0.003,-0.0,-0.005571400000363258,0.005447899999837315,-0.355742507179714
1426256374486617,51.760879718,-1.2616019584,111.037483,5735872.811456123,619972.504037658,-111.037483,30U,-0.007,0.003,-0.001,-0.005577397037194244,0.005458882218865442,-0.3557410148184838
1426256374593260,51.7608797107,-1.2616019544,111.037529,5735872.810650897,619972.5043330431,-111.037529,30U,-0.007,0.003,-0.001,-0.00556431480659419,0.005459752621544729,-0.3557454763111483
1426256374699864,51.7608797037,-1.2616019508,111.03759,5735872.809878374,619972.5046000297,-111.03759,30U,-0.006,0.003,-0.001,-0.00556817402976698,0.005448673349992886,-0.35575765558344247
1426256374806459,51.7608796974,-1.2616019462,111.037628,5735872.809185342,619972.5049341682,-111.037628,30U,-0.006,0.004,-0.001,-0.005563340776735894,0.005461305922691103,-0.3557577592228388
1426256374913120,51.7608796908,-1.2616019421,111.03775,5735872.808458124,619972.5052345985,-111.03775,30U,-0.007,0.003,-0.002,-0.005571359222490615,0.005451006602130061,-0.3557629118449431
1426256375019780,51.7608796834,-1.2616019374,111.03775,5735872.807642927,619972.5055785553,-111.03775,30U,-0.007,0.004,-0.001,-0.005560068162215358,0.005426520744499313,-0.35577439703644564
1426256375126371,51.7608796764,-1.2616019312,111.037659,5735872.806874684,619972.5060249632,-111.037659,30U,-0.006,0.005,0.0,-0.0055603029613596295,0.005448578592577137,-0.35579009043668636
1426256375230080,51.7608796697,-1.2616019247,111.037643,5735872.806140294,619972.5064912783,-111.037643,30U,-0.007,0.004,-0.001,-0.005577700000172451,0.005488488155191218,-0.3558031325735828
1426256375321301,51.760879662,-1.26160192,111.037796,5735872.8052917365,619972.5068360295,-111.037796,30U,-0.008,0.003,-0.002,-0.005551533252591023,0.005428857621685344,-0.35576606286411994
1426256375412521,51.7608796542,-1.2616019164,111.037834,5735872.804430248,619972.5071051373,-111.037834,30U,-0.009,0.001,0.002,-0.005539600000162825,0.005456200000361636,-0.3557637071792659
1426256375519327,51.7608796434,-1.2616019279,111.03717,5735872.803210302,619972.5063401712,-111.03717,30U,-0.014,-0.019,0.005,-0.005542470365159995,0.0057805020459557165,-0.3557621103339
1426256375624224,51.7608796259,-1.261601972,111.036842,5735872.801191644,619972.5033432964,-111.036842,30U,-0.022,-0.043,0.001,-0.005584732572264571,0.005887244417766952,-0.35585279500115047
1426256375715769,51.7608796023,-1.2616020511,111.036835,5735872.798437052,619972.4979473006,-111.036835,30U,-0.028,-0.066,-0.002,-0.005461104077108438,0.005927001602665359,-0.35597741504927055
1426256375807315,51.760879572,-1.2616021632,111.037117,5735872.794883092,619972.4902917915,-111.037117,30U,-0.037,-0.087,-0.005,-0.005288250095817571,0.006009258544451515,-0.3560866282522879
1426256375898703,51.7608795326,-1.2616023053,111.037598,5735872.790267805,619972.4805901572,-111.037598,30U,-0.048,-0.108,-0.005,-0.005169852378609603,0.005937279028070935,-0.3560483760682942
1426256375990080,51.7608794826,-1.2616024766,111.03791,5735872.784425694,619972.468901579,-111.03791,30U,-0.059,-0.129,-0.004,-0.005049261552222078,0.0058629785728510535,-0.3558284031207733
1426256376092983,51.7608794249,-1.26160268,111.038254,5735872.777674488,619972.4550182464,-111.038254,30U,-0.067,-0.152,-0.005,-0.004948327330728861,0.005800830970876514,-0.3555610899498877
1426256376199727,51.7608793609,-1.2616029143,111.038811,5735872.770171854,619972.4390192579,-111.038811,30U,-0.074,-0.172,-0.007,-0.004906159223050906,0.005636726164555603,-0.3553015653387145
1426256376306448,51.7608792886,-1.2616031776,111.039459,5735872.761698499,619972.4210410314,-111.039459,30U,-0.085,-0.191,-0.007,-0.004952236456355624,0.005480150096017228,-0.3548739664543254
1426256376413165,51.7608792076,-1.2616034694,111.040169,5735872.752210766,619972.4011191304,-111.040169,30U,-0.094,-0.211,-0.008,-0.005101399999859707,0.005350500000266216,-0.3543158071802606
1426256376519779,51.7608791207,-1.2616037894,111.040855,5735872.742020527,619972.379266835,-111.040855,30U,-0.097,-0.231,-0.01,-0.005247217782094303,0.005175723105962622,-0.35383696467330533
1426256376626392,51.7608790316,-1.2616041383,111.04174,5735872.731538091,619972.355426032,-111.04174,30U,-0.101,-0.251,-0.009,-0.005187931893519833,0.004989935969624429,-0.35350601863921444
1426256376733009,51.760878936,-1.2616045147,111.042587,5735872.720287578,619972.3297047304,-111.042587,30U,-0.11,-0.269,-0.008,-0.005326387719889882,0.004816774464810019,-0.3530753990279677
1426256376835859,51.7608788326,-1.2616049184,111.043358,5735872.708124746,619972.30212018,-111.043358,30U,-0.118,-0.288,-0.008,-0.00542795058279973,0.004681384270873854,-0.35249136781337614
1426256376927407,51.7608787221,-1.2616053516,111.044243,5735872.695123821,619972.2725187052,-111.044243,30U,-0.126,-0.309,-0.01,-0.005574954223758604,0.004551223446405147,-0.35192165528869446
1426256377018945,51.7608786044,-1.2616058119,111.045197,5735872.681277628,619972.2410661915,-111.045197,30U,-0.134,-0.328,-0.01,-0.005606962916468357,0.004364924548114345,-0.351346778127062
1426256377110345,51.7608784802,-1.2616063007,111.046028,5735872.666661712,619972.2076641711,-111.046028,30U,-0.14,-0.347,-0.009,-0.005715983155883613,0.00423569543625089,-0.35070835664801314
1426256377201745,51.7608783503,-1.2616068142,111.046913,5735872.651371289,619972.172572756,-111.046913,30U,-0.147,-0.362,-0.01,-0.005771814126806517,0.004161684271099855,-0.35009693820152876
1426256377306414,51.760878215,-1.2616073488,111.048065,5735872.635445642,619972.1360395802,-111.048065,30U,-0.152,-0.375,-0.013,-0.005831688154686996,0.004015965581678871,-0.34952317533837596
1426256377412979,51.7608780769,-1.2616078999,111.0494,5735872.619181475,619972.0983751894,-111.0494,30U,-0.154,-0.385,-0.014,-0.005702100000671136,0.0038834999993183584,-0.34903610718017714
1426256377504207,51.7608779366,-1.261608465,111.050552,5735872.602649623,619972.0597505142,-111.050552,30U,-0.157,-0.396,-0.013,-0.005760611015417598,0.003743372646689064,-0.3486491490955081
1426256377595435,51.7608777933,-1.2616090435,111.051666,5735872.585762109,619972.0202090794,-111.051666,30U,-0.159,-0.404,-0.012,-0.005939566990659349,0.0036867865538292967,-0.3483023794648504
1426256377699319,51.7608776483,-1.261609635,111.052841,5735872.568664161,619971.979775043,-111.052841,30U,-0.162,-0.413,-0.012,-0.0060934114077335145,0.003621505000252633,-0.3480161106796206
1426256377806123,51.7608775,-1.26161024,111.053932,5735872.551177021,619971.9384181421,-111.053932,30U,-0.166,-0.423,-0.01,-0.006208764708729985,0.0035240421356672064,-0.3478171974752476
1426256377912927,51.7608773494,-1.2616108583,111.055122,5735872.53341223,619971.8961495277,-111.055122,30U,-0.168,-0.43,-0.014,-0.006360515048351679,0.003430103398019505,-0.3477049191267432
1426256378019729,51.7608771982,-1.261611479,111.056602,5735872.515576768,619971.8537168836,-111.056602,30U,-0.166,-0.426,-0.017,-0.00644851033252176,0.0031426735639208214,-0.3476211289533518
1426256378126519,51.7608770501,-1.2616120842,111.05809,5735872.498111545,619971.8123456505,-111.05809,30U,-0.161,-0.41,-0.014,-0.00653314922462188,0.0027902876696789957,-0.34752465762078644
1426256378233265,51.760876907,-1.2616126656,111.059395,5735872.481241503,619971.7726035595,-111.059395,30U,-0.156,-0.395,-0.012,-0.006716447620930496,0.0026234414555033553,-0.3474782125244352
1426256378339826,51.7608767651,-1.2616132392,111.060051,5735872.464517742,619971.7333965527,-111.060051,30U,-0.159,-0.4,-0.004,-0.006781848301955253,0.0028710510686470367,-0.3473730494172883
1426256378438037,51.7608766208,-1.2616138269,111.060623,5735872.44750389,619971.6932228906,-111.060623,30U,-0.162,-0.411,-0.009,-0.006951500000258453,0.0029582000007749238,-0.3472873071803949
1426256378517880,51.7608764738,-1.2616144314,111.061302,5735872.430162145,619971.6518970464,-111.061302,30U,-0.166,-0.424,-0.007,-0.007090628113493737,0.002890554707649711,-0.3472429659580294
1426256378597723,51.7608763216,-1.261615053,111.061859,5735872.412213998,619971.6094049433,-111.061859,30U,-0.171,-0.435,-0.007,-0.007133601601609695,0.0032289465065704864,-0.34718218063091455
1426256378699380,51.7608761648,-1.2616156907,111.06263,5735872.3937278185,619971.5658140015,-111.06263,30U,-0.176,-0.446,-0.009,-0.007196537814898785,0.0033042769905377127,-0.3470628382525036
1426256378806071,51.7608760046,-1.2616163448,111.063286,5735872.374836557,619971.5211003348,-111.063286,30U,-0.178,-0.457,-0.006,-0.007351313010827049,0.003444255389787325,-0.3469816348542858
1426256378912867,51.7608758438,-1.2616170141,111.064064,5735872.355853571,619971.4753393321,-111.064064,30U,-0.18,-0.466,-0.01,-0.007416094757956478,0.0037240107284216505,-0.34703942529065196
1426256379018699,51.7608756787,-1.2616176924,111.065086,5735872.336377592,619971.4289686535,-111.065086,30U,-0.186,-0.473,-0.011,-0.007538721348600835,0.0037470718860012995,-0.34702760820908407
1426256379109963,51.7608755097,-1.2616183817,111.066032,5735872.316449811,619971.3818492215,-111.066032,30U,-0.189,-0.481,-0.009,-0.0076214911169904444,0.003709564465415298,-0.3468582004362518
1426256379201226,51.760875339,-1.2616190857,111.066986,5735872.296308801,619971.3337198731,-111.066986,30U,-0.19,-0.492,-0.011,-0.007715192039564929,0.003803923932132485,-0.3467639236894146
1426256379305968,51.7608751651,-1.2616198117,111.067993,5735872.27577574,619971.2840808245,-111.067993,30U,-0.197,-0.511,-0.01,-0.007817624612258349,0.0038778571840403816,-0.3467843592225367
1426256379412636,51.7608749824,-1.2616205706,111.068817,5735872.254209942,619971.2321947294,-111.068817,30U,-0.208,-0.537,-0.008,-0.007980799999336645,0.003977099999974174,-0.3466601071788347
1426256379519231,51.7608747904,-1.2616213691,111.069527,5735872.231544784,619971.1776005572,-111.069527,30U,-0.219,-0.567,-0.01,-0.008244027956581846,0.0041342436146787126,-0.3464164112501178
1426256379623945,51.7608745869,-1.2616222166,111.070427,5735872.20752015,619971.1196554635,-111.070427,30U,-0.233,-0.605,-0.009,-0.008459571989754135,0.004355308689761738,-0.3462305945147408
1426256379715490,51.7608743697,-1.2616231256,111.07132,5735872.181870819,619971.0575026728,-111.07132,30U,-0.25,-0.651,-0.011,-0.008514276989435382,0.004672768592647724,-0.3461178642236986
1426256379807036,51.7608741364,-1.2616241022,111.072563,5735872.154319865,619970.9907276001,-111.072563,30U,-0.269,-0.698,-0.015,-0.008323283104842165,0.004806190437414747,-0.34595011888221483
1426256379912845,51.7608738865,-1.2616251506,111.074242,5735872.124804776,619970.9190417333,-111.074242,30U,-0.286,-0.75,-0.019,-0.007898192668740518,0.004696572862553653,-0.34576827902789153
1426256380018654,51.7608736205,-1.261626274,111.076241,5735872.09337589,619970.8422229202,-111.076241,30U,-0.304,-0.804,-0.021,-0.007751234041568382,0.004347040965611273,-0.3457070274325764
1426256380110199,51.7608733387,-1.2616274749,111.078194,5735872.060062459,619970.7600978463,-111.078194,30U,-0.322,-0.856,-0.019,-0.00785665218495224,0.004090704999422935,-0.3455383298045462
1426256380201744,51.7608730386,-1.2616287472,111.080193,5735872.024596498,619970.6730940876,-111.080193,30U,-0.344,-0.902,-0.021,-0.00826408820551759,0.004020633251833162,-0.3450089063084739
1426256380306398,51.7608727233,-1.2616300894,111.082428,5735871.987325218,619970.581306939,-111.082428,30U,-0.357,-0.953,-0.024,-0.008154499027163427,0.0038621423284672164,-0.3445929011157257
1426256380412925,51.7608723932,-1.2616315056,111.084435,5735871.948286355,619970.4844524061,-111.084435,30U,-0.378,-1.003,-0.014,-0.007547699999460842,0.0037582999992317534,-0.34446860717888567
1426256380519661,51.7608720453,-1.2616329907,111.08551,5735871.907154678,619970.3828903841,-111.08551,30U,-0.397,-1.049,-0.017,-0.006728532388881717,0.0040228607125830556,-0.34412326991900105
1426256380624468,51.7608716824,-1.2616345408,111.087631,5735871.864247987,619970.2768825828,-111.087631,30U,-0.41,-1.093,-0.026,-0.0061267491739046475,0.003924960581933481,-0.34351266689034327
1426256380715770,51.7608713085,-1.2616361577,111.090034,5735871.820008143,619970.1662941827,-111.090034,30U,-0.421,-1.141,-0.02,-0.00624135242838172,0.00399023990497936,-0.34276522087138783
1426256380807073,51.760870924,-1.2616378454,111.09124,5735871.774473046,619970.0508480906,-111.09124,30U,-0.435,-1.191,-0.006,-0.006843097139650161,0.004588926263582227,-0.3420222846575559
1426256380912804,51.7608705247,-1.2616396063,111.091377,5735871.727171687,619969.9303898196,-111.091377,30U,-0.455,-1.24,0.001,-0.007713937236844536,0.005072976796373522,-0.3412726347537581
1426256381018550,51.7608701074,-1.2616414327,111.091164,5735871.677760869,619969.8054592162,-111.091164,30U,-0.47,-1.284,-0.0,-0.008839390480486617,0.005519923315255473,-0.3403585286652278
1426256381110094,51.7608696809,-1.2616433216,111.09185,5735871.6272241445,619969.6762399786,-111.09185,30U,-0.479,-1.325,-0.018,-0.009804952528339865,0.006246064515420144,-0.33960597213372695
1426256381201638,51.7608692436,-1.261645266,111.094551,5735871.575395095,619969.5432194045,-111.094551,30U,-0.494,-1.36,-0.034,-0.011134503548456564,0.006166356892296574,-0.3388366693652755
1426256381306533,51.7608687911,-1.2616472591,111.098038,5735871.521795607,619969.4068784163,-111.098038,30U,-0.511,-1.394,-0.033,-0.01160343436724166,0.005564724318432573,-0.33754852785944
1426256381413334,51.7608683267,-1.261649303,111.100845,5735871.466789199,619969.2670633461,-111.100845,30U,-0.52,-1.429,-0.022,-0.0113918000007482,0.005168700000536364,-0.33641940717987534
1426256381519828,51.7608678604,-1.2616513931,111.102676,5735871.411495506,619969.1240651252,-111.102676,30U,-0.521,-1.456,-0.019,-0.012440574901982937,0.0053281116182439915,-0.3357864744820712
1426256381624428,51.7608673897,-1.2616535161,111.105095,5735871.35565839,619968.9788081904,-111.105095,30U,-0.528,-1.476,-0.031,-0.013418757092299468,0.005645596603256657,-0.33467492557670275
1426256381715772,51.7608669114,-1.2616556642,111.108543,5735871.298934819,619968.8318392911,-111.108543,30U,-0.535,-1.493,-0.036,-0.0149162969465292,0.005716473349057329,-0.33323290645239473
1426256381807115,51.76086643,-1.2616578367,111.111565,5735871.241826377,619968.683194801,-111.111565,30U,-0.536,-1.506,-0.024,-0.01480303407524706,0.006234372769436532,-0.3321702008217628
1426256381912821,51.7608659458,-1.261660023,111.113853,5735871.184383861,619968.533605416,-111.113853,30U,-0.542,-1.512,-0.025,-0.014732744953880269,0.007460688984995777,-0.33163041679468735
1426256382019481,51.7608654555,-1.2616622162,111.116295,5735871.126251641,619968.3835560405,-111.116295,30U,-0.547,-1.521,-0.023,-0.014970152216956148,0.008483058719691943,-0.33066633482792773
1426256382126079,51.7608649644,-1.2616644238,111.117989,5735871.068006771,619968.2325150613,-111.117989,30U,-0.543,-1.528,-0.014,-0.014187016794394094,0.009465345926154497,-0.32950518669685447
1426256382227699,51.7608644798,-1.2616666394,111.119301,5735871.010471588,619968.0809047826,-111.119301,30U,-0.536,-1.532,-0.015,-0.01396907902819006,0.011148525734851924,-0.32914655601803966
1426256382307745,51.7608639955,-1.2616688563,111.121277,5735870.9529676335,619967.9292039946,-111.121277,30U,-0.544,-1.528,-0.027,-0.01359285553174425,0.012859035005043852,-0.3287293340742394
1426256382387791,51.760863502,-1.2616710639,111.124237,5735870.894455882,619967.7781693678,-111.124237,30U,-0.55,-1.523,-0.029,-0.013654199999519534,0.013973200000136103,-0.32757800717964786
1426256382486133,51.7608630166,-1.2616732748,111.127144,5735870.83683948,619967.6268855383,-111.127144,30U,-0.536,-1.529,-0.028,-0.013595368554539711,0.014941540414936321,-0.3264862204558854
1426256382592792,51.7608625366,-1.261675489,111.129684,5735870.779818169,619967.4753596635,-111.129684,30U,-0.533,-1.527,-0.021,-0.012465271211414889,0.01539099461416089,-0.3259673202410239
1426256382699566,51.7608620554,-1.2616776958,111.131073,5735870.722675586,619967.3243476292,-111.131073,30U,-0.539,-1.522,-0.012,-0.011798740190726353,0.016715591752815253,-0.3255379800939999
1426256382806366,51.7608615711,-1.2616798927,111.133354,5735870.665204554,619967.1740269907,-111.133354,30U,-0.538,-1.512,-0.033,-0.00965020727353492,0.017092727037187574,-0.32462250150123506
1426256382912969,51.7608610914,-1.2616820754,111.136902,5735870.608268434,619967.024674074,-111.136902,30U,-0.528,-1.502,-0.035,-0.008298874364584418,0.015966028103189124,-0.32410881339627995
1426256383019558,51.7608606217,-1.2616842412,111.139732,5735870.55247218,619966.8764608868,-111.139732,30U,-0.52,-1.492,-0.022,-0.007044517886484838,0.015151272803641432,-0.32359573671681374
1426256383126153,51.7608601553,-1.26168639,111.141525,5735870.497070876,619966.7294120904,-111.141525,30U,-0.514,-1.474,-0.019,-0.005574219125984249,0.014966776991038228,-0.32269681130838573
1426256383229913,51.7608597069,-1.2616885035,111.143837,5735870.443729359,619966.5847515711,-111.143837,30U,-0.484,-1.449,-0.03,-0.007647075737925137,0.015574779372645514,-0.3225916054860507
1426256383321389,51.7608592795,-1.2616905871,111.147469,5735870.392772362,619966.442098732,-111.147469,30U,-0.472,-1.428,-0.042,-0.009924239424479212,0.016053671504547392,-0.32243977761890363
1426256383412865,51.7608588503,-1.2616926346,111.151764,5735870.34167458,619966.3019418629,-111.151764,30U,-0.483,-1.4,-0.042,-0.012084899999342908,0.01516719999946205,-0.3216460071791522
1426256383519456,51.760858421,-1.2616946435,111.156059,5735870.290629178,619966.1644489787,-111.156059,30U,-0.483,-1.372,-0.044,-0.011091886597945532,0.013957148124975036,-0.3208414713618242
1426256383624166,51.7608579898,-1.2616966112,111.160973,5735870.239440256,619966.0298042719,-111.160973,30U,-0.477,-1.348,-0.054,-0.0089468344118253,0.01266481601379234,-0.3210523098564335
1426256383715709,51.7608575628,-1.2616985496,111.166374,5735870.1887666015,619965.8971703737,-111.166374,30U,-0.473,-1.332,-0.052,-0.00646568508620105,0.011024335770766084,-0.32114301407660756
1426256383807252,51.7608571404,-1.2617004702,111.170921,5735870.138633781,619965.7657526288,-111.170921,30U,-0.465,-1.32,-0.04,-0.004720539367794871,0.009080485673141181,-0.32034792951213975
1426256383898578,51.7608567323,-1.2617023707,111.174797,5735870.0901242765,619965.6356840419,-111.174797,30U,-0.442,-1.305,-0.042,-0.004744528253393089,0.007657549753726999,-0.3197954382524167
1426256383989890,51.760856341,-1.2617042413,111.179527,5735870.043532227,619965.5076342699,-111.179527,30U,-0.433,-1.28,-0.054,-0.004877231078358826,0.006549036192348572,-0.3199912990818769
1426256384092773,51.760855951,-1.2617060706,111.185081,5735869.997152684,619965.3824310943,-111.185081,30U,-0.436,-1.248,-0.056,-0.00467902980425962,0.0056105119876517515,-0.3200065136405653
1426256384199512,51.7608555632,-1.2617078555,111.190567,5735869.951090831,619965.260286056,-111.190567,30U,-0.425,-1.22,-0.053,-0.004102482376495637,0.004935981697140989,-0.3196922136405821
1426256384306304,51.7608551871,-1.2617096079,111.195145,5735869.906383556,619965.1403527725,-111.195145,30U,-0.413,-1.201,-0.036,-0.00379371529189806,0.004327963979325566,-0.3196749357763412
1426256384413103,51.7608548171,-1.2617113341,111.197556,5735869.862397741,619965.022211337,-111.197556,30U,-0.411,-1.182,-0.021,-0.004022200000741421,0.004473699999866022,-0.31960860717880235
1426256384519605,51.7608544578,-1.2617130295,111.200699,5735869.819652501,619964.9061669933,-111.200699,30U,-0.401,-1.158,-0.036,-0.004151003566426655,0.003858658300469056,-0.31951784809943923
1426256384626120,51.760854096,-1.261714696,111.204338,5735869.776676785,619964.7921236157,-111.204338,30U,-0.404,-1.145,-0.028,-0.00412459354089145,0.0027260935417474574,-0.3195769348546727
1426256384732717,51.7608537318,-1.2617163447,111.205963,5735869.733463455,619964.6793149475,-111.205963,30U,-0.406,-1.134,-0.008,-0.0031470436379843537,0.0027312513125730127,-0.31959950388350844
1426256384835536,51.7608533692,-1.2617179811,111.205933,5735869.690448289,619964.5673508381,-111.205933,30U,-0.402,-1.127,0.004,-0.002056870917919728,0.0033430117022191074,-0.3198863481072833
1426256384927020,51.7608530092,-1.261719608,111.205925,5735869.64773789,619964.4560354147,-111.205925,30U,-0.399,-1.12,-0.006,-0.0006750121305386774,0.0034320562120129764,-0.3202620066511222
1426256385018504,51.7608526529,-1.2617212261,111.206657,5735869.6054534335,619964.3453174554,-111.206657,30U,-0.396,-1.117,-0.008,0.0007874932077623232,0.002683956699897723,-0.3207898485437889
1426256385109981,51.7608522966,-1.2617228364,111.207199,5735869.563181809,619964.2351377591,-111.207199,30U,-0.394,-1.105,-0.014,0.0026434641798601826,0.0020679832983674824,-0.32143930145840544
1426256385201457,51.7608519511,-1.2617244174,111.210091,5735869.522159412,619964.1269513784,-111.210091,30U,-0.374,-1.078,-0.047,0.003295881553664563,0.0006514437314091801,-0.322733859180289
1426256385306341,51.7608516221,-1.2617259515,111.215286,5735869.483049068,619964.0219577504,-111.215286,30U,-0.359,-1.038,-0.05,0.0031409715048716425,-0.001590983841649039,-0.32420301039204247
1426256385413140,51.7608513049,-1.2617274152,111.219048,5735869.445366759,619963.9217910316,-111.219048,30U,-0.346,-0.982,-0.024,0.0024707999996348108,-0.0034335000007301034,-0.3252213071792723
1426256385504639,51.7608510059,-1.2617287978,111.220085,5735869.409841814,619963.8271726444,-111.220085,30U,-0.33,-0.925,0.001,0.0016539327556990952,-0.004621057277692606,-0.32635397109887526
1426256385596138,51.7608507148,-1.2617300926,111.219673,5735869.375339822,619963.7385922502,-111.219673,30U,-0.32,-0.864,0.001,0.002087457720558479,-0.005259479564828921,-0.3276994261211322
1426256385699719,51.7608504333,-1.2617313017,111.219879,5735869.342046382,619963.6559004238,-111.219879,30U,-0.305,-0.808,-0.007,0.0032683935482061438,-0.0058662205847684855,-0.32907280267467104
1426256385806087,51.7608501682,-1.2617324381,111.220596,5735869.310696309,619963.5781820321,-111.220596,30U,-0.285,-0.766,-0.004,0.004298875487744446,-0.006738517867827324,-0.3307801188894311
1426256385912728,51.7608499169,-1.2617335311,111.220207,5735869.280952276,619963.5034220227,-111.220207,30U,-0.275,-0.745,0.009,0.004949747185745956,-0.007294922817213186,-0.3326484106852615
1426256386019395,51.7608496723,-1.2617345975,111.219002,5735869.25199708,619963.4304798745,-111.219002,30U,-0.27,-0.731,0.013,0.004575557462136301,-0.007672517545548458,-0.3344037938104188
1426256386126194,51.7608494331,-1.2617356453,111.217377,5735869.223672995,619963.3588069673,-111.217377,30U,-0.263,-0.717,0.016,0.003669058007178351,-0.007833498205526982,-0.33624792801712555
1426256386232992,51.7608491988,-1.2617366677,111.216034,5735869.195935602,619963.2888738839,-111.216034,30U,-0.259,-0.694,0.009,0.0034912081535486725,-0.008171925778461434,-0.33851864607708826
1426256386339790,51.7608489719,-1.2617376495,111.215767,5735869.169087919,619963.2217229224,-111.215767,30U,-0.245,-0.662,-0.005,0.003541640634344928,-0.008845939760436884,-0.3415213274868196
1426256386438180,51.7608487526,-1.2617385814,111.216316,5735869.143167487,619963.1579953337,-111.216316,30U,-0.243,-0.627,-0.005,0.0036462999993271392,-0.010131999999536612,-0.34484180718038177
1426256386518072,51.7608485486,-1.2617394699,111.216797,5735869.119019902,619963.09722215,-111.216797,30U,-0.228,-0.6,-0.003,0.0029056231054852425,-0.011519089639914987,-0.3480726655118882
1426256386597964,51.7608483501,-1.2617403106,111.217117,5735869.095562578,619963.0397329866,-111.217117,30U,-0.216,-0.561,-0.006,0.00231384130605518,-0.012719927479712425,-0.3513466097202425
1426256386699572,51.7608481642,-1.2617410933,111.217728,5735869.073601858,619962.9862129099,-111.217728,30U,-0.198,-0.522,-0.007,0.0012029648516128908,-0.013777212623833175,-0.35497413370309616
1426256386806190,51.7608479904,-1.2617418232,111.218369,5735869.053073586,619962.9363043999,-111.218369,30U,-0.191,-0.488,-0.007,0.0010699020385262965,-0.014437238109503814,-0.35904662666475873
1426256386912823,51.7608478194,-1.2617425128,111.218941,5735869.032922981,619962.8891695044,-111.218941,30U,-0.189,-0.465,-0.005,0.0012570098567828262,-0.015180745876777898,-0.3629292990411631
1426256387018512,51.7608476513,-1.2617431698,111.21946,5735869.013148498,619962.8442765943,-111.21946,30U,-0.185,-0.444,-0.008,0.001819918306132675,-0.01598055879824337,-0.366117770154612
1426256387110054,51.7608474922,-1.2617437906,111.22052,5735868.994434418,619962.8018579304,-111.22052,30U,-0.169,-0.414,-0.013,0.001770961017762778,-0.016971315148578716,-0.3689126087476262
1426256387201595,51.7608473476,-1.261744366,111.221367,5735868.977407509,619962.7625338102,-111.221367,30U,-0.155,-0.38,-0.006,0.0014360965519495642,-0.017920750439664672,-0.37178068734078823
1426256387306253,51.7608472141,-1.2617448818,111.221893,5735868.961713026,619962.7272931661,-111.221893,30U,-0.143,-0.33,-0.005,0.0016265932044561917,-0.018781967527892494,-0.37435426403619443
1426256387412786,51.7608470912,-1.2617453203,111.222153,5735868.947324481,619962.6973587706,-111.222153,30U,-0.128,-0.277,0.001,0.0016660999991841203,-0.019482199999480372,-0.3762301071788025
1426256387519441,51.7608469922,-1.261745686,111.221909,5735868.935713517,619962.6723848326,-111.221909,30U,-0.102,-0.231,0.002,0.001701902203420326,-0.01972380949354161,-0.37793647823319537
1426256387624200,51.7608469105,-1.261745987,111.221886,5735868.926132845,619962.6518298775,-111.221886,30U,-0.083,-0.186,-0.001,0.0015987938340045458,-0.02015112170061979,-0.3796267079171791
1426256387715684,51.7608468424,-1.2617462209,111.221779,5735868.918174952,619962.6358693342,-111.221779,30U,-0.07,-0.137,0.002,0.0015421763112556089,-0.02058720936907179,-0.3807502406336736
1426256387807168,51.7608467886,-1.2617463808,111.221512,5735868.911929032,619962.624977505,-111.221512,30U,-0.049,-0.085,0.002,0.0014434701456695611,-0.020799191359773685,-0.38131680825481207
1426256387912827,51.7608467561,-1.2617464659,111.221207,5735868.908174845,619962.6191910409,-111.221207,30U,-0.025,-0.034,0.005,0.001441228931725161,-0.02094985786389253,-0.3817923289813217
1426256388018481,51.7608467422,-1.2617464788,111.220306,5735868.906607857,619962.6183376784,-111.220306,30U,-0.009,0.012,0.01,0.0014213333598403293,-0.02084256900156722,-0.3820604192234048
1426256388109891,51.7608467371,-1.2617464497,111.219154,5735868.906088571,619962.6203593406,-111.219154,30U,-0.006,0.018,0.011,0.001333071504552274,-0.020409196065357665,-0.38196240567951506
1426256388201301,51.76084673,-1.2617464333,111.218292,5735868.905325983,619962.6215098975,-111.218292,30U,-0.011,0.002,0.004,0.0011552813097670874,-0.0200351027188293,-0.38195818315558655
1426256388306060,51.760846718,-1.2617464347,111.218155,5735868.903989204,619962.6214450946,-111.218155,30U,-0.016,-0.001,-0.0,0.0011490726692175897,-0.02027006155549067,-0.38202789703912116
1426256388412725,51.760846705,-1.2617464311,111.217911,5735868.902549443,619962.6217279837,-111.217911,30U,-0.012,0.006,0.005,0.001194200000095593,-0.020514999999810043,-0.38196690718036197
1426256388519420,51.760846705,-1.2617464311,111.217911,5735868.902549443,619962.6217279837,-111.217911,30U,-0.009,0.008,0.007,0.001176153344499191,-0.020234241646634534,-0.38200082735417784
1426256388624211,51.760846705,-1.2617464311,111.217911,5735868.902549443,619962.6217279837,-111.217911,30U,-0.012,0.003,0.002,0.00116492597128834,-0.020234554467232355,-0.38204785330134
1426256388715669,51.760846705,-1.2617464311,111.217911,5735868.902549443,619962.6217279837,-111.217911,30U,-0.013,0.002,0.004,0.0011785460198614087,-0.020440118690288448,-0.38198917766888385
1426256388807128,51.760846705,-1.2617464311,111.217911,5735868.902549443,619962.6217279837,-111.217911,30U,-0.01,0.007,0.005,0.0011801769899048246,-0.020386510242578985,-0.3819943104849918
1426256388912966,51.760846705,-1.2617464311,111.217911,5735868.902549443,619962.6217279837,-111.217911,30U,-0.011,0.006,0.005,0.0011460473783240358,-0.02032312665078806,-0.38204029043713467
1426256389018803,51.760846705,-1.2617464311,111.217911,5735868.902549443,619962.6217279837,-111.217911,30U,-0.013,0.003,0.003,0.0011438377653110723,-0.020342827353171247,-0.3820194829795848
1426256389110244,51.760846705,-1.2617464311,111.217911,5735868.902549443,619962.6217279837,-111.217911,30U,-0.011,0.004,0.002,0.0011550533016989363,-0.020429771991019533,-0.38200346742647084
1426256389201685,51.760846705,-1.2617464311,111.217911,5735868.902549443,619962.6217279837,-111.217911,30U,-0.01,0.006,0.005,0.0011491651454880066,-0.020389681310352983,-0.38202815558172454
1426256389306495,51.760846705,-1.2617464311,111.217911,5735868.902549443,619962.6217279837,-111.217911,30U,-0.011,0.004,0.004,0.0011372444175425209,-0.02033046742708213,-0.3820395703875891
1426256389413215,51.760846705,-1.2617464311,111.217911,5735868.902549443,619962.6217279837,-111.217911,30U,-0.011,0.003,0.003,0.0011395999994221456,-0.02040490000023573,-0.38203260718011745
1426256389519862,51.760846705,-1.2617464311,111.217911,5735868.902549443,619962.6217279837,-111.217911,30U,-0.011,0.005,0.004,0.0011453355632419027,-0.020412139287379134,-0.3820398614736017
1426256389624588,51.760846705,-1.2617464311,111.217911,5735868.902549443,619962.6217279837,-111.217911,30U,-0.01,0.005,0.004,0.0011516792713315537,-0.020366238494644483,-0.38205285854435167
1426256389715876,51.760846705,-1.2617464311,111.217911,5735868.902549443,619962.6217279837,-111.217911,30U,-0.011,0.004,0.003,0.0011481829125822279,-0.02037629932119923,-0.3820702970382248
1426256389807164,51.760846705,-1.2617464311,111.217911,5735868.902549443,619962.6217279837,-111.217911,30U,-0.011,0.004,0.004,0.0011456318939689523,-0.020413305923047027,-0.38206037698992756
1426256389912811,51.760846705,-1.2617464311,111.217911,5735868.902549443,619962.6217279837,-111.217911,30U,-0.011,0.005,0.004,0.0011576289329453232,-0.020415979950720656,-0.3820636082034929
1426256390019427,51.760846705,-1.2617464311,111.217911,5735868.902549443,619962.6217279837,-111.217911,30U,-0.011,0.004,0.003,0.0012259251501057255,-0.020380230396086666,-0.38207287925459843
1426256390126222,51.760846705,-1.2617464311,111.217911,5735868.902549443,619962.6217279837,-111.217911,30U,-0.01,0.003,0.002,0.0012537562628604775,-0.020418736457418745,-0.3820621674272141
1426256390227996,51.760846705,-1.2617464311,111.217911,5735868.902549443,619962.6217279837,-111.217911,30U,-0.009,0.003,0.002,0.001222198397423161,-0.020444208883353132,-0.3820944756306408
1426256390308010,51.760846705,-1.2617464311,111.217911,5735868.902549443,619962.6217279837,-111.217911,30U,-0.012,0.005,0.003,0.0012268690294011918,-0.02042132733062549,-0.38205350956263456
1426256390388025,51.760846705,-1.2617464311,111.217911,5735868.902549443,619962.6217279837,-111.217911,30U,-0.011,0.004,0.003,0.001327399999552053,-0.02041249999981163,-0.38207270717909686
1426256390486436,51.760846705,-1.2617464311,111.217911,5735868.902549443,619962.6217279837,-111.217911,30U,-0.01,0.003,0.003,0.0013253377656317863,-0.02041984225090892,-0.38213616443774484
1426256390593210,51.760846705,-1.2617464311,111.217911,5735868.902549443,619962.6217279837,-111.217911,30U,-0.01,0.002,0.002,0.0012695753878938152,-0.02041049703901809,-0.3820856651457449
1426256390699880,51.760846705,-1.2617464311,111.217911,5735868.902549443,619962.6217279837,-111.217911,30U,-0.009,0.002,0.003,0.0012496644658382121,-0.020437491116298192,-0.38211381048583287
1426256390806527,51.760846705,-1.2617464311,111.217911,5735868.902549443,619962.6217279837,-111.217911,30U,-0.01,0.003,0.003,0.001255802280926664,-0.02042937698984855,-0.38214882072772227
1426256390913171,51.760846705,-1.2617464311,111.217911,5735868.902549443,619962.6217279837,-111.217911,30U,-0.009,0.003,0.002,0.0012787911172980975,-0.02042389475707906,-0.38211655626224666
1426256391019816,51.760846705,-1.2617464311,111.217911,5735868.902549443,619962.6217279837,-111.217911,30U,-0.008,0.002,0.003,0.0012475748442113232,-0.020430755548630213,-0.38214553700941706
1426256391126471,51.760846705,-1.2617464311,111.217911,5735868.902549443,619962.6217279837,-111.217911,30U,-0.009,0.003,0.002,0.0012408200482509743,-0.020440141456363213,-0.3821516977179893
1426256391230267,51.760846705,-1.2617464311,111.217911,5735868.902549443,619962.6217279837,-111.217911,30U,-0.008,0.003,0.002,0.0012451259709925207,-0.020424576990575705,-0.3821343325733232
1426256391321682,51.760846705,-1.2617464311,111.217911,5735868.902549443,619962.6217279837,-111.217911,30U,-0.008,0.002,0.002,0.0012570763101940959,-0.02042442368958086,-0.38216410228087405
1426256391413096,51.760846705,-1.2617464311,111.217911,5735868.902549443,619962.6217279837,-111.217911,30U,-0.008,0.003,0.002,0.0012582000002904195,-0.020434999999130173,-0.382159707178789
1426256391519759,51.760846705,-1.2617464311,111.217911,5735868.902549443,619962.6217279837,-111.217911,30U,-0.008,0.003,0.001,0.0012398829774849201,-0.020437141488451775,-0.38215617332862206
1426256391624515,51.760846705,-1.2617464311,111.217911,5735868.902549443,619962.6217279837,-111.217911,30U,-0.008,0.002,0.001,0.0012344355343634117,-0.020441899999502973,-0.38217499999978644
1426256391715934,51.760846705,-1.2617464311,111.217911,5735868.902549443,619962.6217279837,-111.217911,30U,-0.008,0.003,0.002,0.0012360082034284941,-0.02044706742723528,-0.38216930592244297
1426256391807352,51.760846705,-1.2617464311,111.217911,5735868.902549443,619962.6217279837,-111.217911,30U,-0.008,0.003,0.002,0.0012553608260723105,-0.020445941455993624,-0.3821731148050842
1426256391898788,51.760846705,-1.2617464311,111.217911,5735868.902549443,619962.6217279837,-111.217911,30U,-0.007,0.003,0.002,0.0012756088829075458,-0.02043451776640318,-0.3821816526206817
1426256391990224,51.760846705,-1.2617464311,111.217911,5735868.902549443,619962.6217279837,-111.217911,30U,-0.006,0.002,0.002,0.0012202333556529503,-0.020434996278088213,-0.3821900259128173
1426256392093165,51.760846705,-1.2617464311,111.217911,5735868.902549443,619962.6217279837,-111.217911,30U,-0.006,0.001,-0.0,0.0011685635428821152,-0.020461787476550735,-0.3822047466986617
1426256392199940,51.760846705,-1.2617464311,111.217911,5735868.902549443,619962.6217279837,-111.217911,30U,-0.006,0.003,0.0,0.0011167911169685679,-0.02046300888414122,-0.38220757335014244
1426256392306673,51.760846705,-1.2617464311,111.217911,5735868.902549443,619962.6217279837,-111.217911,30U,-0.008,0.003,0.001,0.0011656252915583586,-0.02044595262086485,-0.3822067733488092
1426256392413400,51.760846705,-1.2617464311,111.217911,5735868.902549443,619962.6217279837,-111.217911,30U,-0.007,0.002,-0.0,0.0012778999993059194,-0.020438199999227184,-0.3822166071795868
1426256392519992,51.760846705,-1.2617464311,111.217911,5735868.902549443,619962.6217279837,-111.217911,30U,-0.006,0.001,-0.002,0.0013283059231722761,-0.02045284305857867,-0.38222929999930544
1426256392626585,51.760846705,-1.2617464311,111.217911,5735868.902549443,619962.6217279837,-111.217911,30U,-0.005,0.001,-0.0,0.0012899375718088382,-0.020490243738318283,-0.38221821184402766
1426256392733191,51.760846705,-1.2617464311,111.217911,5735868.902549443,619962.6217279837,-111.217911,30U,-0.006,0.002,-0.001,0.0011994569422745759,-0.020454491796073875,-0.382233755582285
1426256392835924,51.760846705,-1.2617464311,111.217911,5735868.902549443,619962.6217279837,-111.217911,30U,-0.008,0.003,-0.003,0.0012292756307455109,-0.0204487904372168,-0.3822452562618394
1426256392927041,51.760846705,-1.2617464311,111.217911,5735868.902549443,619962.6217279837,-111.217911,30U,-0.007,0.002,-0.002,0.0012686608248937946,-0.02046316150445766,-0.38222749703928155
1426256393018177,51.760846705,-1.2617464311,111.217911,5735868.902549443,619962.6217279837,-111.217911,30U,-0.005,0.003,-0.002,0.0012746302907585866,-0.020463697039540013,-0.3822458259704685
1426256393109605,51.760846705,-1.2617464311,111.217911,5735868.902549443,619962.6217279837,-111.217911,30U,-0.006,0.003,-0.003,0.0012134888344459078,-0.020453711845083076,-0.38225410000049354
1426256393201032,51.760846705,-1.2617464311,111.217911,5735868.902549443,619962.6217279837,-111.217911,30U,-0.007,0.002,-0.003,0.0012161444174799997,-0.020462837815694582,-0.3822544200484998
1426256393305905,51.760846705,-1.2617464311,111.217911,5735868.902549443,619962.6217279837,-111.217911,30U,-0.007,0.003,-0.002,0.0012543660686838195,-0.02048397630984359,-0.38226861184424654
1426256393412698,51.760846705,-1.2617464311,111.217911,5735868.902549443,619962.6217279837,-111.217911,30U,-0.006,0.003,-0.003,0.001256999999163211,-0.020482699999430826,-0.38227650717971184
1426256393504235,51.760846705,-1.2617464311,111.217911,5735868.902549443,619962.6217279837,-111.217911,30U,-0.006,0.002,-0.003,0.0012230799510110388,-0.020475888155638545,-0.38228209932110024
1426256393595772,51.760846705,-1.2617464311,111.217911,5735868.902549443,619962.6217279837,-111.217911,30U,-0.007,0.002,-0.003,0.0011809888350423773,-0.02048252300908204,-0.3823006763106979
1426256393699667,51.760846705,-1.2617464311,111.217911,5735868.902549443,619962.6217279837,-111.217911,30U,-0.008,0.003,-0.004,0.0011878141265965435,-0.02050440888288735,-0.3823059170876374
1426256393806414,51.760846705,-1.2617464311,111.217911,5735868.902549443,619962.6217279837,-111.217911,30U,-0.008,0.003,-0.004,0.0012186170882631533,-0.020480021407721205,-0.38230884077593374
1426256393913204,51.760846705,-1.2617464311,111.217911,5735868.902549443,619962.6217279837,-111.217911,30U,-0.007,0.002,-0.004,0.0012419970389573249,-0.020496923010391237,-0.38231180888285976
1426256394019988,51.760846705,-1.2617464311,111.217911,5735868.902549443,619962.6217279837,-111.217911,30U,-0.007,0.002,-0.005,0.0012155273301430183,-0.020501942135751672,-0.38231189407761657
1426256394126633,51.760846705,-1.2617464311,111.217911,5735868.902549443,619962.6217279837,-111.217911,30U,-0.008,0.003,-0.004,0.0012108851941556849,-0.020490385874441908,-0.3823143970385888
1426256394233281,51.760846705,-1.2617464311,111.217911,5735868.902549443,619962.6217279837,-111.217911,30U,-0.008,0.002,-0.006,0.0012078644655527959,-0.020481669708884095,-0.38232819635865606
1426256394339947,51.760846705,-1.2617464311,111.217911,5735868.902549443,619962.6217279837,-111.217911,30U,-0.008,0.002,-0.006,0.0012259881547463933,-0.020504711844120227,-0.3823404822321704
1426256394438279,51.760846705,-1.2617464311,111.217911,5735868.902549443,619962.6217279837,-111.217911,30U,-0.008,0.002,-0.005,0.0011961000004258992,-0.020508999999409985,-0.3823336071795338
1426256394518275,51.760846705,-1.2617464311,111.217911,5735868.902549443,619962.6217279837,-111.217911,30U,-0.008,0.002,-0.005,0.0011734769903016713,-0.02049254441737563,-0.38236049932085897
1426256394598271,51.760846705,-1.2617464311,111.217911,5735868.902549443,619962.6217279837,-111.217911,30U,-0.01,0.002,-0.006,0.0011877341748088386,-0.02048432664978434,-0.38235647106778414
1426256394699815,51.760846705,-1.2617464311,111.217911,5735868.902549443,619962.6217279837,-111.217911,30U,-0.009,0.001,-0.006,0.0012193230093684023,-0.02048424965982038,-0.38234169111702343
1426256394806332,51.760846705,-1.2617464311,111.217911,5735868.902549443,619962.6217279837,-111.217911,30U,-0.008,0.001,-0.006,0.0012282888355490676,-0.020498511844695852,-0.3823693792716044
1426256394913047,51.760846705,-1.2617464311,111.217911,5735868.902549443,619962.6217279837,-111.217911,30U,-0.008,0.001,-0.006,0.0012169792712930817,-0.02048644077757926,-0.38236469111652077
1426256395018822,51.760846705,-1.2617464311,111.217911,5735868.902549443,619962.6217279837,-111.217911,30U,-0.008,0.001,-0.007,0.001233141456498862,-0.02051566970882397,-0.3823708674265912
1426256395110305,51.760846705,-1.2617464311,111.217911,5735868.902549443,619962.6217279837,-111.217911,30U,-0.008,0.001,-0.005,0.0012112118447425006,-0.02051406514561214,-0.38239029703919897
1426256395201788,51.760846705,-1.2617464311,111.217911,5735868.902549443,619962.6217279837,-111.217911,30U,-0.009,0.003,-0.004,0.0012175858744372463,-0.02046136058297833,-0.3823722066020183
1426256395306216,51.760846705,-1.2617464311,111.217911,5735868.902549443,619962.6217279837,-111.217911,30U,-0.008,-0.001,-0.009,0.0011991371368690865,-0.020439368350553738,-0.38240367791308727
1426256395412493,51.760846705,-1.2617464311,111.217911,5735868.902549443,619962.6217279837,-111.217911,30U,-0.011,0.001,-0.008,0.0012125000007048978,-0.02056249999934105,-0.3823973071803195
1426256395519285,51.760846705,-1.2617464311,111.217911,5735868.902549443,619962.6217279837,-111.217911,30U,-0.009,0.003,-0.004,0.0012992713116504945,-0.020533557621488917,-0.3823478904375147
1426256395624162,51.760846705,-1.2617464311,111.217911,5735868.902549443,619962.6217279837,-111.217911,30U,-0.008,0.002,-0.005,0.0012865043206746064,-0.020442365145456595,-0.3824414956793943
1426256395715634,51.760846705,-1.2617464311,111.217911,5735868.902549443,619962.6217279837,-111.217911,30U,-0.01,-0.0,-0.007,0.0012591510197278559,-0.020473816407928527,-0.3824133635427221
1426256395807106,51.760846705,-1.2617464311,111.217911,5735868.902549443,619962.6217279837,-111.217911,30U,-0.009,0.0,-0.009,0.0012103184456049895,-0.020566150582364398,-0.38238457563174477
1426256395912765,51.760846705,-1.2617464311,111.217911,5735868.902549443,619962.6217279837,-111.217911,30U,-0.01,0.003,-0.007,0.0011727911160482104,-0.020584030291981855,-0.38242372368975286
1426256396018427,51.760846705,-1.2617464311,111.217911,5735868.902549443,619962.6217279837,-111.217911,30U,-0.01,0.001,-0.007,0.0012096829118831438,-0.020564581554056133,-0.38240672368891027
1426256396109952,51.760846705,-1.2617464311,111.217911,5735868.902549443,619962.6217279837,-111.217911,30U,-0.009,-0.001,-0.007,0.001141101359569979,-0.020628846018756527,-0.3824112111642913
1426256396201477,51.760846705,-1.2617464311,111.217911,5735868.902549443,619962.6217279837,-111.217911,30U,-0.01,0.002,-0.006,0.0011054562628917209,-0.020621406601689117,-0.38241822368953166
1426256396306269,51.760846705,-1.2617464311,111.217911,5735868.902549443,619962.6217279837,-111.217911,30U,-0.011,0.001,-0.008,0.0011283585431495604,-0.020635857865063778,-0.3824099088833793
1426256396412956,51.760846705,-1.2617464311,111.217911,5735868.902549443,619962.6217279837,-111.217911,30U,-0.011,0.001,-0.006,0.0011513000008131194,-0.0206885000007609,-0.38241920717907446
1426256396519589,51.760846705,-1.2617464311,111.217911,5735868.902549443,619962.6217279837,-111.217911,30U,-0.008,0.001,-0.005,0.0011302888354143641,-0.02067312436912648,-0.382434337136418
1426256396624313,51.760846705,-1.2617464311,111.217911,5735868.902549443,619962.6217279837,-111.217911,30U,-0.01,0.002,-0.006,0.0010907332517525253,-0.020628612523373207,-0.38244906218435654
1426256396715680,51.760846705,-1.2617464311,111.217911,5735868.902549443,619962.6217279837,-111.217911,30U,-0.012,0.001,-0.008,0.0010669845147327365,-0.020660322330193884,-0.3824334088830554
1426256396807048,51.760846705,-1.2617464311,111.217911,5735868.902549443,619962.6217279837,-111.217911,30U,-0.011,0.002,-0.006,0.0011460430586341373,-0.02070521184425334,-0.3824553029616534
1426256396912779,51.760846705,-1.2617464311,111.217911,5735868.902549443,619962.6217279837,-111.217911,30U,-0.011,0.002,-0.006,0.0011667141256841906,-0.02067518291167538,-0.3824459970388695
1426256397018521,51.760846705,-1.2617464311,111.217911,5735868.902549443,619962.6217279837,-111.217911,30U,-0.01,0.001,-0.007,0.0011450687861750766,-0.020659199999709048,-0.3824688318935676
1426256397110057,51.760846705,-1.2617464311,111.217911,5735868.902549443,619962.6217279837,-111.217911,30U,-0.012,0.002,-0.007,0.0011305970396163151,-0.02069752664992067,-0.38246016810708605
1426256397201592,51.760846705,-1.2617464311,111.217911,5735868.902549443,619962.6217279837,-111.217911,30U,-0.01,0.002,-0.005,0.0011503177661620113,-0.02066441616401539,-0.38246072529123243
1426256397306289,51.760846705,-1.2617464311,111.217911,5735868.902549443,619962.6217279837,-111.217911,30U,-0.01,0.001,-0.008,0.0011269740293044892,-0.02067210456277257,-0.3825099148061312
1426256397412866,51.760846705,-1.2617464311,111.217911,5735868.902549443,619962.6217279837,-111.217911,30U,-0.013,0.002,-0.007,0.0011063000004306954,-0.02072920000030393,-0.3824396071790384
1426256397519577,51.760846695,-1.2617464308,111.218178,5735868.901437872,619962.6217751938,-111.218178,30U,-0.01,0.003,-0.006,0.0011838986409899851,-0.020711982911918305,-0.3824700950005646
1426256397624372,51.7608466689,-1.26174643,111.21888,5735868.898536702,619962.6218995838,-111.21888,30U,-0.012,0.003,-0.008,0.0011799214073798209,-0.020694538494397608,-0.3825168214073393
1426256397715753,51.7608466372,-1.261746429,111.219734,5735868.895013104,619962.6220526206,-111.219734,30U,-0.011,0.001,-0.008,0.0011712644660795155,-0.02069460524276952,-0.3824622325732824
1426256397807135,51.7608466123,-1.2617464283,111.220398,5735868.892245216,619962.6221669294,-111.220398,30U,-0.011,0.001,-0.008,0.0011164546593766856,-0.020726440776128195,-0.3825074838347546
1426256397912825,51.7608466049,-1.2617464271,111.220642,5735868.891424264,619962.6222693542,-111.220642,30U,-0.012,0.002,-0.009,0.0011123571847983635,-0.02070701252487723,-0.38253180956366245
1426256398019470,51.7608466123,-1.2617464179,111.220932,5735868.892262323,619962.6228846165,-111.220932,30U,-0.013,0.002,-0.009,0.0011545029609885387,-0.020697261504736695,-0.3824962881549777
1426256398126144,51.7608466199,-1.261746411,111.221153,5735868.8931188425,619962.6233406283,-111.221153,30U,-0.013,0.001,-0.008,0.0011994571848753417,-0.02070404373727288,-0.3825283460188484
1426256398227816,51.7608466272,-1.2617464062,111.221436,5735868.893938545,619962.6236525183,-111.221436,30U,-0.013,0.001,-0.009,0.0012315444174014342,-0.020713211164690118,-0.38252297995170326
1426256398307810,51.7608466359,-1.261746403,111.221764,5735868.894911302,619962.6238502837,-111.221764,30U,-0.011,0.0,-0.008,0.0012220835914102943,-0.020705879951055016,-0.3825204371361375
1426256398387804,51.7608466455,-1.2617464015,111.222076,5735868.895981352,619962.62392835,-111.222076,30U,-0.011,0.001,-0.008,0.0010860999994910846,-0.02069899999927934,-0.3825455071799035
1426256398486174,51.7608465983,-1.2617464118,111.222397,5735868.890715469,619962.6233426776,-111.222397,30U,-0.012,0.001,-0.007,0.0010751088827744297,-0.020670130291701273,-0.3825473088832903
1426256398592897,51.7608465859,-1.2617464039,111.223236,5735868.889349504,619962.6239207118,-111.223236,30U,-0.013,0.001,-0.011,0.001148277233665664,-0.020703427573215073,-0.38255245558174705
1426256398699674,51.7608465733,-1.2617463979,111.224281,5735868.887958173,619962.6243681615,-111.224281,30U,-0.013,0.002,-0.01,0.001217778591947922,-0.02077314373789502,-0.3825349184471006
1426256398806464,51.7608465625,-1.2617463933,111.225021,5735868.886764712,619962.6247142275,-111.225021,30U,-0.01,0.001,-0.007,0.0012065013581710005,-0.020738597718679974,-0.38254608451387606
1426256398913016,51.7608465533,-1.2617463904,111.2258,5735868.885746382,619962.6249387383,-111.2258,30U,-0.011,0.001,-0.009,0.0011167428149815191,-0.020731529611684285,-0.3825851088838908
1426256399019569,51.7608465416,-1.2617463814,111.226715,5735868.884460072,619962.6255908273,-111.226715,30U,-0.012,0.002,-0.011,0.0011078075250814468,-0.020734485194127513,-0.3825488769900648
1426256399126358,51.7608465297,-1.2617463727,111.227722,5735868.883151026,619962.626222744,-111.227722,30U,-0.012,0.002,-0.01,0.0011584927190814154,-0.020775197039220178,-0.382571008204803
1426256399230256,51.7608465179,-1.2617463654,111.228638,5735868.8818508005,619962.6267577838,-111.228638,30U,-0.012,0.002,-0.009,0.001229193397812474,-0.02077625626208992,-0.38257172072848883
1426256399321619,51.7608465074,-1.2617463608,111.229454,5735868.8806906985,619962.6271030547,-111.229454,30U,-0.01,0.001,-0.008,0.0011678227658063743,-0.02073928951483559,-0.3825668674268606
1426256399412982,51.7608464987,-1.2617463579,111.230301,5735868.8797279745,619962.6273262395,-111.230301,30U,-0.01,0.001,-0.01,0.0010556999994421753,-0.020680300000621397,-0.3825983071788861
1426256399519608,51.7608464465,-1.2617463711,111.23114,5735868.873901288,619962.6265536973,-111.23114,30U,-0.014,0.001,-0.014,0.001072594999531649,-0.02073153349504187,-0.3825928799519134
1426256399624338,51.7608464325,-1.2617463631,111.232254,5735868.872357558,619962.6271428744,-111.232254,30U,-0.013,0.001,-0.01,0.0011807009220383099,-0.02078019999934108,-0.38258231412655685
1426256399715797,51.7608464203,-1.2617463559,111.2332,5735868.871012683,619962.6276720732,-111.2332,30U,-0.012,0.002,-0.01,0.0011895220866039232,-0.0207474339314744,-0.3826002437386282
1426256399807257,51.7608464091,-1.2617463515,111.234276,5735868.86977441,619962.6280053984,-111.234276,30U,-0.012,0.001,-0.012,0.0011247947570952425,-0.020706837815673777,-0.38259880000052565
1426256399898631,51.7608463971,-1.2617463478,111.235466,5735868.86844602,619962.6282925368,-111.235466,30U,-0.014,0.001,-0.011,0.0010988444181237566,-0.020757881554407314,-0.38260069407720854
1426256399989999,51.7608463825,-1.2617463382,111.236542,5735868.866838198,619962.6289937187,-111.236542,30U,-0.015,0.002,-0.012,0.0011448246111220642,-0.020784575630532952,-0.38259872665131855
1426256400092848,51.7608463683,-1.2617463271,111.237679,5735868.865277325,619962.6297973513,-111.237679,30U,-0.014,0.004,-0.012,0.0011908236885828784,-0.020784412524278366,-0.3825984970392927
1426256400199525,51.7608463554,-1.2617463179,111.238762,5735868.863857895,619962.6304664228,-111.238762,30U,-0.013,0.002,-0.011,0.0011901858737157001,-0.020738220727561544,-0.382602788154661
1426256400306175,51.7608463426,-1.2617463142,111.239845,5735868.86244054,619962.6307556824,-111.239845,30U,-0.014,-0.001,-0.01,0.001102683587463442,-0.020751497715962172,-0.3826227674273007
1426256400412821,51.7608463284,-1.2617463148,111.24086,5735868.860860422,619962.6307519181,-111.24086,30U,-0.016,-0.002,-0.01,0.0011104000005004448,-0.020699300000433803,-0.38263980717976237
1426256400519499,51.760846276,-1.2617463372,111.241348,5735868.854996364,619962.6293450283,-111.241348,30U,-0.022,-0.02,-0.002,0.0009907849510457961,-0.02043116577430826,-0.382844036943271
1426256400626190,51.7608462502,-1.2617463792,111.24147,5735868.8520581545,619962.626515065,-111.24147,30U,-0.034,-0.048,-0.002,0.001024460145211877,-0.020059689271485916,-0.38326214810789055
1426256400732979,51.760846212,-1.2617464654,111.241791,5735868.847668282,619962.6206678014,-111.241791,30U,-0.048,-0.079,-0.006,0.0009950924759995958,-0.019882901358203624,-0.3836400622349697
1426256400835901,51.7608461644,-1.2617465979,111.242859,5735868.842156911,619962.6116503665,-111.242859,30U,-0.057,-0.109,-0.015,0.0009437724272108605,-0.019955366311735712,-0.38424619689611106
1426256400927219,51.7608461072,-1.2617467727,111.244484,5735868.835508382,619962.5997393249,-111.244484,30U,-0.069,-0.135,-0.017,0.0008293895135705354,-0.020212564952285406,-0.3851143698090678
1426256401018543,51.7608460376,-1.2617469778,111.246025,5735868.827431052,619962.5857701984,-111.246025,30U,-0.082,-0.161,-0.015,0.0007617635429854717,-0.020488550826539713,-0.3860575868969453
1426256401109943,51.7608459587,-1.2617472226,111.247475,5735868.818254204,619962.5690860911,-111.247475,30U,-0.09,-0.188,-0.016,0.0006996931543770408,-0.020792202089300306,-0.3871482903437103
1426256401201344,51.7608458719,-1.2617475094,111.249184,5735868.808129736,619962.5495245734,-111.249184,30U,-0.1,-0.215,-0.019,0.0005512678642026005,-0.021160194806725256,-0.3885251819467294
1426256401306098,51.7608457765,-1.2617478353,111.251045,5735868.796984581,619962.5272876241,-111.251045,30U,-0.11,-0.239,-0.019,0.0003960218447646587,-0.021608206894494112,-0.39006862728688413
1426256401412759,51.7608456732,-1.2617481947,111.25293,5735868.784905792,619962.5027598351,-111.25293,30U,-0.118,-0.259,-0.018,0.00016499999965689297,-0.02210829999984156,-0.3916972071804292
1426256401504178,51.7608455352,-1.2617485874,111.2547,5735868.768913368,619962.4760260468,-111.2547,30U,-0.127,-0.274,-0.017,-1.3707767075944409e-05,-0.02256102966196401,-0.3934185446181629
1426256401595597,51.7608454163,-1.2617489859,111.256302,5735868.755035444,619962.4488413817,-111.256302,30U,-0.134,-0.289,-0.016,-0.00019538315553319132,-0.02296303922524677,-0.3952518915591189
1426256401699504,51.7608452924,-1.2617494098,111.257904,5735868.740559709,619962.4199171569,-111.257904,30U,-0.139,-0.306,-0.017,-0.00032531665086682525,-0.023396151992206057,-0.3972137362212434
1426256401806293,51.7608451626,-1.2617498592,111.259583,5735868.725385913,619962.3892488581,-111.259583,30U,-0.147,-0.321,-0.017,-0.0005339025240596528,-0.023851128982161275,-0.39924129476372683
1426256401912921,51.7608450256,-1.2617503311,111.26123,5735868.709374419,619962.3570469557,-111.26123,30U,-0.155,-0.336,-0.017,-0.0006494380583739826,-0.024278154953496802,-0.40129692825891483
1426256402019543,51.7608448813,-1.261750816,111.262787,5735868.692529737,619962.323967295,-111.262787,30U,-0.161,-0.349,-0.016,-0.000832230776947759,-0.024745026020219822,-0.4035051426295931
1426256402126224,51.7608447328,-1.2617513214,111.264366,5735868.675184269,619962.2894840953,-111.264366,30U,-0.166,-0.362,-0.018,-0.0010004387388937075,-0.025194984565493014,-0.40586227544544323
1426256402232895,51.7608445805,-1.2617518438,111.266335,5735868.657388253,619962.2538378248,-111.266335,30U,-0.169,-0.368,-0.023,-0.0011287838345097109,-0.025790176167558812,-0.40828462146428585
1426256402339522,51.7608444272,-1.2617523695,111.268555,5735868.6394756045,619962.2179664781,-111.268555,30U,-0.169,-0.363,-0.022,-0.001172080873507733,-0.026675850439403095,-0.4107339576787964
1426256402437844,51.7608442735,-1.2617528877,111.270493,5735868.621530809,619962.1826137532,-111.270493,30U,-0.171,-0.357,-0.018,-0.0013408000005036885,-0.027283300000187118,-0.4129963071799564
1426256402517899,51.7608441081,-1.2617533895,111.27253,5735868.602311876,619962.1484237802,-111.27253,30U,-0.169,-0.352,-0.021,-0.001296211601118762,-0.027743788012117833,-0.41513219204686985
1426256402597954,51.7608439562,-1.2617538876,111.274384,5735868.584600313,619962.1144533518,-111.274384,30U,-0.164,-0.35,-0.017,-0.0014839353408323324,-0.02844791738155574,-0.41744987772683645
1426256402699730,51.7608438083,-1.2617543857,111.276024,5735868.567333578,619962.0804723214,-111.276024,30U,-0.164,-0.348,-0.019,-0.0015389063583621813,-0.028830554030996807,-0.4198765560752522
1426256402806518,51.7608436568,-1.2617548803,111.277954,5735868.549672256,619962.0467423624,-111.277954,30U,-0.17,-0.343,-0.02,-0.0014069933978573981,-0.029395130147682927,-0.42205780228853507
1426256402912990,51.7608435036,-1.2617553717,111.279541,5735868.531827149,619962.013237736,-111.279541,30U,-0.168,-0.342,-0.012,-0.0014342539799329659,-0.029966410972870523,-0.42428147680492617
1426256403018501,51.7608433506,-1.2617558559,111.280609,5735868.5140161235,619961.9802294401,-111.280609,30U,-0.169,-0.343,-0.013,-0.001462511408556139,-0.030061121650447758,-0.4265971173377459
1426256403109926,51.7608431969,-1.2617563433,111.282089,5735868.496121991,619961.9470021721,-111.282089,30U,-0.169,-0.343,-0.016,-0.0016770943203252818,-0.030465019661726513,-0.4287552104931374
1426256403201350,51.7608430433,-1.2617568299,111.283554,5735868.478240298,619961.9138298451,-111.283554,30U,-0.169,-0.339,-0.013,-0.001771738738222796,-0.031049270438738046,-0.4309241824829787
1426256403306168,51.76084289,-1.261757312,111.28476,5735868.460399366,619961.8809672607,-111.28476,30U,-0.169,-0.333,-0.012,-0.0017700494165864985,-0.031315601165532954,-0.4331390439889824
1426256403412899,51.7608427373,-1.2617577866,111.286034,5735868.442637498,619961.8486206492,-111.286034,30U,-0.167,-0.326,-0.014,-0.0016697000008204172,-0.03166640000047002,-0.43532350717917984
1426256403519562,51.7608425983,-1.2617582452,111.287674,5735868.426425472,619961.8173418555,-111.287674,30U,-0.164,-0.317,-0.014,-0.0015511569413189895,-0.03227255723395473,-0.43746160524924854
1426256403624332,51.7608424512,-1.2617586888,111.28891,5735868.409337349,619961.7871196596,-111.28891,30U,-0.159,-0.311,-0.013,-0.0015394874762086085,-0.03261040276750891,-0.43959349728978026
1426256403715865,51.7608423095,-1.2617591271,111.290199,5735868.39285846,619961.7572488924,-111.290199,30U,-0.154,-0.305,-0.013,-0.0016972070879635488,-0.03297717179794337,-0.44186778636669644
1426256403807396,51.7608421697,-1.2617595589,111.291557,5735868.376601552,619961.7278216435,-111.291557,30U,-0.155,-0.298,-0.014,-0.0018795838352353804,-0.03339601485591277,-0.4441223143772719
1426256403913044,51.7608420291,-1.2617599823,111.292831,5735868.360269497,619961.698976186,-111.292831,30U,-0.156,-0.293,-0.012,-0.0019137387383823593,-0.033780460631625986,-0.44629495947361053
1426256404018681,51.7608418879,-1.2617603896,111.294052,5735868.343897202,619961.6712433534,-111.294052,30U,-0.153,-0.289,-0.012,-0.0019033662606003912,-0.03412005310711639,-0.44855675835829817
1426256404110058,51.7608417482,-1.261760797,111.295166,5735868.327691551,619961.6434996433,-111.295166,30U,-0.155,-0.292,-0.01,-0.001852021894139188,-0.034289897039474056,-0.45103089869820984
1426256404201434,51.7608416035,-1.2617612257,111.296059,5735868.310894833,619961.6142993089,-111.296059,30U,-0.164,-0.315,-0.01,-0.002151809127090231,-0.034309482476822785,-0.45376642151563157
1426256404306240,51.760841447,-1.2617616992,111.29715,5735868.292712189,619961.5820386766,-111.29715,30U,-0.183,-0.348,-0.011,-0.0022420196128175407,-0.03465203101995795,-0.4568288042337153
1426256404412965,51.7608412718,-1.2617622243,111.297943,5735868.272365112,619961.5462667792,-111.297943,30U,-0.202,-0.382,-0.005,-0.0024552000006890606,-0.034797899999680824,-0.46024420717897613
1426256404519606,51.7608411375,-1.261762789,111.298866,5735868.256501239,619961.507653738,-111.298866,30U,-0.213,-0.415,-0.006,-0.0025335863606996533,-0.03484344194224929,-0.4643440820545133
1426256404624347,51.7608409352,-1.2617633989,111.299812,5735868.2330009835,619961.466101764,-111.299812,30U,-0.231,-0.445,-0.011,-0.003012389807186251,-0.03537413742904438,-0.46897899666701737
1426256404715782,51.7608407153,-1.2617640547,111.30072,5735868.207467998,619961.4214289573,-111.30072,30U,-0.253,-0.475,-0.007,-0.003551091408984906,-0.035766242622322544,-0.4738428898711647
1426256404807217,51.7608404788,-1.2617647576,111.301445,5735868.1800115155,619961.3735498574,-111.301445,30U,-0.269,-0.506,-0.008,-0.003975851504873699,-0.036065352671014475,-0.47934106992346803
1426256404912873,51.7608402283,-1.2617655062,111.302307,5735868.150922971,619961.322554184,-111.302307,30U,-0.287,-0.536,-0.008,-0.0042491825256415405,-0.036585082962722976,-0.4857283602179729
1426256405018528,51.7608399589,-1.2617662852,111.30307,5735868.119682624,619961.2695107526,-111.30307,30U,-0.305,-0.566,-0.007,-0.005049982333060579,-0.036989553351239254,-0.49268904410235803
1426256405109949,51.7608396739,-1.2617671109,111.303513,5735868.0866306415,619961.2132859807,-111.303513,30U,-0.323,-0.596,-0.001,-0.006102700830174803,-0.03733941529168852,-0.5001726628425848
1426256405201370,51.760839373,-1.2617679837,111.303459,5735868.051733009,619961.1538530586,-111.303459,30U,-0.343,-0.627,0.002,-0.007342784421039936,-0.03767861257402172,-0.5083070449325183
1426256405306132,51.7608390513,-1.2617689003,111.30323,5735868.014450236,619961.0914527031,-111.30323,30U,-0.37,-0.651,0.002,-0.008555775538197724,-0.038072102331759505,-0.5170841887199622
1426256405412799,51.7608387059,-1.2617698525,111.303123,5735867.974473317,619961.0266584696,-111.303123,30U,-0.393,-0.675,-0.0,-0.009784199999792305,-0.038358800000236976,-0.5263558071797251
1426256405519450,51.7608384259,-1.2617708374,111.303757,5735867.941715508,619960.959434307,-111.303757,30U,-0.406,-0.708,-0.002,-0.011492884521269954,-0.03884871373975754,-0.5368390593599812
1426256405624212,51.7608380491,-1.2617718708,111.303162,5735867.898113148,619960.889119822,-111.303162,30U,-0.427,-0.739,0.007,-0.014201203261650629,-0.03906670844732842,-0.548468828680911
1426256405715743,51.7608376489,-1.2617729388,111.302536,5735867.851851648,619960.8164796721,-111.302536,30U,-0.46,-0.752,0.012,-0.01635096806364405,-0.03924974461140759,-0.5600431397965941
1426256405807273,51.7608372207,-1.2617740251,111.302284,5735867.8024462685,619960.7426508863,-111.302284,30U,-0.484,-0.76,-0.003,-0.017718546362881758,-0.039070838494986576,-0.5718860588294885
1426256405913106,51.7608367792,-1.2617751259,111.302521,5735867.7515379945,619960.6678567315,-111.302521,30U,-0.496,-0.773,-0.002,-0.01789772888186042,-0.03900292640734124,-0.5855630581575293
1426256406019886,51.7608363192,-1.2617762354,111.302673,5735867.698558098,619960.5925112392,-111.302673,30U,-0.523,-0.789,0.0,-0.01766186563128863,-0.03898024373837253,-0.6008024316073771
1426256406126569,51.7608358282,-1.2617773754,111.302261,5735867.642080633,619960.515143161,-111.302261,30U,-0.563,-0.809,0.004,-0.018181677476997088,-0.03883536810755744,-0.6159637652462999
1426256406228210,51.7608353067,-1.2617785464,111.302155,5735867.582160385,619960.4357166666,-111.302155,30U,-0.592,-0.829,-0.005,-0.018554007138645707,-0.03905366087547665,-0.6307922279170278
1426256406308001,51.7608347621,-1.2617797518,111.303009,5735867.519614687,619960.3539775119,-111.303009,30U,-0.616,-0.852,-0.008,-0.01922913311003018,-0.03987203082695439,-0.6467276287957527
1426256406387792,51.760834194,-1.2617809923,111.303223,5735867.454397908,619960.2698784515,-111.303223,30U,-0.649,-0.87,0.005,-0.020090399999482873,-0.040053899999318486,-0.6644011071794231
1426256406486142,51.7608336399,-1.2617822532,111.302696,5735867.390704465,619960.1843345084,-111.302696,30U,-0.698,-0.885,0.009,-0.020508932622719543,-0.03953319834810544,-0.6826450808888884
1426256406592928,51.7608329882,-1.261783533,111.302124,5735867.316126194,619960.0977450095,-111.302124,30U,-0.746,-0.907,0.004,-0.021438349566734433,-0.03920093097061644,-0.7007926225880565
1426256406699714,51.7608322995,-1.2617848563,111.301628,5735867.2373617375,619960.0082517171,-111.301628,30U,-0.784,-0.939,0.009,-0.022851538452340087,-0.03900014849417988,-0.7197112152141067
1426256406806499,51.7608315722,-1.2617862292,111.300095,5735867.154223131,619959.9154379215,-111.300095,30U,-0.836,-0.968,0.022,-0.0252049823402832,-0.03862550359044663,-0.7400158055571767
1426256406913256,51.760830792,-1.2617876476,111.297676,5735867.065126872,619959.8196244598,-111.297676,30U,-0.901,-0.999,0.024,-0.028333765495403174,-0.03838759500074174,-0.7612158445883701
1426256407020001,51.7608299497,-1.2617890937,111.295586,5735866.969079134,619959.7220640687,-111.295586,30U,-0.971,-1.024,0.018,-0.03061212000614325,-0.03900207665365234,-0.7828560630850379
1426256407126590,51.760829048,-1.2617905718,111.293839,5735866.866373105,619959.6224528532,-111.293839,30U,-1.032,-1.035,0.016,-0.03148177568101932,-0.03959397587359848,-0.8051788659034893
1426256407230337,51.7608280935,-1.2617920708,111.292442,5735866.757761006,619959.5215393124,-111.292442,30U,-1.095,-1.055,0.011,-0.03162502631430769,-0.03905239494977294,-0.8283958389162446
1426256407321773,51.7608270724,-1.2617936221,111.291458,5735866.6416565385,619959.4171931609,-111.291458,30U,-1.176,-1.092,0.018,-0.03484763273085607,-0.040379741219363975,-0.8521900444037309
1426256407413208,51.7608259882,-1.2617951825,111.288803,5735866.518519983,619959.3123862841,-111.288803,30U,-1.234,-1.073,0.033,-0.03526340000032067,-0.04106909999998727,-0.8752998071794982
1426256407519386,51.7608248407,-1.2617967795,111.285629,5735866.3882838655,619959.2052214796,-111.285629,30U,-1.274,-1.048,0.025,-0.02950930444211776,-0.03891531508513463,-0.8996119960586448
1426256407623699,51.7608236746,-1.2617982598,111.28389,5735866.256171266,619959.1061592527,-111.28389,30U,-1.322,-1.023,0.015,-0.023495465567278384,-0.03419476769929718,-0.9256680030034343
1426256407714963,51.7608224638,-1.2617997246,111.281548,5735866.119113236,619959.0082851335,-111.281548,30U,-1.367,-1.02,0.033,-0.02207457937126439,-0.02782813133619979,-0.9517424004284469
1426256407806227,51.7608212209,-1.2618011991,111.278175,5735865.978469529,619958.9098267129,-111.278175,30U,-1.397,-1.027,0.032,-0.023957134524831537,-0.020808651627259468,-0.9772508302346299
1426256407897522,51.7608199466,-1.2618026705,111.276054,5735865.834339046,619958.8116654423,-111.276054,30U,-1.441,-1.016,0.009,-0.028366076081204304,-0.015181460568162638,-1.0025254598462114
1426256407988819,51.7608186184,-1.2618041054,111.275467,5735865.684274576,619958.7161658425,-111.275467,30U,-1.52,-0.99,0.006,-0.026802870065662624,-0.013631475051695013,-1.0286864119379402
1426256408091731,51.760817213,-1.2618054721,111.2752,5735865.525737152,619958.6255772383,-111.2752,30U,-1.609,-0.905,0.01,-0.006778642114666048,-0.018040303755078348,-1.0565422212639235
1426256408198515,51.7608157159,-1.2618067062,111.271347,5735865.357220211,619958.544382206,-111.271347,30U,-1.71,-0.85,0.063,0.0074534523141009295,-0.01947340610742965,-1.08328391630012
1426256408305300,51.7608141624,-1.2618079868,111.265038,5735865.182354748,619958.4601277724,-111.265038,30U,-1.744,-0.945,0.056,0.011886532765375792,-0.01328858283403151,-1.1077673242111634
1426256408412084,51.760812579,-1.2618094079,111.262306,5735865.003933119,619958.3662569032,-111.262306,30U,-1.784,-1.013,0.001,0.006531699999204133,-0.004491000000117762,-1.1333420071800098
1426256408518868,51.760810945,-1.2618108532,111.261757,5735864.819844644,619958.2708501446,-111.261757,30U,-1.863,-0.995,0.019,-0.005010275816815686,0.0029661285673091534,-1.1604683784923178
1426256408625652,51.7608092254,-1.2618122106,111.259094,5735864.626381484,619958.1817361114,-111.259094,30U,-1.966,-0.898,0.031,-0.012561155303518838,0.008471989771762625,-1.1863214192116918
1426256408732437,51.7608074197,-1.2618134355,111.25618,5735864.423561397,619958.1019939061,-111.25618,30U,-2.051,-0.825,0.031,-0.011955367756949638,0.011434447192579182,-1.2102849446470427
1426256408835408,51.7608055446,-1.2618146404,111.249237,5735864.213056486,619958.0238158144,-111.249237,30U,-2.123,-0.834,0.082,-0.009405628731815274,0.015827675308840806,-1.2359676152853574
1426256408926937,51.7608036076,-1.2618157775,111.248215,5735863.995779421,619957.9504805619,-111.248215,30U,-2.185,-0.745,-0.069,-0.006229987462139288,0.018154954367319343,-1.2600046369212277
1426256409018467,51.7608016316,-1.2618168085,111.262421,5735863.774339823,619957.8845704701,-111.262421,30U,-2.211,-0.719,-0.196,-0.0009057296408394436,0.014572871389407539,-1.281747475224275
1426256409109996,51.7607996347,-1.2618178279,111.282646,5735863.550595093,619957.8195162682,-111.282646,30U,-2.238,-0.701,-0.193,0.0035924411265406127,0.00982206993748125,-1.3056800000865452
1426256409201525,51.7607976032,-1.2618187834,111.298164,5735863.323107728,619957.7589634103,-111.298164,30U,-2.283,-0.637,-0.121,0.0058186758315048,0.007828237036160552,-1.3299073856164523
1426256409306403,51.7607955349,-1.2618196604,111.307808,5735863.091657089,619957.7039252508,-111.307808,30U,-2.319,-0.587,-0.086,0.006840929854362217,0.00781473597017325,-1.3532949671204972
1426256409413187,51.7607934376,-1.261820469,111.317101,5735862.857093969,619957.6536841319,-111.317101,30U,-2.349,-0.539,-0.096,0.005790400000129994,0.006617200000105272,-1.3766667071802383
1426256409504716,51.7607913092,-1.261821209,111.324692,5735862.619185168,619957.6082594208,-111.324692,30U,-2.395,-0.512,-0.043,0.0069073176377613685,0.006296442175424595,-1.400207608437931
1426256409596245,51.7607891273,-1.2618218777,111.322594,5735862.3754441,619957.5678968155,-111.322594,30U,-2.479,-0.401,0.111,0.013104989307782372,0.010827517745148242,-1.4241728641089266
1426256409700170,51.7607868548,-1.2618222851,111.299164,5735862.122057524,619957.5458062598,-111.299164,30U,-2.555,-0.193,0.267,0.030578308754835328,0.02375995927394904,-1.444270734775597
1426256409806954,51.7607845564,-1.2618225797,111.281059,5735861.8659762405,619957.5315685064,-111.281059,30U,-2.562,-0.27,0.062,0.04660643078414318,0.03229900651543547,-1.4668873585358884
1426256409913739,51.7607822399,-1.2618230218,111.287491,5735861.607639511,619957.5071999786,-111.287491,30U,-2.605,-0.312,-0.176,0.058332011230196844,0.030732065273637706,-1.4941666470346708
1426256410020523,51.7607798731,-1.2618233921,111.310013,5735861.343827198,619957.4879195791,-111.310013,30U,-2.672,-0.226,-0.249,0.05292861965875812,0.024815025095790203,-1.5183668353187556
1426256410127307,51.7607774508,-1.2618236752,111.333122,5735861.073986361,619957.4748038257,-111.333122,30U,-2.722,-0.193,-0.201,0.04153796263573981,0.02021592804467437,-1.5400569588158317
1426256410234091,51.7607749836,-1.2618239146,111.348091,5735860.799224236,619957.4648227514,-111.348091,30U,-2.775,-0.141,-0.097,0.03422411289565,0.01799270829650923,-1.5644643662546414
1426256410340876,51.760772463,-1.261824033,111.354057,5735860.518722713,619957.463333243,-111.354057,30U,-2.837,-0.027,-0.031,0.033478294671984106,0.017004605143342892,-1.589827529647299
1426256410435331,51.7607698888,-1.2618239713,111.356476,5735860.232556759,619957.4744142338,-111.356476,30U,-2.888,0.099,-0.026,0.04046520000082416,0.016128400000020995,-1.6122443071798702
1426256410502663,51.7607672761,-1.2618237376,111.360252,5735859.942392269,619957.4974667332,-111.360252,30U,-2.937,0.188,-0.055,0.046252120613786474,0.015578915815190044,-1.632977120797124
1426256410569994,51.7607646046,-1.2618234372,111.367439,5735859.645798554,619957.5252779565,-111.367439,30U,-3.015,0.196,-0.084,0.04721740412628973,0.015330559609533556,-1.6532987014300242
1426256410669369,51.7607618584,-1.2618231293,111.37677,5735859.340910058,619957.5538047445,-111.37677,30U,-3.101,0.229,-0.102,0.047790484614574254,0.0141744439241736,-1.6737614319149512
1426256410776138,51.7607590412,-1.2618227098,111.38723,5735859.02830947,619957.5902210767,-111.38723,30U,-3.169,0.348,-0.104,0.04777465169096786,0.011115845039765605,-1.692991239432422
1426256410882681,51.7607561583,-1.2618221322,111.397087,5735858.708662671,619957.6377218008,-111.397087,30U,-3.253,0.428,-0.096,0.04465041067145039,0.009463989901318805,-1.7102293866606044
1426256410988270,51.7607531943,-1.2618214576,111.406853,5735858.380156583,619957.6921313192,-111.406853,30U,-3.352,0.482,-0.1,0.043093933753641164,0.008843139679848691,-1.7270756228424442
1426256411079786,51.7607501396,-1.2618206988,111.416046,5735858.041702569,619957.7525917706,-111.416046,30U,-3.454,0.549,-0.08,0.04470226602493803,0.008619420777532801,-1.7434762487940545
1426256411171302,51.760746989,-1.261819831,111.423019,5735857.6927631525,619957.8208283496,-111.423019,30U,-3.561,0.635,-0.059,0.0447843512629777,0.008703058349806442,-1.7596965719434725
1426256411276164,51.7607437416,-1.261818837,111.42646,5735857.333266536,619957.8980303918,-111.42646,30U,-3.667,0.723,-0.02,0.04420958926340528,0.01023697248356795,-1.7747389474783615
1426256411382932,51.7607403999,-1.2618177469,111.430229,5735856.963441227,619957.9821141147,-111.430229,30U,-3.77,0.777,-0.066,0.041700100000462786,0.011592200000496496,-1.789935707176887
1426256411489701,51.7607369676,-1.2618165349,111.436378,5735856.583741126,619958.0748501332,-111.436378,30U,-3.876,0.887,-0.038,0.04332731668016103,0.01139560917835002,-1.804459466048341
1426256411594563,51.7607334478,-1.2618151589,111.440475,5735856.194580219,619958.1791354939,-111.440475,30U,-3.965,0.986,-0.048,0.04368040406935311,0.011407360581432796,-1.8180074913059912
1426256411686079,51.7607298391,-1.2618136796,111.445129,5735855.795702978,619958.2907850909,-111.445129,30U,-4.068,1.044,-0.063,0.04115722213643272,0.011613828881550763,-1.831578528136417
1426256411777594,51.7607261459,-1.2618120971,111.454941,5735855.387598547,619958.4097803636,-111.454941,30U,-4.149,1.137,-0.116,0.04569279467089251,0.008315299986296836,-1.8444564531994931
1426256411883410,51.7607223838,-1.2618103826,111.46534,5735854.972049119,619958.53806741,-111.46534,30U,-4.225,1.221,-0.093,0.04472033998970123,0.005338020334118437,-1.8578391040250206
1426256411989225,51.7607185571,-1.2618085476,111.474731,5735854.549513963,619958.6748412373,-111.474731,30U,-4.3,1.291,-0.095,0.042898836769273446,0.004804218777356012,-1.8704750780906967
1426256412080741,51.760714666,-1.2618066023,111.484062,5735854.119998544,619958.819397432,-111.484062,30U,-4.362,1.385,-0.093,0.04570387034532076,0.003332493828038472,-1.8820638743972098
1426256412172258,51.7607107183,-1.2618045218,111.49099,5735853.684411231,619958.973433633,-111.49099,30U,-4.428,1.466,-0.049,0.04576185257766375,0.0019432224737352276,-1.8927258701705727
1426256412277119,51.7607067095,-1.2618023407,111.495674,5735853.242194684,619959.1345740757,-111.495674,30U,-4.5,1.538,-0.028,0.04667864572624124,0.0016894073808333234,-1.902336132020213
1426256412383888,51.7607026339,-1.2618000666,111.496956,5735852.792702527,619959.3023094038,-111.496956,30U,-4.568,1.598,-0.022,0.04626220000017249,0.0030926999999980856,-1.9108348071781072
1426256412490657,51.7606985036,-1.2617976922,111.502533,5735852.337292364,619959.4771113126,-111.502533,30U,-4.627,1.662,-0.088,0.04352476393886211,0.0013969352486377263,-1.9185498995419183
1426256412595519,51.7606943164,-1.2617952261,111.510704,5735851.875705395,619959.6583921602,-111.510704,30U,-4.692,1.741,-0.058,0.04671160928334876,-0.0011150178676845295,-1.9253590815674622
1426256412687035,51.7606900748,-1.261792634,111.514618,5735851.408276057,619959.8485123183,-111.514618,30U,-4.753,1.817,-0.031,0.047598334367321124,-0.0004075187823331508,-1.9305679116512184
1426256412778550,51.7606857687,-1.2617899704,111.518097,5735850.933791521,619960.0437375917,-111.518097,30U,-4.828,1.861,-0.046,0.054225151684874254,-0.001198247535568028,-1.9342538103996905
1426256412884366,51.7606814017,-1.2617872342,111.523132,5735850.452653941,619960.2441343503,-111.523132,30U,-4.893,1.902,-0.053,0.055617651549227834,-0.00480242428217899,-1.9371742251042638
1426256412990181,51.7606769695,-1.2617844679,111.525604,5735849.964315224,619960.4467811267,-111.525604,30U,-4.978,1.909,-0.002,0.055235511171942274,-0.004007729320578832,-1.9393916630914891
1426256413081697,51.7606724737,-1.2617816499,111.527122,5735849.46898883,619960.6531642671,-111.527122,30U,-5.029,1.968,-0.031,0.05371566008098859,-0.000639664502542141,-1.9411347377620625
1426256413173213,51.7606679221,-1.2617787784,111.532379,5735848.967545126,619960.8633873153,-111.532379,30U,-5.105,1.984,-0.059,0.04891555348610051,0.0015573778201172022,-1.9431022115962258
1426256413278075,51.7606633047,-1.2617758515,111.53566,5735848.458875179,619961.0776078952,-111.53566,30U,-5.17,2.06,0.025,0.05127492287331922,0.003564187926850217,-1.9440305093600756
1426256413384843,51.7606586359,-1.261772824,111.533615,5735847.944654707,619961.2989070308,-111.533615,30U,-5.221,2.107,0.004,0.052379399999519266,0.0063762999998382645,-1.9444981071696816
1426256413491612,51.7606539143,-1.2617697453,111.537582,5735847.424646764,619961.5238794074,-111.537582,30U,-5.289,2.128,-0.055,0.055737368239676816,0.004664972541982282,-1.9452847238346964
1426256413596474,51.7606491321,-1.2617666298,111.545929,5735846.897960254,619961.7515519783,-111.545929,30U,-5.358,2.154,-0.105,0.05633021329717785,0.0017964301834221229,-1.9461481363132491
1426256413687990,51.7606442828,-1.2617635034,111.556595,5735846.363829739,619961.9801546494,-111.556595,30U,-5.433,2.16,-0.099,0.05605096043883517,-0.0022445952074120136,-1.947126572325053
1426256413779505,51.7606393721,-1.261760338,111.564461,5735845.822935313,619962.2116114558,-111.564461,30U,-5.496,2.205,-0.055,0.05487743664229362,-0.004541596753048545,-1.9481332727572698
1426256413885321,51.7606344038,-1.2617571185,111.567276,5735845.275724396,619962.4469543599,-111.567276,30U,-5.56,2.239,-0.008,0.05376138223229298,-0.004607963686744451,-1.948771974077175
1426256413992090,51.7606293815,-1.2617538336,111.566948,5735844.722615925,619962.6869536184,-111.566948,30U,-5.618,2.281,0.004,0.055223756962370064,-0.0031173166002430993,-1.9490973026468954
1426256414098859,51.7606243034,-1.2617505015,111.5653,5735844.163379786,619962.9303580462,-111.5653,30U,-5.685,2.306,0.026,0.05554042558533308,-0.0005400037762456045,-1.9498842103281098
1426256414200623,51.7606191681,-1.2617471344,111.564339,5735843.597840225,619963.1763294504,-111.564339,30U,-5.743,2.34,-0.001,0.05702064616913079,0.0011608087901974337,-1.9504303997903343
1426256414280699,51.7606139783,-1.2617437179,111.565674,5735843.026321186,619963.4258544003,-111.565674,30U,-5.806,2.368,-0.03,0.058576202296605234,0.0006032134389952504,-1.9506304619781152
1426256414360775,51.7606087338,-1.2617402626,111.569565,5735842.4487829935,619963.6782019379,-111.569565,30U,-5.863,2.406,-0.03,0.06172660000013565,-0.0018044999994527163,-1.951276107177716
1426256414459202,51.7606034404,-1.2617367478,111.574478,5735841.8659046935,619963.934785168,-111.574478,30U,-5.922,2.428,-0.061,0.06224885455106934,-0.0031577421450159236,-1.9517019294670246
1426256414565971,51.7605980896,-1.2617332199,111.579735,5735841.27666471,619964.1924246215,-111.579735,30U,-5.987,2.436,-0.05,0.06062165484644341,-0.0028360866468863976,-1.9519726899860688
1426256414672740,51.7605926804,-1.2617296721,111.582703,5735840.680963019,619964.4515922089,-111.582703,30U,-6.051,2.459,-0.009,0.05822881421899901,-0.0005860074666116318,-1.9521828307696014
1426256414779508,51.7605872179,-1.2617260751,111.582489,5735840.079414972,619964.7142963682,-111.582489,30U,-6.104,2.507,0.002,0.05924831117316232,0.0013617168448190077,-1.9522294510097433
1426256414886277,51.7605817118,-1.2617224103,111.582863,5735839.473129866,619964.9817949538,-111.582863,30U,-6.155,2.544,-0.009,0.06223510258876607,0.0008761882991492842,-1.951943603393406
1426256414993045,51.7605761573,-1.2617187034,111.585442,5735838.861531637,619965.2523271659,-111.585442,30U,-6.212,2.555,-0.053,0.0644678333865169,-4.4977710782547035e-06,-1.9520866397229513
1426256415099814,51.7605705473,-1.2617149999,111.593033,5735838.243755873,619965.5227719262,-111.593033,30U,-6.273,2.556,-0.082,0.06180754357991436,-0.001751769180085643,-1.9524698202326956
1426256415203722,51.7605648817,-1.2617112729,111.599937,5735837.619835708,619965.7949858387,-111.599937,30U,-6.334,2.585,-0.044,0.05861062756521599,-0.0024129845143032315,-1.9516969092194176
1426256415295238,51.7605591629,-1.2617075099,111.602386,5735836.990058596,619966.0698251514,-111.602386,30U,-6.391,2.61,-0.006,0.05813794257986176,-0.0018535483940095672,-1.9509310404700453
1426256415386754,51.760553397,-1.2617037043,111.60331,5735836.355113751,619966.3477291554,-111.60331,30U,-6.441,2.643,-0.005,0.0625032999993012,-0.0011853999993924893,-1.9505857071633312
1426256415493523,51.7605475868,-1.2616998518,111.604469,5735835.715319628,619966.6289871688,-111.604469,30U,-6.497,2.65,-0.025,0.06152630917945872,0.0012744383167581723,-1.950521363593328
1426256415598385,51.7605417177,-1.2616960107,111.607536,5735835.068956713,619966.9096146787,-111.607536,30U,-6.559,2.653,-0.041,0.06047406746964423,0.0023820682999667895,-1.950903469067519
1426256415689901,51.7605358011,-1.261692139,111.61187,5735834.417361844,619967.1924798394,-111.61187,30U,-6.607,2.686,-0.039,0.05763423290970341,0.00150530970575777,-1.950674277369429
1426256415781416,51.7605298467,-1.2616882116,111.616287,5735833.761655016,619967.4792890621,-111.616287,30U,-6.642,2.723,-0.055,0.0559983082465509,0.001066948545242182,-1.9497900974100932
1426256415872933,51.7605238531,-1.2616842648,111.625267,5735833.101620824,619967.7675410376,-111.625267,30U,-6.698,2.727,-0.086,0.056112970981848885,0.00037826145458151,-1.9498323127533619
1426256415964449,51.7605178129,-1.2616802823,111.631561,5735832.436463158,619968.0583802288,-111.631561,30U,-6.741,2.761,-0.056,0.05859445124633392,0.0010467362449673324,-1.949540264139272
1426256416067405,51.7605117271,-1.2616762848,111.634789,5735831.766259172,619968.3503755011,-111.634789,30U,-6.795,2.751,-0.014,0.05690754503925576,0.001552521607279807,-1.9490354120324358
