timestamp,latitude,longitude,altitude,northing,easting,down,utm_zone,velocity_north,velocity_east,velocity_down,roll,pitch,yaw
1439814234645432,51.7608817504,-1.2615185833,110.784645,5735873.174629035,619978.2522248672,-110.784645,30U,0.004,-0.008,0.003,0.008160700000481521,-0.018004999999423215,0.32497850000013573
1439814234743874,51.7608817486,-1.2615184435,110.785622,5735873.174658848,619978.2618770016,-110.785622,30U,0.002,-0.006,0.002,0.008104295797109749,-0.01804023929657841,0.32307251740022946
1439814234842316,51.7608817328,-1.2615181153,110.788147,5735873.17344171,619978.2845674165,-110.788147,30U,-0.0,0.0,0.001,0.007988245366231472,-0.018146843474964803,0.3187266633963906
1439814234944521,51.7608817209,-1.2615178502,110.790184,5735873.172554471,619978.3028930678,-110.790184,30U,-0.003,0.006,-0.0,0.007888234629861412,-0.01822654305386585,0.3151940957462064
1439814235046787,51.7608817189,-1.2615177593,110.79081,5735873.172481597,619978.3091712259,-110.79081,30U,-0.004,0.008,-0.001,0.00784470357886261,-0.01824999642183501,0.31392023567622807
1439814235145184,51.7608817219,-1.2615177606,110.790688,5735873.172813077,619978.3090735611,-110.790688,30U,-0.005,0.008,-0.0,0.00784403905347656,-0.01826087052644262,0.31384527610614277
1439814235243581,51.7608817186,-1.2615177584,110.790733,5735873.172449715,619978.3092341286,-110.790733,30U,-0.004,0.007,-0.0,0.007849540664636733,-0.01826518523866228,0.3139067114375042
1439814235345987,51.7608817049,-1.2615177313,110.791176,5735873.170970771,619978.3111405732,-110.791176,30U,-0.004,0.007,-0.001,0.007845851789089597,-0.018263533474766155,0.3139683912650593
1439814235448334,51.7608816949,-1.2615177783,110.790451,5735873.169781388,619978.3079236934,-110.790451,30U,-0.002,0.001,0.0,0.007989573792175702,-0.01814431547026304,0.3158378086935375
1439814235546862,51.7608816986,-1.2615179125,110.788681,5735873.169972079,619978.2986529693,-110.788681,30U,-0.001,-0.003,0.001,0.008093137474360095,-0.018075903577915806,0.31856378898436044
1439814235645389,51.7608817103,-1.2615180438,110.787186,5735873.171057191,619978.2895611593,-110.787186,30U,0.001,-0.005,0.001,0.00813149999981449,-0.018059899999505802,0.3203411000003795
1439814235743709,51.7608817178,-1.2615181366,110.786301,5735873.171738572,619978.2831373054,-110.786301,30U,0.002,-0.005,0.001,0.008144348192233827,-0.01804706852385004,0.3215660200398036
1439814235842029,51.7608817234,-1.2615182056,110.785728,5735873.172247816,619978.2783608855,-110.785728,30U,0.002,-0.005,0.001,0.008154316736249702,-0.018050431473122002,0.3223852851706547
1439814235944300,51.7608817223,-1.2615182149,110.78569,5735873.172110191,619978.2777220247,-110.78569,30U,0.002,-0.005,0.001,0.008152916737843508,-0.018045716736673774,0.32262825021133146
1439814236046636,51.7608817179,-1.2615181926,110.785919,5735873.171657567,619978.2792725746,-110.785919,30U,0.001,-0.005,0.0,0.00816165378975648,-0.018050894421706095,0.3226796410541653
1439814236145080,51.7608817131,-1.2615181629,110.786194,5735873.171172637,619978.2813348465,-110.786194,30U,0.001,-0.005,0.0,0.00815914263097266,-0.018051805579568744,0.32272664305366483
1439814236243524,51.7608817101,-1.2615181272,110.786499,5735873.170897748,619978.2838063963,-110.786499,30U,0.001,-0.005,0.0,0.008158190812174428,-0.01805570557188753,0.3227749373403211
1439814236345914,51.7608817069,-1.2615180906,110.786804,5735873.170602099,619978.286340585,-110.786804,30U,0.0,-0.005,-0.0,0.008157574105319223,-0.018053714735896304,0.32282712073716824
1439814236448245,51.7608817044,-1.261518097,110.786789,5735873.170313554,619978.2859055591,-110.786789,30U,0.0,-0.005,-0.0,0.008156794421363796,-0.018056342631027143,0.32287308368456824
1439814236546843,51.7608817032,-1.2615181516,110.786415,5735873.170090285,619978.2821408861,-110.786415,30U,0.0,-0.005,0.0,0.008170088842112991,-0.018060414737244786,0.32292917452803543
1439814236645441,51.7608817023,-1.2615182072,110.786057,5735873.169898732,619978.27830641,-110.786057,30U,0.0,-0.005,-0.001,0.008162500000427004,-0.01806060000045423,0.3229685999991469
1439814236743702,51.7608817048,-1.2615182677,110.785637,5735873.170077218,619978.2741247799,-110.785637,30U,-0.0,-0.005,-0.001,0.008165531476767426,-0.018059137048021916,0.32300899472140515
1439814236841963,51.7608817069,-1.2615183151,110.785316,5735873.170232775,619978.2708482185,-110.785316,30U,-0.0,-0.005,-0.001,0.008166285263527412,-0.018062031474128156,0.3230543040011123
1439814236944292,51.7608817077,-1.2615183281,110.785255,5735873.170300353,619978.2699489893,-110.785255,30U,-0.001,-0.005,-0.001,0.008170668527044102,-0.0180629741055132,0.3230930060018329
1439814237046688,51.7608817075,-1.2615183222,110.785316,5735873.170287818,619978.2703566685,-110.785316,30U,-0.001,-0.005,-0.001,0.008173651788663939,-0.018062699999808852,0.3231309187367404
1439814237145080,51.760881707,-1.2615183118,110.785408,5735873.170249322,619978.2710756809,-110.785408,30U,-0.001,-0.005,-0.001,0.008169800000593763,-0.01806332031600495,0.323169224315592
1439814237243472,51.7608817062,-1.2615182955,110.785553,5735873.170187173,619978.2722026374,-110.785553,30U,-0.001,-0.005,-0.002,0.008171342620325112,-0.01806692033160388,0.3232025927663967
1439814237345803,51.7608817043,-1.261518272,110.785782,5735873.170014541,619978.2738293691,-110.785782,30U,-0.001,-0.004,-0.002,0.00817148526259422,-0.01807115379002021,0.3232450410535248
1439814237448084,51.760881702,-1.2615182704,110.785835,5735873.169761398,619978.2739458807,-110.785835,30U,-0.002,-0.004,-0.002,0.008175625893928956,-0.01807514263181523,0.32329401158021703
1439814237546862,51.7608817008,-1.2615183006,110.785622,5735873.169578269,619978.2718650099,-110.785622,30U,-0.002,-0.003,-0.002,0.00817202231611302,-0.018075683263259,0.3233361278952494
1439814237645639,51.7608817012,-1.2615183381,110.785347,5735873.16956106,619978.2692761382,-110.785347,30U,-0.003,-0.002,-0.002,0.008169200000030158,-0.018079799999290946,0.32337990000065253
1439814237743959,51.7608817031,-1.2615183799,110.785172,5735873.169703588,619978.2663865532,-110.785172,30U,-0.003,-0.002,-0.002,0.008169522287293842,-0.018078851809032227,0.32341962424246135
1439814237842279,51.7608817061,-1.2615184199,110.785233,5735873.169971402,619978.263618268,-110.785233,30U,-0.003,-0.001,-0.002,0.008171248210229885,-0.018083499999566738,0.32346224105334603
1439814237944360,51.760881709,-1.261518441,110.785522,5735873.17025919,619978.2621545051,-110.785522,30U,-0.003,-0.002,-0.002,0.008165431472891947,-0.01808123705278249,0.32349728010713086
1439814238046507,51.760881711,-1.2615184486,110.785843,5735873.170469099,619978.261624739,-110.785843,30U,-0.003,-0.001,-0.003,0.00816003505272579,-0.01808385736794839,0.32353281315890714
1439814238145085,51.7608817116,-1.2615184489,110.785995,5735873.170535328,619978.2616024457,-110.785995,30U,-0.003,-0.001,-0.003,0.008161464946876742,-0.018082900000748463,0.3235715446312574
1439814238243664,51.7608817103,-1.2615184462,110.786194,5735873.170395202,619978.2617922152,-110.786194,30U,-0.003,-0.001,-0.004,0.008164725904343206,-0.01808471114287589,0.323612403909548
1439814238345871,51.7608817083,-1.261518442,110.786369,5735873.1701797005,619978.2620873519,-110.786369,30U,-0.004,0.001,-0.003,0.008162709157193904,-0.018087783262698606,0.3236481334731807
1439814238448027,51.7608817061,-1.2615184442,110.786423,5735873.169931426,619978.2619413664,-110.786423,30U,-0.003,0.002,-0.004,0.008160253789604955,-0.0180914314738195,0.32368422073680764
1439814238546818,51.7608817039,-1.2615184557,110.786377,5735873.169667854,619978.261153603,-110.786377,30U,-0.004,0.003,-0.004,0.008155068526353023,-0.018091116736850158,0.32372168168451165
1439814238645608,51.7608817013,-1.2615184673,110.786362,5735873.169359635,619978.2603599994,-110.786362,30U,-0.004,0.005,-0.004,0.008165700000524013,-0.018095000000188065,0.32376220000051553
1439814238743800,51.7608817047,-1.2615184873,110.786591,5735873.169704834,619978.2589708195,-110.786591,30U,-0.003,0.006,-0.004,0.008166868524638162,-0.018096072140239602,0.32379788162344436
1439814238841992,51.7608817044,-1.2615185057,110.786896,5735873.169641202,619978.2577018616,-110.786896,30U,-0.003,0.006,-0.004,0.008162498000279681,-0.018106279684407256,0.32383992989507054
1439814238944323,51.7608817037,-1.2615185159,110.78727,5735873.169546578,619978.2569998325,-110.78727,30U,-0.004,0.005,-0.004,0.0081585334744118,-0.018109511158026666,0.3238820522105449
1439814239046724,51.760881702,-1.2615185207,110.787727,5735873.16934963,619978.2566730998,-110.787727,30U,-0.004,0.005,-0.005,0.008161794421406288,-0.018112848210103186,0.32391885579045815
1439814239145103,51.7608816999,-1.2615185236,110.788223,5735873.169111325,619978.2564785428,-110.788223,30U,-0.004,0.005,-0.004,0.008165283263022526,-0.018112220315687474,0.32395608368434714
1439814239243481,51.7608816982,-1.2615185275,110.788681,5735873.168915859,619978.2562139169,-110.788681,30U,-0.004,0.005,-0.005,0.00815946490776437,-0.01810942033283772,0.3240022206253656
1439814239345793,51.7608816963,-1.2615185299,110.789177,5735873.168700619,619978.2560533338,-110.789177,30U,-0.005,0.005,-0.005,0.00815888326282851,-0.018109268525844713,0.324041301999579
1439814239448054,51.7608816938,-1.2615185316,110.789581,5735873.168419807,619978.2559426473,-110.789581,30U,-0.005,0.003,-0.005,0.008164559368516639,-0.018112557368436633,0.3240915318965183
1439814239546802,51.7608816915,-1.2615185331,110.789909,5735873.1681615645,619978.2558452326,-110.789909,30U,-0.005,0.002,-0.005,0.008162077684853228,-0.01811231473625468,0.3241400948434517
1439814239645549,51.7608816893,-1.2615185348,110.790298,5735873.167914113,619978.255733751,-110.790298,30U,-0.005,0.001,-0.005,0.008163800000193705,-0.01811000000031554,0.32418070000005783
1439814239743742,51.7608816893,-1.2615185359,110.790741,5735873.1679123035,619978.2556578418,-110.790741,30U,-0.004,0.001,-0.005,0.00816503538612617,-0.018113120333113512,0.32423049472183746
1439814239841935,51.7608816855,-1.2615185375,110.791222,5735873.167487089,619978.2555575025,-110.791222,30U,-0.004,0.001,-0.006,0.008173672104296432,-0.018107292420432373,0.32427582989524945
1439814239944231,51.7608816818,-1.2615185364,110.791801,5735873.167077434,619978.255643221,-110.791801,30U,-0.004,0.001,-0.006,0.008181722316788867,-0.018103866525860938,0.32431661715950977
1439814240046596,51.7608816798,-1.2615185394,110.792198,5735873.166850085,619978.2554414977,-110.792198,30U,0.004,-0.013,-0.0,0.0077680100939786735,-0.017921480308432585,0.32400198451198836
1439814240145003,51.760881685,-1.261518566,110.792206,5735873.167384598,619978.2535920913,-110.792206,30U,0.009,-0.036,-0.001,0.007482481996812901,-0.017529755258337484,0.32297666566478456
1439814240243410,51.7608816931,-1.2615186334,110.792496,5735873.168174492,619978.2489194571,-110.792496,30U,0.015,-0.064,-0.005,0.007243011782486431,-0.017409525901855353,0.321793691655599
1439814240345630,51.7608817092,-1.2615187357,110.793221,5735873.1697966205,619978.2418172248,-110.793221,30U,0.027,-0.086,-0.008,0.007005738099930182,-0.017468645788674006,0.32001471575080787
1439814240447807,51.7608817347,-1.2615188692,110.793953,5735873.172412761,619978.2325370131,-110.793953,30U,0.037,-0.109,-0.007,0.006639728942218806,-0.017471599999288448,0.317283001840462
1439814240546777,51.7608817646,-1.2615190418,110.794434,5735873.1754538845,619978.2205469107,-110.794434,30U,0.041,-0.137,-0.003,0.0062805850441014655,-0.01746906652647014,0.31395987014702675
1439814240645747,51.7608818015,-1.2615192633,110.794609,5735873.179193012,619978.2051637454,-110.794609,30U,0.057,-0.172,-0.002,0.005740600000474724,-0.01735459999934134,0.3098906000004051
1439814240743880,51.760881861,-1.2615195473,110.794586,5735873.185342584,619978.1854076469,-110.794586,30U,0.079,-0.223,0.002,0.004874598231728899,-0.01707388060715072,0.30436554355837314
1439814240842014,51.7608819345,-1.2615199269,110.793945,5735873.192891772,619978.1590172383,-110.793945,30U,0.103,-0.299,0.008,0.0035707827145154015,-0.016331161351707424,0.29688104690357
1439814240944461,51.7608820275,-1.2615204263,110.793037,5735873.202412402,619978.1243079376,-110.793037,30U,0.13,-0.39,0.008,0.002513737457173691,-0.015338953772316352,0.2874158536064586
1439814241046978,51.7608821376,-1.2615210554,110.792778,5735873.213621291,619978.0806029264,-110.792778,30U,0.15,-0.485,-0.003,0.001582773243870321,-0.014772733785858317,0.2759519487275657
1439814241145130,51.7608822628,-1.261521813,110.793373,5735873.226298003,619978.0279903169,-110.793373,30U,0.173,-0.576,-0.006,0.0006565563051884252,-0.014829315159347786,0.26216033805195604
1439814241243283,51.76088241,-1.2615227062,110.793655,5735873.24119818,619977.965961856,-110.793655,30U,0.184,-0.672,0.002,0.0002745508017114635,-0.014603555673921001,0.24592316007992793
1439814241345978,51.7608825598,-1.2615237406,110.793137,5735873.256155208,619977.89418253,-110.793137,30U,0.191,-0.771,0.007,0.00029354558648006073,-0.013919285357098656,0.22770958524128343
1439814241448604,51.7608827139,-1.2615249198,110.792511,5735873.271352214,619977.8123994011,-110.792511,30U,0.201,-0.87,0.005,0.0008933791691988853,-0.013402965993763259,0.207460911837074
1439814241546843,51.7608828704,-1.2615262492,110.791748,5735873.2865690235,619977.7202448624,-110.791748,30U,0.205,-0.971,0.009,0.0013545877961618246,-0.013161646522809154,0.18524037875209684
1439814241645081,51.7608830227,-1.2615277304,110.790871,5735873.301069043,619977.6176259976,-110.790871,30U,0.2,-1.072,0.007,0.001676699999832708,-0.013138200000021324,0.16129500000065253
1439814241743737,51.7608831799,-1.2615293679,110.790199,5735873.315856848,619977.5042081436,-110.790199,30U,0.192,-1.172,0.005,0.0010980900868210446,-0.013493547262472852,0.1358732771690882
1439814241842393,51.7608833167,-1.2615311469,110.790047,5735873.328143266,619977.3810796957,-110.790047,30U,0.173,-1.264,-0.005,0.0008167106268152879,-0.01416163022469627,0.10995939070453656
1439814241944733,51.7608834282,-1.2615330465,110.791336,5735873.337417768,619977.2496959178,-110.791336,30U,0.151,-1.343,-0.02,0.00031546346264253207,-0.015105091702302268,0.08429534344667082
1439814242047124,51.7608835126,-1.2615350532,110.793777,5735873.343502392,619977.1109931944,-110.793777,30U,0.125,-1.418,-0.027,-0.0005668080175536287,-0.01637626949618096,0.059305130836454556
1439814242145212,51.7608835608,-1.2615371625,110.79631,5735873.345392566,619976.965306186,-110.79631,30U,0.086,-1.491,-0.021,-0.001671764339607762,-0.017645128756284063,0.03631395698395078
1439814242243300,51.7608835787,-1.2615393806,110.79731,5735873.343734205,619976.8121914011,-110.79731,30U,0.053,-1.555,0.002,-0.0031668098163944304,-0.01826432147172481,0.015467016698806854
1439814242345667,51.7608835724,-1.2615416798,110.79631,5735873.339251238,619976.6535441966,-110.79631,30U,0.035,-1.607,0.014,-0.005355209629881052,-0.01804515010156948,-0.004969692052710181
1439814242447983,51.7608835638,-1.2615440402,110.795448,5735873.334411824,619976.4906797805,-110.795448,30U,-0.003,-1.642,-0.0,-0.00792504255564447,-0.01834113538083648,-0.026364663534337446
1439814242546610,51.7608835311,-1.2615464364,110.796158,5735873.326833447,619976.3254087566,-110.796158,30U,-0.066,-1.662,-0.012,-0.008715060212872865,-0.019304196860563807,-0.04730000941485064
1439814242645237,51.7608834601,-1.2615488545,110.797096,5735873.3149598455,619976.158727985,-110.797096,30U,-0.097,-1.677,-0.007,-0.008125599999799258,-0.020025800000469773,-0.06809290718017348
1439814242743636,51.7608833723,-1.2615512988,110.797493,5735873.301174881,619975.9902837318,-110.797493,30U,-0.124,-1.684,-0.004,-0.007418126207759399,-0.020373649899177396,-0.08916837678477645
1439814242842035,51.7608832487,-1.2615537447,110.797577,5735873.283406103,619975.8218239713,-110.797577,30U,-0.159,-1.682,0.003,-0.0075412436949451565,-0.020311963572016194,-0.10914823949593158
1439814242944542,51.7608830687,-1.2615561805,110.796677,5735873.259381906,619975.6542107103,-110.796677,30U,-0.186,-1.676,0.015,-0.008851058760518437,-0.019542756929318596,-0.12804803085408473
1439814243047112,51.7608828433,-1.2615585939,110.794792,5735873.230345795,619975.4882635897,-110.794792,30U,-0.215,-1.658,0.021,-0.010465022348864164,-0.018268669758843288,-0.14651340558309822
1439814243145321,51.760882581,-1.2615609718,110.793076,5735873.197264574,619975.3248640847,-110.793076,30U,-0.246,-1.636,0.013,-0.012292756759495387,-0.01639988123009045,-0.16441473715091132
1439814243243531,51.7608822833,-1.2615633264,110.791931,5735873.160284982,619975.1631663172,-110.791931,30U,-0.276,-1.62,0.012,-0.012858262948177256,-0.014569398498355333,-0.18162413524235121
1439814243345857,51.7608819558,-1.2615656563,110.790085,5735873.120032079,619975.0032520519,-110.790085,30U,-0.312,-1.605,0.031,-0.012851544318929669,-0.012931753647418701,-0.19783129564214946
1439814243448130,51.7608816725,-1.2615679816,110.786049,5735873.08470207,619974.8435380488,-110.786049,30U,-0.331,-1.593,0.042,-0.012929162104005522,-0.010274633845684635,-0.2130474882641721
1439814243546723,51.7608814497,-1.2615703049,110.782738,5735873.056103343,619974.6838016753,-110.782738,30U,-0.349,-1.578,0.023,-0.012643750835689221,-0.008283080292007163,-0.22805872562945867
1439814243645315,51.7608812088,-1.2615726004,110.780884,5735873.025537514,619974.5260317142,-110.780884,30U,-0.369,-1.559,0.016,-0.012824599999241208,-0.006790799999695624,-0.24268300717900423
1439814243743834,51.7608809411,-1.2615748691,110.780228,5735872.9920354495,619974.3701822208,-110.780228,30U,-0.391,-1.539,-0.005,-0.013276340942814375,-0.0053725212522802825,-0.2565326867634981
1439814243842354,51.7608806352,-1.2615771043,110.78093,5735872.954340417,619974.2167457712,-110.78093,30U,-0.413,-1.521,-0.007,-0.013171941162397142,-0.005346111689257329,-0.27001236729081607
1439814243944366,51.7608802583,-1.2615793027,110.781082,5735872.908810273,619974.0660370444,-110.781082,30U,-0.425,-1.509,0.005,-0.013108639255505872,-0.005316797779676668,-0.28375530360989015
1439814244046438,51.7608798358,-1.2615814736,110.780296,5735872.85825436,619973.9173469284,-110.780296,30U,-0.445,-1.495,0.008,-0.012958617268318536,-0.004517878512166776,-0.29717854875702
1439814244145105,51.7608793891,-1.2615836237,110.77961,5735872.805041475,619973.7701563354,-110.77961,30U,-0.46,-1.486,0.009,-0.013434682856950101,-0.0039086906226463896,-0.3100810796987834
1439814244243771,51.7608789236,-1.261585762,110.778786,5735872.749757328,619973.6238298765,-110.778786,30U,-0.475,-1.472,0.006,-0.014614079592176836,-0.003463032409825151,-0.32260264789624876
1439814244346132,51.7608784411,-1.2615878743,110.778618,5735872.692625445,619973.4793426964,-110.778618,30U,-0.5,-1.451,-0.003,-0.014539621987511103,-0.0026212868255978167,-0.33412191282656184
1439814244448421,51.7608780034,-1.2615899484,110.779617,5735872.640538455,619973.3373728684,-110.779617,30U,-0.505,-1.396,-0.017,-0.013040148177570472,-0.0022580264270679793,-0.34500572576530747
1439814244546703,51.7608776368,-1.2615919252,110.781776,5735872.596518301,619973.2019290642,-110.781776,30U,-0.485,-1.302,-0.027,-0.011060754802285213,-0.002808294749934608,-0.3551921775381948
1439814244644984,51.7608772934,-1.261593732,110.784882,5735872.555357795,619973.0781551702,-110.784882,30U,-0.451,-1.16,-0.033,-0.008663899999591699,-0.0038031999992293552,-0.3640348071787309
1439814244743323,51.7608769772,-1.2615953208,110.787491,5735872.517580721,619972.9693529817,-110.787491,30U,-0.402,-1.014,-0.017,-0.006778118501927817,-0.004372522737783806,-0.371818876661513
1439814244841661,51.7608766931,-1.2615967034,110.788284,5735872.483712576,619972.8746952115,-110.788284,30U,-0.35,-0.877,-0.003,-0.005497181558164927,-0.00401124441194702,-0.37923470307160634
1439814244943987,51.7608764065,-1.2615978947,110.788422,5735872.449881112,619972.7932453606,-110.788422,30U,-0.313,-0.765,-0.001,-0.004720657992588142,-0.0035511854665236254,-0.3855459124150002
1439814245046382,51.7608761298,-1.2615989355,110.788651,5735872.41739817,619972.7221550163,-110.788651,30U,-0.277,-0.671,-0.005,-0.004379904625308408,-0.003285489997688541,-0.39058929766179695
1439814245145099,51.7608758848,-1.2615998452,110.789406,5735872.388656129,619972.6600276267,-110.789406,30U,-0.242,-0.582,-0.009,-0.004265157368950742,-0.0032861175814356434,-0.3950804353387221
1439814245243815,51.7608756647,-1.2616006201,110.790436,5735872.362904881,619972.6071365507,-110.790436,30U,-0.21,-0.49,-0.011,-0.004025494623863825,-0.003435875793522466,-0.39899443458798256
1439814245346143,51.7608754754,-1.2616012616,110.791489,5735872.340798232,619972.5633695346,-110.791489,30U,-0.178,-0.399,-0.009,-0.00371334694471555,-0.0037071833720579966,-0.4019728405709405
1439814245448402,51.7608753504,-1.2616017825,110.792252,5735872.326040545,619972.5277544671,-110.792252,30U,-0.137,-0.315,-0.007,-0.0035063461010095666,-0.003867334318218086,-0.4043260041432977
1439814245546733,51.7608752899,-1.2616021897,110.792816,5735872.318642708,619972.4998146598,-110.792816,30U,-0.104,-0.234,-0.005,-0.0033798537893316148,-0.003929899999852307,-0.4062770907652099
1439814245645064,51.7608752546,-1.2616024837,110.793198,5735872.314233487,619972.4796197909,-110.793198,30U,-0.075,-0.159,-0.003,-0.0033894000003204207,-0.0039516999999677565,-0.40756960717967095
1439814245743406,51.7608752403,-1.2616026685,110.793442,5735872.312339236,619972.4669049615,-110.793442,30U,-0.044,-0.089,-0.002,-0.0033570948424932667,-0.003901971682730194,-0.40824929821853895
1439814245841747,51.7608752467,-1.261602757,110.793541,5735872.312905371,619972.4607807591,-110.793541,30U,-0.014,-0.027,0.0,-0.0035443478983235004,-0.003856662102826368,-0.4085831124237481
1439814245944006,51.7608752524,-1.2616027594,110.793404,5735872.3135353,619972.460600029,-110.793404,30U,0.003,0.018,0.003,-0.003725326425679645,-0.0036153312540708705,-0.40852656683823496
1439814246046334,51.7608752514,-1.2616027382,110.792984,5735872.313458967,619972.4620656562,-110.792984,30U,-0.001,0.005,0.004,-0.004294882326259528,-0.0028454796668360978,-0.4083675294732242
1439814246145098,51.7608752448,-1.261602747,110.792877,5735872.31271053,619972.4614758787,-110.792877,30U,-0.01,-0.016,-0.003,-0.004558978106587379,-0.002032420518398065,-0.4084223446328518
1439814246243862,51.7608752422,-1.261602747,110.7929,5735872.312421394,619972.4614827711,-110.7929,30U,-0.01,-0.006,-0.007,-0.004546997999050082,-0.0021195201135586566,-0.40828117999614144
1439814246346135,51.7608752413,-1.2616027465,110.792915,5735872.3123221295,619972.4615196614,-110.792915,30U,-0.005,-0.005,0.005,-0.004509244209532198,-0.0022640014692597316,-0.40823036737041685
1439814246448338,51.7608752505,-1.2616027483,110.792915,5735872.313342268,619972.4613710571,-110.792915,30U,-0.007,-0.008,-0.004,-0.004498433474339067,-0.001953684841209661,-0.4082872143149506
1439814246546673,51.7608752701,-1.2616027523,110.792915,5735872.315515333,619972.4610430665,-110.792915,30U,-0.008,-0.01,-0.005,-0.004477233052417541,-0.0022415694801861466,-0.4081405342091658
1439814246645008,51.7608752894,-1.2616027563,110.792908,5735872.317655035,619972.4607158689,-110.792908,30U,-0.005,-0.009,0.003,-0.004522499999163729,-0.00230590000036274,-0.4081279071796333
1439814246743398,51.7608753083,-1.2616027601,110.7929,5735872.319750584,619972.4604035348,-110.7929,30U,-0.006,-0.005,-0.001,-0.0045242127361372715,-0.0021471721049176056,-0.40811430115652614
1439814246841789,51.760875325,-1.2616027631,110.792892,5735872.321602796,619972.4601522397,-110.792892,30U,-0.006,-0.01,-0.001,-0.004509648211366133,-0.0022124892632110105,-0.408019362524986
1439814246944310,51.7608753328,-1.2616027642,110.7929,5735872.322468394,619972.4600556528,-110.7929,30U,-0.005,-0.009,-0.002,-0.004488907156613074,-0.0022466613683230973,-0.408015329474001
1439814247046895,51.7608753362,-1.2616027639,110.792915,5735872.32284699,619972.4600673423,-110.792915,30U,-0.005,-0.006,0.0,-0.004481083262710075,-0.002250788419250923,-0.4079425788397409
1439814247145109,51.7608753395,-1.2616027634,110.792923,5735872.3232147945,619972.4600930985,-110.792923,30U,-0.004,-0.009,-0.001,-0.0044684000004143925,-0.0021779872629450283,-0.4078976685265928
1439814247243323,51.7608753418,-1.2616027633,110.792938,5735872.323470735,619972.460093902,-110.792938,30U,-0.005,-0.009,-0.002,-0.0045136187376759816,-0.0022653267379033437,-0.407871210736632
1439814247345648,51.7608753444,-1.261602763,110.792953,5735872.323760364,619972.460107712,-110.792953,30U,-0.004,-0.007,0.0,-0.00450911673766495,-0.00225595136672304,-0.40779071989351584
1439814247447924,51.7608753489,-1.2616027634,110.792961,5735872.324260134,619972.4600681799,-110.792961,30U,-0.004,-0.007,-0.001,-0.004489564526149191,-0.0022266203162637946,-0.4077685924207636
1439814247546695,51.7608753562,-1.2616027648,110.792961,5735872.325069638,619972.459952216,-110.792961,30U,-0.005,-0.009,-0.002,-0.0044629350516404865,-0.002241427895586566,-0.40772276968264365
1439814247645465,51.7608753638,-1.2616027664,110.792953,5735872.325912174,619972.4598216553,-110.792953,30U,-0.003,-0.008,-0.001,-0.0044654999997265216,-0.002278300000616879,-0.4076514071802963
1439814247743668,51.7608753715,-1.261602768,110.792946,5735872.326765831,619972.4596908301,-110.792946,30U,-0.003,-0.007,-0.0,-0.004500976104899956,-0.002242440209242003,-0.40762331831557225
1439814247841871,51.7608753794,-1.2616027694,110.792938,5735872.327642058,619972.4595732759,-110.792938,30U,-0.004,-0.007,-0.002,-0.0044798183161360704,-0.0022412892640840797,-0.4075621087355682
1439814247944321,51.7608753854,-1.2616027698,110.792946,5735872.328308637,619972.4595297673,-110.792946,30U,-0.003,-0.008,-0.001,-0.0044534980005244175,-0.0022621314728845966,-0.4075152442104179
1439814248046839,51.7608753903,-1.2616027695,110.792961,5735872.328854045,619972.45953748,-110.792961,30U,-0.002,-0.007,-0.001,-0.004463174526521825,-0.0022558055793706205,-0.40748404778870595
1439814248145048,51.7608753952,-1.261602769,110.792969,5735872.329399778,619972.4595589939,-110.792969,30U,-0.002,-0.007,-0.001,-0.004479627895478689,-0.0022409776844153555,-0.40742404221012385
1439814248243257,51.7608753991,-1.2616027687,110.792984,5735872.329833975,619972.4595693582,-110.792984,30U,-0.002,-0.007,-0.001,-0.004507288842122031,-0.002254815159125321,-0.4073795127365451
1439814248345609,51.7608754031,-1.2616027682,110.792992,5735872.330279624,619972.4595932583,-110.792992,30U,-0.003,-0.006,-0.001,-0.004475553368489374,-0.0022774796836511364,-0.4073331310514963
1439814248447914,51.7608754071,-1.261602768,110.792999,5735872.3307247795,619972.4595964568,-110.792999,30U,-0.002,-0.006,-0.001,-0.0044552944207996055,-0.0022533776832640976,-0.4072814645251805
1439814248546723,51.7608754117,-1.2616027683,110.792999,5735872.3312358335,619972.4595635597,-110.792999,30U,-0.002,-0.007,-0.001,-0.00447536136830902,-0.0022644816843861134,-0.40724500715750434
1439814248645533,51.7608754165,-1.2616027687,110.792992,5735872.331768966,619972.4595232318,-110.792992,30U,-0.003,-0.006,-0.001,-0.004495600000366294,-0.0022684999995562106,-0.40718760717921704
1439814248743619,51.7608754208,-1.2616027693,110.792984,5735872.332246167,619972.4594704282,-110.792984,30U,-0.003,-0.005,-0.0,-0.004478640630788677,-0.0022644183149716315,-0.40714141631450607
1439814248841704,51.7608754254,-1.2616027698,110.792976,5735872.332756893,619972.4594237292,-110.792976,30U,-0.003,-0.006,-0.0,-0.004456086842167913,-0.002252327895644291,-0.407096610736821
1439814248944207,51.76087543,-1.2616027698,110.792984,5735872.333268442,619972.459411535,-110.792984,30U,-0.003,-0.007,-0.0,-0.004462498420876186,-0.0022809761052323156,-0.40704182547293816
1439814249046783,51.7608754345,-1.2616027694,110.792992,5735872.333769531,619972.4594272086,-110.792992,30U,-0.002,-0.006,0.0,-0.0044848426321057,-0.0022766350525035848,-0.40699791631555554
1439814249144992,51.7608754391,-1.2616027689,110.792999,5735872.334281901,619972.459449519,-110.792999,30U,-0.003,-0.006,-0.0,-0.004489959368495213,-0.0022690502111122435,-0.40695526810445226
1439814249243202,51.7608754429,-1.2616027685,110.793007,5735872.334705144,619972.4594670489,-110.793007,30U,-0.002,-0.006,-0.001,-0.004469586841759041,-0.0022793908418713505,-0.4069073183161197
1439814249345607,51.7608754473,-1.2616027679,110.793022,5735872.335195439,619972.4594967894,-110.793022,30U,-0.001,-0.005,0.0,-0.004462453789316554,-0.0022862055794195296,-0.40686839399884966
1439814249447957,51.7608754523,-1.2616027672,110.793022,5735872.335752621,619972.4595318406,-110.793022,30U,-0.001,-0.005,-0.0,-0.004485581684796141,-0.002278802000942983,-0.40681914220885773
1439814249546528,51.7608754581,-1.2616027666,110.793022,5735872.336398605,619972.4595578702,-110.793022,30U,-0.001,-0.005,-0.001,-0.004489181262317429,-0.002289741052742722,-0.40677839957790246
1439814249645100,51.7608754643,-1.2616027662,110.793015,5735872.337088742,619972.4595690378,-110.793015,30U,-0.001,-0.004,-0.0,-0.004489099999787456,-0.0022970999996596362,-0.40672550717944395
1439814249743615,51.7608754699,-1.2616027658,110.793007,5735872.337712157,619972.4595817964,-110.793007,30U,-0.0,-0.005,-0.001,-0.004484155368570155,-0.0022911426324172188,-0.40668249957886776
1439814249842131,51.7608754755,-1.2616027655,110.792999,5735872.338335407,619972.4595876532,-110.792999,30U,-0.001,-0.005,-0.001,-0.00450419842252211,-0.0022993075793640216,-0.40663366252448463
1439814249944405,51.7608754811,-1.2616027651,110.793007,5735872.338958819,619972.4596004117,-110.793007,30U,-0.0,-0.005,-0.001,-0.004514564946986,-0.002311611157498237,-0.4065813198942685
1439814250046739,51.7608754864,-1.2616027644,110.793015,5735872.3395493645,619972.4596346666,-110.793015,30U,0.0,-0.005,-0.001,-0.0045325055790663305,-0.002314809157447922,-0.40654272747229975
1439814250145193,51.7608754919,-1.2616027637,110.793022,5735872.3401621515,619972.4596683924,-110.793022,30U,-0.0,-0.005,-0.001,-0.0045209223157677055,-0.0023097390527653658,-0.4064918792628023
1439814250243647,51.7608754967,-1.2616027629,110.79303,5735872.340697259,619972.4597108745,-110.79303,30U,-0.0,-0.005,-0.001,-0.00452006852687757,-0.0023193649485065003,-0.4064414884203259
1439814250345980,51.7608755022,-1.2616027619,110.793037,5735872.341310537,619972.4597653034,-110.793037,30U,0.001,-0.005,-0.002,-0.004527639053078385,-0.002321394420851378,-0.4064010533669994
1439814250448254,51.7608755087,-1.2616027609,110.793045,5735872.342035024,619972.4598170803,-110.793045,30U,0.001,-0.005,-0.001,-0.0045465999994034455,-0.002314479684663706,-0.40635359957855094
1439814250546782,51.7608755161,-1.2616027598,110.793037,5735872.342859761,619972.4598733722,-110.793037,30U,0.001,-0.005,-0.002,-0.004539779263158627,-0.0023177482098778054,-0.4063017513669506
1439814250645309,51.7608755252,-1.2616027596,110.793037,5735872.343872068,619972.4598630506,-110.793037,30U,0.0,-0.004,-0.002,-0.004521000000372712,-0.002321400000668997,-0.4062464071788281
1439814250743694,51.7608755323,-1.2616027587,110.79303,5735872.344663113,619972.4599063366,-110.79303,30U,0.001,-0.004,-0.002,-0.004513562946481113,-0.002318497999833804,-0.40619713863018475
1439814250842079,51.7608755397,-1.2616027579,110.79303,5735872.345487357,619972.4599419256,-110.79303,30U,0.001,-0.004,-0.003,-0.004532024316742398,-0.0023187278946028766,-0.4061493569467298
1439814250944348,51.7608755472,-1.261602757,110.79303,5735872.346322886,619972.4599841513,-110.79303,30U,0.002,-0.004,-0.003,-0.004540460946876553,-0.002328142631684459,-0.40609937010434216
1439814251046681,51.7608755548,-1.261602756,110.793037,5735872.347169699,619972.4600330127,-110.793037,30U,0.002,-0.004,-0.003,-0.004540779684140541,-0.0023179537904650686,-0.40605667010408397
1439814251145203,51.7608755627,-1.2616027549,110.793045,5735872.348050038,619972.4600879792,-110.793045,30U,0.003,-0.005,-0.004,-0.004542996421587511,-0.0023325040000456826,-0.4060061087359584
1439814251243725,51.7608755701,-1.2616027537,110.793053,5735872.34887494,619972.4601511724,-110.793053,30U,0.004,-0.005,-0.003,-0.00454497210463017,-0.0023437741058979396,-0.4059583071574953
1439814251346054,51.7608755783,-1.2616027524,110.79306,5735872.349788971,619972.4602191462,-110.79306,30U,0.004,-0.004,-0.003,-0.0045188665256030375,-0.00233307410486453,-0.40591831073682566
1439814251448323,51.7608755873,-1.261602751,110.793068,5735872.350792131,619972.4602918988,-110.793068,30U,0.005,-0.005,-0.004,-0.004514809156945597,-0.0023456725267052723,-0.4058607848417595
1439814251546893,51.7608755971,-1.2616027497,110.793068,5735872.351884091,619972.4603556303,-110.793068,30U,0.006,-0.006,-0.002,-0.004535080105519301,-0.002347316736816394,-0.4058198015787696
1439814251645462,51.7608756072,-1.2616027486,110.793068,5735872.353009086,619972.4604047647,-110.793068,30U,0.005,-0.005,-0.002,-0.004580400000319006,-0.0023486999992603915,-0.40576590717980615
1439814251743817,51.7608756167,-1.2616027474,110.79306,5735872.35406752,619972.4604623916,-110.79306,30U,0.005,-0.006,-0.003,-0.004549616315813985,-0.0023535243162057062,-0.40571925894632865
1439814251842173,51.7608756265,-1.2616027463,110.79306,5735872.355159154,619972.4605123213,-110.79306,30U,0.005,-0.006,-0.002,-0.004533637053331118,-0.002357442630990982,-0.405675673683658
1439814251944393,51.7608756369,-1.2616027451,110.79306,5735872.356317672,619972.4605675612,-110.79306,30U,0.006,-0.007,-0.004,-0.004543085264082425,-0.0023497426310302647,-0.4056213107353489
1439814252046679,51.7608756479,-1.2616027437,110.79306,5735872.357543246,619972.4606350126,-110.79306,30U,0.006,-0.007,-0.003,-0.004552905579030257,-0.0023662131583190075,-0.4055784701051862
1439814252145179,51.7608756598,-1.261602742,110.793068,5735872.358869397,619972.4607207805,-110.793068,30U,0.006,-0.006,-0.002,-0.004570883262705278,-0.0023656832623954677,-0.40552765136731855
1439814252243679,51.7608756713,-1.2616027403,110.793076,5735872.360151067,619972.4608076088,-110.793076,30U,0.006,-0.006,-0.004,-0.0045577482114607425,-0.0023608055785176146,-0.405478721894261
1439814252346003,51.7608756834,-1.2616027384,110.793083,5735872.36149979,619972.460906649,-110.793083,30U,0.007,-0.007,-0.002,-0.004557125895117322,-0.0023611055796720812,-0.4054392736832547
1439814252448265,51.760875696,-1.2616027365,110.793091,5735872.362904116,619972.4610043627,-110.793091,30U,0.008,-0.006,-0.003,-0.004573633474000755,-0.002379079683676808,-0.4053899163148057
1439814252546720,51.7608757089,-1.2616027346,110.793091,5735872.364341805,619972.4611012811,-110.793091,30U,0.008,-0.006,-0.003,-0.004589868526702806,-0.002370199999966704,-0.405342264525735
1439814252645175,51.760875722,-1.2616027328,110.793098,5735872.365801568,619972.4611907689,-110.793098,30U,0.007,-0.006,-0.003,-0.004590800000197949,-0.0023775000001334612,-0.4052958071789178
1439814252743694,51.7608757346,-1.2616027307,110.793098,5735872.367206223,619972.461302285,-110.793098,30U,0.008,-0.007,-0.002,-0.004566657368545924,-0.0023732999996788893,-0.4052408107354314
1439814252842212,51.7608757478,-1.2616027285,110.793098,5735872.368677766,619972.4614191104,-110.793098,30U,0.008,-0.007,-0.003,-0.004584196421309322,-0.00238179642130256,-0.40519963305148937
1439814252944481,51.760875762,-1.2616027263,110.793098,5735872.370260515,619972.4615332861,-110.793098,30U,0.009,-0.008,-0.002,-0.004579892420175283,-0.002375549788425905,-0.40516152747340745
1439814253046808,51.7608757773,-1.2616027238,110.793106,5735872.371966084,619972.4616652476,-110.793106,30U,0.009,-0.007,-0.003,-0.0045665812634638914,-0.00237862589458063,-0.40510564221052753
1439814253145235,51.7608757933,-1.2616027213,110.793114,5735872.373749501,619972.461795353,-110.793114,30U,0.01,-0.007,-0.002,-0.004559170527392083,-0.0023801868420144563,-0.40506662747298494
1439814253243661,51.7608758086,-1.2616027188,110.793114,5735872.375455069,619972.4619273144,-110.793114,30U,0.01,-0.008,-0.002,-0.004581081684036933,-0.0023749741055347686,-0.4050243681037857
1439814253345969,51.7608758239,-1.2616027166,110.793121,5735872.377160147,619972.462038573,-110.793121,30U,0.01,-0.008,-0.003,-0.00460984821124028,-0.002380859367989798,-0.40497572389432235
1439814253448220,51.7608758387,-1.2616027146,110.793121,5735872.378809291,619972.4621373558,-110.793121,30U,0.01,-0.008,-0.003,-0.004598472104561231,-0.0023922111587417064,-0.40493268484116773
1439814253546809,51.7608758532,-1.2616027129,110.793121,5735872.38042458,619972.4622162314,-110.793121,30U,0.011,-0.008,-0.002,-0.004570498000471523,-0.0023927314728076523,-0.40487869399880044
1439814253645398,51.7608758673,-1.2616027116,110.793121,5735872.381994728,619972.4622685639,-110.793121,30U,0.012,-0.009,-0.002,-0.004591400000761554,-0.0023920000000821544,-0.4048324071793779
1439814253743722,51.7608758807,-1.2616027101,110.793121,5735872.383487361,619972.4623365535,-110.793121,30U,0.012,-0.009,-0.002,-0.004614579683650705,-0.0024042258953566927,-0.4047794254724215
1439814253842046,51.7608758945,-1.2616027083,110.793121,5735872.38502497,619972.4624241858,-110.793121,30U,0.012,-0.009,-0.002,-0.004615740631290572,-0.002399577683878233,-0.4047273422103495
1439814253944311,51.7608759089,-1.2616027061,110.793121,5735872.3866299605,619972.4625378306,-110.793121,30U,0.012,-0.009,-0.002,-0.004591809158298099,-0.002394594421543268,-0.4046870589465626
1439814254046643,51.7608759239,-1.2616027035,110.793129,5735872.388302334,619972.4626774879,-110.793129,30U,0.012,-0.009,-0.002,-0.004602974104572264,-0.0024004573682184817,-0.4046359513671757
1439814254145150,51.7608759395,-1.2616027005,110.793129,5735872.390042088,619972.4628431582,-110.793129,30U,0.013,-0.009,-0.002,-0.004635578106400592,-0.0024085462100832513,-0.4045986701046088
1439814254243656,51.7608759547,-1.2616026974,110.793137,5735872.3917375235,619972.46301679,-110.793137,30U,0.013,-0.009,-0.002,-0.004649040632027351,-0.002396046210849687,-0.4045521254721304
1439814254346004,51.7608759705,-1.2616026943,110.793144,5735872.393499684,619972.4631888308,-110.793144,30U,0.013,-0.009,-0.003,-0.004623664525578394,-0.002411222316444017,-0.4045017015783541
1439814254448291,51.7608759873,-1.2616026914,110.793152,5735872.395372721,619972.4633444191,-110.793152,30U,0.014,-0.009,-0.003,-0.004614696421743053,-0.00241377210460017,-0.4044587792615465
1439814254546809,51.7608760042,-1.261602689,110.793159,5735872.397256058,619972.4634652392,-110.793159,30U,0.014,-0.01,-0.004,-0.004647781684149986,-0.0024174832627658674,-0.4044113310511704
1439814254645327,51.7608760209,-1.2616026872,110.793167,5735872.399116164,619972.4635451833,-110.793167,30U,0.014,-0.01,-0.004,-0.004664900000862581,-0.002411299999303694,-0.4043596071803166
1439814254743662,51.7608760423,-1.2616026966,110.793358,5735872.401480518,619972.4628397743,-110.793358,30U,0.013,-0.01,-0.004,-0.0046468127366904735,-0.002420731474092803,-0.40431439957825566
1439814254841997,51.7608760727,-1.261602724,110.793861,5735872.404816118,619972.4608683583,-110.793861,30U,0.014,-0.01,-0.004,-0.004632248210174004,-0.002419186841996825,-0.4042576681047052
1439814254940477,51.7608761068,-1.2616027577,110.794472,5735872.408552819,619972.4584523803,-110.794472,30U,0.016,-0.011,-0.005,-0.004651650211673019,-0.0024206203158180727,-0.40421636810459854
1439814255038962,51.7608761389,-1.2616027832,110.794952,5735872.412080595,619972.4566075738,-110.794952,30U,0.015,-0.011,-0.005,-0.004671051789057024,-0.002422318315231412,-0.4041681681041191
1439814255145179,51.7608761636,-1.2616027895,110.795135,5735872.414817029,619972.4561073424,-110.795135,30U,0.016,-0.01,-0.005,-0.004656423894871404,-0.002421872104354847,-0.4041278497888849
1439814255251392,51.7608761859,-1.2616027873,110.795197,5735872.417300548,619972.4562000452,-110.795197,30U,0.017,-0.01,-0.005,-0.0046497370533054826,-0.00241797768487236,-0.4040906959999305
1439814255349813,51.7608762108,-1.2616027848,110.795273,5735872.420073699,619972.4563065573,-110.795273,30U,0.018,-0.01,-0.006,-0.00466170400106022,-0.0024250370530044868,-0.40404520873503696
1439814255448239,51.7608762319,-1.2616027822,110.795441,5735872.422424432,619972.4564300443,-110.795441,30U,0.019,-0.01,-0.006,-0.004677627894717895,-0.0024309553685048905,-0.40400440715733144
1439814255546875,51.760876245,-1.2616027793,110.795547,5735872.423886006,619972.4565954413,-110.795547,30U,0.019,-0.009,-0.005,-0.004676366526068857,-0.0024290944216619273,-0.40396172747270576
1439814255645510,51.7608762569,-1.2616027768,110.795654,5735872.425213475,619972.4567364156,-110.795654,30U,0.019,-0.01,-0.006,-0.004660600000023187,-0.00243049999988574,-0.40390830718021636
1439814255743894,51.760876279,-1.2616027994,110.796196,5735872.427633959,619972.4551182418,-110.796196,30U,0.02,-0.01,-0.006,-0.0046700741044792765,-0.0024311685255664368,-0.40386417010552267
1439814255842279,51.7608763012,-1.2616028219,110.7967,5735872.430065726,619972.4535067035,-110.7967,30U,0.02,-0.01,-0.005,-0.00468940200104358,-0.0024293055785761506,-0.4038211254725504
1439814255940628,51.7608763332,-1.2616028435,110.797256,5735872.433588797,619972.4519312938,-110.797256,30U,0.02,-0.01,-0.007,-0.004687720315222759,-0.002430516737593267,-0.4037748959994111
1439814256038975,51.7608763742,-1.2616028637,110.797913,5735872.43811503,619972.4504286374,-110.797913,30U,0.021,-0.011,-0.007,-0.004684823894205186,-0.0024362888416262435,-0.4037305828401945
1439814256145116,51.7608764194,-1.2616028835,110.798569,5735872.443108985,619972.4489424505,-110.798569,30U,0.022,-0.011,-0.007,-0.004687833473644813,-0.0024393426320011534,-0.40368807368296344
1439814256251270,51.7608764667,-1.2616029049,110.799271,5735872.448333844,619972.4473402832,-110.799271,30U,0.022,-0.012,-0.008,-0.004703537052645681,-0.0024357091584404616,-0.4036457386310518
1439814256349852,51.7608765151,-1.261602927,110.800003,5735872.453679877,619972.4456868931,-110.800003,30U,0.022,-0.012,-0.008,-0.004710088842379412,-0.0024382761049284913,-0.4035952051567784
1439814256448433,51.7608765434,-1.2616029496,110.800766,5735872.456789839,619972.444052284,-110.800766,30U,0.023,-0.012,-0.008,-0.004706140631849379,-0.0024454553684535836,-0.40354685336850454
1439814256546998,51.7608765461,-1.2616029727,110.801552,5735872.457052098,619972.4424510344,-110.801552,30U,0.023,-0.012,-0.008,-0.0047025000006934254,-0.0024340999997767084,-0.4034996792620875
1439814256645563,51.760876546,-1.2616029965,110.802353,5735872.457001825,619972.4408089009,-110.802353,30U,0.024,-0.013,-0.008,-0.004712599999417902,-0.0024411999991738207,-0.403451007179716
1439814256743910,51.7608765361,-1.2616030081,110.802788,5735872.4558818005,619972.4400346488,-110.802788,30U,0.024,-0.013,-0.009,-0.0047240944202216134,-0.00244054063123571,-0.4034034198945238
1439814256842257,51.7608765457,-1.2616030412,110.803871,5735872.45689493,619972.4377250251,-110.803871,30U,0.024,-0.013,-0.009,-0.004736685263842744,-0.0024388258941148446,-0.403353121894837
1439814256940423,51.7608765879,-1.2616030818,110.805199,5735872.461521052,619972.4348114169,-110.805199,30U,0.024,-0.014,-0.009,-0.004726911158232187,-0.0024364741048356845,-0.40331081631455523
1439814257038584,51.7608766448,-1.2616031121,110.806252,5735872.467798849,619972.4325696268,-110.806252,30U,0.025,-0.013,-0.01,-0.00473934263234866,-0.0024387035779502068,-0.4032672681034792
1439814257145013,51.7608766981,-1.2616031195,110.806625,5735872.473713976,619972.4319176701,-110.806625,30U,0.025,-0.014,-0.01,-0.0047387223161525615,-0.002431209156831423,-0.4032226904204158
1439814257251441,51.7608767608,-1.2616031177,110.806679,5735872.480689578,619972.4318756711,-110.806679,30U,0.026,-0.014,-0.009,-0.004745348210821005,-0.0024303426322737345,-0.4031709366311281
1439814257349576,51.7608768404,-1.2616031159,110.80677,5735872.489544563,619972.4317888712,-110.80677,30U,0.027,-0.014,-0.01,-0.004752274104898585,-0.0024261091581494385,-0.40312563305166627
1439814257447739,51.7608769011,-1.2616031143,110.806862,5735872.496297421,619972.4317383724,-110.806862,30U,0.027,-0.014,-0.009,-0.004767464948053119,-0.0024300888422018724,-0.4030763549455999
1439814257546750,51.7608769123,-1.2616031131,110.806969,5735872.497544908,619972.4317914925,-110.806969,30U,0.027,-0.014,-0.01,-0.004760592420908078,-0.0024237055797153837,-0.4030205681035817
1439814257645760,51.7608769081,-1.2616031152,110.807083,5735872.497074387,619972.4316577092,-110.807083,30U,0.027,-0.018,-0.008,-0.004738300000578786,-0.002375300000394018,-0.40299040717873386
1439814257743902,51.7608769133,-1.2616031504,110.807999,5735872.497594755,619972.4292148309,-110.807999,30U,0.028,-0.019,-0.01,-0.004696983611830476,-0.002363698364014357,-0.4029510685255353
1439814257842044,51.7608769083,-1.2616031878,110.808769,5735872.496977198,619972.4266471745,-110.808769,30U,0.028,-0.02,-0.007,-0.004755190841548653,-0.0022646038905950083,-0.40299599126368246
1439814257940605,51.760876935,-1.2616032239,110.809418,5735872.499887026,619972.4240851941,-110.809418,30U,0.027,-0.019,-0.008,-0.004722684841703154,-0.002076158525303579,-0.40300238484106476
1439814258039180,51.7608769905,-1.2616032551,110.810265,5735872.506007653,619972.4217850075,-110.810265,30U,0.028,-0.017,-0.009,-0.004686333474853796,-0.0020186118922353065,-0.40294069757840717
1439814258145178,51.7608770597,-1.2616032825,110.811142,5735872.513658061,619972.4197107342,-110.811142,30U,0.031,-0.017,-0.01,-0.004703216315234371,-0.001891683996990605,-0.40291123705244264
1439814258251168,51.760877146,-1.2616033157,110.812195,5735872.523200557,619972.4171908824,-110.812195,30U,0.029,-0.023,-0.011,-0.004693017389502562,-0.0017906921220362066,-0.4029408632852023
1439814258349622,51.7608772387,-1.2616033617,110.813164,5735872.533433716,619972.4137707574,-110.813164,30U,0.023,-0.037,-0.009,-0.004836850632893872,-0.0016583947335650497,-0.4030002988444868
1439814258448088,51.7608772858,-1.2616034326,110.814186,5735872.538554903,619972.4087532087,-110.814186,30U,0.015,-0.056,-0.012,-0.004807447788315846,-0.0015243422088368319,-0.4031727148458738
1439814258546899,51.7608772614,-1.2616035352,110.815453,5735872.535672689,619972.4017376375,-110.815453,30U,0.007,-0.079,-0.015,-0.004800645788180549,-0.001478540631088844,-0.40350257706016984
1439814258645711,51.7608772161,-1.2616036706,110.816956,5735872.530412304,619972.3925139984,-110.816956,30U,-0.003,-0.102,-0.015,-0.004789100000591622,-0.0015230000000274995,-0.4039445071798956
1439814258743872,51.7608771606,-1.2616038413,110.818489,5735872.523959546,619972.3808814057,-110.818489,30U,-0.011,-0.125,-0.015,-0.004833424598696096,-0.001586905907777022,-0.4045150394194044
1439814258842033,51.7608770958,-1.2616040449,110.820038,5735872.516418448,619972.3670030925,-110.820038,30U,-0.02,-0.147,-0.016,-0.0048893422095084,-0.001657902421561623,-0.4053162529623586
1439814258940531,51.7608770647,-1.261604279,110.82164,5735872.512574831,619972.3509306887,-110.82164,30U,-0.032,-0.171,-0.016,-0.004882937474236123,-0.0016941984213311198,-0.40624320043826956
1439814259039040,51.7608770562,-1.261604546,110.823265,5735872.511190357,619972.3325279999,-110.823265,30U,-0.041,-0.197,-0.016,-0.004879423894323068,-0.0017858135812016905,-0.4073162295989246
1439814259145076,51.7608770496,-1.2616048504,110.824936,5735872.50995565,619972.3115393632,-110.824936,30U,-0.051,-0.225,-0.017,-0.004983755477745109,-0.0018683984214850765,-0.40861177949860006
1439814259251108,51.7608770469,-1.2616052027,110.826515,5735872.509075853,619972.2872348899,-110.826515,30U,-0.066,-0.26,-0.015,-0.005249805375827383,-0.0018593122182005725,-0.41011916060649267
1439814259349565,51.7608770352,-1.2616056092,110.827965,5735872.507106039,619972.2592140236,-110.827965,30U,-0.083,-0.302,-0.015,-0.005567563478688049,-0.0017519656814701371,-0.41184987929542083
1439814259448033,51.7608769648,-1.2616060793,110.829506,5735872.498503789,619972.2269598378,-110.829506,30U,-0.102,-0.349,-0.016,-0.00584722642657309,-0.0016491011554948113,-0.4138663391966884
1439814259546842,51.7608768142,-1.2616066182,110.831207,5735872.48086961,619972.1901704848,-110.831207,30U,-0.124,-0.396,-0.018,-0.006172663901348043,-0.0015688031572984604,-0.4161274591989116
1439814259645651,51.7608766331,-1.2616072271,110.833138,5735872.459728486,619972.1486314016,-110.833138,30U,-0.146,-0.446,-0.02,-0.00653319999974048,-0.0015395000006913206,-0.41859350718012006
1439814259743998,51.7608764347,-1.2616079104,110.835205,5735872.436541103,619972.1020039611,-110.835205,30U,-0.167,-0.494,-0.021,-0.006739185533060699,-0.0015293554245124192,-0.42133913782930393
1439814259842344,51.7608762182,-1.2616086604,110.837357,5735872.411231163,619972.0508216459,-110.837357,30U,-0.19,-0.538,-0.022,-0.00674242547327231,-0.0015002772617898129,-0.42432678858045414
1439814259940599,51.7608760247,-1.2616094687,110.839645,5735872.388383065,619971.9955551743,-110.839645,30U,-0.21,-0.579,-0.024,-0.006657810736529038,-0.001435621893951521,-0.4273997133176034
1439814260038851,51.7608758439,-1.2616103297,110.842255,5735872.3668605955,619971.9366182967,-110.842255,30U,-0.227,-0.618,-0.027,-0.0065851198937585155,-0.0014478298961105684,-0.4305550228977571
1439814260145001,51.7608756536,-1.2616112407,110.845001,5735872.344199416,619971.8742561862,-110.845001,30U,-0.248,-0.654,-0.027,-0.006687738317837335,-0.0014823553675643306,-0.4336763977375769
1439814260251161,51.7608754576,-1.2616122068,110.847527,5735872.320813723,619971.8081068272,-110.847527,30U,-0.268,-0.69,-0.023,-0.006767218357007762,-0.001423838017272684,-0.43658448227567026
1439814260349590,51.7608752474,-1.2616132227,110.849831,5735872.2957669785,619971.7385584959,-110.849831,30U,-0.286,-0.725,-0.024,-0.006662372838698193,-0.0013079828416138145,-0.4393530474169086
1439814260448024,51.7608749885,-1.2616142895,110.852303,5735872.265220752,619971.6656267402,-110.852303,30U,-0.301,-0.761,-0.024,-0.0064656106269645,-0.0013020350527383321,-0.4421369884707794
1439814260546631,51.7608746635,-1.2616154125,110.854523,5735872.227231336,619971.5889919417,-110.854523,30U,-0.326,-0.799,-0.02,-0.006373022737505929,-0.0011603918886349976,-0.44471675477741035
1439814260645238,51.7608743045,-1.2616165974,110.85627,5735872.18535908,619971.5081756576,-110.85627,30U,-0.355,-0.846,-0.014,-0.006319200000016234,-0.0007118000007433009,-0.4466078071798872
1439814260743799,51.7608739257,-1.2616178647,110.857613,5735872.141149391,619971.4217255749,-110.857613,30U,-0.377,-0.905,-0.014,-0.0065816918559227595,3.3849266324357676e-05,-0.44820666345130034
1439814260842359,51.7608735259,-1.2616192179,110.859169,5735872.094463064,619971.3294033442,-110.859169,30U,-0.406,-0.966,-0.018,-0.0073969259115015795,0.000661501376228698,-0.4495767769669403
1439814260940799,51.7608731305,-1.2616206557,110.861244,5735872.048126877,619971.2312313432,-110.861244,30U,-0.441,-1.029,-0.023,-0.008293972855216946,0.0007990497884673437,-0.450416520644553
1439814261039236,51.7608727275,-1.2616221763,110.8638,5735872.000809319,619971.1273655983,-110.8638,30U,-0.473,-1.092,-0.027,-0.008746217581097386,0.0007286346298939482,-0.4513768092847911
1439814261145101,51.7608723012,-1.261623774,110.866783,5735871.950773827,619971.018241076,-110.866783,30U,-0.506,-1.149,-0.032,-0.008634432410279742,0.0008195554768441244,-0.45257270643956066
1439814261250970,51.7608718553,-1.2616254558,110.870239,5735871.898420345,619970.9033649078,-110.870239,30U,-0.542,-1.209,-0.037,-0.0076425359480451404,0.0008668445585710141,-0.45342206401901186
1439814261349441,51.7608713829,-1.2616272286,110.8741,5735871.842970205,619970.7822792289,-110.8741,30U,-0.568,-1.278,-0.037,-0.006903617361723557,7.685419480146124e-05,-0.4543937539161235
1439814261447914,51.7608708633,-1.2616290982,110.877724,5735871.782111889,619970.6546386636,-110.877724,30U,-0.598,-1.339,-0.037,-0.006816260524229844,-0.0004262733713994301,-0.4555039050640885
1439814261546470,51.7608702724,-1.2616310543,110.882011,5735871.7131822705,619970.5212178839,-110.882011,30U,-0.641,-1.391,-0.046,-0.006525569151470055,-0.0007368774813572425,-0.45546235514854094
1439814261645025,51.7608696429,-1.2616331005,110.886093,5735871.639811877,619970.3816817735,-110.886093,30U,-0.665,-1.455,-0.033,-0.006139600000025827,-0.0008474000007088488,-0.455006407179563
1439814261743381,51.7608690003,-1.2616352515,110.889275,5735871.564812289,619970.2349483129,-110.889275,30U,-0.686,-1.517,-0.033,-0.005205358245137441,-0.0008203675576011264,-0.45498710327080394
1439814261841737,51.7608683303,-1.2616374838,110.892464,5735871.486631914,619970.082677104,-110.892464,30U,-0.723,-1.572,-0.028,-0.005026621800899665,-0.000905118627248259,-0.45446546450868225
1439814261940308,51.7608676568,-1.2616397949,110.894554,5735871.407932696,619969.9249773126,-110.894554,30U,-0.745,-1.638,-0.014,-0.00608886780954509,-0.0003623016717184248,-0.453246119766474
1439814262038887,51.7608669836,-1.2616421823,110.895325,5735871.329141334,619969.7620113853,-110.895325,30U,-0.763,-1.698,-0.004,-0.007324035397828641,0.0007120651843245195,-0.4521390242990755
1439814262145240,51.7608662938,-1.2616446239,110.896935,5735871.24841479,619969.5953492055,-110.896935,30U,-0.789,-1.744,-0.033,-0.009484523303778778,0.0019219026416222688,-0.45105050176512934
1439814262251573,51.7608655903,-1.2616471165,110.901863,5735871.1660808325,619969.4252039111,-110.901863,30U,-0.816,-1.789,-0.059,-0.010876650210469832,0.001496982403047959,-0.4490684332207251
1439814262349836,51.7608648653,-1.2616496675,110.907555,5735871.081259877,619969.2510855189,-110.907555,30U,-0.841,-1.837,-0.049,-0.010410437052589663,0.0003241865117789153,-0.4467528958560627
1439814262448105,51.7608641099,-1.2616522868,110.911682,5735870.992945903,619969.072334437,-110.911682,30U,-0.849,-1.882,-0.039,-0.011200835491791626,0.00020041800281952823,-0.44459129459062013
1439814262546555,51.7608633322,-1.2616549767,110.916481,5735870.9020358985,619968.8887704749,-110.916481,30U,-0.845,-1.902,-0.055,-0.012356574763737131,0.0002019565245177952,-0.4419235975281322
1439814262645004,51.7608625486,-1.2616577036,110.921509,5735870.810408919,619968.7026688375,-110.921509,30U,-0.847,-1.898,-0.045,-0.012962700000100667,0.0005221000002830875,-0.43885260717953567
1439814262743712,51.7608617708,-1.261660432,110.92601,5735870.719424476,619968.5164483062,-110.92601,30U,-0.834,-1.88,-0.046,-0.014004304439505726,0.0014157868588117945,-0.43613239805899445
1439814262842421,51.7608610056,-1.2616631399,110.929779,5735870.629874962,619968.3316090385,-110.929779,30U,-0.819,-1.861,-0.031,-0.013595305764574541,0.0024889204425159995,-0.43335363458020026
1439814262940785,51.7608602671,-1.2616658031,110.932861,5735870.543368194,619968.1497836595,-110.932861,30U,-0.804,-1.833,-0.028,-0.012814945897234033,0.003913503612404859,-0.4305758690073685
1439814263039138,51.76085956,-1.2616684047,110.93602,5735870.460454644,619967.9721259532,-110.93602,30U,-0.776,-1.806,-0.039,-0.013145808422556188,0.00591964971211461,-0.4280664087954314
1439814263145065,51.7608588768,-1.2616709398,110.939972,5735870.380308321,619967.7989939409,-110.939972,30U,-0.76,-1.776,-0.037,-0.013260035584759395,0.007177257384308818,-0.4250857587868037
1439814263251002,51.7608582134,-1.2616734069,110.943581,5735870.302475747,619967.630502004,-110.943581,30U,-0.743,-1.751,-0.034,-0.013049233347620058,0.007714548007834954,-0.4221992160622695
1439814263349520,51.7608575724,-1.2616758301,110.9459,5735870.227206415,619967.4649801513,-110.9459,30U,-0.723,-1.727,-0.016,-0.012422395763679003,0.009245291407180351,-0.4203306270176689
1439814263448038,51.7608569341,-1.261678222,110.948669,5735870.152288831,619967.3016110974,-110.948669,30U,-0.718,-1.696,-0.041,-0.009510887214224488,0.010280828207695523,-0.41793578047807917
1439814263546589,51.7608562873,-1.2616806094,110.953537,5735870.076433403,619967.1385751085,-110.953537,30U,-0.699,-1.679,-0.05,-0.007788614812337213,0.009158638817021133,-0.415413473962169
1439814263645140,51.7608556583,-1.2616830237,110.957291,5735870.002513204,619966.9736356055,-110.957291,30U,-0.679,-1.672,-0.026,-0.0059378000001260095,0.008360700000435855,-0.41343260717992925
1439814263743508,51.7608550378,-1.2616854304,110.959457,5735869.929550764,619966.8091980297,-110.959457,30U,-0.669,-1.646,-0.021,-0.004606705705779491,0.008307940116100747,-0.4113733231261525
1439814263841875,51.7608544355,-1.261687816,110.962234,5735869.858646997,619966.6461682813,-110.962234,30U,-0.636,-1.632,-0.039,-0.007123626772663184,0.009315938959834307,-0.40955390154421556
1439814263940482,51.7608538656,-1.2616901878,110.967354,5735869.791369019,619966.4840049559,-110.967354,30U,-0.625,-1.608,-0.062,-0.009032809723477623,0.009077547772628604,-0.4075075520679295
1439814264039096,51.7608533005,-1.2616925132,110.973999,5735869.724701164,619966.325030892,-110.973999,30U,-0.635,-1.572,-0.072,-0.009761806608675126,0.007676914391217387,-0.405392518593739
1439814264145096,51.7608527331,-1.2616947883,110.981606,5735869.657860279,619966.16953404,-110.981606,30U,-0.629,-1.547,-0.077,-0.006495362331444073,0.005587945644877678,-0.4034796973417833
1439814264251101,51.760852189,-1.2616970232,110.988838,5735869.593676634,619966.0167495577,-110.988838,30U,-0.607,-1.533,-0.066,-0.0015404825721909744,0.0035846793384337154,-0.40257077546407133
1439814264349803,51.7608516601,-1.2616992359,110.994644,5735869.531219847,619965.8654567648,-110.994644,30U,-0.594,-1.516,-0.055,0.00048717002783122424,0.0020565085003005517,-0.4016069674459363
1439814264448493,51.7608511411,-1.261701416,111.000725,5735869.469917633,619965.7163873985,-111.000725,30U,-0.577,-1.494,-0.068,0.0019105060168525352,0.0005548487091050273,-0.39961906407036585
1439814264546807,51.7608506334,-1.2617035786,111.007042,5735869.409900839,619965.5684957203,-111.007042,30U,-0.546,-1.477,-0.058,0.0018730093440040673,-0.0006759684330877593,-0.3984851309420948
1439814264645121,51.760850146,-1.2617057064,111.012703,5735869.352198786,619965.4229517187,-111.012703,30U,-0.526,-1.435,-0.057,0.0002066999995574872,-0.0009050999993491526,-0.3982668071788734
1439814264743790,51.7608496642,-1.2617077489,111.018295,5735869.2952598035,619965.2832792838,-111.018295,30U,-0.53,-1.38,-0.053,-0.0005437094872387069,-0.0011101380056357697,-0.3970052709153953
1439814264842458,51.7608491782,-1.2617097273,111.02256,5735869.237959197,619965.1480414144,-111.02256,30U,-0.516,-1.342,-0.041,-0.0010365360067479264,-0.0015577711684613825,-0.3951289308164626
1439814264940809,51.7608487238,-1.2617116555,111.02787,5735869.184255292,619965.0161839988,-111.02787,30U,-0.484,-1.312,-0.06,-0.0007538968274292748,-0.0029295384446541097,-0.39435361451781875
1439814265039150,51.7608482832,-1.2617135392,111.032516,5735869.132159234,619964.8873608706,-111.032516,30U,-0.492,-1.287,-0.033,0.0007184999235519669,-0.0037789526338595763,-0.3933356252366591
1439814265145340,51.7608478397,-1.2617153856,111.034729,5735869.079802036,619964.7611194404,-111.034729,30U,-0.488,-1.274,-0.013,0.0019812945467314927,-0.0033353314576401935,-0.39167674239558886
1439814265251523,51.7608474172,-1.2617172086,111.03553,5735869.02981867,619964.6364371364,-111.03553,30U,-0.47,-1.274,-0.008,0.003617612034629413,-0.002468509782081002,-0.39069112283024005
1439814265349734,51.7608470025,-1.2617190296,111.036819,5735868.980706003,619964.5118721712,-111.036819,30U,-0.476,-1.268,-0.016,0.005439882342971418,-0.002508425270087895,-0.3899803111413843
1439814265447954,51.7608465781,-1.2617208976,111.037636,5735868.930437328,619964.3840895229,-111.037636,30U,-0.486,-1.265,-0.006,0.006943095079266147,-0.002650557056568618,-0.3885210235479428
1439814265546456,51.7608461605,-1.2617228192,111.040413,5735868.880836693,619964.2525899988,-111.040413,30U,-0.45,-1.264,-0.052,0.0075548733707543805,-0.003553703924274375,-0.3874987541016109
1439814265644958,51.7608457661,-1.2617247482,111.04612,5735868.833803875,619964.1205183113,-111.04612,30U,-0.442,-1.266,-0.051,0.00735110000037316,-0.00534370000027824,-0.3875630071797832
1439814265743415,51.7608453618,-1.2617266541,111.049896,5735868.785708117,619963.9900669588,-111.049896,30U,-0.46,-1.259,-0.025,0.005897399029589052,-0.006604915175533869,-0.3869812139851835
1439814265841872,51.7608449464,-1.2617285452,111.051476,5735868.736402315,619963.8606663505,-111.051476,30U,-0.462,-1.263,-0.009,0.005979530866174424,-0.007455872012395954,-0.3865132533670043
1439814265940583,51.7608445261,-1.2617303965,111.051979,5735868.686617073,619963.7340252622,-111.051979,30U,-0.472,-1.265,-0.005,0.007705243821653522,-0.008036209487207827,-0.3868184002198542
1439814266039301,51.7608440977,-1.2617322273,111.052559,5735868.635964782,619963.6088203131,-111.052559,30U,-0.482,-1.272,-0.007,0.010377937744336516,-0.008837221910636343,-0.3872449694804123
1439814266145390,51.760843665,-1.2617340641,111.053818,5735868.584824439,619963.48321271,-111.053818,30U,-0.488,-1.282,-0.018,0.013014750336536337,-0.01012011465988704,-0.3877720541183498
1439814266251463,51.7608432415,-1.2617359188,111.055428,5735868.534677752,619963.3563454673,-111.055428,30U,-0.482,-1.305,-0.013,0.013362493061555914,-0.011858894766321453,-0.3888305084393379
1439814266349938,51.7608428236,-1.261737795,111.056633,5735868.485118462,619963.227979699,-111.056633,30U,-0.484,-1.306,-0.017,0.014482664745149913,-0.013176048649929384,-0.38986861601908407
1439814266448415,51.7608423985,-1.2617397148,111.058838,5735868.43468677,619963.0966242478,-111.058838,30U,-0.491,-1.323,-0.027,0.013440180385785157,-0.01460960540922342,-0.3914120754039033
1439814266546968,51.7608419736,-1.2617417008,111.062561,5735868.384168431,619962.9606999088,-111.062561,30U,-0.488,-1.332,-0.051,0.011427248177162945,-0.01797816312394884,-0.3934489548702758
1439814266645521,51.7608415379,-1.2617436841,111.068146,5735868.332453507,619962.8249905187,-111.068146,30U,-0.501,-1.328,-0.058,0.01010190000064217,-0.02165360000061995,-0.3945013071798596
1439814266743880,51.7608410968,-1.2617456591,111.07357,5735868.280151728,619962.689868209,-111.07357,30U,-0.499,-1.334,-0.051,0.009163433676299333,-0.024476252574237058,-0.39616235119756554
1439814266842238,51.7608406547,-1.2617476342,111.077843,5735868.227738578,619962.5547416464,-111.077843,30U,-0.506,-1.339,-0.033,0.009119830738679304,-0.027058512989530263,-0.3986223635125707
1439814266940692,51.7608401965,-1.2617495838,111.079918,5735868.173576956,619962.4214174713,-111.079918,30U,-0.525,-1.34,-0.012,0.00939506705685173,-0.028863080233028398,-0.40010050643897355
1439814267039150,51.7608397358,-1.2617515272,111.08139,5735868.11914752,619962.2885277728,-111.08139,30U,-0.515,-1.352,-0.022,0.008922696825920142,-0.030298199611781686,-0.40158415909057216
1439814267145349,51.7608392868,-1.2617534878,111.084152,5735868.065990908,619962.154420113,-111.084152,30U,-0.514,-1.362,-0.031,0.008297811157127993,-0.03263609078349382,-0.40400668235981774
1439814267251544,51.7608388278,-1.2617554448,111.086678,5735868.011728161,619962.0205873882,-111.086678,30U,-0.544,-1.356,-0.019,0.008453205266007638,-0.03514187993620477,-0.4060969768739652
1439814267349945,51.7608383585,-1.2617573788,111.088097,5735867.956357822,619961.8883691556,-111.088097,30U,-0.533,-1.32,-0.013,0.009046214019684548,-0.0376083488855928,-0.4079761447745505
1439814267448348,51.7608379214,-1.2617592435,111.089401,5735867.904682321,619961.7608478481,-111.089401,30U,-0.484,-1.232,-0.014,0.010286547290371154,-0.04014955688620574,-0.41045724257281924
1439814267546840,51.7608375198,-1.2617609786,111.090775,5735867.857167825,619961.6421759257,-111.090775,30U,-0.443,-1.122,-0.011,0.01140532811410292,-0.04258573361660748,-0.41282844635352667
1439814267645331,51.7608371528,-1.2617625628,111.091118,5735867.813749283,619961.5338256513,-111.091118,30U,-0.396,-1.031,0.004,0.011452299999691553,-0.04413309999949711,-0.4148939071798861
1439814267743746,51.760836818,-1.2617640296,111.090073,5735867.774104697,619961.4334916068,-111.090073,30U,-0.368,-0.984,0.011,0.010680023455484718,-0.0445667603216213,-0.4168549832967464
1439814267842161,51.7608364959,-1.261765444,111.089012,5735867.735958624,619961.3367399372,-111.089012,30U,-0.363,-0.961,0.009,0.00953405966446922,-0.04522863980423382,-0.41865140992493294
1439814267940616,51.7608361757,-1.2617668211,111.088165,5735867.698085199,619961.2425572416,-111.088165,30U,-0.36,-0.944,0.006,0.008765973573765946,-0.046213631600830536,-0.42045303508610954
1439814268039072,51.760835864,-1.261768159,111.087746,5735867.661221508,619961.1510571426,-111.087746,30U,-0.352,-0.908,0.001,0.008686538209788382,-0.047684989188011125,-0.42233506813839367
1439814268145282,51.7608355693,-1.2617694355,111.087189,5735867.6263493225,619961.0637490965,-111.087189,30U,-0.329,-0.858,0.009,0.00853330031208258,-0.04906762433275004,-0.424125374451908
1439814268251488,51.7608353016,-1.2617706244,111.085747,5735867.594623799,619960.9824146142,-111.085747,30U,-0.302,-0.801,0.016,0.008103230299781347,-0.04976620221998974,-0.42567608507763066
1439814268349881,51.7608350601,-1.2617717359,111.083664,5735867.565939198,619960.9063519333,-111.083664,30U,-0.273,-0.75,0.021,0.006986971979473535,-0.050232029270896796,-0.42712432497427183
1439814268448277,51.7608348432,-1.2617727782,111.081902,5735867.540104098,619960.8349994245,-111.081902,30U,-0.25,-0.696,0.009,0.006010620096744947,-0.05092039643746959,-0.4287286548704906
1439814268546786,51.7608346319,-1.2617737408,111.0812,5735867.515022849,619960.7691320399,-111.0812,30U,-0.252,-0.636,0.002,0.006719349602567067,-0.05208390465860791,-0.42987842022249106
1439814268645295,51.7608344206,-1.2617746313,111.081223,5735867.490060196,619960.7082401603,-111.081223,30U,-0.223,-0.598,0.0,0.006945300000834081,-0.05362799999951866,-0.43072080718031197
1439814268743723,51.7608342472,-1.2617754573,111.080971,5735867.46941836,619960.6516988591,-111.080971,30U,-0.183,-0.553,0.002,0.008203356212174075,-0.05443170664233492,-0.43266703508483917
1439814268842150,51.7608340913,-1.2617762053,111.080444,5735867.450850932,619960.6004938254,-111.080444,30U,-0.171,-0.498,0.012,0.007303952726647996,-0.05480318084132264,-0.43370738506011774
1439814268940647,51.7608339542,-1.2617768891,111.078453,5735867.434479787,619960.5536692967,-111.078453,30U,-0.145,-0.462,0.022,0.007058970619426729,-0.05434966588401124,-0.43421992348876925
1439814269039147,51.760833846,-1.2617775259,111.076363,5735867.421399813,619960.5100115587,-111.076363,30U,-0.121,-0.427,0.017,0.005856286090380989,-0.05390502767651144,-0.4355857492906878
1439814269145232,51.7608337546,-1.2617780994,111.07489,5735867.410292226,619960.4706775189,-111.07489,30U,-0.117,-0.372,0.009,0.005848175058400109,-0.05350565125830991,-0.4365798634782257
1439814269251317,51.7608336738,-1.2617785851,111.074394,5735867.400507847,619960.4373743194,-111.074394,30U,-0.099,-0.322,-0.002,0.005978437787407852,-0.05345835063297534,-0.4365631207371695
1439814269349835,51.7608336221,-1.26177901,111.074394,5735867.394059578,619960.408189695,-111.074394,30U,-0.06,-0.286,-0.001,0.005752193264509963,-0.05336071062619749,-0.43710676696494943
1439814269448350,51.760833595,-1.2617793825,111.07444,5735867.390433177,619960.3825559033,-111.07444,30U,-0.048,-0.243,-0.004,0.005955213891838089,-0.05318920042276695,-0.43801900064156896
1439814269546801,51.7608335657,-1.2617796955,111.074799,5735867.38665999,619960.3610339429,-111.074799,30U,-0.041,-0.202,-0.004,0.005889985794205755,-0.05337300484413092,-0.43810782662915915
1439814269645252,51.7608335458,-1.2617799628,111.075096,5735867.384007316,619960.3426407486,-111.075096,30U,-0.019,-0.172,-0.004,0.006171299999841437,-0.05336560000029067,-0.4381611071801167
1439814269743786,51.7608335419,-1.2617801836,111.075653,5735867.383210427,619960.3274140338,-111.075653,30U,-0.002,-0.143,-0.007,0.006136306422355645,-0.05337438368565592,-0.43864472769170554
1439814269842320,51.7608335471,-1.2617803666,111.076248,5735867.383487691,619960.314771715,-111.076248,30U,0.003,-0.113,-0.005,0.006158593999396261,-0.053440703156868156,-0.4387731931556988
1439814269940716,51.7608335611,-1.2617805146,111.076706,5735867.384801143,619960.3045213646,-111.076706,30U,0.017,-0.091,-0.007,0.006140790841665121,-0.05335948326354359,-0.43860277768386163
1439814270039107,51.7608335945,-1.2617806382,111.0774,5735867.388312131,619960.2959033955,-111.0774,30U,0.027,-0.075,-0.007,0.006076760525101187,-0.05338244020925893,-0.43874742758251795
1439814270145316,51.7608336378,-1.2617807429,111.077858,5735867.39295515,619960.288563444,-111.077858,30U,0.028,-0.061,-0.007,0.006059070527537429,-0.053274923471510506,-0.4387996804190347
1439814270251521,51.7608336876,-1.2617808289,111.078468,5735867.398351772,619960.2824967193,-111.078468,30U,0.031,-0.058,-0.008,0.006050140630704747,-0.05323462505128441,-0.4386297696824546
1439814270349847,51.7608337394,-1.2617809217,111.079056,5735867.403959619,619960.275955436,-111.079056,30U,0.03,-0.065,-0.01,0.005979991577246415,-0.05310780157908884,-0.43866544105331945
1439814270448182,51.760833786,-1.2617810174,111.08007,5735867.408984424,619960.2692278124,-111.08007,30U,0.028,-0.061,-0.014,0.005876553368527276,-0.0532801909519875,-0.43862484536686985
1439814270546801,51.7608338242,-1.2617811087,111.08107,5735867.413082332,619960.262826091,-111.08107,30U,0.03,-0.06,-0.01,0.005903920736827797,-0.053337656524984005,-0.43854025536842334
1439814270645420,51.7608338561,-1.2617812009,111.082039,5735867.41647816,619960.2563789615,-111.082039,30U,0.028,-0.061,-0.011,0.005857200000627869,-0.053283600000641,-0.43855630717900723
1439814270743779,51.7608338836,-1.2617812917,111.083252,5735867.419386983,619960.2500401067,-111.083252,30U,0.027,-0.061,-0.012,0.005851941053065576,-0.05342422315942289,-0.43848124736593636
1439814270842138,51.7608339112,-1.2617813857,111.084335,5735867.422301661,619960.2434801601,-111.084335,30U,0.028,-0.06,-0.01,0.005854627472576891,-0.053422119892811905,-0.4384235350522529
1439814270940599,51.7608339414,-1.2617814791,111.085381,5735867.425506465,619960.2369547265,-111.085381,30U,0.028,-0.059,-0.011,0.005840550210571654,-0.053396987263284255,-0.43842304420981665
1439814271039062,51.7608339779,-1.2617815757,111.086395,5735867.429406606,619960.2301917671,-111.086395,30U,0.027,-0.06,-0.011,0.0058584964207242735,-0.05342839842158063,-0.438351991999085
1439814271145214,51.7608340217,-1.2617816755,111.087387,5735867.434113287,619960.2231886312,-111.087387,30U,0.028,-0.059,-0.013,0.005867692420926692,-0.053459316737293504,-0.4383199258955148
1439814271251371,51.7608340721,-1.2617817745,111.088257,5735867.439555248,619960.2162232071,-111.088257,30U,0.027,-0.059,-0.012,0.005854262946599979,-0.053448058946484446,-0.43828851989292106
1439814271349936,51.760834121,-1.2617818739,111.089096,5735867.4448297415,619960.2092341565,-111.089096,30U,0.026,-0.06,-0.013,0.005866613158186478,-0.053432772527354754,-0.43822600357792474
1439814271448496,51.7608341657,-1.261781975,111.090034,5735867.449634373,619960.2021389237,-111.090034,30U,0.024,-0.062,-0.011,0.00587344821136715,-0.05346821589364207,-0.4382005812621385
1439814271546886,51.7608341949,-1.2617820863,111.090614,5735867.452698526,619960.1943808906,-111.090614,30U,0.015,-0.08,-0.005,0.005810687576455482,-0.053148699779967064,-0.4381774944202936
1439814271645277,51.7608342039,-1.2617822368,111.091003,5735867.453451834,619960.1839712723,-111.091003,30U,0.0,-0.117,-0.004,0.005645599999667382,-0.052688299999666025,-0.43827490717996687
1439814271743846,51.7608341927,-1.261782446,111.091583,5735867.45186222,619960.1695644049,-111.091583,30U,-0.023,-0.161,-0.005,0.005513023049592629,-0.052304994311417455,-0.43850146863545825
1439814271842415,51.760834158,-1.2617827253,111.092339,5735867.447543953,619960.1503823409,-111.092339,30U,-0.048,-0.211,-0.007,0.005401268104386971,-0.052086660102400484,-0.4387972288492822
1439814271940829,51.7608341006,-1.2617830796,111.093193,5735867.440577935,619960.1260848165,-111.093193,30U,-0.072,-0.265,-0.008,0.005429793264772071,-0.052070661369024475,-0.4393399903277765
1439814272039238,51.760834026,-1.2617835115,111.093918,5735867.43157153,619960.0964778339,-111.093918,30U,-0.098,-0.318,-0.008,0.005504794843187088,-0.05219358852980064,-0.4401110139088399
1439814272145260,51.7608339319,-1.2617840203,111.094246,5735867.4202701105,619960.0616157933,-111.094246,30U,-0.124,-0.372,-0.004,0.005538899578590048,-0.052315282105824125,-0.4410189446489763
1439814272251284,51.7608338196,-1.2617846186,111.093903,5735867.406797522,619960.0206257438,-111.093903,30U,-0.153,-0.432,-0.001,0.005485999577477262,-0.05225939915550544,-0.4421625471805561
1439814272349736,51.7608336807,-1.2617853009,111.093338,5735867.390228678,619959.9739094971,-111.093338,30U,-0.18,-0.489,-0.001,0.005317122206714015,-0.05229473989643274,-0.4436306608708636
1439814272448191,51.7608335146,-1.2617860645,111.09272,5735867.370501294,619959.9216549668,-111.09272,30U,-0.206,-0.546,0.001,0.0050343153605954425,-0.05245132115907097,-0.4454787216146017
1439814272546755,51.760833316,-1.2617869015,111.09211,5735867.347038971,619959.8644213662,-111.09211,30U,-0.232,-0.595,0.0,0.004671572417282235,-0.0525265952654127,-0.4477589154109034
1439814272645318,51.7608330846,-1.2617877964,111.092186,5735867.319833843,619959.8032791198,-111.092186,30U,-0.258,-0.633,-0.007,0.004773799999309681,-0.05276550000004284,-0.45047340718013545
1439814272743731,51.7608328344,-1.2617887512,111.092918,5735867.290439511,619959.7380531043,-111.092918,30U,-0.271,-0.674,-0.005,0.005214425378954539,-0.05317260611149166,-0.4541175337593424
1439814272842144,51.7608325678,-1.2617897633,111.093323,5735867.259127146,619959.6689163767,-111.093323,30U,-0.292,-0.712,0.002,0.005544189997929413,-0.053445125582082594,-0.4588955986155417
1439814272940594,51.760832274,-1.2617908274,111.092789,5735867.224704435,619959.596263311,-111.092789,30U,-0.32,-0.753,0.011,0.005219670416242693,-0.05341872220625185,-0.46401066567267246
1439814273039045,51.7608319582,-1.2617919608,111.091812,5735867.1877212,619959.5188862754,-111.091812,30U,-0.347,-0.808,0.008,0.004836060195964924,-0.05335063116127166,-0.4700064714880303
1439814273145121,51.7608316173,-1.2617931828,111.091225,5735867.147800953,619959.4354616276,-111.091225,30U,-0.382,-0.875,0.007,0.0037538720884474678,-0.05379956158893304,-0.4777111881486913
1439814273251196,51.7608312432,-1.2617945139,111.090271,5735867.104009202,619959.3445961635,-111.090271,30U,-0.435,-0.946,0.017,0.003010760196754322,-0.05431561884744801,-0.48657662753038283
1439814273349640,51.7608308173,-1.2617959547,111.087418,5735867.054276524,619959.2462977815,-111.087418,30U,-0.491,-1.031,0.035,0.0014915457547878745,-0.05413176799508995,-0.4964398560840841
1439814273448089,51.7608303365,-1.2617975205,111.083824,5735866.998233016,619959.1395188683,-111.083824,30U,-0.54,-1.126,0.033,-0.000812630883036837,-0.05427705358629304,-0.5086703748702016
1439814273546671,51.7608297879,-1.2617992013,111.080788,5735866.93446056,619959.0249837004,-111.080788,30U,-0.614,-1.195,0.026,-0.002623363571930814,-0.05531581201851596,-0.5234400524780746
1439814273645253,51.7608291671,-1.2618009487,111.078133,5735866.862549461,619958.9060439465,-111.078133,30U,-0.68,-1.24,0.027,-0.0013748000004435651,-0.055358699999461206,-0.5396621071791154
1439814273743630,51.7608284984,-1.2618028168,111.074501,5735866.785113051,619958.7789018413,-111.074501,30U,-0.727,-1.354,0.042,-0.006046687304793458,-0.05453068168461889,-0.5600126848204192
1439814273842007,51.7608277748,-1.2618048038,111.070503,5735866.701375841,619958.6437001533,-111.070503,30U,-0.819,-1.382,0.035,-0.0049162186795221885,-0.05598327098189857,-0.5823808329212294
1439814273940627,51.7608269825,-1.2618067636,111.066559,5735866.610043497,619958.5105575869,-111.066559,30U,-0.888,-1.323,0.047,0.003382739246190828,-0.05592537836872201,-0.6059301773837116
1439814274039254,51.7608261646,-1.2618087004,111.059029,5735866.515902104,619958.3790700652,-111.059029,30U,-0.9,-1.359,0.091,0.005717004658697563,-0.04814132442809683,-0.6326398729181022
1439814274145343,51.7608253315,-1.2618107213,111.049042,5735866.419932051,619958.2418192213,-111.049042,30U,-0.952,-1.41,0.093,0.0071079659018691115,-0.035980125897917076,-0.6611738032353729
1439814274251417,51.7608244321,-1.2618127965,111.038773,5735866.316499703,619958.1009969519,-111.038773,30U,-1.033,-1.422,0.087,0.003202911370777292,-0.025010816256942632,-0.6897456820929807
1439814274349811,51.7608234683,-1.2618148844,111.030388,5735866.205884781,619957.9594689696,-111.030388,30U,-1.103,-1.432,0.068,-0.0008668467594312008,-0.017244348938029615,-0.7199547426504831
1439814274448214,51.7608223913,-1.2618169302,111.023331,5735866.082750548,619957.8211462839,-111.023331,30U,-1.21,-1.405,0.084,1.5802565349394814e-05,-0.010801767565771364,-0.7510504912839961
1439814274546890,51.760821201,-1.2618189019,111.01722,5735865.947138518,619957.6882374276,-111.01722,30U,-1.288,-1.389,0.07,0.0027249669055353564,-0.0040715200889576,-0.7827726894100379
1439814274645565,51.7608199588,-1.2618208756,111.012703,5735865.805751591,619957.555328114,-111.012703,30U,-1.352,-1.411,0.051,0.006143300000301616,0.002727099999823254,-0.8159054071797044
1439814274744041,51.7608186506,-1.2618228957,111.008698,5735865.656948727,619957.4193917424,-111.008698,30U,-1.445,-1.426,0.056,0.005848334597201705,0.008328575564471426,-0.8492695302607688
1439814274842517,51.7608172668,-1.2618249219,111.003075,5735865.499728633,619957.2832347964,-111.003075,30U,-1.544,-1.421,0.072,0.0023682659273187405,0.013530355779922525,-0.8814704119274321
1439814274940747,51.7608158234,-1.2618269673,110.994957,5735865.335849063,619957.1459108558,-110.994957,30U,-1.626,-1.424,0.088,-0.0023416571401976595,0.01976852327738,-0.913651558779252
1439814275038970,51.760814302,-1.2618289858,110.988258,5735865.163339645,619957.010649978,-110.988258,30U,-1.734,-1.375,0.035,-0.0044144016705846435,0.025209045339372807,-0.9448867303190924
1439814275145287,51.7608126853,-1.2618309698,110.979836,5735864.98028901,619956.8780224826,-110.979836,30U,-1.827,-1.375,0.115,-0.005966599332537974,0.030541956312863154,-0.9759770033957206
1439814275251618,51.7608109847,-1.261832916,110.972771,5735864.787970336,619956.7482258804,-110.972771,30U,-1.93,-1.294,0.007,-0.005532392336640143,0.034241255290924956,-1.005730564165598
1439814275350074,51.760809201,-1.261834719,110.977135,5735864.586645953,619956.6285315376,-110.977135,30U,-1.995,-1.204,-0.111,0.0037821969164503655,0.03385967607190049,-1.0319396597265917
1439814275448530,51.7608073736,-1.2618364396,110.992729,5735864.3805973865,619956.5146393091,-110.992729,30U,-2.024,-1.197,-0.161,0.013449005981741738,0.0311684781649972,-1.0596898437735156
1439814275546958,51.7608054979,-1.26183814,111.004303,5735864.1692107795,619956.4022690643,-111.004303,30U,-2.094,-1.131,-0.078,0.025941786180963315,0.031885110862011554,-1.08855646333879
1439814275645386,51.7608035879,-1.2618397123,111.016762,5735863.954220494,619956.2988297052,-111.016762,30U,-2.115,-1.084,-0.148,0.03361530000059139,0.03239819999963795,-1.117523807179902
1439814275743746,51.760801665,-1.2618412708,111.035042,5735863.73781835,619956.1963768447,-111.035042,30U,-2.139,-1.069,-0.195,0.04010357861132428,0.029361550440480222,-1.1488840110844452
1439814275842106,51.7607997085,-1.2618427601,111.054604,5735863.517793491,619956.0987884188,-111.054604,30U,-2.192,-1.002,-0.172,0.04283955705567386,0.024425375397510028,-1.1804831385574663
1439814275940512,51.7607977105,-1.2618441645,111.068321,5735863.293293214,619956.0071687994,-111.068321,30U,-2.232,-0.963,-0.099,0.04107289269993562,0.0221060752618053,-1.2130136318545237
1439814276038919,51.7607956725,-1.2618455161,111.075386,5735863.064431529,619955.9192988392,-111.075386,30U,-2.286,-0.905,-0.058,0.03996624292679618,0.022778608017751167,-1.247310203757369
1439814276145206,51.7607935776,-1.2618467436,111.080719,5735862.82944632,619955.8401436363,-111.080719,30U,-2.348,-0.814,-0.064,0.03732107288306905,0.023491416736771648,-1.280690700365558
1439814276251498,51.7607914275,-1.2618478734,111.08757,5735862.588483218,619955.7678768621,-111.08757,30U,-2.401,-0.758,-0.079,0.03399000877813926,0.022529135660075392,-1.3135216479499348
1439814276349984,51.7607892335,-1.2618489278,111.094528,5735862.342762174,619955.7009296782,-111.094528,30U,-2.444,-0.715,-0.07,0.030213402557944753,0.02137766661888823,-1.3476446006179161
1439814276448474,51.760787004,-1.2618498945,111.101311,5735862.093237554,619955.6401286237,-111.101311,30U,-2.503,-0.615,-0.074,0.027798219581537144,0.021158116095151523,-1.382580038700977
1439814276547089,51.7607847318,-1.2618506554,111.111397,5735861.839302919,619955.5936426824,-111.111397,30U,-2.562,-0.468,-0.105,0.029219648775661373,0.01952238343217936,-1.4147907483393476
1439814276645703,51.7607824147,-1.2618512686,111.122299,5735861.580618053,619955.5574682967,-111.122299,30U,-2.608,-0.415,-0.098,0.03199060000015339,0.017346300000562347,-1.4463410071797436
1439814276744114,51.7607800532,-1.2618518126,111.132843,5735861.317109445,619955.5261869766,-111.132843,30U,-2.656,-0.351,-0.107,0.034483554228437976,0.015876025549007577,-1.4786384171953881
1439814276842525,51.7607776488,-1.2618522352,111.14537,5735861.049029761,619955.5033969904,-111.14537,30U,-2.708,-0.262,-0.127,0.035137987483708354,0.013482756897017419,-1.5097006579018546
1439814276940979,51.7607751888,-1.261852542,111.156479,5735860.774957468,619955.4887455531,-111.156479,30U,-2.761,-0.189,-0.093,0.035933432865328366,0.011032439440948179,-1.539967494111039
1439814277039434,51.7607726783,-1.2618527324,111.163834,5735860.495460708,619955.4822605535,-111.163834,30U,-2.812,-0.102,-0.058,0.03694568106044643,0.009297791137973143,-1.570285860637554
1439814277145594,51.7607701182,-1.2618527915,111.167793,5735860.210664072,619955.484967834,-111.167793,30U,-2.869,-0.013,-0.029,0.03728961769011564,0.008851152633052252,-1.5999878406169241
1439814277251752,51.7607675064,-1.2618527261,111.170631,5735859.920322841,619955.4964037043,-111.170631,30U,-2.919,0.065,-0.039,0.037347125159740834,0.009043833051990953,-1.6285686624944955
1439814277350193,51.7607648513,-1.2618525508,111.175186,5735859.625347137,619955.5155383776,-111.175186,30U,-2.963,0.147,-0.063,0.03683736102269246,0.008609098717076935,-1.6564823913256883
1439814277448628,51.7607621667,-1.2618522466,111.182167,5735859.327302858,619955.5436464384,-111.182167,30U,-3.006,0.234,-0.071,0.035503768509433195,0.007169250084226702,-1.683474033096561
1439814277546893,51.7607594595,-1.2618518146,111.189491,5735859.02695552,619955.5806336902,-111.189491,30U,-3.038,0.326,-0.067,0.034799134724133506,0.005730237661310379,-1.709455329501824
1439814277645157,51.7607567277,-1.2618512558,111.19706,5735858.724081064,619955.6264364277,-111.19706,30U,-3.066,0.4,-0.073,0.03357909999916674,0.004028500000550614,-1.7348421071800626
1439814277743669,51.7607539693,-1.2618505936,111.204491,5735858.418418589,619955.679445154,-111.204491,30U,-3.083,0.476,-0.071,0.03331073705287871,0.0020465078579344036,-1.759634848409382
1439814277842182,51.7607512051,-1.2618498005,111.210411,5735858.112326423,619955.7415024742,-111.210411,30U,-3.086,0.577,-0.039,0.033493466323498186,0.0002338672431699873,-1.7829023739641328
1439814277940677,51.7607484366,-1.2618488816,111.213905,5735857.805962982,619955.812252469,-111.213905,30U,-3.08,0.644,-0.034,0.03385460504742942,-0.001197671606585467,-1.805204324175112
1439814278039172,51.7607456691,-1.2618478919,111.218071,5735857.4998272015,619955.887885625,-111.218071,30U,-3.072,0.693,-0.052,0.03389593422420516,-0.0027519883443421446,-1.8278295675353844
1439814278145373,51.7607429148,-1.2618467987,111.223007,5735857.19532958,619955.970626184,-111.223007,30U,-3.049,0.785,-0.05,0.034130852211435386,-0.004311012550996045,-1.8490816825663345
1439814278251566,51.7607401779,-1.2618455826,111.228081,5735856.892969097,619956.0618017801,-111.228081,30U,-3.033,0.84,-0.052,0.0344464234883018,-0.005986988343908931,-1.8689951859115417
1439814278349930,51.7607374535,-1.2618442995,111.232689,5735856.592108898,619956.1575678264,-111.232689,30U,-3.018,0.892,-0.038,0.03525695421141373,-0.007142445898769214,-1.8884238635813486
1439814278448298,51.760734749,-1.261842934,111.235504,5735856.293597235,619956.2589674403,-111.235504,30U,-3.003,0.952,-0.02,0.03438023630082957,-0.006922199156212572,-1.9061506275529967
1439814278546772,51.7607320648,-1.2618414919,111.237495,5735855.997469058,619956.3655993125,-111.237495,30U,-2.988,1.006,-0.014,0.034600502954102316,-0.006861340631734275,-1.9214887716094773
1439814278645246,51.7607293967,-1.2618399761,111.239288,5735855.703252527,619956.477274453,-111.239288,30U,-2.973,1.05,-0.018,0.033971200000090365,-0.006901200000424399,-1.9350885071680464
1439814278743838,51.7607267367,-1.2618384011,111.241028,5735855.410034141,619956.5930134412,-111.241028,30U,-2.962,1.082,-0.012,0.03311708495154956,-0.007184343897546802,-1.9478387691630539
1439814278842430,51.7607240896,-1.2618367792,111.24221,5735855.118327458,619956.7119547509,-111.24221,30U,-2.949,1.123,-0.01,0.031475014483191274,-0.007299899798108174,-1.960339822837286
1439814278940704,51.7607214508,-1.2618351091,111.243599,5735854.827623076,619956.834200287,-111.243599,30U,-2.932,1.161,-0.016,0.03199056224693634,-0.007833290951168966,-1.9720848703035896
1439814279038969,51.7607188291,-1.2618333723,111.244713,5735854.538930031,619956.9610033816,-111.244713,30U,-2.909,1.203,-0.011,0.033074405174421444,-0.007716514205013129,-1.9831478964005684
1439814279145218,51.7607162204,-1.261831599,111.246475,5735854.2517427085,619957.0902908453,-111.246475,30U,-2.895,1.227,-0.023,0.03595195532560413,-0.00811471991045764,-1.9937051365872018
1439814279251479,51.7607136295,-1.2618297656,111.249313,5735853.966633715,619957.2236785571,-111.249313,30U,-2.875,1.25,-0.039,0.037704986326379086,-0.008937170432999889,-2.0027441220308284
1439814279349937,51.7607110494,-1.2618279144,111.252739,5735853.682755032,619957.3582660104,-111.252739,30U,-2.863,1.27,-0.025,0.03888572128582847,-0.009445792108935825,-2.0104593276839617
1439814279448403,51.7607084868,-1.2618260423,111.25499,5735853.400856839,619957.4942493712,-111.25499,30U,-2.849,1.288,-0.018,0.038091768914701146,-0.009827914846178645,-2.0169086323123353
1439814279547085,51.7607059326,-1.2618241934,111.255905,5735853.119854623,619957.6286094825,-111.255905,30U,-2.845,1.281,-0.01,0.03620980134193465,-0.009596425895112509,-2.024014145064929
1439814279645767,51.7607033896,-1.2618223292,111.257484,5735852.840123088,619957.7639957524,-111.257484,30U,-2.826,1.312,-0.006,0.03464819999956054,-0.009715599999348947,-2.031310307165395
1439814279743851,51.7607008641,-1.2618204241,111.259293,5735852.562404943,619957.9021581027,-111.259293,30U,-2.807,1.333,-0.025,0.034151073388454814,-0.009838594219165624,-2.038203044734483
1439814279841934,51.7606983581,-1.2618184832,111.26162,5735852.28691421,619958.0427392881,-111.26162,30U,-2.787,1.361,-0.016,0.03539214191399541,-0.010610734849347618,-2.04474069611445
1439814279940391,51.7606958637,-1.2618165073,111.262825,5735852.01277104,619958.1857050421,-111.262825,30U,-2.777,1.368,-0.01,0.03651861772335695,-0.010461754101157414,-2.0515266153794323
1439814280038860,51.7606933777,-1.2618145082,111.263939,5735851.7396001695,619958.3302495453,-111.263939,30U,-2.758,1.391,-0.014,0.039650163731192165,-0.010322878950707928,-2.058136432511138
1439814280145001,51.7606909113,-1.2618124707,111.26545,5735851.468672111,619958.4773920418,-111.26545,30U,-2.74,1.408,-0.014,0.04132196518348114,-0.010542527050567123,-2.0634253212316556
1439814280251158,51.7606884549,-1.2618104168,111.266823,5735851.198883092,619958.6256397885,-111.266823,30U,-2.73,1.399,-0.017,0.04293119740762686,-0.010780648118400484,-2.068072033018502
1439814280349880,51.7606860125,-1.2618083694,111.26889,5735850.9306402765,619958.7734018855,-111.26889,30U,-2.706,1.407,-0.023,0.04457159474925897,-0.011506484638182964,-2.071945736786671
1439814280448588,51.7606835902,-1.2618063335,111.270882,5735850.664613797,619958.9203171215,-111.270882,30U,-2.686,1.409,-0.015,0.04472107777702797,-0.01182914978834082,-2.074172836550116
1439814280546864,51.7606811826,-1.2618043383,111.272339,5735850.400155113,619959.0643847571,-111.272339,30U,-2.67,1.391,-0.022,0.043392715141126977,-0.011682121269458785,-2.0757870975966717
1439814280645139,51.7606787918,-1.2618023687,111.274261,5735850.137522589,619959.2066412556,-111.274261,30U,-2.648,1.39,-0.008,0.042360800000038785,-0.011850399999269916,-2.0778574071728406
1439814280743777,51.7606764205,-1.2618003886,111.274979,5735849.877075867,619959.3495706712,-111.274979,30U,-2.626,1.391,-0.012,0.04156081833141458,-0.011784812753020095,-2.079947267403692
1439814280842414,51.7606740729,-1.2617984043,111.276138,5735849.619271647,619959.4927271174,-111.276138,30U,-2.6,1.403,-0.011,0.04365278035930937,-0.0128648511821311,-2.0816394229660022
1439814280940857,51.7606717402,-1.2617963961,111.277763,5735849.363163718,619959.6374933895,-111.277763,30U,-2.592,1.396,-0.025,0.04501149836195431,-0.015707612709842056,-2.083200125390508
1439814281039295,51.7606694131,-1.2617944067,111.27993,5735849.107647624,619959.78094747,-111.27993,30U,-2.584,1.382,-0.016,0.047050879169633526,-0.01905281856843827,-2.0847067828569674
1439814281145399,51.7606671077,-1.2617924353,111.280426,5735848.854515106,619959.9231018894,-111.280426,30U,-2.545,1.367,0.008,0.04782476716761207,-0.018677127626052455,-2.0846779032429006
1439814281251492,51.76066483,-1.2617904638,111.279541,5735848.604463174,619960.0651898009,-111.279541,30U,-2.523,1.353,-0.001,0.047900367681939844,-0.01381339707262886,-2.0834178730170527
1439814281349769,51.7606625663,-1.2617885219,111.281075,5735848.355919446,619960.2051979597,-111.281075,30U,-2.509,1.331,-0.026,0.04792937652716589,-0.011067196091733343,-2.081714413533135
1439814281448061,51.7606603152,-1.2617866088,111.283401,5735848.108729551,619960.3431852857,-111.283401,30U,-2.493,1.314,-0.017,0.04723864630346828,-0.01145394191469471,-2.0797601134267123
1439814281546851,51.7606580814,-1.26178473,111.284866,5735847.863407111,619960.478759771,-111.284866,30U,-2.469,1.292,-0.013,0.04651589040326198,-0.012705818019873145,-2.077606957643714
1439814281645640,51.7606558722,-1.2617828926,111.285851,5735847.620752254,619960.6114121043,-111.285851,30U,-2.438,1.26,-0.001,0.04558240000039927,-0.013356000000406182,-2.07569490717628
1439814281743803,51.7606537005,-1.2617810896,111.285423,5735847.382211057,619960.7415911517,-111.285423,30U,-2.386,1.227,0.01,0.045903948539516244,-0.012788261352351438,-2.0742423284923475
1439814281841966,51.7606515846,-1.2617793422,111.283241,5735847.149783723,619960.8677854228,-111.283241,30U,-2.327,1.193,0.057,0.04636241273571419,-0.011124829424032208,-2.0730414763949554
1439814281940605,51.760649526,-1.2617776529,111.276566,5735846.923632952,619960.9898184179,-111.276566,30U,-2.253,1.15,0.044,0.0468696284267646,-0.008301330613564641,-2.0717508782806013
1439814282039258,51.7606475288,-1.2617760354,111.273773,5735846.704192154,619961.1067338493,-111.273773,30U,-2.181,1.091,-0.001,0.04662295399245006,-0.00804025716579726,-2.0707235777621307
1439814282145354,51.7606456017,-1.2617744997,111.280571,5735846.492412375,619961.2178185696,-111.280571,30U,-2.104,1.049,-0.115,0.04660240842329987,-0.010832114600313462,-2.070215866718713
1439814282251441,51.7606437366,-1.2617729909,111.292366,5735846.287483146,619961.3268826243,-111.292366,30U,-2.043,1.021,-0.107,0.046622482840818484,-0.014742094581454104,-2.0696592467150925
1439814282349960,51.7606419172,-1.2617715303,111.299576,5735846.087556769,619961.4324993328,-111.299576,30U,-1.998,0.983,-0.032,0.04644181000089951,-0.016894513908812088,-2.069043208094099
1439814282448471,51.7606401365,-1.2617701244,111.299309,5735845.891844106,619961.5342386924,-111.299309,30U,-1.954,0.953,0.026,0.046684266525936026,-0.01643227524437516,-2.0684410861875087
1439814282546747,51.7606383982,-1.2617687654,111.296349,5735845.7007694505,619961.6326291648,-111.296349,30U,-1.906,0.923,0.028,0.046980781278756885,-0.01562585388327909,-2.067877473033548
1439814282645023,51.7606367069,-1.2617674512,111.294411,5735845.514847806,619961.7278034718,-111.294411,30U,-1.853,0.897,0.011,0.04826110000071877,-0.014945700000546736,-2.067048707173243
1439814282743661,51.7606350641,-1.2617661626,111.294449,5735845.334277561,619961.8210826055,-111.294449,30U,-1.801,0.866,-0.009,0.04899782115991624,-0.014822834004834213,-2.066176983663685
1439814282842300,51.7606334702,-1.2617649351,111.296074,5735845.1590448115,619961.9100156969,-111.296074,30U,-1.747,0.824,-0.019,0.048999339474192424,-0.015133121269464946,-2.0651484692338125
1439814282940826,51.7606319283,-1.2617637722,111.297844,5735844.989488535,619961.9943529957,-111.297844,30U,-1.681,0.785,-0.018,0.049083478106059696,-0.015365622003606425,-2.0639614663938484
1439814283039349,51.7606304467,-1.2617626733,111.299789,5735844.826532731,619962.0741139073,-111.299789,30U,-1.612,0.74,-0.018,0.049084644209402166,-0.015835663588324733,-2.062971810393321
1439814283145477,51.760629029,-1.2617616361,111.300903,5735844.670581527,619962.1494476075,-111.300903,30U,-1.536,0.704,-0.004,0.04925405105546461,-0.015729544100088925,-2.0621062604973
1439814283251599,51.7606276748,-1.2617606341,111.300285,5735844.521634028,619962.2221838884,-111.300285,30U,-1.473,0.665,0.012,0.049230145256265435,-0.015318209781919492,-2.0610465835452456
1439814283350014,51.7606263774,-1.261759695,111.299698,5735844.378899589,619962.2904289658,-111.299698,30U,-1.406,0.621,-0.003,0.04957065854128926,-0.015205906422846928,-2.059895956508486
1439814283448432,51.7606251384,-1.2617588161,111.300423,5735844.242560581,619962.354364922,-111.300423,30U,-1.346,0.582,-0.008,0.04969769388947468,-0.015195392842176254,-2.0590885906188316
1439814283546958,51.7606239536,-1.2617579981,111.300995,5735844.112148789,619962.413954584,-111.300995,30U,-1.286,0.548,-0.003,0.049376961588488984,-0.015301898421677214,-2.0586011853467974
1439814283645484,51.7606228257,-1.2617572306,111.301376,5735843.98798157,619962.4699084846,-111.301376,30U,-1.222,0.52,-0.001,0.05037400000013947,-0.015341399999616007,-2.057572407180221
1439814283743939,51.7606217525,-1.2617564957,111.301346,5735843.869843717,619962.5234677112,-111.301346,30U,-1.171,0.478,0.002,0.05003545250737744,-0.014752679355850298,-2.0567868273629553
1439814283842394,51.7606207261,-1.2617558348,111.301796,5735843.756788602,619962.5717962424,-111.301796,30U,-1.113,0.436,-0.011,0.049425560103487184,-0.014474790419958179,-2.056650450825863
1439814283940889,51.7606197569,-1.2617552201,111.30291,5735843.6500185,619962.6167849537,-111.30291,30U,-1.047,0.417,-0.008,0.04903541671962946,-0.01445891905023901,-2.0557500416606778
1439814284039386,51.7606188396,-1.2617546446,111.303368,5735843.548955527,619962.6589309528,-111.303368,30U,-0.995,0.382,-0.001,0.04826316357156125,-0.014188072416649591,-2.054509236184181
1439814284145326,51.7606179658,-1.2617541222,111.303223,5735843.45264269,619962.6972972857,-111.303223,30U,-0.944,0.35,0.003,0.048288499374867115,-0.01399995441403931,-2.053575566925212
1439814284251261,51.76061714,-1.2617536225,111.30291,5735843.361630418,619962.7339698888,-111.30291,30U,-0.89,0.328,0.002,0.04882883338136983,-0.013561375151944407,-2.052529900289569
1439814284349676,51.7606163589,-1.2617531619,111.303131,5735843.27552476,619962.7678257665,-111.303131,30U,-0.844,0.299,-0.006,0.04960256127680544,-0.013438285686019789,-2.0513937078587614
1439814284448098,51.7606156181,-1.2617527548,111.30352,5735843.193812712,619962.7978828547,-111.30352,30U,-0.801,0.266,-0.002,0.0501302989541172,-0.013401364837434124,-2.0503705517642254
1439814284546703,51.7606149191,-1.2617524029,111.303848,5735843.116658298,619962.8240198633,-111.303848,30U,-0.755,0.237,-0.003,0.05027538084096197,-0.013066753679981901,-2.0494970454531964
1439814284645309,51.7606142624,-1.261752094,111.304192,5735843.044137181,619962.8470773731,-111.304192,30U,-0.71,0.213,-0.002,0.05033820000025411,-0.012810900000625767,-2.0487127071758935
1439814284743817,51.7606136475,-1.2617518061,111.304352,5735842.976229947,619962.8685749002,-111.304352,30U,-0.664,0.19,-0.002,0.050584358633924145,-0.012576112204485764,-2.0480315040867363
1439814284842324,51.7606130743,-1.2617515569,111.304955,5735842.912896362,619962.8872912565,-111.304955,30U,-0.62,0.163,-0.008,0.050743580949730444,-0.012353236208932123,-2.0473204402990324
1439814284940723,51.7606125404,-1.2617513434,111.305992,5735842.853874468,619962.9034398295,-111.305992,30U,-0.577,0.134,-0.01,0.05077023463021054,-0.01232947852884525,-2.046579526825811
1439814285039119,51.7606120432,-1.2617511676,111.306778,5735842.798871831,619962.9168894924,-111.306778,30U,-0.534,0.11,-0.007,0.05068312031494304,-0.012315992420329639,-2.046059777461144
1439814285145358,51.7606115846,-1.2617510217,111.307373,5735842.74811258,619962.9281734776,-111.307373,30U,-0.492,0.09,-0.005,0.05070009484270521,-0.012180379997110472,-2.0455005846153136
1439814285251595,51.76061116,-1.2617508983,111.307846,5735842.701097336,619962.9378146428,-111.307846,30U,-0.457,0.066,-0.006,0.05071669799930914,-0.01202197326144633,-2.04504313924634
1439814285349964,51.7606107666,-1.2617508102,111.308563,5735842.657493666,619962.9449370988,-111.308563,30U,-0.423,0.045,-0.008,0.05061524694393651,-0.01193662905212488,-2.044601081031664
1439814285448334,51.7606104047,-1.2617507627,111.309319,5735842.617326214,619962.949174303,-111.309319,30U,-0.389,0.028,-0.009,0.05052342389440807,-0.01180585536750664,-2.0440062049292766
1439814285546766,51.7606100735,-1.2617507574,111.310463,5735842.580503382,619962.9504179617,-111.310463,30U,-0.358,0.009,-0.012,0.050541686106893746,-0.011901341898041597,-2.043599909034573
1439814285645198,51.7606097706,-1.2617507801,111.311493,5735842.546781636,619962.949654361,-111.311493,30U,-0.328,-0.006,-0.007,0.050803200000715164,-0.011943600000131772,-2.043379107169104
1439814285743902,51.7606094908,-1.2617508141,111.312469,5735842.515610169,619962.9480497312,-111.312469,30U,-0.302,-0.022,-0.011,0.05120299421757838,-0.011900955789323153,-2.043071584308786
1439814285842606,51.7606092361,-1.2617508702,111.313492,5735842.487193628,619962.9448534757,-111.313492,30U,-0.28,-0.037,-0.009,0.05123797683963246,-0.011868576840720553,-2.042734318193128
1439814285940907,51.7606090004,-1.2617509408,111.314445,5735842.46086616,619962.94060623,-111.314445,30U,-0.259,-0.052,-0.01,0.051327872527303905,-0.011837174105383142,-2.0425517728278515
1439814286039195,51.7606087851,-1.261751022,111.315422,5735842.436789864,619962.9355734172,-111.315422,30U,-0.236,-0.061,-0.01,0.0512099111581169,-0.011875716736599038,-2.042353990720752
1439814286145347,51.7606085891,-1.2617511187,111.316391,5735842.414834356,619962.9294198108,-111.316391,30U,-0.216,-0.073,-0.01,0.051390808422943066,-0.011842994420646047,-2.0420921445057694
1439814286251513,51.7606084096,-1.2617512287,111.317368,5735842.394691876,619962.9223046508,-111.317368,30U,-0.198,-0.088,-0.01,0.05138182589396146,-0.011873842631718845,-2.041923282417109
1439814286350042,51.7606082469,-1.2617513603,111.318291,5735842.376382133,619962.9136543715,-111.318291,30U,-0.179,-0.1,-0.01,0.051336258525436454,-0.011881027895685905,-2.0417978819938827
1439814286448560,51.7606081005,-1.2617515179,111.319191,5735842.359842287,619962.9031666582,-111.319191,30U,-0.168,-0.105,-0.006,0.05122286452582229,-0.01179179388851383,-2.041629981564187
1439814286546771,51.7606079464,-1.2617516781,111.319489,5735842.342441876,619962.8925199329,-111.319489,30U,-0.193,-0.09,-0.002,0.05125708284027166,-0.01120447862051374,-2.0413281883056444
1439814286644981,51.760607769,-1.2617518234,111.320076,5735842.322474866,619962.8829631982,-111.320076,30U,-0.221,-0.081,-0.009,0.05112299999917433,-0.010680799999592821,-2.0411247071749385
1439814286743640,51.7606075582,-1.2617519491,111.321274,5735842.298825801,619962.8748475683,-111.321274,30U,-0.25,-0.067,-0.011,0.05105660831321897,-0.010610577684193807,-2.0410360580974123
1439814286842298,51.7606073292,-1.2617520506,111.322189,5735842.273192587,619962.8684501924,-111.322189,30U,-0.277,-0.05,-0.008,0.050884782419869316,-0.01052791031427141,-2.040769414199208
1439814286940720,51.7606070759,-1.2617521218,111.323219,5735842.2449068995,619962.864208193,-111.323219,30U,-0.306,-0.036,-0.013,0.05088150000008905,-0.010470935053131023,-2.040448705044779
1439814287039135,51.7606067935,-1.2617521682,111.324448,5735842.2134259,619962.8617547458,-111.324448,30U,-0.348,-0.019,-0.009,0.050907884107484855,-0.01042782220571028,-2.0402129130350564
1439814287145324,51.7606064629,-1.2617521785,111.324684,5735842.1766441325,619962.8619202774,-111.324684,30U,-0.416,0.014,0.003,0.050954780840941225,-0.009716841349071465,-2.0399334269344034
1439814287251512,51.7606060603,-1.261752138,111.324089,5735842.131939067,619962.8657823033,-111.324089,30U,-0.502,0.056,0.006,0.05084304936692335,-0.008476288714932492,-2.039569728505355
1439814287349926,51.760605574,-1.2617520322,111.323608,5735842.07803344,619962.8743724633,-111.323608,30U,-0.607,0.103,0.003,0.05080229684344181,-0.00734121229826291,-2.039285283138899
1439814287448345,51.7606049856,-1.2617518511,111.323357,5735842.012897502,619962.8884296181,-111.323357,30U,-0.722,0.167,0.001,0.05094852473790804,-0.0063655470367887015,-2.0388896348172834
1439814287546884,51.7606042819,-1.2617515794,111.323517,5735841.935088496,619962.9090445905,-111.323517,30U,-0.85,0.233,-0.004,0.05126966201113074,-0.005558588934587769,-2.038338064295535
1439814287645423,51.760603457,-1.2617512066,111.324188,5735841.8439675765,619962.936957612,-111.324188,30U,-0.99,0.304,-0.008,0.05216740000051015,-0.004978299999127724,-2.037764907175079
1439814287744027,51.7606024895,-1.261750735,111.32502,5735841.737151146,619962.9720666887,-111.32502,30U,-1.139,0.377,-0.007,0.05286174558648679,-0.004448303359618414,-2.0371693921949188
1439814287842630,51.7606013925,-1.2617501586,111.325745,5735841.616105872,619963.0147511485,-111.325745,30U,-1.293,0.447,-0.006,0.053181370011804514,-0.003864091669255476,-2.036716479463466
1439814287940966,51.7606001682,-1.2617494639,111.326637,5735841.48109862,619963.0659367796,-111.326637,30U,-1.441,0.528,-0.013,0.0540958947507172,-0.0033383405222076916,-2.0359892486036344
1439814288039295,51.7605988163,-1.2617486511,111.328545,5735841.332095697,619963.1256105757,-111.328545,30U,-1.596,0.598,-0.024,0.054449692733260946,-0.00354369506315278,-2.0353186432409616
1439814288145446,51.7605973297,-1.261747739,111.330948,5735841.168276613,619963.1924939943,-111.330948,30U,-1.747,0.663,-0.026,0.05378845850759953,-0.0037976086257857514,-2.0350903719946123
1439814288251600,51.7605957069,-1.2617467364,111.333405,5735840.9894600855,619963.2659837363,-111.333405,30U,-1.897,0.737,-0.021,0.05205867880755425,-0.0031785470369317037,-2.034546636290783
1439814288349982,51.7605939492,-1.2617456182,111.335373,5735840.795831971,619963.3478084742,-111.335373,30U,-2.054,0.817,-0.02,0.05088289104495618,-0.002759492108208414,-2.0336703215530014
1439814288448367,51.7605920357,-1.2617443831,111.336998,5735840.585070192,619963.4381133236,-111.336998,30U,-2.209,0.9,-0.015,0.05077037326171303,-0.003089102000254441,-2.0331823393623827
1439814288546865,51.7605899623,-1.2617430441,111.339027,5735840.3566974215,619963.5360120393,-111.339027,30U,-2.365,0.973,-0.027,0.05060815063242011,-0.003283280637748319,-2.0330658253528564
1439814288645363,51.7605877502,-1.2617415912,111.342171,5735840.113087683,619963.6421385152,-111.342171,30U,-2.519,1.049,-0.031,0.05021779999944036,-0.0035836999992838368,-2.0323931071644044
1439814288743842,51.7605853893,-1.2617400445,111.34481,5735839.853084731,619963.7551324503,-111.34481,30U,-2.676,1.12,-0.02,0.04963333116099207,-0.0036834390524665443,-2.03152844944579
1439814288842322,51.7605828973,-1.2617383908,111.346603,5735839.57867863,619963.8758578439,-111.346603,30U,-2.83,1.192,-0.013,0.0496948555879212,-0.003363788201118615,-2.0309785101960274
1439814288940857,51.7605802877,-1.2617366138,111.347916,5735839.291397479,619964.0054037569,-111.347916,30U,-2.975,1.277,-0.013,0.05116533013100273,-0.0032182250502045817,-2.0304576773484144
1439814289039395,51.760577562,-1.2617347061,111.349648,5735838.9914202625,619964.1442768804,-111.349648,30U,-3.122,1.349,-0.022,0.05186665475982334,-0.0032076490548145257,-2.0293340281800614
1439814289145463,51.7605747034,-1.26173271,111.351936,5735838.67680913,619964.2896026776,-111.351936,30U,-3.274,1.401,-0.035,0.052839868839008146,-0.0030441288482719,-2.028647097042472
1439814289251530,51.7605717093,-1.2617306465,111.356468,5735838.347240407,619964.4399388582,-111.356468,30U,-3.423,1.459,-0.038,0.05134552114311109,-0.0033365419900841086,-2.028278275042325
1439814289350055,51.7605685909,-1.2617284745,111.358917,5735838.004027211,619964.5980919988,-111.358917,30U,-3.557,1.539,-0.021,0.05001793784733567,-0.002148826814929507,-2.0272269954452606
1439814289448581,51.7605653229,-1.2617262202,111.360985,5735837.64431292,619964.7623211329,-111.360985,30U,-3.709,1.587,-0.02,0.047873790623159246,-0.001631614644123215,-2.0262932671418037
1439814289547113,51.7605618982,-1.2617239003,111.362946,5735837.267280506,619964.9314926381,-111.362946,30U,-3.843,1.658,-0.022,0.04762701200141502,-0.0019484941080958533,-2.026026916930153
1439814289645645,51.7605583614,-1.2617214556,111.365318,5735836.877987146,619965.109573615,-111.365318,30U,-3.968,1.739,-0.023,0.04938410000083761,-0.0015531999993067644,-2.025176207167336
1439814289744046,51.760554704,-1.2617189233,111.368347,5735836.475426402,619965.2940194702,-111.368347,30U,-4.105,1.793,-0.034,0.05017924547555093,-0.0009491664161333681,-2.0241920302963825
1439814289842447,51.7605509297,-1.2617163175,111.372253,5735836.059986541,619965.4838473742,-111.372253,30U,-4.24,1.839,-0.046,0.05174636698193515,-0.0012567248654599265,-2.023553469562749
1439814289940857,51.7605470615,-1.2617136157,111.377556,5735835.634262321,619965.6805490615,-111.377556,30U,-4.361,1.9,-0.056,0.05138947196150296,-0.0024422372727828908,-2.0231295790387622
1439814290039266,51.7605430951,-1.2617108317,111.382652,5735835.197752856,619965.8831836097,-111.382652,30U,-4.487,1.945,-0.04,0.049662947899160585,-0.0019798385040576873,-2.0221240021797056
1439814290145337,51.7605390269,-1.2617079687,111.386436,5735834.750052541,619966.0915397372,-111.386436,30U,-4.597,2.001,-0.044,0.049532879591104875,-0.0011473495702242782,-2.020810914607822
1439814290251416,51.7605348633,-1.2617050369,111.391388,5735834.291856318,619966.304896592,-111.391388,30U,-4.696,2.057,-0.057,0.05286463952564617,-0.0016496257089655107,-2.01993136144652
1439814290349966,51.7605306148,-1.2617020211,111.396553,5735833.824356857,619966.5242752776,-111.396553,30U,-4.798,2.101,-0.043,0.053911618238734506,-0.003486938664555262,-2.0192533896599394
1439814290448513,51.7605262582,-1.2616989641,111.400238,5735833.344903769,619966.7467837147,-111.400238,30U,-4.885,2.134,-0.04,0.05591230590847511,-0.004869781498239184,-2.0181183987137885
1439814290546968,51.7605218005,-1.2616958982,111.406998,5735832.854222367,619966.9701743647,-111.406998,30U,-4.974,2.129,-0.082,0.05410511353095702,-0.006571344666216323,-2.0176356995650027
1439814290645423,51.7605172757,-1.261692814,111.414284,5735832.356109129,619967.1950057868,-111.414284,30U,-5.032,2.161,-0.073,0.05223270000047168,-0.006454799999981783,-2.017408307179198
1439814290743816,51.7605127051,-1.2616896543,111.420296,5735831.853026843,619967.4251688266,-111.420296,30U,-5.079,2.219,-0.044,0.05089151870312229,-0.005825061352447341,-2.016502265347825
1439814290842209,51.7605080952,-1.2616864487,111.423111,5735831.3456496615,619967.6586035935,-111.423111,30U,-5.134,2.221,-0.015,0.05084817435872022,-0.004671925033132333,-2.0160841964219185
1439814290940623,51.760503465,-1.2616832206,111.424232,5735830.836052012,619967.8936449166,-111.424232,30U,-5.156,2.243,-0.007,0.05225852984540226,-0.00450352514430986,-2.015774367876939
1439814291039036,51.760498825,-1.2616799819,111.426331,5735830.325381987,619968.1294437564,-111.426331,30U,-5.192,2.218,-0.033,0.047773434470422246,-0.003274200717649122,-2.0155064945164503
1439814291145349,51.7604941746,-1.2616767604,111.435562,5735829.813527131,619968.3640832568,-111.435562,30U,-5.195,2.233,-0.106,0.045122317843842144,-0.0031654051562138037,-2.0153673149282194
1439814291251662,51.7604895174,-1.2616735257,111.445709,5735829.300937801,619968.5996517441,-111.445709,30U,-5.204,2.241,-0.092,0.042246659444563725,-0.0016959282834752834,-2.015034289456498
1439814291350079,51.7604848461,-1.26167027,111.45311,5735828.786815013,619968.8367068408,-111.45311,30U,-5.225,2.256,-0.044,0.0422984426478854,-0.0010665972645689623,-2.014715824935113
1439814291448496,51.7604801347,-1.2616670193,111.457207,5735828.268224636,619969.0735232376,-111.457207,30U,-5.252,2.246,-0.071,0.042421069681843386,-0.002182315850532241,-2.0149512249438852
1439814291546931,51.7604753808,-1.2616637716,111.464897,5735827.744903065,619969.3102453123,-111.464897,30U,-5.272,2.263,-0.091,0.04227486777532971,-0.006412434823687327,-2.015308966511837
1439814291645365,51.7604706099,-1.2616604952,111.475815,5735827.219738205,619969.5489930542,-111.475815,30U,-5.296,2.273,-0.133,0.041954699999345244,-0.011453300000049117,-2.015074907177729
1439814291743635,51.7604658162,-1.2616572032,111.488907,5735826.692063516,619969.7888778222,-111.488907,30U,-5.317,2.302,-0.099,0.045902429836031634,-0.0171026248988594,-2.0146448040844573
1439814291841905,51.7604610083,-1.2616538783,111.494377,5735826.1628638245,619970.031070674,-111.494377,30U,-5.351,2.296,-0.015,0.04582309346712924,-0.016777557943522012,-2.013884467767014
1439814291940435,51.7604561789,-1.2616505701,111.493355,5735825.631245739,619970.2721681175,-111.493355,30U,-5.383,2.292,0.036,0.046914241677892744,-0.012372892101732098,-2.013213119138426
1439814292038973,51.7604513364,-1.2616472392,111.488792,5735825.098208202,619970.5148668374,-111.488792,30U,-5.409,2.305,0.038,0.045214722189240594,-0.0065162247651199615,-2.012101194289137
1439814292145134,51.7604464713,-1.2616438904,111.485535,5735824.562686857,619970.758860777,-111.485535,30U,-5.433,2.322,0.032,0.04821128861279013,-0.0040366165931504895,-2.0108412608068895
1439814292251284,51.7604415955,-1.261640516,111.485413,5735824.0260177255,619971.0046497587,-111.485413,30U,-5.443,2.33,-0.048,0.049410014501218236,-0.0029925635894499053,-2.009683064085177
1439814292349655,51.7604366999,-1.2616371643,111.49353,5735823.487109381,619971.2489247733,-111.49353,30U,-5.468,2.309,-0.097,0.04905589629438998,-0.004134969167247389,-2.0088280270228256
1439814292448040,51.7604317788,-1.2616338287,111.506592,5735822.9453388,619971.4921563888,-111.506592,30U,-5.481,2.301,-0.144,0.04713125194122568,-0.005817869623780733,-2.0076698537583386
1439814292546841,51.7604268259,-1.2616305105,111.518013,5735822.400003246,619971.7342715956,-111.518013,30U,-5.499,2.297,-0.072,0.04402126925987803,-0.006963399688259805,-2.0064931901790497
1439814292645642,51.7604218663,-1.2616271744,111.523216,5735821.853952067,619971.9776398726,-111.523216,30U,-5.505,2.315,-0.04,0.04261819999922429,-0.006741100000425175,-2.004701507163784
1439814292744058,51.7604168916,-1.2616238482,111.527115,5735821.306205395,619972.2203650393,-111.527115,30U,-5.526,2.298,-0.035,0.042127891061310534,-0.00797476371528677,-2.0032115456565758
1439814292842474,51.7604119028,-1.2616205363,111.532257,5735820.756867202,619972.4621408029,-111.532257,30U,-5.546,2.292,-0.072,0.04204998957645542,-0.009841547323241316,-2.002042714294665
1439814292940633,51.7604069096,-1.2616172225,111.53978,5735820.20704284,619972.704059398,-111.53978,30U,-5.564,2.293,-0.074,0.041008980402535714,-0.013032357949323413,-2.0010392596512583
1439814293038785,51.7604019061,-1.261613904,111.545906,5735819.656080792,619972.9463296885,-111.545906,30U,-5.58,2.299,-0.064,0.04157878177843889,-0.015098444352301328,-1.9998210097628168
1439814293145246,51.7603968872,-1.2616105789,111.549461,5735819.103417037,619973.1890963138,-111.549461,30U,-5.605,2.288,-0.011,0.04064281365730084,-0.01586277904278234,-1.998502728492505
1439814293251722,51.7603918449,-1.2616072783,111.550194,5735818.54811076,619973.430234297,-111.550194,30U,-5.631,2.283,0.007,0.03943265564759668,-0.014124291526834388,-1.9972067961807185
1439814293350124,51.7603867858,-1.2616039714,111.54789,5735817.990946591,619973.6718516229,-111.54789,30U,-5.643,2.289,0.008,0.038259179777796394,-0.01077989323208307,-1.995519156169155
1439814293448532,51.7603817176,-1.2616006539,111.547905,5735817.432787894,619973.9142246185,-111.547905,30U,-5.664,2.29,0.001,0.03845822559926734,-0.009352368805413482,-1.9936682478491838
1439814293547130,51.7603766739,-1.2615973203,111.547424,5735816.877380248,619974.1576437635,-111.547424,30U,-5.68,2.29,-0.003,0.03751148205618291,-0.006692187104504804,-1.9920056319670099
1439814293645727,51.7603716344,-1.261594,111.549431,5735816.322417802,619974.4001340026,-111.549431,30U,-5.706,2.265,-0.047,0.0343286000001257,-0.003940199999346427,-1.990449107180055
1439814293743974,51.760366503,-1.2615907273,111.556976,5735815.757157199,619974.6395830804,-111.556976,30U,-5.72,2.265,-0.086,0.033177545991253346,-0.005331940994541244,-1.9888946196461235
1439814293842220,51.7603613251,-1.2615874578,111.564774,5735815.186720246,619974.8789346485,-111.564774,30U,-5.723,2.275,-0.063,0.033709371058631,-0.007952413503615289,-1.987419915545436
1439814293940691,51.7603560842,-1.2615841942,111.571732,5735814.609267599,619975.1180461233,-111.571732,30U,-5.726,2.268,-0.086,0.03313559584029238,-0.009782506878574225,-1.9852357985814384
1439814294039169,51.7603508052,-1.2615809854,111.582481,5735814.027487854,619975.3534769497,-111.582481,30U,-5.753,2.211,-0.102,0.028663331769925863,-0.012322712473765898,-1.9834031858673373
1439814294145235,51.7603455731,-1.2615777997,111.59063,5735813.450885693,619975.5871893867,-111.59063,30U,-5.75,2.227,-0.051,0.02859977115113424,-0.014114486748807558,-1.9821254366924042
1439814294251299,51.7603404062,-1.2615745657,111.591927,5735812.881613654,619975.8240621707,-111.591927,30U,-5.744,2.243,0.005,0.028185778544670376,-0.012955088074689994,-1.9799620881516675
1439814294349753,51.7603352341,-1.261571341,111.591393,5735812.311748056,619976.0603070062,-111.591393,30U,-5.762,2.216,-0.002,0.030864263511699387,-0.011670966931295814,-1.9779172164875467
1439814294448215,51.7603300407,-1.2615681612,111.593765,5735811.739439908,619976.2935098456,-111.593765,30U,-5.792,2.185,-0.033,0.030659774933315967,-0.01254722233311885,-1.9768773723924615
1439814294546912,51.7603248261,-1.2615649882,111.595467,5735811.164763012,619976.5262996727,-111.595467,30U,-5.807,2.208,-0.019,0.0316476924375551,-0.012299547898446749,-1.974777703515934
1439814294645608,51.7603195916,-1.2615617807,111.597366,5735810.587929872,619976.7615231202,-111.597366,30U,-5.846,2.209,-0.035,0.030475999999289707,-0.01219599999927478,-1.9718776071665673
1439814294743926,51.7603143071,-1.2615586153,111.599876,5735810.005467167,619976.9939738805,-111.599876,30U,-5.902,2.196,-0.015,0.03067830642217995,-0.010079287399661602,-1.9696893101564645
1439814294842245,51.7603089782,-1.2615554313,111.600494,5735809.41809751,619977.2278259656,-111.600494,30U,-5.951,2.212,-0.008,0.030873835600685014,-0.00616149152695258,-1.9673210969974302
1439814294940791,51.7603036051,-1.2615522219,111.602646,5735808.8258543275,619977.4635481087,-111.602646,30U,-6.003,2.234,-0.016,0.031482789872649034,-0.004427454508094765,-1.965107599317884
1439814295039344,51.760298182,-1.2615489959,111.603928,5735808.228078144,619977.7005484055,-111.603928,30U,-6.063,2.228,-0.019,0.03045677208914759,-0.0033469507253359584,-1.9626593144844788
1439814295145521,51.7602927067,-1.2615457851,111.609421,5735807.624471997,619977.9366381972,-111.609421,30U,-6.118,2.216,-0.091,0.03092242559847646,-0.0035518143313423988,-1.9606041306995523
1439814295251681,51.7602871848,-1.2615425771,111.619331,5735807.015679035,619978.1726583535,-111.619331,30U,-6.164,2.236,-0.087,0.030064592420924914,-0.004465760305112481,-1.958857519747569
1439814295349985,51.7602816215,-1.2615393399,111.627708,5735806.402330182,619978.4108033832,-111.627708,30U,-6.213,2.245,-0.074,0.029627326485930885,-0.0038883026078584365,-1.9564750595356637
1439814295448293,51.7602760074,-1.2615361068,111.632996,5735805.783325309,619978.6488002003,-111.632996,30U,-6.275,2.232,-0.043,0.028051837787336793,-0.002236329237317447,-1.9543547106891617
1439814295546742,51.7602703475,-1.2615328671,111.637512,5735805.1592380535,619978.8873739504,-111.637512,30U,-6.316,2.253,-0.051,0.02842155608561325,-0.001566028738286259,-1.9521312156240336
1439814295645191,51.7602646507,-1.2615296066,111.644577,5735804.531081513,619979.1274809698,-111.644577,30U,-6.368,2.243,-0.091,0.02515310000051468,-0.001431000000292852,-1.9496438071759568
1439814295743818,51.760258899,-1.2615263785,111.654312,5735803.896766454,619979.3654976857,-111.654312,30U,-6.419,2.248,-0.112,0.02603483244449801,-0.0029046695308857814,-1.947393695735016
1439814295842445,51.7602531085,-1.2615231273,111.664993,5735803.258174599,619979.6052114319,-111.664993,30U,-6.465,2.251,-0.088,0.02611852894083253,-0.006490875091682525,-1.9450834926951956
1439814295940779,51.7602472745,-1.2615198801,111.672691,5735802.614738699,619979.8447645182,-111.672691,30U,-6.515,2.244,-0.07,0.026315195906458276,-0.008321605080722116,-1.9429697828019155
1439814296039103,51.7602414008,-1.2615166346,111.681038,5735801.966885121,619980.0843055912,-111.681038,30U,-6.555,2.244,-0.076,0.026626270105142152,-0.01062531012883761,-1.9410088365864206
1439814296145195,51.7602354902,-1.2615133855,111.685745,5735801.314933963,619980.324192977,-111.685745,30U,-6.595,2.246,-0.022,0.027836796546870088,-0.010502101341733348,-1.9389515903808239
1439814296251312,51.760229549,-1.261510142,111.687279,5735800.659570687,619980.5637750924,-111.687279,30U,-6.623,2.242,-0.025,0.02686626450816551,-0.008763828612984465,-1.937013096691692
1439814296350038,51.7602235839,-1.2615069101,111.689514,5735800.00153051,619980.8026201157,-111.689514,30U,-6.642,2.242,-0.018,0.02891453002086708,-0.007908635364608953,-1.9348171312110014
1439814296448746,51.7602176072,-1.2615036788,111.692581,5735799.342199359,619981.0414545437,-111.692581,30U,-6.656,2.228,-0.052,0.0308225240376871,-0.008195798751508039,-1.9327615541684877
1439814296546867,51.7602116209,-1.2615004603,111.697685,5735798.681779585,619981.2794311604,-111.697685,30U,-6.663,2.223,-0.049,0.031283156616985094,-0.008785757900109586,-1.930683603313961
1439814296644989,51.7602056257,-1.2614972676,111.704536,5735798.020327638,619981.5156509872,-111.704536,30U,-6.682,2.184,-0.084,0.027921400000059746,-0.009298899999752142,-1.9290623071768032
1439814296743463,51.7601996071,-1.2614941253,111.71151,5735797.356190559,619981.7484548353,-111.71151,30U,-6.691,2.183,-0.05,0.02774638522959641,-0.011358667808183016,-1.929620539899559
1439814296841937,51.760193589,-1.2614909522,111.714645,5735796.692159763,619981.9833829029,-111.714645,30U,-6.693,2.201,-0.019,0.0238439379237011,-0.010789468179918011,-1.930846640854935
1439814296940602,51.7601875664,-1.2614877769,111.718094,5735796.027632169,619982.2184747775,-111.718094,30U,-6.704,2.189,-0.062,0.01988299629538829,-0.010818193189229112,-1.9332069341636091
1439814297039274,51.7601815386,-1.2614845806,111.723824,5735795.362560863,619982.455029692,-111.723824,30U,-6.703,2.232,-0.029,0.018139541989522855,-0.01341759929846956,-1.9366473710976244
1439814297145495,51.760175517,-1.261481311,111.725594,5735794.6982996315,619982.6966266148,-111.725594,30U,-6.696,2.279,-0.025,0.01888278944966565,-0.014444065277286923,-1.9394927482508015
1439814297251697,51.7601694906,-1.261478028,111.730049,5735794.03352667,619982.9391610477,-111.730049,30U,-6.712,2.256,-0.054,0.014823286352288426,-0.01636184455586208,-1.942946142910609
1439814297350076,51.7601634511,-1.2614747529,111.73291,5735793.367283919,619983.1811850946,-111.73291,30U,-6.717,2.284,-0.009,0.011216110829825906,-0.016216265555613108,-1.94711686785808
1439814297448453,51.7601574188,-1.2614714088,111.732147,5735792.70195538,619983.4279517625,-111.732147,30U,-6.701,2.339,0.018,0.01049059165278934,-0.014768695231850214,-1.9509386375392135
1439814297546740,51.7601513948,-1.2614680029,111.729988,5735792.037651536,619983.6789612683,-111.729988,30U,-6.701,2.358,0.019,0.008493320688461663,-0.01279079471695933,-1.954929405863568
1439814297645027,51.7601453694,-1.2614645776,111.731331,5735791.373223932,619983.9313133304,-111.731331,30U,-6.705,2.375,-0.031,0.005459900000637426,-0.01304800000023216,-1.9594378071663376
1439814297743464,51.7601393421,-1.2614611115,111.734467,5735790.708652171,619984.1864860766,-111.734467,30U,-6.691,2.429,-0.019,0.0057949806080252065,-0.015309518157436289,-1.9636429744936272
1439814297841900,51.760133334,-1.2614575485,111.737717,5735790.046375002,619984.4482949984,-111.737717,30U,-6.677,2.483,-0.042,0.006362282901077671,-0.017070313300767304,-1.9668197148843998
1439814297940617,51.7601273198,-1.2614539708,111.739792,5735789.38344367,619984.7111345963,-111.739792,30U,-6.696,2.464,-0.018,0.005414025506523949,-0.017827360431788463,-1.970467801004814
1439814298039343,51.7601212998,-1.261450381,111.740318,5735788.719887262,619984.9748246492,-111.740318,30U,-6.693,2.498,0.026,0.0048205639446259,-0.018224637660468158,-1.9746058626912921
1439814298145222,51.76011529,-1.2614467431,111.737686,5735788.057544305,619985.2418070807,-111.737686,30U,-6.68,2.528,0.021,0.003314918297893707,-0.015982424063030902,-1.9783062939412344
1439814298251102,51.7601092911,-1.2614430715,111.735893,5735787.396468954,619985.5110862997,-111.735893,30U,-6.664,2.546,0.004,0.000764677235781324,-0.013658657811284565,-1.9818336892523298
1439814298349841,51.7601033041,-1.2614393839,111.736404,5735786.7367432965,619985.7814381879,-111.736404,30U,-6.65,2.556,-0.009,0.0010140945038845889,-0.013227281903494419,-1.9854168617433008
1439814298448562,51.7600973441,-1.2614356469,111.738045,5735786.080101495,619986.0551276304,-111.738045,30U,-6.614,2.6,-0.033,0.0036676373981790193,-0.014383258027091395,-1.988557488566589
1439814298546732,51.760091408,-1.2614318806,111.741753,5735785.426165744,619986.3307757546,-111.741753,30U,-6.597,2.6,-0.041,0.003387393686749388,-0.01588325824578772,-1.9913773811899735
1439814298644902,51.7600854868,-1.2614281213,111.746895,5735784.773875468,619986.6059013768,-111.746895,30U,-6.58,2.597,-0.041,0.002169999999242725,-0.018214199999874617,-1.9937861071759508
1439814298743592,51.7600795776,-1.2614243548,111.748756,5735784.122931527,619986.8814921201,-111.748756,30U,-6.561,2.616,0.004,0.003092025133536217,-0.018936324399814977,-1.9955388542692525
1439814298842281,51.7600736905,-1.261420541,111.748276,5735783.474523078,619987.1602884904,-111.748276,30U,-6.533,2.646,-0.005,0.006058933009555007,-0.021694616086271837,-1.9966278827374968
1439814298940579,51.7600678205,-1.2614167313,111.747444,5735782.828009529,619987.4387566529,-111.747444,30U,-6.529,2.619,0.04,0.009526962077117134,-0.024130808592704684,-1.9972047806221382
1439814299038864,51.7600619568,-1.2614129383,111.744156,5735782.182169121,619987.7160557202,-111.744156,30U,-6.519,2.621,0.009,0.010789166772028166,-0.021844197046210483,-1.996444225126248
1439814299145195,51.7600560947,-1.2614091585,111.74176,5735781.536484939,619987.9924396852,-111.74176,30U,-6.526,2.599,0.035,0.007169026781566214,-0.019682246362360954,-1.9939908331103857
1439814299251534,51.7600502194,-1.2614054258,111.732498,5735780.889255357,619988.2656083616,-111.732498,30U,-6.54,2.571,0.098,0.004904985239546857,-0.013654827859028659,-1.9917277969652822
1439814299349952,51.7600443572,-1.2614016909,111.730896,5735780.243486214,619988.5388941932,-111.730896,30U,-6.516,2.591,-0.042,0.007621755265591417,-0.01178768074786014,-1.9886822367777266
1439814299448370,51.7600384933,-1.2613979667,111.734489,5735779.597510431,619988.8114461957,-111.734489,30U,-6.533,2.547,-0.023,0.012352240057025562,-0.013147006329288296,-1.985368373616887
1439814299546765,51.7600326153,-1.2613943121,111.738968,5735778.949852143,619989.0792325764,-111.738968,30U,-6.545,2.506,-0.036,0.010782611573666407,-0.015714582046910047,-1.9826120402649
1439814299645159,51.7600267323,-1.2613907119,111.743103,5735778.301548338,619989.3432781541,-111.743103,30U,-6.549,2.473,-0.016,0.006094599999643402,-0.01765319999999398,-1.979455707171313
1439814299743533,51.7600208532,-1.2613871453,111.747772,5735777.65362297,619989.6049947314,-111.747772,30U,-6.537,2.47,-0.058,0.006792189637827379,-0.02001881632377665,-1.9757488493572657
1439814299841907,51.7600149768,-1.2613835805,111.748627,5735777.005994915,619989.8665799965,-111.748627,30U,-6.537,2.458,0.007,0.009181185559747708,-0.02252698459587751,-1.972178539087671
1439814299940560,51.7600090959,-1.2613800635,111.74707,5735776.357787796,619990.1248785942,-111.74707,30U,-6.552,2.399,0.006,0.006082625735468441,-0.02684148641085948,-1.969077829218466
1439814300039223,51.7600032069,-1.2613766251,111.74469,5735775.708550606,619990.3777745692,-111.74469,30U,-6.539,2.358,0.038,0.003161660416167968,-0.03077319643757382,-1.9668539826963864
1439814300145360,51.7599973354,-1.2613732091,111.741516,5735775.061222684,619990.6290783917,-111.741516,30U,-6.523,2.369,0.046,0.004760984578937709,-0.030663779853084057,-1.9647626974216545
1439814300251472,51.7599914722,-1.2613697818,111.733803,5735774.41483638,619990.8811400769,-111.733803,30U,-6.526,2.352,0.123,0.0051132657865856695,-0.028177628640716393,-1.962416356885886
1439814300349739,51.7599855974,-1.2613664142,111.720551,5735773.76706187,619991.1291127005,-111.720551,30U,-6.541,2.305,0.141,0.000923784352875673,-0.02409750771581262,-1.9607667946004403
1439814300448016,51.7599797207,-1.2613630911,111.709389,5735773.119002868,619991.3740194885,-111.709389,30U,-6.53,2.302,0.043,-0.002899178342831901,-0.02155022253459477,-1.9597431222898716
1439814300546592,51.7599738605,-1.2613597363,111.707756,5735772.472830938,619991.6210701955,-111.707756,30U,-6.513,2.328,0.008,-0.001147313277847812,-0.02198657293269506,-1.9582743024969445
1439814300645169,51.7599680048,-1.2613563689,111.706459,5735771.827180178,619991.8689785535,-111.706459,30U,-6.522,2.315,0.014,0.003438500000772595,-0.021082699999293828,-1.9571738071631546
1439814300743567,51.7599621332,-1.2613530523,111.704308,5735771.179677668,619992.1134234316,-111.704308,30U,-6.536,2.283,0.033,0.005558650928682801,-0.021320634018445923,-1.9575041703794482
1439814300841964,51.7599562549,-1.2613497571,111.700569,5735770.531394878,619992.3564093241,-111.700569,30U,-6.539,2.28,0.024,0.003817343864744178,-0.02207498614119052,-1.9578401063098707
1439814300940581,51.7599503757,-1.2613464456,111.699501,5735769.883038834,619992.6005225189,-111.699501,30U,-6.54,2.301,0.004,0.002959278621233973,-0.025318905316032397,-1.9572083433369674
1439814301039204,51.7599444914,-1.2613431061,111.697662,5735769.234161715,619992.8465815664,-111.697662,30U,-6.554,2.311,0.039,0.0035877745768877023,-0.027620564433348163,-1.9562357255547573
1439814301145318,51.7599385913,-1.2613397564,111.692543,5735768.583544331,619993.0933864615,-111.692543,30U,-6.577,2.317,0.058,0.007992369343634485,-0.027169291248486507,-1.9557411103101296
1439814301251414,51.759932663,-1.2613364057,111.686333,5735767.929792583,619993.3403351932,-111.686333,30U,-6.612,2.32,0.089,0.008191860508553365,-0.027493935874287483,-1.955533709379363
1439814301349743,51.7599267041,-1.2613330704,111.675812,5735767.272612595,619993.5863023631,-111.675812,30U,-6.645,2.301,0.111,0.007014514112828047,-0.025440866163050885,-1.955291660521352
1439814301448083,51.7599207249,-1.26132973,111.665848,5735766.613183522,619993.8326753648,-111.665848,30U,-6.658,2.325,0.073,0.006978064120913317,-0.020774644125894463,-1.95480284018872
1439814301546738,51.759914731,-1.2613263466,111.660423,5735765.952190475,619994.0820548208,-111.660423,30U,-6.676,2.357,0.05,0.009377558102291282,-0.018464908719121906,-1.953415099107689
1439814301645392,51.7599087126,-1.261322956,111.653793,5735765.288484732,619994.3319961653,-111.653793,30U,-6.718,2.318,0.061,0.008189300000584947,-0.017375300000459733,-1.9519875071681934
1439814301743841,51.7599026583,-1.2613196184,111.651268,5735764.620699488,619994.5783752346,-111.651268,30U,-6.738,2.322,0.006,0.009637883576990415,-0.018700565200537207,-1.9515595285420468
1439814301842290,51.759896595,-1.2613162472,111.654228,5735763.951968684,619994.8270969552,-111.654228,30U,-6.757,2.34,-0.021,0.0062663229080952105,-0.020063451586997315,-1.9505545184961173
1439814301940747,51.759890509,-1.2613128752,111.655472,5735763.280714823,619995.0759341303,-111.655472,30U,-6.789,2.322,0.002,0.007345876847768498,-0.019819995998845052,-1.9492885308157608
1439814302039205,51.759884399,-1.2613094996,111.652519,5735762.606797947,619995.3250834348,-111.652519,30U,-6.807,2.344,0.067,0.011083021707646168,-0.020384369151192457,-1.9489016823046077
1439814302145422,51.7598782727,-1.2613061085,111.647095,5735761.93109392,619995.5753456694,-111.647095,30U,-6.831,2.332,0.02,0.010555083650828329,-0.020694087625237268,-1.9483008280830125
1439814302251625,51.7598721159,-1.2613027586,111.646881,5735761.251930323,619995.8228456265,-111.646881,30U,-6.863,2.313,-0.012,0.007728696774234317,-0.022916112903223596,-1.9480373093713677
1439814302349872,51.7598659376,-1.2612993882,111.645218,5735760.570409533,619996.0718173524,-111.645218,30U,-6.875,2.359,0.048,0.006536516315560157,-0.023744743163662933,-1.946971677757331
1439814302448131,51.7598597488,-1.261295967,111.640121,5735759.887804668,619996.3243226805,-111.640121,30U,-6.899,2.359,0.057,0.006514757149167886,-0.02402630842269421,-1.9453236540843404
1439814302546774,51.7598535293,-1.2612925745,111.634262,5735759.201738562,619996.5749288856,-111.634262,30U,-6.94,2.335,0.081,0.005400343348664119,-0.024013104516465354,-1.9446753106231696
1439814302645416,51.7598472874,-1.2612891927,111.629631,5735758.51316384,619996.8248561387,-111.629631,30U,-6.953,2.347,0.032,0.0067925999996411085,-0.0242049999997529,-1.9442185071688414
1439814302743883,51.7598410279,-1.2612857845,111.62513,5735757.822675337,619997.0766519802,-111.62513,30U,-6.971,2.367,0.058,0.010316845844902618,-0.024651821994628714,-1.9434369002794585
1439814302842350,51.7598347494,-1.2612823632,111.619514,5735757.130095478,619997.3294022912,-111.619514,30U,-6.999,2.357,0.062,0.009908065083055194,-0.025101694015204234,-1.9421729782835377
1439814302940745,51.7598284458,-1.2612789874,111.61277,5735756.434649489,619997.5790792654,-111.61277,30U,-7.022,2.32,0.058,0.005935049240797147,-0.024265209876105354,-1.9409958751256235
1439814303039139,51.7598221354,-1.2612756124,111.608292,5735755.7384459935,619997.8287191241,-111.608292,30U,-7.015,2.354,0.042,0.007646304473438024,-0.02511790172208757,-1.9393105627898704
1439814303145322,51.7598158352,-1.2612721962,111.602684,5735755.043444603,619998.0811752119,-111.602684,30U,-7.011,2.352,0.065,0.009517760230061722,-0.025553766728414917,-1.9369790829996443
1439814303251510,51.7598095285,-1.2612688347,111.59623,5735754.3476303825,619998.3298737537,-111.59623,30U,-7.018,2.302,0.048,0.00982772854275297,-0.02514508338211969,-1.9347180247314621
1439814303349990,51.7598032163,-1.2612655375,111.591972,5735753.651098741,619998.5741495999,-111.591972,30U,-7.031,2.271,0.056,0.006966369320603513,-0.023187626907085743,-1.9326319755317525
1439814303448469,51.7597969096,-1.2612622523,111.585121,5735752.955159004,619998.8175828068,-111.585121,30U,-7.012,2.274,0.055,0.004780142909783864,-0.019945209984254954,-1.9301007405746142
1439814303546926,51.7597906097,-1.2612589858,111.579758,5735752.259944712,619999.0597075601,-111.579758,30U,-7.008,2.235,0.061,0.004075185718464431,-0.01829846007000592,-1.9272651765875162
1439814303645382,51.7597843146,-1.261255768,111.577217,5735751.565184092,619999.2984588598,-111.577217,30U,-7.002,2.209,-0.005,0.0036126999991812226,-0.017978900000213703,-1.9251759071680703
1439814303743913,51.7597780239,-1.261252585,111.578583,5735750.870855534,619999.5347970071,-111.578583,30U,-6.99,2.201,-0.019,0.004376835777978042,-0.01918262453605412,-1.9232081617781285
1439814303842443,51.7597717435,-1.2612494121,111.580383,5735750.177655794,619999.7704109021,-111.580383,30U,-6.985,2.182,-0.017,0.005403514753286662,-0.019977355697528294,-1.920757415314893
1439814303940829,51.7597654642,-1.2612462776,111.579834,5735749.484515209,620000.0033719556,-111.579834,30U,-6.982,2.155,0.009,0.0053592397539488695,-0.02108371150311649,-1.9187598039555107
1439814304039211,51.7597591891,-1.2612431774,111.57901,5735748.791785264,620000.2339548881,-111.57901,30U,-6.981,2.13,0.017,0.004059993939813418,-0.02279016645025052,-1.91663557152453
1439814304145381,51.7597529183,-1.2612400944,111.577072,5735748.099505217,620000.4633395037,-111.577072,30U,-6.975,2.129,0.015,0.005529516955566703,-0.02477275310611517,-1.914436577949947
1439814304251550,51.7597466418,-1.2612370268,111.574532,5735747.406565963,620000.6916765363,-111.574532,30U,-6.987,2.119,0.045,0.005741374095885885,-0.027485973509452293,-1.912331377112729
1439814304349920,51.7597403536,-1.2612339853,111.568962,5735746.712282663,620000.9182434855,-111.568962,30U,-7.001,2.095,0.055,0.00910869406499369,-0.02855155705537577,-1.9105038184881695
1439814304448294,51.7597340536,-1.2612309544,111.562309,5735746.016669696,620001.1441102722,-111.562309,30U,-7.016,2.099,0.075,0.012567910052355295,-0.02769207208774816,-1.9092412636610119
1439814304546811,51.7597277398,-1.2612279187,111.553024,5735745.31952999,620001.3703449543,-111.553024,30U,-7.039,2.087,0.102,0.011284515014799166,-0.0247957718347407,-1.9079903321856202
1439814304645327,51.759721398,-1.2612249162,111.543915,5735744.6192218885,620001.5943627997,-111.543915,30U,-7.065,2.077,0.091,0.012751800000088607,-0.023408300000417395,-1.9076392071783166
1439814304743505,51.7597150407,-1.2612218944,111.535759,5735743.917221854,620001.8197536946,-111.535759,30U,-7.077,2.103,0.052,0.012970087292909962,-0.022148678884982162,-1.906975510352422
1439814304841682,51.7597086751,-1.2612188485,111.530853,5735743.214338472,620002.0468297969,-111.530853,30U,-7.091,2.1,0.018,0.012717902077475363,-0.021047826097289515,-1.9061714245123909
1439814304940406,51.7597022826,-1.2612158295,111.528664,5735742.508419387,620002.2721209102,-111.528664,30U,-7.123,2.087,0.056,0.011741108457149083,-0.019993129642968614,-1.9061198462107234
1439814305039148,51.7596958776,-1.2612127856,111.524162,5735741.801151204,620002.4991635763,-111.524162,30U,-7.132,2.109,0.031,0.012927872872920305,-0.018676873994805554,-1.9058144429306092
1439814305145310,51.7596894574,-1.2612097323,111.519989,5735741.09220816,620002.7268952979,-111.519989,30U,-7.146,2.108,0.013,0.015202717268225892,-0.018137538538291795,-1.9059082580081887
1439814305251457,51.7596830148,-1.2612066956,111.520798,5735740.380746791,620002.9535409029,-111.520798,30U,-7.177,2.102,-0.017,0.01492409892433278,-0.020915393157822,-1.906489367826101
1439814305349956,51.7596765586,-1.2612036399,111.520164,5735739.667804291,620003.1815338198,-111.520164,30U,-7.182,2.124,0.017,0.014665239863053866,-0.022346355883118018,-1.9065917186283738
1439814305448453,51.7596700909,-1.261200563,111.517868,5735738.953617808,620003.4110203024,-111.517868,30U,-7.204,2.134,0.031,0.014807701705258778,-0.02079801426434758,-1.9062994751482731
1439814305546907,51.7596636075,-1.261197468,111.512962,5735738.237715179,620003.6417975569,-111.512962,30U,-7.222,2.144,0.067,0.01711412438286327,-0.01834966331961578,-1.9060165114616316
1439814305645361,51.7596571112,-1.2611943586,111.506317,5735737.520401691,620003.8736028222,-111.506317,30U,-7.232,2.156,0.055,0.0236214000001689,-0.015661199999820498,-1.9060256071752153
1439814305743837,51.7596506019,-1.2611912441,111.503517,5735736.801650925,620004.1057945695,-111.503517,30U,-7.248,2.149,0.006,0.025556074095573953,-0.015235920331630688,-1.9063345945238552
1439814305842313,51.759644071,-1.2611881612,111.505379,5735736.080446116,620004.3358629274,-111.505379,30U,-7.277,2.131,-0.032,0.024837483388720945,-0.016720098159782648,-1.906955383058408
1439814305940745,51.7596375303,-1.2611850524,111.508514,5735735.358194112,620004.5677446953,-111.508514,30U,-7.276,2.171,-0.026,0.024918008499631543,-0.019778995720640204,-1.9069262658701238
1439814306039175,51.7596309838,-1.2611819041,111.508682,5735734.635362116,620004.8023678053,-111.508682,30U,-7.286,2.182,0.007,0.026204322645740193,-0.020228091575844074,-1.9063432332404273
1439814306145322,51.7596244227,-1.2611787606,111.509529,5735733.910898619,620005.0366984392,-111.509529,30U,-7.314,2.161,0.003,0.02668373516152119,-0.022226137195833603,-1.9066401493683618
1439814306251471,51.7596178447,-1.2611756307,111.505188,5735733.184533369,620005.270135407,-111.505188,30U,-7.312,2.175,0.067,0.028357420722917626,-0.022188961094590166,-1.9074709818032207
1439814306349926,51.7596112714,-1.2611724834,111.500557,5735732.45871943,620005.5047607523,-111.500557,30U,-7.313,2.167,0.029,0.027390296470993496,-0.021510730316856755,-1.9080878788469537
1439814306448379,51.7596046986,-1.2611693382,111.497513,5735731.732957649,620005.7392399114,-111.497513,30U,-7.307,2.185,0.05,0.029930731912085014,-0.021422654709143837,-1.908975169698602
1439814306546737,51.7595981383,-1.2611661696,111.492271,5735731.0086244615,620005.9753008279,-111.492271,30U,-7.293,2.188,0.055,0.029833867606421233,-0.01901929247949552,-1.9095674504265785
1439814306645095,51.7595915908,-1.2611630102,111.489098,5735730.285699587,620006.2106929712,-111.489098,30U,-7.274,2.177,-0.001,0.03047170000019564,-0.017516199999876907,-1.9103341071746547
1439814306743648,51.7595850623,-1.261159857,111.490219,5735729.564877444,620006.4456069325,-111.490219,30U,-7.245,2.193,-0.0,0.034130106744659945,-0.02040532091954611,-1.9111331862061136
1439814306842200,51.7595785659,-1.2611566763,111.489006,5735728.847670283,620006.6823336227,-111.489006,30U,-7.213,2.19,-0.003,0.03597125129136977,-0.021461126755754123,-1.9115883302188426
1439814306940664,51.7595720898,-1.2611535283,111.491135,5735728.132666817,620006.9167499105,-111.491135,30U,-7.193,2.168,-0.014,0.03748217907585403,-0.022485677261897364,-1.912621986109439
1439814307039125,51.7595656286,-1.2611503874,111.488358,5735727.419308652,620007.150636777,-111.488358,30U,-7.177,2.181,0.066,0.04181305521557636,-0.019866129407317076,-1.9137435031661238
1439814307145269,51.759559187,-1.2611472091,111.482582,5735726.7081916835,620007.387052719,-111.482582,30U,-7.158,2.194,0.047,0.04403106843365263,-0.017769256413860936,-1.914247692327097
1439814307251416,51.7595527483,-1.2611440515,111.479698,5735725.997363163,620007.6220325176,-111.479698,30U,-7.168,2.176,0.03,0.04272679609047005,-0.017791042227940226,-1.9150746459422265
1439814307349936,51.7595463091,-1.2611409025,111.479553,5735725.286464899,620007.856420214,-111.479553,30U,-7.153,2.199,-0.014,0.045438473345241065,-0.01776128263806309,-1.9158255754760534
1439814307448452,51.7595398821,-1.2611376952,111.481201,5735724.577019293,620008.0947989248,-111.481201,30U,-7.149,2.215,-0.011,0.04496606609762136,-0.018844425379594864,-1.9159453701984277
1439814307546845,51.7595334432,-1.2611345168,111.480095,5735723.866202788,620008.3312148515,-111.480095,30U,-7.176,2.176,0.021,0.040526031989316515,-0.0198435363522788,-1.9163424641064495
1439814307645237,51.7595269958,-1.2611313544,111.478149,5735723.154414712,620008.5665492116,-111.478149,30U,-7.167,2.201,0.01,0.04027950000004888,-0.021542900000482038,-1.9171381071780234
1439814307743753,51.7595205561,-1.2611281483,111.478455,5735722.443554846,620008.804878969,-111.478455,30U,-7.162,2.238,0.02,0.043442479373749884,-0.022441525414736922,-1.9173107659686717
1439814307842270,51.7595141058,-1.261124936,111.475067,5735721.731526405,620009.0436647593,-111.475067,30U,-7.189,2.194,0.024,0.04117550804350831,-0.02306871320771904,-1.9176437422221084
1439814307940667,51.759507639,-1.2611217755,111.469688,5735721.0175778335,620009.2789196231,-111.469688,30U,-7.188,2.192,0.076,0.03871630057487045,-0.023579235550701058,-1.918324992103543
1439814308039061,51.7595011784,-1.2611185725,111.462822,5735720.304388685,620009.5170910513,-111.462822,30U,-7.182,2.229,0.044,0.037883355603956795,-0.021967136192162617,-1.9179096119795225
1439814308145272,51.7594947184,-1.2611153276,111.461441,5735719.5913352175,620009.7581524865,-111.461441,30U,-7.198,2.238,0.065,0.04058925868473433,-0.022290236580312026,-1.9171720879880678
1439814308251487,51.759488236,-1.2611121171,111.453606,5735718.875734135,620009.9968994221,-111.453606,30U,-7.215,2.219,0.071,0.04292340273751686,-0.020102917595125957,-1.917689758648142
1439814308349946,51.7594817463,-1.2611089032,111.449295,5735718.159326851,620010.235900411,-111.449295,30U,-7.219,2.231,0.028,0.0431877789503676,-0.020098159698430654,-1.9181243064143403
1439814308448404,51.7594752528,-1.2611056654,111.447113,5735717.4425363215,620010.4765608886,-111.447113,30U,-7.229,2.24,0.016,0.042802851257831995,-0.02077086883909606,-1.9179693118916115
1439814308546833,51.7594687489,-1.2611024271,111.445732,5735716.724590082,620010.7172835112,-111.445732,30U,-7.24,2.24,0.029,0.04304269904621686,-0.021484555165514976,-1.918009443049954
1439814308645262,51.7594622379,-1.261099177,111.442177,5735716.005873705,620010.9588393469,-111.442177,30U,-7.247,2.251,0.042,0.04392029999915475,-0.021847799999198544,-1.9182802071643765
1439814308743849,51.7594557185,-1.2610959158,111.437874,5735715.286241471,620011.2011835354,-111.437874,30U,-7.252,2.264,0.05,0.0460489176937993,-0.02222694525884267,-1.9189495525738627
1439814308842435,51.7594491913,-1.2610926492,111.432533,5735714.565750726,620011.443921127,-111.432533,30U,-7.265,2.252,0.056,0.043377639753247786,-0.020677697325498255,-1.9200399599045757
1439814308940673,51.7594426564,-1.2610893897,111.428207,5735713.844392018,620011.6861892256,-111.428207,30U,-7.27,2.259,0.053,0.04067705617946693,-0.018400599308702612,-1.9216775023343557
1439814309038900,51.7594361226,-1.261086094,111.423439,5735713.123215218,620011.9309526505,-111.423439,30U,-7.262,2.304,0.041,0.04308401038049166,-0.015706605436697496,-1.9232914355906245
1439814309145327,51.7594296028,-1.2610827418,111.421127,5735712.403688291,620012.1795781106,-111.421127,30U,-7.252,2.31,-0.005,0.044388200033464935,-0.01506989540831451,-1.9246643737139648
1439814309251752,51.759423086,-1.2610794169,111.422501,5735711.684450072,620012.4263116941,-111.422501,30U,-7.236,2.293,-0.03,0.046055083284057476,-0.01728777849464175,-1.9270921828856376
1439814309349961,51.7594165882,-1.261076086,111.425713,5735710.967334658,620012.6734090224,-111.425713,30U,-7.21,2.309,-0.023,0.04480619210903363,-0.019040008237446397,-1.9293031657028112
1439814309448174,51.7594101247,-1.2610727268,111.427322,5735710.254080201,620012.9223684607,-111.427322,30U,-7.172,2.327,-0.011,0.04483642905169717,-0.019464352836762802,-1.9307294277014169
1439814309546552,51.7594036888,-1.2610693605,111.425453,5735709.543906736,620013.1717447517,-111.425453,30U,-7.145,2.324,0.036,0.04430839085835883,-0.017308138580671015,-1.932320281177443
1439814309644929,51.7593972807,-1.2610659957,111.423203,5735708.8368223505,620013.4209438746,-111.423203,30U,-7.117,2.327,0.002,0.045047700000497785,-0.01575179999940362,-1.9340089071778608
1439814309743595,51.7593908978,-1.2610626355,111.422974,5735708.132532807,620013.6697587892,-111.422974,30U,-7.087,2.315,-0.002,0.04253967800618686,-0.01691285063463951,-1.9353208427102646
1439814309842260,51.7593845426,-1.2610592822,111.424377,5735707.431312336,620013.918024142,-111.424377,30U,-7.047,2.324,-0.021,0.04471019803326153,-0.018387234867089156,-1.936716889813206
1439814309940743,51.7593782241,-1.261055899,111.426811,5735706.734222351,620014.1682556578,-111.426811,30U,-7.011,2.34,-0.024,0.04735771731808712,-0.019319152852214194,-1.9370482202037045
1439814310039219,51.7593719268,-1.2610525413,111.426567,5735706.039447993,620014.4166712504,-111.426567,30U,-7.003,2.294,0.014,0.04918640348643005,-0.018027964931765218,-1.9371654512643008
1439814310145456,51.7593656462,-1.2610492257,111.425316,5735705.346461513,620014.6621372745,-111.425316,30U,-6.968,2.292,0.021,0.04956019129736489,-0.017173446944295984,-1.9376581263136656
1439814310251687,51.7593594008,-1.2610458896,111.425934,5735704.65742324,620014.9089247375,-111.425934,30U,-6.928,2.303,-0.02,0.05299118729167045,-0.02014794555219234,-1.9370137475075166
1439814310350091,51.7593531882,-1.2610425604,111.427551,5735703.972021195,620015.1551491115,-111.427551,30U,-6.89,2.294,-0.024,0.05931328448588512,-0.025303776205173507,-1.9370606280984228
1439814310448495,51.759347009,-1.2610392615,111.428658,5735703.290283592,620015.3991939572,-111.428658,30U,-6.855,2.259,0.003,0.060486961353038056,-0.029166446244412034,-1.9374906515872277
1439814310546879,51.7593408689,-1.2610360214,111.427162,5735702.612797407,620015.6390773533,-111.427162,30U,-6.808,2.218,0.043,0.05815812099980516,-0.029792036317618318,-1.9382594654924463
1439814310645264,51.7593347804,-1.2610328192,111.419662,5735701.940987115,620015.8762084744,-111.419662,30U,-6.731,2.223,0.096,0.05903379999966142,-0.028373200000338814,-1.9398297071710582
1439814310743776,51.7593287736,-1.2610295898,111.40963,5735701.278307147,620016.1150000945,-111.40963,30U,-6.645,2.222,0.088,0.06111210195509273,-0.026644072531580337,-1.9409184817113498
1439814310842288,51.7593228369,-1.2610264066,111.402885,5735700.623346732,620016.3504175904,-111.402885,30U,-6.566,2.178,0.043,0.06228643483217029,-0.027205201375157008,-1.9428042280249214
1439814310940744,51.7593169636,-1.2610232673,111.399345,5735699.975364565,620016.5826374516,-111.399345,30U,-6.494,2.166,0.049,0.06397771390932944,-0.027802148303720752,-1.9446604372763499
1439814311039199,51.7593111593,-1.2610201288,111.393425,5735699.335054331,620016.8146191868,-111.393425,30U,-6.428,2.154,0.047,0.06256986872971054,-0.024660386260691065,-1.9459285532810096
1439814311145322,51.7593054034,-1.2610170258,111.388359,5735698.700068074,620017.0440227507,-111.388359,30U,-6.379,2.136,0.066,0.06280291908374146,-0.02189071595253571,-1.9478313662443119
1439814311251458,51.7592996934,-1.2610139337,111.38253,5735698.070168263,620017.2725524326,-111.38253,30U,-6.324,2.13,0.043,0.06058371006903613,-0.0199612149554377,-1.9498014007731943
1439814311350125,51.7592940255,-1.2610108523,111.377464,5735697.444932637,620017.500232114,-111.377464,30U,-6.279,2.136,0.026,0.06248618538966793,-0.0184301152523615,-1.951476228549612
1439814311448785,51.7592883958,-1.261007754,111.377129,5735696.823972917,620017.7289768299,-111.377129,30U,-6.247,2.136,-0.009,0.060786264880204215,-0.0181289534766314,-1.9529500281159604
1439814311547241,51.7592827877,-1.2610046723,111.378143,5735696.205387948,620017.9565187404,-111.378143,30U,-6.226,2.128,0.006,0.05967131455152575,-0.018524733989484402,-1.9542947832734048
1439814311645697,51.7592772078,-1.2610015777,111.377586,5735695.589960231,620018.1848761609,-111.377586,30U,-6.194,2.136,0.012,0.05863040000063143,-0.01904880000019543,-1.9551772071697138
1439814311743974,51.7592716502,-1.2609984976,111.37661,5735694.976988567,620018.4121738414,-111.37661,30U,-6.168,2.134,0.008,0.060209794917133755,-0.019211338221669032,-1.9558410005821294
1439814311842250,51.7592661176,-1.2609954159,111.377251,5735694.366799705,620018.6395156949,-111.377251,30U,-6.145,2.126,-0.017,0.06521621971556946,-0.021201881751563047,-1.9560333065267144
1439814311940798,51.7592606094,-1.2609923362,111.377701,5735693.759320995,620018.866654874,-111.377701,30U,-6.12,2.124,-0.004,0.07087171865203148,-0.024246262169847998,-1.9560031158911266
1439814312039355,51.7592551176,-1.2609892678,111.376511,5735693.153647481,620019.0929707917,-111.376511,30U,-6.097,2.119,0.024,0.07642912895879407,-0.027968169310518088,-1.9555681680780106
1439814312145543,51.759249645,-1.2609862389,111.372414,5735692.55004414,620019.3165099178,-111.372414,30U,-6.083,2.06,0.047,0.07108143427684914,-0.027003400136073424,-1.9546121139765473
1439814312251713,51.7592441866,-1.2609832901,111.366249,5735691.947888123,620019.5344836719,-111.366249,30U,-6.052,2.032,0.073,0.0649878675470295,-0.020162361388873843,-1.953964147401775
1439814312350003,51.7592387765,-1.2609803332,111.36087,5735691.351116709,620019.7528883781,-111.36087,30U,-5.99,2.064,0.052,0.06490618223373462,-0.01435519183943035,-1.9532709278777973
1439814312448305,51.7592334147,-1.2609773342,111.352409,5735690.759785853,620019.9740704044,-111.352409,30U,-5.948,2.066,0.102,0.06810348775181684,-0.010764834672668535,-1.9520049549280196
1439814312546979,51.7592280761,-1.260974388,111.34726,5735690.170948103,620020.1915471848,-111.34726,30U,-5.932,2.005,-0.011,0.07159829984795525,-0.010330202050307335,-1.952022815894546
1439814312645653,51.7592227607,-1.2609715002,111.355072,5735689.584594243,620020.4049322559,-111.355072,30U,-5.896,1.993,-0.134,0.07023790000066454,-0.015052499999639212,-1.9530285071773892
1439814312743955,51.7592174683,-1.2609686268,111.367088,5735689.00077444,620020.6172626237,-111.367088,30U,-5.87,1.986,-0.085,0.06729520273687213,-0.019664128542709634,-1.953260859335142
1439814312842257,51.7592121977,-1.2609657678,111.371666,5735688.419355249,620020.8285414695,-111.371666,30U,-5.854,1.962,-0.022,0.06123061510837742,-0.020099308533485512,-1.9531289899886701
1439814312940793,51.7592069474,-1.260962934,111.37075,5735687.840152085,620021.0380274549,-111.37075,30U,-5.825,1.963,0.043,0.06014632328569937,-0.01961107733848776,-1.9530774879927972
1439814313039336,51.7592017309,-1.260960074,111.365425,5735687.264750816,620021.2492319364,-111.365425,30U,-5.786,1.979,0.035,0.06014208102733295,-0.017578575245145788,-1.9528503102999442
1439814313145510,51.7591965372,-1.2609572255,111.362503,5735686.691866136,620021.4595823751,-111.362503,30U,-5.761,1.964,0.001,0.0631112283073897,-0.01761217602894454,-1.952930096106837
1439814313251681,51.7591913653,-1.2609543885,111.364449,5735686.12138684,620021.6690814217,-111.364449,30U,-5.744,1.949,0.0,0.06650200136870464,-0.021020081427201957,-1.9536093629451756
1439814313350177,51.7591862092,-1.2609515885,111.362381,5735685.552603719,620021.87598521,-111.362381,30U,-5.727,1.919,0.024,0.06263283831194962,-0.01971533173646896,-1.9545383585265665
1439814313448667,51.7591810704,-1.260948828,111.361473,5735684.985679475,620022.0801172322,-111.361473,30U,-5.697,1.906,-0.003,0.05660845612824641,-0.01750304617761627,-1.9555503080016017
1439814313547006,51.7591759637,-1.260946061,111.362373,5735684.422335658,620022.2846127432,-111.362373,30U,-5.662,1.923,0.001,0.05768547079537229,-0.016185877463945682,-1.9569757174941345
1439814313645344,51.7591708944,-1.2609432361,111.359108,5735683.863246251,620022.4930048479,-111.359108,30U,-5.621,1.966,0.047,0.06127640000077776,-0.014825799999911756,-1.9577821071687778
1439814313743707,51.7591658531,-1.260940405,111.356804,5735683.307280832,620022.7017506098,-111.356804,30U,-5.595,1.941,-0.009,0.06678063362636255,-0.01611594975488842,-1.9576745632440355
1439814313842070,51.7591608287,-1.2609376444,111.358406,5735682.753078787,620022.9055863264,-111.358406,30U,-5.588,1.873,-0.022,0.060828921025574245,-0.017511923876887013,-1.9580783202082763
1439814313940687,51.7591558138,-1.2609349529,111.361877,5735682.199819496,620023.1046282356,-111.361877,30U,-5.56,1.873,-0.05,0.05677116968200601,-0.0166034840905304,-1.9584735679942815
1439814314039312,51.7591508327,-1.2609321888,111.364914,5735681.650438462,620023.3085907456,-111.364914,30U,-5.534,1.936,-0.011,0.05616877144616178,-0.015229704608535085,-1.957463892595995
1439814314145502,51.7591458394,-1.2609293972,111.362236,5735681.099745977,620023.514483451,-111.362236,30U,-5.569,1.923,0.055,0.06035915146787316,-0.014313173447840959,-1.9565289140957416
1439814314251684,51.7591408174,-1.2609266329,111.355537,5735680.5458169505,620023.7185683086,-111.355537,30U,-5.596,1.901,0.031,0.06143525073249565,-0.012583714174538385,-1.9564066984271615
1439814314350187,51.7591357635,-1.2609239088,111.356186,5735679.988274291,620023.9199635624,-111.356186,30U,-5.636,1.888,-0.038,0.057190692809263775,-0.013193530241217817,-1.9569289084093677
1439814314448687,51.7591306908,-1.2609211377,111.361626,5735679.42871831,620024.1246522297,-111.361626,30U,-5.646,1.947,-0.059,0.056474548598491124,-0.015820519099369806,-1.9562126548153203
1439814314547112,51.7591256028,-1.2609183135,111.365425,5735678.867548266,620024.3330459953,-111.365425,30U,-5.674,1.945,0.009,0.05533100632963972,-0.017760498936359725,-1.9550375366029111
1439814314645536,51.7591204958,-1.2609155066,111.363579,5735678.3042368395,620024.5402963014,-111.363579,30U,-5.688,1.935,0.023,0.0557259999991967,-0.016898100000174245,-1.9545014071661349
1439814314744081,51.7591153796,-1.2609127221,111.361641,5735677.739865462,620024.7460252012,-111.361641,30U,-5.689,1.92,0.005,0.053038739980946235,-0.01611695826023543,-1.9545429287235727
1439814314842626,51.7591102642,-1.2609099402,111.360687,5735677.175578775,620024.9515725924,-111.360687,30U,-5.686,1.936,0.02,0.051423843458264784,-0.01589323683417344,-1.954486754935078
1439814314941110,51.7591051477,-1.2609071379,111.358543,5735676.611203343,620025.158530768,-111.358543,30U,-5.699,1.939,0.026,0.05188692638383947,-0.015566348413086099,-1.9549118904373264
1439814315039592,51.759100023,-1.2609043245,111.355858,5735676.045934296,620025.3662767556,-111.355858,30U,-5.704,1.959,0.024,0.05293457879052841,-0.014762256288124598,-1.9558106863248705
1439814315145444,51.7590948807,-1.2609014895,111.355186,5735675.478743572,620025.5755600979,-111.355186,30U,-5.738,1.96,-0.013,0.05245456548005901,-0.014592649088736009,-1.9569649187580798
1439814315251302,51.7590896996,-1.2608986431,111.356239,5735674.907256812,620025.7857331057,-111.356239,30U,-5.78,1.99,-0.001,0.050577922384986894,-0.016369237927653157,-1.9594900498450383
1439814315349886,51.759084476,-1.2608957431,111.355095,5735674.331132003,620025.9997178563,-111.355095,30U,-5.831,2.036,0.021,0.047909456667279186,-0.01790349425241314,-1.9623600699302428
1439814315448461,51.7590792138,-1.2608927547,111.352394,5735673.750860117,620026.2199055968,-111.352394,30U,-5.867,2.099,0.018,0.05321365991719935,-0.020091945601981916,-1.9646477868810188
1439814315546774,51.7590739082,-1.260889696,111.35183,5735673.165877583,620026.4450599554,-111.35183,30U,-5.939,2.128,0.031,0.053786279186521076,-0.021315203047741895,-1.967669822351545
1439814315645086,51.7590685449,-1.260886581,111.346886,5735672.574571108,620026.6742527051,-111.346886,30U,-5.996,2.17,0.061,0.05379160000076936,-0.019711600000871382,-1.9695501071633679
1439814315743632,51.7590631254,-1.2608834213,111.340446,5735671.977088409,620026.9066793403,-111.340446,30U,-6.056,2.215,0.083,0.05964587380331728,-0.01631074584623842,-1.9709582884584942
1439814315842177,51.7590576513,-1.260880211,111.330223,5735671.373617129,620027.1427427856,-111.330223,30U,-6.118,2.224,0.089,0.05555016964859122,-0.010819839265097202,-1.972360048547676
1439814315940544,51.7590521249,-1.2608769728,111.325264,5735670.764375688,620027.3808703914,-111.325264,30U,-6.169,2.266,0.033,0.05524633930632273,-0.007382544049399295,-1.9731493517805552
1439814316038906,51.7590465549,-1.2608736653,111.322723,5735670.150399708,620027.6238961463,-111.322723,30U,-6.222,2.3,-0.013,0.05458085363662704,-0.005190653992797047,-1.9734505401079794
1439814316145317,51.7590409395,-1.2608702983,111.326088,5735669.531472894,620027.8711485185,-111.326088,30U,-6.268,2.36,-0.034,0.06134528007944218,-0.005710821986902005,-1.9741391931699557
1439814316251735,51.7590352755,-1.2608668832,111.33107,5735668.907220627,620028.1218492691,-111.33107,30U,-6.334,2.374,-0.088,0.06197868641248131,-0.005942435680140439,-1.9751472025292978
1439814316350192,51.7590295484,-1.2608634577,111.338753,5735668.275968367,620028.373435134,-111.338753,30U,-6.406,2.369,-0.075,0.06150544069821698,-0.009118188596783344,-1.9760262902287415
1439814316448647,51.7590237674,-1.2608599867,111.343872,5735667.6387969805,620028.6283040065,-111.343872,30U,-6.448,2.444,-0.02,0.06345869243771808,-0.012577735084928097,-1.97723891378654
1439814316547035,51.7590179518,-1.2608564152,111.343788,5735666.997943265,620028.89020032,-111.343788,30U,-6.492,2.492,0.001,0.0643902314577573,-0.012098244285894162,-1.9773790711431247
1439814316645423,51.7590120856,-1.2608528116,111.344696,5735666.351515351,620029.154446146,-111.344696,30U,-6.57,2.479,-0.007,0.06224249999924905,-0.010906299999938395,-1.97741380717459
1439814316743734,51.7590061498,-1.260849232,111.343201,5735665.697307994,620029.4172203465,-111.343201,30U,-6.622,2.502,0.046,0.06337859990142661,-0.008828735191297985,-1.9784241965696203
1439814316842045,51.7590001856,-1.2608455532,111.338112,5735665.040105649,620029.6869158371,-111.338112,30U,-6.645,2.586,0.023,0.06391030294760026,-0.003530642894103762,-1.9782050557689066
1439814316940591,51.7589941843,-1.260841839,111.340279,5735664.3788358215,620029.9591527799,-111.340279,30U,-6.708,2.543,-0.07,0.06246465971516832,-0.0015171967331407286,-1.9777339504234628
1439814317039145,51.7589881322,-1.2608381591,111.34668,5735663.7118602805,620030.2291574285,-111.34668,30U,-6.745,2.553,-0.06,0.06144191743819799,-0.0007388169226379851,-1.978511825798905
1439814317145203,51.7589820684,-1.2608344302,111.35466,5735663.04366428,620030.5025747217,-111.35466,30U,-6.738,2.605,-0.137,0.0597473270176622,-0.0007059055962536493,-1.9785044569140833
1439814317251262,51.7589759888,-1.2608306783,111.364944,5735662.373749087,620030.777621242,-111.364944,30U,-6.776,2.581,-0.115,0.05887694418451454,-0.0011009085038383598,-1.9784758941296354
1439814317349824,51.7589698893,-1.2608269365,111.374954,5735661.701604282,620031.0520235935,-111.374954,30U,-6.785,2.599,-0.097,0.0574689469448299,-0.0021436702309278436,-1.9790747464236715
1439814317448379,51.7589637898,-1.2608231674,111.383553,5735661.02950442,620031.3283100196,-111.383553,30U,-6.785,2.61,-0.066,0.0557277676494645,-0.003405686217349495,-1.979667611487882
1439814317546757,51.7589576909,-1.2608193903,111.392693,5735660.357484462,620031.6051470125,-111.392693,30U,-6.784,2.617,-0.1,0.05584604088455423,-0.0050728039250017695,-1.9806157505386404
1439814317645135,51.7589515976,-1.2608155794,111.400803,5735659.686142905,620031.8843018039,-111.400803,30U,-6.78,2.636,-0.072,0.05598980000032155,-0.005967400000586999,-1.980636907175487
1439814317743589,51.7589455679,-1.2608117908,111.407501,5735659.021837382,620032.161749041,-111.407501,30U,-6.796,2.618,-0.061,0.05424966344144577,-0.007495002933016173,-1.9845921933401207
1439814317842043,51.7589394765,-1.2608080123,111.412918,5735658.350653822,620032.4386629655,-111.412918,30U,-6.814,2.612,-0.039,0.049706300296511824,-0.00909035097918647,-1.9834870336488113
1439814317940563,51.7589333728,-1.2608042398,111.41729,5735657.678092563,620032.7151955127,-111.41729,30U,-6.818,2.619,-0.054,0.05070340923342672,-0.009987851273920371,-1.982393930395269
1439814318039085,51.7589272307,-1.2608004565,111.422386,5735657.001278772,620032.9925752899,-111.422386,30U,-6.834,2.609,-0.049,0.050369173388086184,-0.010815506237392374,-1.9819748728276076
1439814318145270,51.7589210835,-1.2607966813,111.425003,5735656.3238845095,620033.2694096713,-111.425003,30U,-6.825,2.61,-0.014,0.05231242635970476,-0.010550567117460616,-1.9818030792490295
1439814318251453,51.7589149393,-1.2607929348,111.425789,5735655.646776649,620033.5442555402,-111.425789,30U,-6.829,2.58,-0.012,0.04717271710707543,-0.008156959335779488,-1.9817298169941884
1439814318349936,51.7589088064,-1.2607892052,111.429459,5735654.970897621,620033.817905219,-111.429459,30U,-6.8,2.598,-0.048,0.04464427916223653,-0.006609756633357768,-1.9817025169380011
1439814318448415,51.7589027003,-1.2607854675,111.43261,5735654.298012265,620034.0920428806,-111.43261,30U,-6.769,2.598,-0.036,0.045814300023628136,-0.004473225970186508,-1.9815248489302264
1439814318546739,51.7588966327,-1.2607817123,111.439735,5735653.62943717,620034.3672862019,-111.439735,30U,-6.725,2.604,-0.101,0.04890186051767129,-0.0063420175550108655,-1.981914223596032
1439814318645063,51.7588905865,-1.2607780042,111.451065,5735652.963164386,620034.639222402,-111.451065,30U,-6.714,2.533,-0.11,0.04056950000076807,-0.012545699999349397,-1.98306430717217
1439814318743519,51.7588845612,-1.2607743621,111.45842,5735652.299107204,620034.9065484904,-111.45842,30U,-6.668,2.529,-0.072,0.03734833088903865,-0.015114664222384215,-1.9845042835666118
1439814318841975,51.758878582,-1.2607706732,111.465469,5735651.640253673,620035.1769821128,-111.465469,30U,-6.617,2.577,-0.028,0.03596074421030523,-0.014532809859230156,-1.9849596059868968
1439814318940582,51.7588726349,-1.2607669695,111.464897,5735650.984994237,620035.4483520351,-111.464897,30U,-6.6,2.549,0.061,0.036110640521569114,-0.01119775644126645,-1.9854081483266361
1439814319039193,51.7588667033,-1.2607633277,111.460724,5735650.331356636,620035.7154091105,-111.460724,30U,-6.567,2.522,0.019,0.03693802097442037,-0.009515737163075197,-1.9870197162254364
1439814319145165,51.7588608084,-1.2607596964,111.462708,5735649.681783039,620035.9816442969,-111.462708,30U,-6.522,2.537,-0.06,0.037516975979167734,-0.011497587002016177,-1.988562529286908
1439814319251137,51.758854948,-1.2607560781,111.46981,5735649.036024677,620036.2468908994,-111.46981,30U,-6.49,2.521,-0.074,0.0372416503420255,-0.0142589372435968,-1.9900419655860624
1439814319349755,51.7588491174,-1.2607524809,111.47567,5735648.39354555,620036.5106023907,-111.47567,30U,-6.456,2.518,-0.028,0.03902069259725349,-0.014213966180773372,-1.9912696670607226
1439814319448374,51.7588433183,-1.2607488852,111.47583,5735647.7545669675,620036.7741268845,-111.47583,30U,-6.422,2.531,0.018,0.04178734166193383,-0.011115300980495187,-1.9923578318004265
1439814319546985,51.7588375287,-1.2607452713,111.471901,5735647.1166748125,620037.0388822518,-111.471901,30U,-6.445,2.54,0.047,0.04146402822318796,-0.006067965285656282,-1.9927469423106503
1439814319645596,51.7588317033,-1.2607416234,111.469345,5735646.474857444,620037.306079019,-111.469345,30U,-6.488,2.559,-0.0,0.04160300000030083,-0.002955599999496191,-1.9930640071652417
1439814319743965,51.7588258495,-1.2607379333,111.472725,5735645.829951286,620037.5762634545,-111.472725,30U,-6.521,2.572,-0.063,0.04179412590334399,-0.003315896286158745,-1.9937280408571352
1439814319842334,51.7588199832,-1.2607342023,111.481361,5735645.183722378,620037.8493036751,-111.481361,30U,-6.513,2.605,-0.119,0.04304954501992267,-0.006119228492561939,-1.9941931082185789
1439814319940830,51.7588141153,-1.2607304733,111.49337,5735644.537312264,620038.1222101819,-111.49337,30U,-6.517,2.584,-0.106,0.04273500936034786,-0.01087988197032324,-1.9951114375867651
1439814320039329,51.7588082525,-1.2607267736,111.500626,5735643.891421093,620038.3930811915,-111.500626,30U,-6.501,2.576,-0.047,0.03914057580258508,-0.012952308955506118,-1.9966696552907344
1439814320145483,51.7588024101,-1.2607230981,111.502892,5735643.247758711,620038.662228083,-111.502892,30U,-6.459,2.575,-0.016,0.037655074417957506,-0.012595582090566033,-1.9984173621349555
1439814320251636,51.7587966095,-1.2607194161,111.504868,5735642.608755468,620038.9317127517,-111.504868,30U,-6.418,2.594,-0.006,0.03653484271772652,-0.012970974487401983,-1.999949836546617
1439814320350127,51.7587908366,-1.260715742,111.503998,5735641.972819651,620039.2005788262,-111.503998,30U,-6.393,2.585,0.012,0.03835165724899984,-0.012535874214539687,-2.001423452120356
1439814320448618,51.7587851006,-1.2607119404,111.504745,5735641.341197213,620039.4781460646,-111.504745,30U,-6.354,2.571,-0.011,0.03971701363938,-0.013547936942244787,-2.003564965195887
1439814320547100,51.7587794027,-1.2607080609,111.507797,5735640.713939967,620039.7609883145,-111.507797,30U,-6.324,2.571,-0.045,0.03733464122277237,-0.013318276434754953,-2.005226797582307
1439814320645582,51.7587737324,-1.2607042381,111.510864,5735640.089658706,620040.0398444765,-111.510864,30U,-6.29,2.568,-0.029,0.036820500000672864,-0.014335499999829105,-2.0059411071762736
1439814320744070,51.7587681046,-1.2607004457,111.512268,5735639.470053695,620040.3164900318,-111.512268,30U,-6.257,2.571,0.021,0.036592735875445793,-0.01518446969730732,-2.006142992168472
1439814320842559,51.7587624994,-1.2606966929,111.512192,5735638.852896782,620040.5903428541,-111.512192,30U,-6.22,2.558,-0.036,0.03946658874906633,-0.01579878645325552,-2.00653398812298
1439814320940982,51.758756914,-1.2606929952,111.514793,5735638.2378510805,620040.8603406881,-111.514793,30U,-6.198,2.542,-0.008,0.03806762121984896,-0.016568233364959262,-2.0072197538867744
1439814321039403,51.7587513444,-1.2606893425,111.514038,5735637.624488385,620041.1271911585,-111.514038,30U,-6.172,2.523,0.021,0.03702673916349466,-0.015077742581419076,-2.0068018630368116
1439814321145551,51.7587457914,-1.2606857078,111.512421,5735637.012942104,620041.3927554538,-111.512421,30U,-6.156,2.519,0.012,0.036405972072056814,-0.013101445130502199,-2.0061164352385736
1439814321251699,51.7587402417,-1.2606820913,111.509132,5735636.401732861,620041.6570550463,-111.509132,30U,-6.153,2.53,0.024,0.03567714750670702,-0.01124405347086519,-2.0054877891444614
1439814321350097,51.7587346891,-1.2606784707,111.509033,5735635.790207878,620041.9216453384,-111.509033,30U,-6.164,2.512,-0.015,0.034812310736510255,-0.011410351367167035,-2.004853890307433
1439814321448497,51.7587291401,-1.260674818,111.511276,5735635.17913609,620042.1884414136,-111.511276,30U,-6.169,2.511,-0.032,0.034878968230874705,-0.011688025912049831,-2.0047044549376243
1439814321546949,51.7587236074,-1.2606711189,111.514526,5735634.569953348,620042.4583964557,-111.514526,30U,-6.166,2.52,-0.039,0.03507592231537971,-0.011854067478825753,-2.0044417779808237
1439814321645402,51.758718075,-1.2606674368,111.517136,5735633.960776002,620042.7271775664,-111.517136,30U,-6.176,2.509,-0.01,0.03415569999973844,-0.01169849999941019,-2.0044637071702107
1439814321743859,51.7587125337,-1.2606637814,111.516548,5735633.350564986,620042.9941397329,-111.516548,30U,-6.195,2.522,0.014,0.03374801026415039,-0.010878077614035944,-2.004622770771011
1439814321842316,51.7587069594,-1.2606601046,111.51561,5735632.7367194,620043.2626663347,-111.51561,30U,-6.23,2.549,0.003,0.03338959109480632,-0.010614158228899603,-2.0046258394612613
1439814321940794,51.7587013386,-1.2606563961,111.516327,5735632.117754908,620043.5335039983,-111.516327,30U,-6.276,2.585,-0.01,0.03304490990069689,-0.011675535053105559,-2.004969562213048
1439814322039273,51.7586956508,-1.2606526562,111.516273,5735631.49139129,620043.8066863946,-111.516273,30U,-6.364,2.593,0.016,0.0280352299549958,-0.009457700228622795,-2.005184339568459
1439814322145401,51.7586898867,-1.2606488682,111.515594,5735630.856621817,620044.083390686,-111.515594,30U,-6.44,2.656,-0.006,0.030573838308631845,-0.005108444269148475,-2.0055866106291873
1439814322251533,51.7586840526,-1.2606449915,111.515388,5735630.2142139105,620044.3664020397,-111.515388,30U,-6.518,2.727,0.027,0.033226920333029326,-0.002397464906968158,-2.005829034209389
1439814322350086,51.7586781418,-1.2606410556,111.514359,5735629.563373938,620044.6537023842,-111.514359,30U,-6.617,2.73,-0.018,0.03318158718070862,-0.0016338999241405695,-2.00632300811533
1439814322448633,51.7586721555,-1.260637102,111.520424,5735628.904167035,620044.9424245555,-111.520424,30U,-6.701,2.746,-0.104,0.026623374520137293,-0.004837804083574957,-2.0078925563222696
1439814322546992,51.7586661247,-1.260633055,111.529823,5735628.240165203,620045.237710519,-111.529823,30U,-6.744,2.837,-0.089,0.023317852397748567,-0.00904364765264583,-2.0083079525207728
1439814322645350,51.7586600512,-1.2606289015,111.53624,5735627.571590173,620045.5404595546,-111.53624,30U,-6.808,2.879,-0.026,0.02354329999981934,-0.011439700000073168,-2.0087930071659175
1439814322743995,51.758653918,-1.2606247201,111.53701,5735626.896422068,620045.8452924386,-111.53701,30U,-6.878,2.909,0.008,0.024664144574162498,-0.011053588171453245,-2.0104373269709823
1439814322842641,51.7586477144,-1.2606205026,111.535057,5735626.213484474,620046.1528034479,-111.535057,30U,-6.946,2.93,0.025,0.023427944632353034,-0.010502590732055608,-2.012597094672053
1439814322941018,51.7586414512,-1.2606162272,111.532669,5735625.524014305,620046.464468394,-111.532669,30U,-6.997,2.986,0.018,0.022996538209226244,-0.009288509967448557,-2.0149571234062655
1439814323039386,51.7586351359,-1.260611874,111.532631,5735624.8288783645,620046.7816407216,-111.532631,30U,-7.057,3.033,-0.009,0.0215240256416865,-0.008625405782063925,-2.0178008519388846
1439814323145456,51.7586287637,-1.2606074486,111.532707,5735624.1275336435,620047.1039467,-111.532707,30U,-7.117,3.087,0.001,0.019579124595797838,-0.008142718939594396,-2.021112747729685
1439814323251534,51.7586223367,-1.2606029509,111.534004,5735623.420213843,620047.4313876621,-111.534004,30U,-7.167,3.153,-0.018,0.01906904613891382,-0.008544019647873442,-2.025004257957748
1439814323350023,51.7586158659,-1.2605983488,111.536339,5735622.708195067,620047.7661497131,-111.536339,30U,-7.218,3.223,-0.024,0.019164880604325817,-0.008838739804288181,-2.029716167129668
1439814323448513,51.7586093551,-1.2605936435,111.538528,5735621.99189793,620048.108139964,-111.538528,30U,-7.274,3.286,-0.012,0.01868365210138339,-0.009432100733992218,-2.034771273133311
1439814323547029,51.7586028049,-1.2605888336,111.538872,5735621.271391458,620048.4574534439,-111.538872,30U,-7.321,3.357,-0.011,0.01792413158399408,-0.00985737707558447,-2.039670406496806
1439814323645544,51.7585962133,-1.2605839141,111.539909,5735620.546461472,620048.8144405201,-111.539909,30U,-7.366,3.437,-0.0,0.018248800000378092,-0.011748600000219931,-2.0444669071699013
1439814323743970,51.7585895753,-1.2605789037,111.540215,5735619.816521162,620049.1778239378,-111.540215,30U,-7.42,3.496,0.0,0.01743409550387427,-0.013006118671094259,-2.0492692765300595
1439814323842396,51.7585828848,-1.2605737963,111.5401,5735619.080902209,620049.5480408531,-111.5401,30U,-7.473,3.575,0.016,0.017310378105136696,-0.014014124864409299,-2.0539392087008728
1439814323940787,51.7585761429,-1.2605685678,111.536354,5735618.339766611,620049.9267515376,-111.536354,30U,-7.529,3.66,0.044,0.01847472748945335,-0.013953914719276143,-2.0583162161721256
1439814324039176,51.7585693457,-1.2605632207,111.531807,5735617.592676556,620050.3137938107,-111.531807,30U,-7.597,3.73,0.04,0.0198705088782333,-0.012945304094006528,-2.062456751531206
1439814324145302,51.7585624913,-1.2605577616,111.528061,5735616.83940988,620050.7087172398,-111.528061,30U,-7.663,3.807,0.039,0.021465357933025127,-0.012155539879529473,-2.065745027100561
1439814324251441,51.7585555801,-1.2605522115,111.524895,5735616.07997651,620051.1100715183,-111.524895,30U,-7.715,3.868,0.016,0.022996375073301063,-0.012614589932142765,-2.0677113268691896
1439814324350045,51.7585486323,-1.2605465934,111.523827,5735615.3165849475,620051.5162157995,-111.523827,30U,-7.748,3.902,-0.001,0.025460091626241382,-0.01481587362305061,-2.0694311609797897
1439814324448642,51.7585416618,-1.2605409327,111.52459,5735614.550739158,620051.9253603135,-111.52459,30U,-7.766,3.92,0.002,0.027367986124387456,-0.01743122550539624,-2.071417727913119
1439814324547019,51.7585346837,-1.2605352515,111.523102,5735613.784081976,620052.3359398486,-111.523102,30U,-7.762,3.931,0.036,0.027771799560501315,-0.018267643273114326,-2.0731699428555315
1439814324645396,51.7585277172,-1.2605295544,111.520065,5735613.018740994,620052.7475860234,-111.520065,30U,-7.743,3.938,0.026,0.02941420000080798,-0.019206700000455216,-2.074519807167655
1439814324743961,51.7585207679,-1.2605238439,111.515411,5735612.255334849,620053.1601114533,-111.515411,30U,-7.717,3.938,0.034,0.031155641446372357,-0.01956156256053885,-2.075822550522127
1439814324842526,51.758513845,-1.2605181375,111.513443,5735611.494857836,620053.5722840277,-111.513443,30U,-7.688,3.936,0.027,0.03347462508407053,-0.021661441820799696,-2.0770986384403187
1439814324940869,51.7585069475,-1.2605124352,111.509407,5735610.737198745,620053.9841063982,-111.509407,30U,-7.658,3.937,0.051,0.03510424241179501,-0.02301527223133262,-2.078297014439101
1439814325039205,51.7585000781,-1.2605067375,111.504196,5735609.9826570125,620054.3955368942,-111.504196,30U,-7.635,3.931,0.059,0.034800147400817424,-0.024092370340904706,-2.079409297691752
1439814325145499,51.758493232,-1.2605010466,111.497726,5735609.230695226,620054.8064364239,-111.497726,30U,-7.602,3.933,0.08,0.03753962392830164,-0.024991965461837327,-2.0806190646517106
1439814325251791,51.7584864155,-1.2604953427,111.489006,5735608.482046579,620055.2181547101,-111.489006,30U,-7.572,3.935,0.095,0.04050556969680626,-0.02439659990280499,-2.0819710346861235
1439814325350099,51.7584796245,-1.2604896509,111.480927,5735607.736213808,620055.6289704283,-111.480927,30U,-7.554,3.925,0.077,0.03853461337053417,-0.023927883263844377,-2.0836767099178863
1439814325448419,51.7584728488,-1.2604839769,111.472626,5735606.992053226,620056.0385172649,-111.472626,30U,-7.518,3.919,0.054,0.038239224805375796,-0.024327088140615055,-2.085610242770419
1439814325547089,51.7584661054,-1.2604782673,111.467468,5735606.251543239,620056.4504353666,-111.467468,30U,-7.472,3.967,0.065,0.04467306676952658,-0.02659310928394124,-2.0877016572867815
1439814325645759,51.7584593992,-1.2604725265,111.461075,5735605.515221521,620056.8644080816,-111.461075,30U,-7.452,3.953,0.075,0.049012900000056675,-0.027009299999952975,-2.089739107165151
1439814325744056,51.7584527299,-1.2604667971,111.451302,5735604.782984584,620057.2774962948,-111.451302,30U,-7.42,3.948,0.084,0.04860334330322106,-0.024406610654118158,-2.0922861500405636
1439814325842353,51.7584460672,-1.2604610688,111.441086,5735604.0514798295,620057.6904912037,-111.441086,30U,-7.384,3.963,0.118,0.048274098202441995,-0.022219984699035484,-2.093994812961846
1439814325940745,51.7584394453,-1.2604553243,111.431694,5735603.324538993,620058.104495994,-111.431694,30U,-7.347,3.963,0.055,0.04804850965630747,-0.020805582106232005,-2.095596025926914
1439814326039140,51.75843285,-1.2604495969,111.427605,5735602.600528127,620058.5172502346,-111.427605,30U,-7.327,3.947,0.036,0.045978032266730924,-0.02120640284373077,-2.0977757886609467
1439814326145225,51.7584262793,-1.2604438783,111.4235,5735601.879238484,620058.9293320272,-111.4235,30U,-7.289,3.956,0.039,0.04468353619162186,-0.021319004641888115,-2.1000836012978237
1439814326251320,51.7584197445,-1.2604381366,111.419037,5735601.161979208,620059.3429128829,-111.419037,30U,-7.255,3.962,0.047,0.044317624534983814,-0.021410689735356484,-2.1021759431948848
1439814326349888,51.7584132378,-1.2604323952,111.414345,5735600.447844366,620059.7563986079,-111.414345,30U,-7.222,3.961,0.048,0.04431267966814706,-0.021798073168981507,-2.1044513400235507
1439814326448459,51.7584067558,-1.2604266561,111.409088,5735599.736452568,620060.1696601976,-111.409088,30U,-7.19,3.961,0.05,0.042794825657972664,-0.021672545678804715,-2.1067271914057666
1439814326547143,51.7584002965,-1.2604209191,111.404022,5735599.027581728,620060.582716758,-111.404022,30U,-7.159,3.963,0.058,0.040371987618596596,-0.021381368526808893,-2.109055524559338
1439814326645826,51.7583938683,-1.2604151811,111.39785,5735598.3221710855,620060.9957599441,-111.39785,30U,-7.121,3.968,0.055,0.03830149999964531,-0.02003430000001841,-2.1122331071761944
1439814326744140,51.7583874753,-1.2604094176,111.393059,5735597.620716914,620061.4104696756,-111.393059,30U,-7.078,3.987,0.039,0.03943406852478743,-0.020065904594901117,-2.116262896088435
1439814326842454,51.7583811244,-1.2604036234,111.388672,5735596.923995101,620061.8271865132,-111.388672,30U,-7.031,4.003,0.037,0.041988974028194986,-0.021587142445938623,-2.1203496429132427
1439814326940893,51.7583748187,-1.2603978123,111.384842,5735596.232327666,620062.2449498633,-111.384842,30U,-6.988,4.02,0.028,0.044690275825907,-0.021905629675802275,-2.124408897643286
1439814327039335,51.7583685551,-1.2603919733,111.380974,5735595.545387979,620062.6645270843,-111.380974,30U,-6.95,4.033,0.051,0.04480651844197052,-0.021354858727781666,-2.1273425312970815
1439814327145368,51.7583623222,-1.2603861245,111.374779,5735594.861878494,620063.0846992964,-111.374779,30U,-6.914,4.043,0.065,0.04832616681247493,-0.021522313925730573,-2.129016569067666
1439814327251392,51.7583561258,-1.2603802548,111.370041,5735594.182462477,620063.506217148,-111.370041,30U,-6.882,4.049,0.019,0.052890089442069195,-0.024377547996900627,-2.1297167505354975
1439814327349705,51.7583499539,-1.2603743918,111.367683,5735593.505760021,620063.9272077356,-111.367683,30U,-6.859,4.036,0.03,0.05728675468409599,-0.02914081502318631,-2.1299806510553694
1439814327448028,51.7583437906,-1.2603685698,111.363113,5735592.829946476,620064.3453461194,-111.363113,30U,-6.848,4.002,0.074,0.05872963220845402,-0.031553140867683134,-2.130087711576269
1439814327546683,51.7583376417,-1.260362789,111.353195,5735592.155666514,620064.7606031101,-111.353195,30U,-6.813,3.983,0.117,0.05890802611437281,-0.032770092454563624,-2.1300470560861124
1439814327645338,51.758331527,-1.26035703,111.339386,5735591.485153951,620065.174265017,-111.339386,30U,-6.761,3.964,0.136,0.057472199999445514,-0.033839800000579394,-2.129230907176064
1439814327743917,51.7583254608,-1.2603513039,111.326561,5735590.819980766,620065.5855278701,-111.326561,30U,-6.707,3.938,0.123,0.0631918252194004,-0.03420888690156433,-2.1279433171017694
1439814327842496,51.7583194522,-1.2603456222,111.313217,5735590.161140003,620065.9935738867,-111.313217,30U,-6.643,3.891,0.137,0.06844475565437737,-0.03212679068236967,-2.126138508809103
1439814327940929,51.7583134965,-1.2603400332,111.299454,5735589.5080294795,620066.3950822408,-111.299454,30U,-6.602,3.81,0.152,0.06918342817370902,-0.029442073945687906,-2.1248714295649256
1439814328039356,51.758307592,-1.2603345574,111.286995,5735588.860426394,620066.7886426885,-111.286995,30U,-6.525,3.762,0.111,0.06942373213181917,-0.0278689516796854,-2.1237397614289644
1439814328145376,51.7583017616,-1.2603291333,111.279449,5735588.220978613,620067.1784387288,-111.279449,30U,-6.446,3.724,0.054,0.07054192295746928,-0.02843332547256864,-2.122142614801801
1439814328251393,51.7582960001,-1.2603237645,111.273346,5735587.5891019385,620067.5642357098,-111.273346,30U,-6.381,3.673,0.07,0.0709543644182684,-0.02843480772310649,-2.120474803126804
1439814328349793,51.758290289,-1.2603184877,111.266029,5735586.962678632,620067.9435499551,-111.266029,30U,-6.328,3.603,0.075,0.06905111367402987,-0.02772791020387906,-2.1187568485961825
1439814328448201,51.7582846254,-1.2603132983,111.258316,5735586.34139377,620068.3167066099,-111.258316,30U,-6.262,3.56,0.076,0.06893238593774965,-0.02767446590089509,-2.1165167940565506
1439814328546900,51.7582790196,-1.2603081636,111.250679,5735585.726446607,620068.6859350484,-111.250679,30U,-6.185,3.522,0.072,0.07222890761186133,-0.028426291170855232,-2.113317116775641
1439814328645598,51.7582734757,-1.2603031171,111.245331,5735585.118237937,620069.0489124813,-111.245331,30U,-6.125,3.434,0.05,0.0736649999994553,-0.030081399999217488,-2.109862507174688
1439814328743994,51.758267999,-1.2602981939,111.239426,5735584.517299369,620069.4032025123,-111.239426,30U,-6.046,3.344,0.056,0.07443328142740846,-0.029981829129452162,-2.106780113680772
1439814328842389,51.7582626056,-1.2602933943,111.233215,5735583.925420828,620069.7487417217,-111.233215,30U,-5.937,3.272,0.068,0.07407367359110532,-0.029275922409206474,-2.1034032870864876
1439814328940723,51.7582573185,-1.2602887014,111.225555,5735583.345187882,620070.0866353994,-111.225555,30U,-5.823,3.193,0.077,0.07527851717621159,-0.02870725850801004,-2.098921182432665
1439814329039056,51.7582521251,-1.2602841418,111.217964,5735582.775155534,620070.4150812372,-111.217964,30U,-5.729,3.094,0.067,0.07673740412757796,-0.028084049992418647,-2.094498190649437
1439814329145326,51.7582470186,-1.260279721,111.21244,5735582.214558531,620070.733717703,-111.21244,30U,-5.629,3.007,0.048,0.07753320854960505,-0.028080266212848103,-2.090551795506172
1439814329251593,51.7582420109,-1.2602754088,111.208099,5735581.664769935,620071.0445973942,-111.208099,30U,-5.525,2.927,0.04,0.0787881021510366,-0.028346913392271005,-2.086537794912158
1439814329349881,51.7582370902,-1.2602712224,111.203606,5735581.124449205,620071.3465645977,-111.203606,30U,-5.431,2.837,0.046,0.07851161051701697,-0.028552560103078203,-2.0821050808595984
1439814329448182,51.7582322518,-1.2602671667,111.198242,5735580.593065594,620071.6392936184,-111.198242,30U,-5.333,2.749,0.063,0.07900964341651674,-0.02818401459275526,-2.0774335100166033
1439814329546856,51.7582274969,-1.2602632304,111.192696,5735580.070771154,620071.9235611077,-111.192696,30U,-5.236,2.673,0.047,0.07819393630166148,-0.02750782211349675,-2.0730301240230085
1439814329645529,51.7582228236,-1.2602594207,111.188293,5735579.557342743,620072.1988752122,-111.188293,30U,-5.143,2.596,0.044,0.07853540000049349,-0.027418299999589064,-2.069052107178889
1439814329743830,51.7582182356,-1.2602557024,111.183174,5735579.053249766,620072.4676553471,-111.183174,30U,-5.064,2.518,0.057,0.07682325307913776,-0.02703699833853021,-2.0651092126075983
1439814329842131,51.7582137212,-1.2602520912,111.177147,5735578.557165267,620072.7288490557,-111.177147,30U,-4.974,2.454,0.055,0.07727668193761186,-0.026938490951983328,-2.0612269648767825
1439814329940764,51.7582092979,-1.2602485628,111.174606,5735578.071075357,620072.9840869089,-111.174606,30U,-4.878,2.403,0.028,0.07896869177889283,-0.028092692951886312,-2.0572505856052867
1439814330039408,51.7582049502,-1.2602451472,111.17054,5735577.5932069495,620073.2313396505,-111.17054,30U,-4.799,2.311,0.038,0.07805834136489609,-0.027533110939520475,-2.0538526985592513
1439814330145564,51.7582006773,-1.2602418469,111.166809,5735577.12346696,620073.4704368702,-111.166809,30U,-4.709,2.246,0.038,0.07701019490261979,-0.027459280215234156,-2.050773768583969
1439814330251695,51.7581964828,-1.2602386277,111.162148,5735576.662312038,620073.7037292388,-111.162148,30U,-4.631,2.184,0.059,0.07509317165180737,-0.027742531085331743,-2.049103848865394
1439814330349955,51.7581923564,-1.2602354827,111.15522,5735576.208608117,620073.931720262,-111.15522,30U,-4.557,2.15,0.08,0.0737914316766497,-0.026118973430814447,-2.0495645348570033
1439814330448222,51.7581882976,-1.2602323714,111.148651,5735575.76236627,620074.1572062674,-111.148651,30U,-4.475,2.137,0.046,0.07308383369396158,-0.024786463993839814,-2.0514968875004422
1439814330546729,51.7581843063,-1.2602292877,111.144455,5735575.323585418,620074.3806084961,-111.144455,30U,-4.398,2.119,0.036,0.0746197165503927,-0.024681448209935064,-2.0545373246928573
1439814330645237,51.7581803832,-1.2602262348,111.140976,5735574.892338137,620074.6017042478,-111.140976,30U,-4.323,2.1,0.037,0.07660420000041783,-0.02444219999974412,-2.0587236071736683
1439814330743967,51.7581765288,-1.2602231912,111.136627,5735574.468715428,620074.8219759633,-111.136627,30U,-4.249,2.086,0.052,0.07807061290402123,-0.024402986020650125,-2.0635476052647825
1439814330842697,51.7581727427,-1.2602201714,111.132034,5735574.0526489355,620075.0404240214,-111.132034,30U,-4.171,2.071,0.034,0.07818232923730783,-0.024366302421651005,-2.068971184621601
1439814330940859,51.7581690264,-1.2602171859,111.128441,5735573.644288182,620075.2563198109,-111.128441,30U,-4.097,2.044,0.036,0.07629403773626811,-0.024237844631870533,-2.0758968250853878
1439814331039003,51.7581653863,-1.2602142318,111.124908,5735573.244349661,620075.4698464868,-111.124908,30U,-4.001,2.036,0.032,0.07372844933430849,-0.02438661442385938,-2.085381838495074
1439814331145319,51.7581618417,-1.2602112795,111.121948,5735572.85502839,620075.6829956154,-111.121948,30U,-3.891,2.038,0.026,0.07032240363847427,-0.024260150945020667,-2.097355939272311
1439814331251649,51.7581583984,-1.2602083063,111.11895,5735572.477006731,620075.8973183905,-111.11895,30U,-3.774,2.046,0.031,0.06780881036120476,-0.02431585307922885,-2.1123572624640783
1439814331350015,51.7581550629,-1.2602053247,111.114426,5735572.110986953,620076.1119349103,-111.114426,30U,-3.651,2.056,0.061,0.06570697715248643,-0.024729928098394666,-2.130695000652283
1439814331448389,51.7581518493,-1.2602023164,111.107529,5735571.75856719,620076.3280706959,-111.107529,30U,-3.506,2.084,0.069,0.06520589464092998,-0.023408022173671078,-2.1514966812145984
1439814331547028,51.758148762,-1.2601992873,111.101357,5735571.420227035,620076.545306898,-111.101357,30U,-3.373,2.092,0.055,0.06678055969770609,-0.02161863619146988,-2.174881873062701
1439814331645667,51.7581457937,-1.260196259,111.096909,5735571.095119125,620076.7621722141,-111.096909,30U,-3.238,2.096,0.03,0.06685279999943818,-0.021285300000526895,-2.201401007175416
1439814331744140,51.7581429597,-1.2601931714,111.094559,5735570.78504386,620076.9827737005,-111.094559,30U,-3.082,2.137,0.008,0.0657860549368975,-0.02275353108517061,-2.228821748569488
1439814331842612,51.7581402598,-1.2601900342,111.093544,5735570.489963032,620077.2064424654,-111.093544,30U,-2.936,2.166,0.027,0.06363525922476547,-0.025349248868642635,-2.255268272447464
1439814331940965,51.7581376808,-1.2601868886,111.088745,5735570.208340884,620077.430370214,-111.088745,30U,-2.807,2.164,0.055,0.06137214312961935,-0.025210840927125944,-2.2821876649944817
1439814332039314,51.7581352246,-1.2601837389,111.084465,5735569.940381629,620077.6542551487,-111.084465,30U,-2.661,2.183,0.03,0.06059103314420094,-0.025236298126807933,-2.3098890650013986
1439814332145391,51.7581329097,-1.2601805528,111.081688,5735569.688195765,620077.8802772921,-111.081688,30U,-2.5,2.211,0.031,0.060842366871089355,-0.026195374417714377,-2.336254926533225
1439814332251465,51.7581307239,-1.2601773364,111.076927,5735569.4504165305,620078.1080480333,-111.076927,30U,-2.386,2.193,0.055,0.06157757253122671,-0.024872132356181922,-2.361354357367771
1439814332349779,51.7581286282,-1.2601741722,111.072121,5735569.222571051,620078.3319773054,-111.072121,30U,-2.285,2.163,0.042,0.060264434285453805,-0.023894936631194602,-2.387479646555227
1439814332448100,51.7581266358,-1.2601710329,111.068054,5735569.006172196,620078.5539141294,-111.068054,30U,-2.15,2.16,0.041,0.05785481343775286,-0.02469258443681639,-2.4133391655912093
1439814332546619,51.758124768,-1.2601678992,111.063133,5735568.803620436,620078.7751339343,-111.063133,30U,-2.009,2.158,0.058,0.057419181701661354,-0.024861683888509647,-2.4379717285302953
1439814332645137,51.7581230154,-1.2601647872,111.057457,5735568.613843926,620078.9945505576,-111.057457,30U,-1.895,2.136,0.05,0.059006999999503484,-0.024807500000509814,-2.4624295071644102
1439814332743802,51.7581213622,-1.2601616999,111.052406,5735568.435080662,620079.2119988763,-111.052406,30U,-1.794,2.102,0.055,0.06023709159261825,-0.02521988836839309,-2.487480729701181
1439814332842468,51.7581198003,-1.260158668,111.046967,5735568.266379333,620079.425381694,-111.046967,30U,-1.69,2.065,0.047,0.058978138580494034,-0.02416329355958737,-2.513173287085166
1439814332940985,51.7581183318,-1.2601556986,111.042778,5735568.107961778,620079.6342034494,-111.042778,30U,-1.589,2.021,0.041,0.05585725638079952,-0.02409913600677564,-2.539762420577139
1439814333039497,51.7581169675,-1.2601527938,111.038338,5735567.9610255705,620079.838290562,-111.038338,30U,-1.45,1.983,0.041,0.053716089651896066,-0.02478934980500087,-2.5666733561312656
1439814333145719,51.7581157396,-1.2601499556,111.035614,5735567.829148257,620080.0374195756,-111.035614,30U,-1.302,1.924,0.011,0.05263553747464776,-0.026521600252476466,-2.5921585646476553
1439814333251928,51.7581146317,-1.2601472225,111.034622,5735567.710442668,620080.2289770171,-111.034622,30U,-1.196,1.825,0.017,0.05390680889496884,-0.028564017692198712,-2.6171487795669424
1439814333350242,51.7581136192,-1.2601446349,111.031059,5735567.602106608,620080.4102400437,-111.031059,30U,-1.082,1.729,0.05,0.05321902334540665,-0.029532875792599025,-2.6420350687337457
1439814333448559,51.7581127086,-1.2601421915,111.02597,5735567.5048650615,620080.5812811247,-111.02597,30U,-0.965,1.634,0.045,0.05247270482834665,-0.029889731803177107,-2.665212167121888
1439814333546967,51.7581118954,-1.2601398944,111.022003,5735567.41821414,620080.7419672711,-111.022003,30U,-0.868,1.53,0.039,0.051009669117647226,-0.03070207327746271,-2.687259418066638
1439814333645374,51.758111152,-1.260137753,111.017548,5735567.33906907,620080.8917229881,-111.017548,30U,-0.797,1.429,0.053,0.04863440000085432,-0.03087500000058614,-2.709708107166091
1439814333744025,51.7581104901,-1.2601357316,111.011673,5735567.268789747,620081.0329809805,-111.011673,30U,-0.694,1.344,0.058,0.04742313294262093,-0.03036597468235409,-2.730704666846815
1439814333842675,51.7581099207,-1.2601338355,111.006279,5735567.208590709,620081.165346298,-111.006279,30U,-0.6,1.255,0.047,0.04710228495074044,-0.029292280090487097,-2.7489336040892427
1439814333940961,51.7581094129,-1.2601320867,111.002579,5735567.15499946,620081.2873826424,-111.002579,30U,-0.547,1.151,0.03,0.04805622413028368,-0.028759050101129436,-2.7664770905125406
1439814334039235,51.7581089497,-1.260130478,110.999489,5735567.106137349,620081.3996320072,-110.999489,30U,-0.491,1.072,0.035,0.04912695685303147,-0.028562742100861602,-2.7835273959678823
1439814334145460,51.7581085375,-1.2601289616,110.995422,5735567.062794793,620081.5053762099,-110.995422,30U,-0.435,1.02,0.043,0.049702074323812656,-0.028184917783189874,-2.7985500216013026
1439814334251697,51.7581081701,-1.2601275176,110.991463,5735567.024315078,620081.6060050493,-110.991463,30U,-0.401,0.961,0.035,0.049664352981710895,-0.028134513098507286,-2.8118927910076503
1439814334350178,51.7581078243,-1.260126162,110.988388,5735566.988091874,620081.7004758755,-110.988388,30U,-0.38,0.902,0.028,0.04875369967105846,-0.028350245897764824,-2.8247436585280385
1439814334448649,51.758107504,-1.2601248873,110.985283,5735566.954571235,620081.7892959348,-110.985283,30U,-0.34,0.852,0.033,0.048289776730732106,-0.02818521536182734,-2.8368872588230856
1439814334546833,51.7581072195,-1.2601236864,110.982079,5735566.924910273,620081.8729278907,-110.982079,30U,-0.303,0.801,0.029,0.04845238674806982,-0.027620297357830035,-2.8479753094508795
1439814334645016,51.7581069584,-1.2601225675,110.979324,5735566.897716531,620081.9508387374,-110.979324,30U,-0.284,0.744,0.026,0.04876289999967743,-0.027064400000805202,-2.8584681071771536
1439814334743638,51.7581067174,-1.2601215169,110.976425,5735566.872645583,620082.0239827011,-110.976425,30U,-0.262,0.699,0.03,0.04850375337271497,-0.026426446627788366,-2.868318465192986
1439814334842260,51.7581064961,-1.2601205226,110.973129,5735566.849672706,620082.093188994,-110.973129,30U,-0.24,0.668,0.034,0.0479157809341463,-0.025851921675344287,-2.877076893724103
1439814334940672,51.7581062882,-1.2601195715,110.969666,5735566.828118865,620082.159378394,-110.969666,30U,-0.23,0.64,0.034,0.04720723683290529,-0.025331545147554972,-2.885493375829733
1439814335039078,51.7581060889,-1.2601186623,110.966469,5735566.807452415,620082.2226533537,-110.966469,30U,-0.215,0.612,0.029,0.04688908599780167,-0.02473984756898796,-2.894010926356968
1439814335145296,51.7581059069,-1.2601178007,110.963844,5735566.788631462,620082.2825974183,-110.963844,30U,-0.193,0.574,0.024,0.04684741915915686,-0.024469870838913662,-2.901884811167228
1439814335251509,51.7581057475,-1.2601169983,110.961464,5735566.7722263,620082.3383959809,-110.961464,30U,-0.175,0.524,0.023,0.047026699217606105,-0.024311103029533862,-2.908803354441597
1439814335349820,51.758105601,-1.2601162702,110.959038,5735566.757133369,620082.3890326879,-110.959038,30U,-0.161,0.474,0.025,0.04699698515289717,-0.024010830097631934,-2.915286129475929
1439814335448135,51.7581054652,-1.2601156147,110.956535,5735566.743110812,620082.4346306968,-110.956535,30U,-0.147,0.426,0.025,0.04692893189604063,-0.02360701893917274,-2.921511130096063
1439814335546576,51.7581053436,-1.2601150265,110.953995,5735566.7305565765,620082.4755464876,-110.953995,30U,-0.127,0.383,0.026,0.04698067610521616,-0.02320325241401851,-2.9270473639809267
1439814335645016,51.758105235,-1.2601145008,110.951469,5735566.719345121,620082.5121145052,-110.951469,30U,-0.116,0.342,0.025,0.04689180000049648,-0.022808300000554393,-2.931843207171039
1439814335743503,51.7581051358,-1.2601140301,110.94912,5735566.7090884475,620082.5448618941,-110.94912,30U,-0.11,0.301,0.023,0.046572882599332094,-0.022444283186798718,-2.9363780741928007
1439814335841990,51.758105043,-1.2601136152,110.947006,5735566.699451623,620082.5737414039,-110.947006,30U,-0.096,0.266,0.019,0.046045334410671906,-0.022148924206716495,-2.9405088108022217
1439814335940536,51.7581049623,-1.2601132491,110.945229,5735566.691080046,620082.5992209989,-110.945229,30U,-0.084,0.235,0.018,0.04544037304188408,-0.022001176840820775,-2.943902148787188
1439814336039083,51.7581048864,-1.2601129305,110.943405,5735566.683164054,620082.6214097644,-110.943405,30U,-0.081,0.202,0.016,0.04487858620045275,-0.0218731736831305,-2.9470217240424503
1439814336145114,51.7581048146,-1.2601126599,110.941803,5735566.675624975,620082.6402750507,-110.941803,30U,-0.073,0.171,0.015,0.044238448725900624,-0.021799552946387805,-2.9499521119423426
1439814336251145,51.7581047554,-1.260112426,110.940231,5735566.669426672,620082.6565741469,-110.940231,30U,-0.06,0.144,0.014,0.04367313802456696,-0.021702155131968933,-2.9523319426062895
1439814336349700,51.7581047045,-1.2601122354,110.938812,5735566.664080089,620082.6698629792,-110.938812,30U,-0.054,0.113,0.013,0.04320890378207922,-0.02161487926204455,-2.9541660079230208
1439814336448249,51.7581046565,-1.2601120919,110.937599,5735566.658978453,620082.679893628,-110.937599,30U,-0.05,0.081,0.012,0.04278155999326823,-0.02156310315697694,-2.955848271604903
1439814336546610,51.7581046149,-1.2601119951,110.936424,5735566.65451165,620082.6866844109,-110.936424,30U,-0.038,0.05,0.012,0.04245380704777053,-0.02146681589381578,-2.9571458912661037
1439814336644971,51.7581045817,-1.2601119453,110.935379,5735566.650901595,620082.6902093184,-110.935379,30U,-0.03,0.018,0.01,0.042213100000633635,-0.021371699999655446,-2.9578885071683847
1439814336743724,51.7581045554,-1.2601119395,110.934555,5735566.647986419,620082.6906793679,-110.934555,30U,-0.026,-0.015,0.008,0.042011708015079696,-0.021315319745691674,-2.9583273446571785
1439814336842476,51.7581045333,-1.2601119786,110.933861,5735566.645464382,620082.6880396119,-110.933861,30U,-0.018,-0.043,0.006,0.04186739199790933,-0.021239333052832283,-2.958525142629321
1439814336940918,51.7581045161,-1.2601120412,110.933098,5735566.643448564,620082.6837650602,-110.933098,30U,-0.017,-0.041,0.007,0.04162857988615726,-0.02098934125550051,-2.9584655147295167
1439814337039350,51.7581044959,-1.2601120884,110.932655,5735566.641124485,620082.680561261,-110.932655,30U,-0.02,-0.029,-0.0,0.04126314694540777,-0.020799437896257177,-2.9586129200021523
1439814337145467,51.7581044763,-1.2601121318,110.932701,5735566.638873383,620082.6776181182,-110.932701,30U,-0.015,-0.034,0.001,0.04119906410316,-0.02114489337427333,-2.958641308306035
1439814337251586,51.7581044604,-1.2601121797,110.932159,5735566.637026337,620082.6743546019,-110.932159,30U,-0.016,-0.036,0.008,0.041073827273135514,-0.021132173997624765,-2.958607191395215
1439814337350055,51.7581044432,-1.260112226,110.931557,5735566.635037357,620082.6712049552,-110.931557,30U,-0.015,-0.031,0.002,0.04111564463246568,-0.020956493685993755,-2.9587350019959655
1439814337448521,51.7581044277,-1.2601122649,110.931427,5735566.633249613,620082.6685614906,-110.931427,30U,-0.015,-0.027,0.002,0.04111637652756085,-0.021191768214319565,-2.958653329051818
1439814337546915,51.7581044094,-1.2601123049,110.931061,5735566.631148678,620082.6658495408,-110.931061,30U,-0.018,-0.031,0.005,0.04110046168169002,-0.021193434207885078,-2.958694014003133
1439814337645309,51.7581043921,-1.2601123507,110.930626,5735566.6291494025,620082.6627346654,-110.930626,30U,-0.013,-0.031,0.004,0.04099509999970746,-0.021105700000536486,-2.958747707172615
1439814337743907,51.7581043885,-1.2601123507,110.930641,5735566.6287490595,620082.6627442169,-110.930641,30U,-0.012,-0.026,0.002,0.041067202540856364,-0.021100548191755657,-2.9587077816140583
1439814337842505,51.7581043847,-1.2601123506,110.930634,5735566.6283266395,620082.6627612001,-110.930634,30U,-0.014,-0.027,0.002,0.04110636452484661,-0.021162856212177734,-2.9588036175734715
1439814337940934,51.7581043809,-1.2601123505,110.930603,5735566.6279042205,620082.6627781832,-110.930603,30U,-0.013,-0.027,0.003,0.04110042747323668,-0.021135087997598567,-2.9588791151587523
1439814338039359,51.7581043769,-1.2601123505,110.93055,5735566.627459395,620082.662788795,-110.93055,30U,-0.013,-0.026,0.001,0.040988386419697403,-0.0210943562121192,-2.9589273876846436
1439814338145513,51.7581043729,-1.2601123504,110.930489,5735566.627014735,620082.662806309,-110.930489,30U,-0.012,-0.024,0.002,0.0410298446321554,-0.021151275683810047,-2.9590111263132264
1439814338251665,51.7581043697,-1.2601123503,110.930443,5735566.6266590385,620082.6628217006,-110.930443,30U,-0.011,-0.025,0.001,0.04105743734166098,-0.021115335092417455,-2.9590216019539297
1439814338350041,51.7581043665,-1.2601123502,110.93042,5735566.626303342,620082.6628370914,-110.93042,30U,-0.013,-0.024,0.001,0.041072325473164716,-0.021109462947857077,-2.9590538984165264
1439814338448422,51.7581043633,-1.2601123501,110.930435,5735566.625947648,620082.6628524829,-110.930435,30U,-0.012,-0.023,0.001,0.04103017768460991,-0.02110291673619564,-2.9590597426166205
1439814338546951,51.75810436,-1.26011235,110.930466,5735566.625580831,620082.6628681389,-110.930466,30U,-0.011,-0.023,-0.0,0.04100729242131228,-0.02111857410585923,-2.9590902008286357
1439814338645479,51.7581043564,-1.2601123499,110.930496,5735566.625180653,620082.6628845913,-110.930496,30U,-0.01,-0.022,0.0,0.041032699999538305,-0.02108769999933632,-2.959250607163589
1439814338743940,51.758104353,-1.2601123499,110.930519,5735566.624802552,620082.6628936119,-110.930519,30U,-0.01,-0.021,-0.001,0.041036572139892896,-0.021082270479000898,-2.9594850440822267
1439814338842400,51.7581043488,-1.2601123498,110.930511,5735566.624335651,620082.6629116568,-110.930511,30U,-0.01,-0.021,-0.001,0.04102808484110522,-0.021091388841722198,-2.9598634424247265
1439814338940800,51.7581043431,-1.2601123498,110.930466,5735566.623701773,620082.6629267791,-110.930466,30U,-0.009,-0.021,-0.001,0.04099916852625481,-0.02106578326287385,-2.960380278311273
1439814339039198,51.7581043357,-1.2601123497,110.930389,5735566.6228790125,620082.6629533138,-110.930389,30U,-0.008,-0.019,-0.002,0.04101621315865705,-0.021051394421199885,-2.9609619878941302
1439814339145372,51.7581043265,-1.2601123497,110.930283,5735566.621855915,620082.6629777219,-110.930283,30U,-0.009,-0.018,-0.002,0.04102392789443264,-0.021060818736648404,-2.9616138273719654
1439814339251552,51.7581043172,-1.2601123498,110.930183,5735566.620821531,620082.6629954947,-110.930183,30U,-0.008,-0.018,-0.002,0.04101171642255904,-0.021056225904467114,-2.9622397143623296
1439814339350039,51.758104308,-1.2601123497,110.930122,5735566.619798598,620082.663026805,-110.930122,30U,-0.008,-0.017,-0.002,0.04099583147417829,-0.021029272104150155,-2.9627992169517428
1439814339448524,51.7581043001,-1.2601123497,110.930099,5735566.618920069,620082.6630477641,-110.930099,30U,-0.007,-0.016,-0.003,0.04099536294752191,-0.021042292843310002,-2.963214004519029
1439814339546935,51.7581042941,-1.2601123496,110.930122,5735566.618252995,620082.6630705845,-110.930122,30U,-0.008,-0.016,-0.003,0.04100149999990147,-0.02103624621120299,-2.9634685403177206
1439814339645345,51.7581042896,-1.2601123494,110.930176,5735566.617752897,620082.6630963256,-110.930176,30U,-0.008,-0.015,-0.003,0.04098679999918314,-0.02101630000033524,-2.963638607172256
1439814339743854,51.758104287,-1.2601123492,110.930244,5735566.617464088,620082.6631170263,-110.930244,30U,-0.007,-0.013,-0.004,0.040985914761205215,-0.021020696383491917,-2.9636434868859522
1439814339842364,51.7581042848,-1.260112349,110.930305,5735566.617219765,620082.6631366663,-110.930305,30U,-0.007,-0.013,-0.004,0.0409876111584063,-0.021018725894549114,-2.9635924792545905
1439814339940813,51.7581042828,-1.2601123488,110.930367,5735566.616997682,620082.6631557748,-110.930367,30U,-0.007,-0.012,-0.005,0.040997905579828124,-0.02099768126246195,-2.9635408310524864
1439814340039261,51.758104281,-1.2601123487,110.930428,5735566.6167976735,620082.6631674515,-110.930428,30U,-0.006,-0.012,-0.005,0.040995514737061624,-0.020988470526444654,-2.9634870681047407
1439814340145402,51.7581042795,-1.2601123484,110.930481,5735566.61663136,620082.663192135,-110.930481,30U,-0.006,-0.011,-0.005,0.040989018316153085,-0.0209901999993804,-2.963448544202653
1439814340251543,51.7581042772,-1.2601123483,110.930519,5735566.616375749,620082.6632051383,-110.930519,30U,-0.006,-0.011,-0.006,0.040975031476165734,-0.020980346228216134,-2.963414870151678
1439814340349998,51.758104275,-1.2601123481,110.930557,5735566.616131425,620082.6632247776,-110.930557,30U,-0.006,-0.011,-0.005,0.040976192420314944,-0.0209661721056734,-2.9633764645131
1439814340448454,51.7581042731,-1.260112348,110.930595,5735566.615920298,620082.6632367193,-110.930595,30U,-0.005,-0.011,-0.006,0.04098242431563139,-0.020958053790433553,-2.963346375682567
1439814340546918,51.7581042714,-1.2601123478,110.930626,5735566.6157315755,620082.6632550326,-110.930626,30U,-0.005,-0.01,-0.007,0.0409721497892177,-0.0209606238942222,-2.9633131700954163
1439814340645381,51.75810427,-1.2601123476,110.930656,5735566.615576216,620082.6632725487,-110.930656,30U,-0.005,-0.01,-0.006,0.04094680000058854,-0.02094560000053726,-2.9632795071796423
1439814340743897,51.7581042675,-1.2601123474,110.930672,5735566.615298529,620082.6632929846,-110.930672,30U,-0.005,-0.009,-0.007,0.04094966492015844,-0.020942551802197278,-2.9632438904724894
1439814340842412,51.7581042652,-1.2601123473,110.930695,5735566.615042918,620082.663305988,-110.930695,30U,-0.005,-0.009,-0.007,0.040964648210503656,-0.02093580357914689,-2.9631978457721213
1439814340940812,51.758104263,-1.2601123471,110.930702,5735566.614798594,620082.6633256278,-110.930702,30U,-0.005,-0.008,-0.008,0.04096460715686899,-0.02091826294686052,-2.9631621183063745
1439814341039208,51.7581042609,-1.2601123469,110.930702,5735566.61456539,620082.6633450014,-110.930702,30U,-0.004,-0.008,-0.008,0.04093114978852021,-0.020925481684497302,-2.9631300035674593
1439814341145369,51.7581042587,-1.2601123468,110.930695,5735566.614320902,620082.663357739,-110.930695,30U,-0.003,-0.008,-0.008,0.040946453790096794,-0.020907572105315023,-2.9630912294724236
1439814341251533,51.7581042553,-1.2601123466,110.930672,5735566.61394313,620082.6633805623,-110.930672,30U,-0.004,-0.008,-0.009,0.04095004622747612,-0.020898585246171546,-2.9630755517906175
1439814341349977,51.7581042518,-1.2601123465,110.930626,5735566.613554073,620082.6633967496,-110.930626,30U,-0.004,-0.007,-0.008,0.04095221273609254,-0.02089246852687776,-2.963056711153329
1439814341448422,51.758104248,-1.2601123463,110.930565,5735566.613131818,620082.6634206339,-110.930565,30U,-0.004,-0.008,-0.009,0.04094480200002073,-0.020885831474319407,-2.9630360183028244
1439814341546896,51.7581042441,-1.2601123461,110.930489,5735566.612698443,620082.6634447831,-110.930489,30U,-0.003,-0.007,-0.008,0.04093227210504241,-0.02088771473694219,-2.9630276609333275
1439814341645370,51.7581042397,-1.260112346,110.930397,5735566.6122093005,620082.6634633587,-110.930397,30U,-0.002,-0.007,-0.01,0.040971099999852566,-0.020876499999915123,-2.9630005071706385
1439814341743885,51.7581042324,-1.260112349,110.930779,5735566.611392554,620082.6632756885,-110.930779,30U,-0.003,-0.006,-0.01,0.04093862426576163,-0.02086555934590313,-2.962985368516319
1439814341842399,51.7581042234,-1.260112357,110.931969,5735566.610378524,620082.6627474665,-110.931969,30U,-0.002,-0.006,-0.01,0.04094275694712162,-0.020866668527077383,-2.962960495986229
1439814341940809,51.7581042135,-1.2601123669,110.933441,5735566.609261283,620082.6620905085,-110.933441,30U,-0.002,-0.006,-0.011,0.040944552211988845,-0.020846757367657003,-2.962927868521939
1439814342039216,51.7581042041,-1.2601123746,110.934547,5735566.608203266,620082.6615840503,-110.934547,30U,-0.002,-0.005,-0.011,0.04093959042069433,-0.02085241315771264,-2.962923477674967
1439814342145437,51.7581041966,-1.260112377,110.934799,5735566.607365267,620082.6614383188,-110.934799,30U,-0.002,-0.005,-0.012,0.04093993305151579,-0.02084319999917834,-2.9628984924140602
1439814342251658,51.758104189,-1.2601123755,110.934708,5735566.606522569,620082.6615620013,-110.934708,30U,-0.001,-0.005,-0.012,0.04092302231553778,-0.02083665936907985,-2.962891535042969
1439814342350070,51.7581041826,-1.2601123739,110.934685,5735566.605813485,620082.6616894015,-110.934685,30U,-0.001,-0.005,-0.013,0.04093929799950481,-0.020833805579474583,-2.962891368521105
1439814342448485,51.7581041776,-1.2601123725,110.934677,5735566.605259757,620082.6617992842,-110.934677,30U,-0.001,-0.004,-0.013,0.04094431115758453,-0.020815129472628778,-2.962894464944638
1439814342547001,51.7581041744,-1.2601123702,110.934753,5735566.604907685,620082.6619665034,-110.934753,30U,0.0,-0.003,-0.014,0.04091783863180882,-0.02081119842217595,-2.962880812734883
1439814342645517,51.7581041736,-1.2601123678,110.934906,5735566.604822671,620082.6621342555,-110.934906,30U,0.001,-0.003,-0.013,0.040921099999427654,-0.02081960000086274,-2.9628630071651068
1439814342743937,51.758104171,-1.2601123694,110.93602,5735566.604530899,620082.6620307339,-110.93602,30U,0.001,-0.003,-0.013,0.04092934821079708,-0.020799675683405128,-2.9628507330498755
1439814342842358,51.75810417,-1.2601123713,110.937271,5735566.604416564,620082.6619022632,-110.937271,30U,0.001,-0.002,-0.014,0.04093607052618005,-0.02080382789499945,-2.9628061386308504
1439814342940867,51.7581041704,-1.2601123727,110.938652,5735566.604458742,620082.6618045839,-110.938652,30U,0.001,-0.002,-0.014,0.04092073305267907,-0.020812862947919564,-2.962779703577293
1439814343039380,51.758104173,-1.2601123746,110.940041,5735566.604744749,620082.6616665622,-110.940041,30U,0.003,-0.002,-0.014,0.04090578526407617,-0.020812205578383446,-2.962744895987329
1439814343145519,51.7581041776,-1.260112376,110.941429,5735566.605253994,620082.6615577405,-110.941429,30U,0.003,-0.001,-0.015,0.04092021673716244,-0.020799657367919958,-2.962707333046074
1439814343251649,51.7581041803,-1.2601123756,110.942886,5735566.60555491,620082.6615781825,-110.942886,30U,0.003,-0.001,-0.016,0.04093042231608935,-0.020819707579467175,-2.962678912732853
1439814343350035,51.7581041837,-1.2601123751,110.944382,5735566.605933833,620082.661603668,-110.944382,30U,0.003,-0.001,-0.016,0.0409196589473868,-0.02081673705351489,-2.962639633050839
1439814343448422,51.7581041881,-1.2601123748,110.945885,5735566.606423635,620082.6616126983,-110.945885,30U,0.003,-0.0,-0.016,0.040900094420827836,-0.0208053557893879,-2.9626031035713942
1439814343546853,51.7581041938,-1.2601123735,110.94751,5735566.607059653,620082.6616872916,-110.94751,30U,0.004,0.001,-0.017,0.0409060852634853,-0.020814553789737643,-2.9625675386307075
1439814343645283,51.7581042009,-1.2601123723,110.949188,5735566.607851192,620082.6617512695,-110.949188,30U,0.004,0.0,-0.017,0.040921199999812474,-0.020811800000517196,-2.962527307168293
1439814343743764,51.7581042046,-1.2601123698,110.949989,5735566.608266772,620082.6619139842,-110.949989,30U,0.004,0.001,-0.017,0.040912979261670805,-0.020803351790123457,-2.9624969462060236
1439814343842246,51.7581042106,-1.2601123634,110.952133,5735566.608944548,620082.6623397463,-110.952133,30U,0.004,0.001,-0.017,0.04090154821028158,-0.020798031473294006,-2.9624758071446418
1439814343940678,51.7581042177,-1.2601123556,110.954773,5735566.609746955,620082.6628592066,-110.954773,30U,0.005,0.001,-0.017,0.04090341673708948,-0.02079370200082486,-2.9624449924142198
1439814344039109,51.7581042242,-1.2601123494,110.956825,5735566.610480004,620082.6632698394,-110.956825,30U,0.005,0.001,-0.018,0.04091133705345233,-0.020792457368138024,-2.9624334167273956
1439814344145345,51.7581042289,-1.2601123471,110.957504,5735566.61100646,620082.6634160982,-110.957504,30U,0.005,0.001,-0.018,0.04091472589468375,-0.020776194421583863,-2.9624277481946915
1439814344251583,51.7581042292,-1.2601123466,110.957489,5735566.611040646,620082.6634498086,-110.957489,30U,0.005,0.001,-0.018,0.04089782947389626,-0.020777950210594066,-2.9624312908291004
1439814344350056,51.7581042299,-1.2601123465,110.957504,5735566.611118654,620082.6634548522,-110.957504,30U,0.006,0.001,-0.019,0.04089294621020079,-0.020771625894857735,-2.962446159358812
1439814344448527,51.7581042312,-1.2601123471,110.957497,5735566.611262236,620082.6634099965,-110.957497,30U,0.007,0.002,-0.019,0.04089949642215688,-0.020764979684556796,-2.962464303993701
1439814344546939,51.7581042341,-1.2601123476,110.95752,5735566.61158391,620082.6633677955,-110.95752,30U,0.007,0.002,-0.019,0.0409080888421254,-0.02075753147452062,-2.962493799988247
1439814344645352,51.7581042391,-1.2601123489,110.957634,5735566.6121378,620082.6632648138,-110.957634,30U,0.008,0.002,-0.02,0.04090529999971226,-0.020757700000022535,-2.962515507171753
1439814344743840,51.7581042438,-1.2601123392,110.959435,5735566.612676442,620082.6639217655,-110.959435,30U,0.008,0.002,-0.02,0.04090524063059242,-0.02074950915762562,-2.9625522466317595
1439814344842328,51.7581042502,-1.260112332,110.961288,5735566.613400016,620082.6644016759,-110.961288,30U,0.009,0.003,-0.021,0.04090153705239167,-0.020739037052959288,-2.962595878100277
1439814344940615,51.7581042597,-1.2601123244,110.963211,5735566.614468991,620082.6649009674,-110.963211,30U,0.009,0.004,-0.021,0.040907233473712286,-0.020735625894202726,-2.9626416115735323
1439814345038895,51.7581042704,-1.2601123182,110.965096,5735566.615669105,620082.6653004565,-110.965096,30U,0.01,0.003,-0.021,0.040904220316347696,-0.020730811157369678,-2.9627135079860603
1439814345145177,51.7581042816,-1.2601123121,110.966942,5735566.616924659,620082.6656917186,-110.966942,30U,0.01,0.004,-0.021,0.040895112736270514,-0.020715892421517505,-2.9628124602134007
1439814345251464,51.7581042878,-1.2601123024,110.968735,5735566.617630109,620082.6663446911,-110.968735,30U,0.011,0.004,-0.021,0.0408998573684635,-0.02071571115860271,-2.9629340936750492
1439814345349807,51.7581042943,-1.260112293,110.970421,5735566.618368426,620082.6669761634,-110.970421,30U,0.011,0.005,-0.021,0.04090037052667952,-0.020712309157588735,-2.963085377365988
1439814345448156,51.758104301,-1.2601122837,110.972008,5735566.619128821,620082.6676002039,-110.972008,30U,0.011,0.005,-0.022,0.0409012832623198,-0.02069899999927934,-2.9632755996841524
1439814345546671,51.758104309,-1.2601122741,110.973579,5735566.620034276,620082.668241499,-110.973579,30U,0.012,0.006,-0.021,0.04090245536784958,-0.020698648210715303,-2.9634824610463806
1439814345645186,51.7581043183,-1.2601122645,110.975052,5735566.621084301,620082.6688793456,-110.975052,30U,0.012,0.006,-0.022,0.04089640000036966,-0.020696299999361113,-2.9637524071773425
1439814345743673,51.7581043243,-1.260112249,110.976425,5735566.6217770595,620082.6699331213,-110.976425,30U,0.013,0.005,-0.022,0.04090754463275667,-0.020676701578508077,-2.964068722831899
1439814345842159,51.758104331,-1.2601122364,110.977852,5735566.622542888,620082.6707849043,-110.977852,30U,0.012,0.008,-0.023,0.040887266526587696,-0.020676054211453902,-2.9644586683076364
1439814345940562,51.7581043398,-1.2601122232,110.979309,5735566.623543236,620082.6716725216,-110.979309,30U,0.014,0.007,-0.023,0.04092513505230528,-0.02074527410572368,-2.964917853577889
1439814346038961,51.7581043509,-1.2601122138,110.980339,5735566.624793104,620082.6722917906,-110.980339,30U,0.013,0.005,-0.022,0.04087729642050214,-0.020662460524333858,-2.9654694237854775
1439814346145335,51.7581043618,-1.2601122042,110.981255,5735566.626021057,620082.6729253917,-110.981255,30U,0.014,0.007,-0.025,0.04091070715714397,-0.020663787684914378,-2.966227367273969
1439814346251704,51.7581043637,-1.260112182,110.981606,5735566.626268902,620082.6744524286,-110.981606,30U,0.008,0.028,-0.014,0.040650434723000804,-0.02047975430427781,-2.9672337687487382
1439814346350030,51.7581043561,-1.2601121028,110.980194,5735566.625554134,620082.679938385,-110.980194,30U,-0.009,0.08,-0.005,0.039771354305070554,-0.01950897797881914,-2.9693461887738883
1439814346448366,51.7581043408,-1.2601119409,110.97818,5735566.624119241,620082.6911521078,-110.97818,30U,-0.015,0.142,-0.009,0.039298321674563944,-0.018499424722164474,-2.9721177522529003
1439814346547051,51.7581043263,-1.2601116922,110.976517,5735566.622916226,620082.7083539962,-110.976517,30U,-0.025,0.2,-0.015,0.038438901561626014,-0.017965603469361442,-2.9755047428069896
1439814346645736,51.7581043033,-1.2601113652,110.975227,5735566.620896878,620082.7309821179,-110.975227,30U,-0.043,0.253,-0.018,0.03775369999994666,-0.017760000000831788,-2.9805693071687283
1439814346744091,51.7581042687,-1.2601109561,110.974083,5735566.6177227115,620082.7593069441,-110.974083,30U,-0.041,0.307,-0.018,0.03729321651714535,-0.01749353494302567,-2.987101598537843
1439814346842446,51.7581042407,-1.2601104768,110.97364,5735566.6153980885,620082.7924589406,-110.97364,30U,-0.047,0.353,-0.021,0.037012999156696764,-0.017279438208427637,-2.994380503503343
1439814346940867,51.7581042078,-1.2601099397,110.974258,5735566.61262372,620082.8296128619,-110.974258,30U,-0.062,0.391,-0.027,0.036630128409733786,-0.017454991374567966,-3.003613201330227
1439814347039291,51.7581041708,-1.2601093484,110.975563,5735566.609482647,620082.8705181412,-110.975563,30U,-0.064,0.43,-0.029,0.03607834841356878,-0.01777401126844735,-3.01485933546918
1439814347145485,51.7581041411,-1.2601087033,110.977173,5735566.607241959,620082.9151169263,-110.977173,30U,-0.057,0.464,-0.031,0.03581843936570252,-0.018045491374524766,-3.0272025254739257
1439814347251683,51.7581041059,-1.260108018,110.978806,5735566.604455826,620082.9625046084,-110.978806,30U,-0.061,0.484,-0.028,0.03558799357698635,-0.01840396190018208,-3.04045839601892
1439814347350161,51.758104068,-1.2601073043,110.979721,5735566.601416195,620083.0118594089,-110.979721,30U,-0.066,0.505,-0.022,0.035779969479809846,-0.018398132942048714,-3.054357033488687
1439814347448640,51.758104036,-1.2601065585,110.979988,5735566.599085534,620083.0634138605,-110.979988,30U,-0.057,0.529,-0.023,0.03622628232549094,-0.018036611048533498,-3.067209710723523
1439814347547161,51.7581040137,-1.2601057796,110.980438,5735566.597888072,620083.1172268898,-110.980438,30U,-0.056,0.552,-0.024,0.03712763633513851,-0.017913615893220342,-3.077892644478884
1439814347645682,51.758103992,-1.2601049714,110.980881,5735566.596805578,620083.173060396,-110.980881,30U,-0.06,0.573,-0.021,0.0379739999994801,-0.01764330000029382,-3.0870582071688912
1439814347743995,51.7581039584,-1.2601041206,110.981079,5735566.5944698695,620083.2318654085,-110.981079,30U,-0.061,0.605,-0.018,0.038625014643438,-0.0170889180952052,-3.09469540948499
1439814347842308,51.7581039261,-1.260103216,110.981316,5735566.592367309,620083.2943798461,-110.981316,30U,-0.06,0.652,-0.013,0.039213032427405974,-0.016657197779848427,-3.101653187900571
1439814347940784,51.7581038945,-1.2601022285,110.981262,5735566.590479088,620083.3626135662,-110.981262,30U,-0.067,0.721,-0.008,0.03945077179347726,-0.015955152616280742,-3.1089473802398966
1439814348039266,51.7581038595,-1.2601011289,110.980705,5735566.588397335,620083.4385926127,-110.980705,30U,-0.074,0.811,-0.006,0.03947499831263445,-0.01502709113859618,-3.117149467932807
1439814348145426,51.7581038236,-1.2600998811,110.979362,5735566.586459507,620083.5248017045,-110.979362,30U,-0.079,0.927,-0.003,0.039113508203310235,-0.013746496607488582,-3.1264521513159402
1439814348251584,51.7581037777,-1.2600984511,110.977356,5735566.583709608,620083.6236114128,-110.977356,30U,-0.08,1.057,-0.009,0.03885055768011227,-0.012504283245442447,-3.136957981345926
1439814348350040,51.758103741,-1.260096832,110.975098,5735566.582294158,620083.735446983,-110.975098,30U,-0.081,1.193,-0.017,0.03856147072919265,-0.011885105047650415,3.1342936765140985
1439814348448493,51.7581037182,-1.2600950146,110.971397,5735566.582750976,620083.8609308618,-110.971397,30U,-0.078,1.335,-0.009,0.03783118482409477,-0.011664161681357449,3.1206899813253104
1439814348546837,51.7581037116,-1.2600929937,110.965363,5735566.585344399,620084.0004158106,-110.965363,30U,-0.072,1.479,-0.0,0.0365259416607144,-0.011436488419716572,3.1053188972946115
1439814348645181,51.7581037278,-1.2600907736,110.957344,5735566.590801312,620084.1535875666,-110.957344,30U,-0.057,1.622,0.001,0.0347584999999045,-0.011507000000749824,3.08808639999916
1439814348743784,51.7581037698,-1.2600883502,110.947495,5735566.5994620845,620084.3207211187,-110.947495,30U,-0.025,1.758,-0.007,0.032176173118982715,-0.011928316221685227,3.068991866174898
1439814348842386,51.7581038465,-1.2600857574,110.937248,5735566.612260633,620084.4994533311,-110.937248,30U,0.011,1.879,-0.01,0.030828219767857337,-0.012464689685161416,3.0475559887536026
1439814348940943,51.7581039643,-1.260083026,110.925598,5735566.629857976,620084.6876416355,-110.925598,30U,0.048,1.986,-0.016,0.02887755249096863,-0.011986636833227602,3.0225166041585743
1439814349039500,51.7581041243,-1.2600801687,110.912895,5735566.652355523,620084.8844066546,-110.912895,30U,0.098,2.093,-0.026,0.027844717049983172,-0.012022459696926164,2.9937125086243963
1439814349145461,51.7581043475,-1.2600771983,110.899117,5735566.682067537,620085.0888093096,-110.899117,30U,0.177,2.181,-0.024,0.027267065884726875,-0.012962869496005645,2.9614582278256156
1439814349251420,51.7581046353,-1.2600741102,110.88443,5735566.71915728,620085.3011633434,-110.88443,30U,0.247,2.268,-0.009,0.0282436271947484,-0.014399942336269556,2.9257172157562636
1439814349349942,51.7581049816,-1.2600709134,110.866867,5735566.762931575,620085.5208638262,-110.866867,30U,0.307,2.334,0.007,0.0286266964973484,-0.014864212626787658,2.8854810902005656
1439814349448460,51.7581055455,-1.2600676935,110.835884,5735566.830942405,620085.7415811648,-110.835884,30U,0.413,2.391,-0.001,0.026343392590642164,-0.01410047998065081,2.857848293979711
1439814349546823,51.7581068349,-1.2600647278,110.756844,5735566.979214873,620085.942830626,-110.756844,30U,0.538,2.447,-0.003,0.023460397637021128,-0.01317129820229933,2.8549284710272755
1439814349645186,51.7581089608,-1.2600620784,110.638718,5735567.219990625,620086.1200320213,-110.638718,30U,0.654,2.501,0.008,0.020362300000362394,-0.012814100000722774,2.83399019999937
1439814349743669,51.7581097225,-1.2600584784,110.62812,5735567.310623931,620086.3664561928,-110.62812,30U,0.781,2.554,0.0,0.019345531676498363,-0.013015837584157882,2.790509932892939
1439814349842152,51.7581099835,-1.2600544545,110.672112,5735567.346274217,620086.643463222,-110.672112,30U,0.955,2.594,0.012,0.017508894903348737,-0.012218327971960933,2.7485059053336234
1439814349940723,51.75810951,-1.2600498322,110.798538,5735567.301228773,620086.9637161249,-110.798538,30U,1.091,2.669,0.029,0.01665016926041083,-0.010571130190517874,2.714495802183616
1439814350039296,51.7581087878,-1.2600448948,110.963051,5735567.229045163,620087.3063747359,-110.963051,30U,1.244,2.724,-0.008,0.0168527884201231,-0.010625537288675744,2.6823302395913626
1439814350145480,51.758109125,-1.2600404046,111.043152,5735567.273937201,620087.6153601328,-111.043152,30U,1.431,2.775,0.02,0.016281507453563836,-0.011894841162679142,2.63906656467035
1439814350251655,51.7581105048,-1.2600363332,111.040779,5735567.434083373,620087.8926768233,-111.040779,30U,1.658,2.813,0.025,0.016095956025686455,-0.011459342521905742,2.586747938134943
1439814350350081,51.758112097,-1.2600322306,111.039093,5735567.617901153,620088.1715831414,-111.039093,30U,1.892,2.837,0.01,0.017261464744958745,-0.011688787280520087,2.5340677564330636
1439814350448505,51.7581138919,-1.2600280844,111.037369,5735567.824332254,620088.4529605737,-111.037369,30U,2.11,2.879,0.025,0.015822212264221112,-0.013037235709995754,2.480070859042155
1439814350546879,51.7581158977,-1.2600239141,111.036667,5735568.054256462,620088.7354416152,-111.036667,30U,2.368,2.866,-0.017,0.013736716888899152,-0.015402526367557304,2.4260562524323723
1439814350645253,51.758118139,-1.2600197914,111.040581,5735568.310291393,620089.0140127946,-111.040581,30U,2.612,2.84,-0.046,0.009765899999183,-0.019514899999653546,2.3728512000008237
1439814350743948,51.758120599,-1.2600156774,111.045959,5735568.590632834,620089.2914032681,-111.045959,30U,2.857,2.794,-0.054,0.013009775455272442,-0.024004833666430192,2.31808839954737
1439814350842642,51.7581232946,-1.2600116793,111.047173,5735568.896983656,620089.5601700523,-111.047173,30U,3.144,2.711,0.052,0.014011720172455182,-0.02762246233928337,2.262412787763929
1439814350940731,51.7581262377,-1.2600078021,111.038017,5735569.230658984,620089.8199365073,-111.038017,30U,3.405,2.63,0.106,0.014249401940915818,-0.02666274228542766,2.2077241910465295
1439814351038800,51.7581294109,-1.2600040668,111.027962,5735569.589689245,620090.0692995343,-111.027962,30U,3.657,2.528,0.097,0.015501651569243463,-0.024691316062415734,2.1533044394610212
1439814351145160,51.7581328116,-1.260000484,111.017906,5735569.9737678515,620090.307534498,-111.017906,30U,3.912,2.416,0.099,0.01280633372013838,-0.022330884057661878,2.0989692543242318
1439814351251541,51.7581364372,-1.2599970623,111.013611,5735570.382591502,620090.5340547881,-111.013611,30U,4.153,2.279,0.017,0.0102931553512653,-0.022583661292269408,2.0462521768750923
1439814351349935,51.7581402861,-1.2599938788,111.011055,5735570.815855316,620090.7435437855,-111.011055,30U,4.406,2.107,0.064,0.00766168468132574,-0.024412646007907546,1.9952723713305482
1439814351448329,51.7581443507,-1.2599909318,110.998169,5735571.272716919,620090.9361389801,-110.998169,30U,4.637,1.945,0.187,0.003385330485916716,-0.022253334968745382,1.945845369051028
1439814351546713,51.7581486165,-1.2599882463,110.979195,5735571.751522659,620091.1101535313,-110.979195,30U,4.858,1.758,0.172,0.0037797159256826684,-0.01705003371979512,1.8989686167801783
1439814351645098,51.7581530731,-1.2599858565,110.966759,5735572.251059667,620091.2632548108,-110.966759,30U,5.059,1.556,0.062,0.0047950000006068555,-0.015183300000331914,1.8555434000007833
1439814351743625,51.7581577017,-1.2599837105,110.968643,5735572.769322728,620091.3990744522,-110.968643,30U,5.237,1.389,-0.078,0.0056338394912019,-0.01813496934381969,1.816087276813144
1439814351842152,51.7581624918,-1.2599817948,110.974541,5735573.3051664,620091.5185719859,-110.974541,30U,5.42,1.241,-0.025,0.004735009875169864,-0.021946038149509683,1.7804562518292903
1439814351940645,51.7581674376,-1.2599801116,110.972321,5735573.857942064,620091.6216109772,-110.972321,30U,5.585,1.071,0.042,0.004009122112520545,-0.023517905502836053,1.7494130014988905
1439814352039137,51.7581725264,-1.2599786689,110.964912,5735574.426224225,620091.7076730278,-110.964912,30U,5.738,0.933,0.097,0.004548066323811874,-0.024067516094883407,1.7230232528236893
1439814352145508,51.7581777433,-1.2599773953,110.955109,5735575.008473476,620091.781725164,-110.955109,30U,5.875,0.827,0.082,0.005158128865888276,-0.023459260415387113,1.6995222920366464
1439814352251876,51.7581830821,-1.2599762759,110.947563,5735575.60402487,620091.844812124,-110.947563,30U,6.009,0.703,0.068,0.003543473507566873,-0.021950864602738006,1.6798627843211993
1439814352350342,51.7581885407,-1.2599753048,110.940475,5735576.212654592,620091.8973466578,-110.940475,30U,6.138,0.625,0.086,3.774276776365765e-05,-0.020148664898370198,1.6635286466769719
1439814352448803,51.7581941126,-1.2599744471,110.931931,5735576.833697264,620091.9417545457,-110.931931,30U,6.263,0.542,0.094,-0.0015492741988043272,-0.018062489965141336,1.6488092085950194
1439814352547142,51.7581997948,-1.2599737475,110.921677,5735577.466745664,620091.974958897,-110.921677,30U,6.382,0.425,0.088,-0.0016070862161666826,-0.01524132301752886,1.6361738695918266
1439814352645480,51.7582055781,-1.2599731838,110.915199,5735578.110813251,620091.9985162015,-110.915199,30U,6.487,0.365,0.032,0.00016880000031750515,-0.013748400000738957,1.6261913000001271
1439814352744073,51.7582114531,-1.2599726723,110.913338,5735578.764992503,620092.0182277391,-110.913338,30U,6.594,0.317,0.011,0.007593518229395224,-0.013378296935902248,1.617246729854555
1439814352842665,51.7582174264,-1.2599722548,110.912315,5735579.429948554,620092.0311912819,-110.912315,30U,6.703,0.262,0.024,0.0098101051905867,-0.013271886934121787,1.6106790703341172
1439814352940888,51.758223493,-1.2599718787,110.910576,5735580.105211985,620092.0410501476,-110.910576,30U,6.799,0.253,0.024,0.010722726267468301,-0.014485162356688076,1.6063818540348995
1439814353039099,51.7582296396,-1.2599715007,110.909142,5735580.789375049,620092.0508278633,-110.909142,30U,6.881,0.26,0.008,0.0061426743678326175,-0.017325198893111248,1.6025500506758081
1439814353145397,51.7582358594,-1.25997117,110.908897,5735581.48160053,620092.057147062,-110.908897,30U,6.963,0.187,-0.004,0.008512238605439345,-0.02060508953422019,1.6004420808231175
1439814353251704,51.7582421472,-1.2599709155,110.907509,5735582.181262571,620092.0580270891,-110.907509,30U,7.045,0.172,0.026,0.012236317975915147,-0.022427623910878016,1.5998061805123152
1439814353350076,51.7582485134,-1.2599706462,110.901718,5735582.889667555,620092.0597204693,-110.901718,30U,7.132,0.193,0.074,0.01643737270360308,-0.02192440440596812,1.5992340269404712
1439814353448449,51.7582549604,-1.2599703492,110.892593,5735583.60710362,620092.063111095,-110.892593,30U,7.223,0.206,0.094,0.01745419554457163,-0.019871505967381672,1.5993379655891924
1439814353546825,51.7582614836,-1.2599700379,110.883072,5735584.333037155,620092.0672864056,-110.883072,30U,7.3,0.219,0.08,0.015248079946281553,-0.017093516062145157,1.6002517506488412
1439814353645201,51.7582680827,-1.2599697098,110.876938,5735585.067438907,620092.0724197263,-110.876938,30U,7.385,0.224,0.039,0.01513509999985248,-0.015827999999422873,1.6009411999998355
1439814353743878,51.7582747529,-1.2599693805,110.872627,5735585.809749406,620092.0774472011,-110.872627,30U,7.468,0.214,0.037,0.017406290157415266,-0.016712196453865607,1.6015436289587106
1439814353842555,51.7582814982,-1.259969063,110.868935,5735586.560392069,620092.0814610583,-110.868935,30U,7.546,0.224,0.022,0.019363533194389652,-0.01813955466759454,1.602080557056407
1439814353941027,51.7582883171,-1.2599687218,110.868332,5735587.319258542,620092.0869152113,-110.868332,30U,7.635,0.237,0.022,0.01966856196000771,-0.019794901283104748,1.6016283268324671
1439814354039491,51.7582952096,-1.2599683709,110.864868,5735588.086325771,620092.0928434888,-110.864868,30U,7.711,0.244,0.059,0.01708442598772037,-0.019376166398897054,1.600691276401244
1439814354145438,51.7583021695,-1.2599680259,110.858345,5735588.8608785905,620092.0981857512,-110.858345,30U,7.783,0.219,0.076,0.018605655806752656,-0.01817106450855216,1.5993287819808273
1439814354251393,51.7583091898,-1.259967724,110.850601,5735589.642077303,620092.1003933148,-110.850601,30U,7.853,0.198,0.071,0.019150626519523404,-0.017068081136355075,1.5984378035626292
1439814354349978,51.7583162732,-1.2599674136,110.845444,5735590.430307131,620092.1030200487,-110.845444,30U,7.92,0.218,0.031,0.019608719142104915,-0.017663943196181045,1.596824275540397
1439814354448563,51.758323417,-1.2599671045,110.842484,5735591.225251679,620092.1053967965,-110.842484,30U,7.983,0.198,0.036,0.020267885170056007,-0.018728829051972026,1.5947055298625887
1439814354547112,51.7583306158,-1.2599668371,110.837914,5735592.026243914,620092.1047497928,-110.837914,30U,8.042,0.175,0.045,0.02142042045906315,-0.017450197998819632,1.5929631342839194
1439814354645661,51.7583378688,-1.259966592,110.834366,5735592.833226807,620092.1024199998,-110.834366,30U,8.1,0.165,0.049,0.02203540000030414,-0.01839649999978325,1.591091499999312
1439814354744093,51.7583451683,-1.2599663539,110.829193,5735593.645369272,620092.0994837334,-110.829193,30U,8.15,0.157,0.049,0.02341980858282266,-0.019913001409457943,1.5889606873227495
1439814354842524,51.7583525109,-1.259966143,110.827301,5735594.462259941,620092.0945559694,-110.827301,30U,8.199,0.134,0.007,0.02479551937810039,-0.02333976437295284,1.5860764081541194
1439814354940901,51.7583599007,-1.2599659692,110.822891,5735595.2843384575,620092.0869426107,-110.822891,30U,8.25,0.109,0.071,0.024139662052842778,-0.024137416297551662,1.583196355740096
1439814355039276,51.7583673359,-1.2599658189,110.813911,5735596.111427048,620092.0775869996,-110.813911,30U,8.298,0.093,0.104,0.022716534115794954,-0.02235840964005909,1.5804140398460678
1439814355145502,51.7583748143,-1.2599657132,110.803062,5735596.943246313,620092.0650388175,-110.803062,30U,8.347,0.049,0.117,0.02504223435117746,-0.020459377979705186,1.5777389542707854
1439814355251737,51.758382331,-1.2599656525,110.7938,5735597.779250682,620092.0492834628,-110.7938,30U,8.39,0.039,0.07,0.02447661049937874,-0.019868759056503812,1.5749937756339527
1439814355350261,51.75838989,-1.2599655919,110.788773,5735598.619958915,620092.0334089667,-110.788773,30U,8.438,0.027,0.045,0.024846176088326965,-0.021178664762261136,1.5716583121543717
1439814355448779,51.7583974931,-1.2599655815,110.784348,5735599.465488688,620092.0139530479,-110.784348,30U,8.487,-0.015,0.053,0.025028221175917027,-0.022006822113522333,1.5687853538492593
1439814355547107,51.7584051392,-1.2599656256,110.777824,5735600.315710591,620091.9906218748,-110.777824,30U,8.534,-0.037,0.062,0.02454127515236865,-0.021993996327639934,1.5664200180627192
1439814355645435,51.7584128281,-1.2599656874,110.769402,5735601.170662982,620091.9659556238,-110.769402,30U,8.576,-0.06,0.094,0.027674800000547152,-0.020685700000457854,1.563872900000268
1439814355743951,51.7584205663,-1.2599657985,110.761208,5735602.031016666,620091.9377562671,-110.761208,30U,8.622,-0.084,0.087,0.03124430156834243,-0.019948052835881795,1.5611684712113272
1439814355842468,51.7584283367,-1.2599659495,110.753189,5735602.894885495,620091.9067178937,-110.753189,30U,8.666,-0.114,0.071,0.036774479860578635,-0.019667493467694308,1.5582061166863967
1439814355940889,51.7584361454,-1.2599661406,110.746742,5735603.762947497,620091.872810516,-110.746742,30U,8.705,-0.137,0.053,0.03830224923982258,-0.0190166259881536,1.5559854271280853
1439814356039308,51.7584439878,-1.2599663464,110.741814,5735604.63473295,620091.8377992457,-110.741814,30U,8.74,-0.142,0.044,0.03633660249835039,-0.01813112336245993,1.5544393937631011
1439814356145502,51.7584518487,-1.2599665772,110.737473,5735605.508534554,620091.8010135916,-110.737473,30U,8.748,-0.175,0.034,0.038483449905704604,-0.018660154962301924,1.5535485116731151
1439814356251696,51.7584597055,-1.2599668636,110.734428,5735606.381788662,620091.7604017522,-110.734428,30U,8.728,-0.187,0.026,0.045106635524696896,-0.01993264010029281,1.5530525132515645
1439814356350123,51.7584675493,-1.2599671335,110.732307,5735607.2536242595,620091.7209631089,-110.732307,30U,8.718,-0.162,0.03,0.04521175444010715,-0.019597057023085354,1.5524090327227484
1439814356448551,51.7584753718,-1.2599673662,110.729294,5735608.123152416,620091.6841482306,-110.729294,30U,8.685,-0.161,0.032,0.04259302400350072,-0.019810464230455807,1.552189131380851
1439814356546991,51.7584831647,-1.259967629,110.724762,5735608.989339304,620091.6453346352,-110.724762,30U,8.648,-0.189,0.013,0.04243876019602461,-0.018824853459821194,1.5537409941420457
1439814356645432,51.7584909114,-1.2599678914,110.725067,5735609.850389122,620091.606671233,-110.725067,30U,8.577,-0.166,-0.025,0.04340569999980806,-0.020423600000638996,1.5560861000004858
1439814356744000,51.7584985787,-1.2599681253,110.723564,5735610.702656087,620091.5701853504,-110.723564,30U,8.477,-0.124,0.035,0.042579370746547975,-0.019836017344706844,1.5584447623565698
1439814356842568,51.7585061462,-1.2599683077,110.721817,5735611.543909465,620091.5375183896,-110.721817,30U,8.362,-0.096,0.015,0.03949797719539316,-0.018912372197546982,1.5608295094105618
1439814356940895,51.7585136094,-1.2599684386,110.720528,5735612.373648826,620091.5086822872,-110.720528,30U,8.24,-0.074,0.009,0.037608045004571405,-0.01919059895413313,1.5633205899388827
1439814357039215,51.7585209598,-1.2599685368,110.721931,5735613.190897961,620091.4824021726,-110.721931,30U,8.116,-0.052,-0.011,0.035288520974539564,-0.019865508330157423,1.565934040681198
1439814357145531,51.7585281945,-1.2599686091,110.723984,5735613.995323174,620091.4582164584,-110.723984,30U,7.986,-0.041,-0.027,0.03416953876773739,-0.020422073684028187,1.5686104880478837
1439814357251848,51.7585353248,-1.2599686607,110.724113,5735614.788172534,620091.4357362988,-110.724113,30U,7.878,-0.007,0.023,0.032033975320659026,-0.019628753115108772,1.5711667792030908
1439814357350189,51.7585423574,-1.2599686691,110.722496,5735615.570228171,620091.4164966824,-110.722496,30U,7.772,0.015,0.003,0.028563509106745343,-0.016750540251937125,1.5734624567768634
1439814357448537,51.7585493012,-1.2599686494,110.72184,5735616.342454959,620091.399431915,-110.72184,30U,7.678,0.02,-0.006,0.02902430609431354,-0.013847913969280009,1.5757100854066581
1439814357547118,51.758556162,-1.2599686158,110.723335,5735617.105474511,620091.3835466381,-110.723335,30U,7.585,0.04,-0.009,0.02683741865400233,-0.013727734520487839,1.5777750116142328
1439814357645699,51.7585629379,-1.2599685319,110.725899,5735617.859135475,620091.3713579235,-110.725899,30U,7.49,0.072,-0.04,0.024618099999458742,-0.014432200000197105,1.5794789999992365
1439814357744141,51.7585696314,-1.2599684451,110.732338,5735618.6036378145,620091.3595879757,-110.732338,30U,7.399,0.072,-0.068,0.021408442362145154,-0.016206247070746017,1.5809054608711288
1439814357842583,51.7585762431,-1.2599683559,110.737877,5735619.339047429,620091.3482006956,-110.737877,30U,7.308,0.075,-0.027,0.019293648490245154,-0.017380151570721317,1.5826683159270922
1439814357940977,51.7585827711,-1.2599682432,110.739586,5735620.065187773,620091.3386572754,-110.739586,30U,7.217,0.09,-0.005,0.01926947113526766,-0.016783348616112897,1.5839302263333117
1439814358039370,51.7585892153,-1.2599681153,110.741646,5735620.782034056,620091.3303851808,-110.741646,30U,7.122,0.096,-0.015,0.01873655092788959,-0.0182876469786183,1.584978820332915
1439814358145431,51.7585955723,-1.2599679702,110.743004,5735621.489211473,620091.3235314571,-110.743004,30U,7.025,0.11,-0.009,0.01829298335596752,-0.020149611706328147,1.5856120782152288
1439814358251490,51.7586018426,-1.2599678278,110.744148,5735622.186742856,620091.3167214424,-110.744148,30U,6.924,0.118,-0.02,0.0162686726024413,-0.020964642116889844,1.5859610483203554
1439814358349831,51.7586080272,-1.2599676809,110.746292,5735622.87475127,620091.310449369,-110.746292,30U,6.836,0.111,-0.005,0.014411521143742601,-0.02179820928371921,1.586285663792177
1439814358448184,51.758614128,-1.2599675351,110.74472,5735623.553438785,620091.3043237289,-110.74472,30U,6.739,0.102,0.023,0.013943745053989246,-0.021507189450466174,1.5861475277851749
1439814358546858,51.758620143,-1.2599674012,110.741188,5735624.222565205,620091.2976045029,-110.741188,30U,6.646,0.096,0.026,0.014916905562037988,-0.01911009671750771,1.585841361352864
1439814358645532,51.7586260716,-1.2599672675,110.739944,5735624.8820830695,620091.2911007196,-110.739944,30U,6.547,0.103,-0.007,0.013544499999739185,-0.01810659999944889,1.5849722000006106
1439814358743958,51.7586319216,-1.2599671358,110.739899,5735625.532856828,620091.2846674623,-110.739899,30U,6.456,0.09,0.018,0.011712664913595794,-0.01799521651790392,1.5835920600867806
1439814358842384,51.7586376858,-1.2599670307,110.73896,5735626.174045285,620091.2766261477,-110.73896,30U,6.362,0.076,-0.002,0.010438099966219073,-0.017241931051386352,1.5827711697751432
1439814358940866,51.7586433655,-1.2599669363,110.742004,5735626.805819192,620091.268070613,-110.742004,30U,6.276,0.066,-0.031,0.011731035102620968,-0.01919129962877865,1.582028447350182
1439814359039349,51.758648961,-1.2599668594,110.744308,5735627.4282007115,620091.258530783,-110.744308,30U,6.175,0.051,-0.02,0.013833462321932912,-0.020937100219154785,1.5809893441927427
1439814359145538,51.7586544714,-1.2599667856,110.744629,5735628.041113472,620091.2490028141,-110.744629,30U,6.085,0.058,-0.006,0.013112660085695421,-0.020226284512551103,1.5801999554614194
1439814359251725,51.758659903,-1.2599667099,110.744995,5735628.645266303,620091.2398150497,-110.744995,30U,5.992,0.068,-0.003,0.010362165488374913,-0.01936895514872276,1.579257034613512
1439814359350182,51.7586652529,-1.2599666237,110.744461,5735629.240350869,620091.2315686833,-110.744461,30U,5.903,0.058,0.015,0.009492642462012655,-0.018776446100263994,1.5783364583049557
1439814359448638,51.7586705214,-1.2599665891,110.742264,5735629.826298277,620091.219977296,-110.742264,30U,5.814,0.01,0.034,0.012663883735700411,-0.01838510376422194,1.5781945892638314
1439814359547079,51.7586757052,-1.2599665724,110.741234,5735630.402797037,620091.207375338,-110.741234,30U,5.721,0.029,-0.008,0.014880857292557193,-0.018117457900419725,1.5776568892471494
1439814359645519,51.7586808041,-1.2599665206,110.742569,5735630.969912179,620091.1974209573,-110.742569,30U,5.625,0.042,-0.018,0.01548239999941801,-0.01801120000059292,1.5767006999996063
1439814359743946,51.7586858226,-1.2599664777,110.745613,5735631.528071677,620091.1870657004,-110.745613,30U,5.532,0.035,-0.019,0.01523957515231346,-0.01817756566453896,1.5759354439899558
1439814359842373,51.7586907576,-1.2599664499,110.745895,5735632.076920586,620091.1758899215,-110.745895,30U,5.442,0.019,0.011,0.015669151805413714,-0.01657419196614946,1.575544230207885
1439814359940813,51.7586956114,-1.2599664423,110.74501,5735632.616706283,620091.1635355579,-110.74501,30U,5.353,0.005,0.006,0.018141587735317675,-0.01567034558618747,1.5753571106261095
1439814360039254,51.7587003814,-1.259966439,110.744545,5735633.14716581,620091.1511067955,-110.744545,30U,5.258,0.015,-0.002,0.019509025692630234,-0.015987201156602647,1.5746828201892162
1439814360145463,51.7587050668,-1.2599664118,110.746094,5735633.668256639,620091.1405518831,-110.746094,30U,5.168,0.021,-0.022,0.01986130317400024,-0.016171123691378422,1.5733864787146574
1439814360251671,51.7587096775,-1.2599664091,110.748421,5735634.181000012,620091.1285043907,-110.748421,30U,5.079,0.002,-0.034,0.02155122686511421,-0.01650064222591008,1.572277903874769
1439814360350085,51.7587142073,-1.2599664316,110.751961,5735634.684705304,620091.1149324611,-110.751961,30U,4.991,-0.007,-0.033,0.022143171168660266,-0.01702253978719856,1.5712616042957273
1439814360448500,51.7587186602,-1.2599664467,110.753677,5735635.179871015,620091.1020752602,-110.753677,30U,4.912,-0.006,-0.002,0.02334539847205653,-0.01590015997586679,1.5702446696664203
1439814360546971,51.7587230437,-1.2599664713,110.753471,5735635.667303366,620091.0887465919,-110.753471,30U,4.84,-0.021,0.008,0.025873559073605303,-0.015322398734439899,1.5690656046083287
1439814360645441,51.7587273596,-1.2599664997,110.753479,5735636.147211913,620091.0753350458,-110.753479,30U,4.765,-0.012,-0.001,0.02618959999937481,-0.014863899999921385,1.567684699999431
1439814360743885,51.758731614,-1.2599665363,110.753632,5735636.620267771,620091.0615207858,-110.753632,30U,4.695,-0.022,0.008,0.024708703435595163,-0.012911135956027832,1.566572378932476
1439814360842328,51.7587358047,-1.2599665818,110.754112,5735637.0862251315,620091.047261341,-110.754112,30U,4.624,-0.027,-0.025,0.02351891093814891,-0.011498266744927977,1.565656456930088
1439814360940679,51.7587399318,-1.2599666323,110.757263,5735637.545101538,620091.0328255927,-110.757263,30U,4.555,-0.029,-0.042,0.02241807735431402,-0.012087537804453239,1.5646113226111402
1439814361039026,51.7587439986,-1.2599666816,110.760651,5735637.997274182,620091.0186326549,-110.760651,30U,4.491,-0.043,-0.012,0.022354665884378955,-0.012637683777993973,1.5636476196740434
1439814361145283,51.7587480054,-1.2599667566,110.760765,5735638.442732129,620091.0028253219,-110.760765,30U,4.423,-0.046,-0.001,0.021231440319652926,-0.01177351809562125,1.5632177487252699
1439814361251542,51.7587519543,-1.2599668334,110.761909,5735638.881748267,620090.9870473971,-110.761909,30U,4.35,-0.045,-0.029,0.02313055602633696,-0.012146121285270244,1.5623656924042828
1439814361349927,51.7587558357,-1.2599669103,110.766899,5735639.313257816,620090.9714416739,-110.766899,30U,4.279,-0.045,-0.056,0.02277040787449467,-0.013555294547003507,1.5614544766211367
1439814361448320,51.7587596566,-1.2599669827,110.771255,5735639.738046791,620090.9563070299,-110.771255,30U,4.217,-0.046,-0.031,0.02258999664023194,-0.014317070652868935,1.5611961151584635
1439814361546979,51.7587634194,-1.2599670542,110.773964,5735640.1563761635,620090.9413886578,-110.773964,30U,4.152,-0.044,-0.019,0.02111750395024705,-0.015972136352400045,1.5610741357865203
1439814361645637,51.7587671224,-1.2599671091,110.774742,5735640.56808273,620090.9277745467,-110.774742,30U,4.088,-0.036,-0.003,0.020558099999862158,-0.01706820000025845,1.5607487999998635
1439814361743899,51.7587707726,-1.2599671754,110.776024,5735640.9738988355,620090.9135138027,-110.776024,30U,4.02,-0.035,-0.016,0.0175904962610706,-0.01862353855498835,1.5603210934670566
1439814361842160,51.7587743595,-1.259967237,110.776917,5735641.372683319,620090.8997453701,-110.776917,30U,3.952,-0.044,-0.001,0.01594702883117902,-0.018473002186109193,1.5601374275829474
1439814361940845,51.758777883,-1.2599673189,110.777634,5735641.764383896,620090.884744227,-110.777634,30U,3.881,-0.057,-0.019,0.016283075169384504,-0.017775964635710195,1.5604028849504756
1439814362039544,51.7587813398,-1.2599674041,110.780174,5735642.14866158,620090.8696923249,-110.780174,30U,3.809,-0.05,-0.025,0.016172146742299418,-0.01822497874667322,1.560412246100713
1439814362145637,51.758784735,-1.2599674744,110.780792,5735642.52611349,620090.8558321414,-110.780792,30U,3.743,-0.048,0.014,0.017921240866712505,-0.01857822694177594,1.560195795156064
1439814362251713,51.7587880714,-1.259967562,110.778152,5735642.896997983,620090.8409340767,-110.778152,30U,3.668,-0.045,0.031,0.017432163680955712,-0.017492870180274844,1.5604464787478063
1439814362350134,51.7587913364,-1.2599676339,110.776581,5735643.259968195,620090.8273089427,-110.776581,30U,3.591,-0.041,0.017,0.018016262525310533,-0.016204401873754222,1.5612644601191792
1439814362448552,51.7587945297,-1.2599676934,110.774521,5735643.614985334,620090.8147297968,-110.774521,30U,3.506,-0.027,0.012,0.01661145344366392,-0.015373833364094026,1.5619283033764528
1439814362546897,51.7587976414,-1.2599677352,110.775391,5735643.960957185,620090.8035886688,-110.775391,30U,3.416,-0.025,-0.02,0.014380614483338484,-0.015824147586524822,1.5624711592755145
1439814362645242,51.7588006732,-1.2599677726,110.777657,5735644.298050895,620090.7929631938,-110.777657,30U,3.33,-0.026,-0.018,0.013258100000656301,-0.01649370000078669,1.5630377999997687
1439814362743675,51.7588036318,-1.2599678288,110.779022,5735644.626973347,620090.7812345292,-110.779022,30U,3.24,-0.029,-0.014,0.012926040833965742,-0.016867582638950447,1.5631469150489594
1439814362842107,51.7588065108,-1.2599678867,110.780014,5735644.947040976,620090.7695997517,-110.780014,30U,3.157,-0.038,-0.001,0.013772123303075553,-0.0172399098920447,1.563062628739548
1439814362940735,51.7588093115,-1.2599679574,110.779396,5735645.258380079,620090.7572893862,-110.779396,30U,3.069,-0.044,0.008,0.015301931380474807,-0.0167575076726336,1.563201958946203
1439814363039369,51.7588120334,-1.2599680083,110.779282,5735645.560988722,620090.7465545328,-110.779282,30U,2.984,-0.021,-0.011,0.016543620037206597,-0.016177021268876653,1.5627410657752847
1439814363145575,51.7588146789,-1.2599680502,110.780815,5735645.855116028,620090.7366434984,-110.780815,30U,2.902,-0.037,-0.015,0.01773888621705433,-0.01683402949042297,1.5621461967344992
1439814363251757,51.7588172569,-1.2599681209,110.781433,5735646.141689483,620090.7249240361,-110.781433,30U,2.824,-0.037,0.008,0.01839293642840443,-0.017001236724209053,1.5621480223157356
1439814363350000,51.758819764,-1.2599681728,110.780151,5735646.420409367,620090.7146901118,-110.780151,30U,2.745,-0.017,0.003,0.017251897452137902,-0.015949120096906064,1.561718218298594
1439814363448257,51.7588222,-1.2599682015,110.780891,5735646.691260683,620090.7062459068,-110.780891,30U,2.671,-0.02,-0.008,0.016616713159171084,-0.016268420002683987,1.5605561250333333
1439814363546947,51.7588245702,-1.259968254,110.781067,5735646.954755435,620090.6963338215,-110.781067,30U,2.6,-0.043,0.004,0.01686332242638201,-0.016340781887542427,1.5597656045153314
1439814363645636,51.7588268769,-1.2599683173,110.78054,5735647.211170804,620090.6858449003,-110.78054,30U,2.533,-0.039,0.002,0.017023800000439633,-0.015578099999428444,1.5590175999997422
1439814363743955,51.7588291302,-1.2599683794,110.780457,5735647.461649732,620090.6755804822,-110.780457,30U,2.47,-0.032,0.006,0.01722972494116421,-0.015027141880553523,1.558092213141398
1439814363842274,51.758831327,-1.2599684374,110.779366,5735647.705852253,620090.6657489256,-110.779366,30U,2.409,-0.035,0.008,0.015880901765063533,-0.01349528945013219,1.557464320518141
1439814363940685,51.7588334689,-1.2599684961,110.779305,5735647.943948397,620090.6560147303,-110.779305,30U,2.35,-0.038,-0.004,0.014857909782091784,-0.01255070767185928,1.5570233794642854
1439814364039100,51.7588355594,-1.2599685577,110.779716,5735648.176323759,620090.6462167853,-110.779716,30U,2.299,-0.043,-0.001,0.01533642855316008,-0.011998969884736893,1.55644379493673
1439814364145349,51.758837605,-1.2599686319,110.779778,5735648.403685212,620090.6356684327,-110.779778,30U,2.253,-0.055,-0.001,0.016804218238799976,-0.011995047272951004,1.5558905535711463
1439814364251599,51.7588396153,-1.2599687189,110.779472,5735648.627100008,620090.624330397,-110.779472,30U,2.208,-0.047,0.005,0.01791619348447148,-0.012073252101266092,1.555244175354204
1439814364350033,51.7588415866,-1.2599687853,110.779335,5735648.846211676,620090.6145174783,-110.779335,30U,2.169,-0.038,-0.003,0.018731189061751967,-0.011565864416744547,1.5544274494592483
1439814364448474,51.7588435253,-1.2599688466,110.779678,5735649.061706414,620090.6051430166,-110.779678,30U,2.141,-0.04,-0.002,0.018269745569322243,-0.01098242325259445,1.5537090507263955
1439814364547118,51.7588454414,-1.2599689145,110.779503,5735649.274677024,620090.5953730465,-110.779503,30U,2.119,-0.047,0.003,0.01830524285057549,-0.010241206516197606,1.5532159687290812
1439814364645762,51.7588473375,-1.2599689878,110.779022,5735649.485414616,620090.5852834813,-110.779022,30U,2.099,-0.053,0.008,0.019105100000429545,-0.009753900000128218,1.5527576999992874
1439814364744280,51.7588492199,-1.2599690762,110.778709,5735649.694603818,620090.5741881962,-110.778709,30U,2.077,-0.055,-0.003,0.02040221255098016,-0.009438748523816126,1.552168146725258
1439814364842798,51.7588510808,-1.2599691622,110.779221,5735649.901406037,620090.5633155858,-110.779221,30U,2.054,-0.053,-0.007,0.02147210317330782,-0.009280192733543201,1.5514670614613633
1439814364941029,51.7588529183,-1.2599692399,110.780411,5735650.105619694,620090.5530778586,-110.780411,30U,2.026,-0.046,-0.017,0.0220676473667891,-0.00945313969375931,1.5508970065152994
1439814365039250,51.7588547247,-1.2599693023,110.782745,5735650.306400028,620090.5439785257,-110.782745,30U,1.989,-0.036,-0.027,0.02139310607721339,-0.010315530224439113,1.5500190600866532
1439814365145350,51.7588564971,-1.2599693586,110.785126,5735650.50340939,620090.5353903754,-110.785126,30U,1.951,-0.041,-0.02,0.019949011985062888,-0.010536935474665327,1.5491095913571444
1439814365251475,51.7588582363,-1.2599694388,110.787582,5735650.696687352,620090.5252409455,-110.787582,30U,1.904,-0.053,-0.028,0.019766429894568574,-0.010881609174330953,1.5486860655720653
1439814365350109,51.7588599293,-1.2599695242,110.789726,5735650.88481902,620090.5148552419,-110.789726,30U,1.852,-0.051,-0.012,0.020166763276798984,-0.011702301797759933,1.548091121986522
1439814365448736,51.758861572,-1.2599696061,110.789848,5735651.067362771,620090.5048445419,-110.789848,30U,1.797,-0.053,0.011,0.021173782968132895,-0.01175972925451089,1.5474289842004165
1439814365547156,51.7588631628,-1.2599696884,110.78846,5735651.244134258,620090.4949439476,-110.78846,30U,1.736,-0.051,0.007,0.021569878841037775,-0.011230194622853209,1.546873624410037
1439814365645577,51.7588646974,-1.2599697573,110.788406,5735651.414678012,620090.4861172235,-110.788406,30U,1.678,-0.046,-0.002,0.02156259999949754,-0.01093040000017811,1.5463855999999037
1439814365743925,51.7588661857,-1.2599698408,110.789177,5735651.580048876,620090.476405785,-110.789177,30U,1.62,-0.054,-0.015,0.022012484528847808,-0.011047346226530962,1.5463815462109165
1439814365842273,51.7588676214,-1.2599699264,110.790527,5735651.739566831,620090.4666889888,-110.790527,30U,1.565,-0.051,-0.009,0.02209794147596696,-0.011606039897723464,1.5462360556796622
1439814365940657,51.758869006,-1.2599700013,110.791344,5735651.893419759,620090.4578462011,-110.791344,30U,1.51,-0.046,-0.007,0.02260544389843354,-0.011532142943428018,1.5460063971548663
1439814366039043,51.7588703415,-1.2599700705,110.791885,5735652.041821845,620090.449527059,-110.791885,30U,1.458,-0.043,-0.003,0.022442167884397218,-0.011454823894142922,1.546031601266099
1439814366145252,51.7588716301,-1.259970132,110.792068,5735652.185021034,620090.4418637456,-110.792068,30U,1.409,-0.041,-0.002,0.02223228957569466,-0.011243601891355847,1.5461418191591734
1439814366251470,51.7588728818,-1.2599702046,110.792236,5735652.3240984315,620090.4335323158,-110.792236,30U,1.363,-0.045,-0.002,0.021938436739707752,-0.011117880418304672,1.5460790529461894
1439814366350020,51.7588740926,-1.2599702822,110.79258,5735652.458619259,620090.4249643515,-110.79258,30U,1.32,-0.05,-0.006,0.022734542648164505,-0.011041812626976259,1.546111428316867
1439814366448572,51.7588752638,-1.2599703596,110.793396,5735652.588736644,620090.416515263,-110.793396,30U,1.28,-0.046,-0.008,0.023321867478823564,-0.010955170948615523,1.5460578170487054
1439814366547185,51.7588763982,-1.2599704237,110.793884,5735652.714783537,620090.4090816686,-110.793884,30U,1.24,-0.04,-0.001,0.024018583481978478,-0.010844050523095415,1.545767582730553
1439814366645797,51.7588774953,-1.2599704845,110.793945,5735652.83668787,620090.4019747822,-110.793945,30U,1.2,-0.041,-0.002,0.023980899999558852,-0.010411499999992031,1.5455756000000014
1439814366744040,51.7588785631,-1.2599705541,110.794289,5735652.955319367,620090.3943383391,-110.794289,30U,1.161,-0.042,-0.005,0.02417975589953659,-0.01017200757984149,1.5454726322081305
1439814366842283,51.7588795932,-1.2599706192,110.795006,5735653.069765797,620090.3871124786,-110.795006,30U,1.12,-0.037,-0.008,0.024108238631863073,-0.010097118205153422,1.5451478185175205
1439814366940844,51.7588805856,-1.2599706776,110.795647,5735653.18003078,620090.3804490273,-110.795647,30U,1.081,-0.04,-0.005,0.02442759442133832,-0.009631884309628646,1.5447210333649701
1439814367039414,51.7588815429,-1.2599707425,110.796089,5735653.286381719,620090.3734301336,-110.796089,30U,1.046,-0.044,-0.0,0.02447126716689244,-0.009414275574640528,1.5446300386312513
1439814367145444,51.7588824691,-1.2599708062,110.795822,5735653.389276117,620090.3665765733,-110.795822,30U,1.012,-0.04,0.003,0.025099587060712542,-0.009161762415330137,1.5444734990470756
1439814367251463,51.7588833701,-1.2599708705,110.795769,5735653.489367127,620090.3597484708,-110.795769,30U,0.979,-0.038,-0.002,0.02573960864191168,-0.008785677152451741,1.543957699781385
1439814367349866,51.7588842405,-1.2599709355,110.79599,5735653.586054074,620090.3529532534,-110.79599,30U,0.948,-0.041,-0.002,0.026174455899628305,-0.008742046631648213,1.543607631785619
1439814367448276,51.7588850819,-1.2599709981,110.795692,5735653.679519988,620090.3464006111,-110.795692,30U,0.916,-0.038,0.007,0.026496742630988397,-0.008473876621037017,1.5434263297859208
1439814367546936,51.7588858925,-1.2599710535,110.79496,5735653.769572603,620090.3404265735,-110.79496,30U,0.883,-0.033,0.003,0.026229560525603046,-0.007845723362527247,1.5431147193627497
1439814367645595,51.7588866704,-1.2599711048,110.795013,5735653.855995525,620090.3348222466,-110.795013,30U,0.846,-0.038,-0.004,0.026419499999199274,-0.007906700000417344,1.5428338999998448
1439814367743942,51.7588874187,-1.25997117,110.795364,5735653.939103848,620090.3283372028,-110.795364,30U,0.804,-0.036,-0.001,0.02631461014603604,-0.00786183274279651,1.542650905540408
1439814367842289,51.7588881276,-1.2599712235,110.795563,5735654.017849912,620090.3227641331,-110.795563,30U,0.762,-0.031,-0.006,0.026466090107976663,-0.007498741787811771,1.5422697086252841
1439814367940761,51.7588887965,-1.2599712757,110.795906,5735654.092149862,620090.3173869121,-110.795906,30U,0.72,-0.034,-0.002,0.026354277261473068,-0.007504775261881551,1.542063539787014
1439814368039237,51.758889429,-1.2599713284,110.795837,5735654.162401079,620090.3120717676,-110.795837,30U,0.683,-0.033,0.003,0.02619262147148796,-0.007309289889395387,1.5419426688387723
1439814368145368,51.7588900276,-1.2599713776,110.795662,5735654.228888165,620090.3070881127,-110.795662,30U,0.646,-0.033,0.0,0.026064303156204,-0.006968196312065879,1.5417309708393194
1439814368251511,51.7588905984,-1.2599714352,110.795898,5735654.292269886,620090.3015985249,-110.795898,30U,0.61,-0.033,-0.004,0.02621113771664626,-0.006914035413542953,1.5416284885177611
1439814368350197,51.7588911358,-1.2599714869,110.796043,5735654.351947027,620090.2966047258,-110.796043,30U,0.575,-0.027,-0.001,0.0260094776834258,-0.00673547241663558,1.5414615106254745
1439814368448871,51.7588916415,-1.2599715326,110.79631,5735654.408108812,620090.2921091069,-110.79631,30U,0.542,-0.031,-0.004,0.026184706000159104,-0.006743830316712508,1.5412002266281677
1439814368547208,51.7588921152,-1.2599715838,110.796661,5735654.460702934,620090.287318833,-110.796661,30U,0.507,-0.032,-0.004,0.026246470324339247,-0.00670322747266762,1.5411574477878964
1439814368645545,51.758892554,-1.2599716294,110.79705,5735654.509425181,620090.2830076248,-110.79705,30U,0.467,-0.029,-0.005,0.02659040000061673,-0.006695499999479146,1.5410327999995133
1439814368743998,51.7588929601,-1.259971677,110.797417,5735654.554507686,620090.278645158,-110.797417,30U,0.421,-0.023,-0.001,0.026341806908402182,-0.006734988183761261,1.5407147222622894
1439814368842451,51.7588933237,-1.259971721,110.797508,5735654.594869851,620090.2746439001,-110.797508,30U,0.376,-0.028,-0.003,0.026620725785775182,-0.006514262524603201,1.5406582956872872
1439814368940908,51.7588936464,-1.2599717652,110.798004,5735654.630683348,620090.270737362,-110.798004,30U,0.335,-0.022,-0.004,0.026268190842160567,-0.006610755790721304,1.5407196174710183
1439814369039364,51.7588939323,-1.2599717994,110.798187,5735654.662420921,620090.2676185807,-110.798187,30U,0.297,-0.023,-0.002,0.026338493264681587,-0.006505718315864611,1.5404577349427149
1439814369145638,51.7588941856,-1.259971837,110.798485,5735654.690527567,620090.2643516604,-110.798485,30U,0.266,-0.027,-0.003,0.026326323893640202,-0.006522571682870108,1.5403689968429246
1439814369251898,51.7588944245,-1.2599718794,110.798561,5735654.71702494,620090.2607916929,-110.798561,30U,0.252,-0.023,-0.0,0.026443921211579853,-0.006294078202001927,1.5404262128059125
1439814369350134,51.7588946527,-1.2599719148,110.79866,5735654.742343931,620090.2577431976,-110.79866,30U,0.247,-0.021,-0.001,0.026455208313448365,-0.006107047366728043,1.5402934799961905
1439814369448377,51.7588948847,-1.2599719509,110.79866,5735654.768084354,620090.25463631,-110.79866,30U,0.264,-0.025,0.001,0.026316889155085392,-0.005893284309412391,1.5401725035794471
1439814369546818,51.7588951364,-1.2599719903,110.798393,5735654.796010108,620090.2512494146,-110.798393,30U,0.292,-0.026,0.002,0.026150201156751773,-0.005439624519443654,1.540195505579092
1439814369645259,51.758895413,-1.259972028,110.798409,5735654.826707697,620090.2479137699,-110.798409,30U,0.322,-0.026,-0.002,0.026103399999270572,-0.005104200000162756,1.540111299999885
1439814369743893,51.7588957229,-1.2599720702,110.79882,5735654.861101047,620090.244179218,-110.79882,30U,0.35,-0.028,-0.005,0.025967696089382677,-0.005053460704446634,1.53992397517088
1439814369842526,51.7588960555,-1.2599721171,110.799416,5735654.89801104,620090.2400600809,-110.799416,30U,0.377,-0.033,-0.007,0.02598648484152374,-0.00498661947229051,1.5398750111577566
1439814369940885,51.7588964084,-1.2599721666,110.800247,5735654.937174242,620090.2357076518,-110.800247,30U,0.399,-0.031,-0.009,0.026019333161522072,-0.00499969326422363,1.5398035485223796
1439814370039235,51.7588967798,-1.2599722128,110.80101,5735654.978400194,620090.2315338734,-110.80101,30U,0.422,-0.032,-0.008,0.02619073620871786,-0.004972631051034858,1.5395836576803825
1439814370145384,51.7588971705,-1.2599722613,110.801811,5735655.02176864,620090.227150159,-110.801811,30U,0.445,-0.033,-0.008,0.025970213157851346,-0.004913636630700142,1.53941963420815
1439814370251546,51.7588975881,-1.2599723133,110.802589,5735655.068122773,620090.2224535292,-110.802589,30U,0.468,-0.038,-0.008,0.02617449769677323,-0.004901384913279319,1.5393451554064603
1439814370350096,51.7588980234,-1.2599723702,110.803436,5735655.116437191,620090.2173717802,-110.803436,30U,0.49,-0.035,-0.009,0.025813943787295773,-0.004808435053005858,1.539249964838388
1439814370448641,51.7588984868,-1.2599724218,110.803947,5735655.167885233,620090.2125812329,-110.803947,30U,0.539,-0.037,0.001,0.026106991686158314,-0.00441604703784906,1.5390538011559054
1439814370547036,51.7588990071,-1.2599724824,110.803337,5735655.2256460935,620090.2070186074,-110.803337,30U,0.618,-0.045,0.009,0.025948837787616256,-0.0032269722913497267,1.5390717151594973
1439814370645430,51.7588996061,-1.2599725463,110.802475,5735655.292153457,620090.2010194247,-110.802475,30U,0.718,-0.044,0.006,0.026028299999993707,-0.0017501999999337352,1.5389615999999933
1439814370744037,51.7589003092,-1.2599726094,110.802223,5735655.370238717,620090.1947992384,-110.802223,30U,0.831,-0.051,-0.003,0.026131338685393773,-0.000631579907063442,1.5386699894862346
1439814370842644,51.7589011168,-1.2599726864,110.802986,5735655.459922146,620090.1873425192,-110.802986,30U,0.954,-0.058,-0.013,0.02613450442293223,-0.00018202305106292718,1.5386233267385994
1439814370940986,51.7589020357,-1.259972771,110.804398,5735655.561970325,620090.1790659961,-110.804398,30U,1.084,-0.061,-0.013,0.026276446211125255,-0.00012096883852356781,1.5386980127370509
1439814371039320,51.7589030748,-1.2599728602,110.805695,5735655.67737793,620090.1701530879,-110.805695,30U,1.224,-0.065,-0.014,0.02631155863506113,5.091600332156927e-05,1.5385683656816633
1439814371145433,51.758904242,-1.2599729597,110.807335,5735655.807014101,620090.1601894686,-110.807335,30U,1.373,-0.074,-0.019,0.026488974105910588,0.00018297052748198183,1.5385344765275843
1439814371251557,51.7589055571,-1.2599730665,110.808937,5735655.9530856665,620090.1493296368,-110.808937,30U,1.537,-0.081,-0.015,0.02640510163500891,0.00037144332411326493,1.5388160931568915
1439814371350072,51.7589070196,-1.2599731787,110.810349,5735656.115540152,620090.1377060408,-110.810349,30U,1.704,-0.082,-0.017,0.026719389061640196,0.0006325805287582199,1.5391031291609352
1439814371448585,51.7589086302,-1.2599733007,110.811996,5735656.294448155,620090.1250131719,-110.811996,30U,1.869,-0.09,-0.019,0.026724809891981262,0.0009406799044891905,1.5392497881080933
1439814371547094,51.7589103867,-1.2599734323,110.814468,5735656.489565352,620090.1112706715,-110.814468,30U,2.034,-0.094,-0.027,0.02681081137659105,0.0010274784181365086,1.539456279793878
1439814371645603,51.7589122883,-1.2599735722,110.817314,5735656.700804918,620090.0965703764,-110.817314,30U,2.196,-0.102,-0.032,0.02724260000064409,0.0009130000000795144,1.539682699999873
1439814371744035,51.7589143421,-1.2599737172,110.820717,5735656.928961688,620090.081114284,-110.820717,30U,2.356,-0.106,-0.033,0.02695715206994152,0.00045024980058277564,1.539867121662163
1439814371842466,51.7589165376,-1.2599738654,110.823601,5735657.172871123,620090.0650613768,-110.823601,30U,2.515,-0.107,-0.027,0.02656277019762856,0.0004619489450170869,1.5400268367402676
1439814371940905,51.7589188733,-1.2599740229,110.82663,5735657.43235637,620090.0479946645,-110.82663,30U,2.671,-0.114,-0.032,0.026605319581208257,0.00021304494508557785,1.5402425418970005
1439814372039344,51.7589213467,-1.2599741903,110.829704,5735657.707138426,620090.029879376,-110.829704,30U,2.827,-0.12,-0.033,0.026383139989479457,9.731662693806047e-05,1.5401971078908288
1439814372145554,51.7589239579,-1.2599743664,110.833115,5735657.997230385,620090.0107980582,-110.833115,30U,2.981,-0.123,-0.035,0.025877754101616836,-0.0002771128455696239,1.5401485562117412
1439814372251765,51.7589267141,-1.2599745434,110.836464,5735658.303445781,620089.9912698957,-110.836464,30U,3.134,-0.13,-0.036,0.026376144868662424,-0.0009406478061389171,1.540233463369674
1439814372350217,51.7589296049,-1.2599747412,110.83947,5735658.624595293,620089.969949159,-110.83947,30U,3.284,-0.146,-0.025,0.027215175151669983,-0.001052816518295675,1.5403994961085743
1439814372448668,51.7589326288,-1.2599749452,110.841965,5735658.9605361605,620089.9478473936,-110.841965,30U,3.434,-0.138,-0.034,0.026902362509058014,-0.0005049073761775881,1.5405539350528596
1439814372547131,51.758935783,-1.2599751425,110.84623,5735659.31097824,620089.9258622718,-110.84623,30U,3.579,-0.143,-0.045,0.026597002109938123,-0.0017228712941668041,1.540632363478796
1439814372645593,51.758939066,-1.2599753604,110.849792,5735659.675709776,620089.9021137699,-110.849792,30U,3.724,-0.156,-0.03,0.026331800000304016,-0.0022077999998432146,1.5410726999994684
1439814372744150,51.7589424853,-1.2599755776,110.852646,5735660.055599883,620089.8780519252,-110.852646,30U,3.866,-0.153,-0.027,0.02655832253495313,-0.002005551678963766,1.5412661044228684
1439814372842706,51.7589460277,-1.259975803,110.856026,5735660.449165988,620089.8530975624,-110.856026,30U,4.003,-0.163,-0.037,0.02677403558406485,-0.0018283071578785572,1.5415020719027581
1439814372941051,51.7589496931,-1.2599760371,110.8591,5735660.856396142,620089.8272164426,-110.8591,30U,4.143,-0.163,-0.025,0.027602896657316443,-0.0014287916700968888,1.5419772647447332
1439814373039389,51.7589534802,-1.2599762752,110.861412,5735661.27715352,620089.8007363671,-110.861412,30U,4.277,-0.167,-0.03,0.028763083904351314,-0.0003229064995228075,1.54239156147831
1439814373145538,51.7589573875,-1.2599765129,110.864944,5735661.711278555,620089.773964966,-110.864944,30U,4.415,-0.162,-0.027,0.028174516188079993,-0.0002443315828664758,1.5424764577907666
1439814373251696,51.7589614238,-1.2599767405,110.867332,5735662.159765837,620089.7475482982,-110.867332,30U,4.546,-0.162,-0.026,0.028907736225524595,-0.0004559772625841447,1.5426594323167981
1439814373350170,51.758965575,-1.25997699,110.869781,5735662.620994662,620089.7193154176,-110.869781,30U,4.676,-0.179,-0.034,0.028977087904370202,0.0006142442270458028,1.5430509614781194
1439814373448645,51.7589698398,-1.2599772468,110.87439,5735663.094844506,620089.6902773372,-110.87439,30U,4.803,-0.172,-0.056,0.0280534246284754,0.0010076350525402623,1.5432011493675784
1439814373547146,51.7589742159,-1.2599774944,110.880402,5735663.58108676,620089.6615788443,-110.880402,30U,4.927,-0.178,-0.064,0.02906918854677084,0.00030870113907711943,1.5428231391461615
1439814373645646,51.7589787003,-1.2599777659,110.886536,5735664.079333307,620089.630943629,-110.886536,30U,5.051,-0.196,-0.058,0.02962450000025644,-0.0004357999997940289,1.542001300000239
1439814373744125,51.7589833033,-1.2599780506,110.890907,5735664.590747188,620089.5990827825,-110.890907,30U,5.174,-0.198,-0.032,0.03002433550811909,0.0005279341315723508,1.541127201139457
1439814373842605,51.7589880116,-1.2599783505,110.89521,5735665.113846066,620089.5658935707,-110.89521,30U,5.289,-0.22,-0.065,0.032536684875268077,0.0011325237679187864,1.5402774463038693
1439814373941057,51.7589928225,-1.2599786774,110.90155,5735665.648310254,620089.5305688286,-110.90155,30U,5.408,-0.224,-0.06,0.033325979685188134,0.0008026573683232528,1.539559408719782
1439814374039508,51.7589977389,-1.2599789937,110.907608,5735666.194524162,620089.4956956793,-110.907608,30U,5.526,-0.222,-0.052,0.03460007604656728,-0.0002667363343317542,1.5384215732447426
1439814374145485,51.7590027568,-1.2599793352,110.912079,5735666.751984019,620089.4588141382,-110.912079,30U,5.638,-0.242,-0.048,0.03476391567279763,-7.705208546804011e-05,1.5375518896690332
1439814374251462,51.759007883,-1.2599796843,110.918198,5735667.321475008,620089.4211207592,-110.918198,30U,5.75,-0.249,-0.073,0.035293336976736325,0.00013756461936607973,1.5364082918725317
1439814374349912,51.7590131073,-1.2599800597,110.924919,5735667.90183203,620089.3813520996,-110.924919,30U,5.858,-0.264,-0.076,0.036132911064196235,-0.0005531288651507705,1.5351378064996364
1439814374448361,51.7590184264,-1.2599804511,110.93222,5735668.492705065,620089.3402277282,-110.93222,30U,5.965,-0.284,-0.056,0.03883666688908432,-0.002038817909324849,1.5335599627113452
1439814374546818,51.7590238362,-1.2599808733,110.936264,5735669.093613801,620089.2967371617,-110.936264,30U,6.062,-0.299,-0.046,0.040761301299107856,-0.0019536352389523193,1.5321285647114058
1439814374645275,51.7590293237,-1.2599813091,110.941597,5735669.7031408725,620089.2521018835,-110.941597,30U,6.15,-0.307,-0.051,0.04254150000077158,-0.0006642000008274733,1.5305126000000986
1439814374743596,51.7590349007,-1.2599817578,110.948204,5735670.32259967,620089.2063388947,-110.948204,30U,6.241,-0.316,-0.072,0.04284097671346875,0.00026457124466800896,1.5286692593352613
1439814374841916,51.7590405542,-1.2599822287,110.954041,5735670.950529198,620089.1588408857,-110.954041,30U,6.32,-0.332,-0.053,0.04235377549834912,-0.00020074105279209686,1.5271439066087131
1439814374940406,51.7590462741,-1.2599827277,110.958366,5735671.585796556,620089.1092274894,-110.958366,30U,6.395,-0.354,-0.037,0.04363806147936451,-0.0009640955768371629,1.5257551770255535
1439814375038901,51.7590520489,-1.2599832538,110.965561,5735672.2271245215,620089.0575982309,-110.965561,30U,6.444,-0.368,-0.136,0.04546116924380551,-0.0027731123976369194,1.524229360491719
1439814375145278,51.7590578772,-1.2599837989,110.977791,5735672.874370738,620089.0045158162,-110.977791,30U,6.513,-0.382,-0.111,0.04577853253748142,-0.0056793006581872495,1.5226913245028748
1439814375251653,51.7590637655,-1.2599843592,110.985352,5735673.528264308,620088.9502252423,-110.985352,30U,6.562,-0.381,-0.045,0.04519989370261871,-0.006001338083226332,1.5209061743841537
1439814375350115,51.7590696774,-1.2599849268,110.989876,5735674.184770327,620088.8953682766,-110.989876,30U,6.574,-0.404,-0.046,0.047160063808592334,-0.005458191373914271,1.518444262163066
1439814375448579,51.7590755878,-1.2599855315,110.994522,5735674.841048452,620088.8379549902,-110.994522,30U,6.569,-0.423,-0.039,0.0488469985483131,-0.0061178345364856146,1.5156688065753872
1439814375547100,51.7590814836,-1.2599861603,111.000359,5735675.495663281,620088.778917285,-111.000359,30U,6.548,-0.444,-0.073,0.05104064899461347,-0.007791828476616934,1.5122205574115042
1439814375645621,51.7590873634,-1.2599868197,111.007011,5735676.148448425,620088.7178103063,-111.007011,30U,6.533,-0.47,-0.07,0.05218290000081641,-0.009023099999572513,1.5085197999996678
1439814375744124,51.7590932404,-1.2599875179,111.013161,5735676.800858307,620088.65403314,-111.013161,30U,6.527,-0.488,-0.042,0.05360293230147517,-0.008739445146839615,1.505098959411309
1439814375842627,51.7590991073,-1.2599882462,111.016792,5735677.452095444,620088.5882055517,-111.016792,30U,6.518,-0.509,-0.035,0.053171372669855985,-0.007242709563018487,1.5017985989954632
1439814375940965,51.7591049681,-1.2599890123,111.020195,5735678.102591981,620088.5197855434,-111.020195,30U,6.511,-0.55,-0.028,0.05616544358498911,-0.007597387795389162,1.498527010264269
1439814376039297,51.7591108229,-1.2599898247,111.022835,5735678.752345048,620088.4481862593,-111.022835,30U,6.51,-0.56,-0.034,0.0573337335248217,-0.007459126831539439,1.4955615954179413
1439814376145454,51.7591166766,-1.2599906548,111.028,5735679.401946643,620088.3753684119,-111.028,30U,6.514,-0.588,-0.057,0.059359457225351825,-0.008179751789448816,1.4923532313139498
1439814376251618,51.759122542,-1.2599915011,111.034309,5735680.052822681,620088.3014015564,-111.034309,30U,6.525,-0.577,-0.069,0.05568844404973085,-0.007585826832162389,1.488965759521971
1439814376350060,51.7591284242,-1.2599923715,111.038567,5735680.705527303,620088.2257269747,-111.038567,30U,6.543,-0.622,-0.038,0.055147817065278576,-0.0077744257078881775,1.4863733423795165
1439814376448508,51.7591343205,-1.2599932941,111.042572,5735681.359713986,620088.1464126232,-111.042572,30U,6.559,-0.641,-0.036,0.05542635454108613,-0.008900976620512764,1.4838383007947025
1439814376547135,51.7591402343,-1.2599942472,111.044518,5735682.015796557,620088.0649470185,-111.044518,30U,6.589,-0.676,-0.035,0.0586318430702729,-0.007346796843978478,1.4816745649147902
1439814376645762,51.7591461742,-1.259995229,111.050369,5735682.674734361,620087.9814315642,-111.050369,30U,6.63,-0.674,-0.069,0.05704079999913037,-0.006390500000377818,1.4795214000002292
1439814376744047,51.7591521674,-1.2599962035,111.054337,5735683.339611483,620087.8982784838,-111.054337,30U,6.679,-0.682,-0.019,0.056580659578246824,-0.007266915302285605,1.4771842065919534
1439814376842333,51.7591581936,-1.2599972375,111.057358,5735684.008060445,620087.8109317106,-111.057358,30U,6.699,-0.746,-0.037,0.06248221870482777,-0.011325753729414448,1.474717896169076
1439814376940934,51.7591642421,-1.2599983257,111.063309,5735684.678900064,620087.719785393,-111.063309,30U,6.745,-0.754,-0.053,0.06370903480013808,-0.014545202313020542,1.4725504938568053
1439814377039546,51.7591703321,-1.2599993996,111.069229,5735685.354378296,620087.6295158385,-111.069229,30U,6.804,-0.729,-0.053,0.06207075178875907,-0.01249754634608825,1.4699506157337405
1439814377145514,51.7591764819,-1.2600004833,111.067932,5735686.036490529,620087.538411326,-111.067932,30U,6.874,-0.78,0.075,0.06200571783457142,-0.005667861843573508,1.4669630945907406
1439814377251474,51.7591826945,-1.260001669,111.058273,5735686.725418572,620087.4401010942,-111.058273,30U,6.923,-0.837,0.049,0.0639436980164214,0.0022236739526496742,1.4650837995446646
1439814377349963,51.7591889521,-1.2600028828,111.058632,5735687.419304634,620087.3397322779,-111.058632,30U,6.982,-0.836,-0.092,0.06715447099941216,0.0032861441593094935,1.4624986141547671
1439814377448453,51.7591952617,-1.2600041109,111.071426,5735688.118949883,620087.2382386554,-111.071426,30U,7.044,-0.87,-0.167,0.06934242369096034,-0.001057125479655449,1.4593765251105095
1439814377546930,51.7592016234,-1.2600054024,111.088226,5735688.824284588,620087.1322315284,-111.088226,30U,7.107,-0.903,-0.148,0.06999263288292175,-0.008196100225720395,1.4574095208135478
1439814377645408,51.7592080419,-1.2600067213,111.098564,5735689.5358907,620087.02418282,-111.098564,30U,7.172,-0.923,-0.057,0.07245759999917771,-0.012343300000631302,1.4559985000003735
1439814377743989,51.7592145288,-1.2600080638,111.102074,5735690.255064469,620086.9143239937,-111.102074,30U,7.241,-0.939,-0.022,0.0744973732773005,-0.013031820112151779,1.4554979766382041
1439814377842569,51.7592210719,-1.2600094237,111.101746,5735690.980459385,620086.8031152874,-111.101746,30U,7.306,-0.931,0.031,0.07447995568025442,-0.012219754270733628,1.4563913192863884
1439814377940887,51.7592276729,-1.2600107681,111.096901,5735691.712318671,620086.692822648,-111.096901,30U,7.371,-0.93,0.053,0.07614509559476096,-0.007928496026418087,1.458132216770421
1439814378039197,51.7592343266,-1.2600121138,111.095444,5735692.4500363935,620086.5823004912,-111.095444,30U,7.44,-0.917,-0.001,0.07345503912969781,-0.0046656755414063635,1.4596939439143823
1439814378145548,51.7592410387,-1.2600134288,111.09671,5735693.194299116,620086.4737420386,-111.09671,30U,7.498,-0.904,-0.028,0.07075529802634689,-0.002972052710463929,1.4600443322077366
1439814378251900,51.7592478134,-1.2600147467,111.101898,5735693.945518582,620086.3648173837,-111.101898,30U,7.556,-0.916,-0.074,0.0661543164681885,-0.0030079880152542216,1.4596433826213062
1439814378350209,51.759254637,-1.2600160921,111.109863,5735694.702130757,620086.2538652103,-111.109863,30U,7.612,-0.942,-0.094,0.06376886880587347,-0.004529721394936964,1.4589361108284375
1439814378448524,51.7592615102,-1.260017468,111.118034,5735695.464208552,620086.1406766325,-111.118034,30U,7.669,-0.959,-0.079,0.06313009778100867,-0.006038241710648265,1.4582155115635203
1439814378547004,51.7592684342,-1.2600188623,111.125198,5735696.231905335,620086.0260834963,-111.125198,30U,7.732,-0.961,-0.056,0.06049258858950713,-0.007178750539663839,1.457334847350051
1439814378645483,51.7592754115,-1.2600202562,111.129471,5735697.005530073,620085.9113765707,-111.129471,30U,7.79,-0.968,-0.039,0.05870729999985379,-0.007481399999141749,1.4561532000005362
1439814378743943,51.7592824472,-1.260021683,111.132866,5735697.785595095,620085.7942442675,-111.132866,30U,7.843,-0.995,-0.033,0.05752596757231354,-0.007566532536676844,1.45495357082219
1439814378842402,51.759289525,-1.2600231398,111.136032,5735698.570292507,620085.6749299675,-111.136032,30U,7.89,-1.012,-0.039,0.057206747679409836,-0.007875029271518617,1.4539125266125308
1439814378940839,51.7592966448,-1.2600246101,111.140091,5735699.359638364,620085.5545726154,-111.140091,30U,7.943,-1.021,-0.049,0.056941595501900304,-0.008476458870571928,1.452516731128472
1439814379039275,51.759303807,-1.2600261109,111.145088,5735700.153649149,620085.4319979667,-111.145088,30U,7.988,-1.061,-0.042,0.06188030203324945,-0.011484138274962483,1.4503076420668404
1439814379145276,51.7593110075,-1.2600276602,111.147652,5735700.951839283,620085.3059747092,-111.147652,30U,8.033,-1.072,-0.024,0.06516437512552732,-0.01264191071935088,1.4482138260646928
1439814379251279,51.7593182595,-1.2600292308,111.149368,5735701.755721476,620085.1783449125,-111.149368,30U,8.081,-1.089,-0.016,0.06608952272192048,-0.011585705249868046,1.4459280782746642
1439814379349753,51.7593255505,-1.260030838,111.147491,5735702.563880456,620085.0480858802,-111.147491,30U,8.121,-1.132,0.028,0.06802114885285966,-0.008000386040569294,1.444193113766898
1439814379448230,51.759332874,-1.2600324867,111.146515,5735703.375585313,620084.9148767074,-111.146515,30U,8.161,-1.15,-0.05,0.07480706534102306,-0.006528702911085962,1.4423665070134963
1439814379546767,51.7593402173,-1.260034196,111.152084,5735704.189392281,620084.7774329889,-111.152084,30U,8.182,-1.185,-0.051,0.07855589899553259,-0.009469529709009659,1.440332485120603
1439814379645304,51.7593475947,-1.2600358864,111.157799,5735705.0070225075,620084.6412031321,-111.157799,30U,8.23,-1.152,-0.066,0.07312280000036274,-0.008446699999770445,1.4378223000001238
1439814379743737,51.7593550215,-1.2600375841,111.163109,5735705.830134309,620084.5043384611,-111.163109,30U,8.272,-1.21,0.019,0.07009434391381311,-0.006503864973421198,1.4355514035622754
1439814379842169,51.7593624667,-1.2600393748,111.163429,5735706.655139185,620084.3610070192,-111.163429,30U,8.287,-1.236,-0.075,0.06959719260629846,-0.004131535162130919,1.4345795670243453
1439814379940684,51.7593699398,-1.2600411668,111.171585,5735707.483244584,620084.2175118763,-111.171585,30U,8.327,-1.241,-0.096,0.0686525893395318,-0.005610604219576074,1.432583014280458
1439814380039202,51.7593774451,-1.2600429819,111.181549,5735708.314892793,620084.0723371925,-111.181549,30U,8.368,-1.267,-0.09,0.06883758073139479,-0.008092017098644022,1.4309278508197998
1439814380145376,51.7593849836,-1.2600448284,111.18766,5735709.150181358,620083.9249075274,-111.18766,30U,8.407,-1.285,-0.04,0.06856611609591585,-0.008374392200920202,1.4297135481941743
1439814380251540,51.7593925645,-1.260046708,111.191109,5735709.990130574,620083.7750811545,-111.191109,30U,8.444,-1.301,-0.038,0.0661265720878256,-0.0082936128618601,1.4290739584144132
1439814380349907,51.7594001789,-1.2600485955,111.194679,5735710.8337922,620083.6246207556,-111.194679,30U,8.484,-1.31,-0.033,0.06579843692569369,-0.00925659464112714,1.428794678417946
1439814380448273,51.7594078259,-1.2600505035,111.198425,5735711.681045403,620083.4726591862,-111.198425,30U,8.523,-1.324,-0.056,0.06539119034491069,-0.010924931101724107,1.4289979006412747
1439814380546644,51.7594155092,-1.2600524158,111.202728,5735712.532328321,620083.3203046,-111.202728,30U,8.567,-1.31,-0.03,0.06421035410225948,-0.013867497425680036,1.429710567698901
1439814380645015,51.7594232239,-1.2600543089,111.203651,5735713.3871347355,620083.1691917477,-111.203651,30U,8.602,-1.3,0.009,0.05962889999986676,-0.013094300000381285,1.431017199999504
1439814380743706,51.7594309811,-1.2600561789,111.202934,5735714.2467054585,620083.0195603165,-111.202934,30U,8.639,-1.283,0.0,0.0553523484304086,-0.010465000532248513,1.4330362044564307
1439814380842396,51.7594387631,-1.2600580434,111.202042,5735715.109043156,620082.8702426858,-111.202042,30U,8.661,-1.293,0.013,0.05543634949367892,-0.0104123792619626,1.4354259574184047
1439814380941000,51.7594465554,-1.260059895,111.20649,5735715.972547526,620082.7217880038,-111.20649,30U,8.676,-1.258,-0.066,0.0558784969365672,-0.013761091144941541,1.4378114709826069
1439814381039600,51.7594543676,-1.2600617024,111.214066,5735716.838337681,620082.5763308275,-111.214066,30U,8.699,-1.242,-0.039,0.05508032037472187,-0.019217741948141003,1.4401112422593012
1439814381145801,51.7594622011,-1.2600634896,111.213676,5735717.706529794,620082.4322111879,-111.213676,30U,8.725,-1.222,0.044,0.0545955063127427,-0.01986745827133895,1.442762658887036
1439814381251982,51.7594700632,-1.2600652495,111.208954,5735718.577947362,620082.2898996928,-111.208954,30U,8.752,-1.204,0.063,0.05353389776291729,-0.018477612703711795,1.445397383625627
1439814381350262,51.7594779465,-1.2600669762,111.201904,5735719.451777172,620082.1498231359,-111.201904,30U,8.776,-1.175,0.057,0.0530110765280101,-0.01720839137331004,1.4480439994093495
1439814381448544,51.7594858472,-1.2600686749,111.198845,5735720.327588079,620082.0116327441,-111.198845,30U,8.796,-1.168,0.006,0.055194424990376974,-0.018849038571041882,1.450495037618332
1439814381546867,51.7594937684,-1.2600703589,111.19751,5735721.205702922,620081.8744024531,-111.19751,30U,8.825,-1.148,0.012,0.053912929001946705,-0.02108580087690663,1.452929255621565
1439814381645190,51.7595017158,-1.2600719874,111.195374,5735722.086822756,620081.7409327629,-111.195374,30U,8.856,-1.111,0.042,0.051831700000205434,-0.02409739999932718,1.4551784000000014
1439814381743668,51.7595096966,-1.2600735959,111.188843,5735722.971689814,620081.6087547011,-111.188843,30U,8.883,-1.11,0.078,0.05101778295088156,-0.02463467841776585,1.4577473262568892
1439814381842146,51.7595176985,-1.2600751929,111.181038,5735723.858922263,620081.4773143114,-111.181038,30U,8.912,-1.086,0.095,0.051319083996904644,-0.02475845021143489,1.460410566357587
1439814381940756,51.7595257257,-1.2600767465,111.169922,5735724.749039696,620081.3488018822,-111.169922,30U,8.939,-1.062,0.111,0.05045490523328918,-0.023354298717490556,1.4626386563545275
1439814382039370,51.7595337731,-1.2600782655,111.159836,5735725.641460466,620081.2226236525,-111.159836,30U,8.963,-1.043,0.088,0.050140554819470516,-0.02177241006059035,1.4648899567765865
1439814382145595,51.7595418391,-1.260079766,111.15242,5735726.535980138,620081.0976727995,-111.15242,30U,8.981,-1.025,0.064,0.048300533566667275,-0.02185247601202666,1.4672380287732207
1439814382251804,51.7595499277,-1.2600812379,111.145271,5735727.433060166,620080.9746357133,-111.145271,30U,8.992,-1.005,0.059,0.04731642051891434,-0.02130121387599466,1.4690529612932723
1439814382350172,51.7595580234,-1.2600826877,111.140762,5735728.330966149,620080.8531049512,-111.140762,30U,9.005,-0.994,0.035,0.045913675632938064,-0.0219630960324516,1.470610698970611
1439814382448548,51.7595661262,-1.2600841132,111.134659,5735729.229701712,620080.7332323357,-111.134659,30U,9.012,-0.981,0.061,0.04468942322035009,-0.02201252380050131,1.471645141069203
1439814382547157,51.7595742331,-1.2600855288,111.129044,5735730.128909523,620080.6140320763,-111.129044,30U,9.023,-0.969,0.053,0.042626341584939054,-0.021867100405081802,1.4726994087519776
1439814382645766,51.7595823485,-1.2600869311,111.122467,5735731.029084488,620080.495727134,-111.122467,30U,9.034,-0.969,0.067,0.04446670000044719,-0.021536199999133556,1.4733829999995849
1439814382744197,51.7595904831,-1.2600883361,111.116089,5735731.931390175,620080.3771849549,-111.116089,30U,9.045,-0.96,0.072,0.04314814551978514,-0.021405892420400027,1.4738222184256866
1439814382842628,51.7595986284,-1.2600897104,111.110405,5735732.834936317,620080.2607330343,-111.110405,30U,9.064,-0.943,0.052,0.0411637354154765,-0.021826100751704824,1.4738766071577447
1439814382940852,51.7596067825,-1.2600911036,111.10434,5735733.739429962,620080.142953503,-111.10434,30U,9.07,-0.982,0.065,0.04474593913002997,-0.02228498928107716,1.4740178268491213
1439814383039069,51.7596149444,-1.2600925166,111.097794,5735734.644758417,620080.0237869071,-111.097794,30U,9.086,-0.959,0.069,0.04313961602940813,-0.021926801748340757,1.4740659193617534
1439814383145202,51.7596231188,-1.2600938901,111.09066,5735735.5515419915,620079.9073130821,-111.09066,30U,9.097,-0.957,0.065,0.04177236401074743,-0.020013942175935856,1.473631149053858
1439814383251351,51.759631312,-1.2600952997,111.083717,5735736.460356812,620079.7882981402,-111.083717,30U,9.11,-0.986,0.054,0.04344505811866366,-0.01834542959940006,1.4738100558998266
1439814383349822,51.7596395116,-1.2600967185,111.079895,5735737.369868206,620079.6686313569,-111.079895,30U,9.123,-0.983,0.038,0.04727565507301502,-0.020543284765525287,1.4736678819968057
1439814383448294,51.7596477208,-1.2600981347,111.077972,5735738.2804514645,620079.5491185632,-111.077972,30U,9.136,-0.972,0.008,0.045782411015126506,-0.02353552478838517,1.4738414365375503
1439814383546789,51.7596559487,-1.260099537,111.073837,5735739.1931371745,620079.4305154287,-111.073837,30U,9.164,-0.971,0.088,0.047810807570469016,-0.024883152101534294,1.4747466340222648
1439814383645284,51.7596641955,-1.2601009629,111.065048,5735740.107885829,620079.3102335416,-111.065048,30U,9.19,-0.986,0.094,0.05292880000013907,-0.02529019999927124,1.4765735000006934
1439814383743822,51.7596724724,-1.2601023584,111.055656,5735741.026031849,620079.1919697358,-111.055656,30U,9.213,-0.939,0.091,0.055038577809731475,-0.026751023599391546,1.4787082248816434
1439814383842360,51.759680772,-1.2601037041,111.046379,5735741.94678425,620079.0770824403,-111.046379,30U,9.238,-0.921,0.086,0.05338544226982015,-0.027822050539272666,1.4817266991125513
1439814383940958,51.7596890954,-1.2601050218,111.033958,5735742.870229465,620078.9640643141,-111.033958,30U,9.268,-0.894,0.154,0.051449157040038614,-0.02659406403663795,1.4856228953314896
1439814384039558,51.7596974396,-1.2601062901,111.019936,5735743.796069111,620078.8544001313,-111.019936,30U,9.294,-0.854,0.123,0.04922472435960185,-0.022860044159115377,1.4894597358539192
1439814384145783,51.7597058056,-1.2601074855,111.00808,5735744.724453083,620078.7497089751,-111.00808,30U,9.32,-0.808,0.101,0.04801865755350801,-0.019424583853438652,1.4925804578411153
1439814384251982,51.7597141995,-1.2601086416,110.999924,5735745.6560044205,620078.6476559198,-110.999924,30U,9.34,-0.787,0.047,0.04467141196875757,-0.017946115800121423,1.4956330559501971
1439814384350147,51.7597226075,-1.2601097602,110.997032,5735746.589185512,620078.5481533587,-110.997032,30U,9.354,-0.757,0.023,0.04277006493018335,-0.01842030284375518,1.4986857698426759
1439814384448321,51.75973103,-1.2601108493,110.995285,5735747.524027667,620078.4506481502,-110.995285,30U,9.377,-0.748,0.022,0.04169264445480777,-0.017947031380648397,1.5017928050050013
1439814384546777,51.7597394679,-1.2601119019,110.992699,5735748.460642498,620078.3556209746,-110.992699,30U,9.393,-0.705,0.039,0.03983604161767015,-0.01901183040979975,1.5046987792026645
1439814384645232,51.7597479168,-1.2601129138,110.988983,5735749.398547613,620078.2633733462,-110.988983,30U,9.405,-0.692,0.021,0.0420675999992226,-0.018368699999267744,1.5070947999997748
1439814384743803,51.7597563893,-1.2601139071,110.986511,5735750.339107822,620078.1723467127,-110.986511,30U,9.425,-0.661,0.068,0.04327671676992963,-0.01839614008322089,1.5088861290675042
1439814384842373,51.7597648732,-1.2601148611,110.981453,5735751.281000491,620078.0840019501,-110.981453,30U,9.44,-0.653,0.03,0.039432151402777164,-0.017398509689049386,1.5099117521186154
1439814384940724,51.7597733626,-1.260115785,110.980576,5735752.223554356,620077.9977198173,-110.980576,30U,9.445,-0.619,-0.002,0.03515306185755124,-0.020379127412576588,1.5100893580851713
1439814385039068,51.7597818568,-1.2601167289,110.977776,5735753.166609083,620077.9100447709,-110.977776,30U,9.456,-0.678,0.051,0.04054216859323145,-0.01966833151720525,1.510270953696374
1439814385145324,51.7597903701,-1.2601176892,110.972511,5735754.111760852,620077.821187308,-110.972511,30U,9.489,-0.639,0.107,0.04093088121201892,-0.0157605724273952,1.5100986237676441
1439814385251591,51.7597989061,-1.2601186274,110.965324,5735755.059473395,620077.73379476,-110.965324,30U,9.492,-0.657,0.027,0.03875032145592951,-0.011987144851448969,1.5097583929519425
1439814385350125,51.7598074465,-1.2601195772,110.967361,5735756.007656149,620077.6455900453,-110.967361,30U,9.495,-0.662,-0.05,0.039732204894432244,-0.012278278342288224,1.5095181867322705
1439814385448658,51.7598159924,-1.2601205572,110.973732,5735756.956400817,620077.555286659,-110.973732,30U,9.513,-0.683,-0.05,0.041206644253106314,-0.015262117023826094,1.509401889888827
1439814385547106,51.7598245469,-1.2601215244,110.977615,5735757.906122936,620077.4658438063,-110.977615,30U,9.517,-0.652,-0.033,0.0397649384014364,-0.019513223242642534,1.508854399983522
1439814385645555,51.7598331033,-1.2601224902,110.97921,5735758.856058655,620077.3764925492,-110.97921,30U,9.522,-0.689,0.012,0.043990799999928415,-0.022399100000148664,1.508289100000255
1439814385744071,51.7598416777,-1.2601234849,110.973488,5735759.807948508,620077.2850991715,-110.973488,30U,9.537,-0.669,0.097,0.04256356764887315,-0.019352090742509747,1.507905878511926
1439814385842588,51.759850264,-1.2601244541,110.962555,5735760.7612037035,620077.1954339959,-110.962555,30U,9.551,-0.686,0.106,0.041925754820239663,-0.012525666738439875,1.5073159733707926
1439814385941058,51.7598588524,-1.2601254617,110.958046,5735761.714629213,620077.103113294,-110.958046,30U,9.556,-0.693,-0.016,0.04123606098003321,-0.009503240664972112,1.5074928848411686
1439814386039528,51.7598674478,-1.2601264721,110.964531,5735762.668828557,620077.0105808155,-110.964531,30U,9.564,-0.703,-0.093,0.04336342565917452,-0.014050134764571825,1.5072583679951777
1439814386145666,51.759876053,-1.2601274821,110.972054,5735763.624118385,620076.9180499635,-110.972054,30U,9.58,-0.676,-0.054,0.038098057377883986,-0.018595131743634495,1.506837939146758
1439814386251803,51.759884682,-1.2601284579,110.975746,5735764.582111235,620076.827816126,-110.975746,30U,9.599,-0.679,0.012,0.036220344884672594,-0.02058109990685704,1.506176091779949
1439814386350274,51.7598933249,-1.2601294792,110.97213,5735765.54157494,620076.7344054872,-110.97213,30U,9.614,-0.72,0.044,0.04309338597856476,-0.023992165799683843,1.505842026409643
1439814386448741,51.7599019725,-1.2601305254,110.967819,5735766.501520323,620076.6392640583,-110.967819,30U,9.622,-0.727,0.056,0.04908110082799214,-0.028599542867304064,1.5053012420069642
1439814386547106,51.7599106367,-1.2601315632,110.960274,5735767.463325564,620076.5446582946,-110.960274,30U,9.651,-0.707,0.134,0.04910079137430441,-0.028377136234419523,1.5063323763418504
1439814386645471,51.7599193246,-1.2601326154,110.938431,5735768.427742689,620076.4489959348,-110.938431,30U,9.664,-0.744,0.239,0.054594099999735274,-0.0190947000005506,1.5092130000003923
1439814386743881,51.7599280282,-1.2601336362,110.924911,5735769.393957452,620076.3554588523,-110.924911,30U,9.688,-0.647,0.069,0.048956264282250285,-0.010901643248563906,1.5112002547435448
1439814386842290,51.759936748,-1.2601345484,110.923996,5735770.362152564,620076.2693732705,-110.923996,30U,9.698,-0.626,-0.085,0.04374957229140506,-0.00851288814019245,1.51227725687048
1439814386940761,51.7599454771,-1.2601354822,110.932678,5735771.331346333,620076.1817724268,-110.932678,30U,9.709,-0.654,-0.153,0.03877196472198747,-0.012238568017734902,1.5143916457282554
1439814387039234,51.7599542147,-1.2601364035,110.946602,5735772.30150594,620076.0950116746,-110.946602,30U,9.724,-0.618,-0.13,0.03494051415502423,-0.021149586367409733,1.5166848694040065
1439814387145396,51.7599629664,-1.260137281,110.952148,5735773.273305671,620076.0112361594,-110.952148,30U,9.744,-0.604,0.012,0.03569396396698015,-0.027376926695653846,1.5186521829837833
1439814387251552,51.7599717318,-1.260138142,110.94709,5735774.246656097,620075.928562977,-110.94709,30U,9.732,-0.589,0.095,0.043551993567523394,-0.03130466351174195,1.519717980325559
1439814387349917,51.7599804835,-1.2601390007,110.931015,5735775.218486784,620075.846084885,-110.931015,30U,9.717,-0.575,0.188,0.04186710194338627,-0.02745606259429302,1.5211676050798748
1439814387448292,51.7599892156,-1.2601397951,110.913094,5735776.188243696,620075.7680961362,-110.913094,30U,9.698,-0.544,0.185,0.0392226051132942,-0.018675364155848213,1.5223960926560658
1439814387546976,51.7599979157,-1.2601406191,110.899139,5735777.1543932725,620075.68814962,-110.899139,30U,9.66,-0.578,0.052,0.04388460145176814,-0.011124086259346052,1.5239110085493068
1439814387645659,51.7600065783,-1.2601414002,110.902458,5735778.116443244,620075.6112631294,-110.902458,30U,9.619,-0.509,-0.141,0.04136760000025509,-0.011370500000811535,1.5237662000002214
1439814387744075,51.7600152199,-1.2601421558,110.916847,5735779.07619987,620075.5361921169,-110.916847,30U,9.588,-0.533,-0.148,0.03777412396502655,-0.01881322032722985,1.5237790902201693
1439814387842492,51.7600238282,-1.2601429334,110.927933,5735780.032217103,620075.4596912607,-110.927933,30U,9.555,-0.53,-0.062,0.03616235435503434,-0.024682852058537593,1.5244676341152914
1439814387940836,51.7600324042,-1.2601436922,110.927589,5735780.984673328,620075.3845734982,-110.927589,30U,9.518,-0.523,0.078,0.03985838106066015,-0.023986489383327106,1.5245613003127951
1439814388039179,51.7600409529,-1.260144437,110.916138,5735781.934116673,620075.3104943172,-110.916138,30U,9.501,-0.501,0.126,0.03705989280964701,-0.016375830512712828,1.5243019292539441
1439814388145291,51.7600494782,-1.2601451698,110.907745,5735782.880977547,620075.237305352,-110.907745,30U,9.471,-0.517,0.037,0.038501253012821195,-0.013159806034715687,1.5241537888416465
1439814388251422,51.7600579855,-1.2601459515,110.90905,5735783.825756199,620075.1607895917,-110.90905,30U,9.439,-0.537,-0.081,0.03956797313111621,-0.016150548765790213,1.5247010275696375
1439814388350080,51.7600664771,-1.2601467114,110.917923,5735784.768824806,620075.0858199103,-110.917923,30U,9.438,-0.518,-0.064,0.04205107520266609,-0.022198258278510644,1.5246913923102048
1439814388448731,51.7600749649,-1.2601474684,110.91851,5735785.711475606,620075.0110604566,-110.91851,30U,9.431,-0.515,0.045,0.04120519355986666,-0.022960767742057162,1.5246862174718046
1439814388547209,51.760083445,-1.2601482074,110.912659,5735786.6532997545,620074.9375636199,-110.912659,30U,9.433,-0.514,0.069,0.04203452817410558,-0.0188310985742614,1.5245250741052518
1439814388645686,51.7600919237,-1.2601489574,110.90657,5735787.594950104,620074.8633114095,-110.90657,30U,9.433,-0.511,0.044,0.036631400000776256,-0.019818500000348682,1.5250430999991702
1439814388744259,51.760100406,-1.2601496784,110.904022,5735788.537048546,620074.7910509398,-110.904022,30U,9.418,-0.504,-0.013,0.030056582944417227,-0.023783743957770106,1.5245109780704853
1439814388842833,51.7601088853,-1.2601504249,110.903679,5735789.478771387,620074.7170387045,-110.903679,30U,9.438,-0.519,0.069,0.03175321352045824,-0.02540524342578567,1.5255191140185582
1439814388941201,51.7601173865,-1.2601511569,110.889885,5735790.422953521,620074.6439690186,-110.889885,30U,9.469,-0.515,0.155,0.03382770440635082,-0.018283016730068498,1.5257829679014878
1439814389039564,51.7601259046,-1.2601518959,110.878075,5735791.369003519,620074.5703714453,-110.878075,30U,9.485,-0.485,0.039,0.0310259011397883,-0.01371812958266036,1.526136442209231
1439814389145394,51.7601344449,-1.2601526048,110.878441,5735792.317571857,620074.4987921742,-110.878441,30U,9.513,-0.503,-0.056,0.032901789845961836,-0.015554289753515155,1.5261568463194455
1439814389251238,51.760143022,-1.2601533492,110.882233,5735793.270174144,620074.4246654486,-110.882233,30U,9.549,-0.517,-0.013,0.032657096480776034,-0.01863562746809654,1.526594273997592
1439814389349823,51.7601516307,-1.2601540781,110.881088,5735794.22631607,620074.3515245464,-110.881088,30U,9.589,-0.492,0.035,0.030293262323164552,-0.019391330831729347,1.527070598952622
1439814389448405,51.7601602685,-1.2601547963,110.875893,5735795.18571172,620074.2790448564,-110.875893,30U,9.622,-0.508,0.062,0.03263441058294819,-0.017943804921359927,1.5275695190658127
1439814389546897,51.7601689322,-1.2601555335,110.869911,5735796.147956334,620074.2051852875,-110.869911,30U,9.653,-0.5,0.056,0.03439620644047644,-0.015269101840219219,1.5282802062201903
1439814389645388,51.7601776213,-1.2601562429,110.865028,5735797.1130713625,620074.1331768074,-110.865028,30U,9.681,-0.489,0.019,0.03700889999962105,-0.013187999999676597,1.5284986999994248
1439814389743904,51.7601863463,-1.2601569595,110.865112,5735798.082166845,620074.0605762287,-110.865112,30U,9.713,-0.496,-0.009,0.03760651016551785,-0.014190606451463915,1.529022612120965
1439814389842420,51.7601950979,-1.2601576706,110.867828,5735799.054229473,620073.9882846449,-110.867828,30U,9.748,-0.487,-0.029,0.03661287504293433,-0.01650611552084847,1.5295516528523696
1439814389940937,51.7602038809,-1.2601583758,110.868935,5735800.0297936965,620073.9163169244,-110.868935,30U,9.782,-0.487,0.009,0.03651721936206959,-0.018208116221925134,1.5302048034861166
1439814390039455,51.7602126926,-1.2601590765,110.866425,5735801.008556953,620073.8445836173,-110.866425,30U,9.819,-0.484,0.038,0.03653379196493963,-0.018828922331943734,1.5307140321142625
1439814390145446,51.7602215324,-1.2601597653,110.862724,5735801.9904647,620073.7735969842,-110.862724,30U,9.848,-0.465,0.047,0.03467125261724416,-0.019613627784633044,1.5311827244268241
1439814390251442,51.7602304112,-1.2601604384,110.857857,5735802.976735345,620073.703590341,-110.857857,30U,9.886,-0.469,0.044,0.034916235581422095,-0.019706685825649526,1.5314130591392958
1439814390350037,51.7602393209,-1.2601611186,110.852379,5735803.966430578,620073.6330117672,-110.852379,30U,9.92,-0.47,0.059,0.03460929030989499,-0.019888876950174092,1.5315964474759116
1439814390448629,51.7602482592,-1.260161797,110.847221,5735804.95930928,620073.5624815456,-110.847221,30U,9.958,-0.47,0.039,0.0335847397705905,-0.020016995812721795,1.5317325084225684
1439814390547106,51.7602572276,-1.2601624807,110.842422,5735805.955526567,620073.4915057317,-110.842422,30U,9.992,-0.475,0.049,0.033268982841306215,-0.021105092547416975,1.5318983494771932
1439814390645583,51.7602662271,-1.2601631642,110.838303,5735806.955202702,620073.4204612243,-110.838303,30U,10.032,-0.476,0.025,0.034212600000536164,-0.02540560000004251,1.5318920999994299
1439814390744160,51.7602752638,-1.2601638486,110.832916,5735807.959014236,620073.3492559284,-110.832916,30U,10.058,-0.468,0.084,0.03274373372425513,-0.031110726099694647,1.5318107013686821
1439814390842736,51.760284325,-1.2601645283,110.822166,5735808.965558062,620073.2783099898,-110.822166,30U,10.093,-0.475,0.15,0.034128972746649056,-0.030344584445404433,1.5319765575884727
1439814390941062,51.7602934236,-1.2601652153,110.798035,5735809.97624899,620073.2067610744,-110.798035,30U,10.126,-0.469,0.269,0.03105781331055443,-0.01943268935970712,1.5324858655889573
1439814391039381,51.7603025378,-1.2601658856,110.782616,5735810.988702233,620073.1363232386,-110.782616,30U,10.145,-0.462,0.081,0.03023078516986598,-0.012964183119812487,1.532971534427683
1439814391145520,51.7603116633,-1.2601665717,110.782074,5735812.002386098,620073.0647650951,-110.782074,30U,10.158,-0.47,-0.052,0.030051797138161855,-0.014635260187158057,1.5336158706355807
1439814391251665,51.7603208095,-1.260167238,110.788544,5735813.018404534,620072.9945184285,-110.788544,30U,10.173,-0.452,-0.057,0.029277526392968992,-0.01889070703807888,1.5338266950139667
1439814391350100,51.7603299662,-1.2601678921,110.790649,5735814.035610725,620072.9250858309,-110.790649,30U,10.185,-0.449,0.018,0.027451818721497042,-0.019917465242608894,1.5340123044234268
1439814391448538,51.7603391312,-1.2601685426,110.785789,5735815.053745857,620072.8558796614,-110.785789,30U,10.194,-0.455,0.067,0.02621210038790178,-0.017498480132748333,1.5342566695899191
1439814391547094,51.7603483005,-1.2601691954,110.779953,5735816.072355391,620072.7865033776,-110.779953,30U,10.201,-0.446,0.028,0.02425196596169405,-0.0146289858873221,1.5348205491648994
1439814391645650,51.7603574762,-1.2601698451,110.778435,5735817.091681753,620072.717324057,-110.778435,30U,10.21,-0.45,-0.001,0.024218400000704538,-0.016626900000243153,1.5353725999995123
1439814391744168,51.7603666661,-1.260170491,110.780617,5735818.112593502,620072.648369312,-110.780617,30U,10.222,-0.438,-0.044,0.025197009971220735,-0.02070758357740986,1.5357495183778556
1439814391842686,51.7603758695,-1.2601711209,110.780334,5735819.135032881,620072.5804829105,-110.780334,30U,10.241,-0.429,0.046,0.024886757274581166,-0.02320870065824615,1.5358234278950311
1439814391941064,51.7603850851,-1.2601717481,110.773674,5735820.158833425,620072.5127504794,-110.773674,30U,10.254,-0.437,0.078,0.025540233160906287,-0.023236312735670436,1.5359839706361924
1439814392039437,51.7603943102,-1.2601723783,110.765396,5735821.183685492,620072.4447858325,-110.765396,30U,10.266,-0.435,0.075,0.02605330304755104,-0.023190856008802704,1.5361500821068956
1439814392145525,51.7604035447,-1.2601730046,110.75708,5735822.209589321,620072.3770653952,-110.75708,30U,10.279,-0.435,0.081,0.025663752726573143,-0.02319391515908375,1.5363106770595811
1439814392251621,51.7604128005,-1.2601736327,110.748299,5735823.237858884,620072.3091642457,-110.748299,30U,10.296,-0.433,0.088,0.025244961974376093,-0.022523105474205923,1.5366518129035494
1439814392350133,51.7604220678,-1.2601742584,110.739449,5735824.267411273,620072.2413982204,-110.739449,30U,10.309,-0.429,0.081,0.024730506736128227,-0.021644370729206,1.537074738428011
1439814392448645,51.7604313451,-1.2601748722,110.732468,5735825.29809532,620072.174426887,-110.732468,30U,10.322,-0.424,0.07,0.02549345599297565,-0.021148179262022827,1.5372185749491305
1439814392547130,51.7604406296,-1.2601754866,110.725914,5735826.3295790665,620072.10739506,-110.725914,30U,10.334,-0.421,0.057,0.025622186562010246,-0.020404796624384134,1.5373861278942444
1439814392645615,51.7604499219,-1.2601760948,110.719994,5735827.361940432,620072.0407704079,-110.719994,30U,10.341,-0.424,0.056,0.02716490000008849,-0.020315299999264843,1.53742889999929
1439814392743678,51.7604592304,-1.2601767113,110.715347,5735828.396089678,620071.9735300154,-110.715347,30U,10.352,-0.422,0.052,0.026835436069927807,-0.020480487585164412,1.5376142195497042
1439814392841741,51.7604685449,-1.2601773175,110.710663,5735829.43092312,620071.9069845111,-110.710663,30U,10.358,-0.417,0.05,0.026233593501538862,-0.020446623050699757,1.5379049654797108
1439814392940400,51.7604778628,-1.2601779292,110.705742,5735830.466125612,620071.8400504515,-110.705742,30U,10.364,-0.424,0.054,0.027149920628007442,-0.02020307819942823,1.5382682427416121
1439814393039078,51.7604871774,-1.2601785317,110.701157,5735831.500976271,620071.7737600422,-110.701157,30U,10.355,-0.404,0.048,0.026892545367118763,-0.019129920610465492,1.538333232519771
1439814393145365,51.7604964831,-1.260179125,110.697662,5735832.534852342,620071.708128142,-110.697662,30U,10.344,-0.415,0.036,0.028517004018191797,-0.01849442365747114,1.5383374885295864
1439814393251640,51.7605057826,-1.2601797289,110.695518,5735833.568021484,620071.6417812107,-110.695518,30U,10.327,-0.414,0.001,0.02804635835756608,-0.020432687390747394,1.5384313390024433
1439814393350115,51.7605150584,-1.2601803279,110.695251,5735834.598563107,620071.5758353145,-110.695251,30U,10.295,-0.413,0.014,0.028044628004984397,-0.023328852886883307,1.5384114357860164
1439814393448584,51.7605243046,-1.2601809293,110.692352,5735835.625809069,620071.5098023429,-110.692352,30U,10.267,-0.414,0.052,0.027910707563283316,-0.024327994312072034,1.5380563977802002
1439814393546901,51.7605335219,-1.2601815268,110.684441,5735836.649847594,620071.4441151933,-110.684441,30U,10.235,-0.414,0.079,0.02715298260572187,-0.023272838209584652,1.5372386852471283
1439814393645218,51.7605427086,-1.2601821336,110.678543,5735837.6704678945,620071.377867461,-110.678543,30U,10.205,-0.424,0.045,0.025914899999937565,-0.02475679999913647,1.5363721999994902
1439814393743896,51.7605518781,-1.2601827514,110.67234,5735838.689157338,620071.3109062784,-110.67234,30U,10.173,-0.43,0.057,0.024753745454779326,-0.02659814819086342,1.5354246225799772
1439814393842574,51.7605610179,-1.2601833792,110.665421,5735839.704527492,620071.2433338189,-110.665421,30U,10.148,-0.433,0.092,0.022535707824782814,-0.026615291450076354,1.5343096914499201
1439814393940943,51.7605701307,-1.2601840108,110.654037,5735840.716888818,620071.1755707737,-110.654037,30U,10.116,-0.442,0.108,0.021009586326077398,-0.023438888057947877,1.5328214299719432
1439814394039303,51.760579212,-1.2601846672,110.644699,5735841.725706317,620071.1061798986,-110.644699,30U,10.083,-0.462,0.071,0.01991748060499697,-0.021829368088349704,1.5312101387078296
1439814394145480,51.7605882613,-1.2601853504,110.64035,5735842.730921093,620071.0350245027,-110.64035,30U,10.05,-0.476,0.029,0.018913078106434927,-0.02272114319699158,1.5296274438641493
1439814394251668,51.7605972895,-1.2601860553,110.637466,5735843.7337536905,620070.9624276134,-110.637466,30U,10.02,-0.498,0.039,0.020431494135317745,-0.02399861290282371,1.5279211246338178
1439814394350206,51.7606062892,-1.2601867892,110.632515,5735844.733369166,620070.8879051008,-110.632515,30U,9.989,-0.511,0.052,0.02018177957481101,-0.02445956127676057,1.526327335550642
1439814394448738,51.7606152596,-1.2601875393,110.626717,5735845.729699627,620070.8123423994,-110.626717,30U,9.961,-0.526,0.061,0.019894532502864947,-0.025585031287780776,1.5247385348156908
1439814394547061,51.7606242013,-1.2601883137,110.620834,5735846.722798459,620070.735178948,-110.620834,30U,9.931,-0.541,0.061,0.019710796859690807,-0.027958166997871844,1.5233030478653606
1439814394645383,51.7606331107,-1.2601891043,110.613281,5735847.7122786585,620070.6569832689,-110.613281,30U,9.899,-0.551,0.097,0.020867299999418058,-0.029173300000540973,1.5216927999992167
1439814394743857,51.7606420048,-1.2601899167,110.601952,5735848.700021511,620070.5773238115,-110.601952,30U,9.874,-0.562,0.117,0.02049104105533514,-0.026359114663151786,1.520259128837081
1439814394842330,51.7606508818,-1.2601907438,110.587891,5735849.685838537,620070.4966953145,-110.587891,30U,9.854,-0.574,0.121,0.020664513174651202,-0.021984629922215997,1.5190219690252693
1439814394940779,51.7606597389,-1.2601915953,110.581108,5735850.669402389,620070.4144358214,-110.581108,30U,9.839,-0.594,0.033,0.021036687077881384,-0.021830932662577712,1.5180742243002394
1439814395039228,51.760668582,-1.2601924669,110.578773,5735851.651376261,620070.3308264188,-110.578773,30U,9.833,-0.606,0.02,0.022342082140757218,-0.023770397719940755,1.5174205431474863
1439814395145460,51.7606774182,-1.2601933474,110.575394,5735852.632568158,620070.2466211659,-110.575394,30U,9.825,-0.603,0.051,0.022950611393632452,-0.025992874231861224,1.516732184402127
1439814395251690,51.7606862563,-1.2601942249,110.568199,5735853.61397629,620070.1626179199,-110.568199,30U,9.819,-0.609,0.085,0.02373563607053261,-0.025936626881229333,1.5156951941350445
1439814395350126,51.7606950859,-1.2601951183,110.558876,5735854.594412992,620070.0775400081,-110.558876,30U,9.811,-0.622,0.118,0.02398139343380899,-0.024896573742823325,1.5149231527268303
1439814395448563,51.7607039056,-1.2601960208,110.548317,5735855.573733774,620069.9918604058,-110.548317,30U,9.802,-0.629,0.097,0.02471304549188821,-0.0231271030302929,1.5143482010466198
1439814395547066,51.7607127148,-1.2601969443,110.540512,5735856.551852317,620069.9047595024,-110.540512,30U,9.793,-0.639,0.065,0.024593218957397443,-0.022672852929828565,1.5144344650566746
1439814395645568,51.7607215166,-1.260197865,110.534569,5735857.529152545,620069.8178714776,-110.534569,30U,9.791,-0.631,0.054,0.024041100000838395,-0.022553000000723515,1.5147011999999787
1439814395743874,51.7607303244,-1.260198776,110.529137,5735858.507135983,620069.7316369385,-110.529137,30U,9.788,-0.628,0.055,0.02447460459421475,-0.022607257869739678,1.5150041178893505
1439814395842180,51.7607391282,-1.2601996808,110.52343,5735859.484684805,620069.6458408863,-110.52343,30U,9.786,-0.622,0.065,0.02348222619072314,-0.022339220720572466,1.5152155534768048
1439814395940699,51.7607479279,-1.2602005736,110.517029,5735860.4617974395,620069.5608838353,-110.517029,30U,9.783,-0.615,0.061,0.022580497764317784,-0.021169014812392247,1.515317417581798
1439814396039224,51.760756722,-1.2602014685,110.511475,5735861.438283865,620069.4757967448,-110.511475,30U,9.779,-0.623,0.057,0.021906485871501447,-0.02040263020827016,1.515472718846143
1439814396145368,51.7607655102,-1.260202366,110.507256,5735862.414109893,620069.3905459071,-110.507256,30U,9.774,-0.613,0.028,0.02081428557626484,-0.020934850041199344,1.5155353030474656
1439814396251503,51.760774303,-1.2602032585,110.503929,5735863.390455705,620069.3056279282,-110.503929,30U,9.771,-0.622,0.034,0.019914014662100517,-0.021449806843441003,1.515228428641542
1439814396349904,51.7607830908,-1.2602041523,110.500359,5735864.3662433475,620069.2206335249,-110.500359,30U,9.767,-0.612,0.04,0.017510286199543278,-0.022075714770774666,1.5149308703074926
1439814396448305,51.7607918741,-1.2602050488,110.495438,5735865.341526118,620069.1354647584,-110.495438,30U,9.765,-0.629,0.053,0.01685083989614893,-0.022603151586484627,1.514826164213065
1439814396546717,51.7608006523,-1.2602059587,110.49202,5735866.316219678,620069.0493848309,-110.49202,30U,9.758,-0.624,0.029,0.01718043747489708,-0.02612718701834217,1.5149184274730279
1439814396645129,51.7608094189,-1.2602068625,110.485764,5735867.28963329,620068.9637566524,-110.485764,30U,9.751,-0.616,0.08,0.017213199999745382,-0.027493300000226432,1.5148400000000413
1439814396743803,51.7608181782,-1.2602077561,110.477119,5735868.262251889,620068.8788517474,-110.477119,30U,9.725,-0.616,0.134,0.01938354193516851,-0.024786366471822533,1.5142228306936718
1439814396842478,51.7608269096,-1.2602086647,110.463371,5735869.231743139,620068.7929857583,-110.463371,30U,9.694,-0.628,0.111,0.021188220628411362,-0.01730686114277555,1.5138705914664283
1439814396940837,51.7608356091,-1.2602095794,110.457832,5735870.197676865,620068.7067834729,-110.457832,30U,9.649,-0.642,-0.009,0.022781778654428837,-0.01604967070375634,1.5137759041099403
1439814397039186,51.7608442708,-1.2602105098,110.461761,5735871.159381147,620068.6195980634,-110.461761,30U,9.615,-0.637,-0.076,0.021210692683263258,-0.01982649803273247,1.5136949452567854
1439814397145266,51.7608529053,-1.2602114136,110.468307,5735872.11810441,620068.5343204602,-110.468307,30U,9.591,-0.618,-0.038,0.01926203828587423,-0.024833512398153512,1.5129499282998167
1439814397251348,51.7608615227,-1.2602123132,110.466141,5735873.074932963,620068.4493780807,-110.466141,30U,9.559,-0.633,0.043,0.02114646676415939,-0.026273060507995834,1.5118480662754838
1439814397349754,51.7608701089,-1.2602132446,110.459778,5735874.028239527,620068.3623240332,-110.459778,30U,9.529,-0.639,0.085,0.019901809579877312,-0.02586714184701157,1.5110838713544603
1439814397448168,51.7608786656,-1.2602141754,110.449913,5735874.9782664925,620068.2753896771,-110.449913,30U,9.502,-0.649,0.099,0.01945101464315597,-0.02252106605348431,1.5104498763079015
1439814397546841,51.7608871919,-1.2602151338,110.44104,5735875.924867347,620068.1866313674,-110.44104,30U,9.466,-0.665,0.081,0.019633656195272572,-0.02065530671818123,1.5098360151422294
1439814397645514,51.7608956861,-1.2602160941,110.435951,5735876.8678953545,620068.097827127,-110.435951,30U,9.435,-0.663,0.017,0.01960540000059718,-0.01937310000026363,1.5089238999996462
1439814397743906,51.7609041609,-1.2602170611,110.435226,5735877.80875493,620068.008612022,-110.435226,30U,9.401,-0.679,0.023,0.022885348778623502,-0.02048258523879652,1.5081699672533406
1439814397842297,51.7609126037,-1.2602180469,110.434502,5735878.746024955,620067.918184482,-110.434502,30U,9.372,-0.672,0.001,0.021852097341901487,-0.021604241492470946,1.5074704617742183
1439814397940845,51.7609210184,-1.260219011,110.433685,5735879.680205806,620067.8293289947,-110.433685,30U,9.341,-0.667,0.018,0.02272930078388493,-0.023297665090588608,1.506528064619334
1439814398039399,51.7609294033,-1.260220001,110.430893,5735880.611030072,620067.738765277,-110.430893,30U,9.312,-0.695,0.042,0.024141422206921438,-0.02482101559810847,1.5061531118918805
1439814398145660,51.7609377613,-1.2602210006,110.425674,5735881.538847085,620067.6476104709,-110.425674,30U,9.282,-0.683,0.06,0.02405429867457015,-0.025938230959239635,1.5061316772624815
1439814398251901,51.7609461026,-1.260221997,110.419662,5735882.464812223,620067.5567208186,-110.419662,30U,9.259,-0.693,0.063,0.025202295699115067,-0.027676635875735402,1.506041609286378
1439814398350125,51.7609544184,-1.2602229886,110.412376,5735883.387949502,620067.4662300824,-110.412376,30U,9.232,-0.687,0.09,0.028279822738602137,-0.029861869698610825,1.506373664744244
1439814398448363,51.7609627068,-1.2602239764,110.403488,5735884.308045987,620067.3760742921,-110.403488,30U,9.204,-0.676,0.105,0.025432900557139267,-0.030268589027644115,1.5070699095957671
1439814398547035,51.7609709709,-1.2602249371,110.390045,5735885.225484774,620067.2878531157,-110.390045,30U,9.182,-0.645,0.145,0.022739376653432494,-0.024911860003128068,1.508004450852646
1439814398645708,51.7609792075,-1.2602258926,110.378799,5735886.139873951,620067.2000637612,-110.378799,30U,9.152,-0.675,0.093,0.02565089999978841,-0.020781699999877425,1.5091783999998891
1439814398743972,51.7609874378,-1.2602268334,110.371941,5735887.05358673,620067.1133055622,-110.371941,30U,9.116,-0.63,-0.005,0.023948567742004403,-0.02018891124146207,1.5099492586508287
1439814398842236,51.7609956288,-1.260227742,110.373535,5735887.9629821135,620067.0288737104,-110.373535,30U,9.086,-0.638,-0.012,0.028309695239064573,-0.022589417800040187,1.5109187312868948
1439814398940786,51.7610037921,-1.2602286719,110.372383,5735888.869262018,620066.9430454952,-110.372383,30U,9.064,-0.637,0.045,0.0302468457891266,-0.022946111360607487,1.5123090471806127
1439814399039344,51.7610119252,-1.2602295638,110.367737,5735889.772246051,620066.8599197307,-110.367737,30U,9.031,-0.599,0.044,0.033518884520307386,-0.02210331051715314,1.5133080158007521
1439814399145396,51.7610200292,-1.2602304346,110.364197,5735890.6720287185,620066.7783272602,-110.364197,30U,8.998,-0.609,0.023,0.036820122147361786,-0.022408237491678567,1.5139525071736566
1439814399251442,51.7610281171,-1.2602313081,110.360367,5735891.570016519,620066.6965912008,-110.360367,30U,8.97,-0.596,0.046,0.038727061290672556,-0.022600664907688896,1.5149800874876054
1439814399349908,51.761036177,-1.2602321617,110.357422,5735892.46492331,620066.6163027053,-110.357422,30U,8.942,-0.588,0.022,0.042892552404123686,-0.024596130072341987,1.5156238623225664
1439814399448381,51.7610442097,-1.2602330131,110.353447,5735893.35680891,620066.5362382086,-110.353447,30U,8.915,-0.584,0.049,0.046841018331676774,-0.027461861714277492,1.5161674295829244
1439814399547052,51.7610522156,-1.2602338395,110.349236,5735894.245755339,620066.4579700334,-110.349236,30U,8.893,-0.555,0.056,0.04407423764473624,-0.029860009612215185,1.516026060524525
1439814399645724,51.7610601959,-1.2602346486,110.340202,5735895.131883368,620066.3809636325,-110.340202,30U,8.86,-0.562,0.12,0.04364689999948421,-0.02829359999945291,1.5167020000008553
1439814399744097,51.7610681636,-1.2602354741,110.328133,5735896.016583201,620066.3028589456,-110.328133,30U,8.836,-0.583,0.116,0.047885268133467836,-0.02397562551333023,1.5177176005860036
1439814399842469,51.7610761029,-1.2602363032,110.316742,5735896.898118848,620066.2245811939,-110.316742,30U,8.806,-0.555,0.101,0.048025973699715674,-0.02029864269207554,1.5185852150651582
1439814399940842,51.761084005,-1.2602370773,110.312302,5735897.775608167,620066.1501975914,-110.312302,30U,8.762,-0.533,0.006,0.048479843913560354,-0.02137668909488077,1.5186262438969496
1439814400039216,51.7610918631,-1.260237862,110.312408,5735898.648186957,620066.075199255,-110.312408,30U,8.713,-0.549,-0.002,0.0491961708550697,-0.0235060207548531,1.5192223880141997
1439814400145377,51.7610996713,-1.2602386481,110.31279,5735899.515214249,620066.0002367095,-110.31279,30U,8.657,-0.541,0.023,0.050821455697886736,-0.02528582809784799,1.5198451305373528
1439814400251544,51.7611074357,-1.2602394198,110.308372,5735900.37739441,620065.9263840977,-110.308372,30U,8.587,-0.519,0.057,0.05031532365558895,-0.024651178104270408,1.5203542830883423
1439814400350002,51.7611151328,-1.2602401665,110.303123,5735901.232131542,620065.854435249,-110.303123,30U,8.514,-0.513,0.042,0.05030283050328204,-0.024839823177116166,1.5204389776843708
1439814400448467,51.7611227585,-1.260240911,110.298866,5735902.078932165,620065.7828276589,-110.298866,30U,8.438,-0.503,0.044,0.047486154760819174,-0.026910095720889066,1.5209017480075138
1439814400547137,51.7611303084,-1.2602416384,110.29351,5735902.917331497,620065.7126012192,-110.29351,30U,8.356,-0.506,0.043,0.04967224782150266,-0.02524708414988419,1.521168698109772
1439814400645808,51.7611377888,-1.2602423734,110.288071,5735903.747989481,620065.6420347197,-110.288071,30U,8.286,-0.504,0.064,0.049083499999469836,-0.021020099999250523,1.5214564000005588
1439814400744047,51.7611452171,-1.2602430766,110.281769,5735904.572905968,620065.5738009079,-110.281769,30U,8.213,-0.467,0.051,0.04653834242347939,-0.017909064711576318,1.5213222959921084
1439814400842286,51.7611525717,-1.2602437739,110.282043,5735905.389636258,620065.5061697846,-110.282043,30U,8.133,-0.506,-0.048,0.04736931987774596,-0.02027061557186447,1.5210002526329498
1439814400940778,51.7611598576,-1.260244507,110.286919,5735906.198667739,620065.4362504547,-110.286919,30U,8.064,-0.493,-0.032,0.046223868948240494,-0.02478981133463228,1.5209769898880963
1439814401039278,51.7611670799,-1.2602452061,110.288551,5735907.000682469,620065.3688461396,-110.288551,30U,7.997,-0.477,0.015,0.04545777368305648,-0.026803684200672154,1.5203176753553151
1439814401145494,51.7611742407,-1.260245903,110.283646,5735907.795861633,620065.3017568165,-110.283646,30U,7.935,-0.488,0.072,0.04547085863462483,-0.024585215420245193,1.5198538759965168
1439814401251697,51.7611813549,-1.2602466163,110.276512,5735908.585831583,620065.233659407,-110.276512,30U,7.864,-0.494,0.059,0.04675241407595074,-0.023121071945578865,1.5193921875855239
1439814401350005,51.7611884044,-1.2602473318,110.2715,5735909.36860286,620065.1655818447,-110.2715,30U,7.796,-0.491,0.049,0.04708750451652352,-0.023613591576864393,1.5188502428338533
1439814401448317,51.7611953876,-1.2602480387,110.269348,5735910.144015315,620065.0982736594,-110.269348,30U,7.726,-0.483,0.0,0.04622177230689936,-0.023859136191486267,1.5184873300979291
1439814401546792,51.7612023054,-1.260248743,110.268173,5735910.912159157,620065.0313184138,-110.268173,30U,7.657,-0.492,0.031,0.04583572666291,-0.02243787132011112,1.5182804347401777
1439814401645267,51.7612091573,-1.2602494623,110.263535,5735911.672949808,620064.9635028983,-110.263535,30U,7.587,-0.494,0.046,0.04616769999954394,-0.01931880000074465,1.518454999999347
1439814401743744,51.7612159551,-1.2602501622,110.259911,5735912.427756133,620064.8971696753,-110.259911,30U,7.51,-0.474,0.024,0.04642485161219694,-0.017317526490296664,1.5179106198431631
1439814401842221,51.7612226773,-1.2602508494,110.260788,5735913.174176169,620064.8319134326,-110.260788,30U,7.427,-0.472,-0.033,0.04571659989025755,-0.017853003189640542,1.5171586327235855
1439814401940744,51.7612293238,-1.2602515351,110.264153,5735913.912180352,620064.7669615459,-110.264153,30U,7.346,-0.477,-0.028,0.04620653345671842,-0.01956798170175877,1.5163509466148832
1439814402039268,51.7612358949,-1.2602522362,110.267281,5735914.641774224,620064.7011469892,-110.267281,30U,7.267,-0.484,-0.042,0.0462114106169975,-0.021581634291539083,1.5156602817782003
1439814402145373,51.7612423934,-1.260252946,110.271248,5735915.363280197,620064.6349246865,-110.271248,30U,7.184,-0.498,-0.019,0.05178010811114972,-0.026187976890294347,1.5146712751361484
1439814402251480,51.7612488279,-1.2602536597,110.26963,5735916.077662541,620064.5686030586,-110.26963,30U,7.109,-0.472,0.03,0.04775894173976988,-0.025014411924926393,1.5137504418383316
1439814402350044,51.7612551877,-1.2602543353,110.266998,5735916.783800495,620064.5051088184,-110.266998,30U,7.02,-0.47,0.009,0.04638299734089843,-0.022733603873957096,1.5130410229414177
1439814402448601,51.7612614711,-1.2602550367,110.263344,5735917.48139981,620064.4400368795,-110.263344,30U,6.944,-0.497,0.07,0.04757152005371799,-0.020627455225216803,1.5134064761227504
1439814402546929,51.7612676757,-1.2602557739,110.255898,5735918.17017713,620064.3727035334,-110.255898,30U,6.855,-0.498,0.027,0.05046509792295956,-0.018230296092952285,1.5146121396949552
1439814402645256,51.7612738011,-1.2602564464,110.258232,5735918.850253422,620064.3100451175,-110.258232,30U,6.774,-0.444,-0.03,0.05177029999954401,-0.019920299999398667,1.5142074000003898
1439814402743881,51.7612798619,-1.2602571105,110.261238,5735919.523159613,620064.2481377607,-110.261238,30U,6.687,-0.472,-0.022,0.05165786920874678,-0.020486983676205727,1.5136780484851868
1439814402842505,51.761285847,-1.2602577805,110.263634,5735920.1876377715,620064.1860241024,-110.263634,30U,6.604,-0.463,-0.019,0.05233117854545266,-0.02133336213744871,1.513324511781923
1439814402941005,51.7612917479,-1.2602584568,110.262871,5735920.842741983,620064.1236990888,-110.262871,30U,6.514,-0.462,0.015,0.05063873039440065,-0.020162426081247898,1.513183626207652
1439814403039500,51.7612975641,-1.2602591157,110.26194,5735921.4884556625,620064.0627995306,-110.26194,30U,6.418,-0.459,0.021,0.0498932747297256,-0.019143848709651537,1.5127525573678542
1439814403145631,51.7613032848,-1.2602597838,110.26236,5735922.12353399,620064.0015184728,-110.26236,30U,6.309,-0.459,-0.043,0.04908240254167217,-0.01930024411741371,1.5126356346301426
1439814403251761,51.7613089302,-1.2602604428,110.263069,5735922.750253463,620063.9410651659,-110.263069,30U,6.216,-0.461,0.008,0.04772283675406973,-0.019797639198555643,1.5128928684268594
1439814403350251,51.761314482,-1.2602610874,110.265312,5735923.366587726,620063.8818539012,-110.265312,30U,6.12,-0.425,-0.041,0.04700408948420149,-0.021577838462215383,1.5128261251443262
1439814403448744,51.7613199428,-1.2602617129,110.267181,5735923.972833657,620063.8242021147,-110.267181,30U,6.018,-0.434,-0.024,0.04573062415708538,-0.022633192031254332,1.5122838759967618
1439814403547307,51.7613253119,-1.2602623346,110.268013,5735924.568888222,620063.7670558469,-110.268013,30U,5.912,-0.425,-0.011,0.04433107432494302,-0.02218526775798146,1.5121407918888283
1439814403645869,51.7613305893,-1.2602629477,110.269775,5735925.154759321,620063.7107463337,-110.269775,30U,5.827,-0.413,0.014,0.04378289999924371,-0.022226800000325012,1.5116472999991935
1439814403744269,51.7613357925,-1.2602635499,110.266876,5735925.732396856,620063.6553858643,-110.266876,30U,5.723,-0.413,0.045,0.04153362326550848,-0.019972024828438188,1.5111364409577641
1439814403842668,51.7613409002,-1.2602641587,110.262505,5735926.299403317,620063.5998233152,-110.262505,30U,5.613,-0.43,0.032,0.04403926215409748,-0.016288631203401408,1.5114769777942607
1439814403941021,51.7613459052,-1.2602647749,110.262291,5735926.854976705,620063.5440225812,-110.262291,30U,5.504,-0.42,-0.019,0.047724621555688074,-0.014466938520502001,1.5110321745100297
1439814404039372,51.7613508058,-1.2602653865,110.264542,5735927.398947721,620063.4888162628,-110.264542,30U,5.391,-0.427,-0.028,0.05465894534666265,-0.013963003688907513,1.5106384805278257
1439814404145471,51.7613555991,-1.2602660284,110.267456,5735927.930936415,620063.4318036895,-110.267456,30U,5.269,-0.438,-0.034,0.05899862051843035,-0.014967579296206087,1.5112487631663925
1439814404251567,51.7613602906,-1.2602665918,110.272743,5735928.451733536,620063.380478294,-110.272743,30U,5.143,-0.345,-0.059,0.05505786168211073,-0.018268140175333687,1.510660060703722
1439814404349880,51.7613648669,-1.2602670843,110.278694,5735928.959836405,620063.3343511678,-110.278694,30U,5.017,-0.353,-0.068,0.04985172931363686,-0.02074527720193777,1.5100397881076941
1439814404448203,51.7613693306,-1.2602676408,110.284317,5735929.455312077,620063.2841062904,-110.284317,30U,4.896,-0.41,-0.038,0.04825266460278707,-0.023672024365953778,1.5107463861231858
1439814404546837,51.7613736815,-1.2602682302,110.287933,5735929.93818951,620063.231890329,-110.287933,30U,4.778,-0.396,-0.024,0.04982177020470095,-0.025957573387415295,1.5114742181128091
1439814404645471,51.7613779264,-1.2602688034,110.288666,5735930.409305738,620063.1810735152,-110.288666,30U,4.666,-0.396,0.014,0.05541779999999836,-0.02633339999947986,1.5115723000003016
1439814404743832,51.7613820851,-1.2602693476,110.286362,5735930.870883723,620063.1324866136,-110.286362,30U,4.557,-0.346,0.024,0.05394230214974751,-0.026296765004409743,1.5108002985339473
1439814404842193,51.7613861397,-1.2602698069,110.285255,5735931.321024893,620063.0900346338,-110.285255,30U,4.442,-0.298,0.002,0.047381099680826315,-0.02697973969351516,1.5091884996547835
1439814404940749,51.7613900872,-1.2602702606,110.284309,5735931.759265083,620063.0482532366,-110.284309,30U,4.326,-0.337,0.023,0.04186842243506372,-0.02639238480828638,1.5074466143911893
1439814405039310,51.7613939276,-1.2602707712,110.280205,5735932.185501399,620063.002829452,-110.280205,30U,4.21,-0.356,0.039,0.03932959992429246,-0.023050287306038808,1.505697874493565
1439814405145551,51.76139766,-1.2602713028,110.277809,5735932.599692857,620062.9562430385,-110.277809,30U,4.091,-0.378,0.006,0.042614182485160315,-0.020450065555569684,1.504403450303332
1439814405251770,51.761401298,-1.2602718522,110.278046,5735933.003357131,620062.908678738,-110.278046,30U,3.973,-0.372,0.005,0.04669578641283884,-0.019678327272649492,1.504122792961087
1439814405349979,51.7614048298,-1.2602723643,110.27533,5735933.395272697,620062.863970171,-110.27533,30U,3.864,-0.324,0.047,0.04563679060694103,-0.017048166568306666,1.5036597805119072
1439814405448197,51.7614082583,-1.2602728088,110.271225,5735933.775811935,620062.8242005695,-110.271225,30U,3.749,-0.302,0.028,0.04495821420514651,-0.014215255335064101,1.50262758482485
1439814405546690,51.7614115798,-1.2602732679,110.27047,5735934.144428056,620062.7837073314,-110.27047,30U,3.633,-0.334,-0.016,0.04414737660428287,-0.013219878527476064,1.50210835378981
1439814405645183,51.7614147974,-1.2602737541,110.273376,5735934.501445223,620062.7416196403,-110.273376,30U,3.526,-0.324,-0.046,0.04199270000071538,-0.013446700000374127,1.502193600000639
1439814405743847,51.7614179342,-1.2602742005,110.278397,5735934.849542438,620062.7024928128,-110.278397,30U,3.424,-0.304,-0.043,0.04206860107470298,-0.014997942228952343,1.501673680644394
1439814405842511,51.7614209735,-1.2602746506,110.282562,5735935.186790942,620062.6633693279,-110.282562,30U,3.318,-0.311,-0.034,0.041163290216890906,-0.01625990948752661,1.5015018011554737
1439814405940974,51.7614239174,-1.2602751037,110.284752,5735935.513425422,620062.6242919185,-110.284752,30U,3.214,-0.315,-0.017,0.042412115580784636,-0.01708454538220384,1.5015019430542327
1439814406039432,51.7614267599,-1.260275541,110.287796,5735935.828809587,620062.5865738436,-110.287796,30U,3.104,-0.281,-0.041,0.041002761960217134,-0.01816295991683622,1.501120542614519
1439814406145523,51.761429505,-1.2602759336,110.291382,5735936.133435843,620062.5521988065,-110.291382,30U,3.001,-0.274,-0.03,0.03873399049738505,-0.018616504000202195,1.500394400000638
1439814406251613,51.7614321706,-1.2602763509,110.294189,5735936.429180528,620062.5163302005,-110.294189,30U,2.902,-0.303,-0.023,0.039133727565187244,-0.018919000977244676,1.500862983186488
1439814406350060,51.7614347463,-1.260276787,110.295601,5735936.714896812,620062.4794027606,-110.295601,30U,2.807,-0.29,-0.008,0.04087996413706519,-0.018744991247649785,1.5009235120950648
1439814406448508,51.7614372366,-1.2602771835,110.296837,5735936.991181268,620062.4454345835,-110.296837,30U,2.718,-0.263,-0.015,0.042896939399154316,-0.01802011493995391,1.4998098599771907
1439814406546984,51.7614396437,-1.2602775659,110.298279,5735937.258236566,620062.4126601422,-110.298279,30U,2.63,-0.267,-0.007,0.043263134394288465,-0.018154488950839688,1.4987383076722611
1439814406645461,51.7614419702,-1.2602779454,110.298447,5735937.516333406,620062.3802996554,-110.298447,30U,2.544,-0.248,-0.004,0.04062380000028704,-0.018467699999760008,1.4983108999991634
1439814406743957,51.7614442294,-1.2602782859,110.299217,5735937.767010261,620062.3508090067,-110.299217,30U,2.453,-0.233,-0.009,0.03863426559184127,-0.01917090381236894,1.4976783151507154
1439814406842453,51.7614464022,-1.2602786444,110.299782,5735938.008049256,620062.3203054441,-110.299782,30U,2.358,-0.261,0.001,0.039151689170889195,-0.019651048633397485,1.497060261461579
1439814406940933,51.7614484833,-1.2602790187,110.299461,5735938.2388646165,620062.2889548442,-110.299461,30U,2.257,-0.247,-0.0,0.03985030559499876,-0.01914426504049131,1.4961959939828773
1439814407039412,51.761450469,-1.2602793602,110.300682,5735938.459124887,620062.2601207843,-110.300682,30U,2.152,-0.227,-0.021,0.04007693987958922,-0.01890897494906456,1.4951996680879316
1439814407145600,51.7614523602,-1.2602796811,110.303139,5735938.668910069,620062.2329589862,-110.303139,30U,2.048,-0.215,-0.023,0.03850977113412346,-0.019678619800304106,1.4942477729315429
1439814407251783,51.7614541668,-1.2602799879,110.304512,5735938.869310409,620062.2069946364,-110.304512,30U,1.942,-0.213,-0.007,0.037383741739842005,-0.01941328279591744,1.4933435766375007
1439814407350179,51.7614558771,-1.2602803085,110.305023,5735939.058978854,620062.1803334673,-110.305023,30U,1.84,-0.228,-0.002,0.0369741880153021,-0.01907298179354521,1.4927333679939128
1439814407448580,51.7614574842,-1.2602806334,110.305916,5735939.237163725,620062.1536493547,-110.305916,30U,1.719,-0.217,-0.013,0.03879700372158206,-0.019498986841516103,1.4923110076716402
1439814407547120,51.7614589802,-1.2602809337,110.307709,5735939.403034068,620062.1289575726,-110.307709,30U,1.604,-0.2,-0.022,0.04117129309605403,-0.018894735144546083,1.4913044074527388
1439814407645660,51.7614603769,-1.2602812216,110.310432,5735939.557882033,620062.1053849242,-110.310432,30U,1.503,-0.199,-0.029,0.04313590000002849,-0.018776800000676417,1.4902650999992744
1439814407744137,51.7614616977,-1.2602815085,110.312653,5735939.704291082,620062.0820826445,-110.312653,30U,1.407,-0.195,-0.012,0.04372595073303721,-0.019580021602530914,1.4900743958951874
1439814407842613,51.7614629345,-1.2602817734,110.313019,5735939.841395016,620062.0605213797,-110.313019,30U,1.325,-0.17,0.001,0.04384452262886854,-0.019347035567373612,1.4901404539928722
1439814407940977,51.7614640994,-1.2602820073,110.31311,5735939.970554245,620062.0412900951,-110.31311,30U,1.254,-0.159,-0.001,0.04349421504826537,-0.018702930832022666,1.4893257251437895
1439814408039338,51.7614652016,-1.2602822438,110.31308,5735940.0927365525,620062.0220457327,-110.31308,30U,1.19,-0.167,0.001,0.04320621504826132,-0.018349155680130864,1.4890775961084428
1439814408145477,51.7614662455,-1.2602824808,110.313118,5735940.20843471,620062.0029215353,-110.313118,30U,1.128,-0.159,-0.003,0.042987224206237164,-0.018134619049257495,1.4893516108462375
1439814408251622,51.7614672439,-1.2602827007,110.313828,5735940.319101128,620061.9850980769,-110.313828,30U,1.064,-0.148,-0.011,0.04247435053823357,-0.0178339684263601,1.4893595473121317
1439814408350077,51.761468183,-1.2602829149,110.315216,5735940.423182393,620061.9678252819,-110.315216,30U,1.003,-0.153,-0.014,0.04227142316035672,-0.017799086216588548,1.4893852563209369
1439814408448533,51.7614690654,-1.260283141,110.31604,5735940.520938666,620061.9498817229,-110.31604,30U,0.946,-0.155,-0.002,0.042155018518397404,-0.01782635168035003,1.4899101109551796
1439814408546986,51.7614698939,-1.2602833507,110.315865,5735940.612727915,620061.9332128817,-110.315865,30U,0.887,-0.135,0.004,0.041699447257794515,-0.01729030767220477,1.489966133364287
1439814408645439,51.7614706645,-1.2602835399,110.316109,5735940.698112065,620061.9181122993,-110.316109,30U,0.823,-0.128,-0.01,0.04093109999951264,-0.01663460000020387,1.489766000000234
1439814408744059,51.761471387,-1.2602837187,110.317879,5735940.77816431,620061.9038570026,-110.317879,30U,0.757,-0.122,-0.022,0.039698152101773146,-0.016453349854237555,1.4897559760507408
1439814408842678,51.7614720472,-1.2602838944,110.320007,5735940.851293501,620061.8899809101,-110.320007,30U,0.689,-0.123,-0.019,0.03900947873114573,-0.016379485998366045,1.489748723472915
1439814408941079,51.7614726436,-1.260284072,110.321609,5735940.917324599,620061.8761429628,-110.321609,30U,0.622,-0.123,-0.013,0.03915652380098506,-0.016237718627906492,1.4894852954677766
1439814409039472,51.7614731781,-1.2602842468,110.322792,5735940.976476633,620061.8626624556,-110.322792,30U,0.558,-0.119,-0.012,0.04001578559161588,-0.015955995467192455,1.4892214118915603
1439814409145575,51.7614736561,-1.2602844126,110.323997,5735941.029360323,620061.8499529078,-110.323997,30U,0.503,-0.109,-0.012,0.040328776948961934,-0.015671908626271068,1.4891886386311919
1439814409251682,51.7614741126,-1.2602845584,110.324791,5735941.079886003,620061.8386805479,-110.324791,30U,0.495,-0.102,-0.003,0.04035862111400396,-0.015050950147263441,1.4890612007821555
1439814409350142,51.7614745751,-1.2602847062,110.324974,5735941.131075627,620061.8272542546,-110.324974,30U,0.513,-0.108,-0.002,0.03995316430553702,-0.014011747350722296,1.4888407561018087
1439814409448602,51.7614750541,-1.2602848636,110.325478,5735941.184084353,620061.8151217173,-110.325478,30U,0.538,-0.111,-0.009,0.039739908845818385,-0.013279137677606393,1.4887983984217035
1439814409547053,51.7614755531,-1.2602850241,110.326653,5735941.239312102,620061.8027221978,-110.326653,30U,0.562,-0.113,-0.015,0.04003383673968978,-0.013096350210728337,1.4888003812623412
1439814409645503,51.7614760697,-1.260285188,110.328438,5735941.296491487,620061.790041361,-110.328438,30U,0.584,-0.113,-0.021,0.04022960000000879,-0.01327980000038693,1.4886794000005639
1439814409743979,51.7614766233,-1.2602853415,110.330757,5735941.357802629,620061.7779800416,-110.330757,30U,0.602,-0.115,-0.027,0.0405426296184627,-0.013583222679120717,1.488369678201667
1439814409842454,51.7614771846,-1.2602855108,110.333519,5735941.419944046,620061.7648079771,-110.333519,30U,0.621,-0.122,-0.027,0.04064838399778163,-0.014123685482195582,1.488253125894381
1439814409940711,51.7614777598,-1.2602856846,110.335953,5735941.483623827,620061.7512885034,-110.335953,30U,0.641,-0.119,-0.023,0.04055836894878797,-0.014526756320855297,1.488240625050408
1439814410038961,51.76147835,-1.2602858524,110.337936,5735941.548981577,620061.7381432804,-110.337936,30U,0.661,-0.116,-0.018,0.04037627946525772,-0.014645999578527354,1.4879404559935216
1439814410145305,51.761478956,-1.2602860214,110.339485,5735941.616094415,620061.7248733314,-110.339485,30U,0.682,-0.12,-0.013,0.03988009020068006,-0.014483151679793914,1.4875792018911098
1439814410251663,51.7614795934,-1.2602861939,110.340477,5735941.686693371,620061.7112785532,-110.340477,30U,0.703,-0.125,-0.008,0.039233478104381755,-0.014154156988383947,1.4875043649077153
1439814410350129,51.7614802488,-1.26028637,110.341072,5735941.759288114,620061.6973875961,-110.341072,30U,0.733,-0.123,-0.005,0.038356192825655014,-0.013631692935108176,1.4874451927325774
1439814410448594,51.7614809376,-1.2602865449,110.341759,5735941.835599124,620061.6834908391,-110.341759,30U,0.784,-0.126,-0.011,0.03752187219844224,-0.012847581777501147,1.4870854823093114
1439814410547068,51.7614816754,-1.2602867387,110.34362,5735941.917328134,620061.6681598467,-110.34362,30U,0.85,-0.146,-0.025,0.03718245294513477,-0.01248445652505128,1.4869650327394017
1439814410645541,51.7614824784,-1.2602869581,110.346428,5735942.006265652,620061.6508892933,-110.346428,30U,0.935,-0.155,-0.028,0.03754139999978308,-0.01241929999988091,1.4871359000001878
1439814410744076,51.7614833858,-1.2602871707,110.348686,5735942.106824311,620061.633811019,-110.348686,30U,1.032,-0.16,-0.02,0.038619614760538615,-0.012091480155912973,1.486852819648758
1439814410842610,51.7614843763,-1.2602874066,110.349747,5735942.21658586,620061.6149044132,-110.349747,30U,1.144,-0.172,-0.001,0.039612695594476964,-0.011266962399082151,1.486488896733716
1439814410940959,51.7614854656,-1.2602876535,110.349533,5735942.337316489,620061.5949766131,-110.349533,30U,1.256,-0.172,-0.001,0.04050452264586271,-0.01022159809286263,1.486331601891468
1439814411039302,51.761486647,-1.2602879021,110.350311,5735942.468286425,620061.5746871621,-110.350311,30U,1.362,-0.179,-0.013,0.04117328032619502,-0.009706510938960456,1.4858397156733292
1439814411145433,51.7614879247,-1.2602881821,110.351784,5735942.609913841,620061.5519754004,-110.351784,30U,1.475,-0.209,-0.016,0.04206633717845962,-0.00918918346646779,1.485452429786156
1439814411251576,51.7614893224,-1.2602884886,110.353294,5735942.764842397,620061.5271165891,-110.353294,30U,1.597,-0.221,-0.015,0.04437300068357563,-0.00928582492674735,1.4851646419361588
1439814411350094,51.7614908286,-1.2602888121,110.354446,5735942.931808853,620061.5007968061,-110.354446,30U,1.722,-0.234,-0.012,0.048272259637701355,-0.010301085076698151,1.484508580934468
1439814411448611,51.7614924363,-1.2602891515,110.355324,5735943.110036582,620061.4731105315,-110.355324,30U,1.832,-0.235,-0.006,0.05015332611442834,-0.01091648304317401,1.4837006773542498
1439814411547087,51.7614941356,-1.2602894823,110.355774,5735943.298464971,620061.4457747102,-110.355774,30U,1.939,-0.224,-0.011,0.04916275722467197,-0.009152452912875803,1.4831047272530353
1439814411645564,51.7614959283,-1.2602897997,110.359123,5735943.4973020945,620061.4191158018,-110.359123,30U,2.045,-0.22,-0.057,0.046408200000016976,-0.00881859999975447,1.482417599999779
1439814411744020,51.761497834,-1.260290119,110.365211,5735943.708702409,620061.3920259963,-110.365211,30U,2.145,-0.246,-0.059,0.041734559336155205,-0.01076300821178626,1.4818621910068228
1439814411842476,51.7614998243,-1.2602904888,110.369942,5735943.929427646,620061.3612268802,-110.369942,30U,2.257,-0.268,-0.033,0.0386151974683375,-0.011540239897583151,1.4817980589462902
1439814411941000,51.7615019177,-1.260290887,110.371582,5735944.161571505,620061.3281944375,-110.371582,30U,2.382,-0.288,-0.0,0.0394195503367626,-0.01189177179349533,1.4814342538828607
1439814412039525,51.7615041194,-1.2602913156,110.370682,5735944.405708969,620061.2927768567,-110.370682,30U,2.504,-0.301,0.008,0.03956777808882697,-0.01183055630555177,1.4807039208311834
1439814412145524,51.7615064312,-1.2602917433,110.370598,5735944.662091733,620061.2571292951,-110.370598,30U,2.634,-0.294,-0.011,0.03808875122471648,-0.01096669935796109,1.4802492441006914
1439814412251521,51.7615088717,-1.2602921744,110.373039,5735944.932781161,620061.2209056744,-110.373039,30U,2.756,-0.312,-0.036,0.03506621397901136,-0.011396831476058423,1.4802156117299239
1439814412350040,51.7615114172,-1.2602926305,110.376373,5735945.215106099,620061.1826783135,-110.376373,30U,2.878,-0.327,-0.035,0.03168651975117062,-0.011354459149150021,1.480215029474123
1439814412448558,51.7615140704,-1.2602931304,110.378525,5735945.509335858,620061.1411427093,-110.378525,30U,3.006,-0.373,-0.001,0.032125848167921675,-0.010820235878952412,1.4805870795916212
1439814412547054,51.7615168341,-1.260293692,110.376244,5735945.815752346,620061.0950562054,-110.376244,30U,3.126,-0.396,0.017,0.0363389140525543,-0.009027328393043358,1.4807917917798432
1439814412645550,51.7615197013,-1.260294247,110.377678,5735946.13368956,620061.0491505726,-110.377678,30U,3.255,-0.373,-0.023,0.03923430000087047,-0.00857350000077822,1.4796930000008495
1439814412743966,51.7615227031,-1.2602947741,110.380638,5735946.466641079,620061.0048131606,-110.380638,30U,3.383,-0.371,-0.044,0.03919164799542141,-0.009487447018255196,1.478680156597842
1439814412842382,51.7615258155,-1.260295311,110.38308,5735946.81187589,620060.9595060648,-110.38308,30U,3.512,-0.38,0.005,0.0355009228740062,-0.010097016188913314,1.478125367994386
1439814412940902,51.7615290386,-1.2602958683,110.381409,5735947.169387661,620060.9124975413,-110.381409,30U,3.638,-0.395,0.006,0.03165185352065802,-0.007787245020344382,1.4777209299887084
1439814413039425,51.76153237,-1.2602964546,110.381226,5735947.538895342,620060.8632004968,-110.381226,30U,3.761,-0.418,0.001,0.029952808515470983,-0.005806978385275852,1.477100704094201
1439814413145474,51.7615358055,-1.2602970771,110.383247,5735947.919920011,620060.8111292202,-110.383247,30U,3.879,-0.438,-0.039,0.029540328849414533,-0.003941967555366446,1.4762164895598926
1439814413251518,51.7615393643,-1.2602977209,110.387352,5735948.31462136,620060.7572609856,-110.387352,30U,4.0,-0.464,-0.042,0.03081451896464511,-0.002534741252047015,1.4753558045946285
1439814413349967,51.7615430249,-1.2602984043,110.391388,5735948.720578328,620060.7003899965,-110.391388,30U,4.114,-0.479,-0.038,0.03297086602807567,-0.0013833362853873513,1.4747041186115188
1439814413448418,51.7615467877,-1.2602990931,110.392975,5735949.137891694,620060.6428752452,-110.392975,30U,4.233,-0.479,0.004,0.034019478543876804,0.0009273473064079379,1.4731706844956616
1439814413546958,51.7615506406,-1.2602997981,110.39386,5735949.565198088,620060.5840035516,-110.39386,30U,4.324,-0.5,-0.026,0.036381948573088865,0.0025977951720861886,1.4716614205021374
1439814413645498,51.7615545647,-1.2603005415,110.397934,5735950.000359158,620060.5222930968,-110.397934,30U,4.402,-0.522,-0.056,0.038146899999867354,0.002908600000143968,1.4702557999994683
1439814413743914,51.7615585736,-1.2603012996,110.406006,5735950.444926329,620060.4593432731,-110.406006,30U,4.477,-0.538,-0.103,0.040587163636878795,0.0009579458463859078,1.4688016798634298
1439814413842331,51.7615626411,-1.2603020905,110.416481,5735950.895956198,620060.3939745572,-110.416481,30U,4.548,-0.55,-0.091,0.04157854169443765,-0.0029791508859919737,1.4676641735574878
1439814413940785,51.7615667667,-1.2603028861,110.424721,5735951.35343942,620060.3281273801,-110.424721,30U,4.61,-0.558,-0.094,0.04356366520033271,-0.0046554605586454365,1.4663571694459039
1439814414039241,51.761570946,-1.2603037065,110.433327,5735951.816853596,620060.2604263688,-110.433327,30U,4.678,-0.574,-0.076,0.04416535580639434,-0.005844244446024924,1.4645788282842003
1439814414145494,51.7615751835,-1.260304553,110.441444,5735952.28669702,620060.1907698768,-110.441444,30U,4.747,-0.601,-0.085,0.04751445091829845,-0.008766410506472208,1.4632576749332329
1439814414251745,51.7615794955,-1.2603054445,110.448692,5735952.764751236,620060.1178104259,-110.448692,30U,4.812,-0.63,-0.063,0.05051525337287964,-0.013653400586362243,1.4625385808402627
1439814414350178,51.7615838727,-1.2603063367,110.45002,5735953.2500549555,620060.044629709,-110.45002,30U,4.896,-0.605,0.012,0.05095663178530224,-0.015254952431538692,1.4613081826050152
1439814414448616,51.7615883078,-1.2603072088,110.450264,5735953.741830614,620059.9726824424,-110.450264,30U,4.954,-0.611,-0.021,0.049937386572194264,-0.014917447256387271,1.459776577869976
1439814414547198,51.7615927919,-1.2603081196,110.453362,5735954.238991679,620059.8979346137,-110.453362,30U,5.01,-0.641,-0.05,0.04495906803766988,-0.013904297232191413,1.4592201764182302
1439814414645780,51.7615973282,-1.2603090529,110.456985,5735954.741920672,620059.8214956518,-110.456985,30U,5.08,-0.65,-0.018,0.044679199999635086,-0.011796800000699362,1.4586758999991811
1439814414744028,51.761601941,-1.2603100046,110.454712,5735955.253326667,620059.7435840194,-110.454712,30U,5.144,-0.669,0.05,0.046997571456116806,-0.00807727898342548,1.457351931378025
1439814414842276,51.761606606,-1.2603109984,110.449493,5735955.770468328,620059.6626287138,-110.449493,30U,5.207,-0.7,0.049,0.049249078216235934,-0.003617916653925081,1.456290398092033
1439814414940812,51.7616113238,-1.2603119969,110.446899,5735956.293473948,620059.5812090118,-110.446899,30U,5.265,-0.692,-0.025,0.05353781219434498,-0.0006839965148052787,1.4551537208139949
1439814415039358,51.7616160895,-1.2603130019,110.451935,5735956.8217956545,620059.4992137018,-110.451935,30U,5.324,-0.689,-0.091,0.051230575896603084,-0.0014256481505998048,1.4530126098588332
1439814415145620,51.7616209058,-1.2603140018,110.463867,5735957.355752801,620059.4174361035,-110.463867,30U,5.386,-0.705,-0.124,0.045388447655314884,-0.006309018525831617,1.4516722053604099
1439814415251856,51.7616257893,-1.2603150292,110.474335,5735957.897137743,620059.333582545,-110.474335,30U,5.446,-0.716,-0.095,0.039389347702036163,-0.010244215346890986,1.4513223196485763
1439814415349992,51.7616307203,-1.2603160954,110.481682,5735958.4437411195,620059.2469255093,-110.481682,30U,5.496,-0.762,-0.064,0.040323365511982893,-0.01182224400743754,1.4510446138919701
1439814415448144,51.761635693,-1.2603172235,110.486778,5735958.994879898,620059.1558863188,-110.486778,30U,5.545,-0.802,-0.053,0.04527811008501345,-0.011769423488618888,1.4512314950617702
1439814415546802,51.7616407027,-1.260318369,110.490227,5735959.550104669,620059.0635482618,-110.490227,30U,5.592,-0.761,-0.017,0.047221521066525204,-0.01116535406859996,1.451406613251718
1439814415645460,51.7616457551,-1.2603194421,110.489243,5735960.110197143,620058.9760930585,-110.489243,30U,5.644,-0.727,0.02,0.04499330000059399,-0.007860199999498572,1.4504392999998348
1439814415743944,51.7616508582,-1.2603205092,110.4897,5735960.675937657,620058.8889174093,-110.4897,30U,5.67,-0.755,-0.013,0.04145522218888163,-0.008445103323701504,1.4500461867061258
1439814415842428,51.7616559687,-1.2603216115,110.493896,5735961.242443153,620058.7992930952,-110.493896,30U,5.675,-0.774,-0.059,0.04133619348453452,-0.011789453747562097,1.4501393721055633
1439814415941060,51.7616610801,-1.2603227456,110.498901,5735961.808996388,620058.7074719822,-110.498901,30U,5.677,-0.788,-0.065,0.042669092124696356,-0.014422551012004637,1.4502610453659543
1439814416039698,51.7616661867,-1.2603238782,110.508499,5735962.3750183005,620058.6157671312,-110.508499,30U,5.675,-0.772,-0.116,0.042751615520663436,-0.020726540343671364,1.4500075129395968
1439814416145892,51.7616712863,-1.2603249986,110.516289,5735962.940281857,620058.5249227537,-110.516289,30U,5.665,-0.782,-0.029,0.04798652924465797,-0.02610017362375791,1.4495734396778075
1439814416252061,51.7616763878,-1.2603261346,110.514175,5735963.505731026,620058.4329968409,-110.514175,30U,5.645,-0.786,0.037,0.04928338670661177,-0.02426388611891687,1.449506886412761
1439814416350312,51.7616814586,-1.2603272572,110.511124,5735964.067788219,620058.3420770846,-110.511124,30U,5.614,-0.769,0.016,0.05130368384513957,-0.01890885886372535,1.4494794182063173
1439814416448567,51.7616865083,-1.2603283698,110.508339,5735964.627515425,620058.2519033923,-110.508339,30U,5.601,-0.77,0.055,0.05422275936904986,-0.0148736144676314,1.4490858862011395
1439814416546929,51.7616915382,-1.2603294778,110.500641,5735965.185048316,620058.1620996755,-110.500641,30U,5.581,-0.767,0.091,0.0541172734632578,-0.01059749044624413,1.448560447366799
1439814416645290,51.7616965434,-1.2603305912,110.494278,5735965.739825523,620058.0719888641,-110.494278,30U,5.555,-0.769,0.021,0.05349959999933505,-0.007114499999200216,1.4486099000005543
1439814416743891,51.7617015413,-1.260331686,110.497856,5735966.293821545,620057.9831809663,-110.497856,30U,5.521,-0.759,-0.111,0.05197749775129621,-0.007361148974396954,1.448274048973419
1439814416842491,51.7617065095,-1.2603328032,110.511009,5735966.844477864,620057.8929061181,-110.511009,30U,5.502,-0.784,-0.137,0.05300622022267025,-0.01143084587147397,1.4482087522110432
1439814416940877,51.761711458,-1.2603339405,110.521431,5735967.3929103315,620057.8012965061,-110.521431,30U,5.487,-0.782,-0.069,0.05329856335234485,-0.01466247613941932,1.4482610238936253
1439814417039256,51.7617163906,-1.2603350568,110.526199,5735967.9396091895,620057.7111782389,-110.526199,30U,5.476,-0.765,-0.029,0.05409660893770178,-0.01671399098569454,1.4480175345211346
1439814417145310,51.7617213087,-1.2603361565,110.527664,5735968.484722883,620057.6222439716,-110.527664,30U,5.463,-0.754,-0.012,0.053726586732223997,-0.017631972839628314,1.4475708777775231
1439814417251375,51.7617262455,-1.260337248,110.528145,5735969.031929638,620057.5338259685,-110.528145,30U,5.483,-0.767,0.0,0.054960298827612455,-0.016964272825332062,1.4468701347011357
1439814417349936,51.7617312009,-1.2603383747,110.527748,5735969.581146885,620057.4429295898,-110.527748,30U,5.519,-0.785,0.01,0.055560663041038426,-0.014746556583754667,1.4468931467416597
1439814417448490,51.7617361937,-1.2603395011,110.526825,5735970.134523748,620057.3519547115,-110.526825,30U,5.57,-0.777,0.013,0.05603114800745459,-0.01341359913995967,1.4470886395841553
1439814417546863,51.76174123,-1.2603406254,110.524071,5735970.692741544,620057.2610093623,-110.524071,30U,5.623,-0.777,0.031,0.05518534448908313,-0.01165538449559833,1.4478246542288353
1439814417645235,51.7617463063,-1.2603417573,110.522972,5735971.2553950865,620057.1694334615,-110.522972,30U,5.669,-0.79,-0.004,0.054268399999515556,-0.009943799999612746,1.4494716000004422
1439814417743723,51.7617514368,-1.2603429077,110.525131,5735971.82404556,620057.0764371611,-110.525131,30U,5.704,-0.804,-0.041,0.057210159140108366,-0.009241974096523,1.4521226236550786
1439814417842211,51.7617565902,-1.2603440596,110.530853,5735972.395240195,620056.9832766154,-110.530853,30U,5.735,-0.791,-0.046,0.05932577107575404,-0.010539124552134313,1.45540327185984
1439814417940801,51.7617617629,-1.2603451753,110.534279,5735972.968640705,620056.8925629389,-110.534279,30U,5.753,-0.753,-0.034,0.061634178358524326,-0.01137643800711656,1.4600212488251345
1439814418039393,51.7617669465,-1.2603462377,110.537231,5735973.5433411095,620056.8054984324,-110.537231,30U,5.767,-0.713,-0.028,0.06240466883923975,-0.011559482950201858,1.4652379632505266
1439814418145382,51.7617721345,-1.2603472437,110.540833,5735974.118623667,620056.7223142609,-110.540833,30U,5.77,-0.683,-0.048,0.0631646340385972,-0.01176175991717032,1.4714133154947389
1439814418251368,51.7617773303,-1.2603482133,110.545876,5735974.694833559,620056.6416212645,-110.545876,30U,5.755,-0.661,-0.046,0.06626980000041778,-0.013053750830446886,1.479470445357063
1439814418349925,51.7617825091,-1.26034913,110.54911,5735975.269240028,620056.5646238481,-110.54911,30U,5.741,-0.606,-0.018,0.06940123721315408,-0.012279959867538751,1.4896623069350468
1439814418448478,51.7617876694,-1.2603499622,110.5513,5735975.841728284,620056.4935066081,-110.5513,30U,5.717,-0.549,-0.034,0.07219775540108474,-0.011231735677024216,1.502481365510422
1439814418546936,51.7617927983,-1.260350692,110.555969,5735976.410893231,620056.429538989,-110.555969,30U,5.685,-0.454,-0.054,0.07346392845984269,-0.011548097062697682,1.5174905574318558
1439814418645395,51.7617978968,-1.2603512788,110.559891,5735976.97691291,620056.3755200142,-110.559891,30U,5.653,-0.37,-0.04,0.07500929999946512,-0.010727899999329864,1.5343098999993126
1439814418743870,51.7618029778,-1.2603517284,110.565613,5735977.541212339,620056.3310152205,-110.565613,30U,5.615,-0.258,-0.071,0.07557607214003065,-0.011179969110180968,1.5541875873905793
1439814418842345,51.7618080215,-1.2603520085,110.572632,5735978.101642798,620056.2983060526,-110.572632,30U,5.58,-0.133,-0.061,0.07474115634856163,-0.012180365386959305,1.5765526146227757
1439814418940731,51.7618130312,-1.2603520851,110.579666,5735978.658627242,620056.2797299864,-110.579666,30U,5.545,0.016,-0.076,0.07125943151655283,-0.015059480595826208,1.6008196434880089
1439814419039114,51.7618179977,-1.2603519612,110.58564,5735979.211137631,620056.275104403,-110.58564,30U,5.498,0.137,-0.054,0.07038632711121738,-0.016900621379606167,1.6268249566954116
1439814419145460,51.761822918,-1.2603516384,110.590454,5735979.758837716,620056.2843268455,-110.590454,30U,5.445,0.302,-0.038,0.07091361922691505,-0.014962979819556334,1.655350625145857
1439814419251805,51.7618278025,-1.2603510909,110.594498,5735980.302926512,620056.3091500974,-110.594498,30U,5.388,0.445,-0.068,0.07085448631470419,-0.010847137830773282,1.6859433701856514
1439814419350193,51.7618326281,-1.2603502943,110.600571,5735980.840875321,620056.3513192015,-110.600571,30U,5.323,0.643,-0.047,0.0679979689483137,-0.00933743819259575,1.7185780604837917
1439814419448580,51.7618373945,-1.2603492299,110.600372,5735981.372681564,620056.4121253771,-110.600372,30U,5.256,0.804,0.032,0.06828979268371087,-0.0063952435940999,1.753170089991785
1439814419546968,51.7618420844,-1.2603479208,110.602913,5735981.896383344,620056.4900204553,-110.602913,30U,5.174,0.991,-0.04,0.06986953007220967,-0.003940449848464838,1.7893038420167013
1439814419645356,51.7618466968,-1.2603463778,110.611938,5735982.411851679,620056.5842618106,-110.611938,30U,5.092,1.119,-0.145,0.07367300000057048,-0.003661799999633396,1.828044499999951
1439814419743928,51.7618512448,-1.2603446001,110.627655,5735982.920544688,620056.6948698915,-110.627655,30U,4.994,1.334,-0.156,0.07333853880704357,-0.005401371944496148,1.8701944166172575
1439814419842499,51.7618556913,-1.2603424696,110.640327,5735983.418531033,620056.8300928206,-110.640327,30U,4.888,1.587,-0.083,0.07145494953542264,-0.0051933270011983905,1.913029717706749
1439814419940954,51.7618600414,-1.260340014,110.647141,5735983.906332269,620056.9880055741,-110.647141,30U,4.785,1.786,-0.058,0.0642451449806966,-0.0013218705521356397,1.9569805646853646
1439814420039406,51.7618642956,-1.2603372703,110.654358,5735984.38394309,620057.1660535664,-110.654358,30U,4.683,1.986,-0.092,0.05873239912255045,0.00208394055573914,2.0036333137903783
1439814420145622,51.7618684666,-1.2603342317,110.662651,5735984.852787018,620057.3646723507,-110.662651,30U,4.599,2.193,-0.076,0.0602484073004332,0.0036491416187515303,2.052381663393725
1439814420251826,51.7618725651,-1.2603308762,110.672203,5735985.314090175,620057.5853516826,-110.672203,30U,4.495,2.437,-0.121,0.058773701075680515,0.002842672042934877,2.102593892864189
1439814420350098,51.7618765496,-1.2603271348,110.686043,5735985.763351091,620057.8329631247,-110.686043,30U,4.357,2.713,-0.151,0.05321030291426414,-0.0020621550453471396,2.1534132955242953
1439814420448380,51.7618804042,-1.2603229918,110.701836,5735986.198827434,620058.1086322571,-110.701836,30U,4.224,2.981,-0.156,0.04698686138627895,-0.006362751232257176,2.204672928390088
1439814420546993,51.761884162,-1.2603185155,110.715118,5735986.624087703,620058.4075581011,-110.715118,30U,4.145,3.18,-0.11,0.05062538956709197,-0.008410065589385634,2.2574781512548747
1439814420645606,51.761887835,-1.2603137348,110.726196,5735987.040418801,620058.7277145232,-110.726196,30U,4.018,3.424,-0.093,0.0548926000000031,-0.010265699999171854,2.311395800000619
1439814420744150,51.7618913649,-1.2603085578,110.73056,5735987.441488691,620059.0755979076,-110.73056,30U,3.834,3.705,-0.016,0.057941903714600576,-0.01090098220860037,2.36462848631399
1439814420842693,51.7618947297,-1.2603030098,110.73243,5735987.824809188,620059.4495207461,-110.73243,30U,3.652,3.951,-0.027,0.05668235109810249,-0.013491620382326734,2.4177978563023053
1439814420941030,51.761897922,-1.2602971132,110.734535,5735988.189520496,620059.8479569172,-110.734535,30U,3.469,4.166,-0.064,0.05502819664020983,-0.016394879032678434,2.4710382453645314
1439814421039360,51.7619009638,-1.2602909255,110.742599,5735988.5379745,620060.2668801681,-110.742599,30U,3.302,4.368,-0.075,0.060112689693201334,-0.02066639142468837,2.524868112936117
1439814421145567,51.7619038266,-1.2602844377,110.748108,5735988.867016641,620060.7069871682,-110.748108,30U,3.075,4.579,-0.05,0.0655963411361189,-0.019820603308847565,2.5770217276402803
1439814421251783,51.7619064885,-1.2602776675,110.750511,5735989.174182367,620061.1671146012,-110.750511,30U,2.85,4.77,0.005,0.07137106461334208,-0.016087871749603008,2.6289265061575353
1439814421350261,51.7619089354,-1.2602706291,110.748138,5735989.457880295,620061.6463199821,-110.748138,30U,2.589,4.948,0.029,0.07128169133413169,-0.010938584630948215,2.6806954724742034
1439814421448735,51.7619111347,-1.2602633222,110.744156,5735989.714485595,620062.1447105055,-110.744156,30U,2.317,5.133,0.054,0.06443711604546741,-0.0053285668646900946,2.731231670457841
1439814421547109,51.7619131078,-1.2602557777,110.741402,5735989.9463272225,620062.6600970931,-110.741402,30U,2.09,5.276,-0.02,0.06410170023537948,-0.0020087968272378643,2.7800836749403164
1439814421645483,51.7619148824,-1.2602480369,110.748383,5735990.156417606,620063.1895562831,-110.748383,30U,1.871,5.405,-0.104,0.06762529999989447,-0.0039423000004463775,2.826399399999857
1439814421744042,51.7619164719,-1.2602401352,110.761475,5735990.346188638,620063.730609694,-110.761475,30U,1.666,5.507,-0.151,0.07730768523864198,-0.00895989530752058,2.871564242619882
1439814421842601,51.7619178401,-1.2602320836,110.779015,5735990.511596538,620064.2825942965,-110.779015,30U,1.368,5.62,-0.173,0.078414499973321,-0.014592660827820556,2.9157873432903507
1439814421941040,51.7619189461,-1.2602238825,110.791992,5735990.648092315,620064.845591008,-110.791992,30U,1.116,5.702,-0.074,0.08160638993195649,-0.015861395839679538,2.958429899374994
1439814422039476,51.7619198453,-1.2602155616,110.79612,5735990.761787906,620065.4174033548,-110.79612,30U,0.879,5.787,-0.013,0.07518173665682387,-0.01064708138163495,3.0016518707635598
1439814422145660,51.7619205254,-1.2602071294,110.796738,5735990.851301483,620065.997477421,-110.796738,30U,0.649,5.854,-0.019,0.07410052538041817,-0.0076293775739658095,3.045150302125872
1439814422251842,51.7619210029,-1.2601986133,110.800186,5735990.918422845,620066.5838786557,-110.800186,30U,0.407,5.922,-0.031,0.07399673861199411,-0.008304665689928447,3.0873785892468733
1439814422350262,51.7619212611,-1.2601900144,110.80304,5735990.961293038,620067.1765754645,-110.80304,30U,0.169,5.961,-0.082,0.07606985139987195,-0.007908348648900752,3.127733599637683
1439814422448684,51.7619212984,-1.260181363,110.816788,5735990.979684246,620067.7734811979,-110.816788,30U,-0.083,5.997,-0.153,0.07640281754785225,-0.010058324864371795,-3.117853741883575
1439814422547223,51.7619211061,-1.2601726615,110.829956,5735990.972625026,620068.3744533327,-110.829956,30U,-0.334,6.026,-0.08,0.07303124015870281,-0.009861963961429002,-3.0829180461305756
1439814422645761,51.7619207093,-1.2601639188,110.834671,5735990.942892006,620068.978811121,-110.834671,30U,-0.536,6.048,-0.025,0.0695322999993456,-0.005675200000128373,-3.0498274071670703
1439814422744176,51.7619201443,-1.2601551529,110.836807,5735990.894492342,620069.5852161418,-110.836807,30U,-0.736,6.064,-0.039,0.06648785259008798,-0.003268081134270037,-3.0185963328330274
1439814422842591,51.7619194023,-1.260146378,110.843079,5735990.826424045,620070.192711853,-110.843079,30U,-0.917,6.068,-0.08,0.06350420373055955,-0.004089531398145991,-2.9901050005591157
1439814422940865,51.7619185038,-1.2601375987,110.853058,5735990.740959264,620070.8009264416,-110.853058,30U,-1.084,6.064,-0.119,0.06149136008692491,-0.0051456049713519214,-2.9625285275199587
1439814423039135,51.7619174558,-1.2601288185,110.865662,5735990.638870689,620071.4095998156,-110.865662,30U,-1.238,6.067,-0.136,0.06180205188222434,-0.006361683624825707,-2.9355124906817385
1439814423145397,51.7619162633,-1.260120039,110.877953,5735990.520711714,620072.0186083061,-110.877953,30U,-1.414,6.061,-0.092,0.06122664291004216,-0.00842505149423407,-2.9097435075638303
1439814423251671,51.7619149171,-1.2601112829,110.885521,5735990.385421869,620072.6264098752,-110.885521,30U,-1.603,6.041,-0.064,0.056848840078286826,-0.008533196676176923,-2.886204304494046
1439814423350150,51.7619134151,-1.2601025604,110.892456,5735990.232750824,620073.2323062322,-110.892456,30U,-1.738,6.016,-0.078,0.05255348439604489,-0.008580326849166079,-2.8640175528728427
1439814423448629,51.7619117968,-1.2600938693,110.900772,5735990.067094851,620073.8363443939,-110.900772,30U,-1.869,5.996,-0.08,0.047379164129884487,-0.007779819564165662,-2.8422799700424073
1439814423547123,51.7619100601,-1.2600852043,110.907906,5735989.8882291475,620074.4388956716,-110.907906,30U,-1.991,5.973,-0.07,0.0429630292042356,-0.007633713893361609,-2.8215238729946575
1439814423645617,51.7619082129,-1.260076568,110.914162,5735989.697027959,620075.0397596913,-110.914162,30U,-2.116,5.952,-0.064,0.03995689999954134,-0.008906800000573836,-2.8005621071681577
1439814423744097,51.7619062489,-1.2600679857,110.919922,5735989.492749026,620075.6372073026,-110.919922,30U,-2.255,5.917,-0.063,0.03660250615878529,-0.010411768035441247,-2.779906229509145
1439814423842578,51.7619041648,-1.2600594568,110.928749,5735989.275026361,620076.2312886697,-110.928749,30U,-2.388,5.879,-0.124,0.0313679725535392,-0.012105660793769806,-2.7595205741445414
1439814423941019,51.7619019651,-1.260050966,110.941032,5735989.044385577,620076.8230476603,-110.941032,30U,-2.513,5.857,-0.112,0.02966565630566043,-0.018557018042790238,-2.73790102454548
1439814424039460,51.7618996451,-1.2600425053,110.948257,5735988.800317175,620077.4130488023,-110.948257,30U,-2.651,5.834,-0.033,0.03179007714318839,-0.026536713620465502,-2.715111454317155
1439814424145449,51.7618972017,-1.2600340839,110.949478,5735988.542461272,620078.0006654644,-110.949478,30U,-2.79,5.799,-0.013,0.03572529571977688,-0.03393892149518622,-2.6906297474458887
1439814424251442,51.7618946198,-1.2600257458,110.952003,5735988.2690662,620078.5829014194,-110.952003,30U,-2.978,5.739,-0.024,0.0361437849454017,-0.042104402933363996,-2.66412505024296
1439814424349948,51.761891866,-1.2600174872,110.948341,5735987.976423923,620079.16010752,-110.948341,30U,-3.156,5.688,0.098,0.035535101325135446,-0.04622711157974981,-2.6359261422129
1439814424448455,51.7618889521,-1.2600092994,110.934158,5735987.665861,620079.7328528203,-110.934158,30U,-3.332,5.638,0.177,0.03573514504384221,-0.04484768838712261,-2.605979416929091
1439814424547016,51.7618858842,-1.2600011727,110.914574,5735987.338071759,620080.3017905063,-110.914574,30U,-3.499,5.595,0.214,0.04296696212742672,-0.04229801793597456,-2.574792308486103
1439814424645576,51.7618826413,-1.2599931333,110.892746,5735986.990677724,620080.8651683264,-110.892746,30U,-3.72,5.508,0.214,0.04628220000034245,-0.03888900000027474,-2.543464707164436
1439814424744067,51.7618792049,-1.2599852545,110.874924,5735986.621500887,620081.4179771777,-110.874924,30U,-3.943,5.405,0.143,0.04423333694973686,-0.03723543431000662,-2.512680026093865
1439814424842557,51.7618755795,-1.2599775014,110.863091,5735986.231099136,620081.962613462,-110.863091,30U,-4.128,5.336,0.113,0.04530845898007654,-0.03798375991730917,-2.481550828809922
1439814424940956,51.7618717962,-1.2599698367,110.851669,5735985.822992401,620082.5015686125,-110.851669,30U,-4.305,5.266,0.116,0.046833132148718114,-0.039707325817611674,-2.4496029883833503
1439814425039352,51.7618678366,-1.259962298,110.841248,5735985.395072576,620083.0322968028,-110.841248,30U,-4.511,5.157,0.108,0.04894889456490656,-0.04167206098059688,-2.4181534490226273
1439814425145456,51.761863683,-1.2599549273,110.829155,5735984.945302148,620083.5519467179,-110.829155,30U,-4.725,5.035,0.148,0.04791063953450913,-0.04237205081825748,-2.3877068476703984
1439814425251568,51.7618593653,-1.2599477356,110.814758,5735984.4769880725,620084.0596799451,-110.814758,30U,-4.902,4.936,0.167,0.04766976070334061,-0.04176555786894582,-2.356996204583708
1439814425350089,51.7618548872,-1.2599406814,110.797318,5735983.990610141,620084.5583504522,-110.797318,30U,-5.082,4.831,0.171,0.049246809925253515,-0.03987699998353834,-2.325857568506811
1439814425448609,51.7618502361,-1.2599337947,110.781578,5735983.484717755,620085.0459214711,-110.781578,30U,-5.281,4.7,0.14,0.05027179601670885,-0.04053713110177129,-2.295285597257165
1439814425547108,51.7618454071,-1.2599270911,110.76757,5735982.958740307,620085.5213295,-110.76757,30U,-5.476,4.564,0.158,0.048756843897413894,-0.04426481985153746,-2.2656758606340226
1439814425645607,51.7618404056,-1.2599205792,110.753571,5735982.413264156,620085.9839667514,-110.753571,30U,-5.646,4.444,0.134,0.04980040000064045,-0.04852550000066189,-2.23702460717433
1439814425744075,51.7618352701,-1.259914251,110.739204,5735981.852583912,620086.4342831192,-110.739204,30U,-5.81,4.324,0.161,0.051096031963951995,-0.05053326031350892,-2.209165351020296
1439814425842543,51.7618299838,-1.2599080968,110.720245,5735981.274847277,620086.8729925491,-110.720245,30U,-5.973,4.199,0.234,0.05244074561921185,-0.047470630748273075,-2.1818708486801555
1439814425940965,51.7618245499,-1.2599021273,110.696083,5735980.680392493,620087.2993481765,-110.696083,30U,-6.128,4.071,0.263,0.056452659949612315,-0.04191237283283123,-2.1553484446930864
1439814426039386,51.7618189783,-1.259896332,110.670654,5735980.070337783,620087.7140483033,-110.670654,30U,-6.278,3.941,0.228,0.05897142111712638,-0.03649612435978022,-2.129298027128575
1439814426145538,51.7618132705,-1.2598907361,110.651611,5735979.444808461,620088.1153499736,-110.651611,30U,-6.422,3.802,0.145,0.0630333166018865,-0.034232766930977106,-2.1047284620931856
1439814426251691,51.7618074483,-1.2598853441,110.639877,5735978.806221415,620088.5028848065,-110.639877,30U,-6.556,3.678,0.1,0.06646952746895475,-0.03475928035232102,-2.081643841441537
1439814426350120,51.761801508,-1.2598801222,110.631683,5735978.154220834,620088.8789950517,-110.631683,30U,-6.685,3.549,0.099,0.06742759187206608,-0.0372918523381314,-2.059857883739103
1439814426448551,51.7617954517,-1.2598750896,110.621918,5735977.4890086325,620089.2423502008,-110.621918,30U,-6.804,3.424,0.107,0.06663771196843957,-0.037467904406638414,-2.0403558373493706
1439814426547025,51.7617892919,-1.2598702147,110.609627,5735976.8120269235,620089.5950977006,-110.609627,30U,-6.906,3.322,0.14,0.06382033301885842,-0.03584946249192762,-2.0228610305325594
1439814426645498,51.761783042,-1.2598654694,110.594345,5735976.124812137,620089.9391410848,-110.594345,30U,-6.997,3.243,0.173,0.06270670000012218,-0.03322089999954348,-2.006752907179612
1439814426744059,51.7617767218,-1.2598608528,110.578598,5735975.429567642,620090.2744899162,-110.578598,30U,-7.092,3.15,0.136,0.060858905474945574,-0.031247767643883907,-1.9923787986152635
1439814426842620,51.7617703182,-1.2598563637,110.567535,5735974.72483861,620090.6012617621,-110.567535,30U,-7.176,3.07,0.095,0.05913452576775542,-0.030906567386794526,-1.9799608978894776
1439814426940747,51.7617638405,-1.2598519793,110.558945,5735974.0116968,620090.9210053011,-110.558945,30U,-7.25,3.004,0.073,0.059030417033208264,-0.031541103687879296,-1.968303155160844
1439814427038859,51.7617572939,-1.2598476858,110.549698,5735973.290743209,620091.2346590288,-110.549698,30U,-7.323,2.935,0.107,0.05857624936638984,-0.030500638395206416,-1.956960279480942
1439814427145181,51.7617506826,-1.2598434795,110.53891,5735972.562450996,620091.5424671241,-110.53891,30U,-7.395,2.877,0.105,0.05838437221429542,-0.027019166882030578,-1.9452117701017073
1439814427251532,51.7617440101,-1.259839378,110.527802,5735971.8271804,620091.8432057741,-110.527802,30U,-7.473,2.806,0.114,0.05944186412582732,-0.02289396950085117,-1.933817222971915
1439814427350108,51.7617372683,-1.2598353713,110.518089,5735971.084047116,620092.1375865426,-110.518089,30U,-7.543,2.745,0.079,0.06114679876726449,-0.018244785399268645,-1.9239558135138066
1439814427448681,51.7617304647,-1.259831443,110.512939,5735970.333912195,620092.4267212399,-110.512939,30U,-7.61,2.687,0.014,0.06200961730154609,-0.014930797028508365,-1.9157164163887144
1439814427547155,51.7617236007,-1.2598275801,110.512344,5735969.576952731,620092.7115032395,-110.512344,30U,-7.663,2.665,0.001,0.06661587527801258,-0.01364135270943542,-1.9092846920953772
1439814427645629,51.7617166851,-1.2598237415,110.514893,5735968.814215023,620092.9947453784,-110.514893,30U,-7.726,2.637,-0.047,0.06672169999933633,-0.014351199999159675,-1.9031795071764754
1439814427744100,51.7617097181,-1.259819968,110.519547,5735968.045654122,620093.2736316373,-110.519547,30U,-7.794,2.6,-0.056,0.06748882737020952,-0.015706376344779883,-1.8976078848386186
1439814427842571,51.7617026934,-1.2598162057,110.52372,5735967.270658187,620093.5518982145,-110.52372,30U,-7.853,2.61,-0.033,0.06804918576087718,-0.017718744775401783,-1.8913697897635984
1439814427941061,51.7616956058,-1.2598124784,110.524742,5735966.488609751,620093.82791654,-110.524742,30U,-7.933,2.535,0.01,0.06492385902264661,-0.018413064652678553,-1.8849420975822586
1439814428039552,51.7616884437,-1.2598088385,110.524078,5735965.6981325345,620094.0981014286,-110.524078,30U,-8.003,2.509,-0.009,0.06464661429825337,-0.017876971462900293,-1.8795007285207066
1439814428145310,51.7616812164,-1.2598052197,110.521935,5735964.900369933,620094.3670033674,-110.521935,30U,-8.081,2.477,0.028,0.06260854764496109,-0.017463973996052023,-1.873933028653264
1439814428251079,51.7616739256,-1.2598016666,110.519264,5735964.09543755,620094.631540129,-110.519264,30U,-8.152,2.445,0.016,0.05843845122196984,-0.016665840957482254,-1.870155103615163
1439814428349727,51.7616665729,-1.2597981373,110.519073,5735963.283582317,620094.8945988632,-110.519073,30U,-8.218,2.444,0.006,0.055719021017439266,-0.017405563276651027,-1.8676989127020458
1439814428448374,51.761659165,-1.2597945921,110.518814,5735962.465614688,620095.1589013739,-110.518814,30U,-8.273,2.466,0.002,0.054976981794632424,-0.01816885991685145,-1.866018983223505
1439814428546989,51.7616517054,-1.2597910151,110.518631,5735961.641950072,620095.4255355871,-110.518631,30U,-8.332,2.471,0.013,0.053928344285716405,-0.019204645678112447,-1.864125668289632
1439814428645604,51.7616441873,-1.2597874464,110.51683,5735960.811766229,620095.6917523636,-110.51683,30U,-8.397,2.465,0.024,0.052515300000639274,-0.018535699999639763,-1.8640121071677607
1439814428744117,51.7616366178,-1.2597838666,110.514153,5735959.975884672,620095.9588716014,-110.514153,30U,-8.449,2.494,0.035,0.05284226813265889,-0.017154766177421076,-1.8661180313741406
1439814428842630,51.7616290066,-1.2597802252,110.510567,5735959.135467262,620096.2303524215,-110.510567,30U,-8.493,2.533,0.03,0.05341554516421582,-0.015104768383548992,-1.8694813240570858
1439814428941066,51.761621356,-1.2597765106,110.509796,5735958.290788877,620096.5069892074,-110.509796,30U,-8.534,2.597,-0.0,0.05484849495210122,-0.014506574965268084,-1.8734262877511112
1439814429039498,51.7616136682,-1.2597727078,110.511177,5735957.442118875,620096.7898112303,-110.511177,30U,-8.578,2.648,-0.009,0.053856778435057824,-0.016044137694122922,-1.8769812752166979
1439814429145714,51.7616059415,-1.2597688336,110.513443,5735956.589240535,620097.0776636847,-110.513443,30U,-8.619,2.703,-0.02,0.05528383794615726,-0.01748920833115117,-1.8802194622625277
1439814429251929,51.7615981792,-1.259764881,110.514961,5735955.732532374,620097.3710208668,-110.514961,30U,-8.664,2.751,0.011,0.055712753958974376,-0.018950034114678365,-1.8829039168996249
1439814429350365,51.7615903696,-1.2597608927,110.512596,5735954.870622956,620097.6669672222,-110.512596,30U,-8.72,2.764,0.032,0.052885750708883045,-0.018417241990032786,-1.88616150952837
1439814429448802,51.7615825185,-1.2597568533,110.509987,5735954.00418264,620097.9665500715,-110.509987,30U,-8.757,2.82,0.022,0.05063232931384783,-0.018352548523402252,-1.8895707165704942
1439814429547275,51.7615746321,-1.2597527404,110.506737,5735953.133937797,620098.271298726,-110.506737,30U,-8.794,2.862,0.028,0.0476225873229805,-0.017853401063623472,-1.8931853426871126
1439814429645748,51.7615667155,-1.2597485557,110.505341,5735952.260452776,620098.5810823421,-110.505341,30U,-8.825,2.914,0.024,0.04572359999922559,-0.01873000000034851,-1.8969105071724175
1439814429744106,51.7615587754,-1.2597442953,110.504105,5735951.384479084,620098.8961522715,-110.504105,30U,-8.853,2.971,0.01,0.04575916422258229,-0.01843136891538189,-1.9007277854232538
1439814429842463,51.7615508084,-1.2597399569,110.502556,5735950.50564241,620099.2166762559,-110.502556,30U,-8.88,3.023,0.031,0.04648738570162637,-0.017982873353956937,-1.9045248446979308
1439814429940922,51.7615428154,-1.2597355501,110.499504,5735949.62402703,620099.5419894406,-110.499504,30U,-8.909,3.066,0.018,0.046864510423266045,-0.016025337550217837,-1.9086059758560576
1439814430039383,51.7615347973,-1.2597310693,110.498802,5735948.739742253,620099.8724758821,-110.498802,30U,-8.934,3.122,0.01,0.04716445200790015,-0.01565886336872589,-1.9124442649040283
1439814430145632,51.7615267566,-1.2597265133,110.49839,5735947.853068071,620100.2082117567,-110.49839,30U,-8.959,3.17,-0.006,0.047202557477771655,-0.0150311281898758,-1.9160581206846747
1439814430251870,51.7615186956,-1.2597218861,110.5,5735946.964253674,620100.5489149353,-110.5,30U,-8.987,3.22,-0.005,0.04814235004814249,-0.015097456110226936,-1.9195824023458377
1439814430350167,51.7615106098,-1.2597171923,110.500885,5735946.072791059,620100.8942799291,-110.500885,30U,-9.014,3.259,-0.016,0.047060744302891214,-0.014599597375387892,-1.9231399744695135
1439814430448470,51.7615024989,-1.2597124392,110.502312,5735945.178634843,620101.2438037823,-110.502312,30U,-9.037,3.31,-0.013,0.047931082951283524,-0.01506650117227038,-1.926612227307169
1439814430546939,51.7614943682,-1.25970761,110.503983,5735944.282402085,620101.5986317581,-110.503983,30U,-9.06,3.357,-0.018,0.04800845314918768,-0.01613762128655362,-1.9298477974237718
1439814430645408,51.7614862136,-1.2597027181,110.505653,5735943.383614776,620101.957850041,-110.505653,30U,-9.088,3.396,-0.009,0.04761129999945517,-0.017423199999784696,-1.9329172071690368
1439814430743934,51.7614780387,-1.2596977642,110.506035,5735942.482672104,620102.3214007734,-110.506035,30U,-9.112,3.437,0.01,0.04672938778132289,-0.01897105933521359,-1.9357919141614148
1439814430842460,51.7614698422,-1.2596927535,110.504234,5735941.579420942,620102.6889285713,-110.504234,30U,-9.132,3.481,0.026,0.046150913344258436,-0.0187154452564025,-1.9383531715044007
1439814430941021,51.7614616265,-1.2596876848,110.501183,5735940.674130157,620103.0605098766,-110.501183,30U,-9.156,3.508,0.045,0.044461017234582643,-0.017392844067554074,-1.9403046761344143
1439814431039582,51.7614533919,-1.2596825827,110.498291,5735939.766792605,620103.4344463114,-110.498291,30U,-9.171,3.534,0.018,0.0424243370027803,-0.01605712345513923,-1.9419140364360565
1439814431145551,51.7614451442,-1.2596774559,110.497963,5735938.8580389535,620103.810122123,-110.497963,30U,-9.183,3.545,-0.011,0.0406214956700009,-0.01587415360309967,-1.9434543728578666
1439814431251516,51.7614368933,-1.2596722976,110.499992,5735937.948981343,620104.1879802875,-110.499992,30U,-9.187,3.578,-0.008,0.04072412717532247,-0.01747449824068443,-1.945096479463267
1439814431350023,51.7614286378,-1.2596671071,110.502106,5735937.039465241,620104.5680728268,-110.502106,30U,-9.195,3.587,-0.024,0.04060458496718415,-0.018812088875654345,-1.946564724973057
1439814431448526,51.7614203768,-1.2596618894,110.501991,5735936.129382324,620104.9500570943,-110.501991,30U,-9.19,3.617,0.022,0.041492748523600735,-0.018694237973591682,-1.947872743061595
1439814431546930,51.761412124,-1.2596566491,110.500305,5735935.220248547,620105.3335792976,-110.500305,30U,-9.18,3.612,0.015,0.040627577262798156,-0.017338503140064132,-1.9490713946478662
1439814431645333,51.7614038844,-1.2596514081,110.499008,5735934.312583877,620105.7171149033,-110.499008,30U,-9.154,3.63,0.01,0.0427452999996412,-0.01593279999954555,-1.9504585071660203
1439814431743678,51.7613956793,-1.2596461413,110.500107,5735933.40879834,620106.1023394711,-110.500107,30U,-9.118,3.625,-0.026,0.04239268709740488,-0.01573760703777694,-1.9517680249112648
1439814431842022,51.761387504,-1.2596408881,110.503403,5735932.508304387,620106.4865465787,-110.503403,30U,-9.082,3.623,-0.035,0.041936719268325345,-0.01624507518546766,-1.953184258754134
1439814431940658,51.7613793623,-1.2596356342,110.507156,5735931.611548146,620106.8707129458,-110.507156,30U,-9.042,3.629,-0.029,0.04288987949869678,-0.016754908313636033,-1.9544181021122449
1439814432039303,51.7613712532,-1.2596303699,110.509651,5735930.71843439,620107.2555105998,-110.509651,30U,-9.01,3.634,-0.02,0.04362869704616263,-0.016149937441530423,-1.9555274885372171
1439814432145399,51.7613631661,-1.2596251102,110.511787,5735929.827759625,620107.63993256,-110.511787,30U,-8.988,3.63,-0.02,0.04422648254609077,-0.015252062492673961,-1.9569376448643783
1439814432251475,51.7613551048,-1.2596198391,110.514175,5735928.939972789,620108.0250728602,-110.514175,30U,-8.959,3.645,-0.031,0.04647210048851917,-0.01424291720498662,-1.9582739635365503
1439814432349810,51.7613470624,-1.2596145491,110.517715,5735928.054318906,620108.4114673706,-110.517715,30U,-8.946,3.647,-0.041,0.04641006758958308,-0.013886262415163326,-1.9595077739079383
1439814432448151,51.7613390354,-1.2596092631,110.522301,5735927.170371043,620108.7975451063,-110.522301,30U,-8.921,3.652,-0.052,0.047565649493916576,-0.013505906422362424,-1.9608291152814807
1439814432546707,51.7613310344,-1.2596039656,110.528351,5735926.289333512,620109.1843475527,-110.528351,30U,-8.887,3.653,-0.063,0.04855712455163927,-0.01465690487740469,-1.962185536551258
1439814432645262,51.7613230663,-1.2595986715,110.534454,5735925.4119491,620109.5708281826,-110.534454,30U,-8.849,3.654,-0.058,0.04875789999963494,-0.017396200000602442,-1.9635843071706836
1439814432743797,51.7613151331,-1.2595933749,110.540726,5735924.538449936,620109.9573888322,-110.540726,30U,-8.815,3.653,-0.061,0.04764942228731935,-0.021518793645498517,-1.9649902984266645
1439814432842332,51.7613072281,-1.2595880817,110.543335,5735923.66808122,620110.3436401379,-110.543335,30U,-8.781,3.649,-0.004,0.046154858289277435,-0.02360611737887565,-1.9662695762307698
1439814432940731,51.7612993509,-1.2595827917,110.542107,5735922.800798799,620110.7295969625,-110.542107,30U,-8.754,3.652,0.034,0.04626804632084125,-0.023952473354283382,-1.9676224874863415
1439814433039126,51.7612914961,-1.259577494,110.536217,5735921.936020111,620111.1160258199,-110.536217,30U,-8.733,3.654,0.066,0.04469514892829555,-0.021395827624966564,-1.9690313408554028
1439814433145461,51.7612836529,-1.2595721975,110.531013,5735921.072529467,620111.5023412054,-110.531013,30U,-8.732,3.662,0.051,0.0438450584152783,-0.01881220017006476,-1.9708411280313731
1439814433251791,51.7612758,-1.2595668616,110.525993,5735920.208025042,620111.8914013625,-110.525993,30U,-8.747,3.705,0.041,0.043013569989693266,-0.015154029619262797,-1.972921677122651
1439814433350102,51.7612679297,-1.2595614759,110.525108,5735919.341667672,620112.2839444099,-110.525108,30U,-8.772,3.731,-0.017,0.04076965038003608,-0.013005862931489623,-1.9749443327699756
1439814433448423,51.7612600363,-1.2595560428,110.527496,5735918.472819531,620112.6798198583,-110.527496,30U,-8.795,3.773,-0.043,0.04057864497801513,-0.013014709925182838,-1.976831098338377
1439814433546995,51.7612521245,-1.2595505523,110.532707,5735917.60201976,620113.0797053151,-110.532707,30U,-8.818,3.801,-0.057,0.04000552872269824,-0.015063506237888505,-1.9786928961340704
1439814433645568,51.7612441863,-1.259545031,110.537582,5735916.728334898,620113.4817864071,-110.537582,30U,-8.845,3.827,-0.042,0.03983660000085774,-0.01646870000057423,-1.98109240716557
1439814433743907,51.7612362302,-1.2595394594,110.539528,5735915.852742315,620113.8873862299,-110.539528,30U,-8.864,3.861,0.002,0.0394735497556778,-0.016629355425427966,-1.9837481754489084
1439814433842246,51.76122826,-1.2595338366,110.538895,5735914.9756660815,620114.2965568056,-110.538895,30U,-8.877,3.897,0.009,0.03826351715835238,-0.015481061867697809,-1.9868788145731922
1439814433940773,51.7612202803,-1.2595281576,110.538605,5735914.097625979,620114.7096309662,-110.538605,30U,-8.885,3.939,-0.005,0.03760234388133377,-0.014433929035055203,-1.9903141960563093
1439814434039307,51.7612122921,-1.2595224192,110.539902,5735913.218738486,620115.1268268859,-110.539902,30U,-8.889,3.989,-0.017,0.03771460356179647,-0.01477791253379615,-1.9943099303834375
1439814434145322,51.7612043024,-1.2595166063,110.54248,5735912.339806918,620115.5491680049,-110.54248,30U,-8.895,4.032,-0.029,0.036944457900545374,-0.015416896000137516,-1.9982649934251797
1439814434251343,51.7611963072,-1.2595107285,110.545418,5735911.460370641,620115.9760024677,-110.545418,30U,-8.901,4.082,-0.018,0.03693350899287135,-0.015526160997545757,-2.0023710144619695
1439814434349987,51.761188308,-1.2595047755,110.546364,5735910.580613427,620116.408037077,-110.546364,30U,-8.905,4.128,-0.012,0.03599513437685406,-0.014821794184789763,-2.006256534370974
1439814434448625,51.7611802999,-1.2594987615,110.547829,5735909.699966977,620116.8443049286,-110.547829,30U,-8.919,4.175,-0.012,0.03524147441852954,-0.013528661555656359,-2.0101662594310694
1439814434547087,51.7611722823,-1.2594926736,110.549637,5735908.818385825,620117.2856978193,-110.549637,30U,-8.929,4.226,-0.019,0.0343747108118199,-0.012689656820778394,-2.0138477315358663
1439814434645549,51.7611642512,-1.2594865179,110.552528,5735907.935415086,620117.7318054221,-110.552528,30U,-8.942,4.273,-0.043,0.03271720000025453,-0.012545600000709903,-2.0175806071650593
1439814434743967,51.761156209,-1.2594802892,110.557571,5735907.051330231,620118.1829802083,-110.557571,30U,-8.958,4.318,-0.053,0.03204265982419888,-0.014230503323789005,-2.0212549391976995
1439814434842385,51.7611481553,-1.2594739939,110.562691,5735906.166076234,620118.638781594,-110.562691,30U,-8.962,4.367,-0.048,0.03194958917143321,-0.01645572888287035,-2.0251317411172765
1439814434940814,51.7611401092,-1.2594676402,110.566353,5735905.281763633,620119.0985930203,-110.566353,30U,-8.946,4.396,-0.032,0.03030103870745998,-0.017685167480244107,-2.029113455231977
1439814435039243,51.7611320809,-1.2594612525,110.567741,5735904.399486544,620119.5607036243,-110.567741,30U,-8.915,4.427,-0.001,0.029110251147192616,-0.017418704312629568,-2.033336010908085
1439814435145406,51.7611240873,-1.259454818,110.567825,5735903.521145439,620120.0259518512,-110.567825,30U,-8.87,4.456,-0.009,0.030270034352250983,-0.016184476105928002,-2.037489992702602
1439814435251573,51.7611161424,-1.2594483339,110.569893,5735902.6483018175,620120.4944937648,-110.569893,30U,-8.818,4.483,-0.025,0.03060200361703177,-0.01646111280473373,-2.0416400944207522
1439814435350071,51.7611082404,-1.2594418263,110.573158,5735901.780267697,620120.9645436532,-110.573158,30U,-8.77,4.495,-0.046,0.030087568526864786,-0.016927035693415343,-2.0458879871114246
1439814435448566,51.7611003769,-1.2594352808,110.57711,5735900.916577487,620121.4371069082,-110.57711,30U,-8.731,4.536,-0.034,0.03169638170094776,-0.016901785887717704,-2.050016108903467
1439814435546991,51.7610925273,-1.2594286726,110.577942,5735900.054536361,620121.9139602232,-110.577942,30U,-8.738,4.58,-0.005,0.03212831379979196,-0.0154086300806575,-2.0541331190219196
1439814435645415,51.761084674,-1.2594220032,110.579338,5735899.192184616,620122.3950468035,-110.579338,30U,-8.738,4.631,-0.018,0.032924699999399926,-0.015207800000365588,-2.0583396071794806
1439814435743933,51.7610768219,-1.2594152537,110.582077,5735898.330098295,620122.8816578968,-110.582077,30U,-8.745,4.677,-0.026,0.03256231583643974,-0.016256307332154017,-2.0622902359679123
1439814435842451,51.7610689635,-1.2594084394,110.584435,5735897.467418151,620123.3727575896,-110.584435,30U,-8.749,4.728,-0.014,0.03222656169776696,-0.017120499721554956,-2.0662711953324306
1439814435940766,51.7610611025,-1.2594015532,110.585289,5735896.604567345,620123.8688260214,-110.585289,30U,-8.752,4.769,0.006,0.0310956216573194,-0.01812502473873983,-2.0701334981735933
1439814436039075,51.761053237,-1.2593946078,110.584877,5735895.741313665,620124.3689918346,-110.584877,30U,-8.75,4.823,0.003,0.031706444319955646,-0.017945752726258445,-2.0741640790115285
1439814436145403,51.7610453721,-1.2593875857,110.583618,5735894.878253092,620124.8744491368,-110.583618,30U,-8.754,4.871,0.021,0.03298891033096824,-0.016718288495949092,-2.078260056498778
1439814436251732,51.7610375066,-1.2593804897,110.581993,5735894.015247566,620125.3850078937,-110.581993,30U,-8.754,4.918,-0.001,0.03266059579611311,-0.0150401980446612,-2.0824065590338514
1439814436350044,51.7610296414,-1.2593733256,110.58252,5735893.152387622,620125.9002654706,-110.58252,30U,-8.75,4.969,-0.02,0.03418428034219851,-0.014519966415851715,-2.086520722904267
1439814436448361,51.7610217798,-1.2593660766,110.58532,5735892.290067915,620126.4213724469,-110.58532,30U,-8.748,5.03,-0.037,0.03630550412749057,-0.015272055806487564,-2.090457788582001
1439814436546831,51.7610139134,-1.2593587604,110.588257,5735891.427325156,620126.9471296794,-110.588257,30U,-8.759,5.065,-0.028,0.036112936521398735,-0.0164871978133103,-2.094699426274434
1439814436645301,51.7610060396,-1.2593513813,110.590683,5735890.56386313,620127.4772473368,-110.590683,30U,-8.759,5.124,-0.021,0.03741420000072668,-0.017925699999691777,-2.0990082071671634
1439814436743775,51.7609981666,-1.259343913,110.590691,5735889.700637051,620128.0135185688,-110.590691,30U,-8.763,5.179,0.011,0.03833784623697199,-0.017868141641501592,-2.1030935390011867
1439814436842250,51.7609902897,-1.2593363715,110.589073,5735888.837097892,620128.5548517252,-110.589073,30U,-8.768,5.231,0.016,0.038765135693683374,-0.015768122519281134,-2.107112412484659
1439814436940820,51.7609824093,-1.2593287544,110.586693,5735887.973294095,620129.1014113656,-110.586693,30U,-8.77,5.28,0.006,0.03993700195801562,-0.013434329001916236,-2.1111029691180287
1439814437039393,51.7609745312,-1.2593210604,110.588135,5735887.109872798,620129.6532718074,-110.588135,30U,-8.77,5.336,-0.033,0.04096770465901502,-0.012613474214710466,-2.115240893534361
1439814437145597,51.7609666511,-1.2593132965,110.592262,5735886.246344288,620130.2099614122,-110.592262,30U,-8.768,5.384,-0.043,0.04216658577877212,-0.012638093171149969,-2.119631286389433
1439814437251791,51.760958776,-1.2593054534,110.597282,5735885.383502324,620130.7721033758,-110.597282,30U,-8.761,5.437,-0.048,0.04150788709763483,-0.013661265102803584,-2.123958134598966
1439814437350204,51.7609509095,-1.259297548,110.603706,5735884.5217194185,620131.3385219068,-110.603706,30U,-8.749,5.478,-0.053,0.04202308265568218,-0.016159528882726797,-2.128318715851604
1439814437448616,51.7609430573,-1.2592895707,110.607567,5735883.661645258,620131.9098643546,-110.607567,30U,-8.731,5.528,-0.023,0.04231975195915363,-0.0176579302070407,-2.1326335931270504
1439814437546966,51.7609352115,-1.2592815404,110.608521,5735882.802370185,620132.4848474379,-110.608521,30U,-8.727,5.562,0.012,0.03983671512452053,-0.018084705156396555,-2.137081073956626
1439814437645317,51.7609273786,-1.2592734477,110.607712,5735881.944632525,620133.064102581,-110.607712,30U,-8.704,5.614,0.01,0.03897710000070929,-0.01826449999970867,-2.1411483071800914
1439814437743958,51.7609195624,-1.2592652779,110.606171,5735881.088879075,620133.6486341181,-110.606171,30U,-8.691,5.652,0.015,0.03736288103578741,-0.017807454740484632,-2.144784235476563
1439814437842600,51.7609117541,-1.2592570612,110.605309,5735880.234081478,620134.236381365,-110.605309,30U,-8.684,5.684,0.01,0.03579880534362341,-0.017459311891752722,-2.14822962658002
1439814437940951,51.7609039564,-1.2592487911,110.604782,5735879.380550698,620134.8277857067,-110.604782,30U,-8.668,5.728,0.001,0.03595378937343266,-0.017192534833653527,-2.1514119387773496
1439814438039293,51.7608961711,-1.2592404674,110.605362,5735878.528487237,620135.4228561701,-110.605362,30U,-8.661,5.759,-0.002,0.03483730978202761,-0.017795260947051025,-2.154603833739844
1439814438145597,51.7608883902,-1.2592321057,110.605415,5735877.6769757485,620136.0205374624,-110.605415,30U,-8.651,5.79,0.004,0.034338199595500336,-0.01799512536284775,-2.15786249656958
1439814438251896,51.7608806252,-1.259223679,110.60537,5735876.827339583,620136.6226622828,-110.60537,30U,-8.635,5.835,0.007,0.03530547653929942,-0.017902210264296996,-2.1609372858210247
1439814438350149,51.760872869,-1.2592152069,110.604652,5735875.97875689,620137.2278969157,-110.604652,30U,-8.63,5.853,0.007,0.033212411800165924,-0.01834367735515357,-2.1640696639390153
1439814438448408,51.7608651229,-1.2592067026,110.604866,5735875.131350493,620137.8353270033,-110.604866,30U,-8.611,5.888,-0.01,0.033567516112785564,-0.01866755793340389,-2.1672110008844165
1439814438546879,51.7608573984,-1.2591981484,110.604279,5735874.286428424,620138.446143465,-110.604279,30U,-8.59,5.911,0.017,0.03259851429848399,-0.018474896404163686,-2.170071189844104
1439814438645349,51.7608496872,-1.2591895765,110.604317,5735873.443014629,620139.0581462671,-110.604317,30U,-8.569,5.928,-0.001,0.03311000000038125,-0.01848870000028754,-2.1732379071755017
1439814438743981,51.7608420011,-1.2591809542,110.603981,5735872.602475213,620139.6735606578,-110.603981,30U,-8.538,5.963,0.001,0.0360959233625189,-0.017808117693329024,-2.17647929059987
1439814438842613,51.7608343359,-1.2591722946,110.604156,5735871.764321524,620140.2914937774,-110.604156,30U,-8.52,5.983,0.003,0.03683206551222767,-0.017462523564611764,-2.180068383631636
1439814438941130,51.7608266932,-1.2591636002,110.604942,5735870.928727381,620140.9117688588,-110.604942,30U,-8.484,6.024,-0.02,0.03974542120995208,-0.01829993695889231,-2.1836156049929163
1439814439039643,51.7608190813,-1.2591548484,110.6064,5735870.096653022,620141.5359234568,-110.6064,30U,-8.456,6.054,-0.012,0.04170697191848792,-0.01854786768294776,-2.1867656586711073
1439814439145686,51.7608114882,-1.2591460631,110.606148,5735869.266724605,620142.1623401298,-110.606148,30U,-8.438,6.078,0.015,0.04267348093312408,-0.017854188294382588,-2.189988561938491
1439814439251721,51.7608039137,-1.2591372389,110.605812,5735868.438928785,620142.7913920532,-110.605812,30U,-8.42,6.093,0.0,0.041089625904512775,-0.017506943792796614,-2.193094681612792
1439814439350127,51.7607963588,-1.2591283835,110.606567,5735867.613364082,620143.4225452078,-110.606567,30U,-8.394,6.125,-0.006,0.04128417946490992,-0.018205484293338396,-2.19602127214747
1439814439448535,51.7607888243,-1.2591194934,110.607239,5735866.790125228,620144.0560389998,-110.607239,30U,-8.377,6.139,-0.005,0.039308671211738234,-0.017799344099457506,-2.1988213594028214
1439814439547027,51.7607813027,-1.259110584,110.606987,5735865.968352811,620144.6908306108,-110.606987,30U,-8.359,6.157,0.016,0.03819447673105359,-0.016635060803778308,-2.2016155223649196
1439814439645518,51.7607738037,-1.2591016417,110.608337,5735865.149147932,620145.3278328041,-110.608337,30U,-8.332,6.184,-0.025,0.03653160000069607,-0.016388999999303506,-2.2042168071762376
1439814439744084,51.7607663224,-1.2590926662,110.611313,5735864.3319661785,620145.9670792912,-110.611313,30U,-8.315,6.201,-0.023,0.03617219403790088,-0.016824869501599008,-2.206795815442741
1439814439842650,51.7607588622,-1.2590836587,110.612991,5735863.517183673,620146.6084782358,-110.612991,30U,-8.289,6.225,-0.013,0.03495087321122425,-0.015700073337768388,-2.2087894900200093
1439814439941039,51.7607514167,-1.2590746361,110.614159,5735862.704060859,620147.2508803847,-110.614159,30U,-8.277,6.233,-0.009,0.035097105207214235,-0.01357210027873773,-2.2106499199139016
1439814440039423,51.7607439902,-1.2590655897,110.616463,5735861.89309025,620147.8948746978,-110.616463,30U,-8.253,6.252,-0.045,0.037284067277804256,-0.012793243820561595,-2.212467265814156
1439814440145417,51.7607365797,-1.2590565282,110.62188,5735861.0839239005,620148.5398687643,-110.62188,30U,-8.241,6.256,-0.068,0.03705644863275166,-0.01425038393820215,-2.2146152471846148
1439814440251420,51.7607291832,-1.2590474467,110.628876,5735860.27634747,620149.1862060364,-110.628876,30U,-8.221,6.273,-0.058,0.03676910625535647,-0.017040800390490662,-2.2166920735060516
1439814440349951,51.7607218041,-1.2590383396,110.632469,5735859.470748285,620149.8342639352,-110.632469,30U,-8.203,6.291,-0.018,0.036068181701378974,-0.01755319778083067,-2.2183810966561404
1439814440448481,51.7607144393,-1.2590292145,110.633415,5735858.6667690845,620150.483526224,-110.633415,30U,-8.184,6.308,0.004,0.0375191563980583,-0.01721497641854734,-2.2199185989599517
1439814440546987,51.7607070853,-1.2590200764,110.632881,5735857.864012412,620151.1336571549,-110.632881,30U,-8.18,6.305,-0.001,0.03616327775987235,-0.016831123691751323,-2.2211702579060284
1439814440645492,51.7606997358,-1.2590109439,110.635605,5735857.061747025,620151.7833898929,-110.635605,30U,-8.17,6.31,-0.032,0.04003589999986364,-0.019672699999528507,-2.2224028071723123
1439814440743992,51.7606924058,-1.2590017636,110.637268,5735856.261728991,620152.4363696727,-110.637268,30U,-8.142,6.342,-0.006,0.043328388270433844,-0.02184905493630929,-2.2232220898210326
1439814440842491,51.7606850794,-1.2589925944,110.636482,5735855.462093097,620153.088574102,-110.636482,30U,-8.162,6.316,0.025,0.042180808955538815,-0.021291741036902283,-2.2245130158129394
1439814440940918,51.76067776,-1.2589834135,110.630005,5735854.663255004,620153.7415675496,-110.630005,30U,-8.132,6.35,0.056,0.04458039327166821,-0.018374398279364018,-2.225201228004747
1439814441039344,51.7606704597,-1.2589742145,110.628822,5735853.8665708555,620154.3957595467,-110.628822,30U,-8.122,6.35,0.004,0.04893470397518234,-0.01899498267148109,-2.2262162249642823
1439814441145521,51.7606631678,-1.2589650074,110.629639,5735853.070834269,620155.0504884137,-110.629639,30U,-8.118,6.355,0.004,0.049778525515108515,-0.019898392843048462,-2.2271597665385383
1439814441251691,51.7606558725,-1.2589557975,110.627892,5735852.274724274,620155.7054197338,-110.627892,30U,-8.113,6.356,0.025,0.049104606548857545,-0.01880906236477564,-2.2280568619692454
1439814441349987,51.760648591,-1.2589465694,110.625603,5735851.480178997,620156.361570575,-110.625603,30U,-8.094,6.37,0.018,0.050489933178053274,-0.0167462368005818,-2.2284231571515147
1439814441448294,51.7606413151,-1.2589373412,110.62439,5735850.686256723,620157.0177136508,-110.62439,30U,-8.095,6.363,-0.003,0.05102770860866705,-0.013840134596980897,-2.229353752327165
1439814441546928,51.7606340414,-1.2589281244,110.626312,5735849.892560404,620157.6730643896,-110.626312,30U,-8.09,6.358,-0.039,0.04988289493552341,-0.013042846118000181,-2.230521178646668
1439814441645562,51.7606267788,-1.2589189003,110.632248,5735849.100110585,620158.3288896232,-110.632248,30U,-8.07,6.379,-0.081,0.049783500000182675,-0.016040699999380414,-2.2314975071734007
1439814441743854,51.7606195309,-1.2589096404,110.640068,5735848.309354567,620158.9871465398,-110.640068,30U,-8.058,6.387,-0.071,0.05169256529835223,-0.022786378787322394,-2.2323071350795782
1439814441842146,51.7606122849,-1.2589003767,110.643959,5735847.518816184,620159.6456608472,-110.643959,30U,-8.059,6.39,0.009,0.05490543932265918,-0.028234230460738047,-2.2334847085339127
1439814441940741,51.760605045,-1.2588911039,110.637009,5735846.728971237,620160.3047871406,-110.637009,30U,-8.058,6.4,0.127,0.05282837003742801,-0.02646033867387802,-2.2343385720019686
1439814442039346,51.7605978005,-1.258881835,110.624397,5735845.938608401,620160.9636567152,-110.624397,30U,-8.057,6.399,0.129,0.053398516677854495,-0.022023054972345517,-2.2353191023216086
1439814442145510,51.7605905753,-1.2588725387,110.614098,5735845.150437076,620161.624366088,-110.614098,30U,-8.037,6.423,0.053,0.05340913182970631,-0.01872669574649929,-2.235805503051939
1439814442251663,51.7605833446,-1.2588632463,110.612816,5735844.361647773,620162.2848211323,-110.612816,30U,-8.041,6.412,0.005,0.05404889872897034,-0.01884677057676544,-2.237078380541691
1439814442350110,51.7605761308,-1.25885393,110.612373,5735843.574777319,620162.9468808158,-110.612373,30U,-8.019,6.434,0.007,0.05447469371260311,-0.01781567522904422,-2.2376198094787543
1439814442448560,51.7605689225,-1.2588446188,110.613411,5735842.788510184,620163.6085741539,-110.613411,30U,-8.033,6.408,-0.003,0.044616936656151206,-0.015052158162942574,-2.237984325995983
1439814442547081,51.7605617119,-1.2588353252,110.615067,5735842.001958359,620164.2690592473,-110.615067,30U,-8.017,6.423,-0.053,0.040838252583084954,-0.012943119472363124,-2.2378598695689895
1439814442645601,51.7605545175,-1.2588260168,110.621498,5735841.217232547,620164.930522858,-110.621498,30U,-8.01,6.413,-0.094,0.03705879999966114,-0.015835000000180493,-2.2376436071652788
1439814442744096,51.7605473136,-1.2588167384,110.630737,5735840.4314009305,620165.5899416315,-110.630737,30U,-8.015,6.396,-0.081,0.034020120528335564,-0.020404897752251655,-2.238279848862482
1439814442842591,51.7605401125,-1.2588074564,110.632874,5735839.645886706,620166.2496016029,-110.632874,30U,-8.003,6.413,0.018,0.03308824650630905,-0.02136942607998619,-2.238638983674415
1439814442941015,51.7605329257,-1.2587981602,110.629211,5735838.861986214,620166.9102037313,-110.629211,30U,-7.99,6.419,0.037,0.035946088420522174,-0.020079681119222943,-2.2387103018768153
1439814443039437,51.7605257477,-1.2587888586,110.624969,5735838.079073321,620167.5711553427,-110.624969,30U,-7.987,6.415,0.034,0.03678997643480358,-0.01746025627195768,-2.238626627144737
1439814443145514,51.7605185669,-1.2587795621,110.622421,5735837.29584073,620168.2317626453,-110.622421,30U,-7.985,6.423,0.037,0.04135208422391773,-0.015533223329246951,-2.238672561679922
1439814443251597,51.7605114005,-1.2587702377,110.624329,5735836.514255567,620168.8942572603,-110.624329,30U,-7.977,6.428,-0.046,0.042960117399886005,-0.015588008601856489,-2.238685483085413
1439814443350116,51.7605042211,-1.2587609309,110.629639,5735835.731195806,620169.5555720392,-110.629639,30U,-7.995,6.422,-0.05,0.044780688799498126,-0.016357310752461416,-2.23921125474357
1439814443448634,51.7604970436,-1.2587516038,110.633217,5735834.948380871,620170.2182828535,-110.633217,30U,-7.981,6.447,-0.043,0.047490921708791975,-0.017401616238982252,-2.239215928194255
1439814443547093,51.7604898624,-1.2587422683,110.636887,5735834.1651684,620170.8815833686,-110.636887,30U,-7.996,6.442,-0.043,0.047185123657890175,-0.0206639293375818,-2.2393163140001358
1439814443645552,51.7604826711,-1.2587329333,110.638611,5735833.380832002,620171.5448764005,-110.638611,30U,-8.005,6.449,0.002,0.04602309999985097,-0.02498520000016992,-2.239280807178913
1439814443744066,51.7604754694,-1.2587235788,110.636047,5735832.595371279,620172.2095429236,-110.636047,30U,-8.021,6.453,0.062,0.04430129413494473,-0.027439645063927015,-2.239192927267988
1439814443842580,51.7604682519,-1.2587142232,110.625641,5735831.808155392,620172.874327513,-110.625641,30U,-8.04,6.453,0.12,0.042472496420863974,-0.024808759817561147,-2.2392198722020322
1439814443941056,51.7604610207,-1.2587048619,110.613419,5735831.019425457,620173.5395420352,-110.613419,30U,-8.048,6.468,0.124,0.041522615672883685,-0.01999583918809252,-2.239497489683375
1439814444039531,51.7604537879,-1.2586954843,110.60479,5735830.230544537,620174.2058858551,-110.60479,30U,-8.049,6.478,0.038,0.04096369691879486,-0.016316914078925077,-2.239642923152835
1439814444145622,51.760446551,-1.2586860935,110.60424,5735829.441229508,620174.8731516849,-110.60424,30U,-8.051,6.49,-0.022,0.040646058102207255,-0.017225281406192464,-2.2397311227382657
1439814444251701,51.7604393145,-1.2586766752,110.607086,5735828.652004361,620175.542314404,-110.607086,30U,-8.055,6.5,-0.032,0.04108431534756451,-0.017963515249233945,-2.239835536257915
1439814444349968,51.7604320678,-1.25866725,110.609123,5735827.861656368,620176.211980575,-110.609123,30U,-8.065,6.511,0.003,0.04511380575614311,-0.017877780325270154,-2.2403699774726125
1439814444448246,51.7604248244,-1.2586578004,110.608528,5735827.071715647,620176.8833220075,-110.608528,30U,-8.064,6.521,-0.008,0.04458780248232224,-0.018251852464302776,-2.2406711355709334
1439814444546882,51.7604175705,-1.2586483629,110.61187,5735826.280587411,620177.5538565203,-110.61187,30U,-8.071,6.524,-0.021,0.04289244716426045,-0.0221644284760981,-2.241303255463669
1439814444645519,51.7604103255,-1.2586388952,110.609955,5735825.490498761,620178.2264516776,-110.609955,30U,-8.058,6.54,0.021,0.042737599999680485,-0.023427199999844973,-2.241216007169947
1439814444744046,51.7604030731,-1.2586294257,110.605331,5735824.699590237,620178.8991909078,-110.605331,30U,-8.073,6.525,0.069,0.0425473446721042,-0.022644515835651684,-2.2417836116301078
1439814444842573,51.7603958178,-1.2586199597,110.597794,5735823.908353537,620179.5716965137,-110.597794,30U,-8.07,6.534,0.071,0.04240173620895212,-0.019308979710231426,-2.2426406744263083
1439814444941042,51.7603885697,-1.2586104836,110.592705,5735823.117934254,620180.2448801991,-110.592705,30U,-8.058,6.545,0.035,0.04366287834217856,-0.0163279200623563,-2.2434089373659885
1439814445039508,51.7603813333,-1.2586009925,110.591568,5735822.32884089,620180.9190681576,-110.591568,30U,-8.049,6.551,-0.024,0.04276008532252535,-0.015529936757328389,-2.2440828110496724
1439814445145325,51.7603740999,-1.2585915046,110.595139,5735821.540075958,620181.5930275272,-110.595139,30U,-8.043,6.55,-0.05,0.04117923870747373,-0.018150661326853005,-2.2450342160128867
1439814445251152,51.7603668743,-1.2585819973,110.600067,5735820.752210495,620182.2683051656,-110.600067,30U,-8.034,6.558,-0.025,0.040539992864040586,-0.021440182698265108,-2.246072354921293
1439814445349788,51.7603596566,-1.2585724788,110.600143,5735819.965242106,620182.9443349353,-110.600143,30U,-8.027,6.57,0.028,0.03938791975043667,-0.022111661994418424,-2.2473751081194226
1439814445448423,51.7603524404,-1.2585629598,110.595886,5735819.178441437,620183.6203954318,-110.595886,30U,-8.025,6.568,0.047,0.03791961523455534,-0.02111624314708469,-2.249084088865162
1439814445547010,51.7603452415,-1.2585534297,110.591156,5735818.393583018,620184.2971761962,-110.591156,30U,-7.995,6.581,0.039,0.03717366388415541,-0.020160318172061105,-2.250780987604062
1439814445645596,51.7603380662,-1.258543892,110.587967,5735817.611361683,620184.9744189639,-110.587967,30U,-7.964,6.584,0.031,0.03779669999961395,-0.01839609999998929,-2.2526836071674294
1439814445744141,51.7603309286,-1.2585343388,110.585991,5735816.833358457,620185.6526314627,-110.585991,30U,-7.921,6.587,0.01,0.04048805884681824,-0.01590215904283077,-2.254638454644012
1439814445842686,51.7603238262,-1.2585247901,110.587013,5735816.059262368,620186.330440149,-110.587013,30U,-7.88,6.586,-0.029,0.04221258149821945,-0.014366308094509042,-2.2569441750849015
1439814445941107,51.7603167623,-1.2585152467,110.591988,5735815.289439076,620187.0077810491,-110.591988,30U,-7.839,6.581,-0.062,0.04222556812142841,-0.015940998472521953,-2.259274637295814
1439814446039525,51.7603097382,-1.2585057107,110.598938,5735814.524029689,620187.68450579,-110.598938,30U,-7.792,6.582,-0.061,0.04210418627691729,-0.018456555932859685,-2.261625500974512
1439814446145737,51.7603027508,-1.2584961814,110.603073,5735813.762690621,620188.3606709087,-110.603073,30U,-7.759,6.572,-0.029,0.04160574430365679,-0.019283261589062246,-2.263959896668866
1439814446251943,51.7602957936,-1.2584866533,110.603691,5735813.004708095,620189.0366732155,-110.603691,30U,-7.718,6.57,-0.001,0.04021257038092878,-0.01964486344134649,-2.2664720791755575
1439814446350273,51.7602888716,-1.2584771348,110.6045,5735812.250624301,620189.711919753,-110.6045,30U,-7.684,6.563,-0.007,0.03868080670224523,-0.02120804455627573,-2.269019976040573
1439814446448608,51.7602819855,-1.2584676197,110.604294,5735811.500527299,620190.3868365197,-110.604294,30U,-7.637,6.565,0.008,0.0380316074869434,-0.02242514978972626,-2.271703273297483
1439814446547056,51.7602751403,-1.2584581029,110.602638,5735810.754981524,620191.0617621789,-110.602638,30U,-7.598,6.565,0.031,0.0386003997204544,-0.02213018019958147,-2.274440093309928
1439814446645503,51.7602683358,-1.2584485826,110.599152,5735810.013967702,620191.7368214796,-110.599152,30U,-7.546,6.576,0.04,0.04029270000023087,-0.02099849999990472,-2.2772263071699475
1439814446743960,51.760261569,-1.2584390506,110.595619,5735809.277165729,620192.4125882625,-110.595619,30U,-7.508,6.57,0.022,0.04118940772175282,-0.019164003421042387,-2.280283027062554
1439814446842418,51.760254842,-1.2584295176,110.594902,5735808.544791504,620193.0883185486,-110.594902,30U,-7.462,6.582,0.0,0.04120023114548962,-0.01826134694547788,-2.2835339914194916
1439814446940951,51.7602481499,-1.2584199691,110.594711,5735807.816324011,620193.7650259854,-110.594711,30U,-7.431,6.591,-0.013,0.0402331598835069,-0.017662984233750186,-2.2868098975262776
1439814447039487,51.7602414859,-1.2584104043,110.597603,5735807.09100837,620194.4427838386,-110.597603,30U,-7.4,6.616,-0.032,0.0414568161457276,-0.020555346276964228,-2.290372799955302
1439814447145676,51.7602348465,-1.258400797,110.599457,5735806.368498533,620195.1234094449,-110.599457,30U,-7.376,6.644,-0.011,0.04254739407539401,-0.023480047948258153,-2.2936780336323612
1439814447251858,51.7602282222,-1.2583911475,110.598358,5735805.647737553,620195.8069073326,-110.598358,30U,-7.365,6.666,0.031,0.040611856403292367,-0.024855917008247123,-2.2968364314679066
1439814447350298,51.7602216126,-1.2583814621,110.591866,5735804.92867056,620196.4928438058,-110.591866,30U,-7.339,6.698,0.082,0.04250448895182485,-0.025434141273307266,-2.299725832247631
1439814447448740,51.760215028,-1.2583717361,110.58474,5735804.212450731,620197.181515852,-110.58474,30U,-7.324,6.718,0.062,0.04200617554126237,-0.0248956319125444,-2.302406087727268
1439814447547268,51.7602084475,-1.258361998,110.577248,5735803.49670688,620197.8710122171,-110.577248,30U,-7.317,6.729,0.09,0.041630669605522586,-0.02382477456979735,-2.305523886673684
1439814447645795,51.7602018874,-1.2583522231,110.569984,5735802.783292382,620198.5629941373,-110.569984,30U,-7.283,6.765,0.052,0.04248679999971331,-0.023208099999693418,-2.3085206071731545
1439814447744090,51.7601953452,-1.2583424004,110.564819,5735802.071947348,620199.2582273566,-110.564819,30U,-7.269,6.785,0.053,0.042620184164567115,-0.022978924143956928,-2.311582379375066
1439814447842385,51.7601888184,-1.2583325468,110.560425,5735801.362365914,620199.955552258,-110.560425,30U,-7.252,6.809,0.051,0.04293016347981397,-0.022949357241919873,-2.3146188566772077
1439814447940901,51.7601823086,-1.2583226611,110.554985,5735800.654727985,620200.6550474026,-110.554985,30U,-7.232,6.835,0.049,0.04321088474823353,-0.020959120298307595,-2.317583433936537
1439814448039424,51.7601758185,-1.2583127385,110.550224,5735799.949341733,620201.3570368643,-110.550224,30U,-7.209,6.862,0.04,0.04321833578744842,-0.020140196405505215,-2.320476129095037
1439814448145675,51.7601693436,-1.2583027879,110.547279,5735799.245692061,620202.0609184122,-110.547279,30U,-7.192,6.88,0.012,0.04376200453172107,-0.020891049493910744,-2.323604353207235
1439814448251918,51.760162885,-1.2582927929,110.546448,5735798.543928326,620202.7678208782,-110.546448,30U,-7.175,6.905,0.02,0.0429028991208459,-0.02235926891451907,-2.327056826577544
1439814448350335,51.7601564423,-1.2582827633,110.543724,5735797.843989896,620203.4770690345,-110.543724,30U,-7.157,6.932,0.035,0.04094856942934685,-0.02308652456849766,-2.3307783788945224
1439814448448751,51.7601500219,-1.2582726947,110.539459,5735797.1465957435,620204.1889495233,-110.539459,30U,-7.131,6.959,0.044,0.039645410002343125,-0.024315699923096328,-2.334481127226126
1439814448547140,51.7601436282,-1.2582625955,110.534737,5735796.452221331,620204.9028709796,-110.534737,30U,-7.097,6.981,0.051,0.0389086204087857,-0.025147205283611092,-2.3385477400723094
1439814448645530,51.760137266,-1.2582524711,110.527664,5735795.761391554,620205.618448003,-110.527664,30U,-7.056,6.994,0.072,0.03724460000082125,-0.02366280000066036,-2.3428020071766493
1439814448744046,51.7601309443,-1.2582423182,110.520935,5735795.075112704,620206.3358844196,-110.520935,30U,-7.006,7.01,0.063,0.03598524408642052,-0.021963167252357058,-2.3467601530632627
1439814448842562,51.7601246704,-1.2582321459,110.515823,5735794.394181591,620207.054532854,-110.515823,30U,-6.956,7.02,0.028,0.035684756119482776,-0.022001932756882444,-2.350239689945285
1439814448941072,51.7601184387,-1.2582219679,110.513718,5735793.717952878,620207.7734627489,-110.513718,30U,-6.912,7.024,0.017,0.03626198852963697,-0.022459044741789114,-2.3535565858425924
1439814449039580,51.7601122474,-1.2582117888,110.511154,5735793.046218818,620208.4923614387,-110.511154,30U,-6.868,7.024,0.038,0.035292830080761665,-0.02107409910575179,-2.3564914601462332
1439814449145687,51.7601060902,-1.2582016181,110.507217,5735792.378263146,620209.2105900666,-110.507217,30U,-6.827,7.023,0.024,0.03514063211480138,-0.017996220282936678,-2.3593091836220634
1439814449251787,51.7600999752,-1.2581914366,110.505226,5735791.715018281,620209.9294520969,-110.505226,30U,-6.778,7.022,0.006,0.03687335796727595,-0.016124395013930398,-2.3620419996048576
1439814449350196,51.7600938973,-1.2581812627,110.507301,5735791.0558867445,620210.6476913008,-110.507301,30U,-6.744,7.016,-0.04,0.03768459474937413,-0.01615322981841408,-2.3648927350933713
1439814449448604,51.7600878533,-1.2581710899,110.510696,5735790.400523388,620211.3657647377,-110.510696,30U,-6.705,7.021,-0.039,0.037226723893563365,-0.01663073822535971,-2.367199513500493
1439814449546970,51.7600818407,-1.2581609137,110.51445,5735789.748657617,620212.083989589,-110.51445,30U,-6.677,7.024,-0.031,0.037324173169015235,-0.017322495906934673,-2.3685137430587595
1439814449645335,51.7600758498,-1.2581507352,110.516304,5735789.099208911,620212.8023157072,-110.516304,30U,-6.663,7.03,-0.013,0.0385884000006523,-0.017350700000041235,-2.369288007173447
1439814449743926,51.7600698548,-1.2581405455,110.516357,5735788.449322822,620213.5214258062,-110.516357,30U,-6.673,7.03,0.008,0.037641803616749084,-0.014787899805194899,-2.370249273787987
1439814449842516,51.7600638563,-1.2581303469,110.516396,5735787.79906228,620214.241159571,-110.516396,30U,-6.672,7.048,-0.009,0.03743805536863711,-0.01193857983630043,-2.3711754325286654
1439814449940944,51.7600578576,-1.2581201189,110.517578,5735787.148828062,620214.9629229316,-110.517578,30U,-6.675,7.068,-0.045,0.037836205097881846,-0.009646784436780334,-2.3716654061050537
1439814450039367,51.760051857,-1.2581098608,110.52581,5735786.498432266,620215.6867687124,-110.52581,30U,-6.676,7.093,-0.079,0.04059314353457653,-0.01427587018888954,-2.3719200822107633
1439814450145333,51.7600458424,-1.2580995824,110.534058,5735785.846513144,620216.4120527597,-110.534058,30U,-6.717,7.093,-0.087,0.03353966934617276,-0.018234071437346552,-2.372580622434173
1439814450251308,51.7600397922,-1.2580892872,110.538635,5735785.190662873,620217.1385909171,-110.538635,30U,-6.732,7.121,0.026,0.029128908210750953,-0.020528570693962522,-2.3739085922540557
1439814450349862,51.7600337448,-1.2580789374,110.534866,5735784.535214083,620217.8688897479,-110.534866,30U,-6.73,7.156,0.019,0.024732784319243577,-0.018434253976051362,-2.3751520954859773
1439814450448416,51.7600276841,-1.2580685604,110.531288,5735783.878331191,620218.6011011573,-110.531288,30U,-6.745,7.175,0.031,0.02117285564677604,-0.0163864441757988,-2.3773633444484084
1439814450546980,51.7600216206,-1.2580581363,110.52877,5735783.221214662,620219.3365705452,-110.52877,30U,-6.745,7.213,0.015,0.01915767902676624,-0.015018855680347599,-2.3798117389932107
1439814450645543,51.7600155644,-1.2580476572,110.529518,5735782.565000708,620220.0758162605,-110.529518,30U,-6.733,7.256,-0.024,0.01885779999996852,-0.01483000000036633,-2.382196307178879
1439814450744068,51.760009511,-1.2580371098,110.531578,5735781.9092108235,620220.819768087,-110.531578,30U,-6.732,7.291,-0.028,0.019068000367296622,-0.01444817576853081,-2.384608673083919
1439814450842593,51.76000346,-1.2580265179,110.533623,5735781.253761297,620221.5667846579,-110.533623,30U,-6.73,7.322,-0.016,0.019394045256793842,-0.014272667665046434,-2.3880477958548205
1439814450941030,51.7599974162,-1.2580158856,110.535736,5735780.59917916,620222.3165702858,-110.535736,30U,-6.715,7.352,-0.028,0.01790294200754853,-0.013389263885044748,-2.3928127229283342
1439814451039463,51.7599913972,-1.2580051975,110.538307,5735779.947447032,620223.0701409663,-110.538307,30U,-6.674,7.404,-0.02,0.018562783263244644,-0.012588411031833755,-2.397698991225567
1439814451145563,51.7599854148,-1.2579944424,110.542145,5735779.299895612,620223.8282382631,-110.542145,30U,-6.64,7.443,-0.053,0.019145945069994667,-0.012863195501716135,-2.4022595099622106
1439814451251660,51.7599794564,-1.2579836274,110.547523,5735778.655111997,620224.5904056778,-110.547523,30U,-6.614,7.477,-0.052,0.020878663585105053,-0.014423128003892711,-2.407005182161991
1439814451350053,51.7599735246,-1.2579727603,110.55233,5735778.013372468,620225.35609803,-110.55233,30U,-6.582,7.516,-0.043,0.022285182841581867,-0.015433065074157858,-2.4119832332405156
1439814451448450,51.7599676206,-1.2579618405,110.555466,5735777.374811464,620226.1253535366,-110.555466,30U,-6.555,7.552,-0.02,0.022883270451022206,-0.0162162997972277,-2.4169451631316186
1439814451546942,51.7599617447,-1.2579508664,110.556496,5735776.739464984,620226.8982818166,-110.556496,30U,-6.517,7.597,-0.011,0.02356415230360425,-0.01613733263003929,-2.421768455760649
1439814451645433,51.7599558998,-1.2579398357,110.557213,5735776.107659322,620227.675033888,-110.557213,30U,-6.492,7.632,-0.001,0.02279420000039966,-0.01593580000061824,-2.426305007164765
1439814451743917,51.7599500773,-1.257928744,110.557762,5735775.478445358,620228.4559362398,-110.557762,30U,-6.46,7.67,-0.009,0.02269858891793329,-0.015776630807398388,-2.430797611946261
1439814451842402,51.7599442841,-1.2579175978,110.558586,5735774.852579702,620229.2405219798,-110.558586,30U,-6.431,7.708,-0.009,0.02285961284636931,-0.015323419471054305,-2.43508741575186
1439814451940882,51.7599385146,-1.2579064068,110.55986,5735774.229423609,620230.02813659,-110.55986,30U,-6.404,7.738,-0.012,0.023935301721252796,-0.01491691398499696,-2.439280134902232
1439814452039362,51.7599327707,-1.25789517,110.561684,5735773.609190023,620230.818844032,-110.561684,30U,-6.377,7.772,-0.028,0.024857050945171485,-0.015380281608679226,-2.4434889751178526
1439814452145600,51.759927051,-1.2578838902,110.564568,5735772.991718637,620231.6124547994,-110.564568,30U,-6.348,7.8,-0.03,0.02527339063899751,-0.017130996766976297,-2.4475951140690873
1439814452251830,51.7599213619,-1.2578725637,110.567368,5735772.377727276,620232.4092072231,-110.567368,30U,-6.31,7.822,-0.02,0.026700348430562803,-0.018936349384203223,-2.451467422795585
1439814452350190,51.7599157083,-1.2578612152,110.56852,5735771.767720129,620233.2073837473,-110.56852,30U,-6.272,7.834,0.004,0.027629617723213633,-0.020314106440147906,-2.4552522107999177
1439814452448553,51.7599100938,-1.2578498587,110.567741,5735771.162074463,620234.0060086683,-110.567741,30U,-6.225,7.836,0.02,0.027983310828922633,-0.021224326005065287,-2.4588103752185284
1439814452546995,51.7599045203,-1.2578385088,110.565895,5735770.5609775,620234.8040693956,-110.565895,30U,-6.179,7.833,0.019,0.02826301914315092,-0.02143802475572465,-2.462141947624423
1439814452645437,51.7598989879,-1.2578271625,110.563416,5735769.964445304,620235.6017726881,-110.563416,30U,-6.136,7.828,0.028,0.027462399999998742,-0.021676799999141596,-2.4651589071713387
1439814452744069,51.7598934919,-1.2578158158,110.56134,5735769.371961802,620236.3994070719,-110.56134,30U,-6.094,7.822,0.02,0.02602165670962861,-0.022585100110288834,-2.4678729169870968
1439814452842701,51.75988803,-1.2578044833,110.558479,5735768.783247147,620237.1959711106,-110.558479,30U,-6.055,7.811,0.033,0.02486336797764885,-0.02153651848507013,-2.4700000692841027
1439814452941091,51.7598826023,-1.2577931653,110.554443,5735768.198311966,620237.9914438346,-110.554443,30U,-6.02,7.802,0.04,0.02508628582794328,-0.019227070476429513,-2.471226883154118
1439814453039473,51.7598772045,-1.2577818708,110.55188,5735767.616663234,620238.7852155762,-110.55188,30U,-5.998,7.782,0.015,0.026314210346954945,-0.017813199249116802,-2.4715215586283583
1439814453145469,51.7598718263,-1.2577706131,110.552269,5735767.037133598,620239.5763958691,-110.552269,30U,-5.973,7.763,-0.014,0.028588503410203116,-0.017051800937221265,-2.471070285668645
1439814453251476,51.7598664581,-1.2577593749,110.55378,5735766.458683997,620240.3662040848,-110.55378,30U,-5.975,7.742,-0.019,0.031009325386598955,-0.016112198218530476,-2.4699558604955754
1439814453350044,51.7598610961,-1.2577481662,110.556366,5735765.880875362,620241.1539602204,-110.556366,30U,-5.958,7.725,-0.017,0.03747693961838349,-0.017678148211051545,-2.4684523365932547
1439814453448606,51.7598557361,-1.2577369845,110.557678,5735765.303244745,620241.9398479572,-110.557678,30U,-5.979,7.699,-0.028,0.03473026612973557,-0.01594992808137531,-2.4654535854032
1439814453547009,51.7598503493,-1.2577258541,110.558365,5735764.722549341,620242.7222668722,-110.558365,30U,-5.992,7.674,0.024,0.03321289882731237,-0.013898303841353236,-2.46164400159345
1439814453645411,51.7598449609,-1.2577147668,110.560013,5735764.141605068,620243.5017158935,-110.560013,30U,-6.011,7.623,-0.083,0.0326570999993598,-0.013010599999425634,-2.4576260071799627
1439814453743911,51.759839541,-1.2577037726,110.569016,5735763.557004416,620244.2748239676,-110.569016,30U,-6.036,7.559,-0.097,0.030288767412680936,-0.01738902808840416,-2.4558979515388417
1439814453842411,51.7598341215,-1.2576928387,110.576355,5735762.972348947,620245.0437698626,-110.576355,30U,-6.023,7.529,-0.055,0.02873453960119498,-0.020087112753867216,-2.454222190482513
1439814453940868,51.759828721,-1.2576819433,110.578346,5735762.389743036,620245.8100085744,-110.578346,30U,-5.998,7.508,0.016,0.028621190250593734,-0.01982480890482772,-2.452093322788652
1439814454039324,51.7598233326,-1.2576710947,110.575386,5735761.808405673,620246.572985653,-110.575386,30U,-5.993,7.47,0.026,0.03278953524615258,-0.017414057555010378,-2.4496409771151297
1439814454145413,51.759817954,-1.2576602974,110.575615,5735761.228073663,620247.3323966617,-110.575615,30U,-5.976,7.441,-0.022,0.03892422441675274,-0.01934494723030905,-2.447192389746352
1439814454251513,51.7598125796,-1.2576495485,110.579086,5735760.648129033,620248.0884566066,-110.579086,30U,-5.989,7.387,-0.032,0.03954602701727177,-0.02367611269326149,-2.444567623833783
1439814454350143,51.7598071883,-1.2576388816,110.581154,5735760.066169924,620248.8389028156,-110.581154,30U,-6.001,7.34,0.0,0.04015141741242435,-0.02615793833571622,-2.441772184041164
1439814454448766,51.7598018023,-1.2576282575,110.576836,5735759.484729752,620249.5863814898,-110.576836,30U,-5.986,7.317,0.074,0.04084706720964718,-0.02661775502245812,-2.4387610981380456
1439814454547163,51.7597964089,-1.2576177065,110.568726,5735758.902346236,620250.3288353734,-110.568726,30U,-6.016,7.246,0.073,0.038358048396883886,-0.02391650024566149,-2.436125130283459
1439814454645559,51.7597910056,-1.2576072311,110.562508,5735758.318737232,620251.0660985801,-110.562508,30U,-5.996,7.225,0.087,0.037001699999839106,-0.020105499999995172,-2.434389507173954
1439814454743971,51.7597856195,-1.2575967893,110.555161,5735757.7369856825,620251.8009975229,-110.555161,30U,-5.991,7.178,0.034,0.03087063876661527,-0.014311849722068408,-2.4328673344983893
1439814454842383,51.7597802354,-1.2575864134,110.55545,5735757.155347993,620252.5313435652,-110.55545,30U,-5.977,7.149,-0.035,0.029018738816885586,-0.011986048835293264,-2.4314402140770444
1439814454940895,51.7597748745,-1.2575760734,110.561546,5735756.5762312,620253.2591506743,-110.561546,30U,-5.955,7.119,-0.073,0.028799443880909874,-0.013836307206868332,-2.4298508771350584
1439814455039411,51.7597695261,-1.2575657882,110.57151,5735755.998414231,620253.9831429912,-110.57151,30U,-5.952,7.076,-0.083,0.02573013939121624,-0.018033407004508614,-2.4286940875501495
1439814455145491,51.7597641741,-1.2575555733,110.579201,5735755.420081104,620254.7022936379,-110.579201,30U,-5.945,7.037,-0.053,0.024014758634810635,-0.020690476139334498,-2.4278368883913735
1439814455251567,51.7597588387,-1.2575453834,110.581581,5735754.843552884,620255.419675091,-110.581581,30U,-5.92,7.027,0.001,0.024783391078146963,-0.02256474633711547,-2.426523927111515
1439814455350026,51.7597535187,-1.257535232,110.579613,5735754.268673859,620256.1343589036,-110.579613,30U,-5.917,6.986,0.028,0.025157467353609908,-0.02386980221968579,-2.4246379580590247
1439814455448486,51.7597482009,-1.2575251403,110.576988,5735753.693941144,620256.844917137,-110.576988,30U,-5.909,6.952,0.045,0.025342013032015172,-0.02378274186476277,-2.4223116936267624
1439814455546957,51.7597428905,-1.2575150905,110.572388,5735753.119962368,620257.5525643493,-110.572388,30U,-5.905,6.923,0.051,0.025137776198177728,-0.023081943162986982,-2.419219605614249
1439814455645427,51.7597375815,-1.2575050938,110.568314,5735752.54605182,620258.2565435704,-110.568314,30U,-5.906,6.885,0.016,0.027644900000677024,-0.02507079999971055,-2.4154875071801722
1439814455743996,51.7597322641,-1.2574951546,110.566925,5735751.971112424,620258.9565771944,-110.566925,30U,-5.921,6.836,0.016,0.03215644876564283,-0.02797667742235709,-2.4109905541202847
1439814455842565,51.7597269353,-1.2574852746,110.564407,5735751.394807754,620259.652555875,-110.564407,30U,-5.933,6.808,0.055,0.0388902987084978,-0.029973331616997712,-2.4059896549539754
1439814455941023,51.7597215875,-1.2574754599,110.55574,5735750.8162825825,620260.3440788463,-110.55574,30U,-5.968,6.742,0.088,0.0398419697750822,-0.029106729533529017,-2.399810777242413
1439814456039478,51.7597162058,-1.2574657337,110.545837,5735750.233841678,620261.0295846639,-110.545837,30U,-5.994,6.695,0.096,0.04043906316644078,-0.0274562070307606,-2.392142348263282
1439814456145686,51.7597108042,-1.2574560711,110.536461,5735749.649082987,620261.7107544786,-110.536461,30U,-6.029,6.64,0.099,0.04385920183049818,-0.026316254288079325,-2.382651110136819
1439814456251890,51.7597053563,-1.2574465114,110.528908,5735749.059005855,620262.3849463442,-110.528908,30U,-6.086,6.558,0.043,0.045797877168262585,-0.02551175378923411,-2.373339541718796
1439814456350267,51.7596998506,-1.2574370785,110.52372,5735748.462291999,620263.0505414777,-110.52372,30U,-6.151,6.472,0.049,0.04687349996672592,-0.024285351115299707,-2.3646730297310046
1439814456448645,51.7596942989,-1.2574277534,110.517258,5735747.860284976,620263.7088197136,-110.517258,30U,-6.199,6.406,0.063,0.044185869244033,-0.01942088549202703,-2.3556033161427403
1439814456547068,51.7596887097,-1.257418522,110.512527,5735747.253953291,620264.3607315078,-110.512527,30U,-6.237,6.342,0.024,0.045381697238385636,-0.015353220999448036,-2.3456776449705705
1439814456645490,51.7596830869,-1.2574093716,110.511513,5735746.643751589,620265.0071429241,-110.511513,30U,-6.273,6.287,-0.027,0.0477277999992235,-0.014585600000593175,-2.335121107174241
1439814456743997,51.7596774144,-1.2574003257,110.51828,5735746.027850693,620265.6464750073,-110.51828,30U,-6.343,6.2,-0.069,0.05044111942905172,-0.02001695842253323,-2.324554224008584
1439814456842503,51.7596716868,-1.2573914015,110.524239,5735745.405621722,620266.2775551304,-110.524239,30U,-6.391,6.127,-0.046,0.0544130570138792,-0.02368885011835985,-2.313074955874186
1439814456941072,51.7596659083,-1.257382585,110.524246,5735744.77755483,620266.9013382748,-110.524246,30U,-6.471,6.043,0.053,0.05351910110586498,-0.021584981162837975,-2.299673923432963
1439814457039643,51.7596600436,-1.2573738957,110.51609,5735744.139692271,620267.5165725467,-110.51609,30U,-6.573,5.96,0.099,0.05251420939325893,-0.015803992665694464,-2.285504623217497
1439814457145735,51.7596540945,-1.2573653337,110.510429,5735743.492234053,620268.1232462601,-110.510429,30U,-6.667,5.864,-0.016,0.053316232882432466,-0.012919761664661173,-2.271514642806863
1439814457251816,51.7596480549,-1.2573569001,110.514076,5735742.834499997,620268.721299715,-110.514076,30U,-6.759,5.786,-0.059,0.05384659291869066,-0.013233982452876285,-2.2584749229121472
1439814457350225,51.7596419316,-1.257348584,110.519684,5735742.167264279,620269.3114670522,-110.519684,30U,-6.854,5.698,-0.028,0.05228192828436919,-0.014342000295368584,-2.2454356214426663
1439814457448635,51.7596357275,-1.257340386,110.522781,5735741.490848403,620269.8936991578,-110.522781,30U,-6.944,5.62,-0.038,0.05009029451365964,-0.01449845727485611,-2.2328380528235816
1439814457547103,51.7596294547,-1.257332295,110.526947,5735740.806616275,620270.4687298902,-110.526947,30U,-7.014,5.553,-0.034,0.049695446633200406,-0.016344767530148928,-2.2207973991513077
1439814457645571,51.7596231162,-1.2573243198,110.530151,5735740.114886987,620271.0359439868,-110.530151,30U,-7.09,5.47,-0.039,0.04959090000077992,-0.01752099999914976,-2.2094393071673877
1439814457744082,51.7596167103,-1.2573164457,110.531593,5735739.4154957365,620271.5963604153,-110.531593,30U,-7.154,5.397,-0.003,0.04906637937194131,-0.017642241897925456,-2.1984129185333736
1439814457842592,51.759610244,-1.257308683,110.530365,5735738.709203978,620272.1492497668,-110.530365,30U,-7.22,5.322,0.017,0.04822501818950041,-0.015539143206817036,-2.1869149971576887
1439814457940985,51.7596037182,-1.2573010351,110.530479,5735737.996106185,620272.6943750147,-110.530479,30U,-7.293,5.238,0.003,0.04749257083898627,-0.015014358103000891,-2.1749496433597977
1439814458039375,51.7595971373,-1.2572935071,110.531624,5735737.276683255,620273.2313725112,-110.531624,30U,-7.353,5.155,-0.019,0.04562094566150675,-0.014487095577615365,-2.1625278960854195
1439814458145528,51.7595904971,-1.2572861211,110.536186,5735736.55043167,620273.7587282903,-110.536186,30U,-7.421,5.05,-0.027,0.04374002944017507,-0.014631558287964041,-2.1501568604171086
1439814458251686,51.7595837941,-1.2572788677,110.53923,5735735.816977711,620274.277100347,-110.53923,30U,-7.483,4.969,-0.024,0.043009869917858976,-0.013786256946196949,-2.1377416167107626
1439814458350169,51.7595770391,-1.2572717497,110.542953,5735735.077517783,620274.7862667497,-110.542953,30U,-7.54,4.87,-0.063,0.04256810888912176,-0.01271519210823645,-2.125616414001174
1439814458448648,51.7595702267,-1.2572647649,110.54834,5735734.331454999,620275.2863936693,-110.54834,30U,-7.605,4.777,-0.047,0.04227492484759625,-0.013218785466162784,-2.1138426741073664
1439814458547053,51.7595633587,-1.2572579095,110.552513,5735733.578995794,620275.777738559,-110.552513,30U,-7.661,4.696,-0.044,0.04461571831510421,-0.013465685060168132,-2.1022294307296745
1439814458645457,51.7595564451,-1.2572511676,110.558197,5735732.821278448,620276.2613721039,-110.558197,30U,-7.716,4.615,-0.066,0.04602839999930259,-0.01456359999970808,-2.090656107168406
1439814458743932,51.7595494667,-1.2572445488,110.562004,5735732.056151968,620276.7366828296,-110.562004,30U,-7.793,4.524,-0.028,0.04934790722333073,-0.015472437305745785,-2.079306551799297
1439814458842408,51.7595424381,-1.2572380456,110.564468,5735731.285252332,620277.2041495092,-110.564468,30U,-7.836,4.458,-0.017,0.05349452080497775,-0.016291069995598453,-2.0677631755747186
1439814458941031,51.7595353622,-1.2572316598,110.566727,5735730.5088990675,620277.6636402154,-110.566727,30U,-7.897,4.364,-0.005,0.055803697374777105,-0.015956679980089098,-2.0555804781940044
1439814459039659,51.7595282327,-1.2572254096,110.56765,5735729.726361558,620278.113915702,-110.56765,30U,-7.955,4.272,-0.001,0.05709533619231169,-0.014710819143451017,-2.0429100719761393
1439814459145773,51.7595210495,-1.2572193051,110.568321,5735728.937612022,620278.554279225,-110.568321,30U,-8.024,4.16,-0.013,0.057402866541837294,-0.013683841146117641,-2.0303325548339655
1439814459251877,51.7595138044,-1.2572133522,110.571442,5735728.141728838,620278.9843454135,-110.571442,30U,-8.085,4.06,-0.035,0.05824528371828882,-0.014242718441655413,-2.0181167748419995
1439814459350337,51.7595065098,-1.2572075401,110.575539,5735727.34010877,620279.4048266213,-110.575539,30U,-8.139,3.957,-0.041,0.058055708220890796,-0.0147932514611564,-2.0060435151555325
1439814459448795,51.7594991659,-1.2572018724,110.579094,5735726.532768122,620279.8154738761,-110.579094,30U,-8.191,3.867,-0.035,0.057931622552445064,-0.014467743569327446,-1.993970295890891
1439814459547181,51.7594917795,-1.2571963374,110.581596,5735725.720482389,620280.2170765252,-110.581596,30U,-8.236,3.778,-0.026,0.05839891389270665,-0.01423477959164123,-1.9816520631519707
1439814459645567,51.7594843567,-1.2571909461,110.584351,5735724.903911785,620280.6088592386,-110.584351,30U,-8.273,3.669,-0.044,0.05847170000078373,-0.013426300000410202,-1.9694110071796043
1439814459743961,51.759476899,-1.2571857095,110.588776,5735724.083204978,620280.9900589101,-110.588776,30U,-8.302,3.553,-0.053,0.05527502490784464,-0.013414781776806151,-1.957280990415607
1439814459842355,51.7594694171,-1.2571806488,110.592987,5735723.259516906,620281.3591840799,-110.592987,30U,-8.323,3.446,-0.038,0.05433326380155444,-0.013153924721940751,-1.9458880109580017
1439814459940809,51.7594619309,-1.2571757428,110.598785,5735722.43509554,620281.7176448746,-110.598785,30U,-8.33,3.323,-0.058,0.04786929880365374,-0.012949953789014852,-1.9349067711817574
1439814460039264,51.759454433,-1.257171023,110.606033,5735721.609065995,620282.063287128,-110.606033,30U,-8.341,3.208,-0.069,0.042378387028412665,-0.015478076906127278,-1.9255790077314325
1439814460145453,51.7594469393,-1.257166427,110.613556,5735720.783299364,620282.400374829,-110.613556,30U,-8.332,3.147,-0.092,0.04032814234550058,-0.020452306615925106,-1.9172865522654674
1439814460251645,51.7594394354,-1.2571619305,110.619499,5735719.956234351,620282.7306231987,-110.619499,30U,-8.348,3.066,-0.029,0.03882321073565466,-0.02405036874636404,-1.9098418816522922
1439814460350162,51.7594319012,-1.2571575239,110.616058,5735719.125651543,620283.0547481532,-110.616058,30U,-8.395,3.017,0.093,0.03869384188051399,-0.021088312915336388,-1.9026217821874523
1439814460448678,51.7594243367,-1.2571531883,110.606979,5735718.291582107,620283.3740539897,-110.606979,30U,-8.43,2.965,0.081,0.03766026140210409,-0.015607651924795187,-1.8958830885126092
1439814460547165,51.7594167415,-1.2571489298,110.601677,5735717.453971499,620283.6881208038,-110.601677,30U,-8.462,2.923,0.015,0.03986524582109001,-0.013073685246379549,-1.88981712967666
1439814460645651,51.7594091231,-1.2571447279,110.604012,5735716.613687578,620283.9983433777,-110.604012,30U,-8.489,2.872,-0.053,0.04000200000030859,-0.013523400000572162,-1.8842937071717312
1439814460744075,51.7594014697,-1.2571406004,110.609695,5735715.76938875,620284.3035246814,-110.609695,30U,-8.522,2.831,-0.052,0.03993239470068806,-0.013817456945833778,-1.8798602939228195
1439814460842499,51.7593937914,-1.25713653,110.613708,5735714.92222673,620284.6048317552,-110.613708,30U,-8.55,2.789,-0.032,0.036679287964310706,-0.014010779574378712,-1.8770573936504995
1439814460940954,51.7593861013,-1.2571324985,110.617073,5735714.073688335,620284.9034857714,-110.617073,30U,-8.546,2.784,-0.084,0.036363530020990124,-0.014500775641080094,-1.8755219614293546
1439814461039409,51.75937841,-1.2571284548,110.62265,5735713.225036634,620285.2029849971,-110.62265,30U,-8.562,2.788,-0.036,0.03710330717316801,-0.016676790200259493,-1.8736169311125044
1439814461145472,51.7593707086,-1.2571244356,110.625641,5735712.375221357,620285.500820401,-110.625641,30U,-8.573,2.768,-0.024,0.03861356791899209,-0.018414482266692886,-1.8721130109157238
1439814461251543,51.7593629895,-1.2571204347,110.62632,5735711.523407565,620285.7974400438,-110.62632,30U,-8.587,2.754,0.008,0.03824164630310529,-0.01980332337988222,-1.8706826149127986
1439814461350113,51.7593552601,-1.2571164544,110.624847,5735710.67041439,620286.0926655345,-110.624847,30U,-8.598,2.743,0.021,0.03727832976968771,-0.01968377133681357,-1.8692040116418431
1439814461448682,51.7593475225,-1.257112481,110.622498,5735709.81649796,620286.3874367375,-110.622498,30U,-8.608,2.744,0.023,0.03764769671747778,-0.019183288529114752,-1.8675330474309777
1439814461547223,51.7593397755,-1.2571085262,110.619354,5735708.961505532,620286.6809494167,-110.619354,30U,-8.622,2.72,0.028,0.03697025736802033,-0.01924705358704831,-1.866224983545
1439814461645764,51.7593320198,-1.2571045947,110.618462,5735708.105507196,620286.9728773611,-110.618462,30U,-8.635,2.712,-0.008,0.036590600000848406,-0.02047589999944285,-1.8650627071685213
1439814461744186,51.7593242464,-1.2571006642,110.617546,5735707.247538876,620287.264783428,-110.617546,30U,-8.647,2.708,0.022,0.03795782088108991,-0.021299457790278493,-1.8638931700827275
1439814461842608,51.7593164639,-1.2570967375,110.614487,5735706.3885523295,620287.5564515305,-110.614487,30U,-8.658,2.708,0.045,0.04033273886730791,-0.02024468183795549,-1.862656218607378
1439814461941010,51.7593086718,-1.2570928281,110.610031,5735705.528469685,620287.8469513546,-110.610031,30U,-8.675,2.688,0.052,0.04073585077531026,-0.01751962700098709,-1.8616722865013995
1439814462039410,51.7593008725,-1.2570889277,110.606415,5735704.667571529,620288.136849308,-110.606415,30U,-8.678,2.698,0.018,0.043019452869773864,-0.014967552102231016,-1.8605197639672586
1439814462145562,51.7592930695,-1.257085023,110.605652,5735703.806269017,620288.4270539328,-110.605652,30U,-8.685,2.687,-0.011,0.04374682348859029,-0.013833013032295548,-1.8591633397653282
1439814462251716,51.7592852516,-1.25708114,110.608452,5735702.943273758,620288.7158007162,-110.608452,30U,-8.695,2.676,-0.039,0.045780546589842354,-0.013604134318864208,-1.8581203078612705
1439814462350166,51.7592774282,-1.2570772614,110.612961,5735702.079659623,620289.0042585592,-110.612961,30U,-8.702,2.673,-0.046,0.04804591991058343,-0.014987509114941504,-1.856991618705637
1439814462448620,51.7592695997,-1.2570734005,110.616798,5735701.215449158,620289.291508558,-110.616798,30U,-8.706,2.659,-0.026,0.04926726472855596,-0.016221464104311308,-1.8559794345012701
1439814462547224,51.7592617689,-1.2570695551,110.618668,5735700.35095737,620289.5776950934,-110.618668,30U,-8.717,2.646,-0.004,0.049307554025946054,-0.014032937939458813,-1.8545020741665414
1439814462645827,51.7592539304,-1.2570657269,110.619713,5735699.4855809435,620289.8627151985,-110.619713,30U,-8.727,2.647,0.006,0.05257389999925233,-0.012468599999357401,-1.8527440071700534
1439814462744214,51.7592460841,-1.2570618967,110.621948,5735698.619340421,620290.1478941443,-110.621948,30U,-8.724,2.634,-0.054,0.05462464316390673,-0.013375440133858694,-1.850415316468332
1439814462842601,51.7592382311,-1.2570581067,110.629906,5735697.752288529,620290.4303167538,-110.629906,30U,-8.741,2.603,-0.084,0.053494748928237634,-0.016423134351198545,-1.848054460570227
1439814462940997,51.7592303651,-1.2570543515,110.635002,5735696.883733573,620290.7103724277,-110.635002,30U,-8.753,2.588,-0.012,0.05370407566751799,-0.01865905863373228,-1.8452767030922321
1439814463039393,51.7592224943,-1.2570506213,110.634239,5735696.014603608,620290.9887156768,-110.634239,30U,-8.76,2.561,0.012,0.053203014314588064,-0.016545685213751982,-1.8423235560465343
1439814463145539,51.7592146146,-1.2570469405,110.632164,5735695.144402444,620291.2636735328,-110.632164,30U,-8.774,2.524,0.026,0.05138743914685257,-0.01194607336381064,-1.8394258812018787
1439814463251692,51.7592067205,-1.2570433011,110.629829,5735694.272531642,620291.5358127,-110.629829,30U,-8.776,2.506,-0.009,0.048734378975722664,-0.006351076899423511,-1.8366999800565014
1439814463350208,51.7591988229,-1.2570396905,110.635956,5735693.400224129,620291.8059737422,-110.635956,30U,-8.786,2.474,-0.1,0.04618003505294588,-0.008275487549510298,-1.8337004195223652
1439814463448720,51.7591909228,-1.2570361218,110.648911,5735692.527569507,620292.0732499588,-110.648911,30U,-8.777,2.459,-0.147,0.04703499337476808,-0.01467552158895072,-1.8313235216398798
1439814463547138,51.7591830214,-1.2570325712,110.662514,5735691.654740476,620292.3392806178,-110.662514,30U,-8.795,2.435,-0.099,0.04616068322966286,-0.02001754527378625,-1.8289964002684085
1439814463645556,51.7591751065,-1.2570290619,110.66391,5735690.780342057,620292.6024970921,-110.66391,30U,-8.811,2.416,0.036,0.04490599999974736,-0.019208000000221916,-1.826794907172897
1439814463744088,51.7591671788,-1.2570255773,110.658577,5735689.90447947,620292.8640430997,-110.658577,30U,-8.815,2.396,0.05,0.045376277169008106,-0.014875369286238537,-1.8252348880797
1439814463842620,51.7591592481,-1.2570221122,110.654984,5735689.028251114,620293.1242514503,-110.654984,30U,-8.821,2.386,0.026,0.04528803294154549,-0.012287637972344003,-1.824827093575488
1439814463941078,51.7591513181,-1.2570186551,110.655884,5735688.152087424,620293.3839059343,-110.655884,30U,-8.814,2.392,-0.05,0.04672671737869813,-0.011593972122297836,-1.8246771632477568
1439814464039533,51.759143391,-1.2570151888,110.661743,5735687.276261417,620293.6441876923,-110.661743,30U,-8.819,2.388,-0.058,0.04506813859841812,-0.012252161369751735,-1.8244867430441623
1439814464145631,51.7591354613,-1.2570117364,110.667801,5735686.400123361,620293.9035171908,-110.667801,30U,-8.822,2.384,-0.057,0.043748363024324846,-0.01260485147662751,-1.824810227690981
1439814464251726,51.7591275256,-1.2570082763,110.673065,5735685.52333078,620294.1633941017,-110.673065,30U,-8.821,2.389,-0.058,0.041268837753749524,-0.012848767074229408,-1.8253066923213908
1439814464350152,51.7591195914,-1.2570048135,110.677795,5735684.646709476,620294.423453436,-110.677795,30U,-8.819,2.395,-0.041,0.040767246962172314,-0.013463466947401711,-1.8260254994717602
1439814464448581,51.7591116683,-1.2570013363,110.681503,5735683.771346325,620294.6844771076,-110.681503,30U,-8.804,2.402,-0.045,0.04046356555583021,-0.012597935145208903,-1.8267659852695024
1439814464547059,51.7591037612,-1.2569978613,110.686172,5735682.897758861,620294.9453065107,-110.686172,30U,-8.784,2.399,-0.041,0.03976323094233851,-0.01399841308236095,-1.827691078434312
1439814464645538,51.7590958773,-1.2569943824,110.690384,5735682.026757827,620295.2063434747,-110.690384,30U,-8.751,2.4,-0.051,0.037999300000847024,-0.016073600000323235,-1.8284022071657173
1439814464743874,51.7590880199,-1.2569908977,110.696617,5735681.158713339,620295.4677103484,-110.696617,30U,-8.718,2.408,-0.051,0.0374913463025584,-0.018566765200517144,-1.8290090762107931
1439814464842210,51.7590801929,-1.2569874122,110.698677,5735680.294050856,620295.7290517127,-110.698677,30U,-8.687,2.398,0.007,0.03676248458787547,-0.019049007781642882,-1.8294057242220978
1439814464940781,51.7590723933,-1.2569839527,110.698761,5735679.432392551,620295.9885260429,-110.698761,30U,-8.658,2.386,-0.007,0.03712809351715475,-0.019262742100367068,-1.8306724998138921
1439814465039359,51.759064623,-1.2569804821,110.698769,5735678.574010913,620296.2486885996,-110.698769,30U,-8.627,2.404,0.005,0.038749335786470426,-0.02023229453114107,-1.8319793108501727
1439814465145482,51.7590568766,-1.2569770036,110.697639,5735677.718300149,620296.5093328984,-110.697639,30U,-8.607,2.401,0.013,0.03785787660336711,-0.02009525916541736,-1.8332661869626299
1439814465251607,51.7590491438,-1.256973516,110.695763,5735676.864116813,620296.7705691298,-110.695763,30U,-8.584,2.416,0.021,0.03666220763817993,-0.01973536421372565,-1.8340335882158054
1439814465350209,51.7590414319,-1.2569700101,110.693642,5735676.012287886,620297.0330127932,-110.693642,30U,-8.566,2.417,0.018,0.036532533853074985,-0.020203395812700174,-1.8343316441135544
1439814465448803,51.7590337359,-1.2569665051,110.692413,5735675.162225667,620297.2953521657,-110.692413,30U,-8.551,2.425,0.012,0.040903935946362005,-0.021147911816494898,-1.8352460311669327
1439814465547157,51.7590260546,-1.2569629963,110.691338,5735674.313804463,620297.5579147884,-110.691338,30U,-8.542,2.411,0.011,0.04107479346646547,-0.021914600970099483,-1.8364227870741392
1439814465645511,51.7590183769,-1.2569595036,110.688385,5735673.465757058,620297.8193568436,-110.688385,30U,-8.54,2.425,0.046,0.042840300000448535,-0.022603200000172748,-1.8378182071675464
1439814465744007,51.7590107001,-1.2569559615,110.683891,5735672.617891233,620298.0842057356,-110.683891,30U,-8.528,2.458,0.035,0.045262855933530965,-0.02253704053900101,-1.8384207559991255
1439814465842503,51.7590030295,-1.2569524023,110.679764,5735671.770743108,620298.35021832,-110.679764,30U,-8.53,2.456,0.057,0.04830800722360395,-0.021954380715123803,-1.8390148508397801
1439814465941042,51.758995363,-1.2569488342,110.674179,5735670.9240656225,620298.6168342861,-110.674179,30U,-8.524,2.471,0.043,0.05166706426298075,-0.020470538520768317,-1.8394699367330443
1439814466039582,51.7589876994,-1.2569452545,110.670364,5735670.077729783,620298.8842431554,-110.670364,30U,-8.521,2.477,0.03,0.06017888663706408,-0.02214028975223827,-1.8392728941917622
1439814466145554,51.7589800438,-1.2569416522,110.667419,5735669.232320886,620299.1531904949,-110.667419,30U,-8.517,2.488,0.031,0.06838305119848123,-0.024488140774481273,-1.8380819570131448
1439814466251527,51.7589723811,-1.2569380814,110.663521,5735668.386070478,620299.419982935,-110.663521,30U,-8.527,2.437,0.054,0.06416430628996996,-0.022559300229170843,-1.835793747425734
1439814466350105,51.7589647006,-1.2569345791,110.654663,5735667.537727625,620299.6820955016,-110.654663,30U,-8.538,2.426,0.122,0.0641280031570398,-0.013898532336368246,-1.8331850747753187
1439814466448675,51.7589570185,-1.2569310618,110.647026,5735666.689231597,620299.9452475696,-110.647026,30U,-8.552,2.412,0.053,0.06420871829939935,-0.005629044642395676,-1.8304386549109366
1439814466546963,51.7589493281,-1.2569276079,110.649971,5735665.839707995,620300.2040464667,-110.649971,30U,-8.559,2.361,-0.11,0.06112730926019276,-0.003323211173984022,-1.8293856587127395
1439814466645252,51.7589416296,-1.256924179,110.663208,5735664.989242398,620300.4611416927,-110.663208,30U,-8.564,2.379,-0.162,0.05696559999946869,-0.00604760000029118,-1.8283794071792068
1439814466743873,51.7589339198,-1.2569207301,110.678383,5735664.137553171,620300.7196472571,-110.678383,30U,-8.576,2.381,-0.129,0.05463915627127811,-0.010527134806888886,-1.8273481929344209
1439814466842493,51.7589261998,-1.2569173006,110.688469,5735663.284697656,620300.9768411929,-110.688469,30U,-8.591,2.356,-0.08,0.05164560687099746,-0.013085121395875523,-1.8272654096816174
1439814466940953,51.7589184679,-1.2569138927,110.694168,5735662.430483167,620301.2325761943,-110.694168,30U,-8.602,2.36,-0.028,0.049257991560366,-0.014449252650641925,-1.8273400579896841
1439814467039407,51.7589107333,-1.2569104587,110.695145,5735661.576011487,620301.4901196455,-110.695145,30U,-8.607,2.374,0.005,0.04737980840596055,-0.013831046801956114,-1.826693361037223
1439814467145492,51.7589029911,-1.2569070274,110.696175,5735660.720690199,620301.7474970453,-110.696175,30U,-8.62,2.368,-0.018,0.04816355600973906,-0.012892918425716342,-1.826192889462463
1439814467251578,51.7588952297,-1.256903602,110.697571,5735659.863224032,620302.0045183926,-110.697571,30U,-8.635,2.362,-0.016,0.04785013239367847,-0.01208711157934194,-1.826002998407791
1439814467350035,51.7588874579,-1.2569001823,110.701447,5735659.00459193,620302.2611740964,-110.701447,30U,-8.649,2.361,-0.047,0.04637122365868775,-0.013535149307514507,-1.8262376797946969
1439814467448498,51.7588796774,-1.2568967539,110.7062,5735658.145006699,620302.5184534036,-110.7062,30U,-8.656,2.374,-0.043,0.04504879924900328,-0.015658911925531007,-1.8262374098795284
1439814467547121,51.7588718894,-1.2568933118,110.709663,5735657.284610028,620302.7766981794,-110.709663,30U,-8.667,2.382,-0.019,0.04555874844680289,-0.01593184408445956,-1.8261456429283727
1439814467645744,51.7588640928,-1.2568898562,110.708961,5735656.423279266,620303.035897548,-110.708961,30U,-8.68,2.387,0.024,0.046135099999755576,-0.012910100000142347,-1.8259370071771601
1439814467744282,51.758856279,-1.2568864086,110.708427,5735655.560022575,620303.294590624,-110.708427,30U,-8.692,2.379,-0.012,0.046866667423328706,-0.010510756375388784,-1.8260720586951913
1439814467842820,51.7588484617,-1.2568829524,110.711014,5735654.696390858,620303.5538865804,-110.711014,30U,-8.691,2.395,-0.051,0.04898650778211583,-0.010589098252192728,-1.8261398294635272
1439814467940985,51.7588406438,-1.2568794891,110.71814,5735653.8327041445,620303.8136741935,-110.71814,30U,-8.697,2.388,-0.08,0.0490489850610781,-0.01297428487433819,-1.8262459418866699
1439814468039138,51.7588328227,-1.256876027,110.724953,5735652.968659603,620304.0733875785,-110.724953,30U,-8.701,2.395,-0.051,0.04879263690900094,-0.014963107579402909,-1.8261159249279464
1439814468145219,51.7588249983,-1.2568725621,110.728622,5735652.104252714,620304.3333030476,-110.728622,30U,-8.71,2.385,-0.027,0.04556315509773156,-0.015306873076048307,-1.825792902304687
1439814468251325,51.7588171595,-1.2568691078,110.729973,5735651.238226982,620304.5925253521,-110.729973,30U,-8.717,2.39,0.002,0.04293493237731954,-0.015732697964152487,-1.8253745307386882
1439814468349884,51.7588093152,-1.256865658,110.730858,5735650.371582205,620304.8514518046,-110.730858,30U,-8.73,2.368,-0.015,0.037651366333316616,-0.01671775698036001,-1.82505290882942
1439814468448440,51.7588014618,-1.2568622359,110.733017,5735649.5038797725,620305.1084909092,-110.733017,30U,-8.737,2.365,-0.02,0.03491536377549809,-0.01853216655962515,-1.8255929054794866
1439814468546948,51.7587936053,-1.2568587951,110.733131,5735648.635863461,620305.3668288478,-110.733131,30U,-8.74,2.385,0.012,0.03297964344247292,-0.019450997982242927,-1.826305420630636
1439814468645455,51.7587857447,-1.2568553407,110.731514,5735647.767413649,620305.6261163203,-110.731514,30U,-8.75,2.39,0.015,0.03223690000025685,-0.019476000000056,-1.8270857071784403
1439814468744052,51.7587778729,-1.2568518627,110.728439,5735646.89775727,620305.8870623156,-110.728439,30U,-8.752,2.412,0.039,0.03247121755757247,-0.018811772663881784,-1.8277173597069085
1439814468842649,51.7587699985,-1.2568483675,110.724884,5735646.02784014,620306.149202301,-110.724884,30U,-8.758,2.415,0.027,0.03122090018675037,-0.016364459739759973,-1.828279743991996
1439814468940989,51.7587621193,-1.256844865,110.722717,5735645.157401276,620306.4118589102,-110.722717,30U,-8.764,2.421,0.024,0.02890977372638404,-0.015007340285922264,-1.8285946045306483
1439814469039322,51.7587542375,-1.2568413581,110.722809,5735644.286680546,620306.6748261638,-110.722809,30U,-8.765,2.423,-0.028,0.027655706313205828,-0.015608970779353797,-1.8290485401123093
1439814469145403,51.7587463557,-1.2568378418,110.726471,5735643.415975337,620306.9384422078,-110.726471,30U,-8.772,2.426,-0.034,0.027383646209783365,-0.017789613833027098,-1.8296509729493065
1439814469251502,51.7587384659,-1.2568343295,110.729202,5735642.544373892,620307.2018035521,-110.729202,30U,-8.769,2.428,-0.009,0.02745426617750849,-0.019817668816963018,-1.8310546739842428
1439814469350124,51.7587305838,-1.256830805,110.728394,5735641.673648872,620307.4659864518,-110.728394,30U,-8.755,2.443,0.019,0.02730930651607124,-0.019684870822683827,-1.8327067039209046
1439814469448741,51.758722718,-1.2568272587,110.726341,5735640.80477249,620307.7316305579,-110.726341,30U,-8.739,2.461,0.021,0.028701325336267045,-0.019664669167172084,-1.8345956772959031
1439814469547197,51.7587148791,-1.2568236728,110.723984,5735639.938952893,620307.9999361021,-110.723984,30U,-8.7,2.488,0.019,0.031243135288721694,-0.020308273919797542,-1.8361684794947009
1439814469645653,51.7587070717,-1.2568200734,110.723434,5735639.076658578,620308.2690896537,-110.723434,30U,-8.67,2.485,0.0,0.033138200000690725,-0.022019699999228235,-1.8379095071733142
1439814469744013,51.7586992847,-1.2568164665,110.722328,5735638.216645256,620308.5387066498,-110.722328,30U,-8.642,2.499,0.021,0.03818446011717946,-0.023466043597382417,-1.8397606640281707
1439814469842372,51.7586915267,-1.2568128345,110.719604,5735637.3598983325,620308.8099788333,-110.719604,30U,-8.611,2.509,0.037,0.04304464915494999,-0.024546930443260118,-1.8417343579190824
1439814469940934,51.7586837959,-1.256809192,110.715858,5735636.506193557,620309.0819034211,-110.715858,30U,-8.583,2.519,0.042,0.04920414225023844,-0.026001687811225915,-1.8440471791971271
1439814470039503,51.7586760986,-1.2568055263,110.710228,5735635.656252475,620309.3553401127,-110.710228,30U,-8.541,2.547,0.078,0.05496833641090242,-0.025665677946911138,-1.8464666581217193
1439814470145527,51.7586684353,-1.2568018441,110.700554,5735634.81011964,620309.6298252016,-110.700554,30U,-8.514,2.534,0.111,0.05251311670370078,-0.017680867718514817,-1.8479351762170322
1439814470251548,51.7586607906,-1.2567981659,110.692009,5735633.966048656,620309.9039848868,-110.692009,30U,-8.479,2.554,0.074,0.05258709409149479,-0.009853534513324718,-1.8488913679202534
1439814470350054,51.7586531898,-1.2567944504,110.691124,5735633.126921173,620310.1806020954,-110.691124,30U,-8.43,2.559,-0.09,0.055300242868264744,-0.008652484612532506,-1.8491678381094125
1439814470448563,51.7586456236,-1.2567907704,110.705681,5735632.291582882,620310.4546774998,-110.705681,30U,-8.4,2.532,-0.168,0.05497356531960296,-0.015903909712790272,-1.85031358412348
1439814470547185,51.758638087,-1.2567871152,110.718407,5735631.459495397,620310.7269628142,-110.718407,30U,-8.365,2.521,-0.07,0.05030612651219588,-0.019805547130062127,-1.8509571892600778
1439814470645806,51.7586305818,-1.2567834752,110.720543,5735630.630874732,620310.9981157647,-110.720543,30U,-8.336,2.509,0.025,0.04607320000066071,-0.015632900000871537,-1.850819307167066
1439814470744337,51.7586231026,-1.2567798366,110.717072,5735629.805143133,620311.2691030662,-110.717072,30U,-8.297,2.517,0.027,0.045089663585258004,-0.010283153371976946,-1.8505752356993446
1439814470842868,51.7586156625,-1.2567762054,110.718452,5735628.983747506,620311.5394758255,-110.718452,30U,-8.25,2.501,-0.062,0.04425855003370703,-0.00868435988354759,-1.8506076945299217
1439814470941173,51.7586082578,-1.2567726044,110.728592,5735628.166238776,620311.8076704093,-110.728592,30U,-8.218,2.478,-0.122,0.042166015986367204,-0.011158942479419712,-1.8511888206317562
1439814471039472,51.7586008876,-1.25676901,110.738815,5735627.35255579,620312.075317886,-110.738815,30U,-8.177,2.485,-0.082,0.04155309185480911,-0.012634892842931062,-1.8517675838893959
1439814471145521,51.758593554,-1.2567654203,110.746086,5735626.542935214,620312.3425437949,-110.746086,30U,-8.139,2.467,-0.084,0.039188634251626185,-0.01143033336426577,-1.852621490641617
1439814471251591,51.7585862451,-1.2567618553,110.752815,5735625.736020699,620312.6079995324,-110.752815,30U,-8.107,2.464,-0.063,0.0373669406873355,-0.010795796729823108,-1.8540413548915033
1439814471350212,51.7585789757,-1.2567582703,110.759148,5735624.933531839,620312.8747305828,-110.759148,30U,-8.06,2.483,-0.074,0.03667293681588244,-0.012379407613051997,-1.8551971722232998
1439814471448826,51.7585717449,-1.2567546808,110.766945,5735624.135342978,620313.141669655,-110.766945,30U,-8.023,2.477,-0.075,0.03656852991277654,-0.014635192985000538,-1.8564701750625987
1439814471547215,51.758564549,-1.2567510929,110.774353,5735623.34103259,620313.4084056123,-110.774353,30U,-7.985,2.478,-0.055,0.036660530394222055,-0.015945950633089647,-1.8576967626506766
1439814471645603,51.7585573866,-1.2567475139,110.777206,5735622.550432942,620313.67443839,-110.777206,30U,-7.95,2.468,-0.011,0.03493539999997668,-0.014514300000231592,-1.858993207164239
1439814471743961,51.7585502574,-1.256743944,110.780098,5735621.7635103455,620313.9397549815,-110.780098,30U,-7.898,2.47,-0.039,0.03424408548018808,-0.014717854572647123,-1.8600622722248863
1439814471842318,51.7585431839,-1.2567403731,110.785355,5735620.982783601,620314.2049925938,-110.785355,30U,-7.83,2.458,-0.05,0.034239415909370234,-0.018777335212872857,-1.8609227008536433
1439814471940788,51.7585361786,-1.2567368242,110.791046,5735620.2096048435,620314.4685307276,-110.791046,30U,-7.747,2.445,-0.075,0.035561964120494546,-0.022274964483354167,-1.8618242226313197
1439814472039261,51.758529249,-1.2567332997,110.795937,5735619.444804163,620314.7301838135,-110.795937,30U,-7.666,2.418,-0.015,0.03552952714318498,-0.02428487230690871,-1.8626234546408877
1439814472145577,51.7585223957,-1.2567298122,110.793884,5735618.688427494,620314.9890807058,-110.793884,30U,-7.576,2.399,0.031,0.03560323982038201,-0.022425808794635883,-1.8634560604175334
1439814472251891,51.7585156198,-1.256726348,110.791611,5735617.940619767,620315.2461639408,-110.791611,30U,-7.49,2.389,0.017,0.03609534859941628,-0.020905051130799494,-1.8639181288495361
1439814472350343,51.7585089158,-1.2567229148,110.790146,5735617.200756642,620315.5009167449,-110.790146,30U,-7.418,2.359,0.003,0.03582818929675761,-0.019803781996559112,-1.8645851732692964
1439814472448796,51.7585022722,-1.2567194984,110.790756,5735616.467582674,620315.7543496566,-110.790756,30U,-7.36,2.362,-0.011,0.037726073827243335,-0.01992712180029433,-1.8651750471533282
1439814472547336,51.7584956781,-1.256716083,110.791786,5735615.739911778,620316.0075820383,-110.791786,30U,-7.318,2.35,-0.011,0.039175393796457465,-0.021286034225636623,-1.8656329078932106
1439814472645876,51.7584891112,-1.2567126963,110.792786,5735615.01521836,620316.2587615378,-110.792786,30U,-7.294,2.331,-0.009,0.039793800000214756,-0.021294000000845175,-1.866708207165226
1439814472744200,51.7584825661,-1.2567093174,110.79332,5735614.292936383,620316.5093448596,-110.79332,30U,-7.258,2.343,-0.003,0.04110778315289724,-0.021075275590312657,-1.8676158871626354
1439814472842524,51.7584760509,-1.2567059274,110.791512,5735613.573997796,620316.7606147962,-110.791512,30U,-7.23,2.342,0.027,0.04245655435483812,-0.02048086019550642,-1.8683801397894806
1439814472941028,51.7584695638,-1.2567025373,110.789429,5735612.858184282,620317.0118170007,-110.789429,30U,-7.201,2.34,0.01,0.044695533523813544,-0.020389492732763293,-1.869271053071991
1439814473039536,51.7584631037,-1.2566991499,110.789474,5735612.1453688955,620317.2627611631,-110.789474,30U,-7.173,2.338,-0.007,0.04729633744805329,-0.021717304877855573,-1.8705966238146434
1439814473145604,51.7584566705,-1.2566957557,110.789482,5735611.435556188,620317.5141031626,-110.789482,30U,-7.138,2.353,0.006,0.0515875351957663,-0.023072083262226383,-1.8722012985355623
1439814473251678,51.7584502612,-1.2566923567,110.788025,5735610.728409239,620317.765712951,-110.788025,30U,-7.114,2.341,0.02,0.05045901637379554,-0.021810092590060202,-1.8730832915798923
1439814473350298,51.7584438729,-1.2566889849,110.786377,5735610.023552764,620318.0153898532,-110.786377,30U,-7.091,2.328,0.019,0.04989858623438766,-0.02058118977909621,-1.8741758419131278
1439814473448913,51.7584375142,-1.2566855889,110.782913,5735609.322027928,620318.266658222,-110.782913,30U,-7.051,2.365,0.04,0.053006767952368083,-0.019682636740154753,-1.8747696012665933
1439814473547365,51.7584311877,-1.2566821745,110.78241,5735608.624114301,620318.5191108766,-110.78241,30U,-7.03,2.339,-0.024,0.054870837693763504,-0.02161298026527856,-1.8754223986509362
1439814473645816,51.7584248759,-1.2566788075,110.784462,5735607.927757222,620318.7682533485,-110.784462,30U,-7.01,2.324,-0.013,0.057015700000278426,-0.024699000000111344,-1.8773122071659816
1439814473744264,51.7584185859,-1.2566754258,110.785995,5735607.233848703,620319.0183524077,-110.785995,30U,-6.978,2.352,0.0,0.06207006928473639,-0.027638093501082914,-1.8786916822280486
1439814473842713,51.7584123262,-1.2566720136,110.782883,5735606.543360059,620319.2704758496,-110.782883,30U,-6.947,2.357,0.055,0.06359284865943848,-0.02784529567026344,-1.880205263485464
1439814473941211,51.7584060822,-1.2566686298,110.775383,5735605.854570517,620319.5205976759,-110.775383,30U,-6.942,2.326,0.085,0.06179605963806748,-0.023527030216810508,-1.8811736293663632
1439814474039712,51.7583998552,-1.2566652359,110.76683,5735605.167688155,620319.7713713944,-110.76683,30U,-6.918,2.358,0.095,0.062107055207923215,-0.017098348608317895,-1.8815683634670637
1439814474145906,51.7583936277,-1.2566618024,110.757446,5735604.480815531,620320.0248793834,-110.757446,30U,-6.93,2.379,0.066,0.06140994453870054,-0.009296433027468996,-1.8810461729278252
1439814474252093,51.7583873815,-1.2566583823,110.756157,5735603.791841255,620320.2775123867,-110.756157,30U,-6.957,2.341,-0.044,0.060753345164022164,-0.006785828958156083,-1.880849207477736
1439814474350463,51.7583811182,-1.2566549831,110.763649,5735603.100930885,620320.5287485583,-110.763649,30U,-6.969,2.365,-0.105,0.05972643586284815,-0.008847193940074733,-1.8815640093767252
1439814474448836,51.7583748453,-1.2566515554,110.775993,5735602.408999966,620320.7819771585,-110.775993,30U,-6.99,2.368,-0.123,0.056707623860115776,-0.013035886706619645,-1.881914496518547
1439814474547323,51.7583685544,-1.2566481331,110.785919,5735601.715058437,620321.0348810097,-110.785919,30U,-7.007,2.368,-0.069,0.05444731141999216,-0.015472217048684843,-1.8823512225254648
1439814474645810,51.7583622509,-1.2566446931,110.788841,5735601.0197449215,620321.2890399348,-110.788841,30U,-7.021,2.384,-0.01,0.0520603000002632,-0.01363670000024348,-1.882791407164095
1439814474744293,51.7583559317,-1.2566412331,110.789108,5735600.322718478,620321.544620905,-110.789108,30U,-7.032,2.399,0.006,0.05097140156079342,-0.011467600590894782,-1.8829518848306552
1439814474842776,51.7583496011,-1.2566377593,110.78904,5735599.624447059,620321.801184613,-110.78904,30U,-7.05,2.403,-0.011,0.05015456146196356,-0.009338375574030413,-1.8833155445308474
1439814474941176,51.7583432587,-1.2566342786,110.792503,5735598.924874804,620322.0582559395,-110.792503,30U,-7.062,2.407,-0.06,0.04911194009948851,-0.009403584418935766,-1.8842513642274406
1439814475039573,51.758336904,-1.2566307851,110.799179,5735598.223955842,620322.3162433862,-110.799179,30U,-7.075,2.418,-0.067,0.04726135731832939,-0.009917334114814831,-1.8852568741182145
1439814475145798,51.7583305365,-1.2566272775,110.807083,5735597.521636713,620322.5752379985,-110.807083,30U,-7.093,2.425,-0.085,0.04405094648941309,-0.011210487939226672,-1.8863078195894465
1439814475252025,51.7583241521,-1.2566237553,110.812805,5735596.8174623,620322.8352851821,-110.812805,30U,-7.101,2.447,-0.046,0.042317609234138916,-0.011539348835441509,-1.887099766315464
1439814475350466,51.7583177602,-1.2566202047,110.81752,5735596.112500707,620323.097312318,-110.81752,30U,-7.116,2.456,-0.051,0.039644360989649505,-0.01083263292644939,-1.8875401376868708
1439814475448906,51.7583113533,-1.2566166548,110.822174,5735595.405869876,620323.3593310893,-110.822174,30U,-7.136,2.453,-0.035,0.036155027422691895,-0.009898248944680261,-1.8883611266392817
1439814475547331,51.7583049327,-1.2566130904,110.826027,5735594.697739456,620323.6223870264,-110.826027,30U,-7.147,2.476,-0.055,0.03581484600853469,-0.010380916972500454,-1.8888816196887424
1439814475645755,51.758298503,-1.2566094905,110.832008,5735593.988655639,620323.8879171568,-110.832008,30U,-7.162,2.491,-0.058,0.0371874000006144,-0.013804600000588241,-1.8891146071637963
1439814475744196,51.7582920553,-1.2566058849,110.838173,5735593.277579528,620324.1538885785,-110.838173,30U,-7.179,2.491,-0.069,0.03822204589781289,-0.015931674028303897,-1.8886778880858353
1439814475842636,51.7582855881,-1.2566022924,110.84375,5735592.564313295,620324.4190078495,-110.84375,30U,-7.205,2.477,-0.032,0.036391731642710465,-0.01649322620672663,-1.8880340886068256
1439814475941076,51.7582791028,-1.2565987107,110.844231,5735591.849016426,620324.6834299758,-110.844231,30U,-7.214,2.477,0.016,0.0351734125345105,-0.015187565960269576,-1.8878159636750032
1439814476039517,51.758272624,-1.2565951087,110.843544,5735591.1344759,620324.9492358397,-110.843544,30U,-7.198,2.491,-0.011,0.035550256118514284,-0.013576597873537728,-1.887467162416519
1439814476145674,51.7582661595,-1.2565915108,110.846123,5735590.421518874,620325.2147208073,-110.846123,30U,-7.185,2.475,-0.036,0.03554525379020257,-0.013201221785058309,-1.8875103200979573
1439814476251833,51.7582597059,-1.2565879383,110.850235,5735589.709732104,620325.4784239538,-110.850235,30U,-7.158,2.467,-0.047,0.036005423801398234,-0.013556846226739005,-1.888020083892921
1439814476350300,51.7582532842,-1.2565843717,110.855095,5735589.001483095,620325.7416351908,-110.855095,30U,-7.125,2.461,-0.054,0.0360640068441376,-0.014405518551528605,-1.88883841369659
1439814476448769,51.7582468917,-1.2565808122,110.860222,5735588.296469606,620326.0042788814,-110.860222,30U,-7.092,2.463,-0.045,0.03662384145800609,-0.01550523600603349,-1.8904651740233034
1439814476547297,51.7582405309,-1.256577245,110.864494,5735587.594994075,620326.2673697586,-110.864494,30U,-7.061,2.465,-0.026,0.03589638618373962,-0.015572385044456495,-1.8920921512769897
1439814476645825,51.7582342001,-1.2565736795,110.867516,5735586.896851939,620326.5302636276,-110.867516,30U,-7.029,2.459,-0.033,0.034294300000776684,-0.015193800000595677,-1.8936811071786928
1439814476743957,51.758227895,-1.2565701149,110.870209,5735586.201566332,620326.7930271295,-110.870209,30U,-6.992,2.474,-0.02,0.03467899739188151,-0.015360845585477104,-1.8950006721212158
1439814476842090,51.7582216243,-1.2565665295,110.872726,5735585.510140549,620327.0571347002,-110.872726,30U,-6.958,2.477,-0.033,0.03453552903400494,-0.015755346539859598,-1.8957242727311097
1439814476940692,51.7582153772,-1.2565629593,110.876595,5735584.821314171,620327.3201306107,-110.876595,30U,-6.943,2.459,-0.038,0.033722798000484965,-0.016600516018511043,-1.8962678734686278
1439814477039311,51.7582091444,-1.2565594049,110.880539,5735584.134051988,620327.5819981747,-110.880539,30U,-6.927,2.456,-0.036,0.03375323441159273,-0.018358197096521433,-1.8964743406307913
1439814477145601,51.7582029248,-1.2565558461,110.883186,5735583.448264999,620327.8441343664,-110.883186,30U,-6.914,2.457,-0.02,0.033446227894716844,-0.020720024458851002,-1.896321110723203
1439814477251878,51.7581967066,-1.2565522958,110.884193,5735582.76261969,620328.1056802968,-110.884193,30U,-6.911,2.457,-0.006,0.03480939221787902,-0.022827869606021477,-1.8963929330465044
1439814477350271,51.7581904915,-1.2565487422,110.883858,5735582.0773245795,620328.3674457931,-110.883858,30U,-6.913,2.452,0.016,0.03376130923322762,-0.023695409283855003,-1.896207007467159
1439814477448667,51.7581842766,-1.2565452047,110.881241,5735581.392025157,620328.6280997237,-110.881241,30U,-6.912,2.443,0.041,0.03394897296503085,-0.023360289450192282,-1.8961520720944887
1439814477547157,51.7581780675,-1.2565416551,110.876228,5735580.707390711,620328.8895733501,-110.876228,30U,-6.903,2.461,0.062,0.03583421899044423,-0.02161329785586123,-1.8958398877738982
1439814477645647,51.758171866,-1.2565380921,110.870766,5735580.023623551,620329.1519516039,-110.870766,30U,-6.901,2.451,0.041,0.03690549999964989,-0.019990500000763193,-1.8953503071758437
1439814477744111,51.7581656591,-1.2565345668,110.867706,5735579.3391936915,620329.4117425109,-110.867706,30U,-6.901,2.43,0.025,0.0371693290849414,-0.01961126114958326,-1.8957775117833733
1439814477842575,51.7581594587,-1.2565310383,110.86586,5735578.655491966,620329.6717370425,-110.86586,30U,-6.891,2.452,0.013,0.038445540944198914,-0.01890422334602654,-1.896121477362819
1439814477940996,51.7581532608,-1.2565274892,110.865158,5735577.972102256,620329.933146649,-110.865158,30U,-6.903,2.449,0.008,0.03789549232686919,-0.017578846505963457,-1.8967194666439
1439814478039416,51.7581470486,-1.2565239352,110.864357,5735577.287130393,620330.1949325004,-110.864357,30U,-6.918,2.467,0.014,0.0388216441176461,-0.016403308609937085,-1.898210108654984
1439814478145577,51.7581408226,-1.2565203468,110.862602,5735576.600680654,620330.4591291337,-110.862602,30U,-6.933,2.492,0.01,0.04034904613475309,-0.01564342798748986,-1.9000523439277566
1439814478251742,51.7581345789,-1.256516728,110.862442,5735575.912312733,620330.7254708699,-110.862442,30U,-6.953,2.513,-0.008,0.04162462666304162,-0.015127003249900869,-1.902316206974953
1439814478350223,51.7581283203,-1.2565130701,110.864365,5735575.222352365,620330.9945506749,-110.864365,30U,-6.969,2.543,-0.022,0.043834198751524917,-0.015357086545948707,-1.9044262386566482
1439814478448703,51.7581220466,-1.2565093741,110.865974,5735574.530775654,620331.2663000677,-110.865974,30U,-6.989,2.559,-0.008,0.04422394220889251,-0.015920175481541832,-1.9062897984494878
1439814478547179,51.758115754,-1.2565056558,110.866783,5735573.837133952,620331.5396387563,-110.866783,30U,-7.008,2.583,-0.003,0.04549000117373192,-0.016805407579456113,-1.9083019342294658
1439814478645654,51.7581094484,-1.2565018922,110.867332,5735573.142121324,620331.8161383431,-110.867332,30U,-7.022,2.614,-0.003,0.04659119999912871,-0.017005899999624288,-1.909773307177289
1439814478744083,51.7581031232,-1.2564981006,110.867638,5735572.444975265,620332.0946224595,-110.867638,30U,-7.045,2.628,-0.004,0.04926209079947219,-0.016771699155966404,-1.9111123922312323
1439814478842512,51.7580967793,-1.2564942838,110.867378,5735571.745791241,620332.3748954794,-110.867378,30U,-7.066,2.643,0.016,0.051751150260953775,-0.017188021783963,-1.9120002352701493
1439814478940781,51.7580904194,-1.2564904518,110.866547,5735571.044853012,620332.6562601004,-110.866547,30U,-7.08,2.65,-0.004,0.05397547802964921,-0.017408343163779778,-1.9122589104138676
1439814479039045,51.758084055,-1.2564866157,110.867233,5735570.343421131,620332.9379197094,-110.867233,30U,-7.073,2.657,-0.021,0.05712061623932928,-0.0182690021428367,-1.9124109895735204
1439814479145344,51.758077703,-1.2564827714,110.867737,5735569.643381755,620333.2201123267,-110.867737,30U,-7.06,2.649,0.001,0.058558262010100094,-0.018397554101856967,-1.912124004299217
1439814479251659,51.7580713594,-1.2564789525,110.867073,5735568.944234621,620333.5005297654,-110.867073,30U,-7.04,2.63,0.006,0.058467989685612065,-0.0173604953410728,-1.912227111998426
1439814479350197,51.7580650427,-1.2564751518,110.866684,5735568.248048918,620333.7796197297,-110.866684,30U,-7.008,2.632,0.017,0.06069430920834191,-0.015534055537140889,-1.9120779861976671
1439814479448731,51.7580587563,-1.2564713439,110.866615,5735567.555244663,620334.0591260989,-110.866615,30U,-6.985,2.62,-0.021,0.05992074839676625,-0.014708784124449776,-1.9114256866161339
1439814479547199,51.7580524897,-1.2564675767,110.869148,5735566.86457515,620334.335771085,-110.869148,30U,-6.954,2.596,-0.017,0.05992666586752729,-0.016872095095229026,-1.9110986205187834
1439814479645666,51.7580462559,-1.256463831,110.871918,5735566.1775177475,620334.6108451668,-110.871918,30U,-6.912,2.573,-0.06,0.05708679999987036,-0.017908100000030902,-1.9104387071652813
1439814479744175,51.7580400631,-1.2564601286,110.878151,5735565.494948372,620334.8828220672,-110.878151,30U,-6.857,2.548,-0.053,0.05619565819616487,-0.020905718179931643,-1.9100046561023345
1439814479842684,51.7580339293,-1.2564564641,110.88015,5735564.818877646,620335.1520265955,-110.88015,30U,-6.785,2.518,-0.005,0.055281683921880966,-0.02250645043070866,-1.9097555380848945
1439814479941150,51.7580278666,-1.2564528467,110.879921,5735564.150635989,620335.4177916625,-110.879921,30U,-6.704,2.481,-0.007,0.052409201587254185,-0.02291417685660825,-1.909594994828861
1439814480039614,51.7580218774,-1.2564492958,110.880226,5735563.490458284,620335.6787720416,-110.880226,30U,-6.621,2.435,0.003,0.048972610203502416,-0.02167836618081785,-1.9097354657862053
1439814480145747,51.7580159672,-1.2564457693,110.877579,5735562.839025626,620335.9378585384,-110.877579,30U,-6.53,2.434,0.039,0.04887541062707063,-0.018947634672674643,-1.909519618194898
1439814480251858,51.758010127,-1.2564422675,110.875404,5735562.195336664,620336.1950543757,-110.875404,30U,-6.462,2.408,0.014,0.04840288924713517,-0.016645651882303762,-1.9094862862110025
1439814480349979,51.758004342,-1.2564388134,110.875633,5735561.5577075975,620336.4488116087,-110.875633,30U,-6.405,2.373,-0.026,0.04830541095558448,-0.015941032520405,-1.9101980621104941
1439814480448116,51.7579986113,-1.2564353871,110.878906,5735560.926071174,620336.700505981,-110.878906,30U,-6.342,2.365,-0.036,0.047906415141332925,-0.015572311032024236,-1.9106326494607597
1439814480546732,51.7579929391,-1.2564319765,110.883278,5735560.3009144245,620336.9509613784,-110.883278,30U,-6.279,2.341,-0.054,0.04590693587997054,-0.015039579262609517,-1.9108652866307798
1439814480645348,51.7579873244,-1.2564286022,110.888275,5735559.682092153,620337.1987587962,-110.888275,30U,-6.211,2.326,-0.023,0.04529369999944678,-0.015250000000444963,-1.9112672071770342
1439814480743948,51.7579817707,-1.2564252566,110.890457,5735559.07000612,620337.4444134234,-110.890457,30U,-6.139,2.302,-0.023,0.04581940431232942,-0.013935226815749924,-1.911315954729188
1439814480842547,51.7579762787,-1.2564219509,110.893654,5735558.464715691,620337.6871504552,-110.893654,30U,-6.076,2.269,-0.046,0.044559422924284664,-0.013457798859756166,-1.9120671888578762
1439814480941038,51.7579708486,-1.2564186847,110.89814,5735557.866243768,620337.9269969639,-110.89814,30U,-6.001,2.25,-0.046,0.04378615694594355,-0.013491593670062533,-1.9127032518857239
1439814481039525,51.7579654887,-1.2564154389,110.902939,5735557.275544871,620338.1652490213,-110.902939,30U,-5.923,2.23,-0.059,0.042496756288027175,-0.013369577482144122,-1.9128082478915576
1439814481145660,51.7579601967,-1.2564122366,110.909439,5735556.692325117,620338.4003185483,-110.909439,30U,-5.849,2.2,-0.059,0.04206124821025851,-0.014600471589866264,-1.9133164878919113
1439814481251796,51.7579549695,-1.2564090679,110.914391,5735556.1162561,620338.632897011,-110.914391,30U,-5.776,2.181,-0.04,0.040535395652828196,-0.015079493685965563,-1.9136932996777616
1439814481350325,51.7579498073,-1.256405939,110.918968,5735555.547349832,620338.8625559976,-110.918968,30U,-5.704,2.151,-0.054,0.0399609869515296,-0.016107522661233296,-1.913907143159849
1439814481448851,51.7579447109,-1.2564028445,110.924294,5735554.985704182,620339.0896660459,-110.924294,30U,-5.633,2.127,-0.051,0.04043139265730844,-0.01799908078158759,-1.9144713676851934
1439814481547263,51.7579396808,-1.2563997724,110.928856,5735554.431394559,620339.31505398,-110.928856,30U,-5.558,2.118,-0.039,0.04200202466135426,-0.02010266993465043,-1.9150736061099647
1439814481645676,51.7579347171,-1.2563967225,110.932198,5735553.88443241,620339.5387333338,-110.932198,30U,-5.486,2.094,-0.031,0.04348679999948498,-0.021647399999450253,-1.9154006071763474
1439814481744102,51.7579298077,-1.2563937288,110.934563,5735553.343416041,620339.7583898432,-110.934563,30U,-5.429,2.054,-0.013,0.04389289359307484,-0.02228606263413253,-1.916243665380817
1439814481842528,51.7579249514,-1.2563907637,110.93512,5735552.808257542,620339.9759314508,-110.93512,30U,-5.371,2.056,-0.001,0.04453749978071851,-0.022158224003394858,-1.9168858394696016
1439814481940998,51.757920133,-1.2563877937,110.933678,5735552.277321856,620340.1937104944,-110.933678,30U,-5.346,2.048,0.029,0.044260594936507816,-0.02181270523275871,-1.9168604363070585
1439814482039470,51.7579153357,-1.2563848377,110.930527,5735551.748709528,620340.4104673025,-110.930527,30U,-5.325,2.035,0.022,0.04477954171151785,-0.020577663461770278,-1.9171011926265853
1439814482145603,51.7579105608,-1.2563818907,110.929283,5735551.222573381,620340.6265434802,-110.929283,30U,-5.297,2.04,0.01,0.046075983093959286,-0.019541426393271298,-1.9176901925195409
1439814482251735,51.7579058101,-1.2563789403,110.929398,5735550.6991340425,620340.8427900014,-110.929398,30U,-5.272,2.041,-0.016,0.049526763184225026,-0.01859566316672113,-1.9176428955628884
1439814482350190,51.7579010797,-1.2563760066,110.930206,5735550.177924646,620341.057830076,-110.930206,30U,-5.254,2.012,-0.004,0.04964352137927624,-0.01836366149551662,-1.9179558277919702
1439814482448647,51.7578963679,-1.2563731157,110.929596,5735549.658713074,620341.2698669899,-110.929596,30U,-5.224,1.993,0.006,0.049893378637902615,-0.017076946691624885,-1.9189081828426162
1439814482547156,51.7578916979,-1.2563702272,110.929337,5735549.144145971,620341.4816271749,-110.929337,30U,-5.162,1.999,-0.007,0.050372051680368825,-0.016101653789165272,-1.9193319187304307
1439814482645665,51.7578870864,-1.2563673491,110.931587,5735548.636067283,620341.6925141264,-110.931587,30U,-5.097,1.974,-0.035,0.050833399999994436,-0.01711450000040758,-1.9193208071790144
1439814482744028,51.7578825329,-1.2563645142,110.934326,5735548.134367283,620341.9002655508,-110.934326,30U,-5.028,1.948,-0.02,0.051696779996224435,-0.018090077372336644,-1.9198160222234928
1439814482842390,51.7578780403,-1.2563617208,110.936539,5735547.639371278,620342.1049910586,-110.936539,30U,-4.96,1.923,-0.023,0.0517049584310757,-0.018454290640352925,-1.9204268773562345
1439814482940893,51.7578736098,-1.2563589451,110.939552,5735547.151251982,620342.3083299629,-110.939552,30U,-4.896,1.907,-0.031,0.05090952608008388,-0.019215321066512744,-1.9202603226277517
1439814483039400,51.7578692326,-1.256356211,110.942108,5735546.668991344,620342.5086562525,-110.942108,30U,-4.843,1.872,-0.021,0.05029342776882973,-0.01930158599810114,-1.9204650030614536
1439814483145606,51.7578648979,-1.2563535105,110.942879,5735546.191401542,620342.7065507459,-110.942879,30U,-4.803,1.867,-0.0,0.05057778223330263,-0.018998201266315948,-1.9211378280989626
1439814483251805,51.7578605945,-1.2563508052,110.942871,5735545.71730042,620342.9046933136,-110.942871,30U,-4.766,1.872,0.002,0.051411270122041386,-0.019288366525280685,-1.9212632712478486
1439814483350214,51.7578563185,-1.2563481153,110.942291,5735545.246220947,620343.1017002652,-110.942291,30U,-4.745,1.849,0.006,0.05241469357641419,-0.018584060507578527,-1.9213999997829445
1439814483448625,51.7578520623,-1.2563454579,110.942833,5735544.777289741,620343.2964116877,-110.942833,30U,-4.722,1.827,-0.014,0.051988599485235536,-0.018019555588108586,-1.9221739319011013
1439814483547091,51.7578478314,-1.2563428103,110.945015,5735544.311155887,620343.4903795484,-110.945015,30U,-4.689,1.837,-0.026,0.053539356025334835,-0.018033078620809852,-1.9229269073622368
1439814483645557,51.7578436309,-1.2563401441,110.946075,5735543.848433401,620343.6855502534,-110.946075,30U,-4.661,1.837,0.008,0.05435639999956527,-0.016926700000277673,-1.9230616071789701
1439814483743989,51.7578394485,-1.2563375046,110.944901,5735543.387679702,620343.8788302221,-110.944901,30U,-4.639,1.814,0.009,0.05443548829434911,-0.01511009398174476,-1.923340465589411
1439814483842421,51.7578352866,-1.2563348955,110.945518,5735542.929155572,620344.0699577236,-110.945518,30U,-4.616,1.799,-0.008,0.0537874085157762,-0.01477966641690681,-1.9239838094851267
1439814483940880,51.7578311495,-1.2563322892,110.946533,5735542.473384747,620344.2608260822,-110.946533,30U,-4.587,1.806,-0.013,0.05217423219135084,-0.014315194732846318,-1.9243859665234953
1439814484039339,51.7578270374,-1.2563296758,110.948303,5735542.0204058,620344.4521179933,-110.948303,30U,-4.56,1.806,-0.02,0.052447329177428635,-0.015056545493076421,-1.9242072389437848
1439814484145640,51.7578229499,-1.2563270674,110.951309,5735541.570154285,620344.6429994626,-110.951309,30U,-4.537,1.79,-0.042,0.051649944396415765,-0.016154723598596973,-1.9242331678867648
1439814484251931,51.7578188759,-1.2563244988,110.955276,5735541.121338385,620344.8310983544,-110.955276,30U,-4.519,1.771,-0.038,0.05103613052043962,-0.017074105063473847,-1.9249215481014192
1439814484350235,51.7578148242,-1.2563219362,110.958557,5735540.674992494,620345.0187239067,-110.958557,30U,-4.489,1.778,-0.024,0.05081628366772119,-0.01801480559600947,-1.9253914517876731
1439814484448543,51.7578107982,-1.2563193721,110.960686,5735540.231507083,620345.2063846762,-110.960686,30U,-4.468,1.764,-0.022,0.04968960620301788,-0.01794424410030494,-1.9252944497737863
1439814484547003,51.7578067889,-1.2563168287,110.961571,5735539.789844669,620345.392572505,-110.961571,30U,-4.45,1.752,-0.007,0.04878311198579302,-0.01832735918289122,-1.9253240696692555
1439814484645462,51.7578028001,-1.2563143027,110.961723,5735539.350433279,620345.5775050311,-110.961723,30U,-4.427,1.74,0.009,0.04779350000072431,-0.01830079999977281,-1.92519230717184
1439814484743997,51.7577988288,-1.2563117965,110.961609,5735538.912935332,620345.7610245992,-110.961609,30U,-4.403,1.733,-0.003,0.04625390154426456,-0.016774165868195492,-1.9247590100911305
1439814484842531,51.7577948781,-1.2563092979,110.962204,5735538.477715699,620345.9439649261,-110.962204,30U,-4.382,1.724,-0.009,0.04581448452936468,-0.015785502312495616,-1.9241066046204718
1439814484940794,51.7577909503,-1.2563068136,110.964203,5735538.0450191,620346.1258575073,-110.964203,30U,-4.357,1.709,-0.024,0.04391851385886885,-0.015599520830254556,-1.9241130762140715
1439814485039047,51.7577870418,-1.2563043526,110.965561,5735537.614430342,620346.3060907987,-110.965561,30U,-4.337,1.697,-0.004,0.042456968821666254,-0.014222827126628626,-1.924506292628814
1439814485145280,51.7577831552,-1.2563018942,110.965034,5735537.186272713,620346.4860864535,-110.965034,30U,-4.308,1.702,-0.016,0.041092817952889715,-0.012732164728353748,-1.924977211363654
1439814485251531,51.7577792901,-1.2562994459,110.967834,5735536.760489361,620346.6653279401,-110.967834,30U,-4.278,1.687,-0.033,0.03982337155704493,-0.01342928474905056,-1.9259198172843517
1439814485350073,51.7577754497,-1.2562970119,110.970978,5735536.337429214,620346.8435168937,-110.970978,30U,-4.262,1.681,-0.034,0.03769009954401485,-0.012287749662944155,-1.9276103510867215
1439814485448616,51.7577716267,-1.2562945792,110.973709,5735535.916301916,620347.0215698925,-110.973709,30U,-4.24,1.688,-0.03,0.03661143786377909,-0.011555033584085078,-1.9302473492091659
1439814485547190,51.7577678265,-1.2562921299,110.977516,5735535.497737517,620347.2007079126,-110.977516,30U,-4.216,1.695,-0.041,0.03568979251313083,-0.012063166433440105,-1.9342046518574045
1439814485645764,51.7577640466,-1.2562896664,110.980942,5735535.081454044,620347.3807719675,-110.980942,30U,-4.195,1.707,-0.026,0.03497119999986204,-0.012024400000399558,-1.9396168071790578
1439814485744266,51.7577602846,-1.2562871804,110.983459,5735534.667198295,620347.5623412505,-110.983459,30U,-4.175,1.729,-0.022,0.033437865100736694,-0.011809017581225342,-1.9465288879180864
1439814485842767,51.7577565455,-1.2562846709,110.988037,5735534.255527954,620347.7454714762,-110.988037,30U,-4.143,1.743,-0.088,0.030777858491258577,-0.013511749011517245,-1.955710203757936
1439814485941209,51.7577528363,-1.2562821166,110.9953,5735533.847256608,620347.9316140133,-110.9953,30U,-4.107,1.791,-0.048,0.029282385230781586,-0.016103212862115482,-1.9673537139024777
1439814486039649,51.7577491687,-1.2562794864,110.998528,5735533.443736693,620348.122884057,-110.998528,30U,-4.053,1.84,-0.018,0.02819703945787346,-0.016120275464427698,-1.9815063311090353
1439814486145647,51.7577455524,-1.2562767795,110.999771,5735533.046048229,620348.3193110263,-110.999771,30U,-3.997,1.892,-0.019,0.027044724705179938,-0.01533212989447888,-1.9987852090545561
1439814486251648,51.7577419865,-1.2562739989,111.002403,5735532.654086178,620348.5206902752,-111.002403,30U,-3.936,1.957,-0.025,0.02664454716339844,-0.015576613909166235,-2.0188683553138236
1439814486350135,51.7577384807,-1.2562710992,111.003784,5735532.269004159,620348.7301292074,-111.003784,30U,-3.867,2.046,-0.003,0.026388764618426628,-0.01511447955782271,-2.039767915406668
1439814486448622,51.757735034,-1.2562680759,111.003403,5735531.890698391,620348.9479410405,-111.003403,30U,-3.802,2.128,0.009,0.02704634622775611,-0.014016371556942223,-2.0603038340380104
1439814486547134,51.7577316512,-1.2562649412,111.003113,5735531.519682534,620349.173271053,-111.003113,30U,-3.731,2.192,-0.005,0.02663606142842578,-0.012382507326530187,-2.0814432136449055
1439814486645646,51.7577283281,-1.2562617285,111.004532,5735531.15543441,620349.4038253777,-111.004532,30U,-3.662,2.24,-0.021,0.024338699999388144,-0.010312599999884587,-2.104995607180137
1439814486744061,51.7577250788,-1.256258434,111.00721,5735530.799528295,620349.6398287707,-111.00721,30U,-3.573,2.31,-0.031,0.01958935218681728,-0.007572986277303859,-2.132008849030641
1439814486842476,51.7577219154,-1.2562550348,111.010559,5735530.453347577,620349.8828294617,-111.010559,30U,-3.469,2.386,-0.031,0.013808066788224051,-0.005724247333525038,-2.1635446728968195
1439814486941038,51.7577188595,-1.2562514946,111.013466,5735530.119354208,620350.1352751888,-111.013466,30U,-3.333,2.501,-0.025,0.011287157022662336,-0.004250830612128931,-2.199460224452064
1439814487039605,51.7577159314,-1.2562477753,111.014984,5735529.799868548,620350.3997413762,-111.014984,30U,-3.187,2.625,-0.015,0.010755863259688933,-0.0023680273128847246,-2.2381425653126836
1439814487145914,51.7577131363,-1.2562438975,111.017662,5735529.495434878,620350.6747925258,-111.017662,30U,-3.05,2.716,-0.053,0.00907843842810853,0.0008458590722015433,-2.2792652970744887
1439814487252213,51.7577104673,-1.2562399,111.024727,5735529.205221853,620350.957769276,-111.024727,30U,-2.892,2.813,-0.087,0.008798928063888014,0.00070708988941759,-2.3247322989224206
1439814487350624,51.7577079511,-1.256235745,111.034706,5735528.9322610535,620351.2512093275,-111.034706,30U,-2.719,2.921,-0.104,0.006889545897702094,-0.0016122132081108785,-2.3731702867565216
1439814487449028,51.757705601,-1.2562314257,111.043259,5735528.678042749,620351.5555466014,-111.043259,30U,-2.527,3.032,-0.061,0.005526247831704669,-0.0034822741988254783,-2.4242354730209295
1439814487547239,51.7577034185,-1.2562269522,111.048447,5735528.442717079,620351.8700800771,-111.048447,30U,-2.35,3.14,-0.05,0.004535029911595343,-0.0011781807905168068,-2.4769834086225373
1439814487645450,51.7577013987,-1.2562222926,111.053741,5735528.225791779,620352.1970242984,-111.053741,30U,-2.165,3.282,-0.052,0.004398899999998292,0.0022923000003867897,-2.5308317071747117
1439814487744063,51.7576995483,-1.2562174439,111.058754,5735528.028016884,620352.5365684897,-111.058754,30U,-1.982,3.421,-0.045,0.008898196061432254,0.006177831208652632,-2.5855085405055975
1439814487842675,51.757697862,-1.2562123892,111.063332,5735527.848830888,620352.8898930624,-111.063332,30U,-1.797,3.557,-0.059,0.012970225413030976,0.008013178949684575,-2.64194837351741
1439814487941040,51.7576963357,-1.2562071301,111.068581,5735527.6877752105,620353.2568984956,-111.068581,30U,-1.618,3.704,-0.035,0.014943305359943778,0.008721232131694902,-2.6993184701621287
1439814488039397,51.7576949729,-1.256201661,111.072502,5735527.5452483175,620353.6379619536,-111.072502,30U,-1.424,3.853,-0.03,0.014644921547989593,0.008384207672579358,-2.75710714311742
1439814488145620,51.7576938043,-1.2561959816,111.076157,5735527.424664737,620354.0330225034,-111.076157,30U,-1.213,3.983,-0.065,0.011632323531750227,0.007988142487798713,-2.8144755574218188
1439814488251844,51.7576928179,-1.2561901352,111.085403,5735527.324618547,620354.4391237826,-111.085403,30U,-1.002,4.104,-0.131,0.010988967856807651,0.005829859313175622,-2.872328145678222
1439814488350225,51.7576920409,-1.2561841013,111.100243,5735527.248168386,620354.8576082289,-111.100243,30U,-0.746,4.237,-0.152,0.012182640462036523,0.0021109378304624343,-2.9297417010911277
1439814488448608,51.7576914969,-1.2561778672,111.113045,5735527.197959686,620355.2892895495,-111.113045,30U,-0.498,4.373,-0.095,0.015351549324835803,-0.00018772023858309113,-2.9853250365490713
1439814488547053,51.7576911541,-1.256171447,111.118446,5735527.170432819,620355.733279211,-111.118446,30U,-0.29,4.491,-0.021,0.019685053450446098,-0.0004432830274034552,-3.0409099279156826
1439814488645497,51.7576910062,-1.2561648468,111.118217,5735527.164877126,620356.1891729813,-111.118217,30U,-0.059,4.618,0.009,0.020895099999933563,0.0009745999997652526,-3.096110007168952
1439814488744014,51.7576910819,-1.2561580924,111.119331,5735527.184441652,620356.6551139991,-111.119331,30U,0.205,4.724,-0.037,0.022675582944173937,0.001044767723010593,3.1350271118832853
1439814488842531,51.7576913935,-1.2561511928,111.125183,5735527.230479387,620357.1304484317,-111.125183,30U,0.454,4.817,-0.083,0.023719270543996994,-0.001111484579513561,3.0863161513776736
1439814488941006,51.7576919136,-1.2561441523,111.133575,5735527.299936185,620357.6149523755,-111.133575,30U,0.687,4.914,-0.08,0.026067153418498846,-0.005354817243213289,3.0404230452231515
1439814489039479,51.7576926449,-1.256136978,111.141022,5735527.39310059,620358.10812865,-111.141022,30U,0.918,5.001,-0.052,0.027320820409513415,-0.010287507005038924,2.998367491830256
1439814489145623,51.7576935772,-1.2561296792,111.14315,5735527.508822953,620358.6093625491,-111.14315,30U,1.14,5.079,-0.004,0.027792326257406304,-0.01195675167912809,2.961747280880496
1439814489251774,51.7576947098,-1.2561222837,111.144928,5735527.646979555,620359.1167373635,-111.144928,30U,1.356,5.146,-0.044,0.03148932785857371,-0.013407921700839993,2.9304661812317727
1439814489350363,51.7576960106,-1.2561147794,111.149323,5735527.804020645,620359.6311735025,-111.149323,30U,1.519,5.229,-0.031,0.03741493948276811,-0.018183362295683916,2.9033811595602264
1439814489448945,51.7576974553,-1.2561071534,111.149689,5735527.977265204,620360.1536258496,-111.149689,30U,1.679,5.311,0.028,0.04222782438360163,-0.022434418584121117,2.8811426771304847
1439814489547269,51.7576990263,-1.2560994022,111.141838,5735528.164761782,620360.684382746,-111.141838,30U,1.8,5.394,0.09,0.04460537087232504,-0.023310578856773272,2.864022343520641
1439814489645592,51.7577006938,-1.2560915339,111.136444,5735528.363183063,620361.2229644253,-111.136444,30U,1.904,5.475,0.011,0.04463280000084647,-0.025821500000051397,2.849928300000113
1439814489744190,51.7577024567,-1.2560835489,111.13427,5735528.572406069,620361.7693462025,-111.13427,30U,2.003,5.559,0.043,0.04449966823154646,-0.028940456892141444,2.8374148257094576
1439814489842788,51.7577043181,-1.2560754471,111.126534,5735528.792775704,620362.3235267317,-111.126534,30U,2.127,5.638,0.111,0.046098627287144645,-0.028267804811525278,2.82637013150898
1439814489941070,51.7577062764,-1.256067226,111.114502,5735529.024118165,620362.885682795,-111.114502,30U,2.222,5.721,0.117,0.04837580447207516,-0.02699345292870765,2.816969272266337
1439814490039342,51.7577083151,-1.2560588794,111.102379,5735529.2646087855,620363.4562861484,-111.102379,30U,2.306,5.81,0.128,0.05111738615810727,-0.026658199577357156,2.808877184396337
1439814490145443,51.7577104244,-1.256050406,111.090118,5735529.513159893,620364.035452564,-111.090118,30U,2.385,5.893,0.108,0.054277640791847895,-0.0264640721041903,2.802109662425343
1439814490251564,51.7577126085,-1.2560418139,111.082047,5735529.770225189,620364.6226118633,-111.082047,30U,2.46,5.976,0.055,0.057080733919559486,-0.028144595404829133,2.797409963049781
1439814490350176,51.7577148434,-1.2560330892,111.075096,5735530.033158666,620365.2187871481,-111.075096,30U,2.497,6.075,0.086,0.05697772675480572,-0.029841057183096875,2.7946293648040825
1439814490448778,51.7577171139,-1.256024224,111.064842,5735530.300283029,620365.8245640392,-111.064842,30U,2.549,6.167,0.108,0.058224035381843335,-0.03006974389809319,2.793343973041794
1439814490547101,51.7577194281,-1.2560152231,111.053261,5735530.572491133,620366.4395897314,-111.053261,30U,2.592,6.262,0.12,0.05907829673435403,-0.03098347391878427,2.7931136027350774
1439814490645424,51.7577217717,-1.2560060825,111.04007,5735530.848199332,620367.064178302,-111.04007,30U,2.615,6.362,0.13,0.05848430000040212,-0.030769099999721074,2.7929621000000804
1439814490744029,51.7577241435,-1.255996802,111.027954,5735531.127274511,620367.698346742,-111.027954,30U,2.65,6.454,0.125,0.05893547175021831,-0.031087617203869294,2.792499744477124
1439814490842634,51.7577265509,-1.2559873895,111.015518,5735531.410526565,620368.3415301668,-111.015518,30U,2.694,6.546,0.135,0.058746584090569154,-0.030818560086032544,2.792642572745969
1439814490941050,51.7577289893,-1.2559778416,111.000908,5735531.697449557,620368.9939754494,-111.000908,30U,2.725,6.639,0.14,0.05830538368427696,-0.02903588702759761,2.793433194547173
1439814491039460,51.7577314489,-1.2559681565,110.987556,5735531.986956642,620369.655832874,-110.987556,30U,2.747,6.734,0.132,0.05898174624412575,-0.02819156294803859,2.7948068162391864
1439814491145605,51.7577339314,-1.2559583382,110.974045,5735532.2792302715,620370.3268218645,-110.974045,30U,2.772,6.826,0.13,0.058376113326746956,-0.02757811956532006,2.796566441821678
1439814491251752,51.7577364316,-1.2559483852,110.962379,5735532.573694655,620371.0070597667,-110.962379,30U,2.781,6.919,0.115,0.05625579364644202,-0.02740396500481318,2.79827512639377
1439814491350188,51.7577389406,-1.2559382954,110.951889,5735532.869363522,620371.6967151754,-110.951889,30U,2.797,7.014,0.093,0.05469665683638077,-0.027333622036548308,2.800258518457998
1439814491448628,51.7577414709,-1.2559280763,110.941322,5735533.167614582,620372.3952372475,-110.941322,30U,2.831,7.096,0.112,0.05551014578785507,-0.027844307157663013,2.8024533664672004
1439814491547171,51.7577440206,-1.2559177376,110.929039,5735533.468220534,620373.1019616048,-110.929039,30U,2.831,7.183,0.129,0.05456493767723613,-0.026646580494666294,2.805050134883032
1439814491645714,51.7577465597,-1.2559072772,110.919098,5735533.767848659,620373.81711296,-110.919098,30U,2.82,7.268,0.09,0.052556699999385406,-0.02646259999925139,2.8068098999993603
1439814491744197,51.7577491103,-1.2558967012,110.908112,5735534.068946553,620374.5402115559,-110.908112,30U,2.845,7.329,0.11,0.05058616911108113,-0.0267703801560075,2.808161999804239
1439814491842680,51.7577516813,-1.2558860459,110.897865,5735534.372444042,620375.268728548,-110.897865,30U,2.864,7.382,0.089,0.050034350742107186,-0.02767938759325003,2.809665820974528
1439814491941142,51.7577542605,-1.2558753111,110.888985,5735534.676984744,620376.0027101829,-110.888985,30U,2.867,7.44,0.096,0.049970229877861656,-0.02942941097284478,2.8109430781219467
1439814492039604,51.7577568397,-1.2558644955,110.878319,5735534.981658913,620376.7422679855,-110.878319,30U,2.867,7.493,0.113,0.050208771514194214,-0.0300980725274232,2.812006883280337
1439814492145665,51.7577594271,-1.2558536075,110.866982,5735535.287364581,620377.4868004362,-110.866982,30U,2.886,7.543,0.118,0.05064445278622054,-0.031856479531502724,2.81308148896898
1439814492251728,51.757762024,-1.2558426419,110.85405,5735535.594254899,620378.2366629441,-110.85405,30U,2.882,7.599,0.14,0.048806910068506744,-0.0340767519055081,2.8141376314757105
1439814492350223,51.7577646191,-1.2558315929,110.839706,5735535.901082815,620378.9922858363,-110.839706,30U,2.892,7.657,0.149,0.04767825399209828,-0.03417140871873396,2.814931854852837
1439814492448719,51.7577672354,-1.2558204606,110.823387,5735536.210405905,620379.7536010396,-110.823387,30U,2.925,7.718,0.19,0.04865187823238394,-0.030644097258491855,2.8155194580094065
1439814492547253,51.7577698728,-1.2558092379,110.803535,5735536.522224775,620380.52109881,-110.803535,30U,2.942,7.781,0.202,0.05060747738911445,-0.023986653470456733,2.8158779802160083
1439814492645787,51.7577725186,-1.2557979255,110.786804,5735536.835125948,620381.2947646144,-110.786804,30U,2.952,7.841,0.13,0.050625099999515775,-0.018861100000450343,2.8159459999991947
1439814492744188,51.757775189,-1.2557865289,110.777382,5735537.150901895,620382.0741757924,-110.777382,30U,2.98,7.893,0.062,0.051369786998498965,-0.017434165786537916,2.8162261636366637
1439814492842588,51.7577778773,-1.2557750558,110.774429,5735537.4687948255,620382.8588187617,-110.774429,30U,2.994,7.948,0.016,0.05138829998338223,-0.018581727066945792,2.8166039598999135
1439814492941001,51.7577805741,-1.2557635019,110.77317,5735537.787766499,620383.6490152779,-110.77317,30U,3.004,8.005,0.016,0.05019276979281452,-0.020026843618350672,2.816738747897662
1439814493039413,51.7577832828,-1.2557518798,110.770142,5735538.108174224,620384.4438867322,-110.770142,30U,3.025,8.044,0.045,0.04999448058728228,-0.020676438943107566,2.817114628958763
1439814493145568,51.7577860041,-1.2557401972,110.765236,5735538.430083137,620385.242899862,-110.765236,30U,3.025,8.09,0.063,0.04908979423445651,-0.021043318534914156,2.81781987516788
1439814493251726,51.7577887344,-1.2557284504,110.758705,5735538.753099006,620386.0463195877,-110.758705,30U,3.04,8.128,0.074,0.049877106549313835,-0.020924725709094438,2.8185990364617726
1439814493350202,51.7577914718,-1.2557166456,110.752609,5735539.077000305,620386.8537230828,-110.752609,30U,3.037,8.173,0.041,0.04823349629563891,-0.020602894843772326,2.819569195905843
1439814493448680,51.7577942044,-1.2557047731,110.74691,5735539.400479693,620387.6658114238,-110.74691,30U,3.043,8.219,0.059,0.047600832942281034,-0.01994647188522941,2.8202734079078944
1439814493547206,51.7577969481,-1.2556928432,110.741371,5735539.725288351,620388.4818314838,-110.741371,30U,3.059,8.257,0.043,0.04683997018117581,-0.020689138243233745,2.8211839991720917
1439814493645732,51.757799695,-1.2556808537,110.736488,5735540.050551384,620389.3019561036,-110.736488,30U,3.054,8.3,0.039,0.04514620000081128,-0.021656099999768533,2.821896800000479
1439814493744202,51.7578014405,-1.2556702107,110.81488,5735540.262229988,620390.0318182698,-110.81488,30U,3.07,8.34,0.053,0.04379921925710085,-0.02230567233679385,2.7108138287382277
1439814493842672,51.7578034329,-1.2556590012,110.838814,5735540.502300633,620390.8001194921,-110.838814,30U,3.07,8.373,0.079,0.043727206034921764,-0.021821363149698066,2.73725016017437
1439814493941047,51.7578054514,-1.2556476452,110.854713,5735540.745515709,620391.5784616196,-110.854713,30U,3.081,8.401,0.069,0.04385030649991133,-0.022561008346257853,2.7482047851700333
1439814494039419,51.7578082226,-1.2556354163,110.847626,5735541.073876742,620392.4150429532,-110.847626,30U,3.077,8.432,0.056,0.04389053127073365,-0.024401939524721288,2.748848765589072
1439814494145577,51.7578109932,-1.2556231298,110.841515,5735541.402266276,620393.2556009239,-110.841515,30U,3.085,8.454,0.064,0.0429449923870602,-0.027044753510093913,2.749576029912101
1439814494251744,51.7578138319,-1.2556109406,110.834312,5735541.73806848,620394.0892626852,-110.834312,30U,3.081,8.467,0.086,0.042087641838425394,-0.029511196382517584,2.7506136911046926
1439814494350248,51.75781667,-1.2555987343,110.824043,5735542.073832327,620394.9241060574,-110.824043,30U,3.074,8.468,0.119,0.04185399902888925,-0.03014873211569771,2.7518413128631845
1439814494448751,51.7578194902,-1.2555864921,110.812187,5735542.407664984,620395.7614745011,-110.812187,30U,3.054,8.469,0.134,0.039892518061964984,-0.029933152100817564,2.7529209772787087
1439814494547254,51.757822272,-1.2555742341,110.800087,5735542.737253546,620396.6000353865,-110.800087,30U,3.034,8.451,0.13,0.03878650409307342,-0.028740937440671382,2.753642564433144
1439814494645756,51.7578250189,-1.2555619767,110.791107,5735543.06296016,620397.4386475941,-110.791107,30U,3.025,8.432,0.099,0.03739010000048696,-0.028375100000669118,2.7543664999996462
1439814494744222,51.7578277383,-1.2555498133,110.783997,5735543.385453571,620398.2708456339,-110.783997,30U,3.015,8.417,0.105,0.03671317996153113,-0.027925979080791866,2.7542923321597788
1439814494842687,51.7578304392,-1.2555376274,110.778038,5735543.705926947,620399.104645574,-110.778038,30U,3.013,8.408,0.098,0.03572768104381229,-0.026964773760469355,2.7534865824031245
1439814494941106,51.7578331307,-1.2555254117,110.771866,5735544.025404322,620399.9405270014,-110.771866,30U,3.026,8.404,0.116,0.0364351349757506,-0.025158696590747417,2.7524500557740303
1439814495039524,51.7578358377,-1.2555131445,110.764366,5735544.34669055,620400.7799212604,-110.764366,30U,3.048,8.406,0.093,0.038027225101327326,-0.023515152177873193,2.7517548351445447
1439814495145638,51.7578385567,-1.2555008114,110.757858,5735544.669420185,620401.6238314454,-110.757858,30U,3.053,8.418,0.077,0.039872781203341014,-0.02281849998395573,2.750793088403889
1439814495251756,51.7578412924,-1.255488525,110.753151,5735544.993930011,620402.464474199,-110.753151,30U,3.068,8.428,0.054,0.041611747604474454,-0.024209850145825815,2.7498514888557466
1439814495350242,51.7578440436,-1.2554761869,110.747162,5735545.320249027,620403.3086435824,-110.747162,30U,3.083,8.439,0.064,0.04104281396962345,-0.025585581279425323,2.7489482225185076
1439814495448726,51.7578468058,-1.255463793,110.739182,5735545.647883574,620404.1566345183,-110.739182,30U,3.081,8.461,0.09,0.03882015632219721,-0.02489021751374162,2.748533401671284
1439814495547168,51.7578495614,-1.2554513782,110.729401,5735545.974818806,620405.0060852745,-110.729401,30U,3.105,8.487,0.122,0.03841204472482098,-0.021155592869161258,2.747790521986921
1439814495645610,51.7578523064,-1.255438957,110.721443,5735546.300585964,620405.8560058065,-110.721443,30U,3.11,8.513,0.075,0.03654499999990238,-0.016725800000350597,2.7471061999996262
1439814495743897,51.7578550345,-1.2554266076,110.720383,5735546.624355347,620406.7010160655,-110.720383,30U,3.12,8.545,0.017,0.0333580849469654,-0.015291784163612748,2.7457546200393197
1439814495842184,51.757857758,-1.2554142412,110.72522,5735546.9476413885,620407.547211676,-110.72522,30U,3.161,8.558,-0.03,0.033390132131166476,-0.017445693129487308,2.745357841053272
1439814495940782,51.7578604789,-1.2554018441,110.733002,5735547.270689123,620408.3955327948,-110.733002,30U,3.177,8.588,-0.018,0.034596376341252136,-0.021337514272248545,2.7460801503376855
1439814496039391,51.7578632122,-1.2553893447,110.736511,5735547.595284852,620409.250880837,-110.736511,30U,3.163,8.625,0.029,0.03606747485699454,-0.023696774965597446,2.747506422129334
1439814496145374,51.7578659608,-1.2553767312,110.733795,5735547.921770557,620410.114062438,-110.733795,30U,3.157,8.663,0.089,0.035192340394628936,-0.024441933051635025,2.7486224589638693
1439814496251348,51.7578687323,-1.255364129,110.726295,5735548.250784378,620410.9764031642,-110.726295,30U,3.15,8.692,0.101,0.03456997790819382,-0.02348331661833458,2.7495357679378407
1439814496349822,51.7578715229,-1.2553514474,110.717987,5735548.582053475,620411.8441725895,-110.717987,30U,3.158,8.715,0.09,0.03374373692670598,-0.022559421674416186,2.7506404789660857
1439814496448301,51.7578741933,-1.2553387795,110.717972,5735548.899933117,620412.7113162073,-110.717972,30U,3.148,8.736,0.073,0.03278152229993034,-0.022125539896189848,2.742249570295575
1439814496546909,51.7578766173,-1.2553261821,110.734138,5735549.190295299,620413.5742498385,-110.734138,30U,3.145,8.754,0.059,0.031837540394812,-0.022789611486162938,2.715392098764908
1439814496645517,51.7578790041,-1.2553135035,110.752678,5735549.476654819,620414.4428861844,-110.752678,30U,3.141,8.77,0.06,0.02995650000028535,-0.024085699999681534,2.6846733999993533
1439814496744056,51.7578813618,-1.2553008979,110.771942,5735549.759657866,620415.3065619187,-110.771942,30U,3.138,8.788,0.068,0.027330809091138195,-0.025204305180458696,2.6501937856300444
1439814496842596,51.7578837177,-1.2552882044,110.789154,5735550.042606018,620416.1763085779,-110.789154,30U,3.132,8.81,0.084,0.026612747493065234,-0.026655918863121127,2.6156541983198114
1439814496941051,51.7578862147,-1.2552753642,110.795349,5735550.341487731,620417.0558039326,-110.795349,30U,3.138,8.824,0.098,0.02679849480971654,-0.027635906844385598,2.600002042099557
1439814497039503,51.7578888409,-1.2552623975,110.791519,5735550.654946301,620417.9436855733,-110.791519,30U,3.126,8.837,0.117,0.02269787121061961,-0.025883114171810658,2.599802471995141
1439814497145696,51.7578914767,-1.2552493623,110.785362,5735550.969585707,620418.8362689451,-110.785362,30U,3.14,8.826,0.117,0.021332414830326593,-0.023187059209075937,2.5995377469450784
1439814497251884,51.7578941334,-1.2552364104,110.778961,5735551.286411951,620419.7230478383,-110.778961,30U,3.143,8.814,0.078,0.02133916568882415,-0.020220264124960058,2.599267539393465
1439814497350250,51.7578967884,-1.2552233988,110.777115,5735551.603147872,620420.6139512118,-110.777115,30U,3.116,8.79,0.032,0.021158425269756538,-0.019975361479088977,2.5978352433326135
1439814497448620,51.7578994419,-1.2552103537,110.776001,5735551.9197724555,620421.5071703986,-110.776001,30U,3.124,8.758,0.011,0.020069309908550017,-0.0207927371793237,2.595873169227761
1439814497547123,51.7579020671,-1.2551973074,110.776161,5735552.233252045,620422.4005475884,-110.776161,30U,3.146,8.717,0.02,0.019730934892715324,-0.022753435397494366,2.594077599763931
1439814497645626,51.7579046595,-1.255184254,110.776146,5735552.543095952,620423.294501931,-110.776146,30U,3.148,8.704,0.024,0.016464299999350014,-0.02403830000053535,2.5926175000007206
1439814497744134,51.7579072247,-1.2551712904,110.774857,5735552.849766937,620424.1823311894,-110.774857,30U,3.145,8.69,0.07,0.011402315543168956,-0.02667564007835901,2.5913025206263183
1439814497842642,51.7579097414,-1.2551583128,110.771553,5735553.151067696,620425.0712555655,-110.771553,30U,3.155,8.676,0.072,0.008460724392261983,-0.026710241677584085,2.5902439700888196
1439814497941049,51.7579122269,-1.2551453087,110.76693,5735553.448942733,620425.9620916923,-110.76693,30U,3.148,8.684,0.13,0.006823624562272186,-0.025160587525837587,2.58892237818199
1439814498039453,51.757914724,-1.255132278,110.757935,5735553.748151845,620426.8547325953,-110.757935,30U,3.141,8.684,0.094,0.003794686419273809,-0.022014559959202554,2.586856268695287
1439814498145663,51.7579172215,-1.2551192371,110.752525,5735554.047422443,620427.7480762627,-110.752525,30U,3.174,8.663,0.061,0.005667542512897575,-0.02010943637719288,2.5850545177674293
1439814498251873,51.7579192406,-1.2551058645,110.761345,5735554.294039846,620428.6655842657,-110.761345,30U,3.119,8.666,0.037,0.010171807819927279,-0.017515329031710943,2.567502684750298
1439814498350267,51.7579205006,-1.255092291,110.805229,5735554.4565725,620429.5989766346,-110.805229,30U,2.973,8.753,-0.005,0.010625389543063905,-0.010363855605881349,2.397864417354342
1439814498448665,51.7579204221,-1.2550783591,110.912605,5735554.470847597,620430.5606645852,-110.912605,30U,2.66,8.954,-0.065,0.004303205412253866,0.003928852090206774,1.9547006397867048
1439814498547189,51.7579198761,-1.2550642813,111.041313,5735554.433374882,620431.5336654265,-111.041313,30U,2.286,9.194,-0.097,-0.0052004165582905885,0.020356120566152602,1.4247562597793244
1439814498645713,51.7579207418,-1.2550504832,111.098335,5735554.552430329,620432.4836071301,-111.098335,30U,2.114,9.325,-0.057,-0.010325800000066577,0.026799500000683298,1.204868500000729
